ID da Ordem,Etapa,Código do Status,Modificado por,SLA,Data do Evento,Data Início Execução,Data Final Execução,Prazo Máximo,Duração Total,Duração Útil,Status SLA,Excedido Total (min),Excedido Útil (min)
1874881,📍 Definir Unidade de Atendimento,1,-,-,2025-08-08 13:06:41,08/08/2025 13:06,08/08/2025 13:51,-,0.03 dias,-,-,-,-
1874881,🔍 Análise SPC (Serasa / SPC Brasil),2,comercialdigital@bancodovale.com.br,-,2025-08-08 13:51:00,08/08/2025 13:51,08/08/2025 15:06,-,0.05 dias,-,-,-,-
1870178,📍 Definir Unidade de Atendimento,1,-,-,2025-08-05 16:19:22,05/08/2025 16:19,05/08/2025 16:46,-,0.02 dias,-,-,-,-
1870178,🔍 Análise SPC (Serasa / SPC Brasil),2,comercialdigital@bancodovale.com.br,-,2025-08-05 16:46:25,05/08/2025 16:46,05/08/2025 16:46,-,0.0 dias,-,-,-,-
1870178,📍 Definir Unidade de Atendimento,1,comercialdigital@bancodovale.com.br,-,2025-08-05 16:46:30,05/08/2025 16:46,05/08/2025 16:47,-,0.0 dias,-,-,-,-
1870178,🔍 Análise SPC (Serasa / SPC Brasil),2,comercialdigital@bancodovale.com.br,-,2025-08-05 16:47:06,05/08/2025 16:47,06/08/2025 09:02,-,0.68 dias,-,-,-,-
1874978,📍 Definir Unidade de Atendimento,1,-,-,2025-08-08 13:54:19,08/08/2025 13:54,08/08/2025 13:56,-,0.0 dias,-,-,-,-
1874896,📍 Definir Unidade de Atendimento,1,-,-,2025-08-08 13:17:18,08/08/2025 13:17,08/08/2025 13:51,-,0.02 dias,-,-,-,-
1873009,📍 Definir Unidade de Atendimento,1,-,-,2025-08-06 17:43:56,06/08/2025 17:43,07/08/2025 10:23,-,0.69 dias,-,-,-,-
1873009,🔍 Análise SPC (Serasa / SPC Brasil),2,comercialdigital@bancodovale.com.br,-,2025-08-07 10:23:46,07/08/2025 10:23,07/08/2025 10:33,-,0.01 dias,-,-,-,-
1873009,🕵️ Análise Agente de Crédito,4,comercialdigital@bancodovale.com.br,-,2025-08-07 10:33:30,07/08/2025 10:33,07/08/2025 11:20,-,0.03 dias,-,-,-,-
1875281,📍 Definir Unidade de Atendimento,1,-,-,2025-08-08 15:56:40,08/08/2025 15:56,08/08/2025 16:43,-,0.03 dias,-,-,-,-
1875281,🔍 Análise SPC (Serasa / SPC Brasil),2,comercialdigital@bancodovale.com.br,-,2025-08-08 16:43:03,08/08/2025 16:43,08/08/2025 17:06,-,0.02 dias,-,-,-,-
1874808,📍 Definir Unidade de Atendimento,1,-,-,2025-08-08 12:22:58,08/08/2025 12:22,08/08/2025 13:50,-,0.06 dias,-,-,-,-
1874808,🔍 Análise SPC (Serasa / SPC Brasil),2,comercialdigital@bancodovale.com.br,-,2025-08-08 13:50:00,08/08/2025 13:50,08/08/2025 15:03,-,0.05 dias,-,-,-,-
1874808,🕵️ Análise Agente de Crédito,4,comercialdigital@bancodovale.com.br,-,2025-08-08 15:03:28,08/08/2025 15:03,08/08/2025 15:28,-,0.02 dias,-,-,-,-
1874708,📍 Definir Unidade de Atendimento,1,-,-,2025-08-08 11:31:07,08/08/2025 11:31,08/08/2025 12:21,-,0.03 dias,-,-,-,-
1874326,📍 Definir Unidade de Atendimento,1,-,-,2025-08-07 21:13:12,07/08/2025 21:13,08/08/2025 09:21,-,0.51 dias,-,-,-,-
1874326,🔍 Análise SPC (Serasa / SPC Brasil),2,comercialdigital@bancodovale.com.br,-,2025-08-08 09:21:16,08/08/2025 09:21,08/08/2025 10:14,-,0.04 dias,-,-,-,-
1874224,📍 Definir Unidade de Atendimento,1,-,-,2025-08-07 18:16:27,07/08/2025 18:16,08/08/2025 09:13,-,0.62 dias,-,-,-,-
1874224,🔍 Análise SPC (Serasa / SPC Brasil),2,comercialdigital@bancodovale.com.br,-,2025-08-08 09:13:41,08/08/2025 09:13,08/08/2025 13:47,-,0.19 dias,-,-,-,-
1874004,📍 Definir Unidade de Atendimento,1,-,-,2025-08-07 16:05:46,07/08/2025 16:05,07/08/2025 17:07,-,0.04 dias,-,-,-,-
1874004,🔍 Análise SPC (Serasa / SPC Brasil),2,comercialdigital@bancodovale.com.br,-,2025-08-07 17:07:03,07/08/2025 17:07,08/08/2025 09:00,-,0.66 dias,-,-,-,-
1874004,🕵️ Análise Agente de Crédito,4,comercialdigital@bancodovale.com.br,-,2025-08-08 09:00:39,08/08/2025 09:00,08/08/2025 12:09,-,0.13 dias,-,-,-,-
1869201,📍 Definir Unidade de Atendimento,1,-,-,2025-08-05 07:06:39,05/08/2025 07:06,05/08/2025 09:34,-,0.1 dias,-,-,-,-
1869201,🔍 Análise SPC (Serasa / SPC Brasil),2,comercialdigital@bancodovale.com.br,-,2025-08-05 09:34:50,05/08/2025 09:34,05/08/2025 10:55,-,0.06 dias,-,-,-,-
1851994,📍 Definir Unidade de Atendimento,1,-,-,2025-07-23 14:57:41,23/07/2025 14:57,23/07/2025 15:08,-,0.01 dias,-,-,-,-
1851994,🔍 Análise SPC (Serasa / SPC Brasil),2,comercialdigital@bancodovale.com.br,-,2025-07-23 15:08:27,23/07/2025 15:08,23/07/2025 15:19,-,0.01 dias,-,-,-,-
1851994,🕵️ Análise Agente de Crédito,4,comercialdigital@bancodovale.com.br,-,2025-07-23 15:19:42,23/07/2025 15:19,30/07/2025 15:27,-,7.01 dias,-,-,-,-
1829926,📍 Definir Unidade de Atendimento,1,-,-,2025-07-14 09:32:36,14/07/2025 09:32,14/07/2025 09:44,-,0.01 dias,-,-,-,-
1829926,🔍 Análise SPC (Serasa / SPC Brasil),2,comercialdigital@bancodovale.org.br,-,2025-07-14 09:44:41,14/07/2025 09:44,15/07/2025 17:29,-,1.32 dias,-,-,-,-
1829926,🕵️ Análise Agente de Crédito,4,rio@bancodovale.org.br,-,2025-07-15 17:29:35,15/07/2025 17:29,07/08/2025 16:25,-,22.96 dias,-,-,-,-
1876276,📍 Definir Unidade de Atendimento,1,-,-,2025-08-10 21:14:30,10/08/2025 21:14,10/08/2025 21:21,-,0.0 dias,-,-,-,-
1875450,📍 Definir Unidade de Atendimento,1,-,-,2025-08-08 17:20:46,08/08/2025 17:20,08/08/2025 17:22,-,0.0 dias,-,-,-,-
1875381,📍 Definir Unidade de Atendimento,1,-,-,2025-08-08 16:40:45,08/08/2025 16:40,08/08/2025 16:41,-,0.0 dias,-,-,-,-
1875373,📍 Definir Unidade de Atendimento,1,-,-,2025-08-08 16:37:20,08/08/2025 16:37,08/08/2025 16:38,-,0.0 dias,-,-,-,-
1875351,📍 Definir Unidade de Atendimento,1,-,-,2025-08-08 16:26:26,08/08/2025 16:26,08/08/2025 17:09,-,0.03 dias,-,-,-,-
1875351,🔍 Análise SPC (Serasa / SPC Brasil),2,comercialdigital@bancodovale.com.br,-,2025-08-08 17:09:20,08/08/2025 17:09,08/08/2025 17:31,-,0.02 dias,-,-,-,-
1875316,📍 Definir Unidade de Atendimento,1,-,-,2025-08-08 16:12:26,08/08/2025 16:12,08/08/2025 17:08,-,0.04 dias,-,-,-,-
1875272,📍 Definir Unidade de Atendimento,1,-,-,2025-08-08 15:53:17,08/08/2025 15:53,08/08/2025 15:55,-,0.0 dias,-,-,-,-
1875232,📍 Definir Unidade de Atendimento,1,-,-,2025-08-08 15:34:23,08/08/2025 15:34,08/08/2025 15:35,-,0.0 dias,-,-,-,-
1875218,📍 Definir Unidade de Atendimento,1,-,-,2025-08-08 15:29:40,08/08/2025 15:29,08/08/2025 15:30,-,0.0 dias,-,-,-,-
1875204,📍 Definir Unidade de Atendimento,1,-,-,2025-08-08 15:22:12,08/08/2025 15:22,08/08/2025 15:22,-,0.0 dias,-,-,-,-
1875180,📍 Definir Unidade de Atendimento,1,-,-,2025-08-08 15:14:01,08/08/2025 15:14,08/08/2025 15:14,-,0.0 dias,-,-,-,-
1875158,📍 Definir Unidade de Atendimento,1,-,-,2025-08-08 15:07:22,08/08/2025 15:07,08/08/2025 15:08,-,0.0 dias,-,-,-,-
1875060,📍 Definir Unidade de Atendimento,1,-,-,2025-08-08 14:35:08,08/08/2025 14:35,08/08/2025 14:55,-,0.01 dias,-,-,-,-
1875057,📍 Definir Unidade de Atendimento,1,-,-,2025-08-08 14:34:38,08/08/2025 14:34,08/08/2025 14:54,-,0.01 dias,-,-,-,-
1875057,🔍 Análise SPC (Serasa / SPC Brasil),2,comercialdigital@bancodovale.com.br,-,2025-08-08 14:54:15,08/08/2025 14:54,08/08/2025 15:34,-,0.03 dias,-,-,-,-
1875057,🕵️ Análise Agente de Crédito,4,comercialdigital@bancodovale.com.br,-,2025-08-08 15:34:44,08/08/2025 15:34,08/08/2025 17:21,-,0.07 dias,-,-,-,-
1875002,📍 Definir Unidade de Atendimento,1,-,-,2025-08-08 14:06:53,08/08/2025 14:06,08/08/2025 14:52,-,0.03 dias,-,-,-,-
1875002,🔍 Análise SPC (Serasa / SPC Brasil),2,comercialdigital@bancodovale.com.br,-,2025-08-08 14:52:50,08/08/2025 14:52,08/08/2025 15:28,-,0.02 dias,-,-,-,-
1875002,🕵️ Análise Agente de Crédito,4,comercialdigital@bancodovale.com.br,-,2025-08-08 15:28:11,08/08/2025 15:28,08/08/2025 17:19,-,0.08 dias,-,-,-,-
1874993,📍 Definir Unidade de Atendimento,1,-,-,2025-08-08 14:00:26,08/08/2025 14:00,08/08/2025 14:50,-,0.04 dias,-,-,-,-
1874993,🔍 Análise SPC (Serasa / SPC Brasil),2,comercialdigital@bancodovale.com.br,-,2025-08-08 14:50:57,08/08/2025 14:50,08/08/2025 15:17,-,0.02 dias,-,-,-,-
1874993,🕵️ Análise Agente de Crédito,4,comercialdigital@bancodovale.com.br,-,2025-08-08 15:17:09,08/08/2025 15:17,08/08/2025 17:17,-,0.08 dias,-,-,-,-
1874991,📍 Definir Unidade de Atendimento,1,-,-,2025-08-08 13:59:30,08/08/2025 13:59,08/08/2025 14:00,-,0.0 dias,-,-,-,-
1874964,📍 Definir Unidade de Atendimento,1,-,-,2025-08-08 13:46:07,08/08/2025 13:46,08/08/2025 13:52,-,0.0 dias,-,-,-,-
1874964,🔍 Análise SPC (Serasa / SPC Brasil),2,comercialdigital@bancodovale.com.br,-,2025-08-08 13:52:36,08/08/2025 13:52,08/08/2025 15:12,-,0.06 dias,-,-,-,-
1874964,🕵️ Análise Agente de Crédito,4,comercialdigital@bancodovale.com.br,-,2025-08-08 15:12:25,08/08/2025 15:12,08/08/2025 17:12,-,0.08 dias,-,-,-,-
1874810,📍 Definir Unidade de Atendimento,1,-,-,2025-08-08 12:24:29,08/08/2025 12:24,08/08/2025 12:24,-,0.0 dias,-,-,-,-
1874810,🕵️ Análise Agente de Crédito,4,Danielle,-,2025-08-08 12:24:56,08/08/2025 12:24,08/08/2025 14:38,-,0.09 dias,-,-,-,-
1874784,📍 Definir Unidade de Atendimento,1,-,-,2025-08-08 12:07:52,08/08/2025 12:07,08/08/2025 12:22,-,0.01 dias,-,-,-,-
1874759,📍 Definir Unidade de Atendimento,1,-,-,2025-08-08 11:56:57,08/08/2025 11:56,08/08/2025 12:22,-,0.02 dias,-,-,-,-
1874707,📍 Definir Unidade de Atendimento,1,-,-,2025-08-08 11:30:41,08/08/2025 11:30,08/08/2025 11:31,-,0.0 dias,-,-,-,-
1874707,🕵️ Análise Agente de Crédito,4,comercialdigital@bancodovale.com.br,-,2025-08-08 11:31:25,08/08/2025 11:31,08/08/2025 15:29,-,0.17 dias,-,-,-,-
1874692,📍 Definir Unidade de Atendimento,1,-,-,2025-08-08 11:24:55,08/08/2025 11:24,08/08/2025 11:35,-,0.01 dias,-,-,-,-
1874692,🔍 Análise SPC (Serasa / SPC Brasil),2,comercialdigital@bancodovale.com.br,-,2025-08-08 11:35:36,08/08/2025 11:35,08/08/2025 11:35,-,0.0 dias,-,-,-,-
1874652,📍 Definir Unidade de Atendimento,1,-,-,2025-08-08 11:14:35,08/08/2025 11:14,08/08/2025 11:32,-,0.01 dias,-,-,-,-
1874588,📍 Definir Unidade de Atendimento,1,-,-,2025-08-08 10:45:04,08/08/2025 10:45,08/08/2025 10:45,-,0.0 dias,-,-,-,-
1874533,📍 Definir Unidade de Atendimento,1,-,-,2025-08-08 10:23:47,08/08/2025 10:23,08/08/2025 10:24,-,0.0 dias,-,-,-,-
1874508,📍 Definir Unidade de Atendimento,1,-,-,2025-08-08 10:18:33,08/08/2025 10:18,08/08/2025 10:47,-,0.02 dias,-,-,-,-
1874508,🔍 Análise SPC (Serasa / SPC Brasil),2,comercialdigital@bancodovale.com.br,-,2025-08-08 10:47:03,08/08/2025 10:47,08/08/2025 11:54,-,0.05 dias,-,-,-,-
1874508,🔴 Pendência SPC,3,KATLIN,-,2025-08-08 11:54:41,08/08/2025 11:54,08/08/2025 13:15,-,0.06 dias,-,-,-,-
1874435,📍 Definir Unidade de Atendimento,1,-,-,2025-08-08 09:35:26,08/08/2025 09:35,08/08/2025 09:35,-,0.0 dias,-,-,-,-
1874422,📍 Definir Unidade de Atendimento,1,-,-,2025-08-08 09:24:40,08/08/2025 09:24,08/08/2025 09:26,-,0.0 dias,-,-,-,-
1874422,🔍 Análise SPC (Serasa / SPC Brasil),2,comercialdigital@bancodovale.com.br,-,2025-08-08 09:26:23,08/08/2025 09:26,08/08/2025 10:42,-,0.05 dias,-,-,-,-
1874422,🕵️ Análise Agente de Crédito,4,comercialdigital@bancodovale.com.br,-,2025-08-08 10:42:11,08/08/2025 10:42,08/08/2025 14:26,-,0.16 dias,-,-,-,-
1874377,📍 Definir Unidade de Atendimento,1,-,-,2025-08-08 08:49:46,08/08/2025 08:49,08/08/2025 09:24,-,0.02 dias,-,-,-,-
1874377,🔍 Análise SPC (Serasa / SPC Brasil),2,comercialdigital@bancodovale.com.br,-,2025-08-08 09:24:46,08/08/2025 09:24,08/08/2025 10:39,-,0.05 dias,-,-,-,-
1874377,🕵️ Análise Agente de Crédito,4,comercialdigital@bancodovale.com.br,-,2025-08-08 10:39:05,08/08/2025 10:39,08/08/2025 14:27,-,0.16 dias,-,-,-,-
1874371,📍 Definir Unidade de Atendimento,1,-,-,2025-08-08 08:36:05,08/08/2025 08:36,08/08/2025 09:24,-,0.03 dias,-,-,-,-
1874355,📍 Definir Unidade de Atendimento,1,-,-,2025-08-08 05:47:28,08/08/2025 05:47,08/08/2025 09:24,-,0.15 dias,-,-,-,-
1874355,🔍 Análise SPC (Serasa / SPC Brasil),2,comercialdigital@bancodovale.com.br,-,2025-08-08 09:24:00,08/08/2025 09:24,08/08/2025 10:35,-,0.05 dias,-,-,-,-
1874355,🕵️ Análise Agente de Crédito,4,comercialdigital@bancodovale.com.br,-,2025-08-08 10:35:50,08/08/2025 10:35,08/08/2025 12:16,-,0.07 dias,-,-,-,-
1874344,📍 Definir Unidade de Atendimento,1,-,-,2025-08-07 22:20:25,07/08/2025 22:20,08/08/2025 09:23,-,0.46 dias,-,-,-,-
1874344,🔍 Análise SPC (Serasa / SPC Brasil),2,comercialdigital@bancodovale.com.br,-,2025-08-08 09:23:34,08/08/2025 09:23,08/08/2025 10:17,-,0.04 dias,-,-,-,-
1874344,🕵️ Análise Agente de Crédito,4,comercialdigital@bancodovale.com.br,-,2025-08-08 10:17:41,08/08/2025 10:17,08/08/2025 14:28,-,0.17 dias,-,-,-,-
1874343,📍 Definir Unidade de Atendimento,1,-,-,2025-08-07 22:14:42,07/08/2025 22:14,08/08/2025 09:22,-,0.46 dias,-,-,-,-
1874343,🔍 Análise SPC (Serasa / SPC Brasil),2,comercialdigital@bancodovale.com.br,-,2025-08-08 09:22:43,08/08/2025 09:22,08/08/2025 10:23,-,0.04 dias,-,-,-,-
1874343,🕵️ Análise Agente de Crédito,4,bancodovaletimbo@bancodovale.org.br,-,2025-08-08 10:23:02,08/08/2025 10:23,08/08/2025 10:26,-,0.0 dias,-,-,-,-
1874343,🔴 Pendência SPC,3,bancodovaletimbo@bancodovale.org.br,-,2025-08-08 10:26:56,08/08/2025 10:26,08/08/2025 10:36,-,0.01 dias,-,-,-,-
1874342,📍 Definir Unidade de Atendimento,1,-,-,2025-08-07 22:04:29,07/08/2025 22:04,08/08/2025 09:22,-,0.47 dias,-,-,-,-
1874331,📍 Definir Unidade de Atendimento,1,-,-,2025-08-07 21:24:55,07/08/2025 21:24,08/08/2025 09:22,-,0.5 dias,-,-,-,-
1874329,📍 Definir Unidade de Atendimento,1,-,-,2025-08-07 21:14:59,07/08/2025 21:14,08/08/2025 09:21,-,0.5 dias,-,-,-,-
1874324,📍 Definir Unidade de Atendimento,1,-,-,2025-08-07 21:09:44,07/08/2025 21:09,08/08/2025 09:20,-,0.51 dias,-,-,-,-
1874311,📍 Definir Unidade de Atendimento,1,-,-,2025-08-07 20:47:37,07/08/2025 20:47,08/08/2025 09:19,-,0.52 dias,-,-,-,-
1874310,📍 Definir Unidade de Atendimento,1,-,-,2025-08-07 20:44:35,07/08/2025 20:44,08/08/2025 09:18,-,0.52 dias,-,-,-,-
1874310,🔍 Análise SPC (Serasa / SPC Brasil),2,comercialdigital@bancodovale.com.br,-,2025-08-08 09:18:53,08/08/2025 09:18,08/08/2025 10:12,-,0.04 dias,-,-,-,-
1874310,🕵️ Análise Agente de Crédito,4,comercialdigital@bancodovale.com.br,-,2025-08-08 10:12:39,08/08/2025 10:12,08/08/2025 12:25,-,0.09 dias,-,-,-,-
1874308,📍 Definir Unidade de Atendimento,1,-,-,2025-08-07 20:22:08,07/08/2025 20:22,08/08/2025 09:18,-,0.54 dias,-,-,-,-
1874308,🔍 Análise SPC (Serasa / SPC Brasil),2,comercialdigital@bancodovale.com.br,-,2025-08-08 09:18:23,08/08/2025 09:18,08/08/2025 11:21,-,0.09 dias,-,-,-,-
1874308,🔴 Pendência SPC,3,jaragua@bancodovale.org.br,-,2025-08-08 11:21:27,08/08/2025 11:21,08/08/2025 16:18,-,0.21 dias,-,-,-,-
1874306,📍 Definir Unidade de Atendimento,1,-,-,2025-08-07 20:19:12,07/08/2025 20:19,07/08/2025 20:19,-,0.0 dias,-,-,-,-
1874280,📍 Definir Unidade de Atendimento,1,-,-,2025-08-07 19:29:28,07/08/2025 19:29,08/08/2025 09:17,-,0.58 dias,-,-,-,-
1874280,🔍 Análise SPC (Serasa / SPC Brasil),2,comercialdigital@bancodovale.com.br,-,2025-08-08 09:17:58,08/08/2025 09:17,08/08/2025 10:00,-,0.03 dias,-,-,-,-
1874276,📍 Definir Unidade de Atendimento,1,-,-,2025-08-07 19:24:10,07/08/2025 19:24,08/08/2025 09:17,-,0.58 dias,-,-,-,-
1874275,📍 Definir Unidade de Atendimento,1,-,-,2025-08-07 19:23:47,07/08/2025 19:23,08/08/2025 09:17,-,0.58 dias,-,-,-,-
1874275,🔍 Análise SPC (Serasa / SPC Brasil),2,comercialdigital@bancodovale.com.br,-,2025-08-08 09:17:11,08/08/2025 09:17,08/08/2025 09:58,-,0.03 dias,-,-,-,-
1874275,🕵️ Análise Agente de Crédito,4,comercialdigital@bancodovale.com.br,-,2025-08-08 09:58:03,08/08/2025 09:58,08/08/2025 14:29,-,0.19 dias,-,-,-,-
1874247,📍 Definir Unidade de Atendimento,1,-,-,2025-08-07 18:43:21,07/08/2025 18:43,08/08/2025 09:16,-,0.61 dias,-,-,-,-
1874180,📍 Definir Unidade de Atendimento,1,-,-,2025-08-07 17:44:58,07/08/2025 17:44,08/08/2025 09:12,-,0.64 dias,-,-,-,-
1874180,🔍 Análise SPC (Serasa / SPC Brasil),2,comercialdigital@bancodovale.com.br,-,2025-08-08 09:12:40,08/08/2025 09:12,08/08/2025 15:57,-,0.28 dias,-,-,-,-
1874175,📍 Definir Unidade de Atendimento,1,-,-,2025-08-07 17:40:56,07/08/2025 17:40,07/08/2025 17:42,-,0.0 dias,-,-,-,-
1874175,🕵️ Análise Agente de Crédito,4,jaragua@bancodovale.org.br,-,2025-08-07 17:42:18,07/08/2025 17:42,08/08/2025 12:44,-,0.79 dias,-,-,-,-
1874169,📍 Definir Unidade de Atendimento,1,-,-,2025-08-07 17:38:53,07/08/2025 17:38,08/08/2025 09:11,-,0.65 dias,-,-,-,-
1874169,🔍 Análise SPC (Serasa / SPC Brasil),2,comercialdigital@bancodovale.com.br,-,2025-08-08 09:11:36,08/08/2025 09:11,08/08/2025 10:04,-,0.04 dias,-,-,-,-
1874107,📍 Definir Unidade de Atendimento,1,-,-,2025-08-07 17:02:34,07/08/2025 17:02,07/08/2025 17:11,-,0.01 dias,-,-,-,-
1874107,🔍 Análise SPC (Serasa / SPC Brasil),2,comercialdigital@bancodovale.com.br,-,2025-08-07 17:11:16,07/08/2025 17:11,08/08/2025 09:06,-,0.66 dias,-,-,-,-
1874107,🕵️ Análise Agente de Crédito,4,comercialdigital@bancodovale.com.br,-,2025-08-08 09:06:52,08/08/2025 09:06,08/08/2025 12:16,-,0.13 dias,-,-,-,-
1874090,📍 Definir Unidade de Atendimento,1,-,-,2025-08-07 16:57:50,07/08/2025 16:57,07/08/2025 17:08,-,0.01 dias,-,-,-,-
1874090,🔍 Análise SPC (Serasa / SPC Brasil),2,comercialdigital@bancodovale.com.br,-,2025-08-07 17:08:23,07/08/2025 17:08,08/08/2025 09:08,-,0.67 dias,-,-,-,-
1874090,🕵️ Análise Agente de Crédito,4,comercialdigital@bancodovale.com.br,-,2025-08-08 09:08:03,08/08/2025 09:08,08/08/2025 11:55,-,0.12 dias,-,-,-,-
1874081,📍 Definir Unidade de Atendimento,1,-,-,2025-08-07 16:51:08,07/08/2025 16:51,07/08/2025 17:08,-,0.01 dias,-,-,-,-
1874070,📍 Definir Unidade de Atendimento,1,-,-,2025-08-07 16:47:11,07/08/2025 16:47,07/08/2025 17:07,-,0.01 dias,-,-,-,-
1874070,🔍 Análise SPC (Serasa / SPC Brasil),2,comercialdigital@bancodovale.com.br,-,2025-08-07 17:07:33,07/08/2025 17:07,08/08/2025 10:54,-,0.74 dias,-,-,-,-
1874003,📍 Definir Unidade de Atendimento,1,-,-,2025-08-07 16:05:25,07/08/2025 16:05,07/08/2025 16:06,-,0.0 dias,-,-,-,-
1874003,🕵️ Análise Agente de Crédito,4,jaragua@bancodovale.org.br,-,2025-08-07 16:06:21,07/08/2025 16:06,08/08/2025 16:06,-,1.0 dias,-,-,-,-
1873903,📍 Definir Unidade de Atendimento,1,-,-,2025-08-07 15:06:35,07/08/2025 15:06,07/08/2025 15:46,-,0.03 dias,-,-,-,-
1873903,🔍 Análise SPC (Serasa / SPC Brasil),2,comercialdigital@bancodovale.com.br,-,2025-08-07 15:46:52,07/08/2025 15:46,07/08/2025 15:48,-,0.0 dias,-,-,-,-
1873903,🕵️ Análise Agente de Crédito,4,comercialdigital@bancodovale.com.br,-,2025-08-07 15:48:31,07/08/2025 15:48,07/08/2025 15:55,-,0.0 dias,-,-,-,-
1873806,📍 Definir Unidade de Atendimento,1,-,-,2025-08-07 14:09:36,07/08/2025 14:09,07/08/2025 15:44,-,0.07 dias,-,-,-,-
1873806,🔍 Análise SPC (Serasa / SPC Brasil),2,comercialdigital@bancodovale.com.br,-,2025-08-07 15:44:08,07/08/2025 15:44,07/08/2025 15:45,-,0.0 dias,-,-,-,-
1873806,🕵️ Análise Agente de Crédito,4,comercialdigital@bancodovale.com.br,-,2025-08-07 15:45:32,07/08/2025 15:45,07/08/2025 15:45,-,0.0 dias,-,-,-,-
1873806,🔍 Análise SPC (Serasa / SPC Brasil),2,comercialdigital@bancodovale.com.br,-,2025-08-07 15:45:32,07/08/2025 15:45,07/08/2025 15:45,-,0.0 dias,-,-,-,-
1873793,📍 Definir Unidade de Atendimento,1,-,-,2025-08-07 14:00:34,07/08/2025 14:00,07/08/2025 15:42,-,0.07 dias,-,-,-,-
1873793,🔍 Análise SPC (Serasa / SPC Brasil),2,comercialdigital@bancodovale.com.br,-,2025-08-07 15:42:04,07/08/2025 15:42,07/08/2025 15:43,-,0.0 dias,-,-,-,-
1873793,🕵️ Análise Agente de Crédito,4,comercialdigital@bancodovale.com.br,-,2025-08-07 15:43:32,07/08/2025 15:43,07/08/2025 15:58,-,0.01 dias,-,-,-,-
1873792,📍 Definir Unidade de Atendimento,1,-,-,2025-08-07 13:59:14,07/08/2025 13:59,07/08/2025 14:00,-,0.0 dias,-,-,-,-
1873792,🔴 Pendência SPC,3,jaragua@bancodovale.org.br,-,2025-08-07 14:00:48,07/08/2025 14:00,07/08/2025 15:00,-,0.04 dias,-,-,-,-
1873792,👤 Análise Coordenação,6,dennis@bancodovale.org.br,-,2025-08-07 15:00:22,07/08/2025 15:00,07/08/2025 16:07,-,0.05 dias,-,-,-,-
1873785,📍 Definir Unidade de Atendimento,1,-,-,2025-08-07 13:56:37,07/08/2025 13:56,07/08/2025 13:57,-,0.0 dias,-,-,-,-
1873785,🕵️ Análise Agente de Crédito,4,jaragua@bancodovale.org.br,-,2025-08-07 13:57:05,07/08/2025 13:57,08/08/2025 10:13,-,0.84 dias,-,-,-,-
1873780,📍 Definir Unidade de Atendimento,1,-,-,2025-08-07 13:54:04,07/08/2025 13:54,07/08/2025 15:41,-,0.07 dias,-,-,-,-
1873680,📍 Definir Unidade de Atendimento,1,-,-,2025-08-07 13:02:24,07/08/2025 13:02,07/08/2025 15:39,-,0.11 dias,-,-,-,-
1873680,🔍 Análise SPC (Serasa / SPC Brasil),2,comercialdigital@bancodovale.com.br,-,2025-08-07 15:39:12,07/08/2025 15:39,07/08/2025 15:39,-,0.0 dias,-,-,-,-
1873680,📍 Definir Unidade de Atendimento,1,comercialdigital@bancodovale.com.br,-,2025-08-07 15:39:12,07/08/2025 15:39,07/08/2025 15:39,-,0.0 dias,-,-,-,-
1873680,🔍 Análise SPC (Serasa / SPC Brasil),2,comercialdigital@bancodovale.com.br,-,2025-08-07 15:39:15,07/08/2025 15:39,07/08/2025 15:39,-,0.0 dias,-,-,-,-
1873680,📍 Definir Unidade de Atendimento,1,comercialdigital@bancodovale.com.br,-,2025-08-07 15:39:15,07/08/2025 15:39,07/08/2025 15:39,-,0.0 dias,-,-,-,-
1873680,🔍 Análise SPC (Serasa / SPC Brasil),2,comercialdigital@bancodovale.com.br,-,2025-08-07 15:39:37,07/08/2025 15:39,07/08/2025 15:41,-,0.0 dias,-,-,-,-
1873680,🕵️ Análise Agente de Crédito,4,comercialdigital@bancodovale.com.br,-,2025-08-07 15:41:22,07/08/2025 15:41,07/08/2025 15:43,-,0.0 dias,-,-,-,-
1873649,📍 Definir Unidade de Atendimento,1,-,-,2025-08-07 12:42:45,07/08/2025 12:42,07/08/2025 12:58,-,0.01 dias,-,-,-,-
1873649,🔍 Análise SPC (Serasa / SPC Brasil),2,comercialdigital@bancodovale.com.br,-,2025-08-07 12:58:45,07/08/2025 12:58,07/08/2025 13:24,-,0.02 dias,-,-,-,-
1873649,🕵️ Análise Agente de Crédito,4,Bruno,-,2025-08-07 13:24:36,07/08/2025 13:24,07/08/2025 17:07,-,0.15 dias,-,-,-,-
1873563,📍 Definir Unidade de Atendimento,1,-,-,2025-08-07 11:46:39,07/08/2025 11:46,07/08/2025 12:58,-,0.05 dias,-,-,-,-
1873554,📍 Definir Unidade de Atendimento,1,-,-,2025-08-07 11:44:07,07/08/2025 11:44,07/08/2025 11:45,-,0.0 dias,-,-,-,-
1873554,🕵️ Análise Agente de Crédito,4,Bruno,-,2025-08-07 11:45:10,07/08/2025 11:45,07/08/2025 17:05,-,0.22 dias,-,-,-,-
1873547,📍 Definir Unidade de Atendimento,1,-,-,2025-08-07 11:39:12,07/08/2025 11:39,07/08/2025 12:57,-,0.05 dias,-,-,-,-
1873547,🔍 Análise SPC (Serasa / SPC Brasil),2,comercialdigital@bancodovale.com.br,-,2025-08-07 12:57:58,07/08/2025 12:57,07/08/2025 14:19,-,0.06 dias,-,-,-,-
1873547,🕵️ Análise Agente de Crédito,4,comercialdigital@bancodovale.com.br,-,2025-08-07 14:19:22,07/08/2025 14:19,07/08/2025 15:35,-,0.05 dias,-,-,-,-
1873526,📍 Definir Unidade de Atendimento,1,-,-,2025-08-07 11:30:22,07/08/2025 11:30,07/08/2025 12:56,-,0.06 dias,-,-,-,-
1873526,🔍 Análise SPC (Serasa / SPC Brasil),2,comercialdigital@bancodovale.com.br,-,2025-08-07 12:56:42,07/08/2025 12:56,08/08/2025 10:46,-,0.91 dias,-,-,-,-
1873512,📍 Definir Unidade de Atendimento,1,-,-,2025-08-07 11:22:39,07/08/2025 11:22,07/08/2025 11:23,-,0.0 dias,-,-,-,-
1873512,🔴 Pendência SPC,3,jaragua@bancodovale.org.br,-,2025-08-07 11:23:08,07/08/2025 11:23,08/08/2025 16:19,-,1.21 dias,-,-,-,-
1873505,📍 Definir Unidade de Atendimento,1,-,-,2025-08-07 11:17:06,07/08/2025 11:17,07/08/2025 11:17,-,0.0 dias,-,-,-,-
1873494,📍 Definir Unidade de Atendimento,1,-,-,2025-08-07 11:12:26,07/08/2025 11:12,07/08/2025 11:13,-,0.0 dias,-,-,-,-
1873494,🕵️ Análise Agente de Crédito,4,jaragua@bancodovale.org.br,-,2025-08-07 11:13:54,07/08/2025 11:13,08/08/2025 12:44,-,1.06 dias,-,-,-,-
1873482,📍 Definir Unidade de Atendimento,1,-,-,2025-08-07 11:03:06,07/08/2025 11:03,07/08/2025 11:22,-,0.01 dias,-,-,-,-
1873482,🔍 Análise SPC (Serasa / SPC Brasil),2,comercialdigital@bancodovale.com.br,-,2025-08-07 11:22:07,07/08/2025 11:22,07/08/2025 14:09,-,0.12 dias,-,-,-,-
1873456,📍 Definir Unidade de Atendimento,1,-,-,2025-08-07 10:46:04,07/08/2025 10:46,07/08/2025 11:21,-,0.02 dias,-,-,-,-
1873456,🔍 Análise SPC (Serasa / SPC Brasil),2,comercialdigital@bancodovale.com.br,-,2025-08-07 11:21:08,07/08/2025 11:21,07/08/2025 14:18,-,0.12 dias,-,-,-,-
1873456,🕵️ Análise Agente de Crédito,4,comercialdigital@bancodovale.com.br,-,2025-08-07 14:18:00,07/08/2025 14:18,07/08/2025 17:23,-,0.13 dias,-,-,-,-
1873435,📍 Definir Unidade de Atendimento,1,-,-,2025-08-07 10:30:49,07/08/2025 10:30,07/08/2025 10:31,-,0.0 dias,-,-,-,-
1873426,📍 Definir Unidade de Atendimento,1,-,-,2025-08-07 10:28:11,07/08/2025 10:28,07/08/2025 10:28,-,0.0 dias,-,-,-,-
1873426,🕵️ Análise Agente de Crédito,4,Danielle,-,2025-08-07 10:28:36,07/08/2025 10:28,08/08/2025 11:59,-,1.06 dias,-,-,-,-
1873385,📍 Definir Unidade de Atendimento,1,-,-,2025-08-07 10:20:46,07/08/2025 10:20,07/08/2025 10:21,-,0.0 dias,-,-,-,-
1873385,🕵️ Análise Agente de Crédito,4,rio@bancodovale.org.br,-,2025-08-07 10:21:06,07/08/2025 10:21,08/08/2025 15:19,-,1.21 dias,-,-,-,-
1873265,📍 Definir Unidade de Atendimento,1,-,-,2025-08-07 09:42:38,07/08/2025 09:42,07/08/2025 09:43,-,0.0 dias,-,-,-,-
1873265,🕵️ Análise Agente de Crédito,4,Danielle,-,2025-08-07 09:43:10,07/08/2025 09:43,07/08/2025 10:38,-,0.04 dias,-,-,-,-
1873204,📍 Definir Unidade de Atendimento,1,-,-,2025-08-07 09:02:50,07/08/2025 09:02,07/08/2025 09:03,-,0.0 dias,-,-,-,-
1873204,🕵️ Análise Agente de Crédito,4,comercialdigital@bancodovale.com.br,-,2025-08-07 09:03:15,07/08/2025 09:03,07/08/2025 11:25,-,0.1 dias,-,-,-,-
1873204,👤 Análise Coordenação,6,alinef@bancodovale.org.br,-,2025-08-07 11:25:52,07/08/2025 11:25,07/08/2025 15:01,-,0.15 dias,-,-,-,-
1873202,📍 Definir Unidade de Atendimento,1,-,-,2025-08-07 09:00:06,07/08/2025 09:00,07/08/2025 10:27,-,0.06 dias,-,-,-,-
1873202,🔍 Análise SPC (Serasa / SPC Brasil),2,comercialdigital@bancodovale.com.br,-,2025-08-07 10:27:26,07/08/2025 10:27,07/08/2025 11:10,-,0.03 dias,-,-,-,-
1873202,🕵️ Análise Agente de Crédito,4,comercialdigital@bancodovale.com.br,-,2025-08-07 11:10:19,07/08/2025 11:10,07/08/2025 11:20,-,0.01 dias,-,-,-,-
1873202,⚠️ Pendente Cliente,W,natalia@bancodovale.org.br,-,2025-08-07 11:20:37,07/08/2025 11:20,07/08/2025 11:28,-,0.01 dias,-,-,-,-
1873202,🕵️ Análise Agente de Crédito,4,comercialdigital@bancodovale.com.br,-,2025-08-07 11:28:00,07/08/2025 11:28,07/08/2025 12:04,-,0.03 dias,-,-,-,-
1873184,📍 Definir Unidade de Atendimento,1,-,-,2025-08-07 08:36:14,07/08/2025 08:36,07/08/2025 10:26,-,0.08 dias,-,-,-,-
1873184,🔍 Análise SPC (Serasa / SPC Brasil),2,comercialdigital@bancodovale.com.br,-,2025-08-07 10:26:47,07/08/2025 10:26,07/08/2025 11:25,-,0.04 dias,-,-,-,-
1873184,🔴 Pendência SPC,3,Bruno,-,2025-08-07 11:25:13,07/08/2025 11:25,07/08/2025 17:06,-,0.24 dias,-,-,-,-
1873149,📍 Definir Unidade de Atendimento,1,-,-,2025-08-07 07:41:38,07/08/2025 07:41,07/08/2025 08:23,-,0.03 dias,-,-,-,-
1873149,🕵️ Análise Agente de Crédito,4,bancodovaletimbo@bancodovale.org.br,-,2025-08-07 08:23:35,07/08/2025 08:23,07/08/2025 08:26,-,0.0 dias,-,-,-,-
1873149,🔴 Pendência SPC,3,bancodovaletimbo@bancodovale.org.br,-,2025-08-07 08:26:56,07/08/2025 08:26,07/08/2025 09:05,-,0.03 dias,-,-,-,-
1873144,📍 Definir Unidade de Atendimento,1,-,-,2025-08-07 07:06:44,07/08/2025 07:06,07/08/2025 10:26,-,0.14 dias,-,-,-,-
1873144,🔍 Análise SPC (Serasa / SPC Brasil),2,comercialdigital@bancodovale.com.br,-,2025-08-07 10:26:23,07/08/2025 10:26,08/08/2025 09:23,-,0.96 dias,-,-,-,-
1873144,🔴 Pendência SPC,3,KATLIN,-,2025-08-08 09:23:35,08/08/2025 09:23,08/08/2025 10:45,-,0.06 dias,-,-,-,-
1873128,📍 Definir Unidade de Atendimento,1,-,-,2025-08-06 22:38:53,06/08/2025 22:38,07/08/2025 10:25,-,0.49 dias,-,-,-,-
1873128,🔍 Análise SPC (Serasa / SPC Brasil),2,comercialdigital@bancodovale.com.br,-,2025-08-07 10:25:56,07/08/2025 10:25,07/08/2025 11:15,-,0.03 dias,-,-,-,-
1873128,🕵️ Análise Agente de Crédito,4,comercialdigital@bancodovale.com.br,-,2025-08-07 11:15:02,07/08/2025 11:15,07/08/2025 11:24,-,0.01 dias,-,-,-,-
1873127,📍 Definir Unidade de Atendimento,1,-,-,2025-08-06 22:38:27,06/08/2025 22:38,07/08/2025 10:25,-,0.49 dias,-,-,-,-
1873104,📍 Definir Unidade de Atendimento,1,-,-,2025-08-06 21:25:27,06/08/2025 21:25,07/08/2025 10:25,-,0.54 dias,-,-,-,-
1873104,🔍 Análise SPC (Serasa / SPC Brasil),2,comercialdigital@bancodovale.com.br,-,2025-08-07 10:25:24,07/08/2025 10:25,07/08/2025 10:37,-,0.01 dias,-,-,-,-
1873055,📍 Definir Unidade de Atendimento,1,-,-,2025-08-06 18:52:01,06/08/2025 18:52,07/08/2025 10:24,-,0.65 dias,-,-,-,-
1873055,🔍 Análise SPC (Serasa / SPC Brasil),2,comercialdigital@bancodovale.com.br,-,2025-08-07 10:24:39,07/08/2025 10:24,07/08/2025 11:20,-,0.04 dias,-,-,-,-
1873055,🕵️ Análise Agente de Crédito,4,comercialdigital@bancodovale.com.br,-,2025-08-07 11:20:55,07/08/2025 11:20,07/08/2025 17:00,-,0.24 dias,-,-,-,-
1872956,📍 Definir Unidade de Atendimento,1,-,-,2025-08-06 16:56:58,06/08/2025 16:56,06/08/2025 17:18,-,0.01 dias,-,-,-,-
1872956,🔍 Análise SPC (Serasa / SPC Brasil),2,comercialdigital@bancodovale.com.br,-,2025-08-06 17:18:27,06/08/2025 17:18,07/08/2025 09:22,-,0.67 dias,-,-,-,-
1872926,📍 Definir Unidade de Atendimento,1,-,-,2025-08-06 16:48:21,06/08/2025 16:48,07/08/2025 09:22,-,0.69 dias,-,-,-,-
1872926,🕵️ Análise Agente de Crédito,4,KATLIN,-,2025-08-07 09:22:50,07/08/2025 09:22,08/08/2025 13:21,-,1.17 dias,-,-,-,-
1872885,📍 Definir Unidade de Atendimento,1,-,-,2025-08-06 16:35:38,06/08/2025 16:35,06/08/2025 16:36,-,0.0 dias,-,-,-,-
1872885,🕵️ Análise Agente de Crédito,4,comercialdigital@bancodovale.com.br,-,2025-08-06 16:36:13,06/08/2025 16:36,07/08/2025 09:22,-,0.7 dias,-,-,-,-
1872885,👤 Análise Coordenação,6,natalia@bancodovale.org.br,-,2025-08-07 09:22:56,07/08/2025 09:22,07/08/2025 16:08,-,0.28 dias,-,-,-,-
1872869,📍 Definir Unidade de Atendimento,1,-,-,2025-08-06 16:25:36,06/08/2025 16:25,06/08/2025 16:26,-,0.0 dias,-,-,-,-
1872869,🧾 Análise Mesa de Crédito,8,KATLIN,-,2025-08-06 16:26:23,06/08/2025 16:26,08/08/2025 12:25,-,1.83 dias,-,-,-,-
1872861,📍 Definir Unidade de Atendimento,1,-,-,2025-08-06 16:22:41,06/08/2025 16:22,06/08/2025 17:08,-,0.03 dias,-,-,-,-
1872861,🔍 Análise SPC (Serasa / SPC Brasil),2,comercialdigital@bancodovale.com.br,-,2025-08-06 17:08:41,06/08/2025 17:08,07/08/2025 09:14,-,0.67 dias,-,-,-,-
1872850,📍 Definir Unidade de Atendimento,1,-,-,2025-08-06 16:13:21,06/08/2025 16:13,06/08/2025 17:06,-,0.04 dias,-,-,-,-
1872850,🔍 Análise SPC (Serasa / SPC Brasil),2,comercialdigital@bancodovale.com.br,-,2025-08-06 17:06:57,06/08/2025 17:06,07/08/2025 08:14,-,0.63 dias,-,-,-,-
1872850,🕵️ Análise Agente de Crédito,4,bancodovaletimbo@bancodovale.org.br,-,2025-08-07 08:14:59,07/08/2025 08:14,07/08/2025 08:21,-,0.0 dias,-,-,-,-
1872850,🔴 Pendência SPC,3,bancodovaletimbo@bancodovale.org.br,-,2025-08-07 08:21:29,07/08/2025 08:21,07/08/2025 09:06,-,0.03 dias,-,-,-,-
1872802,📍 Definir Unidade de Atendimento,1,-,-,2025-08-06 15:40:37,06/08/2025 15:40,06/08/2025 15:43,-,0.0 dias,-,-,-,-
1872802,🔍 Análise SPC (Serasa / SPC Brasil),2,comercialdigital@bancodovale.com.br,-,2025-08-06 15:43:42,06/08/2025 15:43,06/08/2025 17:27,-,0.07 dias,-,-,-,-
1872802,🕵️ Análise Agente de Crédito,4,comercialdigital@bancodovale.com.br,-,2025-08-06 17:27:07,06/08/2025 17:27,06/08/2025 17:28,-,0.0 dias,-,-,-,-
1872793,📍 Definir Unidade de Atendimento,1,-,-,2025-08-06 15:35:44,06/08/2025 15:35,06/08/2025 15:35,-,0.0 dias,-,-,-,-
1872786,📍 Definir Unidade de Atendimento,1,-,-,2025-08-06 15:33:00,06/08/2025 15:33,06/08/2025 15:34,-,0.0 dias,-,-,-,-
1872778,📍 Definir Unidade de Atendimento,1,-,-,2025-08-06 15:28:25,06/08/2025 15:28,06/08/2025 15:33,-,0.0 dias,-,-,-,-
1872778,🔍 Análise SPC (Serasa / SPC Brasil),2,comercialdigital@bancodovale.com.br,-,2025-08-06 15:33:35,06/08/2025 15:33,07/08/2025 09:09,-,0.73 dias,-,-,-,-
1872770,📍 Definir Unidade de Atendimento,1,-,-,2025-08-06 15:22:35,06/08/2025 15:22,06/08/2025 15:38,-,0.01 dias,-,-,-,-
1872770,🔴 Pendência SPC,3,jaragua@bancodovale.org.br,-,2025-08-06 15:38:03,06/08/2025 15:38,07/08/2025 09:25,-,0.74 dias,-,-,-,-
1872724,📍 Definir Unidade de Atendimento,1,-,-,2025-08-06 14:45:03,06/08/2025 14:45,06/08/2025 14:45,-,0.0 dias,-,-,-,-
1872724,🔍 Análise SPC (Serasa / SPC Brasil),2,comercialdigital@bancodovale.com.br,-,2025-08-06 14:45:49,06/08/2025 14:45,07/08/2025 09:35,-,0.78 dias,-,-,-,-
1872706,📍 Definir Unidade de Atendimento,1,-,-,2025-08-06 14:34:41,06/08/2025 14:34,06/08/2025 14:35,-,0.0 dias,-,-,-,-
1872706,🔍 Análise SPC (Serasa / SPC Brasil),2,comercialdigital@bancodovale.com.br,-,2025-08-06 14:35:40,06/08/2025 14:35,06/08/2025 15:13,-,0.03 dias,-,-,-,-
1872706,🔴 Pendência SPC,3,KATLIN,-,2025-08-06 15:13:17,06/08/2025 15:13,06/08/2025 15:34,-,0.01 dias,-,-,-,-
1872694,📍 Definir Unidade de Atendimento,1,-,-,2025-08-06 14:29:18,06/08/2025 14:29,06/08/2025 14:29,-,0.0 dias,-,-,-,-
1872694,🕵️ Análise Agente de Crédito,4,Danielle,-,2025-08-06 14:29:36,06/08/2025 14:29,06/08/2025 14:34,-,0.0 dias,-,-,-,-
1872684,📍 Definir Unidade de Atendimento,1,-,-,2025-08-06 14:23:38,06/08/2025 14:23,06/08/2025 14:35,-,0.01 dias,-,-,-,-
1872658,📍 Definir Unidade de Atendimento,1,-,-,2025-08-06 14:08:43,06/08/2025 14:08,06/08/2025 14:34,-,0.02 dias,-,-,-,-
1872658,🔍 Análise SPC (Serasa / SPC Brasil),2,comercialdigital@bancodovale.com.br,-,2025-08-06 14:34:22,06/08/2025 14:34,06/08/2025 15:14,-,0.03 dias,-,-,-,-
1872658,🕵️ Análise Agente de Crédito,4,bancodovaletimbo@bancodovale.org.br,-,2025-08-06 15:14:53,06/08/2025 15:14,06/08/2025 15:28,-,0.01 dias,-,-,-,-
1872658,🔴 Pendência SPC,3,bancodovaletimbo@bancodovale.org.br,-,2025-08-06 15:28:30,06/08/2025 15:28,07/08/2025 09:06,-,0.73 dias,-,-,-,-
1872646,📍 Definir Unidade de Atendimento,1,-,-,2025-08-06 14:01:15,06/08/2025 14:01,06/08/2025 14:33,-,0.02 dias,-,-,-,-
1872646,🔍 Análise SPC (Serasa / SPC Brasil),2,comercialdigital@bancodovale.com.br,-,2025-08-06 14:33:18,06/08/2025 14:33,06/08/2025 14:35,-,0.0 dias,-,-,-,-
1872642,📍 Definir Unidade de Atendimento,1,-,-,2025-08-06 13:59:16,06/08/2025 13:59,06/08/2025 14:22,-,0.02 dias,-,-,-,-
1872642,🔍 Análise SPC (Serasa / SPC Brasil),2,comercialdigital@bancodovale.com.br,-,2025-08-06 14:22:14,06/08/2025 14:22,06/08/2025 15:02,-,0.03 dias,-,-,-,-
1872642,🕵️ Análise Agente de Crédito,4,Danielle,-,2025-08-06 15:02:31,06/08/2025 15:02,08/08/2025 12:00,-,1.87 dias,-,-,-,-
1872640,📍 Definir Unidade de Atendimento,1,-,-,2025-08-06 13:57:49,06/08/2025 13:57,06/08/2025 13:58,-,0.0 dias,-,-,-,-
1872640,🕵️ Análise Agente de Crédito,4,jaragua@bancodovale.org.br,-,2025-08-06 13:58:42,06/08/2025 13:58,07/08/2025 09:25,-,0.81 dias,-,-,-,-
1872640,🧾 Análise Mesa de Crédito,8,gilmara@bancodovale.org.br,-,2025-08-07 09:25:21,07/08/2025 09:25,08/08/2025 15:56,-,1.27 dias,-,-,-,-
1872635,📍 Definir Unidade de Atendimento,1,-,-,2025-08-06 13:54:47,06/08/2025 13:54,06/08/2025 13:59,-,0.0 dias,-,-,-,-
1872635,🕵️ Análise Agente de Crédito,4,jaragua@bancodovale.org.br,-,2025-08-06 13:59:06,06/08/2025 13:59,06/08/2025 13:59,-,0.0 dias,-,-,-,-
1872531,📍 Definir Unidade de Atendimento,1,-,-,2025-08-06 12:53:03,06/08/2025 12:53,06/08/2025 14:19,-,0.06 dias,-,-,-,-
1872531,🔍 Análise SPC (Serasa / SPC Brasil),2,comercialdigital@bancodovale.com.br,-,2025-08-06 14:19:28,06/08/2025 14:19,06/08/2025 14:31,-,0.01 dias,-,-,-,-
1872478,📍 Definir Unidade de Atendimento,1,-,-,2025-08-06 12:19:39,06/08/2025 12:19,06/08/2025 12:37,-,0.01 dias,-,-,-,-
1872478,🔍 Análise SPC (Serasa / SPC Brasil),2,Danielle,-,2025-08-06 12:37:33,06/08/2025 12:37,06/08/2025 13:50,-,0.05 dias,-,-,-,-
1872468,📍 Definir Unidade de Atendimento,1,-,-,2025-08-06 12:12:12,06/08/2025 12:12,06/08/2025 12:37,-,0.02 dias,-,-,-,-
1872468,🔍 Análise SPC (Serasa / SPC Brasil),2,Danielle,-,2025-08-06 12:37:05,06/08/2025 12:37,06/08/2025 15:27,-,0.12 dias,-,-,-,-
1872468,🔴 Pendência SPC,3,jaragua@bancodovale.org.br,-,2025-08-06 15:27:58,06/08/2025 15:27,07/08/2025 08:39,-,0.72 dias,-,-,-,-
1872198,📍 Definir Unidade de Atendimento,1,-,-,2025-08-06 11:47:58,06/08/2025 11:47,06/08/2025 11:49,-,0.0 dias,-,-,-,-
1872066,📍 Definir Unidade de Atendimento,1,-,-,2025-08-06 11:40:33,06/08/2025 11:40,06/08/2025 12:36,-,0.04 dias,-,-,-,-
1872066,🔍 Análise SPC (Serasa / SPC Brasil),2,Danielle,-,2025-08-06 12:36:08,06/08/2025 12:36,06/08/2025 12:42,-,0.0 dias,-,-,-,-
1872066,🕵️ Análise Agente de Crédito,4,Danielle,-,2025-08-06 12:42:23,06/08/2025 12:42,08/08/2025 11:55,-,1.97 dias,-,-,-,-
1871917,📍 Definir Unidade de Atendimento,1,-,-,2025-08-06 11:24:59,06/08/2025 11:24,06/08/2025 12:35,-,0.05 dias,-,-,-,-
1871748,📍 Definir Unidade de Atendimento,1,-,-,2025-08-06 11:08:41,06/08/2025 11:08,06/08/2025 12:35,-,0.06 dias,-,-,-,-
1871748,🔍 Análise SPC (Serasa / SPC Brasil),2,Danielle,-,2025-08-06 12:35:01,06/08/2025 12:35,06/08/2025 12:43,-,0.01 dias,-,-,-,-
1871741,📍 Definir Unidade de Atendimento,1,-,-,2025-08-06 11:08:17,06/08/2025 11:08,06/08/2025 12:33,-,0.06 dias,-,-,-,-
1871741,🔍 Análise SPC (Serasa / SPC Brasil),2,Danielle,-,2025-08-06 12:33:32,06/08/2025 12:33,06/08/2025 14:27,-,0.08 dias,-,-,-,-
1871741,🕵️ Análise Agente de Crédito,4,comercialdigital@bancodovale.com.br,-,2025-08-06 14:27:01,06/08/2025 14:27,07/08/2025 16:55,-,1.1 dias,-,-,-,-
1871492,📍 Definir Unidade de Atendimento,1,-,-,2025-08-06 10:37:26,06/08/2025 10:37,06/08/2025 10:37,-,0.0 dias,-,-,-,-
1871485,📍 Definir Unidade de Atendimento,1,-,-,2025-08-06 10:37:01,06/08/2025 10:37,06/08/2025 10:38,-,0.0 dias,-,-,-,-
1871485,🕵️ Análise Agente de Crédito,4,Danielle,-,2025-08-06 10:38:11,06/08/2025 10:38,07/08/2025 09:37,-,0.96 dias,-,-,-,-
1871439,📍 Definir Unidade de Atendimento,1,-,-,2025-08-06 10:33:41,06/08/2025 10:33,06/08/2025 10:37,-,0.0 dias,-,-,-,-
1871439,🕵️ Análise Agente de Crédito,4,Danielle,-,2025-08-06 10:37:15,06/08/2025 10:37,06/08/2025 14:02,-,0.14 dias,-,-,-,-
1871439,👤 Análise Coordenação,6,pierre@bancodovale.org.br,-,2025-08-06 14:02:20,06/08/2025 14:02,06/08/2025 15:53,-,0.08 dias,-,-,-,-
1871439,🧾 Análise Mesa de Crédito,8,thiago@bancodovale.org.br,-,2025-08-06 15:53:27,06/08/2025 15:53,08/08/2025 12:52,-,1.87 dias,-,-,-,-
1871424,📍 Definir Unidade de Atendimento,1,-,-,2025-08-06 10:32:34,06/08/2025 10:32,06/08/2025 10:35,-,0.0 dias,-,-,-,-
1871404,📍 Definir Unidade de Atendimento,1,-,-,2025-08-06 10:31:21,06/08/2025 10:31,06/08/2025 10:38,-,0.01 dias,-,-,-,-
1871367,📍 Definir Unidade de Atendimento,1,-,-,2025-08-06 10:29:05,06/08/2025 10:29,06/08/2025 10:37,-,0.01 dias,-,-,-,-
1871367,🕵️ Análise Agente de Crédito,4,Danielle,-,2025-08-06 10:37:28,06/08/2025 10:37,06/08/2025 12:59,-,0.1 dias,-,-,-,-
1871367,👤 Análise Coordenação,6,pierre@bancodovale.org.br,-,2025-08-06 12:59:15,06/08/2025 12:59,06/08/2025 15:53,-,0.12 dias,-,-,-,-
1871367,🧾 Análise Mesa de Crédito,8,thiago@bancodovale.org.br,-,2025-08-06 15:53:52,06/08/2025 15:53,06/08/2025 15:54,-,0.0 dias,-,-,-,-
1871367,👤 Análise Coordenação,6,thiago@bancodovale.org.br,-,2025-08-06 15:54:23,06/08/2025 15:54,07/08/2025 11:06,-,0.8 dias,-,-,-,-
1870605,📍 Definir Unidade de Atendimento,1,-,-,2025-08-06 09:15:08,06/08/2025 09:15,06/08/2025 09:18,-,0.0 dias,-,-,-,-
1870605,🔍 Análise SPC (Serasa / SPC Brasil),2,comercialdigital@bancodovale.com.br,-,2025-08-06 09:18:46,06/08/2025 09:18,06/08/2025 11:22,-,0.09 dias,-,-,-,-
1870605,🕵️ Análise Agente de Crédito,4,KATLIN,-,2025-08-06 11:22:08,06/08/2025 11:22,06/08/2025 15:47,-,0.18 dias,-,-,-,-
1870565,📍 Definir Unidade de Atendimento,1,-,-,2025-08-06 08:44:19,06/08/2025 08:44,06/08/2025 09:12,-,0.02 dias,-,-,-,-
1870565,🔍 Análise SPC (Serasa / SPC Brasil),2,comercialdigital@bancodovale.com.br,-,2025-08-06 09:12:56,06/08/2025 09:12,06/08/2025 15:09,-,0.25 dias,-,-,-,-
1870565,🕵️ Análise Agente de Crédito,4,rio@bancodovale.org.br,-,2025-08-06 15:09:31,06/08/2025 15:09,08/08/2025 09:34,-,1.77 dias,-,-,-,-
1870495,📍 Definir Unidade de Atendimento,1,-,-,2025-08-05 22:32:18,05/08/2025 22:32,06/08/2025 09:12,-,0.44 dias,-,-,-,-
1870486,📍 Definir Unidade de Atendimento,1,-,-,2025-08-05 21:51:05,05/08/2025 21:51,05/08/2025 21:51,-,0.0 dias,-,-,-,-
1870420,📍 Definir Unidade de Atendimento,1,-,-,2025-08-05 19:46:48,05/08/2025 19:46,06/08/2025 09:11,-,0.56 dias,-,-,-,-
1870420,🔍 Análise SPC (Serasa / SPC Brasil),2,comercialdigital@bancodovale.com.br,-,2025-08-06 09:11:48,06/08/2025 09:11,06/08/2025 10:16,-,0.04 dias,-,-,-,-
1870420,🕵️ Análise Agente de Crédito,4,comercialdigital@bancodovale.com.br,-,2025-08-06 10:16:18,06/08/2025 10:16,06/08/2025 10:28,-,0.01 dias,-,-,-,-
1870417,📍 Definir Unidade de Atendimento,1,-,-,2025-08-05 19:44:50,05/08/2025 19:44,05/08/2025 19:45,-,0.0 dias,-,-,-,-
1870417,🕵️ Análise Agente de Crédito,4,jaragua@bancodovale.org.br,-,2025-08-05 19:45:35,05/08/2025 19:45,06/08/2025 11:01,-,0.64 dias,-,-,-,-
1870411,📍 Definir Unidade de Atendimento,1,-,-,2025-08-05 19:22:19,05/08/2025 19:22,05/08/2025 19:22,-,0.0 dias,-,-,-,-
1870411,🕵️ Análise Agente de Crédito,4,jaragua@bancodovale.org.br,-,2025-08-05 19:22:37,05/08/2025 19:22,06/08/2025 11:00,-,0.65 dias,-,-,-,-
1870345,📍 Definir Unidade de Atendimento,1,-,-,2025-08-05 17:47:48,05/08/2025 17:47,06/08/2025 09:09,-,0.64 dias,-,-,-,-
1870345,🔍 Análise SPC (Serasa / SPC Brasil),2,comercialdigital@bancodovale.com.br,-,2025-08-06 09:09:10,06/08/2025 09:09,06/08/2025 10:20,-,0.05 dias,-,-,-,-
1870345,🕵️ Análise Agente de Crédito,4,comercialdigital@bancodovale.com.br,-,2025-08-06 10:20:01,06/08/2025 10:20,07/08/2025 17:18,-,1.29 dias,-,-,-,-
1870181,📍 Definir Unidade de Atendimento,1,-,-,2025-08-05 16:20:10,05/08/2025 16:20,05/08/2025 16:21,-,0.0 dias,-,-,-,-
1870181,🕵️ Análise Agente de Crédito,4,jaragua@bancodovale.org.br,-,2025-08-05 16:21:28,05/08/2025 16:21,05/08/2025 20:00,-,0.15 dias,-,-,-,-
1870181,⚠️ Pendente Cliente,W,jaragua@bancodovale.org.br,-,2025-08-05 20:00:35,05/08/2025 20:00,06/08/2025 23:16,-,1.14 dias,-,-,-,-
1870181,🧾 Análise Mesa de Crédito,8,jaragua@bancodovale.org.br,-,2025-08-06 23:16:20,06/08/2025 23:16,08/08/2025 15:27,-,1.67 dias,-,-,-,-
1870163,📍 Definir Unidade de Atendimento,1,-,-,2025-08-05 16:11:53,05/08/2025 16:11,05/08/2025 16:43,-,0.02 dias,-,-,-,-
1870163,🔍 Análise SPC (Serasa / SPC Brasil),2,comercialdigital@bancodovale.com.br,-,2025-08-05 16:43:05,05/08/2025 16:43,06/08/2025 08:52,-,0.67 dias,-,-,-,-
1870163,🕵️ Análise Agente de Crédito,4,comercialdigital@bancodovale.com.br,-,2025-08-06 08:52:19,06/08/2025 08:52,06/08/2025 11:01,-,0.09 dias,-,-,-,-
1870151,📍 Definir Unidade de Atendimento,1,-,-,2025-08-05 16:05:00,05/08/2025 16:05,05/08/2025 16:42,-,0.03 dias,-,-,-,-
1870109,📍 Definir Unidade de Atendimento,1,-,-,2025-08-05 15:48:15,05/08/2025 15:48,05/08/2025 16:04,-,0.01 dias,-,-,-,-
1870109,🔍 Análise SPC (Serasa / SPC Brasil),2,Danielle,-,2025-08-05 16:04:13,05/08/2025 16:04,05/08/2025 19:58,-,0.16 dias,-,-,-,-
1870109,🔴 Pendência SPC,3,jaragua@bancodovale.org.br,-,2025-08-05 19:58:42,05/08/2025 19:58,06/08/2025 10:58,-,0.62 dias,-,-,-,-
1870026,📍 Definir Unidade de Atendimento,1,-,-,2025-08-05 14:58:38,05/08/2025 14:58,05/08/2025 14:59,-,0.0 dias,-,-,-,-
1870026,🔴 Pendência SPC,3,bancodovaletimbo@bancodovale.org.br,-,2025-08-05 14:59:49,05/08/2025 14:59,08/08/2025 10:51,-,2.83 dias,-,-,-,-
1870024,📍 Definir Unidade de Atendimento,1,-,-,2025-08-05 14:56:48,05/08/2025 14:56,05/08/2025 14:57,-,0.0 dias,-,-,-,-
1870006,📍 Definir Unidade de Atendimento,1,-,-,2025-08-05 14:49:15,05/08/2025 14:49,05/08/2025 15:02,-,0.01 dias,-,-,-,-
1870006,🕵️ Análise Agente de Crédito,4,Danielle,-,2025-08-05 15:02:01,05/08/2025 15:02,06/08/2025 14:11,-,0.96 dias,-,-,-,-
1869974,📍 Definir Unidade de Atendimento,1,-,-,2025-08-05 14:30:00,05/08/2025 14:30,05/08/2025 15:04,-,0.02 dias,-,-,-,-
1869974,🔍 Análise SPC (Serasa / SPC Brasil),2,comercialdigital@bancodovale.com.br,-,2025-08-05 15:04:20,05/08/2025 15:04,05/08/2025 16:30,-,0.06 dias,-,-,-,-
1869908,📍 Definir Unidade de Atendimento,1,-,-,2025-08-05 13:58:04,05/08/2025 13:58,05/08/2025 14:07,-,0.01 dias,-,-,-,-
1869908,🔍 Análise SPC (Serasa / SPC Brasil),2,comercialdigital@bancodovale.com.br,-,2025-08-05 14:07:58,05/08/2025 14:07,05/08/2025 16:30,-,0.1 dias,-,-,-,-
1869908,🕵️ Análise Agente de Crédito,4,KATLIN,-,2025-08-05 16:30:08,05/08/2025 16:30,05/08/2025 16:52,-,0.02 dias,-,-,-,-
1869880,📍 Definir Unidade de Atendimento,1,-,-,2025-08-05 13:45:45,05/08/2025 13:45,05/08/2025 14:07,-,0.01 dias,-,-,-,-
1869880,🔍 Análise SPC (Serasa / SPC Brasil),2,comercialdigital@bancodovale.com.br,-,2025-08-05 14:07:15,05/08/2025 14:07,05/08/2025 15:34,-,0.06 dias,-,-,-,-
1869880,🕵️ Análise Agente de Crédito,4,Danielle,-,2025-08-05 15:34:52,05/08/2025 15:34,06/08/2025 14:11,-,0.94 dias,-,-,-,-
1869852,📍 Definir Unidade de Atendimento,1,-,-,2025-08-05 13:30:35,05/08/2025 13:30,05/08/2025 13:32,-,0.0 dias,-,-,-,-
1869852,🕵️ Análise Agente de Crédito,4,bancodovaletimbo@bancodovale.org.br,-,2025-08-05 13:32:05,05/08/2025 13:32,05/08/2025 14:05,-,0.02 dias,-,-,-,-
1869852,🧾 Análise Mesa de Crédito,8,caciane@bancodovale.org.br,-,2025-08-05 14:05:44,05/08/2025 14:05,07/08/2025 09:43,-,1.82 dias,-,-,-,-
1869805,📍 Definir Unidade de Atendimento,1,-,-,2025-08-05 13:02:12,05/08/2025 13:02,05/08/2025 14:06,-,0.04 dias,-,-,-,-
1869805,🔍 Análise SPC (Serasa / SPC Brasil),2,comercialdigital@bancodovale.com.br,-,2025-08-05 14:06:26,05/08/2025 14:06,05/08/2025 16:29,-,0.1 dias,-,-,-,-
1869805,🕵️ Análise Agente de Crédito,4,KATLIN,-,2025-08-05 16:29:50,05/08/2025 16:29,05/08/2025 16:48,-,0.01 dias,-,-,-,-
1869805,⚠️ Pendente Cliente,W,rejane@bancodovale.org.br,-,2025-08-05 16:48:11,05/08/2025 16:48,08/08/2025 10:15,-,2.73 dias,-,-,-,-
1869793,📍 Definir Unidade de Atendimento,1,-,-,2025-08-05 12:51:25,05/08/2025 12:51,05/08/2025 12:52,-,0.0 dias,-,-,-,-
1869793,🕵️ Análise Agente de Crédito,4,jaragua@bancodovale.org.br,-,2025-08-05 12:52:59,05/08/2025 12:52,05/08/2025 20:01,-,0.3 dias,-,-,-,-
1869793,🔴 Pendência SPC,3,jaragua@bancodovale.org.br,-,2025-08-05 20:01:05,05/08/2025 20:01,05/08/2025 20:01,-,0.0 dias,-,-,-,-
1869793,⚠️ Pendente Cliente,W,jaragua@bancodovale.org.br,-,2025-08-05 20:01:11,05/08/2025 20:01,06/08/2025 10:32,-,0.61 dias,-,-,-,-
1869793,🧾 Análise Mesa de Crédito,8,jaragua@bancodovale.org.br,-,2025-08-06 10:32:26,06/08/2025 10:32,06/08/2025 13:24,-,0.12 dias,-,-,-,-
1869777,📍 Definir Unidade de Atendimento,1,-,-,2025-08-05 12:39:47,05/08/2025 12:39,05/08/2025 13:34,-,0.04 dias,-,-,-,-
1869777,🕵️ Análise Agente de Crédito,4,bancodovaletimbo@bancodovale.org.br,-,2025-08-05 13:34:16,05/08/2025 13:34,05/08/2025 14:06,-,0.02 dias,-,-,-,-
1869777,⚠️ Pendente Cliente,W,caciane@bancodovale.org.br,-,2025-08-05 14:06:34,05/08/2025 14:06,06/08/2025 08:54,-,0.78 dias,-,-,-,-
1869776,📍 Definir Unidade de Atendimento,1,-,-,2025-08-05 12:38:53,05/08/2025 12:38,05/08/2025 14:04,-,0.06 dias,-,-,-,-
1869776,🔍 Análise SPC (Serasa / SPC Brasil),2,comercialdigital@bancodovale.com.br,-,2025-08-05 14:04:36,05/08/2025 14:04,05/08/2025 15:49,-,0.07 dias,-,-,-,-
1869719,📍 Definir Unidade de Atendimento,1,-,-,2025-08-05 11:55:37,05/08/2025 11:55,05/08/2025 13:26,-,0.06 dias,-,-,-,-
1869692,📍 Definir Unidade de Atendimento,1,-,-,2025-08-05 11:43:40,05/08/2025 11:43,05/08/2025 11:45,-,0.0 dias,-,-,-,-
1869692,🔴 Pendência SPC,3,bancodovaletimbo@bancodovale.org.br,-,2025-08-05 11:45:39,05/08/2025 11:45,05/08/2025 13:32,-,0.07 dias,-,-,-,-
1869661,📍 Definir Unidade de Atendimento,1,-,-,2025-08-05 11:27:29,05/08/2025 11:27,05/08/2025 11:30,-,0.0 dias,-,-,-,-
1869661,🕵️ Análise Agente de Crédito,4,bancodovaletimbo@bancodovale.org.br,-,2025-08-05 11:30:12,05/08/2025 11:30,06/08/2025 09:05,-,0.9 dias,-,-,-,-
1869644,📍 Definir Unidade de Atendimento,1,-,-,2025-08-05 11:19:29,05/08/2025 11:19,05/08/2025 11:19,-,0.0 dias,-,-,-,-
1869644,🕵️ Análise Agente de Crédito,4,Danielle,-,2025-08-05 11:19:40,05/08/2025 11:19,05/08/2025 11:43,-,0.02 dias,-,-,-,-
1869644,👤 Análise Coordenação,6,pierre@bancodovale.org.br,-,2025-08-05 11:43:09,05/08/2025 11:43,05/08/2025 14:02,-,0.1 dias,-,-,-,-
1869644,🧾 Análise Mesa de Crédito,8,thiago@bancodovale.org.br,-,2025-08-05 14:02:45,05/08/2025 14:02,07/08/2025 09:07,-,1.8 dias,-,-,-,-
1869639,📍 Definir Unidade de Atendimento,1,-,-,2025-08-05 11:15:42,05/08/2025 11:15,05/08/2025 11:16,-,0.0 dias,-,-,-,-
1869638,📍 Definir Unidade de Atendimento,1,-,-,2025-08-05 11:15:28,05/08/2025 11:15,05/08/2025 11:15,-,0.0 dias,-,-,-,-
1869612,📍 Definir Unidade de Atendimento,1,-,-,2025-08-05 11:04:57,05/08/2025 11:04,05/08/2025 14:04,-,0.12 dias,-,-,-,-
1869421,📍 Definir Unidade de Atendimento,1,-,-,2025-08-05 10:10:25,05/08/2025 10:10,05/08/2025 10:17,-,0.0 dias,-,-,-,-
1869386,📍 Definir Unidade de Atendimento,1,-,-,2025-08-05 09:50:59,05/08/2025 09:50,05/08/2025 09:51,-,0.0 dias,-,-,-,-
1869386,🔍 Análise SPC (Serasa / SPC Brasil),2,comercialdigital@bancodovale.com.br,-,2025-08-05 09:51:23,05/08/2025 09:51,05/08/2025 09:51,-,0.0 dias,-,-,-,-
1869386,🕵️ Análise Agente de Crédito,4,comercialdigital@bancodovale.com.br,-,2025-08-05 09:51:35,05/08/2025 09:51,05/08/2025 09:52,-,0.0 dias,-,-,-,-
1869386,👤 Análise Coordenação,6,natalia@bancodovale.org.br,-,2025-08-05 09:52:04,05/08/2025 09:52,05/08/2025 10:59,-,0.05 dias,-,-,-,-
1869386,🧾 Análise Mesa de Crédito,8,thiago@bancodovale.org.br,-,2025-08-05 10:59:07,05/08/2025 10:59,06/08/2025 16:15,-,1.22 dias,-,-,-,-
1869288,📍 Definir Unidade de Atendimento,1,-,-,2025-08-05 09:21:02,05/08/2025 09:21,05/08/2025 09:22,-,0.0 dias,-,-,-,-
1869288,🕵️ Análise Agente de Crédito,4,Danielle,-,2025-08-05 09:22:06,05/08/2025 09:22,05/08/2025 09:52,-,0.02 dias,-,-,-,-
1869288,👤 Análise Coordenação,6,elenita@bancovale.org.br,-,2025-08-05 09:52:55,05/08/2025 09:52,05/08/2025 12:07,-,0.09 dias,-,-,-,-
1869288,🧾 Análise Mesa de Crédito,8,roberto@bancodovale.org.br,-,2025-08-05 12:07:24,05/08/2025 12:07,06/08/2025 17:31,-,1.23 dias,-,-,-,-
1869275,📍 Definir Unidade de Atendimento,1,-,-,2025-08-05 09:13:38,05/08/2025 09:13,05/08/2025 09:35,-,0.01 dias,-,-,-,-
1869275,🔍 Análise SPC (Serasa / SPC Brasil),2,comercialdigital@bancodovale.com.br,-,2025-08-05 09:35:08,05/08/2025 09:35,05/08/2025 11:29,-,0.08 dias,-,-,-,-
1869275,🕵️ Análise Agente de Crédito,4,Danielle,-,2025-08-05 11:29:19,05/08/2025 11:29,06/08/2025 14:33,-,1.13 dias,-,-,-,-
1869161,📍 Definir Unidade de Atendimento,1,-,-,2025-08-04 22:18:14,04/08/2025 22:18,05/08/2025 09:34,-,0.47 dias,-,-,-,-
1869159,📍 Definir Unidade de Atendimento,1,-,-,2025-08-04 22:14:03,04/08/2025 22:14,05/08/2025 09:33,-,0.47 dias,-,-,-,-
1869149,📍 Definir Unidade de Atendimento,1,-,-,2025-08-04 21:30:36,04/08/2025 21:30,05/08/2025 09:32,-,0.5 dias,-,-,-,-
1869149,🔍 Análise SPC (Serasa / SPC Brasil),2,comercialdigital@bancodovale.com.br,-,2025-08-05 09:32:46,05/08/2025 09:32,05/08/2025 11:00,-,0.06 dias,-,-,-,-
1869149,🕵️ Análise Agente de Crédito,4,comercialdigital@bancodovale.com.br,-,2025-08-05 11:00:03,05/08/2025 11:00,07/08/2025 17:17,-,2.26 dias,-,-,-,-
1869057,📍 Definir Unidade de Atendimento,1,-,-,2025-08-04 18:16:14,04/08/2025 18:16,05/08/2025 09:32,-,0.64 dias,-,-,-,-
1869057,🔍 Análise SPC (Serasa / SPC Brasil),2,comercialdigital@bancodovale.com.br,-,2025-08-05 09:32:07,05/08/2025 09:32,05/08/2025 09:45,-,0.01 dias,-,-,-,-
1869055,📍 Definir Unidade de Atendimento,1,-,-,2025-08-04 18:13:49,04/08/2025 18:13,05/08/2025 09:31,-,0.64 dias,-,-,-,-
1869029,📍 Definir Unidade de Atendimento,1,-,-,2025-08-04 17:49:21,04/08/2025 17:49,05/08/2025 09:31,-,0.65 dias,-,-,-,-
1869029,🔍 Análise SPC (Serasa / SPC Brasil),2,comercialdigital@bancodovale.com.br,-,2025-08-05 09:31:28,05/08/2025 09:31,05/08/2025 10:55,-,0.06 dias,-,-,-,-
1869010,📍 Definir Unidade de Atendimento,1,-,-,2025-08-04 17:27:13,04/08/2025 17:27,05/08/2025 09:31,-,0.67 dias,-,-,-,-
1868940,📍 Definir Unidade de Atendimento,1,-,-,2025-08-04 16:56:50,04/08/2025 16:56,05/08/2025 09:30,-,0.69 dias,-,-,-,-
1868940,🔍 Análise SPC (Serasa / SPC Brasil),2,comercialdigital@bancodovale.com.br,-,2025-08-05 09:30:31,05/08/2025 09:30,05/08/2025 16:04,-,0.27 dias,-,-,-,-
1868940,🕵️ Análise Agente de Crédito,4,rio@bancodovale.org.br,-,2025-08-05 16:04:48,05/08/2025 16:04,08/08/2025 17:24,-,3.06 dias,-,-,-,-
1868854,📍 Definir Unidade de Atendimento,1,-,-,2025-08-04 16:49:52,04/08/2025 16:49,04/08/2025 16:50,-,0.0 dias,-,-,-,-
1868854,🕵️ Análise Agente de Crédito,4,rio@bancodovale.org.br,-,2025-08-04 16:50:50,04/08/2025 16:50,07/08/2025 16:23,-,2.98 dias,-,-,-,-
1868722,📍 Definir Unidade de Atendimento,1,-,-,2025-08-04 16:38:40,04/08/2025 16:38,04/08/2025 16:55,-,0.01 dias,-,-,-,-
1868620,📍 Definir Unidade de Atendimento,1,-,-,2025-08-04 16:16:11,04/08/2025 16:16,04/08/2025 16:55,-,0.03 dias,-,-,-,-
1868620,🔍 Análise SPC (Serasa / SPC Brasil),2,Danielle,-,2025-08-04 16:55:54,04/08/2025 16:55,05/08/2025 11:16,-,0.76 dias,-,-,-,-
1868620,🕵️ Análise Agente de Crédito,4,Danielle,-,2025-08-05 11:16:21,05/08/2025 11:16,05/08/2025 12:00,-,0.03 dias,-,-,-,-
1868619,📍 Definir Unidade de Atendimento,1,-,-,2025-08-04 16:16:04,04/08/2025 16:16,04/08/2025 16:18,-,0.0 dias,-,-,-,-
1868619,🕵️ Análise Agente de Crédito,4,jaragua@bancodovale.org.br,-,2025-08-04 16:18:34,04/08/2025 16:18,05/08/2025 20:01,-,1.16 dias,-,-,-,-
1868619,⚠️ Pendente Cliente,W,jaragua@bancodovale.org.br,-,2025-08-05 20:01:47,05/08/2025 20:01,08/08/2025 15:55,-,2.83 dias,-,-,-,-
1868387,📍 Definir Unidade de Atendimento,1,-,-,2025-08-04 15:31:38,04/08/2025 15:31,04/08/2025 16:55,-,0.06 dias,-,-,-,-
1868387,🔍 Análise SPC (Serasa / SPC Brasil),2,Danielle,-,2025-08-04 16:55:28,04/08/2025 16:55,05/08/2025 11:05,-,0.76 dias,-,-,-,-
1868387,🕵️ Análise Agente de Crédito,4,Danielle,-,2025-08-05 11:05:41,05/08/2025 11:05,07/08/2025 08:47,-,1.9 dias,-,-,-,-
1868352,📍 Definir Unidade de Atendimento,1,-,-,2025-08-04 15:08:30,04/08/2025 15:08,04/08/2025 16:49,-,0.07 dias,-,-,-,-
1868352,🔴 Pendência SPC,3,jaragua@bancodovale.org.br,-,2025-08-04 16:49:55,04/08/2025 16:49,05/08/2025 12:53,-,0.84 dias,-,-,-,-
1868294,📍 Definir Unidade de Atendimento,1,-,-,2025-08-04 14:32:46,04/08/2025 14:32,04/08/2025 14:45,-,0.01 dias,-,-,-,-
1868294,🔍 Análise SPC (Serasa / SPC Brasil),2,comercialdigital@bancodovale.com.br,-,2025-08-04 14:45:15,04/08/2025 14:45,05/08/2025 09:32,-,0.78 dias,-,-,-,-
1868294,🕵️ Análise Agente de Crédito,4,Danielle,-,2025-08-05 09:32:18,05/08/2025 09:32,08/08/2025 12:14,-,3.11 dias,-,-,-,-
1868208,📍 Definir Unidade de Atendimento,1,-,-,2025-08-04 14:22:10,04/08/2025 14:22,04/08/2025 14:22,-,0.0 dias,-,-,-,-
1868208,🕵️ Análise Agente de Crédito,4,comercialdigital@bancodovale.com.br,-,2025-08-04 14:22:43,04/08/2025 14:22,04/08/2025 14:25,-,0.0 dias,-,-,-,-
1868208,👤 Análise Coordenação,6,natalia@bancodovale.org.br,-,2025-08-04 14:25:31,04/08/2025 14:25,04/08/2025 16:40,-,0.09 dias,-,-,-,-
1868208,🧾 Análise Mesa de Crédito,8,thiago@bancodovale.org.br,-,2025-08-04 16:40:01,04/08/2025 16:40,06/08/2025 17:23,-,2.03 dias,-,-,-,-
1868189,📍 Definir Unidade de Atendimento,1,-,-,2025-08-04 14:15:13,04/08/2025 14:15,04/08/2025 14:16,-,0.0 dias,-,-,-,-
1868155,📍 Definir Unidade de Atendimento,1,-,-,2025-08-04 13:59:56,04/08/2025 13:59,04/08/2025 14:00,-,0.0 dias,-,-,-,-
1868155,🕵️ Análise Agente de Crédito,4,jaragua@bancodovale.org.br,-,2025-08-04 14:00:06,04/08/2025 14:00,05/08/2025 20:02,-,1.25 dias,-,-,-,-
1868102,📍 Definir Unidade de Atendimento,1,-,-,2025-08-04 13:30:40,04/08/2025 13:30,04/08/2025 14:30,-,0.04 dias,-,-,-,-
1868102,🔍 Análise SPC (Serasa / SPC Brasil),2,comercialdigital@bancodovale.com.br,-,2025-08-04 14:30:25,04/08/2025 14:30,04/08/2025 15:24,-,0.04 dias,-,-,-,-
1868102,🕵️ Análise Agente de Crédito,4,bancodovaletimbo@bancodovale.org.br,-,2025-08-04 15:24:57,04/08/2025 15:24,04/08/2025 15:48,-,0.02 dias,-,-,-,-
1868091,📍 Definir Unidade de Atendimento,1,-,-,2025-08-04 13:26:41,04/08/2025 13:26,04/08/2025 14:30,-,0.04 dias,-,-,-,-
1868047,📍 Definir Unidade de Atendimento,1,-,-,2025-08-04 12:57:44,04/08/2025 12:57,04/08/2025 13:10,-,0.01 dias,-,-,-,-
1868047,🔍 Análise SPC (Serasa / SPC Brasil),2,comercialdigital@bancodovale.com.br,-,2025-08-04 13:10:40,04/08/2025 13:10,04/08/2025 15:31,-,0.1 dias,-,-,-,-
1868047,🕵️ Análise Agente de Crédito,4,bancodovaletimbo@bancodovale.org.br,-,2025-08-04 15:31:01,04/08/2025 15:31,04/08/2025 15:35,-,0.0 dias,-,-,-,-
1868047,🔴 Pendência SPC,3,bancodovaletimbo@bancodovale.org.br,-,2025-08-04 15:35:06,04/08/2025 15:35,04/08/2025 16:26,-,0.04 dias,-,-,-,-
1868042,📍 Definir Unidade de Atendimento,1,-,-,2025-08-04 12:54:38,04/08/2025 12:54,04/08/2025 14:28,-,0.07 dias,-,-,-,-
1868042,🔍 Análise SPC (Serasa / SPC Brasil),2,comercialdigital@bancodovale.com.br,-,2025-08-04 14:28:38,04/08/2025 14:28,04/08/2025 15:09,-,0.03 dias,-,-,-,-
1868042,🕵️ Análise Agente de Crédito,4,jaragua@bancodovale.org.br,-,2025-08-04 15:09:03,04/08/2025 15:09,05/08/2025 16:52,-,1.07 dias,-,-,-,-
1868012,📍 Definir Unidade de Atendimento,1,-,-,2025-08-04 12:25:48,04/08/2025 12:25,04/08/2025 12:55,-,0.02 dias,-,-,-,-
1868012,🕵️ Análise Agente de Crédito,4,bancodovaletimbo@bancodovale.org.br,-,2025-08-04 12:55:28,04/08/2025 12:55,04/08/2025 12:58,-,0.0 dias,-,-,-,-
1868012,🔴 Pendência SPC,3,bancodovaletimbo@bancodovale.org.br,-,2025-08-04 12:58:10,04/08/2025 12:58,04/08/2025 15:32,-,0.11 dias,-,-,-,-
1867999,📍 Definir Unidade de Atendimento,1,-,-,2025-08-04 12:15:31,04/08/2025 12:15,04/08/2025 12:15,-,0.0 dias,-,-,-,-
1867999,🕵️ Análise Agente de Crédito,4,Danielle,-,2025-08-04 12:15:56,04/08/2025 12:15,04/08/2025 13:03,-,0.03 dias,-,-,-,-
1867999,👤 Análise Coordenação,6,elenita@bancovale.org.br,-,2025-08-04 13:03:26,04/08/2025 13:03,05/08/2025 12:07,-,0.96 dias,-,-,-,-
1867999,🧾 Análise Mesa de Crédito,8,roberto@bancodovale.org.br,-,2025-08-05 12:07:24,05/08/2025 12:07,07/08/2025 10:53,-,1.95 dias,-,-,-,-
1867978,📍 Definir Unidade de Atendimento,1,-,-,2025-08-04 12:02:32,04/08/2025 12:02,04/08/2025 13:10,-,0.05 dias,-,-,-,-
1867978,🕵️ Análise Agente de Crédito,4,comercialdigital@bancodovale.com.br,-,2025-08-04 13:10:05,04/08/2025 13:10,06/08/2025 14:34,-,2.06 dias,-,-,-,-
1867936,📍 Definir Unidade de Atendimento,1,-,-,2025-08-04 11:44:07,04/08/2025 11:44,04/08/2025 11:49,-,0.0 dias,-,-,-,-
1867936,🔍 Análise SPC (Serasa / SPC Brasil),2,comercialdigital@bancodovale.com.br,-,2025-08-04 11:49:31,04/08/2025 11:49,04/08/2025 11:55,-,0.0 dias,-,-,-,-
1867936,🕵️ Análise Agente de Crédito,4,Danielle,-,2025-08-04 11:55:40,04/08/2025 11:55,06/08/2025 14:34,-,2.11 dias,-,-,-,-
1867900,📍 Definir Unidade de Atendimento,1,-,-,2025-08-04 11:29:05,04/08/2025 11:29,04/08/2025 11:42,-,0.01 dias,-,-,-,-
1867900,🔍 Análise SPC (Serasa / SPC Brasil),2,comercialdigital@bancodovale.com.br,-,2025-08-04 11:42:36,04/08/2025 11:42,04/08/2025 13:49,-,0.09 dias,-,-,-,-
1867900,🔴 Pendência SPC,3,jaragua@bancodovale.org.br,-,2025-08-04 13:49:02,04/08/2025 13:49,04/08/2025 14:01,-,0.01 dias,-,-,-,-
1867551,📍 Definir Unidade de Atendimento,1,-,-,2025-08-04 09:48:22,04/08/2025 09:48,04/08/2025 10:54,-,0.05 dias,-,-,-,-
1867503,📍 Definir Unidade de Atendimento,1,-,-,2025-08-04 09:21:12,04/08/2025 09:21,04/08/2025 09:40,-,0.01 dias,-,-,-,-
1867503,🔍 Análise SPC (Serasa / SPC Brasil),2,comercialdigital@bancodovale.com.br,-,2025-08-04 09:40:30,04/08/2025 09:40,04/08/2025 11:16,-,0.07 dias,-,-,-,-
1867503,🕵️ Análise Agente de Crédito,4,Bruno,-,2025-08-04 11:16:44,04/08/2025 11:16,07/08/2025 17:03,-,3.24 dias,-,-,-,-
1867448,📍 Definir Unidade de Atendimento,1,-,-,2025-08-04 08:52:31,04/08/2025 08:52,04/08/2025 08:53,-,0.0 dias,-,-,-,-
1867409,📍 Definir Unidade de Atendimento,1,-,-,2025-08-04 07:30:23,04/08/2025 07:30,04/08/2025 08:50,-,0.06 dias,-,-,-,-
1867408,📍 Definir Unidade de Atendimento,1,-,-,2025-08-04 07:22:26,04/08/2025 07:22,04/08/2025 07:22,-,0.0 dias,-,-,-,-
1867407,📍 Definir Unidade de Atendimento,1,-,-,2025-08-04 07:16:39,04/08/2025 07:16,04/08/2025 08:49,-,0.06 dias,-,-,-,-
1867407,🔍 Análise SPC (Serasa / SPC Brasil),2,comercialdigital@bancodovale.com.br,-,2025-08-04 08:49:43,04/08/2025 08:49,04/08/2025 11:56,-,0.13 dias,-,-,-,-
1867407,🕵️ Análise Agente de Crédito,4,Danielle,-,2025-08-04 11:56:35,04/08/2025 11:56,08/08/2025 12:04,-,4.01 dias,-,-,-,-
1867296,📍 Definir Unidade de Atendimento,1,-,-,2025-08-03 07:41:43,03/08/2025 07:41,04/08/2025 08:27,-,1.03 dias,-,-,-,-
1867296,🕵️ Análise Agente de Crédito,4,bancodovaletimbo@bancodovale.org.br,-,2025-08-04 08:27:01,04/08/2025 08:27,04/08/2025 08:29,-,0.0 dias,-,-,-,-
1867296,🔴 Pendência SPC,3,bancodovaletimbo@bancodovale.org.br,-,2025-08-04 08:29:59,04/08/2025 08:29,04/08/2025 08:56,-,0.02 dias,-,-,-,-
1867186,📍 Definir Unidade de Atendimento,1,-,-,2025-08-02 15:31:19,02/08/2025 15:31,04/08/2025 08:49,-,1.72 dias,-,-,-,-
1867186,🔍 Análise SPC (Serasa / SPC Brasil),2,comercialdigital@bancodovale.com.br,-,2025-08-04 08:49:20,04/08/2025 08:49,04/08/2025 09:53,-,0.04 dias,-,-,-,-
1867186,🕵️ Análise Agente de Crédito,4,comercialdigital@bancodovale.com.br,-,2025-08-04 09:53:19,04/08/2025 09:53,04/08/2025 10:07,-,0.01 dias,-,-,-,-
1867142,📍 Definir Unidade de Atendimento,1,-,-,2025-08-02 13:55:21,02/08/2025 13:55,04/08/2025 08:48,-,1.79 dias,-,-,-,-
1867142,🕵️ Análise Agente de Crédito,4,bancodovaletimbo@bancodovale.org.br,-,2025-08-04 08:48:14,04/08/2025 08:48,04/08/2025 09:07,-,0.01 dias,-,-,-,-
1867142,⚠️ Pendente Cliente,W,camila@bancodovale.org.br,-,2025-08-04 09:07:17,04/08/2025 09:07,05/08/2025 08:16,-,0.96 dias,-,-,-,-
1867026,📍 Definir Unidade de Atendimento,1,-,-,2025-08-02 10:48:34,02/08/2025 10:48,04/08/2025 08:49,-,1.92 dias,-,-,-,-
1866952,📍 Definir Unidade de Atendimento,1,-,-,2025-08-02 08:47:43,02/08/2025 08:47,04/08/2025 08:48,-,2.0 dias,-,-,-,-
1866855,📍 Definir Unidade de Atendimento,1,-,-,2025-08-01 21:40:09,01/08/2025 21:40,04/08/2025 08:47,-,2.46 dias,-,-,-,-
1866855,🔍 Análise SPC (Serasa / SPC Brasil),2,comercialdigital@bancodovale.com.br,-,2025-08-04 08:47:31,04/08/2025 08:47,04/08/2025 12:16,-,0.15 dias,-,-,-,-
1866855,🔴 Pendência SPC,3,jaragua@bancodovale.org.br,-,2025-08-04 12:16:47,04/08/2025 12:16,05/08/2025 12:54,-,1.03 dias,-,-,-,-
1866837,📍 Definir Unidade de Atendimento,1,-,-,2025-08-01 20:32:40,01/08/2025 20:32,04/08/2025 08:46,-,2.51 dias,-,-,-,-
1866837,🔍 Análise SPC (Serasa / SPC Brasil),2,comercialdigital@bancodovale.com.br,-,2025-08-04 08:46:20,04/08/2025 08:46,04/08/2025 11:43,-,0.12 dias,-,-,-,-
1866545,📍 Definir Unidade de Atendimento,1,-,-,2025-08-01 16:08:59,01/08/2025 16:08,01/08/2025 16:09,-,0.0 dias,-,-,-,-
1866545,🕵️ Análise Agente de Crédito,4,Danielle,-,2025-08-01 16:09:16,01/08/2025 16:09,01/08/2025 16:18,-,0.01 dias,-,-,-,-
1866545,⚠️ Pendência Coordenação,7,felipe@bancodovale.org.br,-,2025-08-01 16:18:32,01/08/2025 16:18,04/08/2025 11:50,-,2.81 dias,-,-,-,-
1866545,👤 Análise Coordenação,6,felipe@bancodovale.org.br,-,2025-08-04 11:50:15,04/08/2025 11:50,04/08/2025 11:50,-,0.0 dias,-,-,-,-
1866545,🧾 Análise Mesa de Crédito,8,thiago@bancodovale.org.br,-,2025-08-04 11:50:51,04/08/2025 11:50,04/08/2025 17:22,-,0.23 dias,-,-,-,-
1866447,📍 Definir Unidade de Atendimento,1,-,-,2025-08-01 15:27:03,01/08/2025 15:27,01/08/2025 15:29,-,0.0 dias,-,-,-,-
1866447,🕵️ Análise Agente de Crédito,4,comercialdigital@bancodovale.com.br,-,2025-08-01 15:29:30,01/08/2025 15:29,04/08/2025 09:40,-,2.76 dias,-,-,-,-
1866447,👤 Análise Coordenação,6,natalia@bancodovale.org.br,-,2025-08-04 09:40:53,04/08/2025 09:40,04/08/2025 11:48,-,0.09 dias,-,-,-,-
1866447,🧾 Análise Mesa de Crédito,8,thiago@bancodovale.org.br,-,2025-08-04 11:48:35,04/08/2025 11:48,05/08/2025 16:03,-,1.18 dias,-,-,-,-
1866335,📍 Definir Unidade de Atendimento,1,-,-,2025-08-01 14:27:00,01/08/2025 14:27,01/08/2025 14:27,-,0.0 dias,-,-,-,-
1866335,🕵️ Análise Agente de Crédito,4,jaragua@bancodovale.org.br,-,2025-08-01 14:27:55,01/08/2025 14:27,04/08/2025 08:46,-,2.76 dias,-,-,-,-
1866335,⚠️ Pendente Cliente,W,jessica@bancodovale.org.br,-,2025-08-04 08:46:14,04/08/2025 08:46,04/08/2025 14:02,-,0.22 dias,-,-,-,-
1866326,📍 Definir Unidade de Atendimento,1,-,-,2025-08-01 14:22:42,01/08/2025 14:22,01/08/2025 14:23,-,0.0 dias,-,-,-,-
1866326,🔍 Análise SPC (Serasa / SPC Brasil),2,comercialdigital@bancodovale.com.br,-,2025-08-01 14:23:00,01/08/2025 14:23,01/08/2025 14:23,-,0.0 dias,-,-,-,-
1866326,🕵️ Análise Agente de Crédito,4,comercialdigital@bancodovale.com.br,-,2025-08-01 14:23:43,01/08/2025 14:23,01/08/2025 14:27,-,0.0 dias,-,-,-,-
1866326,👤 Análise Coordenação,6,natalia@bancodovale.org.br,-,2025-08-01 14:27:22,01/08/2025 14:27,01/08/2025 15:59,-,0.06 dias,-,-,-,-
1866326,🧾 Análise Mesa de Crédito,8,thiago@bancodovale.org.br,-,2025-08-01 15:59:13,01/08/2025 15:59,04/08/2025 15:41,-,2.99 dias,-,-,-,-
1866298,📍 Definir Unidade de Atendimento,1,-,-,2025-08-01 14:08:36,01/08/2025 14:08,01/08/2025 14:09,-,0.0 dias,-,-,-,-
1866298,🔴 Pendência SPC,3,jaragua@bancodovale.org.br,-,2025-08-01 14:09:41,01/08/2025 14:09,05/08/2025 16:44,-,4.11 dias,-,-,-,-
1866298,✅ Aprovado,0,valdinei@bancodovale.org.br,-,2025-08-05 16:44:44,05/08/2025 16:44,05/08/2025 16:49,-,0.0 dias,-,-,-,-
1866298,🕵️ Análise Agente de Crédito,4,jaragua@bancodovale.org.br,-,2025-08-05 16:49:48,05/08/2025 16:49,05/08/2025 16:51,-,0.0 dias,-,-,-,-
1866278,📍 Definir Unidade de Atendimento,1,-,-,2025-08-01 13:52:18,01/08/2025 13:52,01/08/2025 13:52,-,0.0 dias,-,-,-,-
1866278,🕵️ Análise Agente de Crédito,4,jaragua@bancodovale.org.br,-,2025-08-01 13:52:48,01/08/2025 13:52,04/08/2025 09:09,-,2.8 dias,-,-,-,-
1866199,📍 Definir Unidade de Atendimento,1,-,-,2025-08-01 12:49:50,01/08/2025 12:49,01/08/2025 12:51,-,0.0 dias,-,-,-,-
1866199,🕵️ Análise Agente de Crédito,4,Danielle,-,2025-08-01 12:51:33,01/08/2025 12:51,01/08/2025 12:55,-,0.0 dias,-,-,-,-
1866199,👤 Análise Coordenação,6,elenita@bancovale.org.br,-,2025-08-01 12:55:09,01/08/2025 12:55,01/08/2025 13:48,-,0.04 dias,-,-,-,-
1866168,📍 Definir Unidade de Atendimento,1,-,-,2025-08-01 12:42:10,01/08/2025 12:42,01/08/2025 12:42,-,0.0 dias,-,-,-,-
1866168,🕵️ Análise Agente de Crédito,4,Danielle,-,2025-08-01 12:42:32,01/08/2025 12:42,01/08/2025 12:43,-,0.0 dias,-,-,-,-
1866168,⚠️ Pendência Coordenação,7,felipe@bancodovale.org.br,-,2025-08-01 12:43:12,01/08/2025 12:43,04/08/2025 11:50,-,2.96 dias,-,-,-,-
1866168,👤 Análise Coordenação,6,felipe@bancodovale.org.br,-,2025-08-04 11:50:32,04/08/2025 11:50,04/08/2025 11:51,-,0.0 dias,-,-,-,-
1866168,🧾 Análise Mesa de Crédito,8,thiago@bancodovale.org.br,-,2025-08-04 11:51:51,04/08/2025 11:51,05/08/2025 17:07,-,1.22 dias,-,-,-,-
1866087,📍 Definir Unidade de Atendimento,1,-,-,2025-08-01 11:56:01,01/08/2025 11:56,01/08/2025 13:29,-,0.06 dias,-,-,-,-
1866087,🔴 Pendência SPC,3,jaragua@bancodovale.org.br,-,2025-08-01 13:29:23,01/08/2025 13:29,04/08/2025 09:12,-,2.82 dias,-,-,-,-
1866018,📍 Definir Unidade de Atendimento,1,-,-,2025-08-01 11:23:49,01/08/2025 11:23,01/08/2025 13:24,-,0.08 dias,-,-,-,-
1866014,📍 Definir Unidade de Atendimento,1,-,-,2025-08-01 11:21:36,01/08/2025 11:21,01/08/2025 11:22,-,0.0 dias,-,-,-,-
1866014,🕵️ Análise Agente de Crédito,4,bancodovaletimbo@bancodovale.org.br,-,2025-08-01 11:22:28,01/08/2025 11:22,01/08/2025 14:23,-,0.13 dias,-,-,-,-
1866014,⚠️ Pendente Cliente,W,caciane@bancodovale.org.br,-,2025-08-01 14:23:21,01/08/2025 14:23,01/08/2025 16:17,-,0.08 dias,-,-,-,-
1866003,📍 Definir Unidade de Atendimento,1,-,-,2025-08-01 11:17:59,01/08/2025 11:17,01/08/2025 11:18,-,0.0 dias,-,-,-,-
1866003,🕵️ Análise Agente de Crédito,4,jaragua@bancodovale.org.br,-,2025-08-01 11:18:30,01/08/2025 11:18,04/08/2025 09:10,-,2.91 dias,-,-,-,-
1866003,⚠️ Pendente Cliente,W,gilmara@bancodovale.org.br,-,2025-08-04 09:10:28,04/08/2025 09:10,04/08/2025 13:55,-,0.2 dias,-,-,-,-
1866003,🧾 Análise Mesa de Crédito,8,gilmara@bancodovale.org.br,-,2025-08-04 13:55:05,04/08/2025 13:55,06/08/2025 16:02,-,2.09 dias,-,-,-,-
1865998,📍 Definir Unidade de Atendimento,1,-,-,2025-08-01 11:12:59,01/08/2025 11:12,01/08/2025 11:18,-,0.0 dias,-,-,-,-
1865998,🕵️ Análise Agente de Crédito,4,bancodovaletimbo@bancodovale.org.br,-,2025-08-01 11:18:27,01/08/2025 11:18,01/08/2025 14:25,-,0.13 dias,-,-,-,-
1865994,📍 Definir Unidade de Atendimento,1,-,-,2025-08-01 11:11:45,01/08/2025 11:11,01/08/2025 11:12,-,0.0 dias,-,-,-,-
1865994,🔴 Pendência SPC,3,jaragua@bancodovale.org.br,-,2025-08-01 11:12:40,01/08/2025 11:12,04/08/2025 08:46,-,2.9 dias,-,-,-,-
1865994,⚠️ Pendente Cliente,W,jessica@bancodovale.org.br,-,2025-08-04 08:46:40,04/08/2025 08:46,05/08/2025 10:22,-,1.07 dias,-,-,-,-
1865983,📍 Definir Unidade de Atendimento,1,-,-,2025-08-01 11:03:40,01/08/2025 11:03,01/08/2025 11:04,-,0.0 dias,-,-,-,-
1865983,🕵️ Análise Agente de Crédito,4,Danielle,-,2025-08-01 11:04:15,01/08/2025 11:04,01/08/2025 14:04,-,0.13 dias,-,-,-,-
1865983,👤 Análise Coordenação,6,dennis@bancodovale.org.br,-,2025-08-01 14:04:27,01/08/2025 14:04,01/08/2025 14:40,-,0.02 dias,-,-,-,-
1865983,🧾 Análise Mesa de Crédito,8,thiago@bancodovale.org.br,-,2025-08-01 14:40:23,01/08/2025 14:40,07/08/2025 11:21,-,5.86 dias,-,-,-,-
1865930,📍 Definir Unidade de Atendimento,1,-,-,2025-08-01 10:45:13,01/08/2025 10:45,01/08/2025 11:12,-,0.02 dias,-,-,-,-
1865772,📍 Definir Unidade de Atendimento,1,-,-,2025-08-01 10:12:36,01/08/2025 10:12,01/08/2025 10:15,-,0.0 dias,-,-,-,-
1865772,🕵️ Análise Agente de Crédito,4,bancodovaletimbo@bancodovale.org.br,-,2025-08-01 10:15:35,01/08/2025 10:15,01/08/2025 10:23,-,0.01 dias,-,-,-,-
1865772,🧾 Análise Mesa de Crédito,8,camila@bancodovale.org.br,-,2025-08-01 10:23:59,01/08/2025 10:23,01/08/2025 13:29,-,0.13 dias,-,-,-,-
1865646,📍 Definir Unidade de Atendimento,1,-,-,2025-08-01 08:48:40,01/08/2025 08:48,01/08/2025 08:56,-,0.01 dias,-,-,-,-
1865640,📍 Definir Unidade de Atendimento,1,-,-,2025-08-01 08:41:08,01/08/2025 08:41,01/08/2025 08:59,-,0.01 dias,-,-,-,-
1865611,📍 Definir Unidade de Atendimento,1,-,-,2025-08-01 07:32:29,01/08/2025 07:32,01/08/2025 08:58,-,0.06 dias,-,-,-,-
1865611,🔍 Análise SPC (Serasa / SPC Brasil),2,comercialdigital@bancodovale.com.br,-,2025-08-01 08:58:43,01/08/2025 08:58,01/08/2025 11:03,-,0.09 dias,-,-,-,-
1865611,🕵️ Análise Agente de Crédito,4,Danielle,-,2025-08-01 11:03:51,01/08/2025 11:03,04/08/2025 09:03,-,2.92 dias,-,-,-,-
1865439,📍 Definir Unidade de Atendimento,1,-,-,2025-07-31 18:17:32,31/07/2025 18:17,01/08/2025 08:58,-,0.61 dias,-,-,-,-
1865439,🔍 Análise SPC (Serasa / SPC Brasil),2,comercialdigital@bancodovale.com.br,-,2025-08-01 08:58:12,01/08/2025 08:58,01/08/2025 09:44,-,0.03 dias,-,-,-,-
1865439,🕵️ Análise Agente de Crédito,4,comercialdigital@bancodovale.com.br,-,2025-08-01 09:44:32,01/08/2025 09:44,05/08/2025 11:56,-,4.09 dias,-,-,-,-
1865439,👤 Análise Coordenação,6,alinef@bancodovale.org.br,-,2025-08-05 11:56:51,05/08/2025 11:56,06/08/2025 11:05,-,0.96 dias,-,-,-,-
1865157,📍 Definir Unidade de Atendimento,1,-,-,2025-07-31 15:26:14,31/07/2025 15:26,01/08/2025 08:56,-,0.73 dias,-,-,-,-
1865157,🔍 Análise SPC (Serasa / SPC Brasil),2,comercialdigital@bancodovale.com.br,-,2025-08-01 08:56:04,01/08/2025 08:56,01/08/2025 10:34,-,0.07 dias,-,-,-,-
1865045,📍 Definir Unidade de Atendimento,1,-,-,2025-07-31 14:07:17,31/07/2025 14:07,31/07/2025 14:09,-,0.0 dias,-,-,-,-
1865045,🕵️ Análise Agente de Crédito,4,rio@bancodovale.org.br,-,2025-07-31 14:09:07,31/07/2025 14:09,04/08/2025 14:36,-,4.02 dias,-,-,-,-
1864982,📍 Definir Unidade de Atendimento,1,-,-,2025-07-31 13:26:26,31/07/2025 13:26,31/07/2025 13:28,-,0.0 dias,-,-,-,-
1864982,🕵️ Análise Agente de Crédito,4,jaragua@bancodovale.org.br,-,2025-07-31 13:28:42,31/07/2025 13:28,31/07/2025 16:56,-,0.14 dias,-,-,-,-
1864982,⚠️ Pendente Cliente,W,jessica@bancodovale.org.br,-,2025-07-31 16:56:17,31/07/2025 16:56,05/08/2025 10:23,-,4.73 dias,-,-,-,-
1864953,📍 Definir Unidade de Atendimento,1,-,-,2025-07-31 13:10:56,31/07/2025 13:10,31/07/2025 14:22,-,0.05 dias,-,-,-,-
1864953,🔍 Análise SPC (Serasa / SPC Brasil),2,comercialdigital@bancodovale.com.br,-,2025-07-31 14:22:29,31/07/2025 14:22,31/07/2025 14:33,-,0.01 dias,-,-,-,-
1864953,🕵️ Análise Agente de Crédito,4,Bruno,-,2025-07-31 14:33:21,31/07/2025 14:33,05/08/2025 16:32,-,5.08 dias,-,-,-,-
1864884,📍 Definir Unidade de Atendimento,1,-,-,2025-07-31 12:38:57,31/07/2025 12:38,31/07/2025 14:22,-,0.07 dias,-,-,-,-
1864884,🔍 Análise SPC (Serasa / SPC Brasil),2,comercialdigital@bancodovale.com.br,-,2025-07-31 14:22:06,31/07/2025 14:22,31/07/2025 14:59,-,0.03 dias,-,-,-,-
1864884,🕵️ Análise Agente de Crédito,4,comercialdigital@bancodovale.com.br,-,2025-07-31 14:59:15,31/07/2025 14:59,31/07/2025 15:02,-,0.0 dias,-,-,-,-
1864884,⚠️ Pendente Cliente,W,natalia@bancodovale.org.br,-,2025-07-31 15:02:38,31/07/2025 15:02,04/08/2025 10:10,-,3.8 dias,-,-,-,-
1864855,📍 Definir Unidade de Atendimento,1,-,-,2025-07-31 12:21:32,31/07/2025 12:21,31/07/2025 14:20,-,0.08 dias,-,-,-,-
1864855,🔍 Análise SPC (Serasa / SPC Brasil),2,comercialdigital@bancodovale.com.br,-,2025-07-31 14:20:27,31/07/2025 14:20,31/07/2025 14:36,-,0.01 dias,-,-,-,-
1864855,🕵️ Análise Agente de Crédito,4,comercialdigital@bancodovale.com.br,-,2025-07-31 14:36:59,31/07/2025 14:36,01/08/2025 11:08,-,0.85 dias,-,-,-,-
1864847,📍 Definir Unidade de Atendimento,1,-,-,2025-07-31 12:15:35,31/07/2025 12:15,31/07/2025 14:15,-,0.08 dias,-,-,-,-
1864847,🔍 Análise SPC (Serasa / SPC Brasil),2,comercialdigital@bancodovale.com.br,-,2025-07-31 14:15:53,31/07/2025 14:15,31/07/2025 14:19,-,0.0 dias,-,-,-,-
1864836,📍 Definir Unidade de Atendimento,1,-,-,2025-07-31 12:09:27,31/07/2025 12:09,31/07/2025 12:10,-,0.0 dias,-,-,-,-
1864836,🕵️ Análise Agente de Crédito,4,jaragua@bancodovale.org.br,-,2025-07-31 12:10:14,31/07/2025 12:10,31/07/2025 16:59,-,0.2 dias,-,-,-,-
1864836,⚠️ Pendente Cliente,W,gilmara@bancodovale.org.br,-,2025-07-31 16:59:23,31/07/2025 16:59,07/08/2025 09:24,-,6.68 dias,-,-,-,-
1864731,📍 Definir Unidade de Atendimento,1,-,-,2025-07-31 11:27:08,31/07/2025 11:27,31/07/2025 11:27,-,0.0 dias,-,-,-,-
1864452,📍 Definir Unidade de Atendimento,1,-,-,2025-07-31 10:20:22,31/07/2025 10:20,31/07/2025 10:34,-,0.01 dias,-,-,-,-
1864452,🔍 Análise SPC (Serasa / SPC Brasil),2,comercialdigital@bancodovale.com.br,-,2025-07-31 10:34:49,31/07/2025 10:34,31/07/2025 11:35,-,0.04 dias,-,-,-,-
1864452,🕵️ Análise Agente de Crédito,4,comercialdigital@bancodovale.com.br,-,2025-07-31 11:35:28,31/07/2025 11:35,05/08/2025 11:58,-,5.02 dias,-,-,-,-
1864440,📍 Definir Unidade de Atendimento,1,-,-,2025-07-31 10:14:08,31/07/2025 10:14,31/07/2025 10:34,-,0.01 dias,-,-,-,-
1864440,🔍 Análise SPC (Serasa / SPC Brasil),2,comercialdigital@bancodovale.com.br,-,2025-07-31 10:34:09,31/07/2025 10:34,31/07/2025 11:46,-,0.05 dias,-,-,-,-
1864440,🕵️ Análise Agente de Crédito,4,comercialdigital@bancodovale.com.br,-,2025-07-31 11:46:33,31/07/2025 11:46,05/08/2025 11:59,-,5.01 dias,-,-,-,-
1864436,📍 Definir Unidade de Atendimento,1,-,-,2025-07-31 10:11:37,31/07/2025 10:11,31/07/2025 10:28,-,0.01 dias,-,-,-,-
1864436,🕵️ Análise Agente de Crédito,4,comercialdigital@bancodovale.com.br,-,2025-07-31 10:28:24,31/07/2025 10:28,31/07/2025 10:35,-,0.0 dias,-,-,-,-
1864402,📍 Definir Unidade de Atendimento,1,-,-,2025-07-31 09:50:50,31/07/2025 09:50,31/07/2025 10:32,-,0.03 dias,-,-,-,-
1864402,🔍 Análise SPC (Serasa / SPC Brasil),2,comercialdigital@bancodovale.com.br,-,2025-07-31 10:32:32,31/07/2025 10:32,31/07/2025 14:13,-,0.15 dias,-,-,-,-
1864402,🕵️ Análise Agente de Crédito,4,comercialdigital@bancodovale.com.br,-,2025-07-31 14:13:58,31/07/2025 14:13,06/08/2025 14:34,-,6.01 dias,-,-,-,-
1864401,📍 Definir Unidade de Atendimento,1,-,-,2025-07-31 09:50:25,31/07/2025 09:50,31/07/2025 09:50,-,0.0 dias,-,-,-,-
1864401,🕵️ Análise Agente de Crédito,4,Danielle,-,2025-07-31 09:50:48,31/07/2025 09:50,31/07/2025 16:10,-,0.26 dias,-,-,-,-
1864401,👤 Análise Coordenação,6,elenita@bancovale.org.br,-,2025-07-31 16:10:36,31/07/2025 16:10,01/08/2025 13:48,-,0.9 dias,-,-,-,-
1864214,📍 Definir Unidade de Atendimento,1,-,-,2025-07-30 20:40:29,30/07/2025 20:40,31/07/2025 08:50,-,0.51 dias,-,-,-,-
1864214,🔍 Análise SPC (Serasa / SPC Brasil),2,comercialdigital@bancodovale.com.br,-,2025-07-31 08:50:03,31/07/2025 08:50,31/07/2025 16:17,-,0.31 dias,-,-,-,-
1864214,🕵️ Análise Agente de Crédito,4,KATLIN,-,2025-07-31 16:17:18,31/07/2025 16:17,04/08/2025 14:35,-,3.93 dias,-,-,-,-
1864178,📍 Definir Unidade de Atendimento,1,-,-,2025-07-30 19:24:55,30/07/2025 19:24,31/07/2025 08:48,-,0.56 dias,-,-,-,-
1864178,🔍 Análise SPC (Serasa / SPC Brasil),2,comercialdigital@bancodovale.com.br,-,2025-07-31 08:48:44,31/07/2025 08:48,31/07/2025 09:01,-,0.01 dias,-,-,-,-
1864178,🕵️ Análise Agente de Crédito,4,Bruno,-,2025-07-31 09:01:20,31/07/2025 09:01,05/08/2025 16:33,-,5.31 dias,-,-,-,-
1863911,📍 Definir Unidade de Atendimento,1,-,-,2025-07-30 15:57:01,30/07/2025 15:57,30/07/2025 15:59,-,0.0 dias,-,-,-,-
1863911,🕵️ Análise Agente de Crédito,4,bancodovaletimbo@bancodovale.org.br,-,2025-07-30 15:59:07,30/07/2025 15:59,30/07/2025 16:53,-,0.04 dias,-,-,-,-
1863911,⚠️ Pendente Cliente,W,camila@bancodovale.org.br,-,2025-07-30 16:53:57,30/07/2025 16:53,05/08/2025 08:14,-,5.64 dias,-,-,-,-
1863822,📍 Definir Unidade de Atendimento,1,-,-,2025-07-30 15:13:54,30/07/2025 15:13,30/07/2025 15:14,-,0.0 dias,-,-,-,-
1863822,🕵️ Análise Agente de Crédito,4,Danielle,-,2025-07-30 15:14:31,30/07/2025 15:14,31/07/2025 10:04,-,0.78 dias,-,-,-,-
1863822,👤 Análise Coordenação,6,elenita@bancovale.org.br,-,2025-07-31 10:04:20,31/07/2025 10:04,01/08/2025 13:48,-,1.16 dias,-,-,-,-
1863813,📍 Definir Unidade de Atendimento,1,-,-,2025-07-30 15:08:35,30/07/2025 15:08,30/07/2025 15:08,-,0.0 dias,-,-,-,-
1863813,🕵️ Análise Agente de Crédito,4,Danielle,-,2025-07-30 15:08:56,30/07/2025 15:08,30/07/2025 15:19,-,0.01 dias,-,-,-,-
1863813,👤 Análise Coordenação,6,felipe@bancodovale.org.br,-,2025-07-30 15:19:01,30/07/2025 15:19,30/07/2025 16:50,-,0.06 dias,-,-,-,-
1863767,📍 Definir Unidade de Atendimento,1,-,-,2025-07-30 14:46:31,30/07/2025 14:46,30/07/2025 14:46,-,0.0 dias,-,-,-,-
1863767,🕵️ Análise Agente de Crédito,4,Danielle,-,2025-07-30 14:46:45,30/07/2025 14:46,01/08/2025 12:43,-,1.91 dias,-,-,-,-
1863767,👤 Análise Coordenação,6,elenita@bancovale.org.br,-,2025-08-01 12:43:34,01/08/2025 12:43,05/08/2025 12:07,-,3.97 dias,-,-,-,-
1863361,📍 Definir Unidade de Atendimento,1,-,-,2025-07-30 10:47:39,30/07/2025 10:47,30/07/2025 10:48,-,0.0 dias,-,-,-,-
1863361,🕵️ Análise Agente de Crédito,4,jaragua@bancodovale.org.br,-,2025-07-30 10:48:00,30/07/2025 10:48,30/07/2025 14:43,-,0.16 dias,-,-,-,-
1863361,⚠️ Pendente Cliente,W,gilmara@bancodovale.org.br,-,2025-07-30 14:43:59,30/07/2025 14:43,05/08/2025 16:35,-,6.08 dias,-,-,-,-
1863361,🧾 Análise Mesa de Crédito,8,jaragua@bancodovale.org.br,-,2025-08-05 16:35:51,05/08/2025 16:35,06/08/2025 09:41,-,0.71 dias,-,-,-,-
1862763,📍 Definir Unidade de Atendimento,1,-,-,2025-07-29 17:10:08,29/07/2025 17:10,29/07/2025 17:12,-,0.0 dias,-,-,-,-
1862763,🕵️ Análise Agente de Crédito,4,KATLIN,-,2025-07-29 17:12:26,29/07/2025 17:12,30/07/2025 16:51,-,0.99 dias,-,-,-,-
1862763,⚠️ Pendente Cliente,W,rejane@bancodovale.org.br,-,2025-07-30 16:51:27,30/07/2025 16:51,07/08/2025 14:35,-,7.91 dias,-,-,-,-
1862564,📍 Definir Unidade de Atendimento,1,-,-,2025-07-29 15:34:51,29/07/2025 15:34,29/07/2025 15:35,-,0.0 dias,-,-,-,-
1862564,🕵️ Análise Agente de Crédito,4,Bruno,-,2025-07-29 15:35:45,29/07/2025 15:35,31/07/2025 10:42,-,1.8 dias,-,-,-,-
1862502,📍 Definir Unidade de Atendimento,1,-,-,2025-07-29 15:01:42,29/07/2025 15:01,29/07/2025 15:02,-,0.0 dias,-,-,-,-
1862502,🕵️ Análise Agente de Crédito,4,jaragua@bancodovale.org.br,-,2025-07-29 15:02:09,29/07/2025 15:02,29/07/2025 16:49,-,0.07 dias,-,-,-,-
1862502,⚠️ Pendente Cliente,W,gilmara@bancodovale.org.br,-,2025-07-29 16:49:59,29/07/2025 16:49,04/08/2025 09:14,-,5.68 dias,-,-,-,-
1862442,📍 Definir Unidade de Atendimento,1,-,-,2025-07-29 14:26:03,29/07/2025 14:26,29/07/2025 14:30,-,0.0 dias,-,-,-,-
1862082,📍 Definir Unidade de Atendimento,1,-,-,2025-07-29 11:49:48,29/07/2025 11:49,29/07/2025 11:52,-,0.0 dias,-,-,-,-
1862082,🧾 Análise Mesa de Crédito,8,KATLIN,-,2025-07-29 11:52:55,29/07/2025 11:52,01/08/2025 13:04,-,3.05 dias,-,-,-,-
1861891,📍 Definir Unidade de Atendimento,1,-,-,2025-07-29 10:17:37,29/07/2025 10:17,29/07/2025 10:18,-,0.0 dias,-,-,-,-
1861891,🕵️ Análise Agente de Crédito,4,rio@bancodovale.org.br,-,2025-07-29 10:18:01,29/07/2025 10:18,06/08/2025 10:31,-,8.01 dias,-,-,-,-
1861303,📍 Definir Unidade de Atendimento,1,-,-,2025-07-28 16:11:59,28/07/2025 16:11,28/07/2025 16:13,-,0.0 dias,-,-,-,-
1861303,🕵️ Análise Agente de Crédito,4,jaragua@bancodovale.org.br,-,2025-07-28 16:13:05,28/07/2025 16:13,29/07/2025 09:38,-,0.73 dias,-,-,-,-
1861303,⚠️ Pendente Cliente,W,jessica@bancodovale.org.br,-,2025-07-29 09:38:36,29/07/2025 09:38,04/08/2025 15:22,-,6.24 dias,-,-,-,-
1861198,📍 Definir Unidade de Atendimento,1,-,-,2025-07-28 15:24:28,28/07/2025 15:24,28/07/2025 15:33,-,0.01 dias,-,-,-,-
1861198,🔍 Análise SPC (Serasa / SPC Brasil),2,comercialdigital@bancodovale.com.br,-,2025-07-28 15:33:38,28/07/2025 15:33,28/07/2025 16:13,-,0.03 dias,-,-,-,-
1861198,🕵️ Análise Agente de Crédito,4,Bruno,-,2025-07-28 16:13:12,28/07/2025 16:13,01/08/2025 11:13,-,3.79 dias,-,-,-,-
1861057,📍 Definir Unidade de Atendimento,1,-,-,2025-07-28 14:24:03,28/07/2025 14:24,28/07/2025 14:24,-,0.0 dias,-,-,-,-
1861057,🕵️ Análise Agente de Crédito,4,Bruno,-,2025-07-28 14:24:50,28/07/2025 14:24,31/07/2025 14:50,-,3.02 dias,-,-,-,-
1858532,📍 Definir Unidade de Atendimento,1,-,-,2025-07-25 18:58:20,25/07/2025 18:58,28/07/2025 08:41,-,2.57 dias,-,-,-,-
1858532,🔍 Análise SPC (Serasa / SPC Brasil),2,comercialdigital@bancodovale.com.br,-,2025-07-28 08:41:02,28/07/2025 08:41,28/07/2025 10:53,-,0.09 dias,-,-,-,-
1858532,🕵️ Análise Agente de Crédito,4,jaragua@bancodovale.org.br,-,2025-07-28 10:53:43,28/07/2025 10:53,28/07/2025 17:24,-,0.27 dias,-,-,-,-
1858532,⚠️ Pendente Cliente,W,jessica@bancodovale.org.br,-,2025-07-28 17:24:12,28/07/2025 17:24,30/07/2025 10:19,-,1.71 dias,-,-,-,-
1858532,🙅 Desistiu,Z,jessica@bancodovale.org.br,-,2025-07-30 10:19:49,30/07/2025 10:19,30/07/2025 16:25,-,0.25 dias,-,-,-,-
1858532,🕵️ Análise Agente de Crédito,4,jessica@bancodovale.org.br,-,2025-07-30 16:25:40,30/07/2025 16:25,30/07/2025 16:26,-,0.0 dias,-,-,-,-
1858532,🧾 Análise Mesa de Crédito,8,jessica@bancodovale.org.br,-,2025-07-30 16:26:06,30/07/2025 16:26,01/08/2025 13:17,-,1.87 dias,-,-,-,-
1858317,📍 Definir Unidade de Atendimento,1,-,-,2025-07-25 16:00:48,25/07/2025 16:00,25/07/2025 16:55,-,0.04 dias,-,-,-,-
1858317,🔍 Análise SPC (Serasa / SPC Brasil),2,Fernando,-,2025-07-25 16:55:13,25/07/2025 16:55,28/07/2025 09:00,-,2.67 dias,-,-,-,-
1858317,🕵️ Análise Agente de Crédito,4,comercialdigital@bancodovale.com.br,-,2025-07-28 09:00:13,28/07/2025 09:00,28/07/2025 09:15,-,0.01 dias,-,-,-,-
1858317,⚠️ Pendente Cliente,W,natalia@bancodovale.org.br,-,2025-07-28 09:15:40,28/07/2025 09:15,04/08/2025 10:11,-,7.04 dias,-,-,-,-
1858061,📍 Definir Unidade de Atendimento,1,-,-,2025-07-25 13:20:40,25/07/2025 13:20,25/07/2025 14:28,-,0.05 dias,-,-,-,-
1858061,🔍 Análise SPC (Serasa / SPC Brasil),2,comercialdigital@bancodovale.com.br,-,2025-07-25 14:28:54,25/07/2025 14:28,25/07/2025 16:18,-,0.08 dias,-,-,-,-
1858061,🕵️ Análise Agente de Crédito,4,Danielle,-,2025-07-25 16:18:51,25/07/2025 16:18,06/08/2025 17:24,-,12.05 dias,-,-,-,-
1858061,👤 Análise Coordenação,6,dennis@bancodovale.org.br,-,2025-08-06 17:24:25,06/08/2025 17:24,07/08/2025 16:28,-,0.96 dias,-,-,-,-
1852761,📍 Definir Unidade de Atendimento,1,-,-,2025-07-24 09:20:52,24/07/2025 09:20,24/07/2025 09:21,-,0.0 dias,-,-,-,-
1852761,🕵️ Análise Agente de Crédito,4,rio@bancodovale.org.br,-,2025-07-24 09:21:05,24/07/2025 09:21,01/08/2025 16:18,-,8.29 dias,-,-,-,-
1852761,🧾 Análise Mesa de Crédito,8,ivan@bancodovale.org.br,-,2025-08-01 16:18:43,01/08/2025 16:18,05/08/2025 09:27,-,3.71 dias,-,-,-,-
1852214,📍 Definir Unidade de Atendimento,1,-,-,2025-07-23 16:36:18,23/07/2025 16:36,23/07/2025 16:36,-,0.0 dias,-,-,-,-
1852214,🕵️ Análise Agente de Crédito,4,jaragua@bancodovale.org.br,-,2025-07-23 16:36:40,23/07/2025 16:36,24/07/2025 15:07,-,0.94 dias,-,-,-,-
1852214,⚠️ Pendente Cliente,W,jaragua@bancodovale.org.br,-,2025-07-24 15:07:29,24/07/2025 15:07,31/07/2025 10:28,-,6.81 dias,-,-,-,-
1852214,🧾 Análise Mesa de Crédito,8,jaragua@bancodovale.org.br,-,2025-07-31 10:28:00,31/07/2025 10:28,01/08/2025 13:14,-,1.12 dias,-,-,-,-
1851955,📍 Definir Unidade de Atendimento,1,-,-,2025-07-23 14:36:45,23/07/2025 14:36,23/07/2025 14:46,-,0.01 dias,-,-,-,-
1851955,🔴 Pendência SPC,3,jaragua@bancodovale.org.br,-,2025-07-23 14:46:01,23/07/2025 14:46,24/07/2025 14:49,-,1.0 dias,-,-,-,-
1851955,🧾 Análise Mesa de Crédito,8,jessica@bancodovale.org.br,-,2025-07-24 14:49:06,24/07/2025 14:49,01/08/2025 13:17,-,7.94 dias,-,-,-,-
1851248,📍 Definir Unidade de Atendimento,1,-,-,2025-07-23 09:42:04,23/07/2025 09:42,23/07/2025 09:43,-,0.0 dias,-,-,-,-
1851248,🔍 Análise SPC (Serasa / SPC Brasil),2,comercialdigital@bancodovale.com.br,-,2025-07-23 09:43:54,23/07/2025 09:43,23/07/2025 10:07,-,0.02 dias,-,-,-,-
1851248,🕵️ Análise Agente de Crédito,4,comercialdigital@bancodovale.com.br,-,2025-07-23 10:07:28,23/07/2025 10:07,23/07/2025 10:11,-,0.0 dias,-,-,-,-
1851248,⚠️ Pendente Cliente,W,natalia@bancodovale.org.br,-,2025-07-23 10:11:49,23/07/2025 10:11,04/08/2025 10:12,-,12.0 dias,-,-,-,-
1850826,📍 Definir Unidade de Atendimento,1,-,-,2025-07-22 17:34:31,22/07/2025 17:34,22/07/2025 17:34,-,0.0 dias,-,-,-,-
1850826,🕵️ Análise Agente de Crédito,4,jaragua@bancodovale.org.br,-,2025-07-22 17:34:43,22/07/2025 17:34,23/07/2025 11:51,-,0.76 dias,-,-,-,-
1850826,🧾 Análise Mesa de Crédito,8,jessica@bancodovale.org.br,-,2025-07-23 11:51:44,23/07/2025 11:51,01/08/2025 13:17,-,9.06 dias,-,-,-,-
1850821,📍 Definir Unidade de Atendimento,1,-,-,2025-07-22 17:30:24,22/07/2025 17:30,22/07/2025 17:31,-,0.0 dias,-,-,-,-
1850821,🕵️ Análise Agente de Crédito,4,Bruno,-,2025-07-22 17:31:11,22/07/2025 17:31,28/07/2025 14:35,-,5.88 dias,-,-,-,-
1850632,📍 Definir Unidade de Atendimento,1,-,-,2025-07-22 16:04:02,22/07/2025 16:04,23/07/2025 09:18,-,0.72 dias,-,-,-,-
1850632,🔍 Análise SPC (Serasa / SPC Brasil),2,Fernando,-,2025-07-23 09:18:51,23/07/2025 09:18,23/07/2025 09:55,-,0.03 dias,-,-,-,-
1850632,🕵️ Análise Agente de Crédito,4,comercialdigital@bancodovale.com.br,-,2025-07-23 09:55:37,23/07/2025 09:55,23/07/2025 10:00,-,0.0 dias,-,-,-,-
1850632,⚠️ Pendente Cliente,W,natalia@bancodovale.org.br,-,2025-07-23 10:00:30,23/07/2025 10:00,04/08/2025 10:14,-,12.01 dias,-,-,-,-
1850450,📍 Definir Unidade de Atendimento,1,-,-,2025-07-22 14:39:03,22/07/2025 14:39,22/07/2025 14:39,-,0.0 dias,-,-,-,-
1850450,🕵️ Análise Agente de Crédito,4,Bruno,-,2025-07-22 14:39:29,22/07/2025 14:39,28/07/2025 14:35,-,6.0 dias,-,-,-,-
1850277,📍 Definir Unidade de Atendimento,1,-,-,2025-07-22 13:06:39,22/07/2025 13:06,22/07/2025 14:24,-,0.05 dias,-,-,-,-
1850277,🔍 Análise SPC (Serasa / SPC Brasil),2,comercialdigital@bancodovale.com.br,-,2025-07-22 14:24:43,22/07/2025 14:24,23/07/2025 09:51,-,0.81 dias,-,-,-,-
1850277,🕵️ Análise Agente de Crédito,4,Danielle,-,2025-07-23 09:51:44,23/07/2025 09:51,06/08/2025 16:46,-,14.29 dias,-,-,-,-
1847525,📍 Definir Unidade de Atendimento,1,-,-,2025-07-21 12:23:10,21/07/2025 12:23,21/07/2025 15:45,-,0.14 dias,-,-,-,-
1847525,🔍 Análise SPC (Serasa / SPC Brasil),2,Fernando,-,2025-07-21 15:45:02,21/07/2025 15:45,22/07/2025 13:30,-,0.91 dias,-,-,-,-
1847525,🕵️ Análise Agente de Crédito,4,KATLIN,-,2025-07-22 13:30:20,22/07/2025 13:30,24/07/2025 08:48,-,1.8 dias,-,-,-,-
1847525,⚠️ Pendente Cliente,W,adriana@bancodovale.org.br,-,2025-07-24 08:48:23,24/07/2025 08:48,06/08/2025 09:21,-,13.02 dias,-,-,-,-
1847525,🧾 Análise Mesa de Crédito,8,adriana@bancodovale.org.br,-,2025-08-06 09:21:38,06/08/2025 09:21,07/08/2025 14:39,-,1.22 dias,-,-,-,-
1845009,📍 Definir Unidade de Atendimento,1,-,-,2025-07-21 05:03:27,21/07/2025 05:03,21/07/2025 09:06,-,0.17 dias,-,-,-,-
1845009,🔍 Análise SPC (Serasa / SPC Brasil),2,comercialdigital@bancodovale.com.br,-,2025-07-21 09:06:03,21/07/2025 09:06,22/07/2025 08:31,-,0.98 dias,-,-,-,-
1845009,🕵️ Análise Agente de Crédito,4,Danielle,-,2025-07-22 08:31:21,22/07/2025 08:31,07/08/2025 15:01,-,16.27 dias,-,-,-,-
1836828,📍 Definir Unidade de Atendimento,1,-,-,2025-07-17 09:17:05,17/07/2025 09:17,17/07/2025 10:58,-,0.07 dias,-,-,-,-
1836828,🕵️ Análise Agente de Crédito,4,jaragua@bancodovale.org.br,-,2025-07-17 10:58:55,17/07/2025 10:58,18/07/2025 14:23,-,1.14 dias,-,-,-,-
1836828,⚠️ Pendente Cliente,W,jessica@bancodovale.org.br,-,2025-07-18 14:23:08,18/07/2025 14:23,22/07/2025 16:15,-,4.08 dias,-,-,-,-
1836828,🧾 Análise Mesa de Crédito,8,jessica@bancodovale.org.br,-,2025-07-22 16:15:28,22/07/2025 16:15,01/08/2025 13:17,-,9.88 dias,-,-,-,-
1836656,📍 Definir Unidade de Atendimento,1,-,-,2025-07-17 08:58:17,17/07/2025 08:58,17/07/2025 08:58,-,0.0 dias,-,-,-,-
1836656,🕵️ Análise Agente de Crédito,4,rio@bancodovale.org.br,-,2025-07-17 08:58:49,17/07/2025 08:58,18/07/2025 15:06,-,1.26 dias,-,-,-,-
1836656,🧾 Análise Mesa de Crédito,8,ivan@bancodovale.org.br,-,2025-07-18 15:06:35,18/07/2025 15:06,01/08/2025 13:20,-,13.93 dias,-,-,-,-
1835358,📍 Definir Unidade de Atendimento,1,-,-,2025-07-16 14:44:00,16/07/2025 14:44,16/07/2025 14:44,-,0.0 dias,-,-,-,-
1835358,🕵️ Análise Agente de Crédito,4,rio@bancodovale.org.br,-,2025-07-16 14:44:19,16/07/2025 14:44,16/07/2025 15:19,-,0.02 dias,-,-,-,-
1835358,🧾 Análise Mesa de Crédito,8,ivan@bancodovale.org.br,-,2025-07-16 15:19:25,16/07/2025 15:19,01/08/2025 13:20,-,15.92 dias,-,-,-,-
1832016,📍 Definir Unidade de Atendimento,1,-,-,2025-07-15 10:49:36,15/07/2025 10:49,15/07/2025 11:07,-,0.01 dias,-,-,-,-
1832016,🔍 Análise SPC (Serasa / SPC Brasil),2,comercialdigital@bancodovale.org.br,-,2025-07-15 11:07:31,15/07/2025 11:07,15/07/2025 13:50,-,0.11 dias,-,-,-,-
1832016,🕵️ Análise Agente de Crédito,4,Danielle,-,2025-07-15 13:50:43,15/07/2025 13:50,06/08/2025 13:26,-,21.98 dias,-,-,-,-
1832016,👤 Análise Coordenação,6,pierre@bancodovale.org.br,-,2025-08-06 13:26:43,06/08/2025 13:26,06/08/2025 15:53,-,0.1 dias,-,-,-,-
1832016,🧾 Análise Mesa de Crédito,8,thiago@bancodovale.org.br,-,2025-08-06 15:53:52,06/08/2025 15:53,08/08/2025 15:56,-,2.0 dias,-,-,-,-
1831923,📍 Definir Unidade de Atendimento,1,-,-,2025-07-15 10:20:28,15/07/2025 10:20,15/07/2025 10:22,-,0.0 dias,-,-,-,-
1831923,🕵️ Análise Agente de Crédito,4,bancodovaletimbo@bancodovale.org.br,-,2025-07-15 10:22:30,15/07/2025 10:22,15/07/2025 16:05,-,0.24 dias,-,-,-,-
1831923,🧾 Análise Mesa de Crédito,8,camila@bancodovale.org.br,-,2025-07-15 16:05:47,15/07/2025 16:05,01/08/2025 13:29,-,16.89 dias,-,-,-,-
1828079,📍 Definir Unidade de Atendimento,1,-,-,2025-07-11 18:38:07,11/07/2025 18:38,14/07/2025 08:42,-,2.59 dias,-,-,-,-
1828079,🔍 Análise SPC (Serasa / SPC Brasil),2,comercialdigital@bancodovale.org.br,-,2025-07-14 08:42:56,14/07/2025 08:42,14/07/2025 10:17,-,0.07 dias,-,-,-,-
1828079,🕵️ Análise Agente de Crédito,4,Danielle,-,2025-07-14 10:17:00,14/07/2025 10:17,07/08/2025 09:38,-,23.97 dias,-,-,-,-
1826510,📍 Definir Unidade de Atendimento,1,-,-,2025-07-11 09:51:29,11/07/2025 09:51,11/07/2025 09:51,-,0.0 dias,-,-,-,-
1826510,🕵️ Análise Agente de Crédito,4,comercialdigital@bancodovale.org.br,-,2025-07-11 09:51:39,11/07/2025 09:51,11/07/2025 14:12,-,0.18 dias,-,-,-,-
1826510,👤 Análise Coordenação,6,natalia@bancodovale.org.br,-,2025-07-11 14:12:27,11/07/2025 14:12,14/07/2025 10:56,-,2.86 dias,-,-,-,-
1826510,⚠️ Pendência Mesa de Crédito,9,roberto@bancodovale.org.br,-,2025-07-14 10:56:10,14/07/2025 10:56,04/08/2025 10:13,-,20.97 dias,-,-,-,-
1825497,📍 Definir Unidade de Atendimento,1,-,-,2025-07-10 16:08:55,10/07/2025 16:08,10/07/2025 16:09,-,0.0 dias,-,-,-,-
1825497,🧾 Análise Mesa de Crédito,8,KATLIN,-,2025-07-10 16:09:36,10/07/2025 16:09,01/08/2025 13:04,-,21.87 dias,-,-,-,-
1823337,📍 Definir Unidade de Atendimento,1,-,-,2025-07-10 09:09:33,10/07/2025 09:09,10/07/2025 09:12,-,0.0 dias,-,-,-,-
1823337,🔍 Análise SPC (Serasa / SPC Brasil),2,comercialdigital@bancodovale.org.br,-,2025-07-10 09:12:41,10/07/2025 09:12,10/07/2025 10:03,-,0.03 dias,-,-,-,-
1823337,🕵️ Análise Agente de Crédito,4,ivan@bancodovale.org.br,-,2025-07-10 10:03:01,10/07/2025 10:03,14/07/2025 13:31,-,4.14 dias,-,-,-,-
1823337,🧾 Análise Mesa de Crédito,8,ivan@bancodovale.org.br,-,2025-07-14 13:31:37,14/07/2025 13:31,01/08/2025 13:20,-,17.99 dias,-,-,-,-
1823171,📍 Definir Unidade de Atendimento,1,-,-,2025-07-10 07:22:43,10/07/2025 07:22,10/07/2025 08:55,-,0.06 dias,-,-,-,-
1823171,🔍 Análise SPC (Serasa / SPC Brasil),2,comercialdigital@bancodovale.org.br,-,2025-07-10 08:55:22,10/07/2025 08:55,10/07/2025 10:00,-,0.05 dias,-,-,-,-
1823171,🧾 Análise Mesa de Crédito,8,regina@bancodovale.org.br,-,2025-07-10 10:00:45,10/07/2025 10:00,01/08/2025 13:23,-,22.14 dias,-,-,-,-
1803827,📍 Definir Unidade de Atendimento,1,-,-,2025-06-30 17:09:43,30/06/2025 17:09,30/06/2025 17:10,-,0.0 dias,-,-,-,-
1803827,🕵️ Análise Agente de Crédito,4,jaragua@bancodovale.org.br,-,2025-06-30 17:10:23,30/06/2025 17:10,02/07/2025 14:58,-,1.91 dias,-,-,-,-
1803827,❌ Reprovado,X,gilmara@bancodovale.org.br,-,2025-07-02 14:58:06,02/07/2025 14:58,14/07/2025 17:13,-,12.09 dias,-,-,-,-
1803827,🕵️ Análise Agente de Crédito,4,jaragua@bancodovale.org.br,-,2025-07-14 17:13:09,14/07/2025 17:13,17/07/2025 09:18,-,2.67 dias,-,-,-,-
1803827,🧾 Análise Mesa de Crédito,8,gilmara@bancodovale.org.br,-,2025-07-17 09:18:15,17/07/2025 09:18,01/08/2025 13:13,-,15.16 dias,-,-,-,-
1803295,📍 Definir Unidade de Atendimento,1,-,-,2025-06-30 15:03:52,30/06/2025 15:03,30/06/2025 15:04,-,0.0 dias,-,-,-,-
1803295,🕵️ Análise Agente de Crédito,4,rio@bancodovale.org.br,-,2025-06-30 15:04:30,30/06/2025 15:04,01/07/2025 17:17,-,1.09 dias,-,-,-,-
1803295,🧾 Análise Mesa de Crédito,8,ivan@bancodovale.org.br,-,2025-07-01 17:17:45,01/07/2025 17:17,01/08/2025 13:20,-,30.83 dias,-,-,-,-
1798819,📍 Definir Unidade de Atendimento,1,-,-,2025-06-27 14:00:00,27/06/2025 14:00,27/06/2025 14:00,-,0.0 dias,-,-,-,-
1798819,🕵️ Análise Agente de Crédito,4,rio@bancodovale.org.br,-,2025-06-27 14:00:22,27/06/2025 14:00,01/07/2025 12:16,-,3.93 dias,-,-,-,-
1798819,🧾 Análise Mesa de Crédito,8,regina@bancodovale.org.br,-,2025-07-01 12:16:31,01/07/2025 12:16,01/08/2025 13:26,-,31.05 dias,-,-,-,-
1792095,📍 Definir Unidade de Atendimento,1,-,-,2025-06-25 11:20:59,25/06/2025 11:20,25/06/2025 11:33,-,0.01 dias,-,-,-,-
1792095,🕵️ Análise Agente de Crédito,4,KATLIN,-,2025-06-25 11:33:10,25/06/2025 11:33,25/06/2025 11:33,-,0.0 dias,-,-,-,-
1792095,🧾 Análise Mesa de Crédito,8,KATLIN,-,2025-06-25 11:33:38,25/06/2025 11:33,01/08/2025 13:04,-,37.06 dias,-,-,-,-
1786001,📍 Definir Unidade de Atendimento,1,-,-,2025-06-20 11:09:48,20/06/2025 11:09,20/06/2025 11:10,-,0.0 dias,-,-,-,-
1786001,🧾 Análise Mesa de Crédito,8,KATLIN,-,2025-06-20 11:10:16,20/06/2025 11:10,20/06/2025 11:10,-,0.0 dias,-,-,-,-
1786001,📍 Definir Unidade de Atendimento,1,KATLIN,-,2025-06-20 11:10:44,20/06/2025 11:10,20/06/2025 11:11,-,0.0 dias,-,-,-,-
1786001,🧾 Análise Mesa de Crédito,8,KATLIN,-,2025-06-20 11:11:04,20/06/2025 11:11,01/08/2025 13:04,-,42.08 dias,-,-,-,-
1777506,📍 Definir Unidade de Atendimento,1,-,-,2025-06-17 14:54:27,17/06/2025 14:54,17/06/2025 14:57,-,0.0 dias,-,-,-,-
1777506,🕵️ Análise Agente de Crédito,4,rio@bancodovale.org.br,-,2025-06-17 14:57:39,17/06/2025 14:57,01/07/2025 10:32,-,13.82 dias,-,-,-,-
1777506,🧾 Análise Mesa de Crédito,8,ivan@bancodovale.org.br,-,2025-07-01 10:32:26,01/07/2025 10:32,01/08/2025 13:27,-,31.12 dias,-,-,-,-
1773293,📍 Definir Unidade de Atendimento,1,-,-,2025-06-13 15:10:19,13/06/2025 15:10,13/06/2025 15:10,-,0.0 dias,-,-,-,-
1773293,🕵️ Análise Agente de Crédito,4,rio@bancodovale.org.br,-,2025-06-13 15:10:45,13/06/2025 15:10,13/06/2025 15:28,-,0.01 dias,-,-,-,-
1773293,🧾 Análise Mesa de Crédito,8,rio@bancodovale.org.br,-,2025-06-13 15:28:28,13/06/2025 15:28,01/08/2025 13:21,-,48.91 dias,-,-,-,-
1772532,📍 Definir Unidade de Atendimento,1,-,-,2025-06-13 09:34:05,13/06/2025 09:34,13/06/2025 10:01,-,0.02 dias,-,-,-,-
1772532,🔍 Análise SPC (Serasa / SPC Brasil),2,comercialdigital@bancodovale.org.br,-,2025-06-13 10:01:01,13/06/2025 10:01,13/06/2025 14:59,-,0.21 dias,-,-,-,-
1772532,🕵️ Análise Agente de Crédito,4,rio@bancodovale.org.br,-,2025-06-13 14:59:59,13/06/2025 14:59,17/06/2025 14:12,-,3.97 dias,-,-,-,-
1772532,🧾 Análise Mesa de Crédito,8,regina@bancodovale.org.br,-,2025-06-17 14:12:22,17/06/2025 14:12,01/08/2025 13:26,-,44.97 dias,-,-,-,-
1772508,📍 Definir Unidade de Atendimento,1,-,-,2025-06-13 09:22:47,13/06/2025 09:22,13/06/2025 09:42,-,0.01 dias,-,-,-,-
1772508,🕵️ Análise Agente de Crédito,4,KATLIN,-,2025-06-13 09:42:30,13/06/2025 09:42,13/06/2025 16:51,-,0.3 dias,-,-,-,-
1772508,⚠️ Pendente Cliente,W,rejane@bancodovale.org.br,-,2025-06-13 16:51:17,13/06/2025 16:51,18/06/2025 16:04,-,4.97 dias,-,-,-,-
1772508,👤 Análise Coordenação,6,rejane@bancodovale.org.br,-,2025-06-18 16:04:22,18/06/2025 16:04,20/06/2025 08:33,-,1.69 dias,-,-,-,-
1772508,🙅 Desistiu,Z,rejane@bancodovale.org.br,-,2025-06-20 08:33:50,20/06/2025 08:33,15/07/2025 11:16,-,25.11 dias,-,-,-,-
1772508,🧾 Análise Mesa de Crédito,8,rejane@bancodovale.org.br,-,2025-07-15 11:16:19,15/07/2025 11:16,15/07/2025 13:36,-,0.1 dias,-,-,-,-
1772508,⚠️ Pendente Cliente,W,rejane@bancodovale.org.br,-,2025-07-15 13:36:00,15/07/2025 13:36,17/07/2025 14:33,-,2.04 dias,-,-,-,-
1772508,🙅 Desistiu,Z,rejane@bancodovale.org.br,-,2025-07-17 14:33:29,17/07/2025 14:33,06/08/2025 13:08,-,19.94 dias,-,-,-,-
1770522,📍 Definir Unidade de Atendimento,1,-,-,2025-06-11 15:47:45,11/06/2025 15:47,11/06/2025 15:49,-,0.0 dias,-,-,-,-
1770522,🕵️ Análise Agente de Crédito,4,jaragua@bancodovale.org.br,-,2025-06-11 15:49:28,11/06/2025 15:49,16/06/2025 08:39,-,4.7 dias,-,-,-,-
1770522,⚠️ Pendente Cliente,W,gilmara@bancodovale.org.br,-,2025-06-16 08:39:01,16/06/2025 08:39,18/06/2025 15:15,-,2.28 dias,-,-,-,-
1770522,🧾 Análise Mesa de Crédito,8,gilmara@bancodovale.org.br,-,2025-06-18 15:15:27,18/06/2025 15:15,01/08/2025 13:13,-,43.92 dias,-,-,-,-
1768275,📍 Definir Unidade de Atendimento,1,-,-,2025-06-10 21:43:04,10/06/2025 21:43,11/06/2025 08:51,-,0.46 dias,-,-,-,-
1768275,🔍 Análise SPC (Serasa / SPC Brasil),2,comercialdigital@bancodovale.org.br,-,2025-06-11 08:51:51,11/06/2025 08:51,11/06/2025 10:31,-,0.07 dias,-,-,-,-
1768275,🕵️ Análise Agente de Crédito,4,KATLIN,-,2025-06-11 10:31:51,11/06/2025 10:31,11/06/2025 16:48,-,0.26 dias,-,-,-,-
1768275,⚠️ Pendente Cliente,W,hilta@bancodovale.org.br,-,2025-06-11 16:48:07,11/06/2025 16:48,06/08/2025 15:48,-,55.96 dias,-,-,-,-
1766910,📍 Definir Unidade de Atendimento,1,-,-,2025-06-10 13:23:30,10/06/2025 13:23,10/06/2025 13:50,-,0.02 dias,-,-,-,-
1766910,🔍 Análise SPC (Serasa / SPC Brasil),2,rio@bancodovale.org.br,-,2025-06-10 13:50:47,10/06/2025 13:50,10/06/2025 14:07,-,0.01 dias,-,-,-,-
1766910,🕵️ Análise Agente de Crédito,4,rio@bancodovale.org.br,-,2025-06-10 14:07:41,10/06/2025 14:07,18/06/2025 13:13,-,7.96 dias,-,-,-,-
1766910,🧾 Análise Mesa de Crédito,8,regina@bancodovale.org.br,-,2025-06-18 13:13:56,18/06/2025 13:13,01/08/2025 13:26,-,44.01 dias,-,-,-,-
1765809,📍 Definir Unidade de Atendimento,1,-,-,2025-06-10 09:25:45,10/06/2025 09:25,10/06/2025 09:26,-,0.0 dias,-,-,-,-
1765809,🕵️ Análise Agente de Crédito,4,jaragua@bancodovale.org.br,-,2025-06-10 09:26:45,10/06/2025 09:26,10/06/2025 11:36,-,0.09 dias,-,-,-,-
1765809,⚠️ Pendente Cliente,W,jessica@bancodovale.org.br,-,2025-06-10 11:36:04,10/06/2025 11:36,16/06/2025 11:30,-,6.0 dias,-,-,-,-
1765809,🙅 Desistiu,Z,jessica@bancodovale.org.br,-,2025-06-16 11:30:48,16/06/2025 11:30,20/06/2025 16:46,-,4.22 dias,-,-,-,-
1765809,🕵️ Análise Agente de Crédito,4,jessica@bancodovale.org.br,-,2025-06-20 16:46:44,20/06/2025 16:46,20/06/2025 16:47,-,0.0 dias,-,-,-,-
1765809,🧾 Análise Mesa de Crédito,8,jessica@bancodovale.org.br,-,2025-06-20 16:47:08,20/06/2025 16:47,01/08/2025 13:17,-,41.85 dias,-,-,-,-
1757113,📍 Definir Unidade de Atendimento,1,-,-,2025-06-05 11:15:32,05/06/2025 11:15,05/06/2025 11:17,-,0.0 dias,-,-,-,-
1757113,🔴 Pendência SPC,3,bancodovaletimbo@bancodovale.org.br,-,2025-06-05 11:17:41,05/06/2025 11:17,05/06/2025 15:52,-,0.19 dias,-,-,-,-
1757113,❌ Reprovado,X,bancodovaletimbo@bancodovale.org.br,-,2025-06-05 15:52:42,05/06/2025 15:52,24/06/2025 10:27,-,18.77 dias,-,-,-,-
1757113,🕵️ Análise Agente de Crédito,4,bancodovaletimbo@bancodovale.org.br,-,2025-06-24 10:27:47,24/06/2025 10:27,24/06/2025 11:29,-,0.04 dias,-,-,-,-
1757113,🧾 Análise Mesa de Crédito,8,camila@bancodovale.org.br,-,2025-06-24 11:29:23,24/06/2025 11:29,01/08/2025 13:32,-,38.09 dias,-,-,-,-
1563878,📍 Definir Unidade de Atendimento,1,-,-,2025-03-18 08:38:58,18/03/2025 08:38,18/03/2025 08:39,-,0.0 dias,-,-,-,-
1563878,🕵️ Análise Agente de Crédito,4,Danielle,-,2025-03-18 08:39:29,18/03/2025 08:39,18/03/2025 10:28,-,0.08 dias,-,-,-,-
1563878,🧾 Análise Mesa de Crédito,8,ricardo@bancodovale.org.br,-,2025-03-18 10:28:00,18/03/2025 10:28,20/03/2025 16:45,-,2.26 dias,-,-,-,-
1563878,✅ Aprovado,0,Fernando,-,2025-03-20 16:45:56,20/03/2025 16:45,04/08/2025 12:48,-,136.84 dias,-,-,-,-
1563878,👤 Análise Coordenação,6,alinef@bancodovale.org.br,-,2025-08-04 12:48:24,04/08/2025 12:48,04/08/2025 17:23,-,0.19 dias,-,-,-,-
1563878,🧾 Análise Mesa de Crédito,8,thiago@bancodovale.org.br,-,2025-08-04 17:23:22,04/08/2025 17:23,06/08/2025 15:11,-,1.91 dias,-,-,-,-
1499040,📍 Definir Unidade de Atendimento,1,-,-,2025-02-07 10:05:09,07/02/2025 10:05,07/02/2025 10:09,-,0.0 dias,-,-,-,-
1499040,🕵️ Análise Agente de Crédito,4,rio@bancodovale.org.br,-,2025-02-07 10:09:24,07/02/2025 10:09,13/02/2025 09:16,-,5.96 dias,-,-,-,-
1499040,🧾 Análise Mesa de Crédito,8,regina@bancodovale.org.br,-,2025-02-13 09:16:09,13/02/2025 09:16,14/02/2025 16:14,-,1.29 dias,-,-,-,-
1499040,✅ Aprovado,0,Fernando,-,2025-02-14 16:14:44,14/02/2025 16:14,20/06/2025 11:01,-,125.78 dias,-,-,-,-
1499040,🕵️ Análise Agente de Crédito,4,rio@bancodovale.org.br,-,2025-06-20 11:01:53,20/06/2025 11:01,09/07/2025 10:34,-,18.98 dias,-,-,-,-
1499040,⚠️ Pendente Cliente,W,regina@bancodovale.org.br,-,2025-07-09 10:34:02,09/07/2025 10:34,04/08/2025 09:51,-,25.97 dias,-,-,-,-
1499040,🕵️ Análise Agente de Crédito,4,rio@bancodovale.org.br,-,2025-08-04 09:51:04,04/08/2025 09:51,08/08/2025 09:33,-,3.99 dias,-,-,-,-
1372470,📍 Definir Unidade de Atendimento,1,-,-,2024-12-16 16:48:18,16/12/2024 16:48,16/12/2024 16:49,-,0.0 dias,-,-,-,-
1372470,🕵️ Análise Agente de Crédito,4,bancodovaletimbo@bancodovale.org.br,-,2024-12-16 16:49:37,16/12/2024 16:49,18/12/2024 12:24,-,1.82 dias,-,-,-,-
1372470,🧾 Análise Mesa de Crédito,8,camila@bancodovale.org.br,-,2024-12-18 12:24:25,18/12/2024 12:24,20/12/2024 09:05,-,1.86 dias,-,-,-,-
1372470,✅ Aprovado,0,Fernando,-,2024-12-20 09:05:03,20/12/2024 09:05,16/07/2025 14:13,-,208.21 dias,-,-,-,-
1372470,🕵️ Análise Agente de Crédito,4,bancodovaletimbo@bancodovale.org.br,-,2025-07-16 14:13:11,16/07/2025 14:13,16/07/2025 14:55,-,0.03 dias,-,-,-,-
1372470,🧾 Análise Mesa de Crédito,8,camila@bancodovale.org.br,-,2025-07-16 14:55:20,16/07/2025 14:55,01/08/2025 13:29,-,15.94 dias,-,-,-,-
1366690,📍 Definir Unidade de Atendimento,1,-,-,2024-12-12 11:00:00,12/12/2024 11:00,12/12/2024 11:00,-,0.0 dias,-,-,-,-
1366690,🕵️ Análise Agente de Crédito,4,bancodovaletimbo@bancodovale.org.br,-,2024-12-12 11:00:53,12/12/2024 11:00,13/12/2024 13:06,-,1.09 dias,-,-,-,-
1366690,⚠️ Pendente Cliente,W,caciane@bancodovale.org.br,-,2024-12-13 13:06:17,13/12/2024 13:06,17/12/2024 09:30,-,3.85 dias,-,-,-,-
1366690,🙅 Desistiu,Z,caciane@bancodovale.org.br,-,2024-12-17 09:30:28,17/12/2024 09:30,10/01/2025 09:34,-,24.0 dias,-,-,-,-
1366690,🕵️ Análise Agente de Crédito,4,bancodovaletimbo@bancodovale.org.br,-,2025-01-10 09:34:29,10/01/2025 09:34,13/01/2025 11:33,-,3.08 dias,-,-,-,-
1366690,⚠️ Pendente Cliente,W,caciane@bancodovale.org.br,-,2025-01-13 11:33:13,13/01/2025 11:33,14/01/2025 14:05,-,1.11 dias,-,-,-,-
1366690,🙅 Desistiu,Z,caciane@bancodovale.org.br,-,2025-01-14 14:05:01,14/01/2025 14:05,08/08/2025 10:14,-,205.84 dias,-,-,-,-
1366690,🕵️ Análise Agente de Crédito,4,bancodovaletimbo@bancodovale.org.br,-,2025-08-08 10:14:20,08/08/2025 10:14,08/08/2025 13:28,-,0.14 dias,-,-,-,-
1354324,📍 Definir Unidade de Atendimento,1,-,-,2024-12-05 16:08:48,05/12/2024 16:08,05/12/2024 16:10,-,0.0 dias,-,-,-,-
1354324,🔴 Pendência SPC,3,bancodovaletimbo@bancodovale.org.br,-,2024-12-05 16:10:25,05/12/2024 16:10,06/12/2024 10:13,-,0.75 dias,-,-,-,-
1354324,❌ Reprovado,X,caciane@bancodovale.org.br,-,2024-12-06 10:13:15,06/12/2024 10:13,05/08/2025 11:21,-,242.05 dias,-,-,-,-
1354324,🕵️ Análise Agente de Crédito,4,bancodovaletimbo@bancodovale.org.br,-,2025-08-05 11:21:13,05/08/2025 11:21,05/08/2025 14:06,-,0.11 dias,-,-,-,-
1341563,📍 Definir Unidade de Atendimento,1,-,-,2024-11-27 16:21:47,27/11/2024 16:21,27/11/2024 16:22,-,0.0 dias,-,-,-,-
1341563,🔴 Pendência SPC,3,bancodovaletimbo@bancodovale.org.br,-,2024-11-27 16:22:43,27/11/2024 16:22,28/11/2024 10:28,-,0.75 dias,-,-,-,-
1341563,❌ Reprovado,X,camila@bancodovale.org.br,-,2024-11-28 10:28:42,28/11/2024 10:28,06/03/2025 09:50,-,97.97 dias,-,-,-,-
1341563,🕵️ Análise Agente de Crédito,4,bancodovaletimbo@bancodovale.org.br,-,2025-03-06 09:50:12,06/03/2025 09:50,07/03/2025 14:31,-,1.2 dias,-,-,-,-
1341563,❌ Reprovado,X,camila@bancodovale.org.br,-,2025-03-07 14:31:13,07/03/2025 14:31,05/06/2025 16:24,-,90.08 dias,-,-,-,-
1341563,🔴 Pendência SPC,3,bancodovaletimbo@bancodovale.org.br,-,2025-06-05 16:24:24,05/06/2025 16:24,09/06/2025 10:15,-,3.74 dias,-,-,-,-
1341563,❌ Reprovado,X,camila@bancodovale.org.br,-,2025-06-09 10:15:18,09/06/2025 10:15,15/07/2025 13:31,-,36.14 dias,-,-,-,-
1341563,🔴 Pendência SPC,3,bancodovaletimbo@bancodovale.org.br,-,2025-07-15 13:31:10,15/07/2025 13:31,16/07/2025 09:14,-,0.82 dias,-,-,-,-
1341563,❌ Reprovado,X,camila@bancodovale.org.br,-,2025-07-16 09:14:32,16/07/2025 09:14,31/07/2025 12:36,-,15.14 dias,-,-,-,-
1341563,🔴 Pendência SPC,3,bancodovaletimbo@bancodovale.org.br,-,2025-07-31 12:36:54,31/07/2025 12:36,31/07/2025 13:36,-,0.04 dias,-,-,-,-
1341563,✅ Aprovado,0,camila@bancodovale.org.br,-,2025-07-31 13:36:10,31/07/2025 13:36,31/07/2025 13:36,-,0.0 dias,-,-,-,-
1341563,🧾 Análise Mesa de Crédito,8,camila@bancodovale.org.br,-,2025-07-31 13:36:15,31/07/2025 13:36,01/08/2025 13:29,-,1.0 dias,-,-,-,-
1276274,📍 Definir Unidade de Atendimento,1,-,-,2024-10-22 13:10:12,22/10/2024 13:10,22/10/2024 13:11,-,0.0 dias,-,-,-,-
1276274,🕵️ Análise Agente de Crédito,4,bancodovaletimbo@bancodovale.org.br,-,2024-10-22 13:11:15,22/10/2024 13:11,23/10/2024 10:01,-,0.87 dias,-,-,-,-
1276274,🙅 Desistiu,Z,caciane@bancodovale.org.br,-,2024-10-23 10:01:01,23/10/2024 10:01,30/07/2025 14:06,-,280.17 dias,-,-,-,-
1276274,🔴 Pendência SPC,3,bancodovaletimbo@bancodovale.org.br,-,2025-07-30 14:06:47,30/07/2025 14:06,01/08/2025 13:47,-,1.99 dias,-,-,-,-
1276274,⚠️ Pendente Cliente,W,caciane@bancodovale.org.br,-,2025-08-01 13:47:55,01/08/2025 13:47,08/08/2025 13:34,-,6.99 dias,-,-,-,-
1263946,📍 Definir Unidade de Atendimento,1,-,-,2024-10-16 11:58:30,16/10/2024 11:58,16/10/2024 14:29,-,0.11 dias,-,-,-,-
1263946,🧾 Análise Mesa de Crédito,8,KATLIN,-,2024-10-16 14:29:45,16/10/2024 14:29,21/10/2024 11:23,-,4.87 dias,-,-,-,-
1263946,✅ Aprovado,0,Fernando,-,2024-10-21 11:23:13,21/10/2024 11:23,22/07/2025 09:02,-,273.9 dias,-,-,-,-
1263946,📍 Definir Unidade de Atendimento,1,KATLIN,-,2025-07-22 09:02:05,22/07/2025 09:02,22/07/2025 09:02,-,0.0 dias,-,-,-,-
1263946,🧾 Análise Mesa de Crédito,8,hilta@bancodovale.org.br,-,2025-07-22 09:02:16,22/07/2025 09:02,22/07/2025 09:02,-,0.0 dias,-,-,-,-
1263946,🕵️ Análise Agente de Crédito,4,KATLIN,-,2025-07-22 09:02:28,22/07/2025 09:02,22/07/2025 13:44,-,0.2 dias,-,-,-,-
1263946,🧾 Análise Mesa de Crédito,8,hilta@bancodovale.org.br,-,2025-07-22 13:44:25,22/07/2025 13:44,01/08/2025 13:11,-,9.98 dias,-,-,-,-
1212343,📍 Definir Unidade de Atendimento,1,-,-,2024-09-09 09:02:41,09/09/2024 09:02,09/09/2024 09:03,-,0.0 dias,-,-,-,-
1212343,🕵️ Análise Agente de Crédito,4,Janne,-,2024-09-09 09:03:49,09/09/2024 09:03,09/09/2024 11:50,-,0.12 dias,-,-,-,-
1212343,🧾 Análise Mesa de Crédito,8,caciane@bancodovale.org.br,-,2024-09-09 11:50:11,09/09/2024 11:50,11/09/2024 09:09,-,1.89 dias,-,-,-,-
1212343,✅ Aprovado,0,Fernando,-,2024-09-11 09:09:53,11/09/2024 09:09,07/08/2025 16:10,-,330.29 dias,-,-,-,-
1206279,📍 Definir Unidade de Atendimento,1,-,-,2024-09-02 10:49:16,02/09/2024 10:49,02/09/2024 10:50,-,0.0 dias,-,-,-,-
1206279,🕵️ Análise Agente de Crédito,4,Priscila,-,2024-09-02 10:50:36,02/09/2024 10:50,04/09/2024 11:41,-,2.04 dias,-,-,-,-
1206279,🧾 Análise Mesa de Crédito,8,regina@bancodovale.org.br,-,2024-09-04 11:41:41,04/09/2024 11:41,05/09/2024 09:58,-,0.93 dias,-,-,-,-
1206279,✅ Aprovado,0,Fernando,-,2024-09-05 09:58:19,05/09/2024 09:58,04/08/2025 10:31,-,333.02 dias,-,-,-,-
1206279,🕵️ Análise Agente de Crédito,4,rio@bancodovale.org.br,-,2025-08-04 10:31:36,04/08/2025 10:31,06/08/2025 10:31,-,2.0 dias,-,-,-,-
1206276,📍 Definir Unidade de Atendimento,1,-,-,2024-09-02 10:47:12,02/09/2024 10:47,02/09/2024 10:47,-,0.0 dias,-,-,-,-
1206276,🕵️ Análise Agente de Crédito,4,Janne,-,2024-09-02 10:47:52,02/09/2024 10:47,02/09/2024 11:42,-,0.04 dias,-,-,-,-
1206276,🙅 Desistiu,Z,caciane@bancodovale.org.br,-,2024-09-02 11:42:47,02/09/2024 11:42,12/05/2025 17:16,-,252.23 dias,-,-,-,-
1206276,🕵️ Análise Agente de Crédito,4,bancodovaletimbo@bancodovale.org.br,-,2025-05-12 17:16:32,12/05/2025 17:16,13/05/2025 17:30,-,1.01 dias,-,-,-,-
1206276,⚠️ Pendente Cliente,W,bancodovaletimbo@bancodovale.org.br,-,2025-05-13 17:30:36,13/05/2025 17:30,16/05/2025 13:52,-,2.85 dias,-,-,-,-
1206276,🙅 Desistiu,Z,bancodovaletimbo@bancodovale.org.br,-,2025-05-16 13:52:13,16/05/2025 13:52,08/08/2025 09:39,-,83.82 dias,-,-,-,-
1206276,🕵️ Análise Agente de Crédito,4,bancodovaletimbo@bancodovale.org.br,-,2025-08-08 09:39:52,08/08/2025 09:39,08/08/2025 13:29,-,0.16 dias,-,-,-,-
1197670,📍 Definir Unidade de Atendimento,1,-,-,2024-08-26 11:02:04,26/08/2024 11:02,26/08/2024 11:03,-,0.0 dias,-,-,-,-
1197670,🕵️ Análise Agente de Crédito,4,Priscila,-,2024-08-26 11:03:09,26/08/2024 11:03,27/08/2024 15:41,-,1.19 dias,-,-,-,-
1197670,🧾 Análise Mesa de Crédito,8,Priscila,-,2024-08-27 15:41:48,27/08/2024 15:41,28/08/2024 17:33,-,1.08 dias,-,-,-,-
1197670,✅ Aprovado,0,Fernando,-,2024-08-28 17:33:24,28/08/2024 17:33,17/04/2025 10:24,-,231.7 dias,-,-,-,-
1197670,🕵️ Análise Agente de Crédito,4,rio@bancodovale.org.br,-,2025-04-17 10:24:57,17/04/2025 10:24,02/06/2025 13:31,-,46.13 dias,-,-,-,-
1197670,✅ Aprovado,0,regina@bancodovale.org.br,-,2025-06-02 13:31:27,02/06/2025 13:31,01/08/2025 10:49,-,59.89 dias,-,-,-,-
1197670,🕵️ Análise Agente de Crédito,4,rio@bancodovale.org.br,-,2025-08-01 10:49:36,01/08/2025 10:49,05/08/2025 16:44,-,4.25 dias,-,-,-,-
1197670,🧾 Análise Mesa de Crédito,8,regina@bancodovale.org.br,-,2025-08-05 16:44:30,05/08/2025 16:44,07/08/2025 16:01,-,1.97 dias,-,-,-,-
1195504,📍 Definir Unidade de Atendimento,1,-,-,2024-08-23 09:29:11,23/08/2024 09:29,23/08/2024 09:30,-,0.0 dias,-,-,-,-
1195504,🕵️ Análise Agente de Crédito,4,KATLIN,-,2024-08-23 09:30:54,23/08/2024 09:30,26/08/2024 09:15,-,2.99 dias,-,-,-,-
1195504,❌ Reprovado,X,carla@bancodovale.org.br,-,2024-08-26 09:15:22,26/08/2024 09:15,04/08/2025 13:34,-,343.18 dias,-,-,-,-
1195504,📍 Definir Unidade de Atendimento,1,KATLIN,-,2025-08-04 13:34:30,04/08/2025 13:34,04/08/2025 13:34,-,0.0 dias,-,-,-,-
1195504,🕵️ Análise Agente de Crédito,4,KATLIN,-,2025-08-04 13:34:46,04/08/2025 13:34,05/08/2025 16:49,-,1.13 dias,-,-,-,-
992462,📍 Definir Unidade de Atendimento,1,-,-,2024-03-21 09:45:47,21/03/2024 09:45,21/03/2024 10:30,-,0.03 dias,-,-,-,-
992462,🔍 Análise SPC (Serasa / SPC Brasil),2,Priscila,-,2024-03-21 10:30:15,21/03/2024 10:30,21/03/2024 11:39,-,0.05 dias,-,-,-,-
992462,🕵️ Análise Agente de Crédito,4,Janne,-,2024-03-21 11:39:18,21/03/2024 11:39,25/03/2024 10:19,-,3.94 dias,-,-,-,-
992462,⚠️ Pendente Cliente,W,alinefranciele@bancodovale.org.br,-,2024-03-25 10:19:28,25/03/2024 10:19,27/03/2024 17:06,-,2.28 dias,-,-,-,-
992462,❌ Reprovado,X,alinefranciele@bancodovale.org.br,-,2024-03-27 17:06:19,27/03/2024 17:06,08/08/2025 08:37,-,498.65 dias,-,-,-,-
992462,🕵️ Análise Agente de Crédito,4,bancodovaletimbo@bancodovale.org.br,-,2025-08-08 08:37:16,08/08/2025 08:37,08/08/2025 11:42,-,0.13 dias,-,-,-,-
935651,📍 Definir Unidade de Atendimento,1,-,-,2024-01-17 09:46:26,17/01/2024 09:46,17/01/2024 09:46,-,0.0 dias,-,-,-,-
935651,🕵️ Análise Agente de Crédito,4,Priscila,-,2024-01-17 09:46:41,17/01/2024 09:46,19/01/2024 16:17,-,2.27 dias,-,-,-,-
935651,✅ Aprovado,0,Fernando,-,2024-01-19 16:17:55,19/01/2024 16:17,01/08/2025 10:28,-,559.76 dias,-,-,-,-
935651,🕵️ Análise Agente de Crédito,4,rio@bancodovale.org.br,-,2025-08-01 10:28:55,01/08/2025 10:28,01/08/2025 17:07,-,0.28 dias,-,-,-,-
935651,🧾 Análise Mesa de Crédito,8,ivan@bancodovale.org.br,-,2025-08-01 17:07:19,01/08/2025 17:07,05/08/2025 15:21,-,3.93 dias,-,-,-,-
925298,📍 Definir Unidade de Atendimento,1,-,-,2024-01-05 14:08:46,05/01/2024 14:08,05/01/2024 14:09,-,0.0 dias,-,-,-,-
925298,🕵️ Análise Agente de Crédito,4,Janne,-,2024-01-05 14:09:09,05/01/2024 14:09,12/01/2024 17:05,-,7.12 dias,-,-,-,-
925298,🙅 Desistiu,Z,Janne,-,2024-01-12 17:05:42,12/01/2024 17:05,30/07/2025 14:51,-,564.91 dias,-,-,-,-
925298,🕵️ Análise Agente de Crédito,4,bancodovaletimbo@bancodovale.org.br,-,2025-07-30 14:51:31,30/07/2025 14:51,01/08/2025 13:48,-,1.96 dias,-,-,-,-
891049,📍 Definir Unidade de Atendimento,1,-,-,2023-11-28 14:51:08,28/11/2023 14:51,28/11/2023 14:52,-,0.0 dias,-,-,-,-
891049,🧾 Análise Mesa de Crédito,8,Janne,-,2023-11-28 14:52:02,28/11/2023 14:52,28/11/2023 15:01,-,0.01 dias,-,-,-,-
891049,✅ Aprovado,0,Fernando,-,2023-11-28 15:01:38,28/11/2023 15:01,27/06/2025 17:10,-,577.09 dias,-,-,-,-
891049,🧾 Análise Mesa de Crédito,8,bancodovaletimbo@bancodovale.org.br,-,2025-06-27 17:10:11,27/06/2025 17:10,01/08/2025 13:32,-,34.85 dias,-,-,-,-
862188,📍 Definir Unidade de Atendimento,1,-,-,2023-11-03 08:45:09,03/11/2023 08:45,03/11/2023 08:59,-,0.01 dias,-,-,-,-
862188,🕵️ Análise Agente de Crédito,4,Priscila,-,2023-11-03 08:59:03,03/11/2023 08:59,16/11/2023 10:34,-,13.07 dias,-,-,-,-
862188,✅ Aprovado,0,juliano@bancodovale.org.br,-,2023-11-16 10:34:02,16/11/2023 10:34,26/07/2024 09:35,-,252.96 dias,-,-,-,-
862188,🕵️ Análise Agente de Crédito,4,Priscila,-,2024-07-26 09:35:05,26/07/2024 09:35,29/07/2024 17:18,-,3.32 dias,-,-,-,-
862188,🧾 Análise Mesa de Crédito,8,diogo@bancodovale.org.br,-,2024-07-29 17:18:10,29/07/2024 17:18,30/07/2024 15:37,-,0.93 dias,-,-,-,-
862188,✅ Aprovado,0,Fernando,-,2024-07-30 15:37:03,30/07/2024 15:37,08/08/2025 11:17,-,373.82 dias,-,-,-,-
855954,📍 Definir Unidade de Atendimento,1,-,-,2023-10-27 15:05:36,27/10/2023 15:05,27/10/2023 15:06,-,0.0 dias,-,-,-,-
855954,🕵️ Análise Agente de Crédito,4,Priscila,-,2023-10-27 15:06:14,27/10/2023 15:06,28/11/2023 10:43,-,31.82 dias,-,-,-,-
855954,✅ Aprovado,0,elton@bancodovale.org.br,-,2023-11-28 10:43:04,28/11/2023 10:43,04/08/2025 08:58,-,614.93 dias,-,-,-,-
855954,🕵️ Análise Agente de Crédito,4,rio@bancodovale.org.br,-,2025-08-04 08:58:41,04/08/2025 08:58,08/08/2025 09:32,-,4.02 dias,-,-,-,-
855954,🙅 Desistiu,Z,regina@bancodovale.org.br,-,2025-08-08 09:32:59,08/08/2025 09:32,08/08/2025 17:23,-,0.33 dias,-,-,-,-
801076,📍 Definir Unidade de Atendimento,1,-,-,2023-09-04 17:22:07,04/09/2023 17:22,04/09/2023 17:22,-,0.0 dias,-,-,-,-
801076,🕵️ Análise Agente de Crédito,4,riodosul@bancodovale.org.br,-,2023-09-04 17:22:39,04/09/2023 17:22,28/11/2023 10:54,-,84.73 dias,-,-,-,-
801076,✅ Aprovado,0,elton@bancodovale.org.br,-,2023-11-28 10:54:14,28/11/2023 10:54,07/10/2024 14:18,-,314.14 dias,-,-,-,-
801076,🕵️ Análise Agente de Crédito,4,rio@bancodovale.org.br,-,2024-10-07 14:18:30,07/10/2024 14:18,08/10/2024 09:28,-,0.8 dias,-,-,-,-
801076,🧾 Análise Mesa de Crédito,8,regina@bancodovale.org.br,-,2024-10-08 09:28:24,08/10/2024 09:28,09/10/2024 15:43,-,1.26 dias,-,-,-,-
801076,✅ Aprovado,0,Fernando,-,2024-10-09 15:43:11,09/10/2024 15:43,04/08/2025 09:57,-,298.76 dias,-,-,-,-
801076,🕵️ Análise Agente de Crédito,4,rio@bancodovale.org.br,-,2025-08-04 09:57:54,04/08/2025 09:57,07/08/2025 16:24,-,3.27 dias,-,-,-,-
742267,📍 Definir Unidade de Atendimento,1,-,-,2023-07-26 08:51:02,26/07/2023 08:51,26/07/2023 08:51,-,0.0 dias,-,-,-,-
742267,🕵️ Análise Agente de Crédito,4,riodosul@bancodovale.org.br,-,2023-07-26 08:51:18,26/07/2023 08:51,26/07/2023 09:18,-,0.02 dias,-,-,-,-
742267,🧾 Análise Mesa de Crédito,8,juliano@bancodovale.org.br,-,2023-07-26 09:18:07,26/07/2023 09:18,27/07/2023 23:15,-,1.58 dias,-,-,-,-
742267,✅ Aprovado,0,fernandosandri@bancodovale.org.br,-,2023-07-27 23:15:18,27/07/2023 23:15,23/07/2025 15:28,-,726.68 dias,-,-,-,-
742267,🕵️ Análise Agente de Crédito,4,rio@bancodovale.org.br,-,2025-07-23 15:28:52,23/07/2025 15:28,07/08/2025 09:38,-,14.76 dias,-,-,-,-
680931,📍 Definir Unidade de Atendimento,1,-,-,2023-06-12 12:41:09,12/06/2023 12:41,12/06/2023 13:52,-,0.05 dias,-,-,-,-
680931,🔍 Análise SPC (Serasa / SPC Brasil),2,angela@bancodovale.org.br,-,2023-06-12 13:52:27,12/06/2023 13:52,12/06/2023 14:14,-,0.02 dias,-,-,-,-
680931,🕵️ Análise Agente de Crédito,4,indaial@bancodovale.org.br,-,2023-06-12 14:14:05,12/06/2023 14:14,16/06/2023 10:52,-,3.86 dias,-,-,-,-
680931,❌ Reprovado,X,adriana@bancodovale.org.br,-,2023-06-16 10:52:54,16/06/2023 10:52,04/08/2025 14:14,-,780.14 dias,-,-,-,-
680931,📍 Definir Unidade de Atendimento,1,KATLIN,-,2025-08-04 14:14:29,04/08/2025 14:14,04/08/2025 14:14,-,0.0 dias,-,-,-,-
680931,🕵️ Análise Agente de Crédito,4,KATLIN,-,2025-08-04 14:14:37,04/08/2025 14:14,06/08/2025 15:47,-,2.06 dias,-,-,-,-
627322,📍 Definir Unidade de Atendimento,1,-,-,2023-04-19 14:10:46,19/04/2023 14:10,19/04/2023 14:11,-,0.0 dias,-,-,-,-
627322,🕵️ Análise Agente de Crédito,4,riodosul@bancodovale.org.br,-,2023-04-19 14:11:22,19/04/2023 14:11,13/06/2023 10:15,-,54.84 dias,-,-,-,-
627322,✅ Aprovado,0,elton@bancodovale.org.br,-,2023-06-13 10:15:05,13/06/2023 10:15,12/08/2024 13:32,-,426.14 dias,-,-,-,-
627322,🕵️ Análise Agente de Crédito,4,Priscila,-,2024-08-12 13:32:35,12/08/2024 13:32,17/03/2025 13:29,-,217.0 dias,-,-,-,-
627322,🔍 Análise SPC (Serasa / SPC Brasil),2,rio@bancodovale.org.br,-,2025-03-17 13:29:26,17/03/2025 13:29,17/03/2025 13:29,-,0.0 dias,-,-,-,-
627322,🕵️ Análise Agente de Crédito,4,rio@bancodovale.org.br,-,2025-03-17 13:29:35,17/03/2025 13:29,02/06/2025 13:55,-,77.02 dias,-,-,-,-
627322,🙅 Desistiu,Z,regina@bancodovale.org.br,-,2025-06-02 13:55:16,02/06/2025 13:55,25/06/2025 08:57,-,22.79 dias,-,-,-,-
627322,🕵️ Análise Agente de Crédito,4,rio@bancodovale.org.br,-,2025-06-25 08:57:39,25/06/2025 08:57,27/06/2025 16:12,-,2.3 dias,-,-,-,-
627322,🧾 Análise Mesa de Crédito,8,regina@bancodovale.org.br,-,2025-06-27 16:12:45,27/06/2025 16:12,01/08/2025 13:26,-,34.88 dias,-,-,-,-
605421,📍 Definir Unidade de Atendimento,1,-,-,2023-03-28 14:21:22,28/03/2023 14:21,28/03/2023 14:21,-,0.0 dias,-,-,-,-
605421,🕵️ Análise Agente de Crédito,4,riodosul@bancodovale.org.br,-,2023-03-28 14:21:37,28/03/2023 14:21,05/06/2023 16:48,-,69.1 dias,-,-,-,-
605421,✅ Aprovado,0,juliano@bancodovale.org.br,-,2023-06-05 16:48:59,05/06/2023 16:48,08/12/2023 17:18,-,186.02 dias,-,-,-,-
605421,🧾 Análise Mesa de Crédito,8,Priscila,-,2023-12-08 17:18:18,08/12/2023 17:18,27/12/2023 10:03,-,18.7 dias,-,-,-,-
605421,✅ Aprovado,0,Fernando,-,2023-12-27 10:03:24,27/12/2023 10:03,19/04/2024 08:59,-,113.96 dias,-,-,-,-
605421,🕵️ Análise Agente de Crédito,4,Priscila,-,2024-04-19 08:59:38,19/04/2024 08:59,19/04/2024 09:41,-,0.03 dias,-,-,-,-
605421,🧾 Análise Mesa de Crédito,8,juliano@bancodovale.org.br,-,2024-04-19 09:41:47,19/04/2024 09:41,23/04/2024 08:32,-,3.95 dias,-,-,-,-
605421,✅ Aprovado,0,Fernando,-,2024-04-23 08:32:05,23/04/2024 08:32,28/06/2024 13:38,-,66.21 dias,-,-,-,-
605421,🕵️ Análise Agente de Crédito,4,Priscila,-,2024-06-28 13:38:49,28/06/2024 13:38,28/06/2024 14:56,-,0.05 dias,-,-,-,-
605421,🧾 Análise Mesa de Crédito,8,Priscila,-,2024-06-28 14:56:18,28/06/2024 14:56,28/06/2024 16:18,-,0.06 dias,-,-,-,-
605421,✅ Aprovado,0,roberto@bancodovale.org.br,-,2024-06-28 16:18:27,28/06/2024 16:18,04/10/2024 08:47,-,97.69 dias,-,-,-,-
605421,🧾 Análise Mesa de Crédito,8,rio@bancodovale.org.br,-,2024-10-04 08:47:11,04/10/2024 08:47,04/10/2024 16:20,-,0.31 dias,-,-,-,-
605421,✅ Aprovado,0,Fernando,-,2024-10-04 16:20:16,04/10/2024 16:20,22/04/2025 08:53,-,199.69 dias,-,-,-,-
605421,🕵️ Análise Agente de Crédito,4,rio@bancodovale.org.br,-,2025-04-22 08:53:16,22/04/2025 08:53,22/04/2025 10:36,-,0.07 dias,-,-,-,-
605421,🧾 Análise Mesa de Crédito,8,diogo@bancodovale.org.br,-,2025-04-22 10:36:47,22/04/2025 10:36,30/04/2025 11:53,-,8.05 dias,-,-,-,-
605421,✅ Aprovado,0,Fernando,-,2025-04-30 11:53:46,30/04/2025 11:53,30/07/2025 17:04,-,91.22 dias,-,-,-,-
605421,🕵️ Análise Agente de Crédito,4,rio@bancodovale.org.br,-,2025-07-30 17:04:19,30/07/2025 17:04,31/07/2025 11:38,-,0.77 dias,-,-,-,-
605421,🧾 Análise Mesa de Crédito,8,rio@bancodovale.org.br,-,2025-07-31 11:38:25,31/07/2025 11:38,01/08/2025 13:21,-,1.07 dias,-,-,-,-
488136,📍 Definir Unidade de Atendimento,1,-,-,2022-12-06 14:41:58,06/12/2022 14:41,06/12/2022 14:43,-,0.0 dias,-,-,-,-
488136,🕵️ Análise Agente de Crédito,4,riodosul@bancodovale.org.br,-,2022-12-06 14:43:07,06/12/2022 14:43,28/12/2022 17:07,-,22.1 dias,-,-,-,-
488136,✅ Aprovado,0,fernandosandri@bancodovale.org.br,-,2022-12-28 17:07:02,28/12/2022 17:07,05/08/2025 16:45,-,950.99 dias,-,-,-,-
488136,🕵️ Análise Agente de Crédito,4,rio@bancodovale.org.br,-,2025-08-05 16:45:44,05/08/2025 16:45,08/08/2025 11:15,-,2.77 dias,-,-,-,-
274505,📍 Definir Unidade de Atendimento,1,-,-,2022-05-16 14:01:57,16/05/2022 14:01,16/05/2022 14:02,-,0.0 dias,-,-,-,-
274505,🕵️ Análise Agente de Crédito,4,indaial@bancodovale.org.br,-,2022-05-16 14:02:08,16/05/2022 14:02,27/05/2022 09:17,-,10.8 dias,-,-,-,-
274505,⚠️ Pendente Cliente,W,sandra@bancodovale.org.br,-,2022-05-27 09:17:11,27/05/2022 09:17,27/05/2022 09:23,-,0.0 dias,-,-,-,-
274505,❌ Reprovado,X,sandra@bancodovale.org.br,-,2022-05-27 09:23:44,27/05/2022 09:23,18/06/2025 15:53,-,1118.27 dias,-,-,-,-
274505,🕵️ Análise Agente de Crédito,4,bancodovaletimbo@bancodovale.org.br,-,2025-06-18 15:53:48,18/06/2025 15:53,20/06/2025 15:42,-,1.99 dias,-,-,-,-
274505,🙅 Desistiu,Z,rejane@bancodovale.org.br,-,2025-06-20 15:42:26,20/06/2025 15:42,06/08/2025 15:30,-,46.99 dias,-,-,-,-
265656,📍 Definir Unidade de Atendimento,1,-,-,2022-04-28 09:49:48,28/04/2022 09:49,28/04/2022 09:50,-,0.0 dias,-,-,-,-
265656,🕵️ Análise Agente de Crédito,4,bancodovaletimbo@bancodovale.org.br,-,2022-04-28 09:50:07,28/04/2022 09:50,28/04/2022 09:58,-,0.01 dias,-,-,-,-
265656,👤 Análise Coordenação,6,caciane@bancodovale.org.br,-,2022-04-28 09:58:53,28/04/2022 09:58,28/04/2022 09:59,-,0.0 dias,-,-,-,-
265656,🧾 Análise Mesa de Crédito,8,angela@bancodovale.org.br,-,2022-04-28 09:59:48,28/04/2022 09:59,28/04/2022 13:02,-,0.13 dias,-,-,-,-
265656,⚠️ Pendente Cliente,W,caciane@bancodovale.org.br,-,2022-04-28 13:02:27,28/04/2022 13:02,29/04/2022 08:27,-,0.81 dias,-,-,-,-
265656,🧾 Análise Mesa de Crédito,8,angela@bancodovale.org.br,-,2022-04-29 08:27:05,29/04/2022 08:27,29/04/2022 09:26,-,0.04 dias,-,-,-,-
265656,✅ Aprovado,0,roberto@bancodovale.org.br,-,2022-04-29 09:26:17,29/04/2022 09:26,11/05/2023 09:01,-,376.98 dias,-,-,-,-
265656,👤 Análise Coordenação,6,caciane@bancodovale.org.br,-,2023-05-11 09:01:39,11/05/2023 09:01,11/05/2023 09:11,-,0.01 dias,-,-,-,-
265656,🧾 Análise Mesa de Crédito,8,angela@bancodovale.org.br,-,2023-05-11 09:11:31,11/05/2023 09:11,01/06/2023 08:22,-,20.97 dias,-,-,-,-
265656,✅ Aprovado,0,fernandosandri@bancodovale.org.br,-,2023-06-01 08:22:44,01/06/2023 08:22,12/06/2025 09:23,-,742.04 dias,-,-,-,-
265656,🧾 Análise Mesa de Crédito,8,caciane@bancodovale.org.br,-,2025-06-12 09:23:26,12/06/2025 09:23,01/08/2025 13:32,-,50.17 dias,-,-,-,-
154104,📍 Definir Unidade de Atendimento,1,-,-,2022-01-06 15:08:45,06/01/2022 15:08,06/01/2022 15:09,-,0.0 dias,-,-,-,-
154104,🕵️ Análise Agente de Crédito,4,bancodovaletimbo@bancodovale.org.br,-,2022-01-06 15:09:40,06/01/2022 15:09,06/01/2022 15:13,-,0.0 dias,-,-,-,-
154104,👤 Análise Coordenação,6,prescila@bancodovale.org.br,-,2022-01-06 15:13:42,06/01/2022 15:13,06/01/2022 15:42,-,0.02 dias,-,-,-,-
154104,🧾 Análise Mesa de Crédito,8,caciane@bancodovale.org.br,-,2022-01-06 15:42:22,06/01/2022 15:42,06/01/2022 16:33,-,0.04 dias,-,-,-,-
154104,✅ Aprovado,0,roberto@bancodovale.org.br,-,2022-01-06 16:33:49,06/01/2022 16:33,09/09/2022 16:57,-,246.02 dias,-,-,-,-
154104,🕵️ Análise Agente de Crédito,4,bancodovaletimbo@bancodovale.org.br,-,2022-09-09 16:57:06,09/09/2022 16:57,09/09/2022 16:57,-,0.0 dias,-,-,-,-
154104,👤 Análise Coordenação,6,anapaula@bancodovale.org.br,-,2022-09-09 16:57:37,09/09/2022 16:57,12/09/2022 08:36,-,2.65 dias,-,-,-,-
154104,🧾 Análise Mesa de Crédito,8,angela@bancodovale.org.br,-,2022-09-12 08:36:43,12/09/2022 08:36,14/09/2022 08:49,-,2.01 dias,-,-,-,-
154104,✅ Aprovado,0,fernandosandri@bancodovale.org.br,-,2022-09-14 08:49:34,14/09/2022 08:49,16/11/2023 14:53,-,428.25 dias,-,-,-,-
154104,👤 Análise Coordenação,6,alinefranciele@bancodovale.org.br,-,2023-11-16 14:53:07,16/11/2023 14:53,16/11/2023 15:05,-,0.01 dias,-,-,-,-
154104,🧾 Análise Mesa de Crédito,8,alinefranciele@bancodovale.org.br,-,2023-11-16 15:05:38,16/11/2023 15:05,21/11/2023 10:02,-,4.79 dias,-,-,-,-
154104,❌ Reprovado,X,Fernando,-,2023-11-21 10:02:39,21/11/2023 10:02,11/01/2024 09:04,-,50.96 dias,-,-,-,-
154104,🧾 Análise Mesa de Crédito,8,alinefranciele@bancodovale.org.br,-,2024-01-11 09:04:40,11/01/2024 09:04,15/01/2024 11:09,-,4.09 dias,-,-,-,-
154104,✅ Aprovado,0,Fernando,-,2024-01-15 11:09:30,15/01/2024 11:09,06/08/2025 15:11,-,569.17 dias,-,-,-,-
154104,🕵️ Análise Agente de Crédito,4,bancodovaletimbo@bancodovale.org.br,-,2025-08-06 15:11:47,06/08/2025 15:11,06/08/2025 15:23,-,0.01 dias,-,-,-,-
154104,🧾 Análise Mesa de Crédito,8,camila@bancodovale.org.br,-,2025-08-06 15:23:49,06/08/2025 15:23,07/08/2025 17:30,-,1.09 dias,-,-,-,-
131907,📍 Definir Unidade de Atendimento,1,-,-,2021-11-25 11:08:56,25/11/2021 11:08,25/11/2021 11:09,-,0.0 dias,-,-,-,-
131907,🕵️ Análise Agente de Crédito,4,riodosul@bancodovale.org.br,-,2021-11-25 11:09:22,25/11/2021 11:09,25/11/2021 13:02,-,0.08 dias,-,-,-,-
131907,🧾 Análise Mesa de Crédito,8,riodosul@bancodovale.org.br,-,2021-11-25 13:02:50,25/11/2021 13:02,25/11/2021 15:43,-,0.11 dias,-,-,-,-
131907,✅ Aprovado,0,roberto@bancodovale.org.br,-,2021-11-25 15:43:54,25/11/2021 15:43,09/09/2024 11:56,-,1018.84 dias,-,-,-,-
131907,🕵️ Análise Agente de Crédito,4,Priscila,-,2024-09-09 11:56:43,09/09/2024 11:56,16/09/2024 10:15,-,6.93 dias,-,-,-,-
131907,✅ Aprovado,0,Fernando,-,2024-09-16 10:15:18,16/09/2024 10:15,07/08/2025 13:27,-,325.13 dias,-,-,-,-
131907,🕵️ Análise Agente de Crédito,4,rio@bancodovale.org.br,-,2025-08-07 13:27:52,07/08/2025 13:27,08/08/2025 17:15,-,1.16 dias,-,-,-,-
88585,📍 Definir Unidade de Atendimento,1,-,-,2021-08-20 14:19:40,20/08/2021 14:19,20/08/2021 14:20,-,0.0 dias,-,-,-,-
88585,🔴 Pendência SPC,3,indaial@bancodovale.org.br,-,2021-08-20 14:20:09,20/08/2021 14:20,20/08/2021 17:00,-,0.11 dias,-,-,-,-
88585,❌ Reprovado,X,sandra@bancodovale.org.br,-,2021-08-20 17:00:02,20/08/2021 17:00,04/08/2025 11:21,-,1444.77 dias,-,-,-,-
88585,📍 Definir Unidade de Atendimento,1,KATLIN,-,2025-08-04 11:21:46,04/08/2025 11:21,04/08/2025 11:22,-,0.0 dias,-,-,-,-
88585,🕵️ Análise Agente de Crédito,4,KATLIN,-,2025-08-04 11:22:50,04/08/2025 11:22,05/08/2025 16:47,-,1.23 dias,-,-,-,-
88585,🧾 Análise Mesa de Crédito,8,rejane@bancodovale.org.br,-,2025-08-05 16:47:06,05/08/2025 16:47,06/08/2025 11:33,-,0.78 dias,-,-,-,-
78148,📍 Definir Unidade de Atendimento,1,-,-,2021-07-15 08:48:14,15/07/2021 08:48,15/07/2021 08:48,-,0.0 dias,-,-,-,-
78148,🕵️ Análise Agente de Crédito,4,indaial@bancodovale.org.br,-,2021-07-15 08:48:37,15/07/2021 08:48,16/07/2021 10:32,-,1.07 dias,-,-,-,-
78148,👤 Análise Coordenação,6,adriana@bancodovale.org.br,-,2021-07-16 10:32:54,16/07/2021 10:32,16/07/2021 11:18,-,0.03 dias,-,-,-,-
78148,🧾 Análise Mesa de Crédito,8,angela@bancodovale.org.br,-,2021-07-16 11:18:45,16/07/2021 11:18,21/07/2021 19:59,-,5.36 dias,-,-,-,-
78148,✅ Aprovado,0,fernandosandri@bancodovale.org.br,-,2021-07-21 19:59:11,21/07/2021 19:59,12/07/2023 15:07,-,720.8 dias,-,-,-,-
78148,👤 Análise Coordenação,6,adriana@bancodovale.org.br,-,2023-07-12 15:07:15,12/07/2023 15:07,13/07/2023 09:19,-,0.76 dias,-,-,-,-
78148,🧾 Análise Mesa de Crédito,8,angela@bancodovale.org.br,-,2023-07-13 09:19:15,13/07/2023 09:19,14/07/2023 16:19,-,1.29 dias,-,-,-,-
78148,✅ Aprovado,0,fernandosandri@bancodovale.org.br,-,2023-07-14 16:19:53,14/07/2023 16:19,05/08/2025 11:36,-,752.8 dias,-,-,-,-
78148,📍 Definir Unidade de Atendimento,1,KATLIN,-,2025-08-05 11:36:24,05/08/2025 11:36,05/08/2025 11:36,-,0.0 dias,-,-,-,-
58565,📍 Definir Unidade de Atendimento,1,-,-,2021-05-21 09:33:10,21/05/2021 09:33,21/05/2021 09:34,-,0.0 dias,-,-,-,-
58565,🔴 Pendência SPC,3,indaial@bancodovale.org.br,-,2021-05-21 09:34:08,21/05/2021 09:34,24/05/2021 17:02,-,3.31 dias,-,-,-,-
58565,👤 Análise Coordenação,6,adriana@bancodovale.org.br,-,2021-05-24 17:02:46,24/05/2021 17:02,24/05/2021 19:30,-,0.1 dias,-,-,-,-
58565,🧾 Análise Mesa de Crédito,8,angela@bancodovale.org.br,-,2021-05-24 19:30:11,24/05/2021 19:30,26/05/2021 15:13,-,1.82 dias,-,-,-,-
58565,✅ Aprovado,0,fernandosandri@bancodovale.org.br,-,2021-05-26 15:13:22,26/05/2021 15:13,06/05/2022 16:10,-,345.04 dias,-,-,-,-
58565,👤 Análise Coordenação,6,adriana@bancodovale.org.br,-,2022-05-06 16:10:27,06/05/2022 16:10,09/05/2022 10:10,-,2.75 dias,-,-,-,-
58565,⚠️ Pendência Coordenação,7,angela@bancodovale.org.br,-,2022-05-09 10:10:00,09/05/2022 10:10,09/05/2022 10:41,-,0.02 dias,-,-,-,-
58565,🧾 Análise Mesa de Crédito,8,angela@bancodovale.org.br,-,2022-05-09 10:41:28,09/05/2022 10:41,13/05/2022 10:57,-,4.01 dias,-,-,-,-
58565,✅ Aprovado,0,fernandosandri@bancodovale.org.br,-,2022-05-13 10:57:52,13/05/2022 10:57,16/06/2023 17:16,-,399.26 dias,-,-,-,-
58565,🧾 Análise Mesa de Crédito,8,adriana@bancodovale.org.br,-,2023-06-16 17:16:29,16/06/2023 17:16,30/06/2023 14:27,-,13.88 dias,-,-,-,-
58565,✅ Aprovado,0,fernandosandri@bancodovale.org.br,-,2023-06-30 14:27:14,30/06/2023 14:27,11/07/2025 11:50,-,741.89 dias,-,-,-,-
58565,🧾 Análise Mesa de Crédito,8,adriana@bancodovale.org.br,-,2025-07-11 11:50:55,11/07/2025 11:50,01/08/2025 13:04,-,21.05 dias,-,-,-,-
25678,📍 Definir Unidade de Atendimento,1,-,-,2021-01-08 16:09:15,08/01/2021 16:09,08/01/2021 16:11,-,0.0 dias,-,-,-,-
25678,🔴 Pendência SPC,3,indaial@bancodovale.org.br,-,2021-01-08 16:11:23,08/01/2021 16:11,08/01/2021 17:15,-,0.04 dias,-,-,-,-
25678,⚠️ Pendente Cliente,W,adriana@bancodovale.org.br,-,2021-01-08 17:15:19,08/01/2021 17:15,18/01/2021 10:15,-,9.71 dias,-,-,-,-
25678,❌ Reprovado,X,adriana@bancodovale.org.br,-,2021-01-18 10:15:47,18/01/2021 10:15,04/04/2022 16:03,-,441.24 dias,-,-,-,-
25678,🕵️ Análise Agente de Crédito,4,indaial@bancodovale.org.br,-,2022-04-04 16:03:38,04/04/2022 16:03,11/04/2022 16:31,-,7.02 dias,-,-,-,-
25678,❌ Reprovado,X,adriana@bancodovale.org.br,-,2022-04-11 16:31:14,11/04/2022 16:31,29/07/2024 17:29,-,840.04 dias,-,-,-,-
25678,🧾 Análise Mesa de Crédito,8,KATLIN,-,2024-07-29 17:29:29,29/07/2024 17:29,31/07/2024 08:38,-,1.63 dias,-,-,-,-
25678,✅ Aprovado,0,Fernando,-,2024-07-31 08:38:56,31/07/2024 08:38,04/08/2025 15:47,-,369.3 dias,-,-,-,-
25678,🧾 Análise Mesa de Crédito,8,adriana@bancodovale.org.br,-,2025-08-04 15:47:11,04/08/2025 15:47,06/08/2025 09:54,-,1.75 dias,-,-,-,-
14570,📍 Definir Unidade de Atendimento,1,-,-,2020-09-28 14:05:21,28/09/2020 14:05,28/09/2020 14:05,-,0.0 dias,-,-,-,-
14570,🕵️ Análise Agente de Crédito,4,bancodovaletimbo@bancodovale.org.br,-,2020-09-28 14:05:57,28/09/2020 14:05,28/09/2020 14:50,-,0.03 dias,-,-,-,-
14570,🧾 Análise Mesa de Crédito,8,caciane@bancodovale.org.br,-,2020-09-28 14:50:14,28/09/2020 14:50,29/09/2020 11:44,-,0.87 dias,-,-,-,-
14570,✅ Aprovado,0,roberto@bancodovale.org.br,-,2020-09-29 11:44:58,29/09/2020 11:44,12/07/2021 14:48,-,286.13 dias,-,-,-,-
14570,🕵️ Análise Agente de Crédito,4,bancodovaletimbo@bancodovale.org.br,-,2021-07-12 14:48:30,12/07/2021 14:48,13/07/2021 11:30,-,0.86 dias,-,-,-,-
14570,👤 Análise Coordenação,6,joseane@bancodovale.org.br,-,2021-07-13 11:30:07,13/07/2021 11:30,13/07/2021 11:31,-,0.0 dias,-,-,-,-
14570,🧾 Análise Mesa de Crédito,8,angela@bancodovale.org.br,-,2021-07-13 11:31:28,13/07/2021 11:31,14/07/2021 10:19,-,0.95 dias,-,-,-,-
14570,✅ Aprovado,0,fernandosandri@bancodovale.org.br,-,2021-07-14 10:19:51,14/07/2021 10:19,21/12/2021 14:41,-,160.18 dias,-,-,-,-
14570,👤 Análise Coordenação,6,bancodovaletimbo@bancodovale.org.br,-,2021-12-21 14:41:06,21/12/2021 14:41,21/12/2021 15:34,-,0.04 dias,-,-,-,-
14570,🧾 Análise Mesa de Crédito,8,caciane@bancodovale.org.br,-,2021-12-21 15:34:51,21/12/2021 15:34,21/12/2021 16:49,-,0.05 dias,-,-,-,-
14570,✅ Aprovado,0,roberto@bancodovale.org.br,-,2021-12-21 16:49:56,21/12/2021 16:49,17/07/2025 09:37,-,1303.7 dias,-,-,-,-
14570,🕵️ Análise Agente de Crédito,4,bancodovaletimbo@bancodovale.org.br,-,2025-07-17 09:37:53,17/07/2025 09:37,17/07/2025 11:33,-,0.08 dias,-,-,-,-
14570,🧾 Análise Mesa de Crédito,8,caciane@bancodovale.org.br,-,2025-07-17 11:33:01,17/07/2025 11:33,01/08/2025 13:29,-,15.08 dias,-,-,-,-
14033,📍 Definir Unidade de Atendimento,1,-,-,2020-09-24 13:42:27,24/09/2020 13:42,24/09/2020 14:03,-,0.01 dias,-,-,-,-
14033,🕵️ Análise Agente de Crédito,4,bancodovaletimbo@bancodovale.org.br,-,2020-09-24 14:03:04,24/09/2020 14:03,24/09/2020 17:18,-,0.14 dias,-,-,-,-
14033,⚠️ Pendente Cliente,W,sandra@bancodovale.org.br,-,2020-09-24 17:18:25,24/09/2020 17:18,25/09/2020 16:46,-,0.98 dias,-,-,-,-
14033,🧾 Análise Mesa de Crédito,8,caciane@bancodovale.org.br,-,2020-09-25 16:46:18,25/09/2020 16:46,29/09/2020 11:13,-,3.77 dias,-,-,-,-
14033,⚠️ Pendência Mesa de Crédito,9,fernandosandri@bancodovale.org.br,-,2020-09-29 11:13:15,29/09/2020 11:13,29/09/2020 15:45,-,0.19 dias,-,-,-,-
14033,✅ Aprovado,0,fernandosandri@bancodovale.org.br,-,2020-09-29 15:45:53,29/09/2020 15:45,08/10/2021 10:17,-,373.77 dias,-,-,-,-
14033,👤 Análise Coordenação,6,indaial@bancodovale.org.br,-,2021-10-08 10:17:17,08/10/2021 10:17,08/10/2021 10:20,-,0.0 dias,-,-,-,-
14033,⚠️ Pendência Coordenação,7,angela@bancodovale.org.br,-,2021-10-08 10:20:00,08/10/2021 10:20,11/10/2021 15:29,-,3.22 dias,-,-,-,-
14033,🧾 Análise Mesa de Crédito,8,angela@bancodovale.org.br,-,2021-10-11 15:29:49,11/10/2021 15:29,14/10/2021 09:05,-,2.73 dias,-,-,-,-
14033,✅ Aprovado,0,fernandosandri@bancodovale.org.br,-,2021-10-14 09:05:56,14/10/2021 09:05,19/05/2022 12:45,-,217.15 dias,-,-,-,-
14033,👤 Análise Coordenação,6,sandra@bancodovale.org.br,-,2022-05-19 12:45:27,19/05/2022 12:45,20/05/2022 10:46,-,0.92 dias,-,-,-,-
14033,⚠️ Pendência Coordenação,7,angela@bancodovale.org.br,-,2022-05-20 10:46:17,20/05/2022 10:46,20/05/2022 11:24,-,0.03 dias,-,-,-,-
14033,🧾 Análise Mesa de Crédito,8,angela@bancodovale.org.br,-,2022-05-20 11:24:24,20/05/2022 11:24,26/05/2022 09:50,-,5.93 dias,-,-,-,-
14033,✅ Aprovado,0,fernandosandri@bancodovale.org.br,-,2022-05-26 09:50:47,26/05/2022 09:50,14/12/2023 17:09,-,567.3 dias,-,-,-,-
14033,👤 Análise Coordenação,6,sandra@bancodovale.org.br,-,2023-12-14 17:09:33,14/12/2023 17:09,14/12/2023 17:18,-,0.01 dias,-,-,-,-
14033,🧾 Análise Mesa de Crédito,8,sandra@bancodovale.org.br,-,2023-12-14 17:18:03,14/12/2023 17:18,15/12/2023 15:46,-,0.94 dias,-,-,-,-
14033,✅ Aprovado,0,Fernando,-,2023-12-15 15:46:03,15/12/2023 15:46,18/07/2025 17:25,-,581.07 dias,-,-,-,-
14033,🧾 Análise Mesa de Crédito,8,hilta@bancodovale.org.br,-,2025-07-18 17:25:31,18/07/2025 17:25,21/07/2025 17:28,-,3.0 dias,-,-,-,-
14033,✅ Aprovado,0,hilta@bancodovale.org.br,-,2025-07-21 17:28:01,21/07/2025 17:28,22/07/2025 16:22,-,0.95 dias,-,-,-,-
14033,📍 Definir Unidade de Atendimento,1,KATLIN,-,2025-07-22 16:22:45,22/07/2025 16:22,22/07/2025 16:23,-,0.0 dias,-,-,-,-
14033,🧾 Análise Mesa de Crédito,8,KATLIN,-,2025-07-22 16:23:00,22/07/2025 16:23,01/08/2025 13:11,-,9.87 dias,-,-,-,-
12274,📍 Definir Unidade de Atendimento,1,-,-,2020-09-11 11:03:38,11/09/2020 11:03,11/09/2020 11:04,-,0.0 dias,-,-,-,-
12274,🕵️ Análise Agente de Crédito,4,indaial@bancodovale.org.br,-,2020-09-11 11:04:06,11/09/2020 11:04,11/09/2020 11:31,-,0.02 dias,-,-,-,-
12274,⚠️ Pendência – Agente de Crédito,5,adriana@bancodovale.org.br,-,2020-09-11 11:31:52,11/09/2020 11:31,11/09/2020 16:40,-,0.21 dias,-,-,-,-
12274,👤 Análise Coordenação,6,adriana@bancodovale.org.br,-,2020-09-11 16:40:30,11/09/2020 16:40,11/09/2020 16:41,-,0.0 dias,-,-,-,-
12274,🧾 Análise Mesa de Crédito,8,caciane@bancodovale.org.br,-,2020-09-11 16:41:36,11/09/2020 16:41,14/09/2020 15:10,-,2.94 dias,-,-,-,-
12274,✅ Aprovado,0,fernandosandri@bancodovale.org.br,-,2020-09-14 15:10:43,14/09/2020 15:10,05/11/2021 16:12,-,417.04 dias,-,-,-,-
12274,👤 Análise Coordenação,6,adriana@bancodovale.org.br,-,2021-11-05 16:12:17,05/11/2021 16:12,05/11/2021 16:17,-,0.0 dias,-,-,-,-
12274,🧾 Análise Mesa de Crédito,8,angela@bancodovale.org.br,-,2021-11-05 16:17:44,05/11/2021 16:17,08/11/2021 16:00,-,2.99 dias,-,-,-,-
12274,✅ Aprovado,0,fernandosandri@bancodovale.org.br,-,2021-11-08 16:00:58,08/11/2021 16:00,20/10/2022 15:28,-,345.98 dias,-,-,-,-
12274,👤 Análise Coordenação,6,adriana@bancodovale.org.br,-,2022-10-20 15:28:21,20/10/2022 15:28,20/10/2022 15:30,-,0.0 dias,-,-,-,-
12274,🧾 Análise Mesa de Crédito,8,angela@bancodovale.org.br,-,2022-10-20 15:30:20,20/10/2022 15:30,24/10/2022 11:05,-,3.82 dias,-,-,-,-
12274,✅ Aprovado,0,fernandosandri@bancodovale.org.br,-,2022-10-24 11:05:39,24/10/2022 11:05,24/11/2023 17:08,-,396.25 dias,-,-,-,-
12274,🧾 Análise Mesa de Crédito,8,KATLIN,-,2023-11-24 17:08:48,24/11/2023 17:08,01/12/2023 09:17,-,6.67 dias,-,-,-,-
12274,✅ Aprovado,0,Fernando,-,2023-12-01 09:17:01,01/12/2023 09:17,04/08/2025 10:45,-,612.06 dias,-,-,-,-
12274,🧾 Análise Mesa de Crédito,8,adriana@bancodovale.org.br,-,2025-08-04 10:45:15,04/08/2025 10:45,06/08/2025 11:40,-,2.04 dias,-,-,-,-
10084,📍 Definir Unidade de Atendimento,1,-,-,2020-08-19 09:35:33,19/08/2020 09:35,19/08/2020 09:36,-,0.0 dias,-,-,-,-
10084,🔴 Pendência SPC,3,bancodovaletimbo@bancodovale.org.br,-,2020-08-19 09:36:28,19/08/2020 09:36,19/08/2020 10:55,-,0.05 dias,-,-,-,-
10084,❌ Reprovado,X,caciane@bancodovale.org.br,-,2020-08-19 10:55:33,19/08/2020 10:55,23/06/2023 16:29,-,1038.23 dias,-,-,-,-
10084,🧾 Análise Mesa de Crédito,8,bancodovaletimbo@bancodovale.org.br,-,2023-06-23 16:29:49,23/06/2023 16:29,27/06/2023 08:51,-,3.68 dias,-,-,-,-
10084,✅ Aprovado,0,fernandosandri@bancodovale.org.br,-,2023-06-27 08:51:05,27/06/2023 08:51,25/03/2025 10:59,-,637.09 dias,-,-,-,-
10084,🕵️ Análise Agente de Crédito,4,bancodovaletimbo@bancodovale.org.br,-,2025-03-25 10:59:16,25/03/2025 10:59,26/03/2025 10:05,-,0.96 dias,-,-,-,-
10084,🙅 Desistiu,Z,caciane@bancodovale.org.br,-,2025-03-26 10:05:37,26/03/2025 10:05,13/06/2025 17:18,-,79.3 dias,-,-,-,-
10084,🕵️ Análise Agente de Crédito,4,bancodovaletimbo@bancodovale.org.br,-,2025-06-13 17:18:37,13/06/2025 17:18,16/06/2025 10:20,-,2.71 dias,-,-,-,-
10084,⚠️ Pendente Cliente,W,caciane@bancodovale.org.br,-,2025-06-16 10:20:29,16/06/2025 10:20,16/06/2025 13:21,-,0.13 dias,-,-,-,-
10084,🧾 Análise Mesa de Crédito,8,caciane@bancodovale.org.br,-,2025-06-16 13:21:50,16/06/2025 13:21,01/08/2025 13:32,-,46.01 dias,-,-,-,-
1876476,📍 Definir Unidade de Atendimento,1,-,-,2025-08-11 09:38:04,11/08/2025 09:38,11/08/2025 09:41,-,0.0 dias,-,-,-,-
1876476,🔍 Análise SPC (Serasa / SPC Brasil),2,comercialdigital@bancodovale.com.br,-,2025-08-11 09:41:08,11/08/2025 09:41,11/08/2025 11:07,-,0.06 dias,-,-,-,-
1877773,📍 Definir Unidade de Atendimento,1,-,-,2025-08-11 11:44:40,11/08/2025 11:44,11/08/2025 11:47,-,0.0 dias,-,-,-,-
1877773,🔍 Análise SPC (Serasa / SPC Brasil),2,comercialdigital@bancodovale.com.br,-,2025-08-11 11:47:15,11/08/2025 11:47,11/08/2025 13:32,-,0.07 dias,-,-,-,-
1876501,📍 Definir Unidade de Atendimento,1,-,-,2025-08-11 09:39:54,11/08/2025 09:39,11/08/2025 09:43,-,0.0 dias,-,-,-,-
1876501,🔍 Análise SPC (Serasa / SPC Brasil),2,comercialdigital@bancodovale.com.br,-,2025-08-11 09:43:57,11/08/2025 09:43,11/08/2025 11:04,-,0.06 dias,-,-,-,-
1876260,📍 Definir Unidade de Atendimento,1,-,-,2025-08-10 20:43:48,10/08/2025 20:43,11/08/2025 08:49,-,0.5 dias,-,-,-,-
1876260,🔍 Análise SPC (Serasa / SPC Brasil),2,comercialdigital@bancodovale.com.br,-,2025-08-11 08:49:17,11/08/2025 08:49,11/08/2025 11:11,-,0.1 dias,-,-,-,-
1876217,📍 Definir Unidade de Atendimento,1,-,-,2025-08-10 18:22:57,10/08/2025 18:22,11/08/2025 09:03,-,0.61 dias,-,-,-,-
1876217,🔍 Análise SPC (Serasa / SPC Brasil),2,comercialdigital@bancodovale.com.br,-,2025-08-11 09:03:35,11/08/2025 09:03,11/08/2025 11:28,-,0.1 dias,-,-,-,-
1879474,📍 Definir Unidade de Atendimento,1,-,-,2025-08-11 17:19:23,11/08/2025 17:19,11/08/2025 17:27,-,0.01 dias,-,-,-,-
1879462,📍 Definir Unidade de Atendimento,1,-,-,2025-08-11 17:12:51,11/08/2025 17:12,11/08/2025 17:27,-,0.01 dias,-,-,-,-
1879385,📍 Definir Unidade de Atendimento,1,-,-,2025-08-11 16:41:24,11/08/2025 16:41,11/08/2025 17:28,-,0.03 dias,-,-,-,-
1879355,📍 Definir Unidade de Atendimento,1,-,-,2025-08-11 16:30:10,11/08/2025 16:30,11/08/2025 16:30,-,0.0 dias,-,-,-,-
1879355,🔴 Pendência SPC,3,jaragua@bancodovale.org.br,-,2025-08-11 16:30:34,11/08/2025 16:30,11/08/2025 16:46,-,0.01 dias,-,-,-,-
1879325,📍 Definir Unidade de Atendimento,1,-,-,2025-08-11 16:19:03,11/08/2025 16:19,11/08/2025 16:20,-,0.0 dias,-,-,-,-
1879325,🕵️ Análise Agente de Crédito,4,jaragua@bancodovale.org.br,-,2025-08-11 16:20:36,11/08/2025 16:20,11/08/2025 16:59,-,0.03 dias,-,-,-,-
1879325,⚠️ Pendência – Agente de Crédito,5,jessica@bancodovale.org.br,-,2025-08-11 16:59:13,11/08/2025 16:59,11/08/2025 16:59,-,0.0 dias,-,-,-,-
1879303,📍 Definir Unidade de Atendimento,1,-,-,2025-08-11 16:12:49,11/08/2025 16:12,11/08/2025 16:21,-,0.01 dias,-,-,-,-
1879303,🔴 Pendência SPC,3,jaragua@bancodovale.org.br,-,2025-08-11 16:21:30,11/08/2025 16:21,11/08/2025 16:53,-,0.02 dias,-,-,-,-
1879290,📍 Definir Unidade de Atendimento,1,-,-,2025-08-11 16:06:06,11/08/2025 16:06,11/08/2025 16:06,-,0.0 dias,-,-,-,-
1879290,🔴 Pendência SPC,3,jaragua@bancodovale.org.br,-,2025-08-11 16:06:49,11/08/2025 16:06,11/08/2025 16:48,-,0.03 dias,-,-,-,-
1879218,📍 Definir Unidade de Atendimento,1,-,-,2025-08-11 15:33:47,11/08/2025 15:33,11/08/2025 15:38,-,0.0 dias,-,-,-,-
1879218,🔴 Pendência SPC,3,jaragua@bancodovale.org.br,-,2025-08-11 15:38:45,11/08/2025 15:38,11/08/2025 17:21,-,0.07 dias,-,-,-,-
1879200,📍 Definir Unidade de Atendimento,1,-,-,2025-08-11 15:21:59,11/08/2025 15:21,11/08/2025 15:49,-,0.02 dias,-,-,-,-
1879187,📍 Definir Unidade de Atendimento,1,-,-,2025-08-11 15:15:10,11/08/2025 15:15,11/08/2025 15:49,-,0.02 dias,-,-,-,-
1879185,📍 Definir Unidade de Atendimento,1,-,-,2025-08-11 15:14:28,11/08/2025 15:14,11/08/2025 15:14,-,0.0 dias,-,-,-,-
1879185,🕵️ Análise Agente de Crédito,4,Danielle,-,2025-08-11 15:14:42,11/08/2025 15:14,11/08/2025 16:04,-,0.03 dias,-,-,-,-
1879185,👤 Análise Coordenação,6,dennis@bancodovale.org.br,-,2025-08-11 16:04:25,11/08/2025 16:04,11/08/2025 16:26,-,0.02 dias,-,-,-,-
1879170,📍 Definir Unidade de Atendimento,1,-,-,2025-08-11 15:08:40,11/08/2025 15:08,11/08/2025 15:08,-,0.0 dias,-,-,-,-
1878949,📍 Definir Unidade de Atendimento,1,-,-,2025-08-11 14:20:02,11/08/2025 14:20,11/08/2025 15:07,-,0.03 dias,-,-,-,-
1878949,🔴 Pendência SPC,3,jaragua@bancodovale.org.br,-,2025-08-11 15:07:24,11/08/2025 15:07,11/08/2025 16:53,-,0.07 dias,-,-,-,-
1878920,📍 Definir Unidade de Atendimento,1,-,-,2025-08-11 14:18:25,11/08/2025 14:18,11/08/2025 15:07,-,0.03 dias,-,-,-,-
1878920,🔴 Pendência SPC,3,jaragua@bancodovale.org.br,-,2025-08-11 15:07:52,11/08/2025 15:07,11/08/2025 15:08,-,0.0 dias,-,-,-,-
1878751,📍 Definir Unidade de Atendimento,1,-,-,2025-08-11 14:07:59,11/08/2025 14:07,11/08/2025 14:10,-,0.0 dias,-,-,-,-
1878659,📍 Definir Unidade de Atendimento,1,-,-,2025-08-11 13:56:23,11/08/2025 13:56,11/08/2025 13:58,-,0.0 dias,-,-,-,-
1878659,🔍 Análise SPC (Serasa / SPC Brasil),2,comercialdigital@bancodovale.com.br,-,2025-08-11 13:58:28,11/08/2025 13:58,11/08/2025 13:59,-,0.0 dias,-,-,-,-
1878659,🕵️ Análise Agente de Crédito,4,comercialdigital@bancodovale.com.br,-,2025-08-11 13:59:30,11/08/2025 13:59,11/08/2025 16:07,-,0.09 dias,-,-,-,-
1878647,📍 Definir Unidade de Atendimento,1,-,-,2025-08-11 13:51:15,11/08/2025 13:51,11/08/2025 13:58,-,0.0 dias,-,-,-,-
1878601,📍 Definir Unidade de Atendimento,1,-,-,2025-08-11 13:29:42,11/08/2025 13:29,11/08/2025 13:29,-,0.0 dias,-,-,-,-
1878597,📍 Definir Unidade de Atendimento,1,-,-,2025-08-11 13:28:38,11/08/2025 13:28,11/08/2025 13:29,-,0.0 dias,-,-,-,-
1878588,📍 Definir Unidade de Atendimento,1,-,-,2025-08-11 13:24:40,11/08/2025 13:24,11/08/2025 13:24,-,0.0 dias,-,-,-,-
1878556,📍 Definir Unidade de Atendimento,1,-,-,2025-08-11 13:07:52,11/08/2025 13:07,11/08/2025 13:14,-,0.0 dias,-,-,-,-
1878556,🔍 Análise SPC (Serasa / SPC Brasil),2,comercialdigital@bancodovale.com.br,-,2025-08-11 13:14:24,11/08/2025 13:14,11/08/2025 15:04,-,0.08 dias,-,-,-,-
1878556,🔴 Pendência SPC,3,jaragua@bancodovale.org.br,-,2025-08-11 15:04:53,11/08/2025 15:04,11/08/2025 16:20,-,0.05 dias,-,-,-,-
1878487,📍 Definir Unidade de Atendimento,1,-,-,2025-08-11 13:02:24,11/08/2025 13:02,11/08/2025 13:03,-,0.0 dias,-,-,-,-
1878487,🔍 Análise SPC (Serasa / SPC Brasil),2,comercialdigital@bancodovale.com.br,-,2025-08-11 13:03:04,11/08/2025 13:03,11/08/2025 14:03,-,0.04 dias,-,-,-,-
1878487,🕵️ Análise Agente de Crédito,4,comercialdigital@bancodovale.com.br,-,2025-08-11 14:03:32,11/08/2025 14:03,11/08/2025 16:42,-,0.11 dias,-,-,-,-
1878297,📍 Definir Unidade de Atendimento,1,-,-,2025-08-11 12:47:56,11/08/2025 12:47,11/08/2025 13:19,-,0.02 dias,-,-,-,-
1878297,🕵️ Análise Agente de Crédito,4,comercialdigital@bancodovale.com.br,-,2025-08-11 13:19:04,11/08/2025 13:19,11/08/2025 16:25,-,0.13 dias,-,-,-,-
1878110,📍 Definir Unidade de Atendimento,1,-,-,2025-08-11 12:34:25,11/08/2025 12:34,11/08/2025 12:39,-,0.0 dias,-,-,-,-
1878013,📍 Definir Unidade de Atendimento,1,-,-,2025-08-11 12:09:36,11/08/2025 12:09,11/08/2025 12:38,-,0.02 dias,-,-,-,-
1878013,🔍 Análise SPC (Serasa / SPC Brasil),2,comercialdigital@bancodovale.com.br,-,2025-08-11 12:38:45,11/08/2025 12:38,11/08/2025 13:47,-,0.05 dias,-,-,-,-
1877950,📍 Definir Unidade de Atendimento,1,-,-,2025-08-11 12:04:29,11/08/2025 12:04,11/08/2025 12:38,-,0.02 dias,-,-,-,-
1877950,🔍 Análise SPC (Serasa / SPC Brasil),2,comercialdigital@bancodovale.com.br,-,2025-08-11 12:38:10,11/08/2025 12:38,11/08/2025 13:42,-,0.04 dias,-,-,-,-
1877950,🕵️ Análise Agente de Crédito,4,comercialdigital@bancodovale.com.br,-,2025-08-11 13:42:33,11/08/2025 13:42,11/08/2025 16:39,-,0.12 dias,-,-,-,-
1877928,📍 Definir Unidade de Atendimento,1,-,-,2025-08-11 11:55:43,11/08/2025 11:55,11/08/2025 12:37,-,0.03 dias,-,-,-,-
1877928,🔍 Análise SPC (Serasa / SPC Brasil),2,comercialdigital@bancodovale.com.br,-,2025-08-11 12:37:19,11/08/2025 12:37,11/08/2025 14:09,-,0.06 dias,-,-,-,-
1877898,📍 Definir Unidade de Atendimento,1,-,-,2025-08-11 11:53:16,11/08/2025 11:53,11/08/2025 12:28,-,0.02 dias,-,-,-,-
1877898,🔴 Pendência SPC,3,jaragua@bancodovale.org.br,-,2025-08-11 12:28:45,11/08/2025 12:28,11/08/2025 12:28,-,0.0 dias,-,-,-,-
1877898,🕵️ Análise Agente de Crédito,4,jaragua@bancodovale.org.br,-,2025-08-11 12:28:50,11/08/2025 12:28,11/08/2025 16:58,-,0.19 dias,-,-,-,-
1877826,📍 Definir Unidade de Atendimento,1,-,-,2025-08-11 11:48:43,11/08/2025 11:48,11/08/2025 12:36,-,0.03 dias,-,-,-,-
1877826,🔍 Análise SPC (Serasa / SPC Brasil),2,comercialdigital@bancodovale.com.br,-,2025-08-11 12:36:51,11/08/2025 12:36,11/08/2025 13:40,-,0.04 dias,-,-,-,-
1877826,🕵️ Análise Agente de Crédito,4,comercialdigital@bancodovale.com.br,-,2025-08-11 13:40:26,11/08/2025 13:40,11/08/2025 16:37,-,0.12 dias,-,-,-,-
1877498,📍 Definir Unidade de Atendimento,1,-,-,2025-08-11 11:20:32,11/08/2025 11:20,11/08/2025 11:46,-,0.02 dias,-,-,-,-
1877445,📍 Definir Unidade de Atendimento,1,-,-,2025-08-11 11:16:12,11/08/2025 11:16,11/08/2025 11:45,-,0.02 dias,-,-,-,-
1877445,🔍 Análise SPC (Serasa / SPC Brasil),2,comercialdigital@bancodovale.com.br,-,2025-08-11 11:45:49,11/08/2025 11:45,11/08/2025 12:20,-,0.02 dias,-,-,-,-
1877445,🔴 Pendência SPC,3,jaragua@bancodovale.org.br,-,2025-08-11 12:20:33,11/08/2025 12:20,11/08/2025 17:04,-,0.2 dias,-,-,-,-
1877213,📍 Definir Unidade de Atendimento,1,-,-,2025-08-11 10:54:13,11/08/2025 10:54,11/08/2025 10:58,-,0.0 dias,-,-,-,-
1877213,🔍 Análise SPC (Serasa / SPC Brasil),2,comercialdigital@bancodovale.com.br,-,2025-08-11 10:58:45,11/08/2025 10:58,11/08/2025 11:02,-,0.0 dias,-,-,-,-
1877207,📍 Definir Unidade de Atendimento,1,-,-,2025-08-11 10:53:55,11/08/2025 10:53,11/08/2025 10:55,-,0.0 dias,-,-,-,-
1877207,🔴 Pendência SPC,3,bancodovaletimbo@bancodovale.org.br,-,2025-08-11 10:55:54,11/08/2025 10:55,11/08/2025 14:43,-,0.16 dias,-,-,-,-
1877132,📍 Definir Unidade de Atendimento,1,-,-,2025-08-11 10:49:24,11/08/2025 10:49,11/08/2025 10:58,-,0.01 dias,-,-,-,-
1877132,🔍 Análise SPC (Serasa / SPC Brasil),2,comercialdigital@bancodovale.com.br,-,2025-08-11 10:58:01,11/08/2025 10:58,11/08/2025 13:34,-,0.11 dias,-,-,-,-
1876889,📍 Definir Unidade de Atendimento,1,-,-,2025-08-11 10:18:11,11/08/2025 10:18,11/08/2025 10:47,-,0.02 dias,-,-,-,-
1876889,🔍 Análise SPC (Serasa / SPC Brasil),2,comercialdigital@bancodovale.com.br,-,2025-08-11 10:47:05,11/08/2025 10:47,11/08/2025 10:55,-,0.01 dias,-,-,-,-
1876889,🕵️ Análise Agente de Crédito,4,comercialdigital@bancodovale.com.br,-,2025-08-11 10:55:11,11/08/2025 10:55,11/08/2025 14:14,-,0.14 dias,-,-,-,-
1876685,📍 Definir Unidade de Atendimento,1,-,-,2025-08-11 10:04:46,11/08/2025 10:04,11/08/2025 10:05,-,0.0 dias,-,-,-,-
1876681,📍 Definir Unidade de Atendimento,1,-,-,2025-08-11 10:04:28,11/08/2025 10:04,11/08/2025 10:45,-,0.03 dias,-,-,-,-
1876544,📍 Definir Unidade de Atendimento,1,-,-,2025-08-11 09:42:42,11/08/2025 09:42,11/08/2025 09:43,-,0.0 dias,-,-,-,-
1876544,🕵️ Análise Agente de Crédito,4,KATLIN,-,2025-08-11 09:43:04,11/08/2025 09:43,11/08/2025 09:44,-,0.0 dias,-,-,-,-
1876544,⚠️ Pendente Cliente,W,rejane@bancodovale.org.br,-,2025-08-11 09:44:00,11/08/2025 09:44,11/08/2025 10:57,-,0.05 dias,-,-,-,-
1876493,📍 Definir Unidade de Atendimento,1,-,-,2025-08-11 09:39:30,11/08/2025 09:39,11/08/2025 09:40,-,0.0 dias,-,-,-,-
1876466,📍 Definir Unidade de Atendimento,1,-,-,2025-08-11 09:34:00,11/08/2025 09:34,11/08/2025 09:34,-,0.0 dias,-,-,-,-
1876393,📍 Definir Unidade de Atendimento,1,-,-,2025-08-11 08:59:00,11/08/2025 08:59,11/08/2025 09:40,-,0.03 dias,-,-,-,-
1876323,📍 Definir Unidade de Atendimento,1,-,-,2025-08-11 08:21:35,11/08/2025 08:21,11/08/2025 08:52,-,0.02 dias,-,-,-,-
1876323,🔍 Análise SPC (Serasa / SPC Brasil),2,comercialdigital@bancodovale.com.br,-,2025-08-11 08:52:48,11/08/2025 08:52,11/08/2025 15:24,-,0.27 dias,-,-,-,-
1876323,🔴 Pendência SPC,3,jaragua@bancodovale.org.br,-,2025-08-11 15:24:53,11/08/2025 15:24,11/08/2025 16:58,-,0.06 dias,-,-,-,-
1876311,📍 Definir Unidade de Atendimento,1,-,-,2025-08-11 07:06:48,11/08/2025 07:06,11/08/2025 09:39,-,0.11 dias,-,-,-,-
1876309,📍 Definir Unidade de Atendimento,1,-,-,2025-08-11 06:52:21,11/08/2025 06:52,11/08/2025 08:46,-,0.08 dias,-,-,-,-
1876296,📍 Definir Unidade de Atendimento,1,-,-,2025-08-10 22:38:53,10/08/2025 22:38,11/08/2025 08:46,-,0.42 dias,-,-,-,-
1876261,📍 Definir Unidade de Atendimento,1,-,-,2025-08-10 20:44:47,10/08/2025 20:44,11/08/2025 08:56,-,0.51 dias,-,-,-,-
1876261,🔍 Análise SPC (Serasa / SPC Brasil),2,comercialdigital@bancodovale.com.br,-,2025-08-11 08:56:16,11/08/2025 08:56,11/08/2025 10:17,-,0.06 dias,-,-,-,-
1876261,🕵️ Análise Agente de Crédito,4,comercialdigital@bancodovale.com.br,-,2025-08-11 10:17:45,11/08/2025 10:17,11/08/2025 13:49,-,0.15 dias,-,-,-,-
1876259,📍 Definir Unidade de Atendimento,1,-,-,2025-08-10 20:40:07,10/08/2025 20:40,11/08/2025 08:58,-,0.51 dias,-,-,-,-
1876259,🔍 Análise SPC (Serasa / SPC Brasil),2,comercialdigital@bancodovale.com.br,-,2025-08-11 08:58:33,11/08/2025 08:58,11/08/2025 14:57,-,0.25 dias,-,-,-,-
1876259,🔴 Pendência SPC,3,jaragua@bancodovale.org.br,-,2025-08-11 14:57:49,11/08/2025 14:57,11/08/2025 17:05,-,0.09 dias,-,-,-,-
1876254,📍 Definir Unidade de Atendimento,1,-,-,2025-08-10 20:06:04,10/08/2025 20:06,11/08/2025 08:58,-,0.54 dias,-,-,-,-
1876254,🔍 Análise SPC (Serasa / SPC Brasil),2,comercialdigital@bancodovale.com.br,-,2025-08-11 08:58:23,11/08/2025 08:58,11/08/2025 12:48,-,0.16 dias,-,-,-,-
1876252,📍 Definir Unidade de Atendimento,1,-,-,2025-08-10 19:55:24,10/08/2025 19:55,11/08/2025 09:04,-,0.55 dias,-,-,-,-
1876249,📍 Definir Unidade de Atendimento,1,-,-,2025-08-10 19:36:53,10/08/2025 19:36,11/08/2025 09:04,-,0.56 dias,-,-,-,-
1876249,🔍 Análise SPC (Serasa / SPC Brasil),2,comercialdigital@bancodovale.com.br,-,2025-08-11 09:04:53,11/08/2025 09:04,11/08/2025 11:23,-,0.1 dias,-,-,-,-
1876224,📍 Definir Unidade de Atendimento,1,-,-,2025-08-10 18:47:00,10/08/2025 18:47,11/08/2025 08:58,-,0.59 dias,-,-,-,-
1876215,📍 Definir Unidade de Atendimento,1,-,-,2025-08-10 18:07:07,10/08/2025 18:07,11/08/2025 09:16,-,0.63 dias,-,-,-,-
1876215,🔍 Análise SPC (Serasa / SPC Brasil),2,comercialdigital@bancodovale.com.br,-,2025-08-11 09:16:32,11/08/2025 09:16,11/08/2025 09:16,-,0.0 dias,-,-,-,-
1876188,📍 Definir Unidade de Atendimento,1,-,-,2025-08-10 17:02:46,10/08/2025 17:02,11/08/2025 09:39,-,0.69 dias,-,-,-,-
1876188,🔍 Análise SPC (Serasa / SPC Brasil),2,comercialdigital@bancodovale.com.br,-,2025-08-11 09:39:01,11/08/2025 09:39,11/08/2025 11:44,-,0.09 dias,-,-,-,-
1876185,📍 Definir Unidade de Atendimento,1,-,-,2025-08-10 16:58:12,10/08/2025 16:58,11/08/2025 08:59,-,0.67 dias,-,-,-,-
1876185,🔍 Análise SPC (Serasa / SPC Brasil),2,comercialdigital@bancodovale.com.br,-,2025-08-11 08:59:03,11/08/2025 08:59,11/08/2025 12:42,-,0.15 dias,-,-,-,-
1876183,📍 Definir Unidade de Atendimento,1,-,-,2025-08-10 16:41:26,10/08/2025 16:41,11/08/2025 08:59,-,0.68 dias,-,-,-,-
1876157,📍 Definir Unidade de Atendimento,1,-,-,2025-08-10 15:42:04,10/08/2025 15:42,11/08/2025 09:05,-,0.72 dias,-,-,-,-
1876125,📍 Definir Unidade de Atendimento,1,-,-,2025-08-10 12:58:16,10/08/2025 12:58,11/08/2025 09:05,-,0.84 dias,-,-,-,-
1876125,🔍 Análise SPC (Serasa / SPC Brasil),2,comercialdigital@bancodovale.com.br,-,2025-08-11 09:05:59,11/08/2025 09:05,11/08/2025 10:20,-,0.05 dias,-,-,-,-
1876125,🕵️ Análise Agente de Crédito,4,comercialdigital@bancodovale.com.br,-,2025-08-11 10:20:41,11/08/2025 10:20,11/08/2025 13:53,-,0.15 dias,-,-,-,-
1876119,📍 Definir Unidade de Atendimento,1,-,-,2025-08-10 12:22:03,10/08/2025 12:22,11/08/2025 09:00,-,0.86 dias,-,-,-,-
1876115,📍 Definir Unidade de Atendimento,1,-,-,2025-08-10 11:39:39,10/08/2025 11:39,11/08/2025 08:44,-,0.88 dias,-,-,-,-
1876115,🔍 Análise SPC (Serasa / SPC Brasil),2,comercialdigital@bancodovale.com.br,-,2025-08-11 08:44:50,11/08/2025 08:44,11/08/2025 15:34,-,0.28 dias,-,-,-,-
1876115,🔴 Pendência SPC,3,jaragua@bancodovale.org.br,-,2025-08-11 15:34:55,11/08/2025 15:34,11/08/2025 16:47,-,0.05 dias,-,-,-,-
1876102,📍 Definir Unidade de Atendimento,1,-,-,2025-08-10 10:53:22,10/08/2025 10:53,11/08/2025 09:11,-,0.93 dias,-,-,-,-
1876102,🔍 Análise SPC (Serasa / SPC Brasil),2,comercialdigital@bancodovale.com.br,-,2025-08-11 09:11:25,11/08/2025 09:11,11/08/2025 12:46,-,0.15 dias,-,-,-,-
1876097,📍 Definir Unidade de Atendimento,1,-,-,2025-08-10 10:31:50,10/08/2025 10:31,11/08/2025 09:07,-,0.94 dias,-,-,-,-
1876097,🔍 Análise SPC (Serasa / SPC Brasil),2,comercialdigital@bancodovale.com.br,-,2025-08-11 09:07:12,11/08/2025 09:07,11/08/2025 10:07,-,0.04 dias,-,-,-,-
1876097,🕵️ Análise Agente de Crédito,4,bancodovaletimbo@bancodovale.org.br,-,2025-08-11 10:07:09,11/08/2025 10:07,11/08/2025 10:09,-,0.0 dias,-,-,-,-
1876097,🔴 Pendência SPC,3,bancodovaletimbo@bancodovale.org.br,-,2025-08-11 10:09:06,11/08/2025 10:09,11/08/2025 14:42,-,0.19 dias,-,-,-,-
1876092,📍 Definir Unidade de Atendimento,1,-,-,2025-08-10 10:18:06,10/08/2025 10:18,11/08/2025 09:10,-,0.95 dias,-,-,-,-
1876092,🔍 Análise SPC (Serasa / SPC Brasil),2,comercialdigital@bancodovale.com.br,-,2025-08-11 09:10:55,11/08/2025 09:10,11/08/2025 10:24,-,0.05 dias,-,-,-,-
1876089,📍 Definir Unidade de Atendimento,1,-,-,2025-08-10 10:07:13,10/08/2025 10:07,11/08/2025 09:00,-,0.95 dias,-,-,-,-
1876089,🔍 Análise SPC (Serasa / SPC Brasil),2,comercialdigital@bancodovale.com.br,-,2025-08-11 09:00:15,11/08/2025 09:00,11/08/2025 15:46,-,0.28 dias,-,-,-,-
1876089,🔴 Pendência SPC,3,jaragua@bancodovale.org.br,-,2025-08-11 15:46:09,11/08/2025 15:46,11/08/2025 16:57,-,0.05 dias,-,-,-,-
1876074,📍 Definir Unidade de Atendimento,1,-,-,2025-08-10 09:22:54,10/08/2025 09:22,11/08/2025 09:38,-,1.01 dias,-,-,-,-
1876074,🔍 Análise SPC (Serasa / SPC Brasil),2,comercialdigital@bancodovale.com.br,-,2025-08-11 09:38:22,11/08/2025 09:38,11/08/2025 11:37,-,0.08 dias,-,-,-,-
1876074,🕵️ Análise Agente de Crédito,4,comercialdigital@bancodovale.com.br,-,2025-08-11 11:37:41,11/08/2025 11:37,11/08/2025 14:55,-,0.14 dias,-,-,-,-
1876067,📍 Definir Unidade de Atendimento,1,-,-,2025-08-10 08:13:15,10/08/2025 08:13,11/08/2025 09:37,-,1.06 dias,-,-,-,-
1876067,🔍 Análise SPC (Serasa / SPC Brasil),2,comercialdigital@bancodovale.com.br,-,2025-08-11 09:37:43,11/08/2025 09:37,11/08/2025 10:30,-,0.04 dias,-,-,-,-
1876067,🕵️ Análise Agente de Crédito,4,comercialdigital@bancodovale.com.br,-,2025-08-11 10:30:48,11/08/2025 10:30,11/08/2025 13:54,-,0.14 dias,-,-,-,-
1876056,📍 Definir Unidade de Atendimento,1,-,-,2025-08-10 00:29:34,10/08/2025 00:29,11/08/2025 09:00,-,1.35 dias,-,-,-,-
1876056,🔍 Análise SPC (Serasa / SPC Brasil),2,comercialdigital@bancodovale.com.br,-,2025-08-11 09:00:43,11/08/2025 09:00,11/08/2025 09:31,-,0.02 dias,-,-,-,-
1876053,📍 Definir Unidade de Atendimento,1,-,-,2025-08-09 22:59:08,09/08/2025 22:59,11/08/2025 09:37,-,1.44 dias,-,-,-,-
1876047,📍 Definir Unidade de Atendimento,1,-,-,2025-08-09 21:41:14,09/08/2025 21:41,11/08/2025 09:01,-,1.47 dias,-,-,-,-
1876044,📍 Definir Unidade de Atendimento,1,-,-,2025-08-09 21:30:47,09/08/2025 21:30,11/08/2025 09:35,-,1.5 dias,-,-,-,-
1876044,🔍 Análise SPC (Serasa / SPC Brasil),2,comercialdigital@bancodovale.com.br,-,2025-08-11 09:35:39,11/08/2025 09:35,11/08/2025 13:26,-,0.16 dias,-,-,-,-
1876007,📍 Definir Unidade de Atendimento,1,-,-,2025-08-09 19:13:22,09/08/2025 19:13,11/08/2025 09:31,-,1.6 dias,-,-,-,-
1876007,🔍 Análise SPC (Serasa / SPC Brasil),2,comercialdigital@bancodovale.com.br,-,2025-08-11 09:31:06,11/08/2025 09:31,11/08/2025 12:47,-,0.14 dias,-,-,-,-
1876007,🕵️ Análise Agente de Crédito,4,comercialdigital@bancodovale.com.br,-,2025-08-11 12:47:15,11/08/2025 12:47,11/08/2025 13:41,-,0.04 dias,-,-,-,-
1876007,⚠️ Pendência – Agente de Crédito,5,alinef@bancodovale.org.br,-,2025-08-11 13:41:48,11/08/2025 13:41,11/08/2025 13:41,-,0.0 dias,-,-,-,-
1876007,👤 Análise Coordenação,6,alinef@bancodovale.org.br,-,2025-08-11 13:41:54,11/08/2025 13:41,11/08/2025 16:00,-,0.1 dias,-,-,-,-
1876001,📍 Definir Unidade de Atendimento,1,-,-,2025-08-09 18:54:00,09/08/2025 18:54,11/08/2025 09:02,-,1.59 dias,-,-,-,-
1876001,🔍 Análise SPC (Serasa / SPC Brasil),2,comercialdigital@bancodovale.com.br,-,2025-08-11 09:02:31,11/08/2025 09:02,11/08/2025 10:43,-,0.07 dias,-,-,-,-
1875998,📍 Definir Unidade de Atendimento,1,-,-,2025-08-09 18:46:16,09/08/2025 18:46,11/08/2025 09:18,-,1.61 dias,-,-,-,-
1875998,🔍 Análise SPC (Serasa / SPC Brasil),2,comercialdigital@bancodovale.com.br,-,2025-08-11 09:18:07,11/08/2025 09:18,11/08/2025 12:44,-,0.14 dias,-,-,-,-
1875994,📍 Definir Unidade de Atendimento,1,-,-,2025-08-09 18:37:22,09/08/2025 18:37,11/08/2025 09:16,-,1.61 dias,-,-,-,-
1875994,🔍 Análise SPC (Serasa / SPC Brasil),2,comercialdigital@bancodovale.com.br,-,2025-08-11 09:16:59,11/08/2025 09:16,11/08/2025 13:01,-,0.16 dias,-,-,-,-
1875994,🕵️ Análise Agente de Crédito,4,comercialdigital@bancodovale.com.br,-,2025-08-11 13:01:27,11/08/2025 13:01,11/08/2025 15:52,-,0.12 dias,-,-,-,-
1875975,📍 Definir Unidade de Atendimento,1,-,-,2025-08-09 17:57:47,09/08/2025 17:57,11/08/2025 09:17,-,1.64 dias,-,-,-,-
1875975,🔍 Análise SPC (Serasa / SPC Brasil),2,comercialdigital@bancodovale.com.br,-,2025-08-11 09:17:32,11/08/2025 09:17,11/08/2025 10:57,-,0.07 dias,-,-,-,-
1875975,🕵️ Análise Agente de Crédito,4,bancodovaletimbo@bancodovale.org.br,-,2025-08-11 10:57:10,11/08/2025 10:57,11/08/2025 11:02,-,0.0 dias,-,-,-,-
1875975,🔴 Pendência SPC,3,bancodovaletimbo@bancodovale.org.br,-,2025-08-11 11:02:01,11/08/2025 11:02,11/08/2025 16:13,-,0.22 dias,-,-,-,-
1875965,📍 Definir Unidade de Atendimento,1,-,-,2025-08-09 17:34:48,09/08/2025 17:34,11/08/2025 08:49,-,1.64 dias,-,-,-,-
1875965,🔍 Análise SPC (Serasa / SPC Brasil),2,comercialdigital@bancodovale.com.br,-,2025-08-11 08:49:43,11/08/2025 08:49,11/08/2025 13:08,-,0.18 dias,-,-,-,-
1875965,🕵️ Análise Agente de Crédito,4,comercialdigital@bancodovale.com.br,-,2025-08-11 13:08:22,11/08/2025 13:08,11/08/2025 16:15,-,0.13 dias,-,-,-,-
1875879,📍 Definir Unidade de Atendimento,1,-,-,2025-08-09 15:03:17,09/08/2025 15:03,11/08/2025 09:16,-,1.76 dias,-,-,-,-
1875879,🔍 Análise SPC (Serasa / SPC Brasil),2,comercialdigital@bancodovale.com.br,-,2025-08-11 09:16:06,11/08/2025 09:16,11/08/2025 12:17,-,0.13 dias,-,-,-,-
1875879,🔴 Pendência SPC,3,jaragua@bancodovale.org.br,-,2025-08-11 12:17:32,11/08/2025 12:17,11/08/2025 16:53,-,0.19 dias,-,-,-,-
1875878,📍 Definir Unidade de Atendimento,1,-,-,2025-08-09 14:57:37,09/08/2025 14:57,11/08/2025 09:15,-,1.76 dias,-,-,-,-
1875878,🔍 Análise SPC (Serasa / SPC Brasil),2,comercialdigital@bancodovale.com.br,-,2025-08-11 09:15:18,11/08/2025 09:15,11/08/2025 13:25,-,0.17 dias,-,-,-,-
1875878,🕵️ Análise Agente de Crédito,4,comercialdigital@bancodovale.com.br,-,2025-08-11 13:25:48,11/08/2025 13:25,11/08/2025 16:34,-,0.13 dias,-,-,-,-
1875874,📍 Definir Unidade de Atendimento,1,-,-,2025-08-09 14:38:19,09/08/2025 14:38,11/08/2025 08:50,-,1.76 dias,-,-,-,-
1875874,🔍 Análise SPC (Serasa / SPC Brasil),2,comercialdigital@bancodovale.com.br,-,2025-08-11 08:50:18,11/08/2025 08:50,11/08/2025 13:44,-,0.2 dias,-,-,-,-
1875873,📍 Definir Unidade de Atendimento,1,-,-,2025-08-09 14:34:12,09/08/2025 14:34,11/08/2025 08:50,-,1.76 dias,-,-,-,-
1875873,🔍 Análise SPC (Serasa / SPC Brasil),2,comercialdigital@bancodovale.com.br,-,2025-08-11 08:50:55,11/08/2025 08:50,11/08/2025 09:15,-,0.02 dias,-,-,-,-
1875873,🕵️ Análise Agente de Crédito,4,KATLIN,-,2025-08-11 09:15:40,11/08/2025 09:15,11/08/2025 09:47,-,0.02 dias,-,-,-,-
1875862,📍 Definir Unidade de Atendimento,1,-,-,2025-08-09 13:59:23,09/08/2025 13:59,11/08/2025 09:14,-,1.8 dias,-,-,-,-
1875862,🔍 Análise SPC (Serasa / SPC Brasil),2,comercialdigital@bancodovale.com.br,-,2025-08-11 09:14:11,11/08/2025 09:14,11/08/2025 13:22,-,0.17 dias,-,-,-,-
1875862,🕵️ Análise Agente de Crédito,4,comercialdigital@bancodovale.com.br,-,2025-08-11 13:22:12,11/08/2025 13:22,11/08/2025 16:31,-,0.13 dias,-,-,-,-
1875841,📍 Definir Unidade de Atendimento,1,-,-,2025-08-09 13:20:52,09/08/2025 13:20,11/08/2025 09:13,-,1.83 dias,-,-,-,-
1875841,🔍 Análise SPC (Serasa / SPC Brasil),2,comercialdigital@bancodovale.com.br,-,2025-08-11 09:13:53,11/08/2025 09:13,11/08/2025 13:16,-,0.17 dias,-,-,-,-
1875841,🕵️ Análise Agente de Crédito,4,comercialdigital@bancodovale.com.br,-,2025-08-11 13:16:31,11/08/2025 13:16,11/08/2025 16:23,-,0.13 dias,-,-,-,-
1875797,📍 Definir Unidade de Atendimento,1,-,-,2025-08-09 12:38:25,09/08/2025 12:38,11/08/2025 09:13,-,1.86 dias,-,-,-,-
1875797,🔍 Análise SPC (Serasa / SPC Brasil),2,comercialdigital@bancodovale.com.br,-,2025-08-11 09:13:27,11/08/2025 09:13,11/08/2025 13:06,-,0.16 dias,-,-,-,-
1875797,🕵️ Análise Agente de Crédito,4,comercialdigital@bancodovale.com.br,-,2025-08-11 13:06:50,11/08/2025 13:06,11/08/2025 15:55,-,0.12 dias,-,-,-,-
1875758,📍 Definir Unidade de Atendimento,1,-,-,2025-08-09 11:44:18,09/08/2025 11:44,11/08/2025 09:12,-,1.89 dias,-,-,-,-
1875704,📍 Definir Unidade de Atendimento,1,-,-,2025-08-09 09:20:39,09/08/2025 09:20,11/08/2025 08:44,-,1.97 dias,-,-,-,-
1875704,🔍 Análise SPC (Serasa / SPC Brasil),2,comercialdigital@bancodovale.com.br,-,2025-08-11 08:44:34,11/08/2025 08:44,11/08/2025 12:12,-,0.14 dias,-,-,-,-
1875704,🕵️ Análise Agente de Crédito,4,jaragua@bancodovale.org.br,-,2025-08-11 12:12:47,11/08/2025 12:12,11/08/2025 17:03,-,0.2 dias,-,-,-,-
1875682,📍 Definir Unidade de Atendimento,1,-,-,2025-08-09 07:44:05,09/08/2025 07:44,11/08/2025 08:42,-,2.04 dias,-,-,-,-
1875682,🔍 Análise SPC (Serasa / SPC Brasil),2,comercialdigital@bancodovale.com.br,-,2025-08-11 08:42:50,11/08/2025 08:42,11/08/2025 15:52,-,0.3 dias,-,-,-,-
1875682,🕵️ Análise Agente de Crédito,4,bancodovaletimbo@bancodovale.org.br,-,2025-08-11 15:52:00,11/08/2025 15:52,11/08/2025 15:57,-,0.0 dias,-,-,-,-
1875680,📍 Definir Unidade de Atendimento,1,-,-,2025-08-09 02:29:08,09/08/2025 02:29,11/08/2025 08:40,-,2.26 dias,-,-,-,-
1875670,📍 Definir Unidade de Atendimento,1,-,-,2025-08-09 00:10:53,09/08/2025 00:10,11/08/2025 08:41,-,2.35 dias,-,-,-,-
1875670,🔍 Análise SPC (Serasa / SPC Brasil),2,comercialdigital@bancodovale.com.br,-,2025-08-11 08:41:16,11/08/2025 08:41,11/08/2025 10:43,-,0.08 dias,-,-,-,-
1875644,📍 Definir Unidade de Atendimento,1,-,-,2025-08-08 23:15:41,08/08/2025 23:15,11/08/2025 08:39,-,2.39 dias,-,-,-,-
1875644,🔍 Análise SPC (Serasa / SPC Brasil),2,comercialdigital@bancodovale.com.br,-,2025-08-11 08:39:30,11/08/2025 08:39,11/08/2025 12:59,-,0.18 dias,-,-,-,-
1875644,🕵️ Análise Agente de Crédito,4,comercialdigital@bancodovale.com.br,-,2025-08-11 12:59:24,11/08/2025 12:59,11/08/2025 15:50,-,0.12 dias,-,-,-,-
1875610,📍 Definir Unidade de Atendimento,1,-,-,2025-08-08 20:42:46,08/08/2025 20:42,11/08/2025 08:38,-,2.5 dias,-,-,-,-
1875610,🔍 Análise SPC (Serasa / SPC Brasil),2,comercialdigital@bancodovale.com.br,-,2025-08-11 08:38:45,11/08/2025 08:38,11/08/2025 12:54,-,0.18 dias,-,-,-,-
1875610,🕵️ Análise Agente de Crédito,4,comercialdigital@bancodovale.com.br,-,2025-08-11 12:54:54,11/08/2025 12:54,11/08/2025 15:16,-,0.1 dias,-,-,-,-
1875609,📍 Definir Unidade de Atendimento,1,-,-,2025-08-08 20:32:40,08/08/2025 20:32,11/08/2025 08:38,-,2.5 dias,-,-,-,-
1875609,🔍 Análise SPC (Serasa / SPC Brasil),2,comercialdigital@bancodovale.com.br,-,2025-08-11 08:38:15,11/08/2025 08:38,11/08/2025 10:14,-,0.07 dias,-,-,-,-
1875609,🕵️ Análise Agente de Crédito,4,comercialdigital@bancodovale.com.br,-,2025-08-11 10:14:46,11/08/2025 10:14,11/08/2025 13:47,-,0.15 dias,-,-,-,-
1875591,📍 Definir Unidade de Atendimento,1,-,-,2025-08-08 19:52:52,08/08/2025 19:52,11/08/2025 08:37,-,2.53 dias,-,-,-,-
1875587,📍 Definir Unidade de Atendimento,1,-,-,2025-08-08 19:36:06,08/08/2025 19:36,11/08/2025 08:37,-,2.54 dias,-,-,-,-
1875587,🔍 Análise SPC (Serasa / SPC Brasil),2,comercialdigital@bancodovale.com.br,-,2025-08-11 08:37:14,11/08/2025 08:37,11/08/2025 12:50,-,0.18 dias,-,-,-,-
1875587,🕵️ Análise Agente de Crédito,4,comercialdigital@bancodovale.com.br,-,2025-08-11 12:50:36,11/08/2025 12:50,11/08/2025 14:03,-,0.05 dias,-,-,-,-
1875584,📍 Definir Unidade de Atendimento,1,-,-,2025-08-08 19:33:08,08/08/2025 19:33,11/08/2025 08:36,-,2.54 dias,-,-,-,-
1875584,🔍 Análise SPC (Serasa / SPC Brasil),2,comercialdigital@bancodovale.com.br,-,2025-08-11 08:36:21,11/08/2025 08:36,11/08/2025 12:35,-,0.17 dias,-,-,-,-
1875584,🕵️ Análise Agente de Crédito,4,comercialdigital@bancodovale.com.br,-,2025-08-11 12:35:51,11/08/2025 12:35,11/08/2025 14:01,-,0.06 dias,-,-,-,-
1875351,🔴 Pendência SPC,3,jaragua@bancodovale.org.br,-,2025-08-08 17:31:35,08/08/2025 17:31,11/08/2025 16:47,-,2.97 dias,-,-,-,-
1875218,🕵️ Análise Agente de Crédito,4,Danielle,-,2025-08-08 15:30:06,08/08/2025 15:30,11/08/2025 09:44,-,2.76 dias,-,-,-,-
1875204,🔴 Pendência SPC,3,jaragua@bancodovale.org.br,-,2025-08-08 15:22:28,08/08/2025 15:22,11/08/2025 17:04,-,3.07 dias,-,-,-,-
1875180,🕵️ Análise Agente de Crédito,4,Danielle,-,2025-08-08 15:14:13,08/08/2025 15:14,11/08/2025 09:34,-,2.76 dias,-,-,-,-
1875180,👤 Análise Coordenação,6,felipe@bancodovale.org.br,-,2025-08-11 09:34:56,11/08/2025 09:34,11/08/2025 09:36,-,0.0 dias,-,-,-,-
1874978,🔍 Análise SPC (Serasa / SPC Brasil),2,comercialdigital@bancodovale.com.br,-,2025-08-08 13:56:45,08/08/2025 13:56,11/08/2025 09:21,-,2.81 dias,-,-,-,-
1874978,🕵️ Análise Agente de Crédito,4,KATLIN,-,2025-08-11 09:21:59,11/08/2025 09:21,11/08/2025 10:08,-,0.03 dias,-,-,-,-
1874896,🔍 Análise SPC (Serasa / SPC Brasil),2,comercialdigital@bancodovale.com.br,-,2025-08-08 13:51:31,08/08/2025 13:51,11/08/2025 09:06,-,2.8 dias,-,-,-,-
1874881,🕵️ Análise Agente de Crédito,4,comercialdigital@bancodovale.com.br,-,2025-08-08 15:06:57,08/08/2025 15:06,11/08/2025 13:53,-,2.95 dias,-,-,-,-
1874708,🔍 Análise SPC (Serasa / SPC Brasil),2,comercialdigital@bancodovale.com.br,-,2025-08-08 12:21:04,08/08/2025 12:21,11/08/2025 08:52,-,2.86 dias,-,-,-,-
1874708,🕵️ Análise Agente de Crédito,4,KATLIN,-,2025-08-11 08:52:29,11/08/2025 08:52,11/08/2025 10:12,-,0.06 dias,-,-,-,-
1874707,👤 Análise Coordenação,6,natalia@bancodovale.org.br,-,2025-08-08 15:29:06,08/08/2025 15:29,11/08/2025 08:48,-,2.72 dias,-,-,-,-
1874435,🕵️ Análise Agente de Crédito,4,jaragua@bancodovale.org.br,-,2025-08-08 09:35:51,08/08/2025 09:35,11/08/2025 15:01,-,3.23 dias,-,-,-,-
1874435,👤 Análise Coordenação,6,dennis@bancodovale.org.br,-,2025-08-11 15:01:11,11/08/2025 15:01,11/08/2025 15:23,-,0.02 dias,-,-,-,-
1874326,🕵️ Análise Agente de Crédito,4,comercialdigital@bancodovale.com.br,-,2025-08-08 10:14:55,08/08/2025 10:14,11/08/2025 13:50,-,3.15 dias,-,-,-,-
1873806,🕵️ Análise Agente de Crédito,4,comercialdigital@bancodovale.com.br,-,2025-08-07 15:45:34,07/08/2025 15:45,11/08/2025 13:50,-,3.92 dias,-,-,-,-
1872885,🧾 Análise Mesa de Crédito,8,thiago@bancodovale.org.br,-,2025-08-07 16:08:37,07/08/2025 16:08,11/08/2025 11:28,-,3.81 dias,-,-,-,-
1872635,🔴 Pendência SPC,3,jaragua@bancodovale.org.br,-,2025-08-06 13:59:19,06/08/2025 13:59,11/08/2025 16:50,-,5.12 dias,-,-,-,-
1872468,⚠️ Pendente Cliente,W,jessica@bancodovale.org.br,-,2025-08-07 08:39:13,07/08/2025 08:39,11/08/2025 17:00,-,4.35 dias,-,-,-,-
1872198,🕵️ Análise Agente de Crédito,4,rio@bancodovale.org.br,-,2025-08-06 11:49:58,06/08/2025 11:49,11/08/2025 09:30,-,4.9 dias,-,-,-,-
1871367,🧾 Análise Mesa de Crédito,8,thiago@bancodovale.org.br,-,2025-08-07 11:06:50,07/08/2025 11:06,11/08/2025 12:59,-,4.08 dias,-,-,-,-
1869661,⚠️ Pendente Cliente,W,camila@bancodovale.org.br,-,2025-08-06 09:05:43,06/08/2025 09:05,11/08/2025 09:16,-,5.01 dias,-,-,-,-
1865439,🧾 Análise Mesa de Crédito,8,thiago@bancodovale.org.br,-,2025-08-06 11:05:42,06/08/2025 11:05,11/08/2025 09:32,-,4.94 dias,-,-,-,-
1864982,🙅 Desistiu,Z,jessica@bancodovale.org.br,-,2025-08-05 10:23:28,05/08/2025 10:23,11/08/2025 17:07,-,6.28 dias,-,-,-,-
1864982,🕵️ Análise Agente de Crédito,4,jessica@bancodovale.org.br,-,2025-08-11 17:07:49,11/08/2025 17:07,11/08/2025 17:08,-,0.0 dias,-,-,-,-
1858061,🧾 Análise Mesa de Crédito,8,thiago@bancodovale.org.br,-,2025-08-07 16:28:56,07/08/2025 16:28,11/08/2025 11:41,-,3.8 dias,-,-,-,-
1842435,📍 Definir Unidade de Atendimento,1,-,-,2025-07-18 11:28:05,18/07/2025 11:28,18/07/2025 11:29,-,0.0 dias,-,-,-,-
1842435,🕵️ Análise Agente de Crédito,4,rio@bancodovale.org.br,-,2025-07-18 11:29:06,18/07/2025 11:29,11/08/2025 09:35,-,23.92 dias,-,-,-,-
1821934,📍 Definir Unidade de Atendimento,1,-,-,2025-07-09 13:33:38,09/07/2025 13:33,09/07/2025 13:59,-,0.02 dias,-,-,-,-
1821934,🔍 Análise SPC (Serasa / SPC Brasil),2,comercialdigital@bancodovale.org.br,-,2025-07-09 13:59:27,09/07/2025 13:59,09/07/2025 16:18,-,0.1 dias,-,-,-,-
1821934,🕵️ Análise Agente de Crédito,4,KATLIN,-,2025-07-09 16:18:36,09/07/2025 16:18,10/07/2025 08:45,-,0.69 dias,-,-,-,-
1821934,⚠️ Pendente Cliente,W,adriana@bancodovale.org.br,-,2025-07-10 08:45:16,10/07/2025 08:45,11/08/2025 15:10,-,32.27 dias,-,-,-,-
1772508,🧾 Análise Mesa de Crédito,8,rejane@bancodovale.org.br,-,2025-08-06 13:08:38,06/08/2025 13:08,11/08/2025 09:30,-,4.85 dias,-,-,-,-
1733372,📍 Definir Unidade de Atendimento,1,-,-,2025-05-22 13:05:43,22/05/2025 13:05,22/05/2025 14:15,-,0.05 dias,-,-,-,-
1733372,🔍 Análise SPC (Serasa / SPC Brasil),2,comercialdigital@bancodovale.org.br,-,2025-05-22 14:15:14,22/05/2025 14:15,22/05/2025 14:30,-,0.01 dias,-,-,-,-
1733372,🕵️ Análise Agente de Crédito,4,jaragua@bancodovale.org.br,-,2025-05-22 14:30:44,22/05/2025 14:30,11/08/2025 09:42,-,80.8 dias,-,-,-,-
1716182,📍 Definir Unidade de Atendimento,1,-,-,2025-05-13 15:58:14,13/05/2025 15:58,13/05/2025 15:58,-,0.0 dias,-,-,-,-
1716182,🕵️ Análise Agente de Crédito,4,jaragua@bancodovale.org.br,-,2025-05-13 15:58:35,13/05/2025 15:58,11/08/2025 09:41,-,89.74 dias,-,-,-,-
1708748,📍 Definir Unidade de Atendimento,1,-,-,2025-05-08 16:11:13,08/05/2025 16:11,08/05/2025 16:14,-,0.0 dias,-,-,-,-
1708748,🕵️ Análise Agente de Crédito,4,jaragua@bancodovale.org.br,-,2025-05-08 16:14:11,08/05/2025 16:14,11/08/2025 09:42,-,94.73 dias,-,-,-,-
1609700,📍 Definir Unidade de Atendimento,1,-,-,2025-04-02 11:28:13,02/04/2025 11:28,02/04/2025 11:29,-,0.0 dias,-,-,-,-
1609700,🔴 Pendência SPC,3,bancodovaletimbo@bancodovale.org.br,-,2025-04-02 11:29:02,02/04/2025 11:29,04/04/2025 13:06,-,2.07 dias,-,-,-,-
1609700,❌ Reprovado,X,camila@bancodovale.org.br,-,2025-04-04 13:06:30,04/04/2025 13:06,11/08/2025 09:48,-,128.86 dias,-,-,-,-
1609700,🔴 Pendência SPC,3,bancodovaletimbo@bancodovale.org.br,-,2025-08-11 09:48:43,11/08/2025 09:48,11/08/2025 16:08,-,0.26 dias,-,-,-,-
1350149,📍 Definir Unidade de Atendimento,1,-,-,2024-12-03 09:51:21,03/12/2024 09:51,03/12/2024 09:52,-,0.0 dias,-,-,-,-
1350149,🕵️ Análise Agente de Crédito,4,rio@bancodovale.org.br,-,2024-12-03 09:52:09,03/12/2024 09:52,11/08/2025 10:12,-,251.01 dias,-,-,-,-
1348247,📍 Definir Unidade de Atendimento,1,-,-,2024-12-02 13:45:55,02/12/2024 13:45,02/12/2024 13:49,-,0.0 dias,-,-,-,-
1348247,🕵️ Análise Agente de Crédito,4,rio@bancodovale.org.br,-,2024-12-02 13:49:33,02/12/2024 13:49,11/08/2025 10:31,-,251.86 dias,-,-,-,-
1338401,📍 Definir Unidade de Atendimento,1,-,-,2024-11-26 09:19:48,26/11/2024 09:19,26/11/2024 09:46,-,0.02 dias,-,-,-,-
1338401,🔍 Análise SPC (Serasa / SPC Brasil),2,roberto@bancodovale.org.br,-,2024-11-26 09:46:27,26/11/2024 09:46,27/11/2024 09:54,-,1.01 dias,-,-,-,-
1338401,🕵️ Análise Agente de Crédito,4,rio@bancodovale.org.br,-,2024-11-27 09:54:22,27/11/2024 09:54,11/08/2025 10:14,-,257.01 dias,-,-,-,-
1328060,📍 Definir Unidade de Atendimento,1,-,-,2024-11-21 10:41:45,21/11/2024 10:41,21/11/2024 10:51,-,0.01 dias,-,-,-,-
1328060,🔍 Análise SPC (Serasa / SPC Brasil),2,rio@bancodovale.org.br,-,2024-11-21 10:51:59,21/11/2024 10:51,21/11/2024 10:52,-,0.0 dias,-,-,-,-
1328060,🕵️ Análise Agente de Crédito,4,rio@bancodovale.org.br,-,2024-11-21 10:52:17,21/11/2024 10:52,11/08/2025 09:00,-,262.92 dias,-,-,-,-
1307542,📍 Definir Unidade de Atendimento,1,-,-,2024-11-12 10:18:00,12/11/2024 10:18,12/11/2024 14:00,-,0.15 dias,-,-,-,-
1307542,🕵️ Análise Agente de Crédito,4,rio@bancodovale.org.br,-,2024-11-12 14:00:45,12/11/2024 14:00,11/08/2025 09:02,-,271.79 dias,-,-,-,-
1254162,📍 Definir Unidade de Atendimento,1,-,-,2024-10-07 14:34:57,07/10/2024 14:34,07/10/2024 14:49,-,0.01 dias,-,-,-,-
1254162,🔍 Análise SPC (Serasa / SPC Brasil),2,roberto@bancodovale.org.br,-,2024-10-07 14:49:59,07/10/2024 14:49,09/10/2024 14:23,-,1.98 dias,-,-,-,-
1254162,🕵️ Análise Agente de Crédito,4,rio@bancodovale.org.br,-,2024-10-09 14:23:16,09/10/2024 14:23,11/08/2025 09:09,-,305.78 dias,-,-,-,-
1215589,📍 Definir Unidade de Atendimento,1,-,-,2024-09-11 15:13:43,11/09/2024 15:13,11/09/2024 15:13,-,0.0 dias,-,-,-,-
1215589,🕵️ Análise Agente de Crédito,4,Priscila,-,2024-09-11 15:13:54,11/09/2024 15:13,11/08/2025 10:28,-,333.8 dias,-,-,-,-
1146832,📍 Definir Unidade de Atendimento,1,-,-,2024-07-24 09:13:25,24/07/2024 09:13,24/07/2024 09:14,-,0.0 dias,-,-,-,-
1146832,🕵️ Análise Agente de Crédito,4,Priscila,-,2024-07-24 09:14:26,24/07/2024 09:14,11/08/2025 09:56,-,383.03 dias,-,-,-,-
1105053,📍 Definir Unidade de Atendimento,1,-,-,2024-06-21 17:26:28,21/06/2024 17:26,21/06/2024 17:34,-,0.01 dias,-,-,-,-
1105053,🕵️ Análise Agente de Crédito,4,Uelita,-,2024-06-21 17:34:29,21/06/2024 17:34,28/06/2024 13:45,-,6.84 dias,-,-,-,-
1105053,🧾 Análise Mesa de Crédito,8,diogo@bancodovale.org.br,-,2024-06-28 13:45:50,28/06/2024 13:45,28/06/2024 16:18,-,0.11 dias,-,-,-,-
1105053,✅ Aprovado,0,roberto@bancodovale.org.br,-,2024-06-28 16:18:07,28/06/2024 16:18,12/09/2024 10:50,-,75.77 dias,-,-,-,-
1105053,🕵️ Análise Agente de Crédito,4,Priscila,-,2024-09-12 10:50:39,12/09/2024 10:50,16/09/2024 14:48,-,4.17 dias,-,-,-,-
1105053,🧾 Análise Mesa de Crédito,8,diogo@bancodovale.org.br,-,2024-09-16 14:48:54,16/09/2024 14:48,18/09/2024 09:54,-,1.8 dias,-,-,-,-
1105053,✅ Aprovado,0,Fernando,-,2024-09-18 09:54:32,18/09/2024 09:54,19/12/2024 09:47,-,91.99 dias,-,-,-,-
1105053,🕵️ Análise Agente de Crédito,4,rio@bancodovale.org.br,-,2024-12-19 09:47:03,19/12/2024 09:47,11/08/2025 10:35,-,235.03 dias,-,-,-,-
1097538,📍 Definir Unidade de Atendimento,1,-,-,2024-06-19 11:16:57,19/06/2024 11:16,19/06/2024 11:30,-,0.01 dias,-,-,-,-
1097538,🔍 Análise SPC (Serasa / SPC Brasil),2,roberto@bancodovale.org.br,-,2024-06-19 11:30:42,19/06/2024 11:30,19/06/2024 11:57,-,0.02 dias,-,-,-,-
1097538,🕵️ Análise Agente de Crédito,4,Uelita,-,2024-06-19 11:57:16,19/06/2024 11:57,11/08/2025 10:28,-,417.94 dias,-,-,-,-
1093004,📍 Definir Unidade de Atendimento,1,-,-,2024-06-14 11:19:52,14/06/2024 11:19,14/06/2024 11:20,-,0.0 dias,-,-,-,-
1093004,🕵️ Análise Agente de Crédito,4,Uelita,-,2024-06-14 11:20:50,14/06/2024 11:20,11/08/2025 10:25,-,422.96 dias,-,-,-,-
1091766,📍 Definir Unidade de Atendimento,1,-,-,2024-06-13 12:04:51,13/06/2024 12:04,13/06/2024 12:05,-,0.0 dias,-,-,-,-
1091766,🕵️ Análise Agente de Crédito,4,Uelita,-,2024-06-13 12:05:47,13/06/2024 12:05,11/08/2025 10:36,-,423.94 dias,-,-,-,-
1087934,📍 Definir Unidade de Atendimento,1,-,-,2024-06-10 15:05:03,10/06/2024 15:05,10/06/2024 15:06,-,0.0 dias,-,-,-,-
1087934,🕵️ Análise Agente de Crédito,4,Uelita,-,2024-06-10 15:06:05,10/06/2024 15:06,03/07/2024 14:00,-,22.95 dias,-,-,-,-
1087934,🧾 Análise Mesa de Crédito,8,diogo@bancodovale.org.br,-,2024-07-03 14:00:13,03/07/2024 14:00,04/07/2024 10:18,-,0.85 dias,-,-,-,-
1087934,✅ Aprovado,0,Fernando,-,2024-07-04 10:18:23,04/07/2024 10:18,23/06/2025 10:34,-,354.01 dias,-,-,-,-
1087934,🕵️ Análise Agente de Crédito,4,rio@bancodovale.org.br,-,2025-06-23 10:34:42,23/06/2025 10:34,11/08/2025 10:16,-,48.99 dias,-,-,-,-
1080137,📍 Definir Unidade de Atendimento,1,-,-,2024-06-03 09:32:32,03/06/2024 09:32,03/06/2024 09:32,-,0.0 dias,-,-,-,-
1080137,🕵️ Análise Agente de Crédito,4,Uelita,-,2024-06-03 09:32:52,03/06/2024 09:32,11/08/2025 10:14,-,434.03 dias,-,-,-,-
988113,📍 Definir Unidade de Atendimento,1,-,-,2024-03-18 09:42:35,18/03/2024 09:42,18/03/2024 09:43,-,0.0 dias,-,-,-,-
988113,🕵️ Análise Agente de Crédito,4,Priscila,-,2024-03-18 09:43:04,18/03/2024 09:43,19/03/2024 09:45,-,1.0 dias,-,-,-,-
988113,🧾 Análise Mesa de Crédito,8,juliano@bancodovale.org.br,-,2024-03-19 09:45:01,19/03/2024 09:45,01/04/2024 10:48,-,13.04 dias,-,-,-,-
988113,✅ Aprovado,0,Fernando,-,2024-04-01 10:48:12,01/04/2024 10:48,11/04/2025 10:52,-,375.0 dias,-,-,-,-
988113,🕵️ Análise Agente de Crédito,4,rio@bancodovale.org.br,-,2025-04-11 10:52:40,11/04/2025 10:52,11/08/2025 09:28,-,121.94 dias,-,-,-,-
987943,📍 Definir Unidade de Atendimento,1,-,-,2024-03-18 06:43:03,18/03/2024 06:43,18/03/2024 09:06,-,0.1 dias,-,-,-,-
987943,🔍 Análise SPC (Serasa / SPC Brasil),2,roberto@bancodovale.org.br,-,2024-03-18 09:06:39,18/03/2024 09:06,18/03/2024 13:31,-,0.18 dias,-,-,-,-
987943,🕵️ Análise Agente de Crédito,4,Priscila,-,2024-03-18 13:31:54,18/03/2024 13:31,20/03/2024 13:55,-,2.02 dias,-,-,-,-
987943,🧾 Análise Mesa de Crédito,8,juliano@bancodovale.org.br,-,2024-03-20 13:55:41,20/03/2024 13:55,21/03/2024 16:39,-,1.11 dias,-,-,-,-
987943,✅ Aprovado,0,Fernando,-,2024-03-21 16:39:37,21/03/2024 16:39,20/01/2025 10:10,-,304.73 dias,-,-,-,-
987943,🕵️ Análise Agente de Crédito,4,rio@bancodovale.org.br,-,2025-01-20 10:10:24,20/01/2025 10:10,11/08/2025 09:22,-,202.97 dias,-,-,-,-
960102,📍 Definir Unidade de Atendimento,1,-,-,2024-02-14 11:58:18,14/02/2024 11:58,14/02/2024 13:12,-,0.05 dias,-,-,-,-
960102,🕵️ Análise Agente de Crédito,4,Priscila,-,2024-02-14 13:12:39,14/02/2024 13:12,15/02/2024 15:15,-,1.09 dias,-,-,-,-
960102,🧾 Análise Mesa de Crédito,8,juliano@bancodovale.org.br,-,2024-02-15 15:15:27,15/02/2024 15:15,20/02/2024 15:20,-,5.0 dias,-,-,-,-
960102,✅ Aprovado,0,Fernando,-,2024-02-20 15:20:41,20/02/2024 15:20,05/08/2024 10:13,-,166.79 dias,-,-,-,-
960102,🕵️ Análise Agente de Crédito,4,Priscila,-,2024-08-05 10:13:29,05/08/2024 10:13,07/08/2024 08:53,-,1.94 dias,-,-,-,-
960102,🧾 Análise Mesa de Crédito,8,diogo@bancodovale.org.br,-,2024-08-07 08:53:53,07/08/2024 08:53,07/08/2024 15:06,-,0.26 dias,-,-,-,-
960102,✅ Aprovado,0,Fernando,-,2024-08-07 15:06:07,07/08/2024 15:06,04/04/2025 11:30,-,239.85 dias,-,-,-,-
960102,🕵️ Análise Agente de Crédito,4,rio@bancodovale.org.br,-,2025-04-04 11:30:19,04/04/2025 11:30,11/08/2025 09:21,-,128.91 dias,-,-,-,-
862188,🕵️ Análise Agente de Crédito,4,rio@bancodovale.org.br,-,2025-08-08 11:17:41,08/08/2025 11:17,11/08/2025 09:35,-,2.93 dias,-,-,-,-
705741,📍 Definir Unidade de Atendimento,1,-,-,2023-07-03 15:53:49,03/07/2023 15:53,03/07/2023 15:56,-,0.0 dias,-,-,-,-
705741,🕵️ Análise Agente de Crédito,4,riodosul@bancodovale.org.br,-,2023-07-03 15:56:30,03/07/2023 15:56,04/07/2023 09:44,-,0.74 dias,-,-,-,-
705741,🧾 Análise Mesa de Crédito,8,juliano@bancodovale.org.br,-,2023-07-04 09:44:11,04/07/2023 09:44,05/07/2023 10:31,-,1.03 dias,-,-,-,-
705741,✅ Aprovado,0,fernandosandri@bancodovale.org.br,-,2023-07-05 10:31:20,05/07/2023 10:31,29/04/2024 13:45,-,299.13 dias,-,-,-,-
705741,🕵️ Análise Agente de Crédito,4,Priscila,-,2024-04-29 13:45:08,29/04/2024 13:45,30/04/2024 10:46,-,0.88 dias,-,-,-,-
705741,🧾 Análise Mesa de Crédito,8,juliano@bancodovale.org.br,-,2024-04-30 10:46:09,30/04/2024 10:46,30/04/2024 14:43,-,0.16 dias,-,-,-,-
705741,✅ Aprovado,0,Fernando,-,2024-04-30 14:43:33,30/04/2024 14:43,03/02/2025 08:56,-,278.76 dias,-,-,-,-
705741,🕵️ Análise Agente de Crédito,4,rio@bancodovale.org.br,-,2025-02-03 08:56:21,03/02/2025 08:56,11/08/2025 09:18,-,189.02 dias,-,-,-,-
681361,📍 Definir Unidade de Atendimento,1,-,-,2023-06-12 16:17:50,12/06/2023 16:17,13/06/2023 09:34,-,0.72 dias,-,-,-,-
681361,🕵️ Análise Agente de Crédito,4,riodosul@bancodovale.org.br,-,2023-06-13 09:34:54,13/06/2023 09:34,13/06/2023 09:35,-,0.0 dias,-,-,-,-
681361,🧾 Análise Mesa de Crédito,8,juliano@bancodovale.org.br,-,2023-06-13 09:35:38,13/06/2023 09:35,14/06/2023 08:28,-,0.95 dias,-,-,-,-
681361,✅ Aprovado,0,fernandosandri@bancodovale.org.br,-,2023-06-14 08:28:02,14/06/2023 08:28,03/10/2024 10:09,-,477.07 dias,-,-,-,-
681361,🕵️ Análise Agente de Crédito,4,rio@bancodovale.org.br,-,2024-10-03 10:09:52,03/10/2024 10:09,11/08/2025 09:14,-,311.96 dias,-,-,-,-
615032,📍 Definir Unidade de Atendimento,1,-,-,2023-04-06 09:10:37,06/04/2023 09:10,06/04/2023 09:11,-,0.0 dias,-,-,-,-
615032,🕵️ Análise Agente de Crédito,4,riodosul@bancodovale.org.br,-,2023-04-06 09:11:14,06/04/2023 09:11,05/06/2023 16:51,-,60.32 dias,-,-,-,-
615032,✅ Aprovado,0,juliano@bancodovale.org.br,-,2023-06-05 16:51:50,05/06/2023 16:51,15/07/2024 09:04,-,405.68 dias,-,-,-,-
615032,🕵️ Análise Agente de Crédito,4,Priscila,-,2024-07-15 09:04:33,15/07/2024 09:04,17/07/2024 13:02,-,2.17 dias,-,-,-,-
615032,🧾 Análise Mesa de Crédito,8,diogo@bancodovale.org.br,-,2024-07-17 13:02:34,17/07/2024 13:02,31/07/2024 11:38,-,13.94 dias,-,-,-,-
615032,✅ Aprovado,0,Fernando,-,2024-07-31 11:38:27,31/07/2024 11:38,08/07/2025 10:16,-,341.94 dias,-,-,-,-
615032,🕵️ Análise Agente de Crédito,4,rio@bancodovale.org.br,-,2025-07-08 10:16:33,08/07/2025 10:16,11/08/2025 09:14,-,33.96 dias,-,-,-,-
609025,📍 Definir Unidade de Atendimento,1,-,-,2023-03-30 14:46:07,30/03/2023 14:46,30/03/2023 14:46,-,0.0 dias,-,-,-,-
609025,🔍 Análise SPC (Serasa / SPC Brasil),2,blumenau@bancodovale.org.br,-,2023-03-30 14:46:35,30/03/2023 14:46,30/03/2023 14:46,-,0.0 dias,-,-,-,-
609025,🕵️ Análise Agente de Crédito,4,riodosul@bancodovale.org.br,-,2023-03-30 14:46:42,30/03/2023 14:46,05/06/2023 16:50,-,67.09 dias,-,-,-,-
609025,✅ Aprovado,0,juliano@bancodovale.org.br,-,2023-06-05 16:50:33,05/06/2023 16:50,02/02/2024 09:24,-,241.69 dias,-,-,-,-
609025,🕵️ Análise Agente de Crédito,4,Priscila,-,2024-02-02 09:24:03,02/02/2024 09:24,05/02/2024 13:30,-,3.17 dias,-,-,-,-
609025,🧾 Análise Mesa de Crédito,8,juliano@bancodovale.org.br,-,2024-02-05 13:30:13,05/02/2024 13:30,14/02/2024 17:00,-,9.15 dias,-,-,-,-
609025,✅ Aprovado,0,Fernando,-,2024-02-14 17:00:08,14/02/2024 17:00,27/02/2025 14:35,-,378.9 dias,-,-,-,-
609025,🕵️ Análise Agente de Crédito,4,rio@bancodovale.org.br,-,2025-02-27 14:35:31,27/02/2025 14:35,11/08/2025 09:13,-,164.78 dias,-,-,-,-
425614,📍 Definir Unidade de Atendimento,1,-,-,2022-09-09 14:09:26,09/09/2022 14:09,09/09/2022 14:09,-,0.0 dias,-,-,-,-
425614,🕵️ Análise Agente de Crédito,4,riodosul@bancodovale.org.br,-,2022-09-09 14:09:53,09/09/2022 14:09,12/09/2022 15:51,-,3.07 dias,-,-,-,-
425614,🧾 Análise Mesa de Crédito,8,riodosul@bancodovale.org.br,-,2022-09-12 15:51:15,12/09/2022 15:51,14/09/2022 11:37,-,1.82 dias,-,-,-,-
425614,✅ Aprovado,0,fernandosandri@bancodovale.org.br,-,2022-09-14 11:37:51,14/09/2022 11:37,18/02/2025 09:33,-,887.91 dias,-,-,-,-
425614,🕵️ Análise Agente de Crédito,4,rio@bancodovale.org.br,-,2025-02-18 09:33:03,18/02/2025 09:33,22/04/2025 10:37,-,63.04 dias,-,-,-,-
425614,🙅 Desistiu,Z,diogo@bancodovale.org.br,-,2025-04-22 10:37:21,22/04/2025 10:37,22/04/2025 10:37,-,0.0 dias,-,-,-,-
425614,🔴 Pendência SPC,3,diogo@bancodovale.org.br,-,2025-04-22 10:37:36,22/04/2025 10:37,22/04/2025 11:53,-,0.05 dias,-,-,-,-
425614,🕵️ Análise Agente de Crédito,4,rio@bancodovale.org.br,-,2025-04-22 11:53:57,22/04/2025 11:53,22/04/2025 11:54,-,0.0 dias,-,-,-,-
425614,🙅 Desistiu,Z,rio@bancodovale.org.br,-,2025-04-22 11:54:34,22/04/2025 11:54,26/06/2025 09:05,-,64.88 dias,-,-,-,-
425614,🕵️ Análise Agente de Crédito,4,rio@bancodovale.org.br,-,2025-06-26 09:05:34,26/06/2025 09:05,11/08/2025 09:12,-,46.01 dias,-,-,-,-
274505,🧾 Análise Mesa de Crédito,8,rejane@bancodovale.org.br,-,2025-08-06 15:30:44,06/08/2025 15:30,11/08/2025 09:30,-,4.75 dias,-,-,-,-
85943,📍 Definir Unidade de Atendimento,1,-,-,2021-08-13 10:57:44,13/08/2021 10:57,13/08/2021 10:58,-,0.0 dias,-,-,-,-
85943,🕵️ Análise Agente de Crédito,4,riodosul@bancodovale.org.br,-,2021-08-13 10:58:35,13/08/2021 10:58,17/08/2021 11:14,-,4.01 dias,-,-,-,-
85943,🧾 Análise Mesa de Crédito,8,riodosul@bancodovale.org.br,-,2021-08-17 11:14:06,17/08/2021 11:14,19/08/2021 10:16,-,1.96 dias,-,-,-,-
85943,✅ Aprovado,0,roberto@bancodovale.org.br,-,2021-08-19 10:16:13,19/08/2021 10:16,02/07/2025 10:11,-,1413.0 dias,-,-,-,-
85943,🕵️ Análise Agente de Crédito,4,rio@bancodovale.org.br,-,2025-07-02 10:11:21,02/07/2025 10:11,11/08/2025 09:11,-,39.96 dias,-,-,-,-
9194,📍 Definir Unidade de Atendimento,1,-,-,2020-08-10 09:18:27,10/08/2020 09:18,10/08/2020 09:19,-,0.0 dias,-,-,-,-
9194,🕵️ Análise Agente de Crédito,4,bancodovaletimbo@bancodovale.org.br,-,2020-08-10 09:19:54,10/08/2020 09:19,10/08/2020 13:12,-,0.16 dias,-,-,-,-
9194,🧾 Análise Mesa de Crédito,8,caciane@bancodovale.org.br,-,2020-08-10 13:12:41,10/08/2020 13:12,10/08/2020 16:47,-,0.15 dias,-,-,-,-
9194,✅ Aprovado,0,fernandosandri@bancodovale.org.br,-,2020-08-10 16:47:43,10/08/2020 16:47,30/06/2022 14:48,-,688.92 dias,-,-,-,-
9194,🕵️ Análise Agente de Crédito,4,bancodovaletimbo@bancodovale.org.br,-,2022-06-30 14:48:30,30/06/2022 14:48,30/06/2022 14:56,-,0.01 dias,-,-,-,-
9194,👤 Análise Coordenação,6,caciane@bancodovale.org.br,-,2022-06-30 14:56:19,30/06/2022 14:56,30/06/2022 15:07,-,0.01 dias,-,-,-,-
9194,🧾 Análise Mesa de Crédito,8,angela@bancodovale.org.br,-,2022-06-30 15:07:27,30/06/2022 15:07,30/06/2022 17:38,-,0.1 dias,-,-,-,-
9194,✅ Aprovado,0,fernandosandri@bancodovale.org.br,-,2022-06-30 17:38:38,30/06/2022 17:38,20/11/2023 13:59,-,507.85 dias,-,-,-,-
9194,🧾 Análise Mesa de Crédito,8,caciane@bancodovale.org.br,-,2023-11-20 13:59:27,20/11/2023 13:59,20/11/2023 13:59,-,0.0 dias,-,-,-,-
9194,👤 Análise Coordenação,6,caciane@bancodovale.org.br,-,2023-11-20 13:59:55,20/11/2023 13:59,20/11/2023 14:08,-,0.01 dias,-,-,-,-
9194,🧾 Análise Mesa de Crédito,8,angela@bancodovale.org.br,-,2023-11-20 14:08:53,20/11/2023 14:08,01/12/2023 09:22,-,10.8 dias,-,-,-,-
9194,✅ Aprovado,0,Fernando,-,2023-12-01 09:22:51,01/12/2023 09:22,11/08/2025 15:51,-,619.27 dias,-,-,-,-
9194,🕵️ Análise Agente de Crédito,4,bancodovaletimbo@bancodovale.org.br,-,2025-08-11 15:51:10,11/08/2025 15:51,11/08/2025 16:07,-,0.01 dias,-,-,-,-
1882640,📍 Definir Unidade de Atendimento,1,-,-,2025-08-12 15:54:59,12/08/2025 15:54,12/08/2025 17:08,-,0.05 dias,-,-,-,-
1882623,📍 Definir Unidade de Atendimento,1,-,-,2025-08-12 15:48:41,12/08/2025 15:48,12/08/2025 15:56,-,0.01 dias,-,-,-,-
1882623,🔍 Análise SPC (Serasa / SPC Brasil),2,comercialdigital@bancodovale.com.br,-,2025-08-12 15:56:43,12/08/2025 15:56,12/08/2025 17:07,-,0.05 dias,-,-,-,-
1879747,📍 Definir Unidade de Atendimento,1,-,-,2025-08-12 07:57:19,12/08/2025 07:57,12/08/2025 09:15,-,0.05 dias,-,-,-,-
1879747,🔍 Análise SPC (Serasa / SPC Brasil),2,comercialdigital@bancodovale.com.br,-,2025-08-12 09:15:25,12/08/2025 09:15,12/08/2025 09:30,-,0.01 dias,-,-,-,-
1879747,🕵️ Análise Agente de Crédito,4,comercialdigital@bancodovale.com.br,-,2025-08-12 09:30:31,12/08/2025 09:30,12/08/2025 09:31,-,0.0 dias,-,-,-,-
1879737,📍 Definir Unidade de Atendimento,1,-,-,2025-08-12 07:03:45,12/08/2025 07:03,12/08/2025 09:13,-,0.09 dias,-,-,-,-
1879737,🔍 Análise SPC (Serasa / SPC Brasil),2,comercialdigital@bancodovale.com.br,-,2025-08-12 09:13:26,12/08/2025 09:13,12/08/2025 09:32,-,0.01 dias,-,-,-,-
1882745,📍 Definir Unidade de Atendimento,1,-,-,2025-08-12 16:55:23,12/08/2025 16:55,12/08/2025 17:09,-,0.01 dias,-,-,-,-
1882734,📍 Definir Unidade de Atendimento,1,-,-,2025-08-12 16:51:47,12/08/2025 16:51,12/08/2025 16:54,-,0.0 dias,-,-,-,-
1882687,📍 Definir Unidade de Atendimento,1,-,-,2025-08-12 16:24:19,12/08/2025 16:24,12/08/2025 16:26,-,0.0 dias,-,-,-,-
1882572,📍 Definir Unidade de Atendimento,1,-,-,2025-08-12 15:29:43,12/08/2025 15:29,12/08/2025 15:30,-,0.0 dias,-,-,-,-
1882572,🕵️ Análise Agente de Crédito,4,Danielle,-,2025-08-12 15:30:00,12/08/2025 15:30,12/08/2025 15:52,-,0.02 dias,-,-,-,-
1882525,📍 Definir Unidade de Atendimento,1,-,-,2025-08-12 15:16:05,12/08/2025 15:16,12/08/2025 15:18,-,0.0 dias,-,-,-,-
1881675,📍 Definir Unidade de Atendimento,1,-,-,2025-08-12 14:22:42,12/08/2025 14:22,12/08/2025 14:58,-,0.02 dias,-,-,-,-
1881632,📍 Definir Unidade de Atendimento,1,-,-,2025-08-12 14:00:11,12/08/2025 14:00,12/08/2025 14:56,-,0.04 dias,-,-,-,-
1881540,📍 Definir Unidade de Atendimento,1,-,-,2025-08-12 13:52:46,12/08/2025 13:52,12/08/2025 13:52,-,0.0 dias,-,-,-,-
1881494,📍 Definir Unidade de Atendimento,1,-,-,2025-08-12 13:46:58,12/08/2025 13:46,12/08/2025 13:48,-,0.0 dias,-,-,-,-
1881407,📍 Definir Unidade de Atendimento,1,-,-,2025-08-12 13:24:56,12/08/2025 13:24,12/08/2025 13:25,-,0.0 dias,-,-,-,-
1881407,⚠️ Pendência – Agente de Crédito,5,bancodovaletimbo@bancodovale.org.br,-,2025-08-12 13:25:51,12/08/2025 13:25,12/08/2025 13:26,-,0.0 dias,-,-,-,-
1881390,📍 Definir Unidade de Atendimento,1,-,-,2025-08-12 13:13:21,12/08/2025 13:13,12/08/2025 13:27,-,0.01 dias,-,-,-,-
1881390,🕵️ Análise Agente de Crédito,4,bancodovaletimbo@bancodovale.org.br,-,2025-08-12 13:27:24,12/08/2025 13:27,12/08/2025 13:29,-,0.0 dias,-,-,-,-
1881390,🔴 Pendência SPC,3,bancodovaletimbo@bancodovale.org.br,-,2025-08-12 13:29:51,12/08/2025 13:29,12/08/2025 16:05,-,0.11 dias,-,-,-,-
1880506,📍 Definir Unidade de Atendimento,1,-,-,2025-08-12 12:19:54,12/08/2025 12:19,12/08/2025 13:37,-,0.05 dias,-,-,-,-
1880506,🔍 Análise SPC (Serasa / SPC Brasil),2,comercialdigital@bancodovale.com.br,-,2025-08-12 13:37:40,12/08/2025 13:37,12/08/2025 13:59,-,0.02 dias,-,-,-,-
1880506,🔴 Pendência SPC,3,jaragua@bancodovale.org.br,-,2025-08-12 13:59:29,12/08/2025 13:59,12/08/2025 16:22,-,0.1 dias,-,-,-,-
1880360,📍 Definir Unidade de Atendimento,1,-,-,2025-08-12 12:09:13,12/08/2025 12:09,12/08/2025 13:37,-,0.06 dias,-,-,-,-
1880340,📍 Definir Unidade de Atendimento,1,-,-,2025-08-12 11:51:22,12/08/2025 11:51,12/08/2025 13:36,-,0.07 dias,-,-,-,-
1880340,🔍 Análise SPC (Serasa / SPC Brasil),2,comercialdigital@bancodovale.com.br,-,2025-08-12 13:36:44,12/08/2025 13:36,12/08/2025 14:25,-,0.03 dias,-,-,-,-
1880340,🕵️ Análise Agente de Crédito,4,comercialdigital@bancodovale.com.br,-,2025-08-12 14:25:40,12/08/2025 14:25,12/08/2025 14:28,-,0.0 dias,-,-,-,-
1880314,📍 Definir Unidade de Atendimento,1,-,-,2025-08-12 11:40:45,12/08/2025 11:40,12/08/2025 11:41,-,0.0 dias,-,-,-,-
1880314,🔴 Pendência SPC,3,jaragua@bancodovale.org.br,-,2025-08-12 11:41:17,12/08/2025 11:41,12/08/2025 11:59,-,0.01 dias,-,-,-,-
1880309,📍 Definir Unidade de Atendimento,1,-,-,2025-08-12 11:39:40,12/08/2025 11:39,12/08/2025 13:31,-,0.08 dias,-,-,-,-
1880309,🔍 Análise SPC (Serasa / SPC Brasil),2,comercialdigital@bancodovale.com.br,-,2025-08-12 13:31:50,12/08/2025 13:31,12/08/2025 14:48,-,0.05 dias,-,-,-,-
1880258,📍 Definir Unidade de Atendimento,1,-,-,2025-08-12 11:13:03,12/08/2025 11:13,12/08/2025 11:17,-,0.0 dias,-,-,-,-
1880258,🔍 Análise SPC (Serasa / SPC Brasil),2,comercialdigital@bancodovale.com.br,-,2025-08-12 11:17:10,12/08/2025 11:17,12/08/2025 11:36,-,0.01 dias,-,-,-,-
1880215,📍 Definir Unidade de Atendimento,1,-,-,2025-08-12 10:51:53,12/08/2025 10:51,12/08/2025 10:52,-,0.0 dias,-,-,-,-
1880215,🕵️ Análise Agente de Crédito,4,jaragua@bancodovale.org.br,-,2025-08-12 10:52:28,12/08/2025 10:52,12/08/2025 15:54,-,0.21 dias,-,-,-,-
1880213,📍 Definir Unidade de Atendimento,1,-,-,2025-08-12 10:50:30,12/08/2025 10:50,12/08/2025 11:14,-,0.02 dias,-,-,-,-
1880213,🔍 Análise SPC (Serasa / SPC Brasil),2,comercialdigital@bancodovale.com.br,-,2025-08-12 11:14:50,12/08/2025 11:14,12/08/2025 14:46,-,0.15 dias,-,-,-,-
1880195,📍 Definir Unidade de Atendimento,1,-,-,2025-08-12 10:47:13,12/08/2025 10:47,12/08/2025 10:47,-,0.0 dias,-,-,-,-
1880195,🕵️ Análise Agente de Crédito,4,Danielle,-,2025-08-12 10:47:29,12/08/2025 10:47,12/08/2025 10:47,-,0.0 dias,-,-,-,-
1880195,👤 Análise Coordenação,6,felipe@bancodovale.org.br,-,2025-08-12 10:47:49,12/08/2025 10:47,12/08/2025 10:48,-,0.0 dias,-,-,-,-
1880152,📍 Definir Unidade de Atendimento,1,-,-,2025-08-12 10:30:50,12/08/2025 10:30,12/08/2025 10:31,-,0.0 dias,-,-,-,-
1880152,🔴 Pendência SPC,3,jaragua@bancodovale.org.br,-,2025-08-12 10:31:44,12/08/2025 10:31,12/08/2025 16:24,-,0.25 dias,-,-,-,-
1880147,📍 Definir Unidade de Atendimento,1,-,-,2025-08-12 10:28:15,12/08/2025 10:28,12/08/2025 10:28,-,0.0 dias,-,-,-,-
1879927,📍 Definir Unidade de Atendimento,1,-,-,2025-08-12 09:33:59,12/08/2025 09:33,12/08/2025 09:34,-,0.0 dias,-,-,-,-
1879915,📍 Definir Unidade de Atendimento,1,-,-,2025-08-12 09:28:48,12/08/2025 09:28,12/08/2025 09:41,-,0.01 dias,-,-,-,-
1879915,🔍 Análise SPC (Serasa / SPC Brasil),2,comercialdigital@bancodovale.com.br,-,2025-08-12 09:41:08,12/08/2025 09:41,12/08/2025 09:44,-,0.0 dias,-,-,-,-
1879863,📍 Definir Unidade de Atendimento,1,-,-,2025-08-12 09:02:16,12/08/2025 09:02,12/08/2025 09:03,-,0.0 dias,-,-,-,-
1879791,📍 Definir Unidade de Atendimento,1,-,-,2025-08-12 08:48:34,12/08/2025 08:48,12/08/2025 09:18,-,0.02 dias,-,-,-,-
1879791,🔍 Análise SPC (Serasa / SPC Brasil),2,comercialdigital@bancodovale.com.br,-,2025-08-12 09:18:43,12/08/2025 09:18,12/08/2025 13:47,-,0.19 dias,-,-,-,-
1879791,🕵️ Análise Agente de Crédito,4,jaragua@bancodovale.org.br,-,2025-08-12 13:47:26,12/08/2025 13:47,12/08/2025 16:10,-,0.1 dias,-,-,-,-
1879791,⚠️ Pendente Cliente,W,jessica@bancodovale.org.br,-,2025-08-12 16:10:09,12/08/2025 16:10,12/08/2025 17:00,-,0.03 dias,-,-,-,-
1879790,📍 Definir Unidade de Atendimento,1,-,-,2025-08-12 08:47:04,12/08/2025 08:47,12/08/2025 08:47,-,0.0 dias,-,-,-,-
1879782,📍 Definir Unidade de Atendimento,1,-,-,2025-08-12 08:44:14,12/08/2025 08:44,12/08/2025 09:16,-,0.02 dias,-,-,-,-
1879782,🔍 Análise SPC (Serasa / SPC Brasil),2,comercialdigital@bancodovale.com.br,-,2025-08-12 09:16:34,12/08/2025 09:16,12/08/2025 09:58,-,0.03 dias,-,-,-,-
1879779,📍 Definir Unidade de Atendimento,1,-,-,2025-08-12 08:42:08,12/08/2025 08:42,12/08/2025 08:42,-,0.0 dias,-,-,-,-
1879779,🧾 Análise Mesa de Crédito,8,Bruno,-,2025-08-12 08:42:55,12/08/2025 08:42,12/08/2025 17:46,-,0.38 dias,-,-,-,-
1879776,📍 Definir Unidade de Atendimento,1,-,-,2025-08-12 08:37:55,12/08/2025 08:37,12/08/2025 08:38,-,0.0 dias,-,-,-,-
1879776,🧾 Análise Mesa de Crédito,8,Bruno,-,2025-08-12 08:38:59,12/08/2025 08:38,12/08/2025 12:15,-,0.15 dias,-,-,-,-
1879768,📍 Definir Unidade de Atendimento,1,-,-,2025-08-12 08:24:28,12/08/2025 08:24,12/08/2025 09:16,-,0.04 dias,-,-,-,-
1879768,🔍 Análise SPC (Serasa / SPC Brasil),2,comercialdigital@bancodovale.com.br,-,2025-08-12 09:16:01,12/08/2025 09:16,12/08/2025 09:25,-,0.01 dias,-,-,-,-
1879768,🕵️ Análise Agente de Crédito,4,comercialdigital@bancodovale.com.br,-,2025-08-12 09:25:57,12/08/2025 09:25,12/08/2025 09:28,-,0.0 dias,-,-,-,-
1879742,📍 Definir Unidade de Atendimento,1,-,-,2025-08-12 07:30:41,12/08/2025 07:30,12/08/2025 09:14,-,0.07 dias,-,-,-,-
1879742,🔍 Análise SPC (Serasa / SPC Brasil),2,comercialdigital@bancodovale.com.br,-,2025-08-12 09:14:50,12/08/2025 09:14,12/08/2025 09:18,-,0.0 dias,-,-,-,-
1879653,📍 Definir Unidade de Atendimento,1,-,-,2025-08-11 20:55:52,11/08/2025 20:55,12/08/2025 09:12,-,0.51 dias,-,-,-,-
1879653,🔍 Análise SPC (Serasa / SPC Brasil),2,comercialdigital@bancodovale.com.br,-,2025-08-12 09:12:52,12/08/2025 09:12,12/08/2025 13:35,-,0.18 dias,-,-,-,-
1879653,🕵️ Análise Agente de Crédito,4,Bruno,-,2025-08-12 13:35:48,12/08/2025 13:35,12/08/2025 17:12,-,0.15 dias,-,-,-,-
1879572,📍 Definir Unidade de Atendimento,1,-,-,2025-08-11 18:24:58,11/08/2025 18:24,12/08/2025 09:12,-,0.62 dias,-,-,-,-
1879572,🔍 Análise SPC (Serasa / SPC Brasil),2,comercialdigital@bancodovale.com.br,-,2025-08-12 09:12:20,12/08/2025 09:12,12/08/2025 09:55,-,0.03 dias,-,-,-,-
1879524,📍 Definir Unidade de Atendimento,1,-,-,2025-08-11 17:42:10,11/08/2025 17:42,12/08/2025 08:47,-,0.63 dias,-,-,-,-
1879524,🔍 Análise SPC (Serasa / SPC Brasil),2,comercialdigital@bancodovale.com.br,-,2025-08-12 08:47:31,12/08/2025 08:47,12/08/2025 13:38,-,0.2 dias,-,-,-,-
1879524,🕵️ Análise Agente de Crédito,4,jaragua@bancodovale.org.br,-,2025-08-12 13:38:31,12/08/2025 13:38,12/08/2025 15:54,-,0.09 dias,-,-,-,-
1879351,📍 Definir Unidade de Atendimento,1,-,-,2025-08-11 16:28:41,11/08/2025 16:28,12/08/2025 08:46,-,0.68 dias,-,-,-,-
1879351,🔍 Análise SPC (Serasa / SPC Brasil),2,comercialdigital@bancodovale.com.br,-,2025-08-12 08:46:40,12/08/2025 08:46,12/08/2025 13:40,-,0.2 dias,-,-,-,-
1879342,📍 Definir Unidade de Atendimento,1,-,-,2025-08-11 16:25:53,11/08/2025 16:25,12/08/2025 08:46,-,0.68 dias,-,-,-,-
1879342,🔍 Análise SPC (Serasa / SPC Brasil),2,comercialdigital@bancodovale.com.br,-,2025-08-12 08:46:16,12/08/2025 08:46,12/08/2025 09:33,-,0.03 dias,-,-,-,-
1879265,📍 Definir Unidade de Atendimento,1,-,-,2025-08-11 15:54:52,11/08/2025 15:54,12/08/2025 08:46,-,0.7 dias,-,-,-,-
1879262,📍 Definir Unidade de Atendimento,1,-,-,2025-08-11 15:53:22,11/08/2025 15:53,12/08/2025 08:45,-,0.7 dias,-,-,-,-
1879262,🔍 Análise SPC (Serasa / SPC Brasil),2,comercialdigital@bancodovale.com.br,-,2025-08-12 08:45:42,12/08/2025 08:45,12/08/2025 09:40,-,0.04 dias,-,-,-,-
1879262,🕵️ Análise Agente de Crédito,4,comercialdigital@bancodovale.com.br,-,2025-08-12 09:40:13,12/08/2025 09:40,12/08/2025 09:42,-,0.0 dias,-,-,-,-
1879200,🔍 Análise SPC (Serasa / SPC Brasil),2,comercialdigital@bancodovale.com.br,-,2025-08-11 15:49:31,11/08/2025 15:49,12/08/2025 08:44,-,0.71 dias,-,-,-,-
1879187,🔍 Análise SPC (Serasa / SPC Brasil),2,comercialdigital@bancodovale.com.br,-,2025-08-11 15:49:05,11/08/2025 15:49,12/08/2025 08:36,-,0.7 dias,-,-,-,-
1879187,🕵️ Análise Agente de Crédito,4,comercialdigital@bancodovale.com.br,-,2025-08-12 08:36:52,12/08/2025 08:36,12/08/2025 08:42,-,0.0 dias,-,-,-,-
1877928,🕵️ Análise Agente de Crédito,4,Danielle,-,2025-08-11 14:09:37,11/08/2025 14:09,12/08/2025 10:09,-,0.83 dias,-,-,-,-
1877498,🔍 Análise SPC (Serasa / SPC Brasil),2,comercialdigital@bancodovale.com.br,-,2025-08-11 11:46:39,11/08/2025 11:46,12/08/2025 13:29,-,1.07 dias,-,-,-,-
1877207,⚠️ Pendente Cliente,W,camila@bancodovale.org.br,-,2025-08-11 14:43:04,11/08/2025 14:43,12/08/2025 13:07,-,0.93 dias,-,-,-,-
1876466,🕵️ Análise Agente de Crédito,4,Danielle,-,2025-08-11 09:34:14,11/08/2025 09:34,12/08/2025 10:10,-,1.03 dias,-,-,-,-
1876092,🕵️ Análise Agente de Crédito,4,comercialdigital@bancodovale.com.br,-,2025-08-11 10:24:33,11/08/2025 10:24,12/08/2025 08:36,-,0.92 dias,-,-,-,-
1875797,⚠️ Pendente Cliente,W,natalia@bancodovale.org.br,-,2025-08-11 15:55:09,11/08/2025 15:55,12/08/2025 13:55,-,0.92 dias,-,-,-,-
1875797,👤 Análise Coordenação,6,natalia@bancodovale.org.br,-,2025-08-12 13:55:41,12/08/2025 13:55,12/08/2025 14:33,-,0.03 dias,-,-,-,-
1875682,🔴 Pendência SPC,3,bancodovaletimbo@bancodovale.org.br,-,2025-08-11 15:57:04,11/08/2025 15:57,12/08/2025 08:30,-,0.69 dias,-,-,-,-
1875670,🕵️ Análise Agente de Crédito,4,Danielle,-,2025-08-11 10:43:02,11/08/2025 10:43,12/08/2025 10:11,-,0.98 dias,-,-,-,-
1875591,🔍 Análise SPC (Serasa / SPC Brasil),2,comercialdigital@bancodovale.com.br,-,2025-08-11 08:37:35,11/08/2025 08:37,12/08/2025 13:41,-,1.21 dias,-,-,-,-
1875450,🕵️ Análise Agente de Crédito,4,rio@bancodovale.org.br,-,2025-08-08 17:22:07,08/08/2025 17:22,12/08/2025 13:34,-,3.84 dias,-,-,-,-
1875381,🕵️ Análise Agente de Crédito,4,rio@bancodovale.org.br,-,2025-08-08 16:41:20,08/08/2025 16:41,12/08/2025 13:41,-,3.87 dias,-,-,-,-
1875281,🕵️ Análise Agente de Crédito,4,comercialdigital@bancodovale.com.br,-,2025-08-08 17:06:54,08/08/2025 17:06,12/08/2025 08:46,-,3.65 dias,-,-,-,-
1875272,🧾 Análise Mesa de Crédito,8,Bruno,-,2025-08-08 15:55:04,08/08/2025 15:55,12/08/2025 11:40,-,3.82 dias,-,-,-,-
1875232,🧾 Análise Mesa de Crédito,8,Bruno,-,2025-08-08 15:35:15,08/08/2025 15:35,12/08/2025 17:39,-,4.09 dias,-,-,-,-
1875218,👤 Análise Coordenação,6,felipe@bancodovale.org.br,-,2025-08-11 09:44:11,11/08/2025 09:44,12/08/2025 09:34,-,0.99 dias,-,-,-,-
1875158,🧾 Análise Mesa de Crédito,8,KATLIN,-,2025-08-08 15:08:39,08/08/2025 15:08,12/08/2025 14:56,-,3.99 dias,-,-,-,-
1874991,🕵️ Análise Agente de Crédito,4,jaragua@bancodovale.org.br,-,2025-08-08 14:00:25,08/08/2025 14:00,12/08/2025 15:56,-,4.08 dias,-,-,-,-
1874896,🕵️ Análise Agente de Crédito,4,Danielle,-,2025-08-11 09:06:40,11/08/2025 09:06,12/08/2025 10:12,-,1.05 dias,-,-,-,-
1874175,🧾 Análise Mesa de Crédito,8,gilmara@bancodovale.org.br,-,2025-08-08 12:44:26,08/08/2025 12:44,12/08/2025 12:47,-,4.0 dias,-,-,-,-
1873792,🧾 Análise Mesa de Crédito,8,thiago@bancodovale.org.br,-,2025-08-07 16:07:58,07/08/2025 16:07,12/08/2025 08:50,-,4.7 dias,-,-,-,-
1873526,🕵️ Análise Agente de Crédito,4,rio@bancodovale.org.br,-,2025-08-08 10:46:36,08/08/2025 10:46,12/08/2025 13:45,-,4.12 dias,-,-,-,-
1873505,🕵️ Análise Agente de Crédito,4,jaragua@bancodovale.org.br,-,2025-08-07 11:17:58,07/08/2025 11:17,12/08/2025 15:57,-,5.19 dias,-,-,-,-
1873385,🧾 Análise Mesa de Crédito,8,ivan@bancodovale.org.br,-,2025-08-08 15:19:22,08/08/2025 15:19,12/08/2025 15:44,-,4.02 dias,-,-,-,-
1873055,👤 Análise Coordenação,6,alinef@bancodovale.org.br,-,2025-08-07 17:00:38,07/08/2025 17:00,12/08/2025 09:52,-,4.7 dias,-,-,-,-
1871492,🧾 Análise Mesa de Crédito,8,rio@bancodovale.org.br,-,2025-08-06 10:37:59,06/08/2025 10:37,12/08/2025 10:34,-,6.0 dias,-,-,-,-
1869805,🧾 Análise Mesa de Crédito,8,rejane@bancodovale.org.br,-,2025-08-08 10:15:57,08/08/2025 10:15,12/08/2025 09:28,-,3.97 dias,-,-,-,-
1869421,🕵️ Análise Agente de Crédito,4,rio@bancodovale.org.br,-,2025-08-05 10:17:03,05/08/2025 10:17,12/08/2025 13:35,-,7.14 dias,-,-,-,-
1869201,🕵️ Análise Agente de Crédito,4,Danielle,-,2025-08-05 10:55:16,05/08/2025 10:55,12/08/2025 10:13,-,6.97 dias,-,-,-,-
1864982,🧾 Análise Mesa de Crédito,8,jessica@bancodovale.org.br,-,2025-08-11 17:08:08,11/08/2025 17:08,12/08/2025 15:28,-,0.93 dias,-,-,-,-
1820423,📍 Definir Unidade de Atendimento,1,-,-,2025-07-08 12:13:47,08/07/2025 12:13,08/07/2025 12:19,-,0.0 dias,-,-,-,-
1820423,🕵️ Análise Agente de Crédito,4,jaragua@bancodovale.org.br,-,2025-07-08 12:19:26,08/07/2025 12:19,09/07/2025 11:47,-,0.98 dias,-,-,-,-
1820423,⚠️ Pendente Cliente,W,jessica@bancodovale.org.br,-,2025-07-09 11:47:32,09/07/2025 11:47,09/07/2025 14:19,-,0.11 dias,-,-,-,-
1820423,🙅 Desistiu,Z,jessica@bancodovale.org.br,-,2025-07-09 14:19:40,09/07/2025 14:19,12/08/2025 16:26,-,34.09 dias,-,-,-,-
1787877,📍 Definir Unidade de Atendimento,1,-,-,2025-06-23 09:29:53,23/06/2025 09:29,23/06/2025 09:30,-,0.0 dias,-,-,-,-
1787877,🔴 Pendência SPC,3,jaragua@bancodovale.org.br,-,2025-06-23 09:30:19,23/06/2025 09:30,23/06/2025 10:57,-,0.06 dias,-,-,-,-
1787877,⚠️ Pendente Cliente,W,jessica@bancodovale.org.br,-,2025-06-23 10:57:26,23/06/2025 10:57,30/06/2025 14:42,-,7.16 dias,-,-,-,-
1787877,🙅 Desistiu,Z,jessica@bancodovale.org.br,-,2025-06-30 14:42:41,30/06/2025 14:42,12/08/2025 16:27,-,43.07 dias,-,-,-,-
1651021,📍 Definir Unidade de Atendimento,1,-,-,2025-04-15 05:03:42,15/04/2025 05:03,15/04/2025 09:05,-,0.17 dias,-,-,-,-
1651021,🔍 Análise SPC (Serasa / SPC Brasil),2,comercialdigital@bancodovale.org.br,-,2025-04-15 09:05:39,15/04/2025 09:05,15/04/2025 10:13,-,0.05 dias,-,-,-,-
1651021,🕵️ Análise Agente de Crédito,4,comercialdigital@bancodovale.org.br,-,2025-04-15 10:13:54,15/04/2025 10:13,23/04/2025 14:36,-,8.18 dias,-,-,-,-
1651021,🙅 Desistiu,Z,JairoBarros,-,2025-04-23 14:36:00,23/04/2025 14:36,12/08/2025 07:20,-,110.7 dias,-,-,-,-
1651021,🚫 Cancelado,Y,roberto@bancodovale.org.br,-,2025-08-12 07:20:30,12/08/2025 07:20,12/08/2025 07:21,-,0.0 dias,-,-,-,-
1513625,📍 Definir Unidade de Atendimento,1,-,-,2025-02-18 13:31:14,18/02/2025 13:31,18/02/2025 13:33,-,0.0 dias,-,-,-,-
1513625,🕵️ Análise Agente de Crédito,4,Danielle,-,2025-02-18 13:33:23,18/02/2025 13:33,18/02/2025 16:30,-,0.12 dias,-,-,-,-
1513625,🔴 Pendência SPC,3,julianofiorim@bancodovale.org.br,-,2025-02-18 16:30:19,18/02/2025 16:30,18/02/2025 16:30,-,0.0 dias,-,-,-,-
1513625,🕵️ Análise Agente de Crédito,4,julianofiorim@bancodovale.org.br,-,2025-02-18 16:30:54,18/02/2025 16:30,18/02/2025 16:34,-,0.0 dias,-,-,-,-
1513625,⚠️ Pendente Cliente,W,julianofiorim@bancodovale.org.br,-,2025-02-18 16:34:10,18/02/2025 16:34,12/08/2025 11:46,-,174.8 dias,-,-,-,-
1495117,📍 Definir Unidade de Atendimento,1,-,-,2025-02-04 16:23:58,04/02/2025 16:23,04/02/2025 16:24,-,0.0 dias,-,-,-,-
1495117,🕵️ Análise Agente de Crédito,4,Danielle,-,2025-02-04 16:24:18,04/02/2025 16:24,07/02/2025 16:51,-,3.02 dias,-,-,-,-
1495117,⚠️ Pendente Cliente,W,julianofiorim@bancodovale.org.br,-,2025-02-07 16:51:32,07/02/2025 16:51,12/08/2025 11:53,-,185.79 dias,-,-,-,-
992462,🧾 Análise Mesa de Crédito,8,camila@bancodovale.org.br,-,2025-08-08 11:42:45,08/08/2025 11:42,12/08/2025 12:50,-,4.05 dias,-,-,-,-
855954,🧾 Análise Mesa de Crédito,8,regina@bancodovale.org.br,-,2025-08-08 17:23:20,08/08/2025 17:23,12/08/2025 16:53,-,3.98 dias,-,-,-,-
646442,📍 Definir Unidade de Atendimento,1,-,-,2023-05-10 13:44:07,10/05/2023 13:44,10/05/2023 13:45,-,0.0 dias,-,-,-,-
646442,🕵️ Análise Agente de Crédito,4,bancodovaletimbo@bancodovale.org.br,-,2023-05-10 13:45:30,10/05/2023 13:45,23/05/2023 12:34,-,12.95 dias,-,-,-,-
646442,🙅 Desistiu,Z,caciane@bancodovale.org.br,-,2023-05-23 12:34:47,23/05/2023 12:34,23/06/2025 16:19,-,762.16 dias,-,-,-,-
646442,🕵️ Análise Agente de Crédito,4,bancodovaletimbo@bancodovale.org.br,-,2025-06-23 16:19:27,23/06/2025 16:19,25/06/2025 11:58,-,1.82 dias,-,-,-,-
646442,⚠️ Pendente Cliente,W,caciane@bancodovale.org.br,-,2025-06-25 11:58:02,25/06/2025 11:58,01/07/2025 09:00,-,5.88 dias,-,-,-,-
646442,🙅 Desistiu,Z,caciane@bancodovale.org.br,-,2025-07-01 09:00:35,01/07/2025 09:00,12/08/2025 14:51,-,42.24 dias,-,-,-,-
646442,🔍 Análise SPC (Serasa / SPC Brasil),2,bancodovaletimbo@bancodovale.org.br,-,2025-08-12 14:51:26,12/08/2025 14:51,12/08/2025 14:51,-,0.0 dias,-,-,-,-
488136,🧾 Análise Mesa de Crédito,8,regina@bancodovale.org.br,-,2025-08-08 11:15:49,08/08/2025 11:15,12/08/2025 10:31,-,3.97 dias,-,-,-,-
176427,📍 Definir Unidade de Atendimento,1,-,-,2022-02-24 14:23:05,24/02/2022 14:23,24/02/2022 14:23,-,0.0 dias,-,-,-,-
176427,🕵️ Análise Agente de Crédito,4,bancodovaletimbo@bancodovale.org.br,-,2022-02-24 14:23:32,24/02/2022 14:23,24/02/2022 14:29,-,0.0 dias,-,-,-,-
176427,👤 Análise Coordenação,6,caciane@bancodovale.org.br,-,2022-02-24 14:29:14,24/02/2022 14:29,24/02/2022 15:03,-,0.02 dias,-,-,-,-
176427,🧾 Análise Mesa de Crédito,8,angela@bancodovale.org.br,-,2022-02-24 15:03:23,24/02/2022 15:03,25/02/2022 11:45,-,0.86 dias,-,-,-,-
176427,✅ Aprovado,0,roberto@bancodovale.org.br,-,2022-02-25 11:45:12,25/02/2022 11:45,04/11/2024 13:27,-,983.07 dias,-,-,-,-
176427,🕵️ Análise Agente de Crédito,4,bancodovaletimbo@bancodovale.org.br,-,2024-11-04 13:27:58,04/11/2024 13:27,04/11/2024 13:42,-,0.01 dias,-,-,-,-
176427,🧾 Análise Mesa de Crédito,8,caciane@bancodovale.org.br,-,2024-11-04 13:42:35,04/11/2024 13:42,07/11/2024 13:29,-,2.99 dias,-,-,-,-
176427,✅ Aprovado,0,Fernando,-,2024-11-07 13:29:38,07/11/2024 13:29,12/08/2025 08:52,-,277.81 dias,-,-,-,-
131907,🧾 Análise Mesa de Crédito,8,juliano@bancodovale.org.br,-,2025-08-08 17:15:48,08/08/2025 17:15,12/08/2025 18:09,-,4.04 dias,-,-,-,-
9194,🧾 Análise Mesa de Crédito,8,caciane@bancodovale.org.br,-,2025-08-11 16:07:46,11/08/2025 16:07,12/08/2025 09:03,-,0.71 dias,-,-,-,-
1883126,📍 Definir Unidade de Atendimento,1,-,-,2025-08-13 09:17:57,13/08/2025 09:17,13/08/2025 09:41,-,0.02 dias,-,-,-,-
1883126,🔍 Análise SPC (Serasa / SPC Brasil),2,comercialdigital@bancodovale.com.br,-,2025-08-13 09:41:08,13/08/2025 09:41,13/08/2025 10:04,-,0.02 dias,-,-,-,-
1884121,📍 Definir Unidade de Atendimento,1,-,-,2025-08-13 16:24:14,13/08/2025 16:24,13/08/2025 16:25,-,0.0 dias,-,-,-,-
1884012,📍 Definir Unidade de Atendimento,1,-,-,2025-08-13 15:24:11,13/08/2025 15:24,13/08/2025 15:28,-,0.0 dias,-,-,-,-
1884012,🕵️ Análise Agente de Crédito,4,comercialdigital@bancodovale.com.br,-,2025-08-13 15:28:15,13/08/2025 15:28,13/08/2025 15:31,-,0.0 dias,-,-,-,-
1884012,👤 Análise Coordenação,6,natalia@bancodovale.org.br,-,2025-08-13 15:31:03,13/08/2025 15:31,13/08/2025 16:57,-,0.06 dias,-,-,-,-
1883992,📍 Definir Unidade de Atendimento,1,-,-,2025-08-13 15:21:14,13/08/2025 15:21,13/08/2025 15:23,-,0.0 dias,-,-,-,-
1883988,📍 Definir Unidade de Atendimento,1,-,-,2025-08-13 15:20:05,13/08/2025 15:20,13/08/2025 15:22,-,0.0 dias,-,-,-,-
1883944,📍 Definir Unidade de Atendimento,1,-,-,2025-08-13 14:57:46,13/08/2025 14:57,13/08/2025 15:38,-,0.03 dias,-,-,-,-
1883937,📍 Definir Unidade de Atendimento,1,-,-,2025-08-13 14:55:33,13/08/2025 14:55,13/08/2025 14:59,-,0.0 dias,-,-,-,-
1883937,🔍 Análise SPC (Serasa / SPC Brasil),2,comercialdigital@bancodovale.com.br,-,2025-08-13 14:59:51,13/08/2025 14:59,13/08/2025 15:17,-,0.01 dias,-,-,-,-
1883937,🕵️ Análise Agente de Crédito,4,Danielle,-,2025-08-13 15:17:36,13/08/2025 15:17,13/08/2025 16:23,-,0.05 dias,-,-,-,-
1883912,📍 Definir Unidade de Atendimento,1,-,-,2025-08-13 14:39:09,13/08/2025 14:39,13/08/2025 14:40,-,0.0 dias,-,-,-,-
1883899,📍 Definir Unidade de Atendimento,1,-,-,2025-08-13 14:34:26,13/08/2025 14:34,13/08/2025 15:14,-,0.03 dias,-,-,-,-
1883790,📍 Definir Unidade de Atendimento,1,-,-,2025-08-13 13:49:26,13/08/2025 13:49,13/08/2025 13:49,-,0.0 dias,-,-,-,-
1883781,📍 Definir Unidade de Atendimento,1,-,-,2025-08-13 13:44:31,13/08/2025 13:44,13/08/2025 13:45,-,0.0 dias,-,-,-,-
1883764,📍 Definir Unidade de Atendimento,1,-,-,2025-08-13 13:31:36,13/08/2025 13:31,13/08/2025 13:46,-,0.01 dias,-,-,-,-
1883736,📍 Definir Unidade de Atendimento,1,-,-,2025-08-13 13:16:15,13/08/2025 13:16,13/08/2025 13:16,-,0.0 dias,-,-,-,-
1883684,📍 Definir Unidade de Atendimento,1,-,-,2025-08-13 12:34:42,13/08/2025 12:34,13/08/2025 13:45,-,0.05 dias,-,-,-,-
1883684,🔍 Análise SPC (Serasa / SPC Brasil),2,comercialdigital@bancodovale.com.br,-,2025-08-13 13:45:08,13/08/2025 13:45,13/08/2025 15:16,-,0.06 dias,-,-,-,-
1883432,📍 Definir Unidade de Atendimento,1,-,-,2025-08-13 10:27:07,13/08/2025 10:27,13/08/2025 10:27,-,0.0 dias,-,-,-,-
1883404,📍 Definir Unidade de Atendimento,1,-,-,2025-08-13 10:23:18,13/08/2025 10:23,13/08/2025 10:29,-,0.0 dias,-,-,-,-
1883404,🔍 Análise SPC (Serasa / SPC Brasil),2,comercialdigital@bancodovale.com.br,-,2025-08-13 10:29:04,13/08/2025 10:29,13/08/2025 14:14,-,0.16 dias,-,-,-,-
1883259,📍 Definir Unidade de Atendimento,1,-,-,2025-08-13 10:07:52,13/08/2025 10:07,13/08/2025 10:08,-,0.0 dias,-,-,-,-
1883259,🕵️ Análise Agente de Crédito,4,Danielle,-,2025-08-13 10:08:07,13/08/2025 10:08,13/08/2025 10:08,-,0.0 dias,-,-,-,-
1883256,📍 Definir Unidade de Atendimento,1,-,-,2025-08-13 10:05:33,13/08/2025 10:05,13/08/2025 10:05,-,0.0 dias,-,-,-,-
1883231,📍 Definir Unidade de Atendimento,1,-,-,2025-08-13 09:53:31,13/08/2025 09:53,13/08/2025 10:08,-,0.01 dias,-,-,-,-
1883231,🕵️ Análise Agente de Crédito,4,jaragua@bancodovale.org.br,-,2025-08-13 10:08:51,13/08/2025 10:08,13/08/2025 13:32,-,0.14 dias,-,-,-,-
1883139,📍 Definir Unidade de Atendimento,1,-,-,2025-08-13 09:30:45,13/08/2025 09:30,13/08/2025 09:31,-,0.0 dias,-,-,-,-
1883048,📍 Definir Unidade de Atendimento,1,-,-,2025-08-13 09:08:05,13/08/2025 09:08,13/08/2025 09:40,-,0.02 dias,-,-,-,-
1883048,🔍 Análise SPC (Serasa / SPC Brasil),2,comercialdigital@bancodovale.com.br,-,2025-08-13 09:40:26,13/08/2025 09:40,13/08/2025 11:00,-,0.06 dias,-,-,-,-
1882921,📍 Definir Unidade de Atendimento,1,-,-,2025-08-12 19:42:41,12/08/2025 19:42,13/08/2025 09:39,-,0.58 dias,-,-,-,-
1882921,🔍 Análise SPC (Serasa / SPC Brasil),2,comercialdigital@bancodovale.com.br,-,2025-08-13 09:39:43,13/08/2025 09:39,13/08/2025 13:30,-,0.16 dias,-,-,-,-
1882921,⚠️ Pendente Cliente,W,gilmara@bancodovale.org.br,-,2025-08-13 13:30:58,13/08/2025 13:30,13/08/2025 13:59,-,0.02 dias,-,-,-,-
1882866,📍 Definir Unidade de Atendimento,1,-,-,2025-08-12 18:23:29,12/08/2025 18:23,13/08/2025 09:38,-,0.64 dias,-,-,-,-
1882866,🔍 Análise SPC (Serasa / SPC Brasil),2,comercialdigital@bancodovale.com.br,-,2025-08-13 09:38:46,13/08/2025 09:38,13/08/2025 12:17,-,0.11 dias,-,-,-,-
1882745,🔍 Análise SPC (Serasa / SPC Brasil),2,comercialdigital@bancodovale.com.br,-,2025-08-12 17:09:18,12/08/2025 17:09,13/08/2025 09:47,-,0.69 dias,-,-,-,-
1882640,🔍 Análise SPC (Serasa / SPC Brasil),2,comercialdigital@bancodovale.com.br,-,2025-08-12 17:08:30,12/08/2025 17:08,13/08/2025 09:32,-,0.68 dias,-,-,-,-
1882572,👤 Análise Coordenação,6,elenita@bancovale.org.br,-,2025-08-12 15:52:59,12/08/2025 15:52,13/08/2025 07:38,-,0.66 dias,-,-,-,-
1881632,🔍 Análise SPC (Serasa / SPC Brasil),2,comercialdigital@bancodovale.com.br,-,2025-08-12 14:56:28,12/08/2025 14:56,13/08/2025 08:44,-,0.74 dias,-,-,-,-
1879782,🕵️ Análise Agente de Crédito,4,Danielle,-,2025-08-12 09:58:13,12/08/2025 09:58,13/08/2025 11:13,-,1.05 dias,-,-,-,-
1879747,⚠️ Pendente Cliente,W,natalia@bancodovale.org.br,-,2025-08-12 09:31:44,12/08/2025 09:31,13/08/2025 10:21,-,1.03 dias,-,-,-,-
1879747,👤 Análise Coordenação,6,natalia@bancodovale.org.br,-,2025-08-13 10:21:25,13/08/2025 10:21,13/08/2025 12:20,-,0.08 dias,-,-,-,-
1879385,🔴 Pendência SPC,3,jaragua@bancodovale.org.br,-,2025-08-11 17:28:17,11/08/2025 17:28,13/08/2025 13:31,-,1.84 dias,-,-,-,-
1879385,⚠️ Pendente Cliente,W,gilmara@bancodovale.org.br,-,2025-08-13 13:31:44,13/08/2025 13:31,13/08/2025 13:32,-,0.0 dias,-,-,-,-
1879187,⚠️ Pendente Cliente,W,natalia@bancodovale.org.br,-,2025-08-12 08:42:15,12/08/2025 08:42,13/08/2025 16:42,-,1.33 dias,-,-,-,-
1878751,🧾 Análise Mesa de Crédito,8,KATLIN,-,2025-08-11 14:10:05,11/08/2025 14:10,13/08/2025 16:14,-,2.09 dias,-,-,-,-
1876493,🔍 Análise SPC (Serasa / SPC Brasil),2,comercialdigital@bancodovale.com.br,-,2025-08-11 09:40:14,11/08/2025 09:40,13/08/2025 11:02,-,2.06 dias,-,-,-,-
1876261,⚠️ Pendente Cliente,W,natalia@bancodovale.org.br,-,2025-08-11 13:49:11,11/08/2025 13:49,13/08/2025 16:46,-,2.12 dias,-,-,-,-
1875758,🔍 Análise SPC (Serasa / SPC Brasil),2,comercialdigital@bancodovale.com.br,-,2025-08-11 09:12:59,11/08/2025 09:12,13/08/2025 11:02,-,2.08 dias,-,-,-,-
1875680,🔍 Análise SPC (Serasa / SPC Brasil),2,comercialdigital@bancodovale.com.br,-,2025-08-11 08:40:44,11/08/2025 08:40,13/08/2025 09:48,-,2.05 dias,-,-,-,-
1874808,⚠️ Pendente Cliente,W,natalia@bancodovale.org.br,-,2025-08-08 15:28:23,08/08/2025 15:28,13/08/2025 16:19,-,5.04 dias,-,-,-,-
1874707,🧾 Análise Mesa de Crédito,8,thiago@bancodovale.org.br,-,2025-08-11 08:48:21,11/08/2025 08:48,13/08/2025 11:31,-,2.11 dias,-,-,-,-
1874588,🕵️ Análise Agente de Crédito,4,rio@bancodovale.org.br,-,2025-08-08 10:45:55,08/08/2025 10:45,13/08/2025 10:48,-,5.0 dias,-,-,-,-
1874435,🧾 Análise Mesa de Crédito,8,thiago@bancodovale.org.br,-,2025-08-11 15:23:46,11/08/2025 15:23,13/08/2025 17:20,-,2.08 dias,-,-,-,-
1874180,🕵️ Análise Agente de Crédito,4,rio@bancodovale.org.br,-,2025-08-08 15:57:02,08/08/2025 15:57,13/08/2025 11:57,-,4.83 dias,-,-,-,-
1874070,🕵️ Análise Agente de Crédito,4,Danielle,-,2025-08-08 10:54:26,08/08/2025 10:54,13/08/2025 11:02,-,5.01 dias,-,-,-,-
1873494,🧾 Análise Mesa de Crédito,8,gilmara@bancodovale.org.br,-,2025-08-08 12:44:51,08/08/2025 12:44,13/08/2025 08:51,-,4.84 dias,-,-,-,-
1873204,🧾 Análise Mesa de Crédito,8,thiago@bancodovale.org.br,-,2025-08-07 15:01:03,07/08/2025 15:01,13/08/2025 15:59,-,6.04 dias,-,-,-,-
1873202,⚠️ Pendente Cliente,W,natalia@bancodovale.org.br,-,2025-08-07 12:04:06,07/08/2025 12:04,13/08/2025 16:11,-,6.17 dias,-,-,-,-
1868854,⚠️ Pendente Cliente,W,regina@bancodovale.org.br,-,2025-08-07 16:23:57,07/08/2025 16:23,13/08/2025 09:34,-,5.72 dias,-,-,-,-
1864847,🕵️ Análise Agente de Crédito,4,comercialdigital@bancodovale.com.br,-,2025-07-31 14:19:51,31/07/2025 14:19,13/08/2025 17:16,-,13.12 dias,-,-,-,-
1864436,⚠️ Pendente Cliente,W,natalia@bancodovale.org.br,-,2025-07-31 10:35:24,31/07/2025 10:35,13/08/2025 15:49,-,13.22 dias,-,-,-,-
1851889,📍 Definir Unidade de Atendimento,1,-,-,2025-07-23 14:09:43,23/07/2025 14:09,23/07/2025 14:17,-,0.01 dias,-,-,-,-
1851889,🔍 Análise SPC (Serasa / SPC Brasil),2,comercialdigital@bancodovale.com.br,-,2025-07-23 14:17:53,23/07/2025 14:17,23/07/2025 16:03,-,0.07 dias,-,-,-,-
1851889,🕵️ Análise Agente de Crédito,4,Danielle,-,2025-07-23 16:03:46,23/07/2025 16:03,13/08/2025 12:26,-,20.85 dias,-,-,-,-
654801,📍 Definir Unidade de Atendimento,1,-,-,2023-05-18 11:19:28,18/05/2023 11:19,18/05/2023 11:20,-,0.0 dias,-,-,-,-
654801,🕵️ Análise Agente de Crédito,4,indaial@bancodovale.org.br,-,2023-05-18 11:20:03,18/05/2023 11:20,31/05/2023 15:10,-,13.16 dias,-,-,-,-
654801,❌ Reprovado,X,adriana@bancodovale.org.br,-,2023-05-31 15:10:46,31/05/2023 15:10,13/08/2025 17:08,-,805.08 dias,-,-,-,-
654801,🔍 Análise SPC (Serasa / SPC Brasil),2,KATLIN,-,2025-08-13 17:08:23,13/08/2025 17:08,13/08/2025 17:08,-,0.0 dias,-,-,-,-
176427,🧾 Análise Mesa de Crédito,8,caciane@bancodovale.org.br,-,2025-08-12 08:52:10,12/08/2025 08:52,13/08/2025 16:48,-,1.33 dias,-,-,-,-
1884551,📍 Definir Unidade de Atendimento,1,-,-,2025-08-14 08:49:20,14/08/2025 08:49,14/08/2025 09:06,-,0.01 dias,-,-,-,-
1884551,🔍 Análise SPC (Serasa / SPC Brasil),2,comercialdigital@bancodovale.com.br,-,2025-08-14 09:06:22,14/08/2025 09:06,14/08/2025 09:39,-,0.02 dias,-,-,-,-
1886490,📍 Definir Unidade de Atendimento,1,-,-,2025-08-15 15:12:47,15/08/2025 15:12,15/08/2025 15:40,-,0.02 dias,-,-,-,-
1886616,📍 Definir Unidade de Atendimento,1,-,-,2025-08-15 16:22:20,15/08/2025 16:22,15/08/2025 16:45,-,0.02 dias,-,-,-,-
1886572,📍 Definir Unidade de Atendimento,1,-,-,2025-08-15 15:56:20,15/08/2025 15:56,15/08/2025 15:58,-,0.0 dias,-,-,-,-
1885955,📍 Definir Unidade de Atendimento,1,-,-,2025-08-15 10:01:20,15/08/2025 10:01,15/08/2025 10:46,-,0.03 dias,-,-,-,-
1885955,🔍 Análise SPC (Serasa / SPC Brasil),2,comercialdigital@bancodovale.com.br,-,2025-08-15 10:46:51,15/08/2025 10:46,15/08/2025 11:38,-,0.04 dias,-,-,-,-
1885625,📍 Definir Unidade de Atendimento,1,-,-,2025-08-14 18:06:58,14/08/2025 18:06,15/08/2025 09:00,-,0.62 dias,-,-,-,-
1885625,🔍 Análise SPC (Serasa / SPC Brasil),2,comercialdigital@bancodovale.com.br,-,2025-08-15 09:00:34,15/08/2025 09:00,15/08/2025 10:27,-,0.06 dias,-,-,-,-
1884467,📍 Definir Unidade de Atendimento,1,-,-,2025-08-14 07:36:29,14/08/2025 07:36,14/08/2025 09:05,-,0.06 dias,-,-,-,-
1884467,🔍 Análise SPC (Serasa / SPC Brasil),2,comercialdigital@bancodovale.com.br,-,2025-08-14 09:05:25,14/08/2025 09:05,14/08/2025 14:02,-,0.21 dias,-,-,-,-
1884196,📍 Definir Unidade de Atendimento,1,-,-,2025-08-13 17:04:24,13/08/2025 17:04,14/08/2025 08:57,-,0.66 dias,-,-,-,-
1884196,🔍 Análise SPC (Serasa / SPC Brasil),2,comercialdigital@bancodovale.com.br,-,2025-08-14 08:57:37,14/08/2025 08:57,14/08/2025 09:14,-,0.01 dias,-,-,-,-
1884196,🕵️ Análise Agente de Crédito,4,comercialdigital@bancodovale.com.br,-,2025-08-14 09:14:11,14/08/2025 09:14,14/08/2025 09:20,-,0.0 dias,-,-,-,-
1886559,📍 Definir Unidade de Atendimento,1,-,-,2025-08-15 15:48:54,15/08/2025 15:48,15/08/2025 15:49,-,0.0 dias,-,-,-,-
1886542,📍 Definir Unidade de Atendimento,1,-,-,2025-08-15 15:40:26,15/08/2025 15:40,15/08/2025 15:40,-,0.0 dias,-,-,-,-
1886542,🧾 Análise Mesa de Crédito,8,KATLIN,-,2025-08-15 15:40:57,15/08/2025 15:40,15/08/2025 15:41,-,0.0 dias,-,-,-,-
1886524,📍 Definir Unidade de Atendimento,1,-,-,2025-08-15 15:34:05,15/08/2025 15:34,15/08/2025 15:41,-,0.0 dias,-,-,-,-
1886524,🔍 Análise SPC (Serasa / SPC Brasil),2,comercialdigital@bancodovale.com.br,-,2025-08-15 15:41:16,15/08/2025 15:41,15/08/2025 15:45,-,0.0 dias,-,-,-,-
1886524,🕵️ Análise Agente de Crédito,4,bancodovaletimbo@bancodovale.org.br,-,2025-08-15 15:45:49,15/08/2025 15:45,15/08/2025 16:25,-,0.03 dias,-,-,-,-
1886512,📍 Definir Unidade de Atendimento,1,-,-,2025-08-15 15:26:22,15/08/2025 15:26,15/08/2025 15:27,-,0.0 dias,-,-,-,-
1886461,📍 Definir Unidade de Atendimento,1,-,-,2025-08-15 14:55:05,15/08/2025 14:55,15/08/2025 15:39,-,0.03 dias,-,-,-,-
1886461,🔍 Análise SPC (Serasa / SPC Brasil),2,comercialdigital@bancodovale.com.br,-,2025-08-15 15:39:35,15/08/2025 15:39,15/08/2025 17:03,-,0.06 dias,-,-,-,-
1886379,📍 Definir Unidade de Atendimento,1,-,-,2025-08-15 14:23:59,15/08/2025 14:23,15/08/2025 14:24,-,0.0 dias,-,-,-,-
1886379,🕵️ Análise Agente de Crédito,4,jaragua@bancodovale.org.br,-,2025-08-15 14:24:09,15/08/2025 14:24,15/08/2025 14:24,-,0.0 dias,-,-,-,-
1886346,📍 Definir Unidade de Atendimento,1,-,-,2025-08-15 14:06:14,15/08/2025 14:06,15/08/2025 14:12,-,0.0 dias,-,-,-,-
1886346,🔍 Análise SPC (Serasa / SPC Brasil),2,comercialdigital@bancodovale.com.br,-,2025-08-15 14:12:14,15/08/2025 14:12,15/08/2025 14:20,-,0.01 dias,-,-,-,-
1886167,📍 Definir Unidade de Atendimento,1,-,-,2025-08-15 12:13:46,15/08/2025 12:13,15/08/2025 12:15,-,0.0 dias,-,-,-,-
1886167,🔍 Análise SPC (Serasa / SPC Brasil),2,comercialdigital@bancodovale.com.br,-,2025-08-15 12:15:29,15/08/2025 12:15,15/08/2025 12:44,-,0.02 dias,-,-,-,-
1886157,📍 Definir Unidade de Atendimento,1,-,-,2025-08-15 12:10:55,15/08/2025 12:10,15/08/2025 12:11,-,0.0 dias,-,-,-,-
1886157,🔍 Análise SPC (Serasa / SPC Brasil),2,comercialdigital@bancodovale.com.br,-,2025-08-15 12:11:36,15/08/2025 12:11,15/08/2025 12:35,-,0.02 dias,-,-,-,-
1886146,📍 Definir Unidade de Atendimento,1,-,-,2025-08-15 12:03:25,15/08/2025 12:03,15/08/2025 12:05,-,0.0 dias,-,-,-,-
1886017,📍 Definir Unidade de Atendimento,1,-,-,2025-08-15 10:36:59,15/08/2025 10:36,15/08/2025 13:42,-,0.13 dias,-,-,-,-
1886003,📍 Definir Unidade de Atendimento,1,-,-,2025-08-15 10:24:02,15/08/2025 10:24,15/08/2025 10:43,-,0.01 dias,-,-,-,-
1886003,🔍 Análise SPC (Serasa / SPC Brasil),2,comercialdigital@bancodovale.com.br,-,2025-08-15 10:43:26,15/08/2025 10:43,15/08/2025 13:59,-,0.14 dias,-,-,-,-
1886002,📍 Definir Unidade de Atendimento,1,-,-,2025-08-15 10:23:28,15/08/2025 10:23,15/08/2025 10:45,-,0.02 dias,-,-,-,-
1886002,🔍 Análise SPC (Serasa / SPC Brasil),2,comercialdigital@bancodovale.com.br,-,2025-08-15 10:45:34,15/08/2025 10:45,15/08/2025 11:44,-,0.04 dias,-,-,-,-
1885970,📍 Definir Unidade de Atendimento,1,-,-,2025-08-15 10:11:20,15/08/2025 10:11,15/08/2025 10:13,-,0.0 dias,-,-,-,-
1885969,📍 Definir Unidade de Atendimento,1,-,-,2025-08-15 10:11:19,15/08/2025 10:11,15/08/2025 10:11,-,0.0 dias,-,-,-,-
1885969,🕵️ Análise Agente de Crédito,4,jaragua@bancodovale.org.br,-,2025-08-15 10:11:44,15/08/2025 10:11,15/08/2025 10:11,-,0.0 dias,-,-,-,-
1885827,📍 Definir Unidade de Atendimento,1,-,-,2025-08-15 08:40:21,15/08/2025 08:40,15/08/2025 09:01,-,0.01 dias,-,-,-,-
1885827,🔍 Análise SPC (Serasa / SPC Brasil),2,comercialdigital@bancodovale.com.br,-,2025-08-15 09:01:18,15/08/2025 09:01,15/08/2025 10:26,-,0.06 dias,-,-,-,-
1885827,🕵️ Análise Agente de Crédito,4,jaragua@bancodovale.org.br,-,2025-08-15 10:26:19,15/08/2025 10:26,15/08/2025 11:15,-,0.03 dias,-,-,-,-
1885643,📍 Definir Unidade de Atendimento,1,-,-,2025-08-14 18:34:36,14/08/2025 18:34,15/08/2025 08:57,-,0.6 dias,-,-,-,-
1885643,🔍 Análise SPC (Serasa / SPC Brasil),2,comercialdigital@bancodovale.com.br,-,2025-08-15 08:57:02,15/08/2025 08:57,15/08/2025 13:05,-,0.17 dias,-,-,-,-
1885503,📍 Definir Unidade de Atendimento,1,-,-,2025-08-14 16:55:41,14/08/2025 16:55,14/08/2025 16:56,-,0.0 dias,-,-,-,-
1885442,📍 Definir Unidade de Atendimento,1,-,-,2025-08-14 16:25:12,14/08/2025 16:25,14/08/2025 16:25,-,0.0 dias,-,-,-,-
1885442,🔴 Pendência SPC,3,jaragua@bancodovale.org.br,-,2025-08-14 16:25:30,14/08/2025 16:25,15/08/2025 17:21,-,1.04 dias,-,-,-,-
1885384,📍 Definir Unidade de Atendimento,1,-,-,2025-08-14 15:59:15,14/08/2025 15:59,14/08/2025 16:14,-,0.01 dias,-,-,-,-
1885384,🔍 Análise SPC (Serasa / SPC Brasil),2,comercialdigital@bancodovale.com.br,-,2025-08-14 16:14:00,14/08/2025 16:14,14/08/2025 16:50,-,0.03 dias,-,-,-,-
1885370,📍 Definir Unidade de Atendimento,1,-,-,2025-08-14 15:53:22,14/08/2025 15:53,14/08/2025 16:01,-,0.01 dias,-,-,-,-
1885370,🕵️ Análise Agente de Crédito,4,comercialdigital@bancodovale.com.br,-,2025-08-14 16:01:10,14/08/2025 16:01,14/08/2025 16:12,-,0.01 dias,-,-,-,-
1885370,👤 Análise Coordenação,6,natalia@bancodovale.org.br,-,2025-08-14 16:12:32,14/08/2025 16:12,14/08/2025 16:46,-,0.02 dias,-,-,-,-
1885316,📍 Definir Unidade de Atendimento,1,-,-,2025-08-14 15:28:24,14/08/2025 15:28,14/08/2025 15:32,-,0.0 dias,-,-,-,-
1885316,🕵️ Análise Agente de Crédito,4,bancodovaletimbo@bancodovale.org.br,-,2025-08-14 15:32:20,14/08/2025 15:32,15/08/2025 09:14,-,0.74 dias,-,-,-,-
1885275,📍 Definir Unidade de Atendimento,1,-,-,2025-08-14 15:15:48,14/08/2025 15:15,15/08/2025 09:43,-,0.77 dias,-,-,-,-
1885250,📍 Definir Unidade de Atendimento,1,-,-,2025-08-14 15:05:17,14/08/2025 15:05,14/08/2025 15:47,-,0.03 dias,-,-,-,-
1885250,🔍 Análise SPC (Serasa / SPC Brasil),2,comercialdigital@bancodovale.com.br,-,2025-08-14 15:47:23,14/08/2025 15:47,15/08/2025 11:23,-,0.82 dias,-,-,-,-
1885216,📍 Definir Unidade de Atendimento,1,-,-,2025-08-14 14:46:14,14/08/2025 14:46,14/08/2025 15:33,-,0.03 dias,-,-,-,-
1885216,🕵️ Análise Agente de Crédito,4,bancodovaletimbo@bancodovale.org.br,-,2025-08-14 15:33:41,14/08/2025 15:33,15/08/2025 09:31,-,0.75 dias,-,-,-,-
1885201,📍 Definir Unidade de Atendimento,1,-,-,2025-08-14 14:38:42,14/08/2025 14:38,14/08/2025 14:39,-,0.0 dias,-,-,-,-
1885201,🕵️ Análise Agente de Crédito,4,jaragua@bancodovale.org.br,-,2025-08-14 14:39:46,14/08/2025 14:39,14/08/2025 17:18,-,0.11 dias,-,-,-,-
1885181,📍 Definir Unidade de Atendimento,1,-,-,2025-08-14 14:28:45,14/08/2025 14:28,14/08/2025 14:29,-,0.0 dias,-,-,-,-
1885181,🕵️ Análise Agente de Crédito,4,jaragua@bancodovale.org.br,-,2025-08-14 14:29:04,14/08/2025 14:29,14/08/2025 14:29,-,0.0 dias,-,-,-,-
1885181,🧾 Análise Mesa de Crédito,8,jaragua@bancodovale.org.br,-,2025-08-14 14:29:22,14/08/2025 14:29,15/08/2025 11:48,-,0.89 dias,-,-,-,-
1885180,📍 Definir Unidade de Atendimento,1,-,-,2025-08-14 14:28:43,14/08/2025 14:28,14/08/2025 14:30,-,0.0 dias,-,-,-,-
1885173,📍 Definir Unidade de Atendimento,1,-,-,2025-08-14 14:25:38,14/08/2025 14:25,14/08/2025 14:27,-,0.0 dias,-,-,-,-
1885173,🕵️ Análise Agente de Crédito,4,Danielle,-,2025-08-14 14:27:59,14/08/2025 14:27,15/08/2025 11:16,-,0.87 dias,-,-,-,-
1885173,👤 Análise Coordenação,6,felipe@bancodovale.org.br,-,2025-08-15 11:16:13,15/08/2025 11:16,15/08/2025 15:11,-,0.16 dias,-,-,-,-
1885009,📍 Definir Unidade de Atendimento,1,-,-,2025-08-14 12:58:50,14/08/2025 12:58,14/08/2025 13:00,-,0.0 dias,-,-,-,-
1885009,🕵️ Análise Agente de Crédito,4,bancodovaletimbo@bancodovale.org.br,-,2025-08-14 13:00:03,14/08/2025 13:00,15/08/2025 09:15,-,0.84 dias,-,-,-,-
1885007,📍 Definir Unidade de Atendimento,1,-,-,2025-08-14 12:54:26,14/08/2025 12:54,14/08/2025 15:45,-,0.12 dias,-,-,-,-
1885007,🔍 Análise SPC (Serasa / SPC Brasil),2,comercialdigital@bancodovale.com.br,-,2025-08-14 15:45:54,14/08/2025 15:45,15/08/2025 09:18,-,0.73 dias,-,-,-,-
1885007,🕵️ Análise Agente de Crédito,4,Danielle,-,2025-08-15 09:18:18,15/08/2025 09:18,15/08/2025 11:36,-,0.1 dias,-,-,-,-
1884909,📍 Definir Unidade de Atendimento,1,-,-,2025-08-14 12:03:06,14/08/2025 12:03,14/08/2025 12:19,-,0.01 dias,-,-,-,-
1884909,🔍 Análise SPC (Serasa / SPC Brasil),2,comercialdigital@bancodovale.com.br,-,2025-08-14 12:19:37,14/08/2025 12:19,14/08/2025 14:24,-,0.09 dias,-,-,-,-
1884909,🕵️ Análise Agente de Crédito,4,jaragua@bancodovale.org.br,-,2025-08-14 14:24:42,14/08/2025 14:24,14/08/2025 15:24,-,0.04 dias,-,-,-,-
1884888,📍 Definir Unidade de Atendimento,1,-,-,2025-08-14 11:50:33,14/08/2025 11:50,14/08/2025 11:55,-,0.0 dias,-,-,-,-
1884888,🕵️ Análise Agente de Crédito,4,jaragua@bancodovale.org.br,-,2025-08-14 11:55:15,14/08/2025 11:55,15/08/2025 15:00,-,1.13 dias,-,-,-,-
1884857,📍 Definir Unidade de Atendimento,1,-,-,2025-08-14 11:34:15,14/08/2025 11:34,14/08/2025 11:36,-,0.0 dias,-,-,-,-
1884857,🔴 Pendência SPC,3,jaragua@bancodovale.org.br,-,2025-08-14 11:36:16,14/08/2025 11:36,14/08/2025 15:23,-,0.16 dias,-,-,-,-
1884731,📍 Definir Unidade de Atendimento,1,-,-,2025-08-14 10:31:11,14/08/2025 10:31,14/08/2025 10:31,-,0.0 dias,-,-,-,-
1884731,🕵️ Análise Agente de Crédito,4,Danielle,-,2025-08-14 10:31:22,14/08/2025 10:31,14/08/2025 10:32,-,0.0 dias,-,-,-,-
1884731,👤 Análise Coordenação,6,elenita@bancovale.org.br,-,2025-08-14 10:32:49,14/08/2025 10:32,14/08/2025 11:41,-,0.05 dias,-,-,-,-
1884568,📍 Definir Unidade de Atendimento,1,-,-,2025-08-14 09:13:02,14/08/2025 09:13,14/08/2025 09:13,-,0.0 dias,-,-,-,-
1884568,🧾 Análise Mesa de Crédito,8,Bruno,-,2025-08-14 09:13:48,14/08/2025 09:13,14/08/2025 09:36,-,0.02 dias,-,-,-,-
1884554,📍 Definir Unidade de Atendimento,1,-,-,2025-08-14 08:51:45,14/08/2025 08:51,14/08/2025 08:52,-,0.0 dias,-,-,-,-
1884554,🧾 Análise Mesa de Crédito,8,Bruno,-,2025-08-14 08:52:35,14/08/2025 08:52,14/08/2025 16:44,-,0.33 dias,-,-,-,-
1884447,📍 Definir Unidade de Atendimento,1,-,-,2025-08-14 06:56:23,14/08/2025 06:56,14/08/2025 08:15,-,0.06 dias,-,-,-,-
1884447,🕵️ Análise Agente de Crédito,4,bancodovaletimbo@bancodovale.org.br,-,2025-08-14 08:15:48,14/08/2025 08:15,14/08/2025 08:22,-,0.0 dias,-,-,-,-
1884447,🔴 Pendência SPC,3,bancodovaletimbo@bancodovale.org.br,-,2025-08-14 08:22:59,14/08/2025 08:22,14/08/2025 13:06,-,0.2 dias,-,-,-,-
1884415,📍 Definir Unidade de Atendimento,1,-,-,2025-08-13 21:05:40,13/08/2025 21:05,14/08/2025 09:04,-,0.5 dias,-,-,-,-
1884415,🔍 Análise SPC (Serasa / SPC Brasil),2,comercialdigital@bancodovale.com.br,-,2025-08-14 09:04:41,14/08/2025 09:04,14/08/2025 09:21,-,0.01 dias,-,-,-,-
1884401,📍 Definir Unidade de Atendimento,1,-,-,2025-08-13 20:22:50,13/08/2025 20:22,14/08/2025 09:02,-,0.53 dias,-,-,-,-
1884401,🔍 Análise SPC (Serasa / SPC Brasil),2,comercialdigital@bancodovale.com.br,-,2025-08-14 09:02:53,14/08/2025 09:02,14/08/2025 13:56,-,0.2 dias,-,-,-,-
1884401,🔴 Pendência SPC,3,jaragua@bancodovale.org.br,-,2025-08-14 13:56:11,14/08/2025 13:56,14/08/2025 14:07,-,0.01 dias,-,-,-,-
1884336,📍 Definir Unidade de Atendimento,1,-,-,2025-08-13 19:02:36,13/08/2025 19:02,14/08/2025 09:01,-,0.58 dias,-,-,-,-
1884336,🔍 Análise SPC (Serasa / SPC Brasil),2,comercialdigital@bancodovale.com.br,-,2025-08-14 09:01:45,14/08/2025 09:01,14/08/2025 15:36,-,0.27 dias,-,-,-,-
1884205,📍 Definir Unidade de Atendimento,1,-,-,2025-08-13 17:12:48,13/08/2025 17:12,14/08/2025 08:58,-,0.66 dias,-,-,-,-
1884205,🔍 Análise SPC (Serasa / SPC Brasil),2,comercialdigital@bancodovale.com.br,-,2025-08-14 08:58:46,14/08/2025 08:58,14/08/2025 10:04,-,0.05 dias,-,-,-,-
1884121,🕵️ Análise Agente de Crédito,4,jaragua@bancodovale.org.br,-,2025-08-13 16:25:24,13/08/2025 16:25,14/08/2025 10:11,-,0.74 dias,-,-,-,-
1884012,🧾 Análise Mesa de Crédito,8,thiago@bancodovale.org.br,-,2025-08-13 16:57:58,13/08/2025 16:57,14/08/2025 15:41,-,0.95 dias,-,-,-,-
1883992,🕵️ Análise Agente de Crédito,4,jaragua@bancodovale.org.br,-,2025-08-13 15:23:20,13/08/2025 15:23,14/08/2025 10:17,-,0.79 dias,-,-,-,-
1883988,🕵️ Análise Agente de Crédito,4,jaragua@bancodovale.org.br,-,2025-08-13 15:22:56,13/08/2025 15:22,14/08/2025 10:17,-,0.79 dias,-,-,-,-
1883944,🕵️ Análise Agente de Crédito,4,Bruno,-,2025-08-13 15:38:47,13/08/2025 15:38,15/08/2025 15:58,-,2.01 dias,-,-,-,-
1883912,🕵️ Análise Agente de Crédito,4,Bruno,-,2025-08-13 14:40:29,13/08/2025 14:40,15/08/2025 15:57,-,2.05 dias,-,-,-,-
1883899,🕵️ Análise Agente de Crédito,4,jaragua@bancodovale.org.br,-,2025-08-13 15:14:16,13/08/2025 15:14,14/08/2025 10:18,-,0.79 dias,-,-,-,-
1883790,🕵️ Análise Agente de Crédito,4,bancodovaletimbo@bancodovale.org.br,-,2025-08-13 13:49:51,13/08/2025 13:49,14/08/2025 10:10,-,0.85 dias,-,-,-,-
1883790,🧾 Análise Mesa de Crédito,8,caciane@bancodovale.org.br,-,2025-08-14 10:10:08,14/08/2025 10:10,15/08/2025 10:24,-,1.01 dias,-,-,-,-
1883781,🕵️ Análise Agente de Crédito,4,bancodovaletimbo@bancodovale.org.br,-,2025-08-13 13:45:38,13/08/2025 13:45,14/08/2025 13:06,-,0.97 dias,-,-,-,-
1883736,🕵️ Análise Agente de Crédito,4,Danielle,-,2025-08-13 13:16:40,13/08/2025 13:16,14/08/2025 10:51,-,0.9 dias,-,-,-,-
1883684,🕵️ Análise Agente de Crédito,4,Danielle,-,2025-08-13 15:16:14,13/08/2025 15:16,14/08/2025 16:40,-,1.06 dias,-,-,-,-
1883432,🕵️ Análise Agente de Crédito,4,jaragua@bancodovale.org.br,-,2025-08-13 10:27:46,13/08/2025 10:27,14/08/2025 10:09,-,0.99 dias,-,-,-,-
1883404,🕵️ Análise Agente de Crédito,4,Bruno,-,2025-08-13 14:14:45,13/08/2025 14:14,15/08/2025 15:40,-,2.06 dias,-,-,-,-
1883259,👤 Análise Coordenação,6,dennis@bancodovale.org.br,-,2025-08-13 10:08:46,13/08/2025 10:08,14/08/2025 13:19,-,1.13 dias,-,-,-,-
1883139,🕵️ Análise Agente de Crédito,4,KATLIN,-,2025-08-13 09:31:20,13/08/2025 09:31,14/08/2025 13:10,-,1.15 dias,-,-,-,-
1883139,⚠️ Pendente Cliente,W,rejane@bancodovale.org.br,-,2025-08-14 13:10:29,14/08/2025 13:10,15/08/2025 14:58,-,1.08 dias,-,-,-,-
1882921,🕵️ Análise Agente de Crédito,4,jaragua@bancodovale.org.br,-,2025-08-13 13:59:17,13/08/2025 13:59,14/08/2025 10:18,-,0.85 dias,-,-,-,-
1882745,🕵️ Análise Agente de Crédito,4,Bruno,-,2025-08-13 09:47:12,13/08/2025 09:47,15/08/2025 15:48,-,2.25 dias,-,-,-,-
1882687,🕵️ Análise Agente de Crédito,4,bancodovaletimbo@bancodovale.org.br,-,2025-08-12 16:26:15,12/08/2025 16:26,15/08/2025 09:16,-,2.7 dias,-,-,-,-
1882572,🧾 Análise Mesa de Crédito,8,roberto@bancodovale.org.br,-,2025-08-13 07:38:37,13/08/2025 07:38,14/08/2025 11:05,-,1.14 dias,-,-,-,-
1882525,🕵️ Análise Agente de Crédito,4,KATLIN,-,2025-08-12 15:18:15,12/08/2025 15:18,14/08/2025 13:10,-,1.91 dias,-,-,-,-
1881494,🕵️ Análise Agente de Crédito,4,bancodovaletimbo@bancodovale.org.br,-,2025-08-12 13:48:19,12/08/2025 13:48,15/08/2025 09:17,-,2.81 dias,-,-,-,-
1881407,🕵️ Análise Agente de Crédito,4,bancodovaletimbo@bancodovale.org.br,-,2025-08-12 13:26:13,12/08/2025 13:26,14/08/2025 13:07,-,1.99 dias,-,-,-,-
1880215,⚠️ Pendente Cliente,W,gilmara@bancodovale.org.br,-,2025-08-12 15:54:13,12/08/2025 15:54,15/08/2025 15:01,-,2.96 dias,-,-,-,-
1879927,🕵️ Análise Agente de Crédito,4,jaragua@bancodovale.org.br,-,2025-08-12 09:34:10,12/08/2025 09:34,15/08/2025 11:27,-,3.08 dias,-,-,-,-
1879915,🕵️ Análise Agente de Crédito,4,comercialdigital@bancodovale.com.br,-,2025-08-12 09:44:57,12/08/2025 09:44,14/08/2025 14:42,-,2.21 dias,-,-,-,-
1879915,👤 Análise Coordenação,6,alinef@bancodovale.org.br,-,2025-08-14 14:42:01,14/08/2025 14:42,15/08/2025 11:45,-,0.88 dias,-,-,-,-
1879747,🧾 Análise Mesa de Crédito,8,thiago@bancodovale.org.br,-,2025-08-13 12:20:51,13/08/2025 12:20,14/08/2025 14:45,-,1.1 dias,-,-,-,-
1879524,⚠️ Pendente Cliente,W,gilmara@bancodovale.org.br,-,2025-08-12 15:54:51,12/08/2025 15:54,15/08/2025 09:35,-,2.74 dias,-,-,-,-
1879474,🕵️ Análise Agente de Crédito,4,jaragua@bancodovale.org.br,-,2025-08-11 17:27:19,11/08/2025 17:27,14/08/2025 10:28,-,2.71 dias,-,-,-,-
1879351,🕵️ Análise Agente de Crédito,4,regina@bancodovale.org.br,-,2025-08-12 13:40:55,12/08/2025 13:40,14/08/2025 09:05,-,1.81 dias,-,-,-,-
1878949,⚠️ Pendente Cliente,W,gilmara@bancodovale.org.br,-,2025-08-11 16:53:45,11/08/2025 16:53,15/08/2025 14:59,-,3.92 dias,-,-,-,-
1877898,⚠️ Pendente Cliente,W,jessica@bancodovale.org.br,-,2025-08-11 16:58:43,11/08/2025 16:58,14/08/2025 13:22,-,2.85 dias,-,-,-,-
1876544,🧾 Análise Mesa de Crédito,8,rejane@bancodovale.org.br,-,2025-08-11 10:57:51,11/08/2025 10:57,14/08/2025 08:51,-,2.91 dias,-,-,-,-
1876493,🕵️ Análise Agente de Crédito,4,rio@bancodovale.org.br,-,2025-08-13 11:02:20,13/08/2025 11:02,14/08/2025 09:43,-,0.95 dias,-,-,-,-
1876217,🕵️ Análise Agente de Crédito,4,comercialdigital@bancodovale.com.br,-,2025-08-11 11:28:44,11/08/2025 11:28,14/08/2025 14:44,-,3.14 dias,-,-,-,-
1876188,🕵️ Análise Agente de Crédito,4,comercialdigital@bancodovale.com.br,-,2025-08-11 11:44:08,11/08/2025 11:44,14/08/2025 14:43,-,3.12 dias,-,-,-,-
1876185,🕵️ Análise Agente de Crédito,4,comercialdigital@bancodovale.com.br,-,2025-08-11 12:42:08,11/08/2025 12:42,14/08/2025 14:43,-,3.08 dias,-,-,-,-
1875998,🕵️ Análise Agente de Crédito,4,comercialdigital@bancodovale.com.br,-,2025-08-11 12:44:13,11/08/2025 12:44,14/08/2025 14:41,-,3.08 dias,-,-,-,-
1875797,🧾 Análise Mesa de Crédito,8,thiago@bancodovale.org.br,-,2025-08-12 14:33:14,12/08/2025 14:33,14/08/2025 11:02,-,1.85 dias,-,-,-,-
1875758,🕵️ Análise Agente de Crédito,4,rio@bancodovale.org.br,-,2025-08-13 11:02:03,13/08/2025 11:02,14/08/2025 08:40,-,0.9 dias,-,-,-,-
1875609,⚠️ Pendente Cliente,W,natalia@bancodovale.org.br,-,2025-08-11 13:47:03,11/08/2025 13:47,14/08/2025 09:01,-,2.8 dias,-,-,-,-
1875591,🕵️ Análise Agente de Crédito,4,regina@bancodovale.org.br,-,2025-08-12 13:41:03,12/08/2025 13:41,14/08/2025 09:07,-,1.81 dias,-,-,-,-
1875450,✅ Aprovado,0,ivan@bancodovale.org.br,-,2025-08-12 13:34:58,12/08/2025 13:34,14/08/2025 09:08,-,1.81 dias,-,-,-,-
1875450,⚠️ Pendência Mesa de Crédito,9,ivan@bancodovale.org.br,-,2025-08-14 09:08:25,14/08/2025 09:08,14/08/2025 09:08,-,0.0 dias,-,-,-,-
1875450,🧾 Análise Mesa de Crédito,8,ivan@bancodovale.org.br,-,2025-08-14 09:08:38,14/08/2025 09:08,15/08/2025 11:11,-,1.09 dias,-,-,-,-
1874180,🧾 Análise Mesa de Crédito,8,regina@bancodovale.org.br,-,2025-08-13 11:57:13,13/08/2025 11:57,14/08/2025 15:07,-,1.13 dias,-,-,-,-
1873785,⚠️ Pendente Cliente,W,jessica@bancodovale.org.br,-,2025-08-08 10:13:43,08/08/2025 10:13,14/08/2025 13:30,-,6.14 dias,-,-,-,-
1873055,🧾 Análise Mesa de Crédito,8,thiago@bancodovale.org.br,-,2025-08-12 09:52:46,12/08/2025 09:52,14/08/2025 14:44,-,2.2 dias,-,-,-,-
1872926,⚠️ Pendente Cliente,W,adriana@bancodovale.org.br,-,2025-08-08 13:21:40,08/08/2025 13:21,14/08/2025 15:08,-,6.07 dias,-,-,-,-
1872778,🕵️ Análise Agente de Crédito,4,Danielle,-,2025-08-07 09:09:54,07/08/2025 09:09,14/08/2025 10:27,-,7.05 dias,-,-,-,-
1872635,⚠️ Pendente Cliente,W,gilmara@bancodovale.org.br,-,2025-08-11 16:50:23,11/08/2025 16:50,15/08/2025 14:58,-,3.92 dias,-,-,-,-
1871748,🕵️ Análise Agente de Crédito,4,Danielle,-,2025-08-06 12:43:31,06/08/2025 12:43,14/08/2025 14:41,-,8.08 dias,-,-,-,-
1870178,🕵️ Análise Agente de Crédito,4,comercialdigital@bancodovale.com.br,-,2025-08-06 09:02:43,06/08/2025 09:02,14/08/2025 10:15,-,8.05 dias,-,-,-,-
1870024,🕵️ Análise Agente de Crédito,4,KATLIN,-,2025-08-05 14:57:54,05/08/2025 14:57,14/08/2025 10:13,-,8.8 dias,-,-,-,-
1868854,🧾 Análise Mesa de Crédito,8,regina@bancodovale.org.br,-,2025-08-13 09:34:43,13/08/2025 09:34,14/08/2025 13:34,-,1.17 dias,-,-,-,-
1862763,🧾 Análise Mesa de Crédito,8,rejane@bancodovale.org.br,-,2025-08-07 14:35:32,07/08/2025 14:35,14/08/2025 13:11,-,6.94 dias,-,-,-,-
1862564,⚠️ Pendente Cliente,W,eder@bancodovale.org.br,-,2025-07-31 10:42:29,31/07/2025 10:42,15/08/2025 15:40,-,15.21 dias,-,-,-,-
1862442,🕵️ Análise Agente de Crédito,4,rio@bancodovale.org.br,-,2025-07-29 14:30:36,29/07/2025 14:30,14/08/2025 09:33,-,15.79 dias,-,-,-,-
1850821,⚠️ Pendente Cliente,W,eder@bancodovale.org.br,-,2025-07-28 14:35:23,28/07/2025 14:35,15/08/2025 15:46,-,18.05 dias,-,-,-,-
1849274,📍 Definir Unidade de Atendimento,1,-,-,2025-07-22 09:47:07,22/07/2025 09:47,22/07/2025 09:53,-,0.0 dias,-,-,-,-
1849274,🕵️ Análise Agente de Crédito,4,Bruno,-,2025-07-22 09:53:10,22/07/2025 09:53,25/07/2025 11:09,-,3.05 dias,-,-,-,-
1849274,⚠️ Pendente Cliente,W,eder@bancodovale.org.br,-,2025-07-25 11:09:21,25/07/2025 11:09,15/08/2025 15:41,-,21.19 dias,-,-,-,-
1848365,📍 Definir Unidade de Atendimento,1,-,-,2025-07-21 17:06:48,21/07/2025 17:06,22/07/2025 08:45,-,0.65 dias,-,-,-,-
1848365,🔍 Análise SPC (Serasa / SPC Brasil),2,comercialdigital@bancodovale.com.br,-,2025-07-22 08:45:39,22/07/2025 08:45,22/07/2025 11:25,-,0.11 dias,-,-,-,-
1848365,🕵️ Análise Agente de Crédito,4,Bruno,-,2025-07-22 11:25:57,22/07/2025 11:25,25/07/2025 11:10,-,2.99 dias,-,-,-,-
1848365,⚠️ Pendente Cliente,W,eder@bancodovale.org.br,-,2025-07-25 11:10:58,25/07/2025 11:10,15/08/2025 15:42,-,21.19 dias,-,-,-,-
1834977,📍 Definir Unidade de Atendimento,1,-,-,2025-07-16 12:01:43,16/07/2025 12:01,16/07/2025 12:12,-,0.01 dias,-,-,-,-
1834977,🔍 Análise SPC (Serasa / SPC Brasil),2,comercialdigital@bancodovale.org.br,-,2025-07-16 12:12:30,16/07/2025 12:12,16/07/2025 12:54,-,0.03 dias,-,-,-,-
1834977,🕵️ Análise Agente de Crédito,4,comercialdigital@bancodovale.org.br,-,2025-07-16 12:54:27,16/07/2025 12:54,17/07/2025 15:15,-,1.1 dias,-,-,-,-
1834977,📍 Definir Unidade de Atendimento,1,alinef@bancodovale.org.br,-,2025-07-17 15:15:25,17/07/2025 15:15,17/07/2025 15:26,-,0.01 dias,-,-,-,-
1834977,🕵️ Análise Agente de Crédito,4,comercialdigital@bancodovale.org.br,-,2025-07-17 15:26:18,17/07/2025 15:26,24/07/2025 11:07,-,6.82 dias,-,-,-,-
1832229,📍 Definir Unidade de Atendimento,1,-,-,2025-07-15 12:49:53,15/07/2025 12:49,15/07/2025 12:59,-,0.01 dias,-,-,-,-
1832229,🔍 Análise SPC (Serasa / SPC Brasil),2,comercialdigital@bancodovale.org.br,-,2025-07-15 12:59:40,15/07/2025 12:59,16/07/2025 08:35,-,0.82 dias,-,-,-,-
1832229,🕵️ Análise Agente de Crédito,4,ivan@bancodovale.org.br,-,2025-07-16 08:35:49,16/07/2025 08:35,14/08/2025 09:35,-,29.04 dias,-,-,-,-
1832229,🚫 Cancelado,Y,ivan@bancodovale.org.br,-,2025-08-14 09:35:16,14/08/2025 09:35,14/08/2025 09:36,-,0.0 dias,-,-,-,-
1832229,🧾 Análise Mesa de Crédito,8,ivan@bancodovale.org.br,-,2025-08-14 09:36:00,14/08/2025 09:36,14/08/2025 09:36,-,0.0 dias,-,-,-,-
1823362,📍 Definir Unidade de Atendimento,1,-,-,2025-07-10 09:13:13,10/07/2025 09:13,10/07/2025 09:13,-,0.0 dias,-,-,-,-
1823362,🕵️ Análise Agente de Crédito,4,bancodovaletimbo@bancodovale.org.br,-,2025-07-10 09:13:48,10/07/2025 09:13,10/07/2025 09:17,-,0.0 dias,-,-,-,-
1823362,⚠️ Pendente Cliente,W,caciane@bancodovale.org.br,-,2025-07-10 09:17:04,10/07/2025 09:17,23/07/2025 12:42,-,13.14 dias,-,-,-,-
1823362,🙅 Desistiu,Z,caciane@bancodovale.org.br,-,2025-07-23 12:42:08,23/07/2025 12:42,15/08/2025 09:18,-,22.86 dias,-,-,-,-
1823362,🕵️ Análise Agente de Crédito,4,bancodovaletimbo@bancodovale.org.br,-,2025-08-15 09:18:05,15/08/2025 09:18,15/08/2025 09:29,-,0.01 dias,-,-,-,-
1820423,🕵️ Análise Agente de Crédito,4,jessica@bancodovale.org.br,-,2025-08-12 16:26:28,12/08/2025 16:26,14/08/2025 09:17,-,1.7 dias,-,-,-,-
1820423,🧾 Análise Mesa de Crédito,8,jessica@bancodovale.org.br,-,2025-08-14 09:17:12,14/08/2025 09:17,15/08/2025 08:58,-,0.99 dias,-,-,-,-
1787877,🕵️ Análise Agente de Crédito,4,jessica@bancodovale.org.br,-,2025-08-12 16:27:51,12/08/2025 16:27,14/08/2025 10:20,-,1.74 dias,-,-,-,-
1787877,🧾 Análise Mesa de Crédito,8,jessica@bancodovale.org.br,-,2025-08-14 10:20:39,14/08/2025 10:20,15/08/2025 11:52,-,1.06 dias,-,-,-,-
1538786,📍 Definir Unidade de Atendimento,1,-,-,2025-03-04 12:42:46,04/03/2025 12:42,04/03/2025 13:19,-,0.03 dias,-,-,-,-
1538786,🔍 Análise SPC (Serasa / SPC Brasil),2,roberto@bancodovale.org.br,-,2025-03-04 13:19:24,04/03/2025 13:19,04/03/2025 15:21,-,0.08 dias,-,-,-,-
1538786,🕵️ Análise Agente de Crédito,4,KATLIN,-,2025-03-04 15:21:11,04/03/2025 15:21,05/03/2025 15:28,-,1.01 dias,-,-,-,-
1538786,🙅 Desistiu,Z,jaragua@bancodovale.org.br,-,2025-03-05 15:28:35,05/03/2025 15:28,29/07/2025 13:53,-,145.93 dias,-,-,-,-
1538786,🧾 Análise Mesa de Crédito,8,rejane@bancodovale.org.br,-,2025-07-29 13:53:27,29/07/2025 13:53,30/07/2025 08:27,-,0.77 dias,-,-,-,-
1538786,✅ Aprovado,0,Fernando,-,2025-07-30 08:27:42,30/07/2025 08:27,15/08/2025 08:59,-,16.02 dias,-,-,-,-
1538786,🧾 Análise Mesa de Crédito,8,rejane@bancodovale.org.br,-,2025-08-15 08:59:05,15/08/2025 08:59,15/08/2025 17:24,-,0.35 dias,-,-,-,-
1366690,⚠️ Pendente Cliente,W,caciane@bancodovale.org.br,-,2025-08-08 13:28:48,08/08/2025 13:28,15/08/2025 11:00,-,6.9 dias,-,-,-,-
1271772,📍 Definir Unidade de Atendimento,1,-,-,2024-10-21 12:14:36,21/10/2024 12:14,21/10/2024 12:26,-,0.01 dias,-,-,-,-
1271772,🔍 Análise SPC (Serasa / SPC Brasil),2,angela@bancodovale.org.br,-,2024-10-21 12:26:37,21/10/2024 12:26,22/10/2024 11:31,-,0.96 dias,-,-,-,-
1271772,🕵️ Análise Agente de Crédito,4,rio@bancodovale.org.br,-,2024-10-22 11:31:05,22/10/2024 11:31,14/08/2025 10:04,-,295.94 dias,-,-,-,-
1266026,📍 Definir Unidade de Atendimento,1,-,-,2024-10-17 13:54:49,17/10/2024 13:54,17/10/2024 13:55,-,0.0 dias,-,-,-,-
1266026,🕵️ Análise Agente de Crédito,4,rio@bancodovale.org.br,-,2024-10-17 13:55:09,17/10/2024 13:55,14/08/2025 10:01,-,300.84 dias,-,-,-,-
1225449,📍 Definir Unidade de Atendimento,1,-,-,2024-09-18 13:38:01,18/09/2024 13:38,18/09/2024 13:39,-,0.0 dias,-,-,-,-
1225449,🕵️ Análise Agente de Crédito,4,jaragua@bancodovale.org.br,-,2024-09-18 13:39:57,18/09/2024 13:39,18/09/2024 14:54,-,0.05 dias,-,-,-,-
1225449,🧾 Análise Mesa de Crédito,8,caciane@bancodovale.org.br,-,2024-09-18 14:54:48,18/09/2024 14:54,20/09/2024 16:14,-,2.06 dias,-,-,-,-
1225449,✅ Aprovado,0,Fernando,-,2024-09-20 16:14:31,20/09/2024 16:14,15/08/2025 09:37,-,328.72 dias,-,-,-,-
1225449,🕵️ Análise Agente de Crédito,4,bancodovaletimbo@bancodovale.org.br,-,2025-08-15 09:37:54,15/08/2025 09:37,15/08/2025 10:13,-,0.02 dias,-,-,-,-
1177423,📍 Definir Unidade de Atendimento,1,-,-,2024-08-13 16:38:46,13/08/2024 16:38,14/08/2024 08:23,-,0.66 dias,-,-,-,-
1177423,🔍 Análise SPC (Serasa / SPC Brasil),2,roberto@bancodovale.org.br,-,2024-08-14 08:23:28,14/08/2024 08:23,14/08/2024 14:16,-,0.24 dias,-,-,-,-
1177423,🕵️ Análise Agente de Crédito,4,Priscila,-,2024-08-14 14:16:12,14/08/2024 14:16,14/08/2025 09:58,-,364.82 dias,-,-,-,-
1123161,📍 Definir Unidade de Atendimento,1,-,-,2024-07-05 15:33:09,05/07/2024 15:33,05/07/2024 15:33,-,0.0 dias,-,-,-,-
1123161,🕵️ Análise Agente de Crédito,4,Priscila,-,2024-07-05 15:33:36,05/07/2024 15:33,14/08/2025 09:48,-,404.76 dias,-,-,-,-
1112289,📍 Definir Unidade de Atendimento,1,-,-,2024-06-28 10:15:33,28/06/2024 10:15,28/06/2024 10:36,-,0.01 dias,-,-,-,-
1112289,🕵️ Análise Agente de Crédito,4,Priscila,-,2024-06-28 10:36:30,28/06/2024 10:36,14/08/2025 09:40,-,411.96 dias,-,-,-,-
862188,🧾 Análise Mesa de Crédito,8,juliano@bancodovale.org.br,-,2025-08-11 09:35:19,11/08/2025 09:35,14/08/2025 14:55,-,3.22 dias,-,-,-,-
675679,📍 Definir Unidade de Atendimento,1,-,-,2023-06-06 15:59:31,06/06/2023 15:59,06/06/2023 15:59,-,0.0 dias,-,-,-,-
675679,🕵️ Análise Agente de Crédito,4,riodosul@bancodovale.org.br,-,2023-06-06 15:59:54,06/06/2023 15:59,13/06/2023 10:37,-,6.78 dias,-,-,-,-
675679,✅ Aprovado,0,juliano@bancodovale.org.br,-,2023-06-13 10:37:43,13/06/2023 10:37,15/08/2025 17:07,-,794.27 dias,-,-,-,-
654801,🧾 Análise Mesa de Crédito,8,KATLIN,-,2025-08-13 17:08:35,13/08/2025 17:08,15/08/2025 14:54,-,1.91 dias,-,-,-,-
646442,🕵️ Análise Agente de Crédito,4,bancodovaletimbo@bancodovale.org.br,-,2025-08-12 14:51:32,12/08/2025 14:51,14/08/2025 13:08,-,1.93 dias,-,-,-,-
269648,📍 Definir Unidade de Atendimento,1,-,-,2022-05-06 15:27:55,06/05/2022 15:27,06/05/2022 15:28,-,0.0 dias,-,-,-,-
269648,🕵️ Análise Agente de Crédito,4,indaial@bancodovale.org.br,-,2022-05-06 15:28:30,06/05/2022 15:28,23/05/2022 11:39,-,16.84 dias,-,-,-,-
269648,🙅 Desistiu,Z,adriana@bancodovale.org.br,-,2022-05-23 11:39:37,23/05/2022 11:39,26/09/2024 16:53,-,857.22 dias,-,-,-,-
269648,📍 Definir Unidade de Atendimento,1,KATLIN,-,2024-09-26 16:53:32,26/09/2024 16:53,26/09/2024 16:53,-,0.0 dias,-,-,-,-
269648,🧾 Análise Mesa de Crédito,8,KATLIN,-,2024-09-26 16:53:59,26/09/2024 16:53,27/09/2024 11:55,-,0.79 dias,-,-,-,-
269648,✅ Aprovado,0,Fernando,-,2024-09-27 11:55:23,27/09/2024 11:55,14/08/2025 13:35,-,321.07 dias,-,-,-,-
269648,🧾 Análise Mesa de Crédito,8,adriana@bancodovale.org.br,-,2025-08-14 13:35:31,14/08/2025 13:35,15/08/2025 10:59,-,0.89 dias,-,-,-,-
178908,📍 Definir Unidade de Atendimento,1,-,-,2022-03-02 16:03:38,02/03/2022 16:03,02/03/2022 16:04,-,0.0 dias,-,-,-,-
178908,🔍 Análise SPC (Serasa / SPC Brasil),2,indaial@bancodovale.org.br,-,2022-03-02 16:04:05,02/03/2022 16:04,02/03/2022 16:04,-,0.0 dias,-,-,-,-
178908,🕵️ Análise Agente de Crédito,4,indaial@bancodovale.org.br,-,2022-03-02 16:04:13,02/03/2022 16:04,03/03/2022 11:02,-,0.79 dias,-,-,-,-
178908,🙅 Desistiu,Z,adriana@bancodovale.org.br,-,2022-03-03 11:02:03,03/03/2022 11:02,14/08/2025 13:52,-,1260.12 dias,-,-,-,-
61739,📍 Definir Unidade de Atendimento,1,-,-,2021-05-31 16:41:58,31/05/2021 16:41,31/05/2021 16:44,-,0.0 dias,-,-,-,-
61739,🔴 Pendência SPC,3,riodosul@bancodovale.org.br,-,2021-05-31 16:44:26,31/05/2021 16:44,02/06/2021 09:16,-,1.69 dias,-,-,-,-
61739,🙅 Desistiu,Z,sandra@bancodovale.org.br,-,2021-06-02 09:16:56,02/06/2021 09:16,17/03/2025 10:55,-,1384.07 dias,-,-,-,-
61739,🧾 Análise Mesa de Crédito,8,sandra@bancodovale.org.br,-,2025-03-17 10:55:04,17/03/2025 10:55,18/03/2025 17:20,-,1.27 dias,-,-,-,-
61739,✅ Aprovado,0,Fernando,-,2025-03-18 17:20:52,18/03/2025 17:20,14/08/2025 13:33,-,148.84 dias,-,-,-,-
61739,📍 Definir Unidade de Atendimento,1,KATLIN,-,2025-08-14 13:33:55,14/08/2025 13:33,14/08/2025 13:34,-,0.0 dias,-,-,-,-
61739,🧾 Análise Mesa de Crédito,8,KATLIN,-,2025-08-14 13:34:14,14/08/2025 13:34,14/08/2025 13:35,-,0.0 dias,-,-,-,-
6547,📍 Definir Unidade de Atendimento,1,-,-,2020-07-06 14:17:33,06/07/2020 14:17,06/07/2020 14:17,-,0.0 dias,-,-,-,-
6547,🔍 Análise SPC (Serasa / SPC Brasil),2,bancodovaletimbo@bancodovale.org.br,-,2020-07-06 14:17:51,06/07/2020 14:17,06/07/2020 14:18,-,0.0 dias,-,-,-,-
6547,🕵️ Análise Agente de Crédito,4,bancodovaletimbo@bancodovale.org.br,-,2020-07-06 14:18:57,06/07/2020 14:18,07/07/2020 09:00,-,0.78 dias,-,-,-,-
6547,⚠️ Pendente Cliente,W,brunathalia@bancodovale.org.br,-,2020-07-07 09:00:21,07/07/2020 09:00,10/07/2020 17:21,-,3.35 dias,-,-,-,-
6547,🧾 Análise Mesa de Crédito,8,caciane@bancodovale.org.br,-,2020-07-10 17:21:28,10/07/2020 17:21,14/07/2020 10:00,-,3.69 dias,-,-,-,-
6547,⚠️ Pendência Mesa de Crédito,9,fernandosandri@bancodovale.org.br,-,2020-07-14 10:00:06,14/07/2020 10:00,14/07/2020 11:40,-,0.07 dias,-,-,-,-
6547,✅ Aprovado,0,fernandosandri@bancodovale.org.br,-,2020-07-14 11:40:21,14/07/2020 11:40,11/10/2021 15:46,-,454.17 dias,-,-,-,-
6547,🕵️ Análise Agente de Crédito,4,bancodovaletimbo@bancodovale.org.br,-,2021-10-11 15:46:39,11/10/2021 15:46,19/10/2021 10:15,-,7.77 dias,-,-,-,-
6547,🙅 Desistiu,Z,prescila@bancodovale.org.br,-,2021-10-19 10:15:44,19/10/2021 10:15,15/08/2025 11:22,-,1396.05 dias,-,-,-,-
6547,🕵️ Análise Agente de Crédito,4,bancodovaletimbo@bancodovale.org.br,-,2025-08-15 11:22:59,15/08/2025 11:22,15/08/2025 15:16,-,0.16 dias,-,-,-,-
1887424,📍 Definir Unidade de Atendimento,1,-,-,2025-08-17 11:55:10,17/08/2025 11:55,18/08/2025 08:58,-,0.88 dias,-,-,-,-
1887424,🔍 Análise SPC (Serasa / SPC Brasil),2,comercialdigital@bancodovale.com.br,-,2025-08-18 08:58:06,18/08/2025 08:58,18/08/2025 09:47,-,0.03 dias,-,-,-,-
1887424,🕵️ Análise Agente de Crédito,4,Danielle,-,2025-08-18 09:47:58,18/08/2025 09:47,18/08/2025 15:32,-,0.24 dias,-,-,-,-
1887413,📍 Definir Unidade de Atendimento,1,-,-,2025-08-17 10:26:23,17/08/2025 10:26,18/08/2025 08:57,-,0.94 dias,-,-,-,-
1887396,📍 Definir Unidade de Atendimento,1,-,-,2025-08-17 08:42:13,17/08/2025 08:42,18/08/2025 08:54,-,1.01 dias,-,-,-,-
1887396,🔍 Análise SPC (Serasa / SPC Brasil),2,comercialdigital@bancodovale.com.br,-,2025-08-18 08:54:05,18/08/2025 08:54,18/08/2025 09:21,-,0.02 dias,-,-,-,-
1499545,📍 Definir Unidade de Atendimento,1,-,-,2025-02-07 12:49:26,07/02/2025 12:49,07/02/2025 16:21,-,0.15 dias,-,-,-,-
1499545,🕵️ Análise Agente de Crédito,4,rio@bancodovale.org.br,-,2025-02-07 16:21:31,07/02/2025 16:21,18/08/2025 10:02,-,191.74 dias,-,-,-,-
1888289,📍 Definir Unidade de Atendimento,1,-,-,2025-08-18 09:50:56,18/08/2025 09:50,18/08/2025 10:03,-,0.01 dias,-,-,-,-
1888289,🔍 Análise SPC (Serasa / SPC Brasil),2,comercialdigital@bancodovale.com.br,-,2025-08-18 10:03:38,18/08/2025 10:03,18/08/2025 11:05,-,0.04 dias,-,-,-,-
1887559,📍 Definir Unidade de Atendimento,1,-,-,2025-08-17 21:23:18,17/08/2025 21:23,18/08/2025 09:07,-,0.49 dias,-,-,-,-
1887559,🔍 Análise SPC (Serasa / SPC Brasil),2,comercialdigital@bancodovale.com.br,-,2025-08-18 09:07:43,18/08/2025 09:07,18/08/2025 10:00,-,0.04 dias,-,-,-,-
1887426,📍 Definir Unidade de Atendimento,1,-,-,2025-08-17 12:05:01,17/08/2025 12:05,18/08/2025 08:58,-,0.87 dias,-,-,-,-
1887426,🔍 Análise SPC (Serasa / SPC Brasil),2,comercialdigital@bancodovale.com.br,-,2025-08-18 08:58:59,18/08/2025 08:58,18/08/2025 09:38,-,0.03 dias,-,-,-,-
1887426,🕵️ Análise Agente de Crédito,4,comercialdigital@bancodovale.com.br,-,2025-08-18 09:38:31,18/08/2025 09:38,18/08/2025 09:46,-,0.01 dias,-,-,-,-
1890869,📍 Definir Unidade de Atendimento,1,-,-,2025-08-18 16:35:24,18/08/2025 16:35,18/08/2025 16:35,-,0.0 dias,-,-,-,-
1890562,📍 Definir Unidade de Atendimento,1,-,-,2025-08-18 16:06:13,18/08/2025 16:06,18/08/2025 16:07,-,0.0 dias,-,-,-,-
1890329,📍 Definir Unidade de Atendimento,1,-,-,2025-08-18 15:37:52,18/08/2025 15:37,18/08/2025 16:03,-,0.02 dias,-,-,-,-
1890329,🔍 Análise SPC (Serasa / SPC Brasil),2,comercialdigital@bancodovale.com.br,-,2025-08-18 16:03:39,18/08/2025 16:03,18/08/2025 17:22,-,0.06 dias,-,-,-,-
1890113,📍 Definir Unidade de Atendimento,1,-,-,2025-08-18 15:21:54,18/08/2025 15:21,18/08/2025 15:34,-,0.01 dias,-,-,-,-
1889676,📍 Definir Unidade de Atendimento,1,-,-,2025-08-18 14:54:21,18/08/2025 14:54,18/08/2025 15:05,-,0.01 dias,-,-,-,-
1889676,🔍 Análise SPC (Serasa / SPC Brasil),2,comercialdigital@bancodovale.com.br,-,2025-08-18 15:05:45,18/08/2025 15:05,18/08/2025 15:44,-,0.03 dias,-,-,-,-
1889468,📍 Definir Unidade de Atendimento,1,-,-,2025-08-18 14:39:11,18/08/2025 14:39,18/08/2025 14:39,-,0.0 dias,-,-,-,-
1889468,🕵️ Análise Agente de Crédito,4,comercialdigital@bancodovale.com.br,-,2025-08-18 14:39:46,18/08/2025 14:39,18/08/2025 15:28,-,0.03 dias,-,-,-,-
1888997,📍 Definir Unidade de Atendimento,1,-,-,2025-08-18 13:48:43,18/08/2025 13:48,18/08/2025 14:54,-,0.05 dias,-,-,-,-
1888897,📍 Definir Unidade de Atendimento,1,-,-,2025-08-18 13:13:16,18/08/2025 13:13,18/08/2025 13:38,-,0.02 dias,-,-,-,-
1888897,🔍 Análise SPC (Serasa / SPC Brasil),2,comercialdigital@bancodovale.com.br,-,2025-08-18 13:38:10,18/08/2025 13:38,18/08/2025 15:02,-,0.06 dias,-,-,-,-
1888771,📍 Definir Unidade de Atendimento,1,-,-,2025-08-18 11:52:02,18/08/2025 11:52,18/08/2025 12:23,-,0.02 dias,-,-,-,-
1888771,🔍 Análise SPC (Serasa / SPC Brasil),2,comercialdigital@bancodovale.com.br,-,2025-08-18 12:23:45,18/08/2025 12:23,18/08/2025 13:40,-,0.05 dias,-,-,-,-
1888771,🕵️ Análise Agente de Crédito,4,comercialdigital@bancodovale.com.br,-,2025-08-18 13:40:53,18/08/2025 13:40,18/08/2025 13:59,-,0.01 dias,-,-,-,-
1888751,📍 Definir Unidade de Atendimento,1,-,-,2025-08-18 11:41:24,18/08/2025 11:41,18/08/2025 11:42,-,0.0 dias,-,-,-,-
1888751,🕵️ Análise Agente de Crédito,4,jaragua@bancodovale.org.br,-,2025-08-18 11:42:27,18/08/2025 11:42,18/08/2025 11:45,-,0.0 dias,-,-,-,-
1888751,👤 Análise Coordenação,6,dennis@bancodovale.org.br,-,2025-08-18 11:45:32,18/08/2025 11:45,18/08/2025 11:58,-,0.01 dias,-,-,-,-
1888627,📍 Definir Unidade de Atendimento,1,-,-,2025-08-18 10:47:53,18/08/2025 10:47,18/08/2025 11:07,-,0.01 dias,-,-,-,-
1888606,📍 Definir Unidade de Atendimento,1,-,-,2025-08-18 10:37:05,18/08/2025 10:37,18/08/2025 11:07,-,0.02 dias,-,-,-,-
1888597,📍 Definir Unidade de Atendimento,1,-,-,2025-08-18 10:32:23,18/08/2025 10:32,18/08/2025 10:36,-,0.0 dias,-,-,-,-
1888597,🔍 Análise SPC (Serasa / SPC Brasil),2,comercialdigital@bancodovale.com.br,-,2025-08-18 10:36:28,18/08/2025 10:36,18/08/2025 15:24,-,0.2 dias,-,-,-,-
1888597,🕵️ Análise Agente de Crédito,4,jaragua@bancodovale.org.br,-,2025-08-18 15:24:38,18/08/2025 15:24,18/08/2025 15:25,-,0.0 dias,-,-,-,-
1888520,📍 Definir Unidade de Atendimento,1,-,-,2025-08-18 10:20:04,18/08/2025 10:20,18/08/2025 10:35,-,0.01 dias,-,-,-,-
1888520,🔍 Análise SPC (Serasa / SPC Brasil),2,comercialdigital@bancodovale.com.br,-,2025-08-18 10:35:06,18/08/2025 10:35,18/08/2025 15:10,-,0.19 dias,-,-,-,-
1888517,📍 Definir Unidade de Atendimento,1,-,-,2025-08-18 10:17:58,18/08/2025 10:17,18/08/2025 10:18,-,0.0 dias,-,-,-,-
1888450,📍 Definir Unidade de Atendimento,1,-,-,2025-08-18 10:03:02,18/08/2025 10:03,18/08/2025 10:04,-,0.0 dias,-,-,-,-
1888342,📍 Definir Unidade de Atendimento,1,-,-,2025-08-18 09:53:27,18/08/2025 09:53,18/08/2025 09:53,-,0.0 dias,-,-,-,-
1888342,🧾 Análise Mesa de Crédito,8,KATLIN,-,2025-08-18 09:53:54,18/08/2025 09:53,18/08/2025 12:05,-,0.09 dias,-,-,-,-
1888261,📍 Definir Unidade de Atendimento,1,-,-,2025-08-18 09:49:24,18/08/2025 09:49,18/08/2025 10:02,-,0.01 dias,-,-,-,-
1888261,🔍 Análise SPC (Serasa / SPC Brasil),2,comercialdigital@bancodovale.com.br,-,2025-08-18 10:02:24,18/08/2025 10:02,18/08/2025 17:16,-,0.3 dias,-,-,-,-
1888250,📍 Definir Unidade de Atendimento,1,-,-,2025-08-18 09:48:01,18/08/2025 09:48,18/08/2025 09:49,-,0.0 dias,-,-,-,-
1888250,🕵️ Análise Agente de Crédito,4,bancodovaletimbo@bancodovale.org.br,-,2025-08-18 09:49:54,18/08/2025 09:49,18/08/2025 13:59,-,0.17 dias,-,-,-,-
1888137,📍 Definir Unidade de Atendimento,1,-,-,2025-08-18 09:39:53,18/08/2025 09:39,18/08/2025 09:42,-,0.0 dias,-,-,-,-
1888137,🕵️ Análise Agente de Crédito,4,Danielle,-,2025-08-18 09:42:09,18/08/2025 09:42,18/08/2025 10:36,-,0.04 dias,-,-,-,-
1888137,👤 Análise Coordenação,6,elenita@bancovale.org.br,-,2025-08-18 10:36:26,18/08/2025 10:36,18/08/2025 16:05,-,0.23 dias,-,-,-,-
1888016,📍 Definir Unidade de Atendimento,1,-,-,2025-08-18 09:29:16,18/08/2025 09:29,18/08/2025 09:44,-,0.01 dias,-,-,-,-
1887680,📍 Definir Unidade de Atendimento,1,-,-,2025-08-18 09:00:51,18/08/2025 09:00,18/08/2025 09:09,-,0.01 dias,-,-,-,-
1887680,🔍 Análise SPC (Serasa / SPC Brasil),2,comercialdigital@bancodovale.com.br,-,2025-08-18 09:09:27,18/08/2025 09:09,18/08/2025 12:23,-,0.13 dias,-,-,-,-
1887680,🕵️ Análise Agente de Crédito,4,Danielle,-,2025-08-18 12:23:48,18/08/2025 12:23,18/08/2025 12:51,-,0.02 dias,-,-,-,-
1887680,👤 Análise Coordenação,6,elenita@bancovale.org.br,-,2025-08-18 12:51:44,18/08/2025 12:51,18/08/2025 15:54,-,0.13 dias,-,-,-,-
1887582,📍 Definir Unidade de Atendimento,1,-,-,2025-08-18 03:54:18,18/08/2025 03:54,18/08/2025 09:09,-,0.22 dias,-,-,-,-
1887568,📍 Definir Unidade de Atendimento,1,-,-,2025-08-17 21:50:47,17/08/2025 21:50,18/08/2025 09:08,-,0.47 dias,-,-,-,-
1887567,📍 Definir Unidade de Atendimento,1,-,-,2025-08-17 21:45:50,17/08/2025 21:45,18/08/2025 09:08,-,0.47 dias,-,-,-,-
1887539,📍 Definir Unidade de Atendimento,1,-,-,2025-08-17 19:23:23,17/08/2025 19:23,18/08/2025 09:06,-,0.57 dias,-,-,-,-
1887539,🔍 Análise SPC (Serasa / SPC Brasil),2,comercialdigital@bancodovale.com.br,-,2025-08-18 09:06:44,18/08/2025 09:06,18/08/2025 09:33,-,0.02 dias,-,-,-,-
1887539,🕵️ Análise Agente de Crédito,4,comercialdigital@bancodovale.com.br,-,2025-08-18 09:33:36,18/08/2025 09:33,18/08/2025 09:44,-,0.01 dias,-,-,-,-
1887519,📍 Definir Unidade de Atendimento,1,-,-,2025-08-17 18:00:26,17/08/2025 18:00,18/08/2025 09:06,-,0.63 dias,-,-,-,-
1887519,🔍 Análise SPC (Serasa / SPC Brasil),2,comercialdigital@bancodovale.com.br,-,2025-08-18 09:06:06,18/08/2025 09:06,18/08/2025 13:14,-,0.17 dias,-,-,-,-
1887515,📍 Definir Unidade de Atendimento,1,-,-,2025-08-17 17:56:04,17/08/2025 17:56,18/08/2025 09:05,-,0.63 dias,-,-,-,-
1887515,🔍 Análise SPC (Serasa / SPC Brasil),2,comercialdigital@bancodovale.com.br,-,2025-08-18 09:05:34,18/08/2025 09:05,18/08/2025 09:31,-,0.02 dias,-,-,-,-
1887499,📍 Definir Unidade de Atendimento,1,-,-,2025-08-17 17:15:35,17/08/2025 17:15,18/08/2025 09:05,-,0.66 dias,-,-,-,-
1887484,📍 Definir Unidade de Atendimento,1,-,-,2025-08-17 16:43:05,17/08/2025 16:43,18/08/2025 09:04,-,0.68 dias,-,-,-,-
1887484,🔍 Análise SPC (Serasa / SPC Brasil),2,comercialdigital@bancodovale.com.br,-,2025-08-18 09:04:41,18/08/2025 09:04,18/08/2025 09:53,-,0.03 dias,-,-,-,-
1887484,🕵️ Análise Agente de Crédito,4,comercialdigital@bancodovale.com.br,-,2025-08-18 09:53:22,18/08/2025 09:53,18/08/2025 10:20,-,0.02 dias,-,-,-,-
1887483,📍 Definir Unidade de Atendimento,1,-,-,2025-08-17 16:32:36,17/08/2025 16:32,18/08/2025 09:04,-,0.69 dias,-,-,-,-
1887455,📍 Definir Unidade de Atendimento,1,-,-,2025-08-17 14:00:05,17/08/2025 14:00,18/08/2025 09:01,-,0.79 dias,-,-,-,-
1887443,📍 Definir Unidade de Atendimento,1,-,-,2025-08-17 13:18:24,17/08/2025 13:18,18/08/2025 09:03,-,0.82 dias,-,-,-,-
1887443,🔍 Análise SPC (Serasa / SPC Brasil),2,comercialdigital@bancodovale.com.br,-,2025-08-18 09:03:35,18/08/2025 09:03,18/08/2025 10:52,-,0.08 dias,-,-,-,-
1887443,🕵️ Análise Agente de Crédito,4,Danielle,-,2025-08-18 10:52:41,18/08/2025 10:52,18/08/2025 11:14,-,0.02 dias,-,-,-,-
1887434,📍 Definir Unidade de Atendimento,1,-,-,2025-08-17 12:40:03,17/08/2025 12:40,18/08/2025 08:59,-,0.85 dias,-,-,-,-
1887434,🔍 Análise SPC (Serasa / SPC Brasil),2,comercialdigital@bancodovale.com.br,-,2025-08-18 08:59:37,18/08/2025 08:59,18/08/2025 09:51,-,0.04 dias,-,-,-,-
1887434,🕵️ Análise Agente de Crédito,4,comercialdigital@bancodovale.com.br,-,2025-08-18 09:51:38,18/08/2025 09:51,18/08/2025 09:58,-,0.0 dias,-,-,-,-
1887410,📍 Definir Unidade de Atendimento,1,-,-,2025-08-17 09:54:26,17/08/2025 09:54,18/08/2025 08:55,-,0.96 dias,-,-,-,-
1887410,🔍 Análise SPC (Serasa / SPC Brasil),2,comercialdigital@bancodovale.com.br,-,2025-08-18 08:55:28,18/08/2025 08:55,18/08/2025 08:55,-,0.0 dias,-,-,-,-
1887410,📍 Definir Unidade de Atendimento,1,comercialdigital@bancodovale.com.br,-,2025-08-18 08:55:32,18/08/2025 08:55,18/08/2025 08:57,-,0.0 dias,-,-,-,-
1887410,🔍 Análise SPC (Serasa / SPC Brasil),2,comercialdigital@bancodovale.com.br,-,2025-08-18 08:57:07,18/08/2025 08:57,18/08/2025 12:23,-,0.14 dias,-,-,-,-
1887399,📍 Definir Unidade de Atendimento,1,-,-,2025-08-17 09:12:08,17/08/2025 09:12,18/08/2025 08:54,-,0.99 dias,-,-,-,-
1887399,🔍 Análise SPC (Serasa / SPC Brasil),2,comercialdigital@bancodovale.com.br,-,2025-08-18 08:54:43,18/08/2025 08:54,18/08/2025 10:15,-,0.06 dias,-,-,-,-
1887399,🕵️ Análise Agente de Crédito,4,comercialdigital@bancodovale.com.br,-,2025-08-18 10:15:27,18/08/2025 10:15,18/08/2025 10:57,-,0.03 dias,-,-,-,-
1887332,📍 Definir Unidade de Atendimento,1,-,-,2025-08-16 17:39:48,16/08/2025 17:39,18/08/2025 08:53,-,1.63 dias,-,-,-,-
1887332,🔍 Análise SPC (Serasa / SPC Brasil),2,comercialdigital@bancodovale.com.br,-,2025-08-18 08:53:15,18/08/2025 08:53,18/08/2025 09:26,-,0.02 dias,-,-,-,-
1887332,🕵️ Análise Agente de Crédito,4,comercialdigital@bancodovale.com.br,-,2025-08-18 09:26:50,18/08/2025 09:26,18/08/2025 09:38,-,0.01 dias,-,-,-,-
1887327,📍 Definir Unidade de Atendimento,1,-,-,2025-08-16 17:18:45,16/08/2025 17:18,18/08/2025 08:53,-,1.65 dias,-,-,-,-
1887244,📍 Definir Unidade de Atendimento,1,-,-,2025-08-16 14:26:32,16/08/2025 14:26,18/08/2025 08:52,-,1.77 dias,-,-,-,-
1887058,📍 Definir Unidade de Atendimento,1,-,-,2025-08-16 10:45:03,16/08/2025 10:45,18/08/2025 08:51,-,1.92 dias,-,-,-,-
1887058,🔍 Análise SPC (Serasa / SPC Brasil),2,comercialdigital@bancodovale.com.br,-,2025-08-18 08:51:56,18/08/2025 08:51,18/08/2025 11:20,-,0.1 dias,-,-,-,-
1887058,🕵️ Análise Agente de Crédito,4,Bruno,-,2025-08-18 11:20:04,18/08/2025 11:20,18/08/2025 11:29,-,0.01 dias,-,-,-,-
1887035,📍 Definir Unidade de Atendimento,1,-,-,2025-08-16 10:07:44,16/08/2025 10:07,18/08/2025 08:51,-,1.95 dias,-,-,-,-
1887025,📍 Definir Unidade de Atendimento,1,-,-,2025-08-16 09:50:27,16/08/2025 09:50,18/08/2025 08:50,-,1.96 dias,-,-,-,-
1887025,🔍 Análise SPC (Serasa / SPC Brasil),2,comercialdigital@bancodovale.com.br,-,2025-08-18 08:50:38,18/08/2025 08:50,18/08/2025 13:10,-,0.18 dias,-,-,-,-
1887007,📍 Definir Unidade de Atendimento,1,-,-,2025-08-16 08:49:47,16/08/2025 08:49,18/08/2025 08:49,-,2.0 dias,-,-,-,-
1887007,🔍 Análise SPC (Serasa / SPC Brasil),2,comercialdigital@bancodovale.com.br,-,2025-08-18 08:49:53,18/08/2025 08:49,18/08/2025 11:45,-,0.12 dias,-,-,-,-
1887007,🕵️ Análise Agente de Crédito,4,comercialdigital@bancodovale.com.br,-,2025-08-18 11:45:05,18/08/2025 11:45,18/08/2025 11:50,-,0.0 dias,-,-,-,-
1886965,📍 Definir Unidade de Atendimento,1,-,-,2025-08-15 23:53:56,15/08/2025 23:53,18/08/2025 08:49,-,2.37 dias,-,-,-,-
1886965,🔍 Análise SPC (Serasa / SPC Brasil),2,comercialdigital@bancodovale.com.br,-,2025-08-18 08:49:13,18/08/2025 08:49,18/08/2025 10:01,-,0.05 dias,-,-,-,-
1886965,🕵️ Análise Agente de Crédito,4,comercialdigital@bancodovale.com.br,-,2025-08-18 10:01:53,18/08/2025 10:01,18/08/2025 10:27,-,0.02 dias,-,-,-,-
1886934,📍 Definir Unidade de Atendimento,1,-,-,2025-08-15 20:56:13,15/08/2025 20:56,18/08/2025 08:48,-,2.49 dias,-,-,-,-
1886934,🔍 Análise SPC (Serasa / SPC Brasil),2,comercialdigital@bancodovale.com.br,-,2025-08-18 08:48:40,18/08/2025 08:48,18/08/2025 09:58,-,0.05 dias,-,-,-,-
1886934,🕵️ Análise Agente de Crédito,4,comercialdigital@bancodovale.com.br,-,2025-08-18 09:58:09,18/08/2025 09:58,18/08/2025 10:24,-,0.02 dias,-,-,-,-
1886797,📍 Definir Unidade de Atendimento,1,-,-,2025-08-15 18:04:53,15/08/2025 18:04,18/08/2025 08:47,-,2.61 dias,-,-,-,-
1886797,🔍 Análise SPC (Serasa / SPC Brasil),2,comercialdigital@bancodovale.com.br,-,2025-08-18 08:47:46,18/08/2025 08:47,18/08/2025 09:35,-,0.03 dias,-,-,-,-
1886616,🔍 Análise SPC (Serasa / SPC Brasil),2,comercialdigital@bancodovale.com.br,-,2025-08-15 16:45:34,15/08/2025 16:45,18/08/2025 13:09,-,2.85 dias,-,-,-,-
1886572,🔍 Análise SPC (Serasa / SPC Brasil),2,comercialdigital@bancodovale.com.br,-,2025-08-15 15:58:52,15/08/2025 15:58,18/08/2025 11:04,-,2.8 dias,-,-,-,-
1886559,🔍 Análise SPC (Serasa / SPC Brasil),2,comercialdigital@bancodovale.com.br,-,2025-08-15 15:49:20,15/08/2025 15:49,18/08/2025 08:58,-,2.71 dias,-,-,-,-
1886559,🕵️ Análise Agente de Crédito,4,Danielle,-,2025-08-18 08:58:52,18/08/2025 08:58,18/08/2025 11:14,-,0.09 dias,-,-,-,-
1886524,⚠️ Pendente Cliente,W,camila@bancodovale.org.br,-,2025-08-15 16:25:24,15/08/2025 16:25,18/08/2025 09:41,-,2.72 dias,-,-,-,-
1886490,🔍 Análise SPC (Serasa / SPC Brasil),2,comercialdigital@bancodovale.com.br,-,2025-08-15 15:40:32,15/08/2025 15:40,18/08/2025 08:41,-,2.71 dias,-,-,-,-
1886461,🕵️ Análise Agente de Crédito,4,comercialdigital@bancodovale.com.br,-,2025-08-15 17:03:11,15/08/2025 17:03,18/08/2025 09:29,-,2.69 dias,-,-,-,-
1886346,🕵️ Análise Agente de Crédito,4,comercialdigital@bancodovale.com.br,-,2025-08-15 14:20:54,15/08/2025 14:20,18/08/2025 09:26,-,2.8 dias,-,-,-,-
1886017,🧾 Análise Mesa de Crédito,8,Bruno,-,2025-08-15 13:42:40,15/08/2025 13:42,18/08/2025 14:31,-,3.03 dias,-,-,-,-
1885955,🕵️ Análise Agente de Crédito,4,comercialdigital@bancodovale.com.br,-,2025-08-15 11:38:22,15/08/2025 11:38,18/08/2025 09:24,-,2.91 dias,-,-,-,-
1885625,🕵️ Análise Agente de Crédito,4,Danielle,-,2025-08-15 10:27:15,15/08/2025 10:27,18/08/2025 10:18,-,2.99 dias,-,-,-,-
1885370,🧾 Análise Mesa de Crédito,8,thiago@bancodovale.org.br,-,2025-08-14 16:46:07,14/08/2025 16:46,18/08/2025 12:13,-,3.81 dias,-,-,-,-
1885316,⚠️ Pendente Cliente,W,camila@bancodovale.org.br,-,2025-08-15 09:14:45,15/08/2025 09:14,18/08/2025 09:42,-,3.02 dias,-,-,-,-
1885250,🕵️ Análise Agente de Crédito,4,jaragua@bancodovale.org.br,-,2025-08-15 11:23:46,15/08/2025 11:23,18/08/2025 08:37,-,2.88 dias,-,-,-,-
1885180,🕵️ Análise Agente de Crédito,4,Danielle,-,2025-08-14 14:30:09,14/08/2025 14:30,18/08/2025 14:45,-,4.01 dias,-,-,-,-
1885180,👤 Análise Coordenação,6,thiago@bancodovale.org.br,-,2025-08-18 14:45:11,18/08/2025 14:45,18/08/2025 16:50,-,0.09 dias,-,-,-,-
1883988,⚠️ Pendente Cliente,W,gilmara@bancodovale.org.br,-,2025-08-14 10:17:32,14/08/2025 10:17,18/08/2025 13:42,-,4.14 dias,-,-,-,-
1883781,🧾 Análise Mesa de Crédito,8,caciane@bancodovale.org.br,-,2025-08-14 13:06:19,14/08/2025 13:06,18/08/2025 11:27,-,3.93 dias,-,-,-,-
1882921,⚠️ Pendente Cliente,W,gilmara@bancodovale.org.br,-,2025-08-14 10:18:39,14/08/2025 10:18,18/08/2025 13:42,-,4.14 dias,-,-,-,-
1880213,🕵️ Análise Agente de Crédito,4,Danielle,-,2025-08-12 14:46:48,12/08/2025 14:46,18/08/2025 10:12,-,5.81 dias,-,-,-,-
1873482,🔴 Pendência SPC,3,rio@bancodovale.org.br,-,2025-08-07 14:09:28,07/08/2025 14:09,18/08/2025 10:57,-,10.87 dias,-,-,-,-
1676083,📍 Definir Unidade de Atendimento,1,-,-,2025-04-25 10:55:17,25/04/2025 10:55,25/04/2025 11:01,-,0.0 dias,-,-,-,-
1676083,🕵️ Análise Agente de Crédito,4,rio@bancodovale.org.br,-,2025-04-25 11:01:13,25/04/2025 11:01,18/08/2025 10:06,-,114.96 dias,-,-,-,-
1547334,📍 Definir Unidade de Atendimento,1,-,-,2025-03-07 16:59:24,07/03/2025 16:59,07/03/2025 17:02,-,0.0 dias,-,-,-,-
1547334,🕵️ Análise Agente de Crédito,4,rio@bancodovale.org.br,-,2025-03-07 17:02:58,07/03/2025 17:02,18/08/2025 10:02,-,163.71 dias,-,-,-,-
1465340,📍 Definir Unidade de Atendimento,1,-,-,2025-01-24 15:25:37,24/01/2025 15:25,24/01/2025 17:29,-,0.09 dias,-,-,-,-
1465340,🔍 Análise SPC (Serasa / SPC Brasil),2,roberto@bancodovale.org.br,-,2025-01-24 17:29:10,24/01/2025 17:29,27/01/2025 10:37,-,2.71 dias,-,-,-,-
1465340,🕵️ Análise Agente de Crédito,4,rio@bancodovale.org.br,-,2025-01-27 10:37:32,27/01/2025 10:37,18/08/2025 10:09,-,202.98 dias,-,-,-,-
1366690,🧾 Análise Mesa de Crédito,8,caciane@bancodovale.org.br,-,2025-08-15 11:00:40,15/08/2025 11:00,18/08/2025 16:23,-,3.22 dias,-,-,-,-
1225449,🧾 Análise Mesa de Crédito,8,caciane@bancodovale.org.br,-,2025-08-15 10:13:14,15/08/2025 10:13,18/08/2025 12:47,-,3.11 dias,-,-,-,-
604960,📍 Definir Unidade de Atendimento,1,-,-,2023-03-28 11:03:14,28/03/2023 11:03,28/03/2023 11:03,-,0.0 dias,-,-,-,-
604960,🕵️ Análise Agente de Crédito,4,indaial@bancodovale.org.br,-,2023-03-28 11:03:32,28/03/2023 11:03,04/04/2023 08:41,-,6.9 dias,-,-,-,-
604960,🙅 Desistiu,Z,adriana@bancodovale.org.br,-,2023-04-04 08:41:51,04/04/2023 08:41,08/06/2023 14:35,-,65.25 dias,-,-,-,-
604960,👤 Análise Coordenação,6,indaial@bancodovale.org.br,-,2023-06-08 14:35:37,08/06/2023 14:35,08/06/2023 16:39,-,0.09 dias,-,-,-,-
604960,🧾 Análise Mesa de Crédito,8,adriana@bancodovale.org.br,-,2023-06-08 16:39:44,08/06/2023 16:39,13/06/2023 09:56,-,4.72 dias,-,-,-,-
604960,✅ Aprovado,0,fernandosandri@bancodovale.org.br,-,2023-06-13 09:56:46,13/06/2023 09:56,31/05/2024 16:32,-,353.27 dias,-,-,-,-
604960,🧾 Análise Mesa de Crédito,8,KATLIN,-,2024-05-31 16:32:41,31/05/2024 16:32,31/05/2024 16:55,-,0.02 dias,-,-,-,-
604960,✅ Aprovado,0,Fernando,-,2024-05-31 16:55:10,31/05/2024 16:55,18/08/2025 13:26,-,443.86 dias,-,-,-,-
604960,📍 Definir Unidade de Atendimento,1,KATLIN,-,2025-08-18 13:26:59,18/08/2025 13:26,18/08/2025 13:27,-,0.0 dias,-,-,-,-
604960,🕵️ Análise Agente de Crédito,4,KATLIN,-,2025-08-18 13:27:10,18/08/2025 13:27,18/08/2025 13:28,-,0.0 dias,-,-,-,-
300840,📍 Definir Unidade de Atendimento,1,-,-,2022-06-27 17:30:59,27/06/2022 17:30,28/06/2022 07:07,-,0.57 dias,-,-,-,-
300840,🔍 Análise SPC (Serasa / SPC Brasil),2,roberto@bancodovale.org.br,-,2022-06-28 07:07:19,28/06/2022 07:07,28/06/2022 09:09,-,0.08 dias,-,-,-,-
300840,🕵️ Análise Agente de Crédito,4,indaial@bancodovale.org.br,-,2022-06-28 09:09:17,28/06/2022 09:09,28/06/2022 16:43,-,0.32 dias,-,-,-,-
300840,❌ Reprovado,X,sandra@bancodovale.org.br,-,2022-06-28 16:43:24,28/06/2022 16:43,22/03/2023 11:42,-,266.79 dias,-,-,-,-
300840,🕵️ Análise Agente de Crédito,4,indaial@bancodovale.org.br,-,2023-03-22 11:42:12,22/03/2023 11:42,22/03/2023 13:02,-,0.06 dias,-,-,-,-
300840,👤 Análise Coordenação,6,sandra@bancodovale.org.br,-,2023-03-22 13:02:29,22/03/2023 13:02,22/03/2023 13:29,-,0.02 dias,-,-,-,-
300840,🧾 Análise Mesa de Crédito,8,angela@bancodovale.org.br,-,2023-03-22 13:29:52,22/03/2023 13:29,24/03/2023 09:01,-,1.81 dias,-,-,-,-
300840,✅ Aprovado,0,fernandosandri@bancodovale.org.br,-,2023-03-24 09:01:09,24/03/2023 09:01,11/04/2024 14:43,-,384.24 dias,-,-,-,-
300840,🧾 Análise Mesa de Crédito,8,sandra@bancodovale.org.br,-,2024-04-11 14:43:08,11/04/2024 14:43,23/04/2024 08:25,-,11.74 dias,-,-,-,-
300840,✅ Aprovado,0,Fernando,-,2024-04-23 08:25:02,23/04/2024 08:25,18/08/2025 16:49,-,482.35 dias,-,-,-,-
1895013,📍 Definir Unidade de Atendimento,1,-,-,2025-08-19 16:51:56,19/08/2025 16:51,19/08/2025 16:54,-,0.0 dias,-,-,-,-
1894454,📍 Definir Unidade de Atendimento,1,-,-,2025-08-19 15:36:52,19/08/2025 15:36,19/08/2025 16:35,-,0.04 dias,-,-,-,-
1891921,📍 Definir Unidade de Atendimento,1,-,-,2025-08-19 09:25:29,19/08/2025 09:25,19/08/2025 09:48,-,0.02 dias,-,-,-,-
1891921,🔍 Análise SPC (Serasa / SPC Brasil),2,comercialdigital@bancodovale.com.br,-,2025-08-19 09:48:54,19/08/2025 09:48,19/08/2025 14:48,-,0.21 dias,-,-,-,-
1891921,🔴 Pendência SPC,3,KATLIN,-,2025-08-19 14:48:41,19/08/2025 14:48,19/08/2025 17:03,-,0.09 dias,-,-,-,-
1891395,📍 Definir Unidade de Atendimento,1,-,-,2025-08-19 08:16:30,19/08/2025 08:16,19/08/2025 09:00,-,0.03 dias,-,-,-,-
1891395,🔍 Análise SPC (Serasa / SPC Brasil),2,comercialdigital@bancodovale.com.br,-,2025-08-19 09:00:25,19/08/2025 09:00,19/08/2025 10:00,-,0.04 dias,-,-,-,-
1891395,🕵️ Análise Agente de Crédito,4,comercialdigital@bancodovale.com.br,-,2025-08-19 10:00:59,19/08/2025 10:00,19/08/2025 10:33,-,0.02 dias,-,-,-,-
1895184,📍 Definir Unidade de Atendimento,1,-,-,2025-08-19 18:45:36,19/08/2025 18:45,19/08/2025 18:45,-,0.0 dias,-,-,-,-
1895000,📍 Definir Unidade de Atendimento,1,-,-,2025-08-19 16:44:08,19/08/2025 16:44,19/08/2025 16:44,-,0.0 dias,-,-,-,-
1894995,📍 Definir Unidade de Atendimento,1,-,-,2025-08-19 16:43:02,19/08/2025 16:43,19/08/2025 16:43,-,0.0 dias,-,-,-,-
1893293,📍 Definir Unidade de Atendimento,1,-,-,2025-08-19 12:15:18,19/08/2025 12:15,19/08/2025 12:27,-,0.01 dias,-,-,-,-
1893293,🔍 Análise SPC (Serasa / SPC Brasil),2,comercialdigital@bancodovale.com.br,-,2025-08-19 12:27:12,19/08/2025 12:27,19/08/2025 13:07,-,0.03 dias,-,-,-,-
1893293,🕵️ Análise Agente de Crédito,4,jaragua@bancodovale.org.br,-,2025-08-19 13:07:41,19/08/2025 13:07,19/08/2025 15:59,-,0.12 dias,-,-,-,-
1893075,📍 Definir Unidade de Atendimento,1,-,-,2025-08-19 11:15:48,19/08/2025 11:15,19/08/2025 11:16,-,0.0 dias,-,-,-,-
1893075,🧾 Análise Mesa de Crédito,8,Bruno,-,2025-08-19 11:16:31,19/08/2025 11:16,19/08/2025 16:11,-,0.21 dias,-,-,-,-
1892780,📍 Definir Unidade de Atendimento,1,-,-,2025-08-19 10:46:13,19/08/2025 10:46,19/08/2025 11:16,-,0.02 dias,-,-,-,-
1892263,📍 Definir Unidade de Atendimento,1,-,-,2025-08-19 10:12:30,19/08/2025 10:12,19/08/2025 10:13,-,0.0 dias,-,-,-,-
1892263,🧾 Análise Mesa de Crédito,8,KATLIN,-,2025-08-19 10:13:34,19/08/2025 10:13,19/08/2025 10:50,-,0.03 dias,-,-,-,-
1892082,📍 Definir Unidade de Atendimento,1,-,-,2025-08-19 09:50:47,19/08/2025 09:50,19/08/2025 09:52,-,0.0 dias,-,-,-,-
1892077,📍 Definir Unidade de Atendimento,1,-,-,2025-08-19 09:48:20,19/08/2025 09:48,19/08/2025 09:48,-,0.0 dias,-,-,-,-
1891753,📍 Definir Unidade de Atendimento,1,-,-,2025-08-19 09:14:44,19/08/2025 09:14,19/08/2025 09:15,-,0.0 dias,-,-,-,-
1891399,📍 Definir Unidade de Atendimento,1,-,-,2025-08-19 08:19:35,19/08/2025 08:19,19/08/2025 09:00,-,0.03 dias,-,-,-,-
1891399,🔍 Análise SPC (Serasa / SPC Brasil),2,comercialdigital@bancodovale.com.br,-,2025-08-19 09:00:56,19/08/2025 09:00,19/08/2025 10:05,-,0.04 dias,-,-,-,-
1891364,📍 Definir Unidade de Atendimento,1,-,-,2025-08-19 08:12:06,19/08/2025 08:12,19/08/2025 08:22,-,0.01 dias,-,-,-,-
1891288,📍 Definir Unidade de Atendimento,1,-,-,2025-08-19 08:07:01,19/08/2025 08:07,19/08/2025 08:59,-,0.04 dias,-,-,-,-
1891288,🔍 Análise SPC (Serasa / SPC Brasil),2,comercialdigital@bancodovale.com.br,-,2025-08-19 08:59:03,19/08/2025 08:59,19/08/2025 11:19,-,0.1 dias,-,-,-,-
1891202,📍 Definir Unidade de Atendimento,1,-,-,2025-08-18 21:06:23,18/08/2025 21:06,19/08/2025 08:51,-,0.49 dias,-,-,-,-
1891202,🔍 Análise SPC (Serasa / SPC Brasil),2,comercialdigital@bancodovale.com.br,-,2025-08-19 08:51:22,19/08/2025 08:51,19/08/2025 09:52,-,0.04 dias,-,-,-,-
1891202,🕵️ Análise Agente de Crédito,4,comercialdigital@bancodovale.com.br,-,2025-08-19 09:52:24,19/08/2025 09:52,19/08/2025 10:03,-,0.01 dias,-,-,-,-
1891182,📍 Definir Unidade de Atendimento,1,-,-,2025-08-18 20:29:31,18/08/2025 20:29,19/08/2025 08:51,-,0.51 dias,-,-,-,-
1891133,📍 Definir Unidade de Atendimento,1,-,-,2025-08-18 19:35:52,18/08/2025 19:35,19/08/2025 08:50,-,0.55 dias,-,-,-,-
1890869,🕵️ Análise Agente de Crédito,4,jaragua@bancodovale.org.br,-,2025-08-18 16:35:42,18/08/2025 16:35,19/08/2025 16:03,-,0.98 dias,-,-,-,-
1890869,👤 Análise Coordenação,6,felipe@bancodovale.org.br,-,2025-08-19 16:03:44,19/08/2025 16:03,19/08/2025 17:03,-,0.04 dias,-,-,-,-
1889676,🕵️ Análise Agente de Crédito,4,jaragua@bancodovale.org.br,-,2025-08-18 15:44:35,18/08/2025 15:44,19/08/2025 09:03,-,0.72 dias,-,-,-,-
1889468,👤 Análise Coordenação,6,natalia@bancodovale.org.br,-,2025-08-18 15:28:28,18/08/2025 15:28,19/08/2025 09:17,-,0.74 dias,-,-,-,-
1888751,🧾 Análise Mesa de Crédito,8,thiago@bancodovale.org.br,-,2025-08-18 11:58:44,18/08/2025 11:58,19/08/2025 14:49,-,1.12 dias,-,-,-,-
1888751,✅ Aprovado,0,Fernando,-,2025-08-19 14:49:29,19/08/2025 14:49,19/08/2025 15:26,-,0.03 dias,-,-,-,-
1888751,🧾 Análise Mesa de Crédito,8,dennis@bancodovale.org.br,-,2025-08-19 15:26:02,19/08/2025 15:26,19/08/2025 15:32,-,0.0 dias,-,-,-,-
1888261,🕵️ Análise Agente de Crédito,4,jaragua@bancodovale.org.br,-,2025-08-18 17:16:27,18/08/2025 17:16,19/08/2025 09:02,-,0.66 dias,-,-,-,-
1887680,🧾 Análise Mesa de Crédito,8,roberto@bancodovale.org.br,-,2025-08-18 15:54:29,18/08/2025 15:54,19/08/2025 15:52,-,1.0 dias,-,-,-,-
1887413,🔍 Análise SPC (Serasa / SPC Brasil),2,comercialdigital@bancodovale.com.br,-,2025-08-18 08:57:22,18/08/2025 08:57,19/08/2025 11:18,-,1.1 dias,-,-,-,-
1887410,🕵️ Análise Agente de Crédito,4,Danielle,-,2025-08-18 12:23:31,18/08/2025 12:23,19/08/2025 13:19,-,1.04 dias,-,-,-,-
1886512,🕵️ Análise Agente de Crédito,4,jaragua@bancodovale.org.br,-,2025-08-15 15:27:06,15/08/2025 15:27,19/08/2025 09:07,-,3.74 dias,-,-,-,-
1886512,⚠️ Pendente Cliente,W,jessica@bancodovale.org.br,-,2025-08-19 09:07:09,19/08/2025 09:07,19/08/2025 09:10,-,0.0 dias,-,-,-,-
1886379,🧾 Análise Mesa de Crédito,8,jaragua@bancodovale.org.br,-,2025-08-15 14:24:24,15/08/2025 14:24,19/08/2025 15:04,-,4.03 dias,-,-,-,-
1886167,🕵️ Análise Agente de Crédito,4,Danielle,-,2025-08-15 12:44:21,15/08/2025 12:44,19/08/2025 12:39,-,4.0 dias,-,-,-,-
1886146,🕵️ Análise Agente de Crédito,4,jaragua@bancodovale.org.br,-,2025-08-15 12:05:20,15/08/2025 12:05,19/08/2025 11:39,-,3.98 dias,-,-,-,-
1885969,🔴 Pendência SPC,3,jaragua@bancodovale.org.br,-,2025-08-15 10:11:59,15/08/2025 10:11,19/08/2025 09:06,-,3.95 dias,-,-,-,-
1885969,⚠️ Pendente Cliente,W,jessica@bancodovale.org.br,-,2025-08-19 09:06:51,19/08/2025 09:06,19/08/2025 14:14,-,0.21 dias,-,-,-,-
1885503,🧾 Análise Mesa de Crédito,8,Bruno,-,2025-08-14 16:56:46,14/08/2025 16:56,19/08/2025 15:32,-,4.94 dias,-,-,-,-
1885275,🕵️ Análise Agente de Crédito,4,jaragua@bancodovale.org.br,-,2025-08-15 09:43:58,15/08/2025 09:43,19/08/2025 09:04,-,3.97 dias,-,-,-,-
1883736,👤 Análise Coordenação,6,elenita@bancovale.org.br,-,2025-08-14 10:51:37,14/08/2025 10:51,19/08/2025 09:25,-,4.94 dias,-,-,-,-
1882921,🧾 Análise Mesa de Crédito,8,gilmara@bancodovale.org.br,-,2025-08-18 13:42:20,18/08/2025 13:42,19/08/2025 17:26,-,1.16 dias,-,-,-,-
1879927,👤 Análise Coordenação,6,dennis@bancodovale.org.br,-,2025-08-15 11:27:10,15/08/2025 11:27,19/08/2025 08:28,-,3.88 dias,-,-,-,-
1879863,🔴 Pendência SPC,3,jaragua@bancodovale.org.br,-,2025-08-12 09:03:13,12/08/2025 09:03,19/08/2025 10:23,-,7.06 dias,-,-,-,-
1879524,❌ Reprovado,X,gilmara@bancodovale.org.br,-,2025-08-15 09:35:02,15/08/2025 09:35,19/08/2025 14:11,-,4.19 dias,-,-,-,-
1879524,🕵️ Análise Agente de Crédito,4,jaragua@bancodovale.org.br,-,2025-08-19 14:11:42,19/08/2025 14:11,19/08/2025 14:11,-,0.0 dias,-,-,-,-
1879351,🔴 Pendência SPC,3,regina@bancodovale.org.br,-,2025-08-14 09:05:30,14/08/2025 09:05,19/08/2025 13:51,-,5.2 dias,-,-,-,-
1876476,🕵️ Análise Agente de Crédito,4,comercialdigital@bancodovale.com.br,-,2025-08-11 11:07:14,11/08/2025 11:07,19/08/2025 10:24,-,7.97 dias,-,-,-,-
1876260,🕵️ Análise Agente de Crédito,4,comercialdigital@bancodovale.com.br,-,2025-08-11 11:11:01,11/08/2025 11:11,19/08/2025 10:12,-,7.96 dias,-,-,-,-
1876249,🕵️ Análise Agente de Crédito,4,comercialdigital@bancodovale.com.br,-,2025-08-11 11:23:17,11/08/2025 11:23,19/08/2025 10:08,-,7.95 dias,-,-,-,-
1872694,👤 Análise Coordenação,6,elenita@bancovale.org.br,-,2025-08-06 14:34:30,06/08/2025 14:34,19/08/2025 09:17,-,12.78 dias,-,-,-,-
1870006,👤 Análise Coordenação,6,elenita@bancovale.org.br,-,2025-08-06 14:11:01,06/08/2025 14:11,19/08/2025 09:17,-,12.8 dias,-,-,-,-
1869776,🔴 Pendência SPC,3,rio@bancodovale.org.br,-,2025-08-05 15:49:08,05/08/2025 15:49,19/08/2025 13:52,-,13.92 dias,-,-,-,-
1855952,📍 Definir Unidade de Atendimento,1,-,-,2025-07-24 23:35:26,24/07/2025 23:35,25/07/2025 08:46,-,0.38 dias,-,-,-,-
1855952,🔍 Análise SPC (Serasa / SPC Brasil),2,comercialdigital@bancodovale.com.br,-,2025-07-25 08:46:48,25/07/2025 08:46,25/07/2025 10:37,-,0.08 dias,-,-,-,-
1855952,⚠️ Pendente Cliente,W,KATLIN,-,2025-07-25 10:37:58,25/07/2025 10:37,19/08/2025 13:17,-,25.11 dias,-,-,-,-
1851179,📍 Definir Unidade de Atendimento,1,-,-,2025-07-23 09:08:52,23/07/2025 09:08,23/07/2025 09:26,-,0.01 dias,-,-,-,-
1851179,🔍 Análise SPC (Serasa / SPC Brasil),2,Fernando,-,2025-07-23 09:26:59,23/07/2025 09:26,23/07/2025 09:43,-,0.01 dias,-,-,-,-
1851179,🕵️ Análise Agente de Crédito,4,KATLIN,-,2025-07-23 09:43:11,23/07/2025 09:43,23/07/2025 11:12,-,0.06 dias,-,-,-,-
1851179,⚠️ Pendente Cliente,W,rejane@bancodovale.org.br,-,2025-07-23 11:12:01,23/07/2025 11:12,19/08/2025 13:18,-,27.09 dias,-,-,-,-
1823362,🧾 Análise Mesa de Crédito,8,caciane@bancodovale.org.br,-,2025-08-15 09:29:02,15/08/2025 09:29,19/08/2025 10:33,-,4.04 dias,-,-,-,-
1092423,📍 Definir Unidade de Atendimento,1,-,-,2024-06-13 17:08:56,13/06/2024 17:08,13/06/2024 17:09,-,0.0 dias,-,-,-,-
1092423,🕵️ Análise Agente de Crédito,4,Uelita,-,2024-06-13 17:09:26,13/06/2024 17:09,17/06/2024 15:31,-,3.93 dias,-,-,-,-
1092423,🧾 Análise Mesa de Crédito,8,regina@bancodovale.org.br,-,2024-06-17 15:31:09,17/06/2024 15:31,19/06/2024 11:21,-,1.83 dias,-,-,-,-
1092423,✅ Aprovado,0,Fernando,-,2024-06-19 11:21:02,19/06/2024 11:21,02/04/2025 15:06,-,287.16 dias,-,-,-,-
1092423,🕵️ Análise Agente de Crédito,4,rio@bancodovale.org.br,-,2025-04-02 15:06:38,02/04/2025 15:06,02/06/2025 13:49,-,60.95 dias,-,-,-,-
1092423,🗑️ Descartado (Lixo),E,regina@bancodovale.org.br,-,2025-06-02 13:49:58,02/06/2025 13:49,19/08/2025 13:35,-,77.99 dias,-,-,-,-
972727,📍 Definir Unidade de Atendimento,1,-,-,2024-02-29 08:53:21,29/02/2024 08:53,29/02/2024 08:54,-,0.0 dias,-,-,-,-
972727,🕵️ Análise Agente de Crédito,4,Priscila,-,2024-02-29 08:54:15,29/02/2024 08:54,29/02/2024 10:02,-,0.05 dias,-,-,-,-
972727,🧾 Análise Mesa de Crédito,8,juliano@bancodovale.org.br,-,2024-02-29 10:02:18,29/02/2024 10:02,19/03/2024 15:22,-,19.22 dias,-,-,-,-
972727,✅ Aprovado,0,Fernando,-,2024-03-19 15:22:24,19/03/2024 15:22,19/08/2025 10:06,-,517.78 dias,-,-,-,-
972727,🕵️ Análise Agente de Crédito,4,rio@bancodovale.org.br,-,2025-08-19 10:06:42,19/08/2025 10:06,19/08/2025 13:46,-,0.15 dias,-,-,-,-
604960,🧾 Análise Mesa de Crédito,8,rejane@bancodovale.org.br,-,2025-08-18 13:28:06,18/08/2025 13:28,19/08/2025 17:36,-,1.17 dias,-,-,-,-
1782060,📍 Definir Unidade de Atendimento,1,-,-,2025-06-19 04:46:24,19/06/2025 04:46,20/06/2025 08:39,-,1.16 dias,-,-,-,-
1782060,🔍 Análise SPC (Serasa / SPC Brasil),2,comercialdigital@bancodovale.org.br,-,2025-06-20 08:39:46,20/06/2025 08:39,20/06/2025 16:46,-,0.34 dias,-,-,-,-
1899474,📍 Definir Unidade de Atendimento,1,-,-,2025-08-20 14:28:10,20/08/2025 14:28,20/08/2025 14:43,-,0.01 dias,-,-,-,-
1899474,🔍 Análise SPC (Serasa / SPC Brasil),2,comercialdigital@bancodovale.com.br,-,2025-08-20 14:43:22,20/08/2025 14:43,20/08/2025 15:59,-,0.05 dias,-,-,-,-
1899474,🕵️ Análise Agente de Crédito,4,bancodovaletimbo@bancodovale.org.br,-,2025-08-20 15:59:02,20/08/2025 15:59,20/08/2025 16:01,-,0.0 dias,-,-,-,-
1901925,📍 Definir Unidade de Atendimento,1,-,-,2025-08-20 17:20:48,20/08/2025 17:20,20/08/2025 17:23,-,0.0 dias,-,-,-,-
1901879,📍 Definir Unidade de Atendimento,1,-,-,2025-08-20 16:56:47,20/08/2025 16:56,20/08/2025 17:08,-,0.01 dias,-,-,-,-
1901753,📍 Definir Unidade de Atendimento,1,-,-,2025-08-20 16:40:43,20/08/2025 16:40,20/08/2025 17:22,-,0.03 dias,-,-,-,-
1901686,📍 Definir Unidade de Atendimento,1,-,-,2025-08-20 16:37:34,20/08/2025 16:37,20/08/2025 16:38,-,0.0 dias,-,-,-,-
1901669,📍 Definir Unidade de Atendimento,1,-,-,2025-08-20 16:35:52,20/08/2025 16:35,20/08/2025 16:38,-,0.0 dias,-,-,-,-
1901669,🕵️ Análise Agente de Crédito,4,jaragua@bancodovale.org.br,-,2025-08-20 16:38:10,20/08/2025 16:38,20/08/2025 16:38,-,0.0 dias,-,-,-,-
1901630,📍 Definir Unidade de Atendimento,1,-,-,2025-08-20 16:29:40,20/08/2025 16:29,20/08/2025 16:29,-,0.0 dias,-,-,-,-
1901429,📍 Definir Unidade de Atendimento,1,-,-,2025-08-20 16:17:23,20/08/2025 16:17,20/08/2025 16:17,-,0.0 dias,-,-,-,-
1900723,📍 Definir Unidade de Atendimento,1,-,-,2025-08-20 15:35:30,20/08/2025 15:35,20/08/2025 15:36,-,0.0 dias,-,-,-,-
1900723,🕵️ Análise Agente de Crédito,4,comercialdigital@bancodovale.com.br,-,2025-08-20 15:36:14,20/08/2025 15:36,20/08/2025 15:36,-,0.0 dias,-,-,-,-
1900723,👤 Análise Coordenação,6,alinef@bancodovale.org.br,-,2025-08-20 15:36:46,20/08/2025 15:36,20/08/2025 15:43,-,0.0 dias,-,-,-,-
1899522,📍 Definir Unidade de Atendimento,1,-,-,2025-08-20 14:30:23,20/08/2025 14:30,20/08/2025 14:44,-,0.01 dias,-,-,-,-
1899522,🔍 Análise SPC (Serasa / SPC Brasil),2,comercialdigital@bancodovale.com.br,-,2025-08-20 14:44:39,20/08/2025 14:44,20/08/2025 15:06,-,0.01 dias,-,-,-,-
1899522,🕵️ Análise Agente de Crédito,4,comercialdigital@bancodovale.com.br,-,2025-08-20 15:06:00,20/08/2025 15:06,20/08/2025 15:25,-,0.01 dias,-,-,-,-
1899522,⚠️ Pendente Cliente,W,natalia@bancodovale.org.br,-,2025-08-20 15:25:54,20/08/2025 15:25,20/08/2025 16:55,-,0.06 dias,-,-,-,-
1899497,📍 Definir Unidade de Atendimento,1,-,-,2025-08-20 14:29:14,20/08/2025 14:29,20/08/2025 14:29,-,0.0 dias,-,-,-,-
1899163,📍 Definir Unidade de Atendimento,1,-,-,2025-08-20 13:49:35,20/08/2025 13:49,20/08/2025 15:32,-,0.07 dias,-,-,-,-
1898942,📍 Definir Unidade de Atendimento,1,-,-,2025-08-20 13:20:24,20/08/2025 13:20,20/08/2025 14:39,-,0.06 dias,-,-,-,-
1898942,🔍 Análise SPC (Serasa / SPC Brasil),2,comercialdigital@bancodovale.com.br,-,2025-08-20 14:39:52,20/08/2025 14:39,20/08/2025 15:45,-,0.05 dias,-,-,-,-
1898868,📍 Definir Unidade de Atendimento,1,-,-,2025-08-20 13:14:03,20/08/2025 13:14,20/08/2025 13:16,-,0.0 dias,-,-,-,-
1898484,📍 Definir Unidade de Atendimento,1,-,-,2025-08-20 12:25:38,20/08/2025 12:25,20/08/2025 12:29,-,0.0 dias,-,-,-,-
1898484,🔍 Análise SPC (Serasa / SPC Brasil),2,comercialdigital@bancodovale.com.br,-,2025-08-20 12:29:27,20/08/2025 12:29,20/08/2025 13:10,-,0.03 dias,-,-,-,-
1898297,📍 Definir Unidade de Atendimento,1,-,-,2025-08-20 12:02:05,20/08/2025 12:02,20/08/2025 12:06,-,0.0 dias,-,-,-,-
1898256,📍 Definir Unidade de Atendimento,1,-,-,2025-08-20 11:51:18,20/08/2025 11:51,20/08/2025 11:53,-,0.0 dias,-,-,-,-
1898256,🕵️ Análise Agente de Crédito,4,jaragua@bancodovale.org.br,-,2025-08-20 11:53:55,20/08/2025 11:53,20/08/2025 13:57,-,0.09 dias,-,-,-,-
1897378,📍 Definir Unidade de Atendimento,1,-,-,2025-08-20 10:23:03,20/08/2025 10:23,20/08/2025 10:24,-,0.0 dias,-,-,-,-
1897368,📍 Definir Unidade de Atendimento,1,-,-,2025-08-20 10:22:19,20/08/2025 10:22,20/08/2025 10:39,-,0.01 dias,-,-,-,-
1897368,🔍 Análise SPC (Serasa / SPC Brasil),2,comercialdigital@bancodovale.com.br,-,2025-08-20 10:39:48,20/08/2025 10:39,20/08/2025 11:43,-,0.04 dias,-,-,-,-
1896887,📍 Definir Unidade de Atendimento,1,-,-,2025-08-20 10:04:15,20/08/2025 10:04,20/08/2025 10:04,-,0.0 dias,-,-,-,-
1896887,🕵️ Análise Agente de Crédito,4,Danielle,-,2025-08-20 10:04:33,20/08/2025 10:04,20/08/2025 12:46,-,0.11 dias,-,-,-,-
1896887,👤 Análise Coordenação,6,elenita@bancovale.org.br,-,2025-08-20 12:46:56,20/08/2025 12:46,20/08/2025 16:28,-,0.15 dias,-,-,-,-
1895757,📍 Definir Unidade de Atendimento,1,-,-,2025-08-20 08:41:26,20/08/2025 08:41,20/08/2025 09:00,-,0.01 dias,-,-,-,-
1895757,🔍 Análise SPC (Serasa / SPC Brasil),2,comercialdigital@bancodovale.com.br,-,2025-08-20 09:00:29,20/08/2025 09:00,20/08/2025 10:09,-,0.05 dias,-,-,-,-
1895757,🕵️ Análise Agente de Crédito,4,comercialdigital@bancodovale.com.br,-,2025-08-20 10:09:35,20/08/2025 10:09,20/08/2025 10:11,-,0.0 dias,-,-,-,-
1895304,📍 Definir Unidade de Atendimento,1,-,-,2025-08-20 07:49:35,20/08/2025 07:49,20/08/2025 08:58,-,0.05 dias,-,-,-,-
1895304,🔍 Análise SPC (Serasa / SPC Brasil),2,comercialdigital@bancodovale.com.br,-,2025-08-20 08:58:59,20/08/2025 08:58,20/08/2025 11:08,-,0.09 dias,-,-,-,-
1895304,🔴 Pendência SPC,3,KATLIN,-,2025-08-20 11:08:04,20/08/2025 11:08,20/08/2025 11:11,-,0.0 dias,-,-,-,-
1895247,📍 Definir Unidade de Atendimento,1,-,-,2025-08-19 20:30:56,19/08/2025 20:30,20/08/2025 08:54,-,0.52 dias,-,-,-,-
1895247,🔍 Análise SPC (Serasa / SPC Brasil),2,comercialdigital@bancodovale.com.br,-,2025-08-20 08:54:01,20/08/2025 08:54,20/08/2025 10:21,-,0.06 dias,-,-,-,-
1895247,🕵️ Análise Agente de Crédito,4,ivan@bancodovale.org.br,-,2025-08-20 10:21:16,20/08/2025 10:21,20/08/2025 10:21,-,0.0 dias,-,-,-,-
1895211,📍 Definir Unidade de Atendimento,1,-,-,2025-08-19 19:24:40,19/08/2025 19:24,20/08/2025 08:22,-,0.54 dias,-,-,-,-
1895211,🕵️ Análise Agente de Crédito,4,bancodovaletimbo@bancodovale.org.br,-,2025-08-20 08:22:32,20/08/2025 08:22,20/08/2025 08:29,-,0.0 dias,-,-,-,-
1895211,🔴 Pendência SPC,3,bancodovaletimbo@bancodovale.org.br,-,2025-08-20 08:29:18,20/08/2025 08:29,20/08/2025 09:59,-,0.06 dias,-,-,-,-
1895013,🔍 Análise SPC (Serasa / SPC Brasil),2,comercialdigital@bancodovale.com.br,-,2025-08-19 16:54:51,19/08/2025 16:54,20/08/2025 13:14,-,0.85 dias,-,-,-,-
1895013,🕵️ Análise Agente de Crédito,4,Danielle,-,2025-08-20 13:14:25,20/08/2025 13:14,20/08/2025 14:36,-,0.06 dias,-,-,-,-
1894454,🔍 Análise SPC (Serasa / SPC Brasil),2,comercialdigital@bancodovale.com.br,-,2025-08-19 16:35:42,19/08/2025 16:35,20/08/2025 08:13,-,0.65 dias,-,-,-,-
1894454,🕵️ Análise Agente de Crédito,4,bancodovaletimbo@bancodovale.org.br,-,2025-08-20 08:13:52,20/08/2025 08:13,20/08/2025 08:20,-,0.0 dias,-,-,-,-
1891753,🧾 Análise Mesa de Crédito,8,KATLIN,-,2025-08-19 09:15:37,19/08/2025 09:15,20/08/2025 08:46,-,0.98 dias,-,-,-,-
1890562,🔴 Pendência SPC,3,bancodovaletimbo@bancodovale.org.br,-,2025-08-18 16:07:09,18/08/2025 16:07,20/08/2025 08:32,-,1.68 dias,-,-,-,-
1890329,🔴 Pendência SPC,3,jaragua@bancodovale.org.br,-,2025-08-18 17:22:55,18/08/2025 17:22,20/08/2025 15:40,-,1.93 dias,-,-,-,-
1886490,🕵️ Análise Agente de Crédito,4,Danielle,-,2025-08-18 08:41:51,18/08/2025 08:41,20/08/2025 14:02,-,2.22 dias,-,-,-,-
1886157,🕵️ Análise Agente de Crédito,4,Danielle,-,2025-08-15 12:35:30,15/08/2025 12:35,20/08/2025 14:41,-,5.09 dias,-,-,-,-
1885201,⚠️ Pendente Cliente,W,jessica@bancodovale.org.br,-,2025-08-14 17:18:26,14/08/2025 17:18,20/08/2025 13:57,-,5.86 dias,-,-,-,-
1885180,🧾 Análise Mesa de Crédito,8,thiago@bancodovale.org.br,-,2025-08-18 16:50:37,18/08/2025 16:50,20/08/2025 16:48,-,2.0 dias,-,-,-,-
1883048,🕵️ Análise Agente de Crédito,4,rio@bancodovale.org.br,-,2025-08-13 11:00:15,13/08/2025 11:00,20/08/2025 08:25,-,6.89 dias,-,-,-,-
1882734,🕵️ Análise Agente de Crédito,4,rio@bancodovale.org.br,-,2025-08-12 16:54:48,12/08/2025 16:54,20/08/2025 09:55,-,7.71 dias,-,-,-,-
1879325,⚠️ Pendente Cliente,W,jessica@bancodovale.org.br,-,2025-08-11 16:59:21,11/08/2025 16:59,20/08/2025 13:58,-,8.87 dias,-,-,-,-
1877950,⚠️ Pendente Cliente,W,natalia@bancodovale.org.br,-,2025-08-11 16:39:37,11/08/2025 16:39,20/08/2025 10:52,-,8.76 dias,-,-,-,-
1876254,🕵️ Análise Agente de Crédito,4,Danielle,-,2025-08-11 12:48:23,11/08/2025 12:48,20/08/2025 14:35,-,9.07 dias,-,-,-,-
1875591,🔴 Pendência SPC,3,regina@bancodovale.org.br,-,2025-08-14 09:07:36,14/08/2025 09:07,20/08/2025 14:06,-,6.21 dias,-,-,-,-
1874004,⚠️ Pendente Cliente,W,natalia@bancodovale.org.br,-,2025-08-08 12:09:18,08/08/2025 12:09,20/08/2025 11:20,-,11.97 dias,-,-,-,-
1873680,⚠️ Pendente Cliente,W,natalia@bancodovale.org.br,-,2025-08-07 15:43:00,07/08/2025 15:43,20/08/2025 10:58,-,12.8 dias,-,-,-,-
1872724,🔴 Pendência SPC,3,rio@bancodovale.org.br,-,2025-08-07 09:35:52,07/08/2025 09:35,20/08/2025 14:04,-,13.19 dias,-,-,-,-
1786923,📍 Definir Unidade de Atendimento,1,-,-,2025-06-20 19:53:30,20/06/2025 19:53,23/06/2025 09:29,-,2.57 dias,-,-,-,-
1786923,🔍 Análise SPC (Serasa / SPC Brasil),2,thiago@bancodovale.org.br,-,2025-06-23 09:29:23,23/06/2025 09:29,23/06/2025 09:51,-,0.02 dias,-,-,-,-
1786923,🕵️ Análise Agente de Crédito,4,KATLIN,-,2025-06-23 09:51:20,23/06/2025 09:51,23/06/2025 10:42,-,0.04 dias,-,-,-,-
1786923,⚠️ Pendência – Agente de Crédito,5,hilta@bancodovale.org.br,-,2025-06-23 10:42:32,23/06/2025 10:42,23/06/2025 15:32,-,0.2 dias,-,-,-,-
1786923,⚠️ Pendente Cliente,W,hilta@bancodovale.org.br,-,2025-06-23 15:32:22,23/06/2025 15:32,20/08/2025 15:27,-,58.0 dias,-,-,-,-
1676478,📍 Definir Unidade de Atendimento,1,-,-,2025-04-25 13:18:47,25/04/2025 13:18,25/04/2025 15:57,-,0.11 dias,-,-,-,-
1676478,🕵️ Análise Agente de Crédito,4,rio@bancodovale.org.br,-,2025-04-25 15:57:19,25/04/2025 15:57,29/04/2025 11:05,-,3.8 dias,-,-,-,-
1676478,🧾 Análise Mesa de Crédito,8,diogo@bancodovale.org.br,-,2025-04-29 11:05:18,29/04/2025 11:05,29/04/2025 13:21,-,0.09 dias,-,-,-,-
1676376,📍 Definir Unidade de Atendimento,1,-,-,2025-04-25 12:31:22,25/04/2025 12:31,25/04/2025 13:55,-,0.06 dias,-,-,-,-
1676376,🔍 Análise SPC (Serasa / SPC Brasil),2,comercialdigital@bancodovale.org.br,-,2025-04-25 13:55:34,25/04/2025 13:55,28/04/2025 10:34,-,2.86 dias,-,-,-,-
1580771,📍 Definir Unidade de Atendimento,1,-,-,2025-03-24 13:55:48,24/03/2025 13:55,24/03/2025 15:35,-,0.07 dias,-,-,-,-
1092423,🕵️ Análise Agente de Crédito,4,rio@bancodovale.org.br,-,2025-08-19 13:35:15,19/08/2025 13:35,20/08/2025 14:13,-,1.03 dias,-,-,-,-
634121,📍 Definir Unidade de Atendimento,1,-,-,2023-04-27 10:54:50,27/04/2023 10:54,27/04/2023 10:55,-,0.0 dias,-,-,-,-
634121,🕵️ Análise Agente de Crédito,4,riodosul@bancodovale.org.br,-,2023-04-27 10:55:12,27/04/2023 10:55,05/06/2023 16:56,-,39.25 dias,-,-,-,-
634121,🙅 Desistiu,Z,juliano@bancodovale.org.br,-,2023-06-05 16:56:02,05/06/2023 16:56,20/08/2025 09:45,-,806.7 dias,-,-,-,-
472896,📍 Definir Unidade de Atendimento,1,-,-,2022-11-21 10:35:01,21/11/2022 10:35,21/11/2022 10:37,-,0.0 dias,-,-,-,-
472896,🔍 Análise SPC (Serasa / SPC Brasil),2,angela@bancodovale.org.br,-,2022-11-21 10:37:48,21/11/2022 10:37,21/11/2022 10:58,-,0.01 dias,-,-,-,-
472896,🔴 Pendência SPC,3,bancodovaletimbo@bancodovale.org.br,-,2022-11-21 10:58:35,21/11/2022 10:58,25/01/2023 10:13,-,64.97 dias,-,-,-,-
472896,❌ Reprovado,X,caciane@bancodovale.org.br,-,2023-01-25 10:13:17,25/01/2023 10:13,07/06/2023 10:20,-,133.0 dias,-,-,-,-
472896,👤 Análise Coordenação,6,claucia@bancodovale.org.br,-,2023-06-07 10:20:01,07/06/2023 10:20,07/06/2023 10:44,-,0.02 dias,-,-,-,-
472896,🧾 Análise Mesa de Crédito,8,angela@bancodovale.org.br,-,2023-06-07 10:44:38,07/06/2023 10:44,30/06/2023 14:42,-,23.16 dias,-,-,-,-
472896,✅ Aprovado,0,fernandosandri@bancodovale.org.br,-,2023-06-30 14:42:07,30/06/2023 14:42,14/06/2024 09:35,-,349.79 dias,-,-,-,-
472896,🧾 Análise Mesa de Crédito,8,caciane@bancodovale.org.br,-,2024-06-14 09:35:02,14/06/2024 09:35,14/06/2024 11:22,-,0.07 dias,-,-,-,-
472896,✅ Aprovado,0,Fernando,-,2024-06-14 11:22:49,14/06/2024 11:22,20/08/2025 11:43,-,432.01 dias,-,-,-,-
472896,🕵️ Análise Agente de Crédito,4,bancodovaletimbo@bancodovale.org.br,-,2025-08-20 11:43:11,20/08/2025 11:43,20/08/2025 16:27,-,0.2 dias,-,-,-,-
300840,🧾 Análise Mesa de Crédito,8,rejane@bancodovale.org.br,-,2025-08-18 16:49:43,18/08/2025 16:49,20/08/2025 16:05,-,1.97 dias,-,-,-,-
23175,📍 Definir Unidade de Atendimento,1,-,-,2020-12-09 11:36:02,09/12/2020 11:36,09/12/2020 11:37,-,0.0 dias,-,-,-,-
23175,🕵️ Análise Agente de Crédito,4,bancodovaletimbo@bancodovale.org.br,-,2020-12-09 11:37:10,09/12/2020 11:37,10/12/2020 10:16,-,0.94 dias,-,-,-,-
23175,❌ Reprovado,X,brunathalia@bancodovale.org.br,-,2020-12-10 10:16:58,10/12/2020 10:16,08/02/2021 10:05,-,59.99 dias,-,-,-,-
23175,🧾 Análise Mesa de Crédito,8,caciane@bancodovale.org.br,-,2021-02-08 10:05:41,08/02/2021 10:05,09/02/2021 07:32,-,0.89 dias,-,-,-,-
23175,⚠️ Pendência – Agente de Crédito,5,roberto@bancodovale.org.br,-,2021-02-09 07:32:22,09/02/2021 07:32,09/02/2021 07:34,-,0.0 dias,-,-,-,-
23175,⚠️ Pendência Mesa de Crédito,9,roberto@bancodovale.org.br,-,2021-02-09 07:34:45,09/02/2021 07:34,11/02/2021 10:05,-,2.1 dias,-,-,-,-
23175,✅ Aprovado,0,fernandosandri@bancodovale.org.br,-,2021-02-11 10:05:20,11/02/2021 10:05,13/01/2022 15:48,-,336.24 dias,-,-,-,-
23175,🕵️ Análise Agente de Crédito,4,bancodovaletimbo@bancodovale.org.br,-,2022-01-13 15:48:10,13/01/2022 15:48,13/01/2022 16:41,-,0.04 dias,-,-,-,-
23175,👤 Análise Coordenação,6,prescila@bancodovale.org.br,-,2022-01-13 16:41:27,13/01/2022 16:41,13/01/2022 16:42,-,0.0 dias,-,-,-,-
23175,🧾 Análise Mesa de Crédito,8,angela@bancodovale.org.br,-,2022-01-13 16:42:13,13/01/2022 16:42,17/01/2022 10:33,-,3.74 dias,-,-,-,-
23175,✅ Aprovado,0,fernandosandri@bancodovale.org.br,-,2022-01-17 10:33:24,17/01/2022 10:33,16/06/2023 10:51,-,515.01 dias,-,-,-,-
23175,👤 Análise Coordenação,6,caciane@bancodovale.org.br,-,2023-06-16 10:51:21,16/06/2023 10:51,16/06/2023 11:15,-,0.02 dias,-,-,-,-
23175,🧾 Análise Mesa de Crédito,8,angela@bancodovale.org.br,-,2023-06-16 11:15:51,16/06/2023 11:15,20/06/2023 10:01,-,3.95 dias,-,-,-,-
23175,✅ Aprovado,0,fernandosandri@bancodovale.org.br,-,2023-06-20 10:01:00,20/06/2023 10:01,20/08/2025 11:18,-,792.05 dias,-,-,-,-
1904652,📍 Definir Unidade de Atendimento,1,-,-,2025-08-21 16:07:50,21/08/2025 16:07,21/08/2025 16:09,-,0.0 dias,-,-,-,-
1904652,🔍 Análise SPC (Serasa / SPC Brasil),2,comercialdigital@bancodovale.com.br,-,2025-08-21 16:09:01,21/08/2025 16:09,21/08/2025 16:58,-,0.03 dias,-,-,-,-
1904652,🕵️ Análise Agente de Crédito,4,comercialdigital@bancodovale.com.br,-,2025-08-21 16:58:32,21/08/2025 16:58,21/08/2025 17:04,-,0.0 dias,-,-,-,-
1901925,🔍 Análise SPC (Serasa / SPC Brasil),2,comercialdigital@bancodovale.com.br,-,2025-08-20 17:23:31,20/08/2025 17:23,21/08/2025 11:58,-,0.77 dias,-,-,-,-
1884467,🔴 Pendência SPC,3,jaragua@bancodovale.org.br,-,2025-08-14 14:02:04,14/08/2025 14:02,21/08/2025 14:52,-,7.04 dias,-,-,-,-
1905129,📍 Definir Unidade de Atendimento,1,-,-,2025-08-21 17:09:30,21/08/2025 17:09,21/08/2025 17:10,-,0.0 dias,-,-,-,-
1905129,🔴 Pendência SPC,3,bancodovaletimbo@bancodovale.org.br,-,2025-08-21 17:10:41,21/08/2025 17:10,21/08/2025 17:10,-,0.0 dias,-,-,-,-
1905117,📍 Definir Unidade de Atendimento,1,-,-,2025-08-21 17:02:51,21/08/2025 17:02,21/08/2025 17:03,-,0.0 dias,-,-,-,-
1905116,📍 Definir Unidade de Atendimento,1,-,-,2025-08-21 16:59:47,21/08/2025 16:59,21/08/2025 17:01,-,0.0 dias,-,-,-,-
1905063,📍 Definir Unidade de Atendimento,1,-,-,2025-08-21 16:50:13,21/08/2025 16:50,21/08/2025 16:51,-,0.0 dias,-,-,-,-
1904987,📍 Definir Unidade de Atendimento,1,-,-,2025-08-21 16:44:03,21/08/2025 16:44,21/08/2025 17:01,-,0.01 dias,-,-,-,-
1904834,📍 Definir Unidade de Atendimento,1,-,-,2025-08-21 16:27:27,21/08/2025 16:27,21/08/2025 16:28,-,0.0 dias,-,-,-,-
1904785,📍 Definir Unidade de Atendimento,1,-,-,2025-08-21 16:24:49,21/08/2025 16:24,21/08/2025 16:25,-,0.0 dias,-,-,-,-
1904764,📍 Definir Unidade de Atendimento,1,-,-,2025-08-21 16:19:59,21/08/2025 16:19,21/08/2025 16:20,-,0.0 dias,-,-,-,-
1904758,📍 Definir Unidade de Atendimento,1,-,-,2025-08-21 16:17:15,21/08/2025 16:17,21/08/2025 16:17,-,0.0 dias,-,-,-,-
1904758,🕵️ Análise Agente de Crédito,4,Danielle,-,2025-08-21 16:17:33,21/08/2025 16:17,21/08/2025 16:21,-,0.0 dias,-,-,-,-
1904695,📍 Definir Unidade de Atendimento,1,-,-,2025-08-21 16:11:16,21/08/2025 16:11,21/08/2025 16:11,-,0.0 dias,-,-,-,-
1904695,🕵️ Análise Agente de Crédito,4,Danielle,-,2025-08-21 16:11:38,21/08/2025 16:11,21/08/2025 17:11,-,0.04 dias,-,-,-,-
1904645,📍 Definir Unidade de Atendimento,1,-,-,2025-08-21 16:04:13,21/08/2025 16:04,21/08/2025 16:07,-,0.0 dias,-,-,-,-
1904645,🔍 Análise SPC (Serasa / SPC Brasil),2,comercialdigital@bancodovale.com.br,-,2025-08-21 16:07:32,21/08/2025 16:07,21/08/2025 16:59,-,0.04 dias,-,-,-,-
1904645,🕵️ Análise Agente de Crédito,4,comercialdigital@bancodovale.com.br,-,2025-08-21 16:59:47,21/08/2025 16:59,21/08/2025 17:06,-,0.0 dias,-,-,-,-
1904494,📍 Definir Unidade de Atendimento,1,-,-,2025-08-21 15:40:22,21/08/2025 15:40,21/08/2025 15:41,-,0.0 dias,-,-,-,-
1904056,📍 Definir Unidade de Atendimento,1,-,-,2025-08-21 14:19:29,21/08/2025 14:19,21/08/2025 14:26,-,0.0 dias,-,-,-,-
1904038,📍 Definir Unidade de Atendimento,1,-,-,2025-08-21 14:11:36,21/08/2025 14:11,21/08/2025 14:14,-,0.0 dias,-,-,-,-
1904038,🕵️ Análise Agente de Crédito,4,comercialdigital@bancodovale.com.br,-,2025-08-21 14:14:16,21/08/2025 14:14,21/08/2025 14:22,-,0.01 dias,-,-,-,-
1904038,👤 Análise Coordenação,6,alinef@bancodovale.org.br,-,2025-08-21 14:22:53,21/08/2025 14:22,21/08/2025 17:10,-,0.12 dias,-,-,-,-
1904005,📍 Definir Unidade de Atendimento,1,-,-,2025-08-21 13:56:06,21/08/2025 13:56,21/08/2025 13:56,-,0.0 dias,-,-,-,-
1903963,📍 Definir Unidade de Atendimento,1,-,-,2025-08-21 13:37:44,21/08/2025 13:37,21/08/2025 14:25,-,0.03 dias,-,-,-,-
1903963,🔍 Análise SPC (Serasa / SPC Brasil),2,comercialdigital@bancodovale.com.br,-,2025-08-21 14:25:07,21/08/2025 14:25,21/08/2025 15:46,-,0.06 dias,-,-,-,-
1903960,📍 Definir Unidade de Atendimento,1,-,-,2025-08-21 13:37:26,21/08/2025 13:37,21/08/2025 14:22,-,0.03 dias,-,-,-,-
1903960,🔍 Análise SPC (Serasa / SPC Brasil),2,comercialdigital@bancodovale.com.br,-,2025-08-21 14:22:55,21/08/2025 14:22,21/08/2025 14:49,-,0.02 dias,-,-,-,-
1903960,🕵️ Análise Agente de Crédito,4,comercialdigital@bancodovale.com.br,-,2025-08-21 14:49:19,21/08/2025 14:49,21/08/2025 14:57,-,0.01 dias,-,-,-,-
1903959,📍 Definir Unidade de Atendimento,1,-,-,2025-08-21 13:36:49,21/08/2025 13:36,21/08/2025 14:29,-,0.04 dias,-,-,-,-
1903955,📍 Definir Unidade de Atendimento,1,-,-,2025-08-21 13:34:02,21/08/2025 13:34,21/08/2025 13:35,-,0.0 dias,-,-,-,-
1903955,🕵️ Análise Agente de Crédito,4,bancodovaletimbo@bancodovale.org.br,-,2025-08-21 13:35:32,21/08/2025 13:35,21/08/2025 13:36,-,0.0 dias,-,-,-,-
1903926,📍 Definir Unidade de Atendimento,1,-,-,2025-08-21 13:21:41,21/08/2025 13:21,21/08/2025 14:21,-,0.04 dias,-,-,-,-
1903926,🔍 Análise SPC (Serasa / SPC Brasil),2,comercialdigital@bancodovale.com.br,-,2025-08-21 14:21:31,21/08/2025 14:21,21/08/2025 14:44,-,0.02 dias,-,-,-,-
1903924,📍 Definir Unidade de Atendimento,1,-,-,2025-08-21 13:20:05,21/08/2025 13:20,21/08/2025 13:23,-,0.0 dias,-,-,-,-
1903924,🕵️ Análise Agente de Crédito,4,bancodovaletimbo@bancodovale.org.br,-,2025-08-21 13:23:50,21/08/2025 13:23,21/08/2025 13:23,-,0.0 dias,-,-,-,-
1903924,🔴 Pendência SPC,3,bancodovaletimbo@bancodovale.org.br,-,2025-08-21 13:23:50,21/08/2025 13:23,21/08/2025 14:38,-,0.05 dias,-,-,-,-
1903907,📍 Definir Unidade de Atendimento,1,-,-,2025-08-21 13:12:18,21/08/2025 13:12,21/08/2025 13:13,-,0.0 dias,-,-,-,-
1903907,🔴 Pendência SPC,3,bancodovaletimbo@bancodovale.org.br,-,2025-08-21 13:13:15,21/08/2025 13:13,21/08/2025 14:38,-,0.06 dias,-,-,-,-
1903876,📍 Definir Unidade de Atendimento,1,-,-,2025-08-21 13:00:16,21/08/2025 13:00,21/08/2025 13:01,-,0.0 dias,-,-,-,-
1903857,📍 Definir Unidade de Atendimento,1,-,-,2025-08-21 12:57:02,21/08/2025 12:57,21/08/2025 14:21,-,0.06 dias,-,-,-,-
1903831,📍 Definir Unidade de Atendimento,1,-,-,2025-08-21 12:38:40,21/08/2025 12:38,21/08/2025 14:21,-,0.07 dias,-,-,-,-
1903814,📍 Definir Unidade de Atendimento,1,-,-,2025-08-21 12:24:42,21/08/2025 12:24,21/08/2025 12:29,-,0.0 dias,-,-,-,-
1903814,🔍 Análise SPC (Serasa / SPC Brasil),2,comercialdigital@bancodovale.com.br,-,2025-08-21 12:29:02,21/08/2025 12:29,21/08/2025 14:16,-,0.07 dias,-,-,-,-
1903797,📍 Definir Unidade de Atendimento,1,-,-,2025-08-21 12:11:23,21/08/2025 12:11,21/08/2025 12:24,-,0.01 dias,-,-,-,-
1903797,🔍 Análise SPC (Serasa / SPC Brasil),2,comercialdigital@bancodovale.com.br,-,2025-08-21 12:24:31,21/08/2025 12:24,21/08/2025 14:43,-,0.1 dias,-,-,-,-
1903775,📍 Definir Unidade de Atendimento,1,-,-,2025-08-21 11:59:17,21/08/2025 11:59,21/08/2025 12:00,-,0.0 dias,-,-,-,-
1903775,🔴 Pendência SPC,3,bancodovaletimbo@bancodovale.org.br,-,2025-08-21 12:00:01,21/08/2025 12:00,21/08/2025 12:00,-,0.0 dias,-,-,-,-
1903757,📍 Definir Unidade de Atendimento,1,-,-,2025-08-21 11:46:00,21/08/2025 11:46,21/08/2025 11:48,-,0.0 dias,-,-,-,-
1903725,📍 Definir Unidade de Atendimento,1,-,-,2025-08-21 11:27:44,21/08/2025 11:27,21/08/2025 11:29,-,0.0 dias,-,-,-,-
1903660,📍 Definir Unidade de Atendimento,1,-,-,2025-08-21 11:00:45,21/08/2025 11:00,21/08/2025 11:28,-,0.02 dias,-,-,-,-
1903659,📍 Definir Unidade de Atendimento,1,-,-,2025-08-21 11:00:44,21/08/2025 11:00,21/08/2025 11:28,-,0.02 dias,-,-,-,-
1903643,📍 Definir Unidade de Atendimento,1,-,-,2025-08-21 10:54:02,21/08/2025 10:54,21/08/2025 10:55,-,0.0 dias,-,-,-,-
1903632,📍 Definir Unidade de Atendimento,1,-,-,2025-08-21 10:47:10,21/08/2025 10:47,21/08/2025 10:49,-,0.0 dias,-,-,-,-
1903632,🕵️ Análise Agente de Crédito,4,comercialdigital@bancodovale.com.br,-,2025-08-21 10:49:25,21/08/2025 10:49,21/08/2025 10:52,-,0.0 dias,-,-,-,-
1903632,👤 Análise Coordenação,6,natalia@bancodovale.org.br,-,2025-08-21 10:52:22,21/08/2025 10:52,21/08/2025 11:42,-,0.03 dias,-,-,-,-
1903472,📍 Definir Unidade de Atendimento,1,-,-,2025-08-21 09:50:45,21/08/2025 09:50,21/08/2025 09:51,-,0.0 dias,-,-,-,-
1903463,📍 Definir Unidade de Atendimento,1,-,-,2025-08-21 09:47:51,21/08/2025 09:47,21/08/2025 09:48,-,0.0 dias,-,-,-,-
1903461,📍 Definir Unidade de Atendimento,1,-,-,2025-08-21 09:47:33,21/08/2025 09:47,21/08/2025 09:51,-,0.0 dias,-,-,-,-
1903382,📍 Definir Unidade de Atendimento,1,-,-,2025-08-21 09:32:25,21/08/2025 09:32,21/08/2025 09:43,-,0.01 dias,-,-,-,-
1903382,🕵️ Análise Agente de Crédito,4,emilia@bancodovale.org.br,-,2025-08-21 09:43:38,21/08/2025 09:43,21/08/2025 12:53,-,0.13 dias,-,-,-,-
1903379,📍 Definir Unidade de Atendimento,1,-,-,2025-08-21 09:30:57,21/08/2025 09:30,21/08/2025 09:57,-,0.02 dias,-,-,-,-
1903379,🔍 Análise SPC (Serasa / SPC Brasil),2,comercialdigital@bancodovale.com.br,-,2025-08-21 09:57:43,21/08/2025 09:57,21/08/2025 10:23,-,0.02 dias,-,-,-,-
1903379,🕵️ Análise Agente de Crédito,4,comercialdigital@bancodovale.com.br,-,2025-08-21 10:23:46,21/08/2025 10:23,21/08/2025 10:49,-,0.02 dias,-,-,-,-
1903270,📍 Definir Unidade de Atendimento,1,-,-,2025-08-21 09:02:42,21/08/2025 09:02,21/08/2025 09:04,-,0.0 dias,-,-,-,-
1903270,🔍 Análise SPC (Serasa / SPC Brasil),2,comercialdigital@bancodovale.com.br,-,2025-08-21 09:04:01,21/08/2025 09:04,21/08/2025 10:55,-,0.08 dias,-,-,-,-
1902153,📍 Definir Unidade de Atendimento,1,-,-,2025-08-21 03:00:38,21/08/2025 03:00,21/08/2025 09:03,-,0.25 dias,-,-,-,-
1902094,📍 Definir Unidade de Atendimento,1,-,-,2025-08-20 19:54:29,20/08/2025 19:54,21/08/2025 09:01,-,0.55 dias,-,-,-,-
1902094,🔍 Análise SPC (Serasa / SPC Brasil),2,comercialdigital@bancodovale.com.br,-,2025-08-21 09:01:43,21/08/2025 09:01,21/08/2025 10:11,-,0.05 dias,-,-,-,-
1902094,🕵️ Análise Agente de Crédito,4,comercialdigital@bancodovale.com.br,-,2025-08-21 10:11:17,21/08/2025 10:11,21/08/2025 12:40,-,0.1 dias,-,-,-,-
1902081,📍 Definir Unidade de Atendimento,1,-,-,2025-08-20 19:27:27,20/08/2025 19:27,21/08/2025 08:45,-,0.55 dias,-,-,-,-
1902081,🔍 Análise SPC (Serasa / SPC Brasil),2,comercialdigital@bancodovale.com.br,-,2025-08-21 08:45:32,21/08/2025 08:45,21/08/2025 10:03,-,0.05 dias,-,-,-,-
1902006,📍 Definir Unidade de Atendimento,1,-,-,2025-08-20 18:06:56,20/08/2025 18:06,21/08/2025 08:44,-,0.61 dias,-,-,-,-
1902006,🔍 Análise SPC (Serasa / SPC Brasil),2,comercialdigital@bancodovale.com.br,-,2025-08-21 08:44:59,21/08/2025 08:44,21/08/2025 10:25,-,0.07 dias,-,-,-,-
1901753,🔍 Análise SPC (Serasa / SPC Brasil),2,comercialdigital@bancodovale.com.br,-,2025-08-20 17:22:42,20/08/2025 17:22,21/08/2025 09:43,-,0.68 dias,-,-,-,-
1901669,🧾 Análise Mesa de Crédito,8,jaragua@bancodovale.org.br,-,2025-08-20 16:38:15,20/08/2025 16:38,21/08/2025 15:21,-,0.95 dias,-,-,-,-
1901630,🕵️ Análise Agente de Crédito,4,comercialdigital@bancodovale.com.br,-,2025-08-20 16:29:59,20/08/2025 16:29,21/08/2025 13:02,-,0.86 dias,-,-,-,-
1901630,👤 Análise Coordenação,6,natalia@bancodovale.org.br,-,2025-08-21 13:02:30,21/08/2025 13:02,21/08/2025 14:51,-,0.08 dias,-,-,-,-
1898942,🔴 Pendência SPC,3,jaragua@bancodovale.org.br,-,2025-08-20 15:45:09,20/08/2025 15:45,21/08/2025 10:33,-,0.78 dias,-,-,-,-
1898868,🕵️ Análise Agente de Crédito,4,Danielle,-,2025-08-20 13:16:25,20/08/2025 13:16,21/08/2025 17:22,-,1.17 dias,-,-,-,-
1898297,🕵️ Análise Agente de Crédito,4,bancodovaletimbo@bancodovale.org.br,-,2025-08-20 12:06:13,20/08/2025 12:06,21/08/2025 09:27,-,0.89 dias,-,-,-,-
1896887,🧾 Análise Mesa de Crédito,8,roberto@bancodovale.org.br,-,2025-08-20 16:28:16,20/08/2025 16:28,21/08/2025 16:19,-,0.99 dias,-,-,-,-
1895184,🕵️ Análise Agente de Crédito,4,jaragua@bancodovale.org.br,-,2025-08-19 18:45:58,19/08/2025 18:45,21/08/2025 09:34,-,1.62 dias,-,-,-,-
1895000,🕵️ Análise Agente de Crédito,4,jaragua@bancodovale.org.br,-,2025-08-19 16:44:35,19/08/2025 16:44,21/08/2025 14:59,-,1.93 dias,-,-,-,-
1894454,🔴 Pendência SPC,3,bancodovaletimbo@bancodovale.org.br,-,2025-08-20 08:20:27,20/08/2025 08:20,21/08/2025 09:27,-,1.05 dias,-,-,-,-
1892082,🕵️ Análise Agente de Crédito,4,bancodovaletimbo@bancodovale.org.br,-,2025-08-19 09:52:38,19/08/2025 09:52,21/08/2025 09:27,-,1.98 dias,-,-,-,-
1890869,🧾 Análise Mesa de Crédito,8,roberto@bancodovale.org.br,-,2025-08-19 17:03:17,19/08/2025 17:03,21/08/2025 16:19,-,1.97 dias,-,-,-,-
1886003,🕵️ Análise Agente de Crédito,4,Bruno,-,2025-08-15 13:59:54,15/08/2025 13:59,21/08/2025 17:00,-,6.13 dias,-,-,-,-
1885384,🕵️ Análise Agente de Crédito,4,Bruno,-,2025-08-14 16:50:19,14/08/2025 16:50,21/08/2025 17:00,-,7.01 dias,-,-,-,-
1885173,🧾 Análise Mesa de Crédito,8,thiago@bancodovale.org.br,-,2025-08-15 15:11:19,15/08/2025 15:11,21/08/2025 10:24,-,5.8 dias,-,-,-,-
1884415,🕵️ Análise Agente de Crédito,4,comercialdigital@bancodovale.com.br,-,2025-08-14 09:21:23,14/08/2025 09:21,21/08/2025 14:23,-,7.21 dias,-,-,-,-
1882734,🧾 Análise Mesa de Crédito,8,regina@bancodovale.org.br,-,2025-08-20 09:55:56,20/08/2025 09:55,21/08/2025 09:44,-,0.99 dias,-,-,-,-
1879524,🧾 Análise Mesa de Crédito,8,jaragua@bancodovale.org.br,-,2025-08-19 14:11:50,19/08/2025 14:11,21/08/2025 08:42,-,1.77 dias,-,-,-,-
1877213,🕵️ Análise Agente de Crédito,4,comercialdigital@bancodovale.com.br,-,2025-08-11 11:02:25,11/08/2025 11:02,21/08/2025 14:24,-,10.14 dias,-,-,-,-
1876501,🕵️ Análise Agente de Crédito,4,comercialdigital@bancodovale.com.br,-,2025-08-11 11:04:16,11/08/2025 11:04,21/08/2025 14:24,-,10.14 dias,-,-,-,-
1874708,⚠️ Pendente Cliente,W,adriana@bancodovale.org.br,-,2025-08-11 10:12:21,11/08/2025 10:12,21/08/2025 09:07,-,9.96 dias,-,-,-,-
1874708,🧾 Análise Mesa de Crédito,8,KATLIN,-,2025-08-21 09:07:59,21/08/2025 09:07,21/08/2025 09:13,-,0.0 dias,-,-,-,-
1861303,🙅 Desistiu,Z,jessica@bancodovale.org.br,-,2025-08-04 15:22:20,04/08/2025 15:22,21/08/2025 18:46,-,17.14 dias,-,-,-,-
1861303,🕵️ Análise Agente de Crédito,4,jaragua@bancodovale.org.br,-,2025-08-21 18:46:11,21/08/2025 18:46,21/08/2025 18:46,-,0.0 dias,-,-,-,-
809085,📍 Definir Unidade de Atendimento,1,-,-,2023-09-12 15:00:49,12/09/2023 15:00,12/09/2023 15:01,-,0.0 dias,-,-,-,-
809085,🕵️ Análise Agente de Crédito,4,bancodovaletimbo@bancodovale.org.br,-,2023-09-12 15:01:01,12/09/2023 15:01,13/09/2023 11:08,-,0.84 dias,-,-,-,-
809085,⚠️ Pendente Cliente,W,caciane@bancodovale.org.br,-,2023-09-13 11:08:39,13/09/2023 11:08,02/10/2023 09:47,-,18.94 dias,-,-,-,-
809085,🙅 Desistiu,Z,bancodovaletimbo@bancodovale.org.br,-,2023-10-02 09:47:04,02/10/2023 09:47,10/03/2025 14:23,-,525.19 dias,-,-,-,-
809085,🔴 Pendência SPC,3,bancodovaletimbo@bancodovale.org.br,-,2025-03-10 14:23:39,10/03/2025 14:23,12/03/2025 08:16,-,1.74 dias,-,-,-,-
809085,❌ Reprovado,X,caciane@bancodovale.org.br,-,2025-03-12 08:16:19,12/03/2025 08:16,21/08/2025 08:55,-,162.03 dias,-,-,-,-
675679,🕵️ Análise Agente de Crédito,4,rio@bancodovale.org.br,-,2025-08-15 17:07:02,15/08/2025 17:07,21/08/2025 14:56,-,5.91 dias,-,-,-,-
23175,🧾 Análise Mesa de Crédito,8,caciane@bancodovale.org.br,-,2025-08-20 11:18:15,20/08/2025 11:18,21/08/2025 10:27,-,0.96 dias,-,-,-,-
20048,📍 Definir Unidade de Atendimento,1,-,-,2020-11-10 15:09:19,10/11/2020 15:09,10/11/2020 15:10,-,0.0 dias,-,-,-,-
20048,🕵️ Análise Agente de Crédito,4,bancodovaletimbo@bancodovale.org.br,-,2020-11-10 15:10:03,10/11/2020 15:10,13/11/2020 16:36,-,3.06 dias,-,-,-,-
20048,🧾 Análise Mesa de Crédito,8,caciane@bancodovale.org.br,-,2020-11-13 16:36:03,13/11/2020 16:36,17/11/2020 15:01,-,3.93 dias,-,-,-,-
20048,⚠️ Pendência Mesa de Crédito,9,fernandosandri@bancodovale.org.br,-,2020-11-17 15:01:15,17/11/2020 15:01,20/11/2020 10:40,-,2.82 dias,-,-,-,-
20048,✅ Aprovado,0,fernandosandri@bancodovale.org.br,-,2020-11-20 10:40:43,20/11/2020 10:40,21/08/2025 09:27,-,1734.95 dias,-,-,-,-
20048,🕵️ Análise Agente de Crédito,4,KATLIN,-,2025-08-21 09:27:10,21/08/2025 09:27,21/08/2025 09:27,-,0.0 dias,-,-,-,-
1782060,🕵️ Análise Agente de Crédito,4,rio@bancodovale.org.br,-,2025-06-20 16:46:05,20/06/2025 16:46,22/08/2025 14:46,-,62.92 dias,-,-,-,-
1906303,📍 Definir Unidade de Atendimento,1,-,-,2025-08-22 17:11:41,22/08/2025 17:11,22/08/2025 17:17,-,0.0 dias,-,-,-,-
1906229,📍 Definir Unidade de Atendimento,1,-,-,2025-08-22 16:24:20,22/08/2025 16:24,22/08/2025 17:03,-,0.03 dias,-,-,-,-
1906229,🔍 Análise SPC (Serasa / SPC Brasil),2,comercialdigital@bancodovale.com.br,-,2025-08-22 17:03:16,22/08/2025 17:03,22/08/2025 17:09,-,0.0 dias,-,-,-,-
1906076,📍 Definir Unidade de Atendimento,1,-,-,2025-08-22 14:47:50,22/08/2025 14:47,22/08/2025 15:11,-,0.02 dias,-,-,-,-
1906076,🔍 Análise SPC (Serasa / SPC Brasil),2,comercialdigital@bancodovale.com.br,-,2025-08-22 15:11:51,22/08/2025 15:11,22/08/2025 17:21,-,0.09 dias,-,-,-,-
1906249,📍 Definir Unidade de Atendimento,1,-,-,2025-08-22 16:34:17,22/08/2025 16:34,22/08/2025 16:35,-,0.0 dias,-,-,-,-
1906245,📍 Definir Unidade de Atendimento,1,-,-,2025-08-22 16:30:41,22/08/2025 16:30,22/08/2025 16:31,-,0.0 dias,-,-,-,-
1906236,📍 Definir Unidade de Atendimento,1,-,-,2025-08-22 16:26:28,22/08/2025 16:26,22/08/2025 16:28,-,0.0 dias,-,-,-,-
1906107,📍 Definir Unidade de Atendimento,1,-,-,2025-08-22 15:04:49,22/08/2025 15:04,22/08/2025 15:07,-,0.0 dias,-,-,-,-
1906107,🕵️ Análise Agente de Crédito,4,comercialdigital@bancodovale.com.br,-,2025-08-22 15:07:18,22/08/2025 15:07,22/08/2025 15:17,-,0.01 dias,-,-,-,-
1906107,👤 Análise Coordenação,6,alinef@bancodovale.org.br,-,2025-08-22 15:17:16,22/08/2025 15:17,22/08/2025 17:10,-,0.08 dias,-,-,-,-
1906069,📍 Definir Unidade de Atendimento,1,-,-,2025-08-22 14:45:28,22/08/2025 14:45,22/08/2025 15:08,-,0.02 dias,-,-,-,-
1906023,📍 Definir Unidade de Atendimento,1,-,-,2025-08-22 14:24:41,22/08/2025 14:24,22/08/2025 14:51,-,0.02 dias,-,-,-,-
1905911,📍 Definir Unidade de Atendimento,1,-,-,2025-08-22 13:11:11,22/08/2025 13:11,22/08/2025 14:07,-,0.04 dias,-,-,-,-
1905911,🔍 Análise SPC (Serasa / SPC Brasil),2,comercialdigital@bancodovale.com.br,-,2025-08-22 14:07:57,22/08/2025 14:07,22/08/2025 14:18,-,0.01 dias,-,-,-,-
1905667,📍 Definir Unidade de Atendimento,1,-,-,2025-08-22 10:48:05,22/08/2025 10:48,22/08/2025 11:09,-,0.01 dias,-,-,-,-
1905667,🔍 Análise SPC (Serasa / SPC Brasil),2,comercialdigital@bancodovale.com.br,-,2025-08-22 11:09:18,22/08/2025 11:09,22/08/2025 11:44,-,0.02 dias,-,-,-,-
1905557,📍 Definir Unidade de Atendimento,1,-,-,2025-08-22 10:13:38,22/08/2025 10:13,22/08/2025 10:15,-,0.0 dias,-,-,-,-
1905506,📍 Definir Unidade de Atendimento,1,-,-,2025-08-22 09:43:07,22/08/2025 09:43,22/08/2025 09:43,-,0.0 dias,-,-,-,-
1905501,📍 Definir Unidade de Atendimento,1,-,-,2025-08-22 09:41:19,22/08/2025 09:41,22/08/2025 09:42,-,0.0 dias,-,-,-,-
1905498,📍 Definir Unidade de Atendimento,1,-,-,2025-08-22 09:39:58,22/08/2025 09:39,22/08/2025 09:40,-,0.0 dias,-,-,-,-
1905478,📍 Definir Unidade de Atendimento,1,-,-,2025-08-22 09:38:59,22/08/2025 09:38,22/08/2025 09:39,-,0.0 dias,-,-,-,-
1905475,📍 Definir Unidade de Atendimento,1,-,-,2025-08-22 09:37:42,22/08/2025 09:37,22/08/2025 09:37,-,0.0 dias,-,-,-,-
1905475,🔴 Pendência SPC,3,jaragua@bancodovale.org.br,-,2025-08-22 09:37:59,22/08/2025 09:37,22/08/2025 09:49,-,0.01 dias,-,-,-,-
1905464,📍 Definir Unidade de Atendimento,1,-,-,2025-08-22 09:34:58,22/08/2025 09:34,22/08/2025 09:35,-,0.0 dias,-,-,-,-
1905433,📍 Definir Unidade de Atendimento,1,-,-,2025-08-22 09:16:50,22/08/2025 09:16,22/08/2025 09:19,-,0.0 dias,-,-,-,-
1905424,📍 Definir Unidade de Atendimento,1,-,-,2025-08-22 09:10:14,22/08/2025 09:10,22/08/2025 09:28,-,0.01 dias,-,-,-,-
1905424,🔍 Análise SPC (Serasa / SPC Brasil),2,comercialdigital@bancodovale.com.br,-,2025-08-22 09:28:01,22/08/2025 09:28,22/08/2025 09:52,-,0.02 dias,-,-,-,-
1905424,🕵️ Análise Agente de Crédito,4,comercialdigital@bancodovale.com.br,-,2025-08-22 09:52:39,22/08/2025 09:52,22/08/2025 10:03,-,0.01 dias,-,-,-,-
1905421,📍 Definir Unidade de Atendimento,1,-,-,2025-08-22 09:08:20,22/08/2025 09:08,22/08/2025 09:08,-,0.0 dias,-,-,-,-
1905404,📍 Definir Unidade de Atendimento,1,-,-,2025-08-22 08:54:01,22/08/2025 08:54,22/08/2025 08:58,-,0.0 dias,-,-,-,-
1905386,📍 Definir Unidade de Atendimento,1,-,-,2025-08-22 08:17:43,22/08/2025 08:17,22/08/2025 08:17,-,0.0 dias,-,-,-,-
1905383,📍 Definir Unidade de Atendimento,1,-,-,2025-08-22 08:14:27,22/08/2025 08:14,22/08/2025 08:45,-,0.02 dias,-,-,-,-
1905226,📍 Definir Unidade de Atendimento,1,-,-,2025-08-21 18:23:41,21/08/2025 18:23,22/08/2025 08:17,-,0.58 dias,-,-,-,-
1905226,🕵️ Análise Agente de Crédito,4,jaragua@bancodovale.org.br,-,2025-08-22 08:17:02,22/08/2025 08:17,22/08/2025 16:25,-,0.34 dias,-,-,-,-
1905221,📍 Definir Unidade de Atendimento,1,-,-,2025-08-21 18:19:32,21/08/2025 18:19,22/08/2025 08:40,-,0.6 dias,-,-,-,-
1905221,🔍 Análise SPC (Serasa / SPC Brasil),2,comercialdigital@bancodovale.com.br,-,2025-08-22 08:40:07,22/08/2025 08:40,22/08/2025 08:46,-,0.0 dias,-,-,-,-
1905167,📍 Definir Unidade de Atendimento,1,-,-,2025-08-21 17:38:40,21/08/2025 17:38,22/08/2025 08:36,-,0.62 dias,-,-,-,-
1905167,🔍 Análise SPC (Serasa / SPC Brasil),2,comercialdigital@bancodovale.com.br,-,2025-08-22 08:36:57,22/08/2025 08:36,22/08/2025 09:26,-,0.03 dias,-,-,-,-
1905167,🕵️ Análise Agente de Crédito,4,comercialdigital@bancodovale.com.br,-,2025-08-22 09:26:47,22/08/2025 09:26,22/08/2025 14:26,-,0.21 dias,-,-,-,-
1905131,📍 Definir Unidade de Atendimento,1,-,-,2025-08-21 17:12:24,21/08/2025 17:12,22/08/2025 08:36,-,0.64 dias,-,-,-,-
1905121,📍 Definir Unidade de Atendimento,1,-,-,2025-08-21 17:04:19,21/08/2025 17:04,22/08/2025 08:33,-,0.65 dias,-,-,-,-
1905121,🔴 Pendência SPC,3,jaragua@bancodovale.org.br,-,2025-08-22 08:33:23,22/08/2025 08:33,22/08/2025 09:39,-,0.05 dias,-,-,-,-
1905117,🕵️ Análise Agente de Crédito,4,Danielle,-,2025-08-21 17:03:06,21/08/2025 17:03,22/08/2025 16:01,-,0.96 dias,-,-,-,-
1905117,👤 Análise Coordenação,6,felipe@bancodovale.org.br,-,2025-08-22 16:01:07,22/08/2025 16:01,22/08/2025 17:10,-,0.05 dias,-,-,-,-
1905116,🕵️ Análise Agente de Crédito,4,jaragua@bancodovale.org.br,-,2025-08-21 17:01:28,21/08/2025 17:01,22/08/2025 16:25,-,0.98 dias,-,-,-,-
1905063,🔴 Pendência SPC,3,bancodovaletimbo@bancodovale.org.br,-,2025-08-21 16:51:47,21/08/2025 16:51,22/08/2025 09:45,-,0.7 dias,-,-,-,-
1904987,🕵️ Análise Agente de Crédito,4,jaragua@bancodovale.org.br,-,2025-08-21 17:01:43,21/08/2025 17:01,22/08/2025 09:32,-,0.69 dias,-,-,-,-
1904834,🔴 Pendência SPC,3,bancodovaletimbo@bancodovale.org.br,-,2025-08-21 16:28:18,21/08/2025 16:28,22/08/2025 09:46,-,0.72 dias,-,-,-,-
1904785,🕵️ Análise Agente de Crédito,4,Danielle,-,2025-08-21 16:25:03,21/08/2025 16:25,22/08/2025 11:49,-,0.81 dias,-,-,-,-
1904758,👤 Análise Coordenação,6,felipe@bancodovale.org.br,-,2025-08-21 16:21:05,21/08/2025 16:21,22/08/2025 17:10,-,1.03 dias,-,-,-,-
1904494,🔴 Pendência SPC,3,bancodovaletimbo@bancodovale.org.br,-,2025-08-21 15:41:28,21/08/2025 15:41,22/08/2025 09:46,-,0.75 dias,-,-,-,-
1903963,🔴 Pendência SPC,3,jaragua@bancodovale.org.br,-,2025-08-21 15:46:09,21/08/2025 15:46,22/08/2025 16:14,-,1.02 dias,-,-,-,-
1903926,🔴 Pendência SPC,3,bancodovaletimbo@bancodovale.org.br,-,2025-08-21 14:44:01,21/08/2025 14:44,22/08/2025 09:47,-,0.79 dias,-,-,-,-
1903876,🕵️ Análise Agente de Crédito,4,bancodovaletimbo@bancodovale.org.br,-,2025-08-21 13:01:18,21/08/2025 13:01,22/08/2025 09:48,-,0.87 dias,-,-,-,-
1903757,🕵️ Análise Agente de Crédito,4,jaragua@bancodovale.org.br,-,2025-08-21 11:48:07,21/08/2025 11:48,22/08/2025 16:28,-,1.19 dias,-,-,-,-
1903725,🕵️ Análise Agente de Crédito,4,jaragua@bancodovale.org.br,-,2025-08-21 11:29:26,21/08/2025 11:29,22/08/2025 08:46,-,0.89 dias,-,-,-,-
1903725,⚠️ Pendente Cliente,W,jessica@bancodovale.org.br,-,2025-08-22 08:46:25,22/08/2025 08:46,22/08/2025 16:58,-,0.34 dias,-,-,-,-
1903660,🕵️ Análise Agente de Crédito,4,jaragua@bancodovale.org.br,-,2025-08-21 11:28:23,21/08/2025 11:28,22/08/2025 16:31,-,1.21 dias,-,-,-,-
1903643,🕵️ Análise Agente de Crédito,4,bancodovaletimbo@bancodovale.org.br,-,2025-08-21 10:55:03,21/08/2025 10:55,22/08/2025 09:48,-,0.95 dias,-,-,-,-
1903632,🧾 Análise Mesa de Crédito,8,roberto@bancodovale.org.br,-,2025-08-21 11:42:12,21/08/2025 11:42,22/08/2025 14:56,-,1.14 dias,-,-,-,-
1903472,🕵️ Análise Agente de Crédito,4,jaragua@bancodovale.org.br,-,2025-08-21 09:51:33,21/08/2025 09:51,22/08/2025 13:56,-,1.17 dias,-,-,-,-
1903463,🕵️ Análise Agente de Crédito,4,jaragua@bancodovale.org.br,-,2025-08-21 09:48:39,21/08/2025 09:48,22/08/2025 11:41,-,1.08 dias,-,-,-,-
1903461,🕵️ Análise Agente de Crédito,4,jaragua@bancodovale.org.br,-,2025-08-21 09:51:04,21/08/2025 09:51,22/08/2025 09:33,-,0.99 dias,-,-,-,-
1903382,👤 Análise Coordenação,6,elenita@bancovale.org.br,-,2025-08-21 12:53:50,21/08/2025 12:53,22/08/2025 10:33,-,0.9 dias,-,-,-,-
1903270,🕵️ Análise Agente de Crédito,4,bancodovaletimbo@bancodovale.org.br,-,2025-08-21 10:55:27,21/08/2025 10:55,22/08/2025 09:50,-,0.95 dias,-,-,-,-
1902094,⚠️ Pendente Cliente,W,natalia@bancodovale.org.br,-,2025-08-21 12:40:29,21/08/2025 12:40,22/08/2025 13:02,-,1.02 dias,-,-,-,-
1901753,🕵️ Análise Agente de Crédito,4,emilia@bancodovale.org.br,-,2025-08-21 09:43:26,21/08/2025 09:43,22/08/2025 09:05,-,0.97 dias,-,-,-,-
1901753,👤 Análise Coordenação,6,elenita@bancovale.org.br,-,2025-08-22 09:05:39,22/08/2025 09:05,22/08/2025 10:40,-,0.07 dias,-,-,-,-
1901686,🕵️ Análise Agente de Crédito,4,jaragua@bancodovale.org.br,-,2025-08-20 16:38:41,20/08/2025 16:38,22/08/2025 08:46,-,1.67 dias,-,-,-,-
1901686,🧾 Análise Mesa de Crédito,8,jessica@bancodovale.org.br,-,2025-08-22 08:46:49,22/08/2025 08:46,22/08/2025 15:40,-,0.29 dias,-,-,-,-
1901630,🧾 Análise Mesa de Crédito,8,roberto@bancodovale.org.br,-,2025-08-21 14:51:58,21/08/2025 14:51,22/08/2025 15:27,-,1.02 dias,-,-,-,-
1899497,🔴 Pendência SPC,3,jaragua@bancodovale.org.br,-,2025-08-20 14:29:56,20/08/2025 14:29,22/08/2025 16:20,-,2.08 dias,-,-,-,-
1899163,🕵️ Análise Agente de Crédito,4,jaragua@bancodovale.org.br,-,2025-08-20 15:32:52,20/08/2025 15:32,22/08/2025 09:38,-,1.75 dias,-,-,-,-
1898868,👤 Análise Coordenação,6,pierre@bancodovale.org.br,-,2025-08-21 17:22:53,21/08/2025 17:22,22/08/2025 08:41,-,0.64 dias,-,-,-,-
1897378,🕵️ Análise Agente de Crédito,4,rio@bancodovale.org.br,-,2025-08-20 10:24:00,20/08/2025 10:24,22/08/2025 14:44,-,2.18 dias,-,-,-,-
1897368,🕵️ Análise Agente de Crédito,4,bancodovaletimbo@bancodovale.org.br,-,2025-08-20 11:43:44,20/08/2025 11:43,22/08/2025 09:51,-,1.92 dias,-,-,-,-
1894454,🧾 Análise Mesa de Crédito,8,caciane@bancodovale.org.br,-,2025-08-21 09:27:01,21/08/2025 09:27,22/08/2025 11:43,-,1.09 dias,-,-,-,-
1892780,🕵️ Análise Agente de Crédito,4,rio@bancodovale.org.br,-,2025-08-19 11:16:45,19/08/2025 11:16,22/08/2025 14:44,-,3.14 dias,-,-,-,-
1892780,🧾 Análise Mesa de Crédito,8,juliano@bancodovale.org.br,-,2025-08-22 14:44:39,22/08/2025 14:44,22/08/2025 15:11,-,0.02 dias,-,-,-,-
1888597,🔴 Pendência SPC,3,jaragua@bancodovale.org.br,-,2025-08-18 15:25:48,18/08/2025 15:25,22/08/2025 09:42,-,3.76 dias,-,-,-,-
1877773,🕵️ Análise Agente de Crédito,4,comercialdigital@bancodovale.com.br,-,2025-08-11 13:32:13,11/08/2025 13:32,22/08/2025 14:27,-,11.04 dias,-,-,-,-
1874810,👤 Análise Coordenação,6,elenita@bancovale.org.br,-,2025-08-08 14:38:52,08/08/2025 14:38,22/08/2025 10:53,-,13.84 dias,-,-,-,-
1874003,⚠️ Pendente Cliente,W,jessica@bancodovale.org.br,-,2025-08-08 16:06:10,08/08/2025 16:06,22/08/2025 09:40,-,13.73 dias,-,-,-,-
1864731,🕵️ Análise Agente de Crédito,4,rio@bancodovale.org.br,-,2025-07-31 11:27:48,31/07/2025 11:27,22/08/2025 14:49,-,22.14 dias,-,-,-,-
1858203,📍 Definir Unidade de Atendimento,1,-,-,2025-07-25 14:51:41,25/07/2025 14:51,25/07/2025 14:57,-,0.0 dias,-,-,-,-
1858203,🔍 Análise SPC (Serasa / SPC Brasil),2,comercialdigital@bancodovale.com.br,-,2025-07-25 14:57:37,25/07/2025 14:57,25/07/2025 16:44,-,0.07 dias,-,-,-,-
1858203,🕵️ Análise Agente de Crédito,4,rio@bancodovale.org.br,-,2025-07-25 16:44:58,25/07/2025 16:44,22/08/2025 14:48,-,27.92 dias,-,-,-,-
1854249,📍 Definir Unidade de Atendimento,1,-,-,2025-07-24 14:47:22,24/07/2025 14:47,24/07/2025 14:48,-,0.0 dias,-,-,-,-
1854249,🕵️ Análise Agente de Crédito,4,rio@bancodovale.org.br,-,2025-07-24 14:48:00,24/07/2025 14:48,22/08/2025 14:48,-,29.0 dias,-,-,-,-
1844589,📍 Definir Unidade de Atendimento,1,-,-,2025-07-19 18:35:32,19/07/2025 18:35,21/07/2025 08:55,-,1.6 dias,-,-,-,-
1844589,🔍 Análise SPC (Serasa / SPC Brasil),2,comercialdigital@bancodovale.com.br,-,2025-07-21 08:55:32,21/07/2025 08:55,23/07/2025 09:47,-,2.04 dias,-,-,-,-
1844589,🕵️ Análise Agente de Crédito,4,rio@bancodovale.org.br,-,2025-07-23 09:47:34,23/07/2025 09:47,23/07/2025 10:48,-,0.04 dias,-,-,-,-
1844589,form - Zerar Dados Agente,B,admin-ale,-,2025-07-23 10:48:22,23/07/2025 10:48,23/07/2025 10:50,-,0.0 dias,-,-,-,-
1844589,🕵️ Análise Agente de Crédito,4,admin-ale,-,2025-07-23 10:50:39,23/07/2025 10:50,23/07/2025 10:50,-,0.0 dias,-,-,-,-
1844589,form - Zerar Dados Agente,B,admin-ale,-,2025-07-23 10:50:49,23/07/2025 10:50,23/07/2025 10:50,-,0.0 dias,-,-,-,-
1844589,🕵️ Análise Agente de Crédito,4,-,-,2025-07-23 10:50:50,23/07/2025 10:50,22/08/2025 14:47,-,30.16 dias,-,-,-,-
1828534,📍 Definir Unidade de Atendimento,1,-,-,2025-07-12 13:32:24,12/07/2025 13:32,14/07/2025 08:45,-,1.8 dias,-,-,-,-
1828534,🔍 Análise SPC (Serasa / SPC Brasil),2,comercialdigital@bancodovale.org.br,-,2025-07-14 08:45:22,14/07/2025 08:45,15/07/2025 17:27,-,1.36 dias,-,-,-,-
1828534,🕵️ Análise Agente de Crédito,4,rio@bancodovale.org.br,-,2025-07-15 17:27:07,15/07/2025 17:27,22/08/2025 14:47,-,37.89 dias,-,-,-,-
1820545,📍 Definir Unidade de Atendimento,1,-,-,2025-07-08 13:13:31,08/07/2025 13:13,08/07/2025 13:14,-,0.0 dias,-,-,-,-
1820545,🕵️ Análise Agente de Crédito,4,rio@bancodovale.org.br,-,2025-07-08 13:14:14,08/07/2025 13:14,22/08/2025 14:46,-,45.06 dias,-,-,-,-
1676376,🕵️ Análise Agente de Crédito,4,rio@bancodovale.org.br,-,2025-04-28 10:34:22,28/04/2025 10:34,22/08/2025 14:46,-,116.18 dias,-,-,-,-
1580771,🕵️ Análise Agente de Crédito,4,rio@bancodovale.org.br,-,2025-03-24 15:35:40,24/03/2025 15:35,22/08/2025 14:46,-,150.97 dias,-,-,-,-
1352158,📍 Definir Unidade de Atendimento,1,-,-,2024-12-04 14:27:49,04/12/2024 14:27,04/12/2024 14:49,-,0.02 dias,-,-,-,-
1352158,🔍 Análise SPC (Serasa / SPC Brasil),2,roberto@bancodovale.org.br,-,2024-12-04 14:49:48,04/12/2024 14:49,09/12/2024 09:49,-,4.79 dias,-,-,-,-
1352158,🕵️ Análise Agente de Crédito,4,KATLIN,-,2024-12-09 09:49:23,09/12/2024 09:49,13/12/2024 13:41,-,4.16 dias,-,-,-,-
1352158,🚫 Cancelado,Y,sandra@bancodovale.org.br,-,2024-12-13 13:41:06,13/12/2024 13:41,22/08/2025 09:56,-,251.84 dias,-,-,-,-
472896,🧾 Análise Mesa de Crédito,8,caciane@bancodovale.org.br,-,2025-08-20 16:27:52,20/08/2025 16:27,22/08/2025 13:17,-,1.87 dias,-,-,-,-
404388,📍 Definir Unidade de Atendimento,1,-,-,2022-08-03 16:53:43,03/08/2022 16:53,03/08/2022 16:53,-,0.0 dias,-,-,-,-
404388,🕵️ Análise Agente de Crédito,4,riodosul@bancodovale.org.br,-,2022-08-03 16:53:54,03/08/2022 16:53,05/08/2022 11:36,-,1.78 dias,-,-,-,-
404388,🧾 Análise Mesa de Crédito,8,carlos@bancodovale.org.br,-,2022-08-05 11:36:23,05/08/2022 11:36,10/08/2022 15:47,-,5.17 dias,-,-,-,-
404388,✅ Aprovado,0,fernandosandri@bancodovale.org.br,-,2022-08-10 15:47:17,10/08/2022 15:47,18/06/2025 11:09,-,1042.81 dias,-,-,-,-
404388,🕵️ Análise Agente de Crédito,4,rio@bancodovale.org.br,-,2025-06-18 11:09:07,18/06/2025 11:09,22/08/2025 14:45,-,65.15 dias,-,-,-,-
20048,🧾 Análise Mesa de Crédito,8,rejane@bancodovale.org.br,-,2025-08-21 09:27:40,21/08/2025 09:27,22/08/2025 13:06,-,1.15 dias,-,-,-,-
1899474,🔴 Pendência SPC,3,bancodovaletimbo@bancodovale.org.br,-,2025-08-20 16:01:34,20/08/2025 16:01,25/08/2025 14:11,-,4.92 dias,-,-,-,-
1908538,📍 Definir Unidade de Atendimento,1,-,-,2025-08-25 16:39:02,25/08/2025 16:39,25/08/2025 16:55,-,0.01 dias,-,-,-,-
1908554,📍 Definir Unidade de Atendimento,1,-,-,2025-08-25 16:44:39,25/08/2025 16:44,25/08/2025 16:44,-,0.0 dias,-,-,-,-
1908488,📍 Definir Unidade de Atendimento,1,-,-,2025-08-25 16:16:38,25/08/2025 16:16,25/08/2025 16:26,-,0.01 dias,-,-,-,-
1908488,🔍 Análise SPC (Serasa / SPC Brasil),2,comercialdigital@bancodovale.com.br,-,2025-08-25 16:26:07,25/08/2025 16:26,25/08/2025 16:28,-,0.0 dias,-,-,-,-
1908488,🕵️ Análise Agente de Crédito,4,comercialdigital@bancodovale.com.br,-,2025-08-25 16:28:02,25/08/2025 16:28,25/08/2025 16:37,-,0.01 dias,-,-,-,-
1908435,📍 Definir Unidade de Atendimento,1,-,-,2025-08-25 15:57:09,25/08/2025 15:57,25/08/2025 16:00,-,0.0 dias,-,-,-,-
1908397,📍 Definir Unidade de Atendimento,1,-,-,2025-08-25 15:41:08,25/08/2025 15:41,25/08/2025 15:44,-,0.0 dias,-,-,-,-
1908256,📍 Definir Unidade de Atendimento,1,-,-,2025-08-25 15:16:30,25/08/2025 15:16,25/08/2025 15:34,-,0.01 dias,-,-,-,-
1908256,🔍 Análise SPC (Serasa / SPC Brasil),2,comercialdigital@bancodovale.com.br,-,2025-08-25 15:34:00,25/08/2025 15:34,25/08/2025 16:10,-,0.03 dias,-,-,-,-
1908239,📍 Definir Unidade de Atendimento,1,-,-,2025-08-25 15:12:05,25/08/2025 15:12,25/08/2025 15:28,-,0.01 dias,-,-,-,-
1908221,📍 Definir Unidade de Atendimento,1,-,-,2025-08-25 15:06:42,25/08/2025 15:06,25/08/2025 16:06,-,0.04 dias,-,-,-,-
1908216,📍 Definir Unidade de Atendimento,1,-,-,2025-08-25 15:04:21,25/08/2025 15:04,25/08/2025 15:04,-,0.0 dias,-,-,-,-
1908202,📍 Definir Unidade de Atendimento,1,-,-,2025-08-25 15:00:19,25/08/2025 15:00,25/08/2025 15:00,-,0.0 dias,-,-,-,-
1908202,🕵️ Análise Agente de Crédito,4,emilia@bancodovale.org.br,-,2025-08-25 15:00:32,25/08/2025 15:00,25/08/2025 16:27,-,0.06 dias,-,-,-,-
1908201,📍 Definir Unidade de Atendimento,1,-,-,2025-08-25 15:00:16,25/08/2025 15:00,25/08/2025 15:04,-,0.0 dias,-,-,-,-
1908201,🔍 Análise SPC (Serasa / SPC Brasil),2,comercialdigital@bancodovale.com.br,-,2025-08-25 15:04:39,25/08/2025 15:04,25/08/2025 16:39,-,0.07 dias,-,-,-,-
1908178,📍 Definir Unidade de Atendimento,1,-,-,2025-08-25 14:57:49,25/08/2025 14:57,25/08/2025 14:58,-,0.0 dias,-,-,-,-
1908090,📍 Definir Unidade de Atendimento,1,-,-,2025-08-25 14:46:29,25/08/2025 14:46,25/08/2025 14:47,-,0.0 dias,-,-,-,-
1908090,🕵️ Análise Agente de Crédito,4,comercialdigital@bancodovale.com.br,-,2025-08-25 14:47:51,25/08/2025 14:47,25/08/2025 14:50,-,0.0 dias,-,-,-,-
1907969,📍 Definir Unidade de Atendimento,1,-,-,2025-08-25 13:44:16,25/08/2025 13:44,25/08/2025 14:21,-,0.03 dias,-,-,-,-
1907969,🔍 Análise SPC (Serasa / SPC Brasil),2,comercialdigital@bancodovale.com.br,-,2025-08-25 14:21:14,25/08/2025 14:21,25/08/2025 15:06,-,0.03 dias,-,-,-,-
1907951,📍 Definir Unidade de Atendimento,1,-,-,2025-08-25 13:36:41,25/08/2025 13:36,25/08/2025 13:37,-,0.0 dias,-,-,-,-
1907937,📍 Definir Unidade de Atendimento,1,-,-,2025-08-25 13:23:42,25/08/2025 13:23,25/08/2025 14:21,-,0.04 dias,-,-,-,-
1907797,📍 Definir Unidade de Atendimento,1,-,-,2025-08-25 12:01:56,25/08/2025 12:01,25/08/2025 12:29,-,0.02 dias,-,-,-,-
1907797,🔍 Análise SPC (Serasa / SPC Brasil),2,comercialdigital@bancodovale.com.br,-,2025-08-25 12:29:26,25/08/2025 12:29,25/08/2025 14:59,-,0.1 dias,-,-,-,-
1907797,🕵️ Análise Agente de Crédito,4,comercialdigital@bancodovale.com.br,-,2025-08-25 14:59:42,25/08/2025 14:59,25/08/2025 15:43,-,0.03 dias,-,-,-,-
1907766,📍 Definir Unidade de Atendimento,1,-,-,2025-08-25 11:41:19,25/08/2025 11:41,25/08/2025 12:29,-,0.03 dias,-,-,-,-
1907736,📍 Definir Unidade de Atendimento,1,-,-,2025-08-25 11:25:34,25/08/2025 11:25,25/08/2025 11:27,-,0.0 dias,-,-,-,-
1907736,🕵️ Análise Agente de Crédito,4,bancodovaletimbo@bancodovale.org.br,-,2025-08-25 11:27:39,25/08/2025 11:27,25/08/2025 14:07,-,0.11 dias,-,-,-,-
1907703,📍 Definir Unidade de Atendimento,1,-,-,2025-08-25 11:10:36,25/08/2025 11:10,25/08/2025 11:13,-,0.0 dias,-,-,-,-
1907659,📍 Definir Unidade de Atendimento,1,-,-,2025-08-25 10:50:56,25/08/2025 10:50,25/08/2025 10:51,-,0.0 dias,-,-,-,-
1907659,🕵️ Análise Agente de Crédito,4,comercialdigital@bancodovale.com.br,-,2025-08-25 10:51:12,25/08/2025 10:51,25/08/2025 10:53,-,0.0 dias,-,-,-,-
1907659,👤 Análise Coordenação,6,natalia@bancodovale.org.br,-,2025-08-25 10:53:03,25/08/2025 10:53,25/08/2025 14:20,-,0.14 dias,-,-,-,-
1907654,📍 Definir Unidade de Atendimento,1,-,-,2025-08-25 10:47:33,25/08/2025 10:47,25/08/2025 10:48,-,0.0 dias,-,-,-,-
1907650,📍 Definir Unidade de Atendimento,1,-,-,2025-08-25 10:46:30,25/08/2025 10:46,25/08/2025 10:46,-,0.0 dias,-,-,-,-
1907640,📍 Definir Unidade de Atendimento,1,-,-,2025-08-25 10:42:07,25/08/2025 10:42,25/08/2025 10:43,-,0.0 dias,-,-,-,-
1907548,📍 Definir Unidade de Atendimento,1,-,-,2025-08-25 10:26:30,25/08/2025 10:26,25/08/2025 10:37,-,0.01 dias,-,-,-,-
1907548,🔍 Análise SPC (Serasa / SPC Brasil),2,comercialdigital@bancodovale.com.br,-,2025-08-25 10:37:47,25/08/2025 10:37,25/08/2025 11:22,-,0.03 dias,-,-,-,-
1907542,📍 Definir Unidade de Atendimento,1,-,-,2025-08-25 10:21:53,25/08/2025 10:21,25/08/2025 10:37,-,0.01 dias,-,-,-,-
1907542,🔍 Análise SPC (Serasa / SPC Brasil),2,comercialdigital@bancodovale.com.br,-,2025-08-25 10:37:20,25/08/2025 10:37,25/08/2025 14:35,-,0.17 dias,-,-,-,-
1907314,📍 Definir Unidade de Atendimento,1,-,-,2025-08-25 09:39:11,25/08/2025 09:39,25/08/2025 09:41,-,0.0 dias,-,-,-,-
1907314,🔍 Análise SPC (Serasa / SPC Brasil),2,comercialdigital@bancodovale.com.br,-,2025-08-25 09:41:20,25/08/2025 09:41,25/08/2025 10:44,-,0.04 dias,-,-,-,-
1907244,📍 Definir Unidade de Atendimento,1,-,-,2025-08-25 08:46:31,25/08/2025 08:46,25/08/2025 09:40,-,0.04 dias,-,-,-,-
1907244,🔍 Análise SPC (Serasa / SPC Brasil),2,comercialdigital@bancodovale.com.br,-,2025-08-25 09:40:50,25/08/2025 09:40,25/08/2025 10:59,-,0.05 dias,-,-,-,-
1907244,🕵️ Análise Agente de Crédito,4,comercialdigital@bancodovale.com.br,-,2025-08-25 10:59:39,25/08/2025 10:59,25/08/2025 11:26,-,0.02 dias,-,-,-,-
1907209,📍 Definir Unidade de Atendimento,1,-,-,2025-08-25 07:11:18,25/08/2025 07:11,25/08/2025 09:40,-,0.1 dias,-,-,-,-
1907209,🔍 Análise SPC (Serasa / SPC Brasil),2,comercialdigital@bancodovale.com.br,-,2025-08-25 09:40:16,25/08/2025 09:40,25/08/2025 10:57,-,0.05 dias,-,-,-,-
1907209,🕵️ Análise Agente de Crédito,4,comercialdigital@bancodovale.com.br,-,2025-08-25 10:57:29,25/08/2025 10:57,25/08/2025 11:24,-,0.02 dias,-,-,-,-
1907194,📍 Definir Unidade de Atendimento,1,-,-,2025-08-24 23:20:28,24/08/2025 23:20,25/08/2025 09:12,-,0.41 dias,-,-,-,-
1907172,📍 Definir Unidade de Atendimento,1,-,-,2025-08-24 20:48:24,24/08/2025 20:48,25/08/2025 09:02,-,0.51 dias,-,-,-,-
1907164,📍 Definir Unidade de Atendimento,1,-,-,2025-08-24 20:18:15,24/08/2025 20:18,25/08/2025 09:39,-,0.56 dias,-,-,-,-
1907164,🔍 Análise SPC (Serasa / SPC Brasil),2,comercialdigital@bancodovale.com.br,-,2025-08-25 09:39:43,25/08/2025 09:39,25/08/2025 10:40,-,0.04 dias,-,-,-,-
1907164,🕵️ Análise Agente de Crédito,4,emilia@bancodovale.org.br,-,2025-08-25 10:40:10,25/08/2025 10:40,25/08/2025 10:53,-,0.01 dias,-,-,-,-
1907160,📍 Definir Unidade de Atendimento,1,-,-,2025-08-24 20:04:35,24/08/2025 20:04,25/08/2025 09:11,-,0.55 dias,-,-,-,-
1907123,📍 Definir Unidade de Atendimento,1,-,-,2025-08-24 18:37:01,24/08/2025 18:37,25/08/2025 08:46,-,0.59 dias,-,-,-,-
1907123,🔍 Análise SPC (Serasa / SPC Brasil),2,Bruno,-,2025-08-25 08:46:02,25/08/2025 08:46,25/08/2025 09:54,-,0.05 dias,-,-,-,-
1907084,📍 Definir Unidade de Atendimento,1,-,-,2025-08-24 17:17:59,24/08/2025 17:17,25/08/2025 09:39,-,0.68 dias,-,-,-,-
1907084,🔍 Análise SPC (Serasa / SPC Brasil),2,comercialdigital@bancodovale.com.br,-,2025-08-25 09:39:18,25/08/2025 09:39,25/08/2025 10:32,-,0.04 dias,-,-,-,-
1907084,🕵️ Análise Agente de Crédito,4,comercialdigital@bancodovale.com.br,-,2025-08-25 10:32:34,25/08/2025 10:32,25/08/2025 10:51,-,0.01 dias,-,-,-,-
1907069,📍 Definir Unidade de Atendimento,1,-,-,2025-08-24 16:44:08,24/08/2025 16:44,25/08/2025 09:39,-,0.7 dias,-,-,-,-
1907043,📍 Definir Unidade de Atendimento,1,-,-,2025-08-24 15:37:59,24/08/2025 15:37,25/08/2025 09:11,-,0.73 dias,-,-,-,-
1907000,📍 Definir Unidade de Atendimento,1,-,-,2025-08-24 13:20:15,24/08/2025 13:20,25/08/2025 09:38,-,0.85 dias,-,-,-,-
1907000,🔍 Análise SPC (Serasa / SPC Brasil),2,comercialdigital@bancodovale.com.br,-,2025-08-25 09:38:43,25/08/2025 09:38,25/08/2025 10:17,-,0.03 dias,-,-,-,-
1907000,🕵️ Análise Agente de Crédito,4,emilia@bancodovale.org.br,-,2025-08-25 10:17:37,25/08/2025 10:17,25/08/2025 10:34,-,0.01 dias,-,-,-,-
1906948,📍 Definir Unidade de Atendimento,1,-,-,2025-08-24 08:40:22,24/08/2025 08:40,25/08/2025 09:36,-,1.04 dias,-,-,-,-
1906948,🔍 Análise SPC (Serasa / SPC Brasil),2,comercialdigital@bancodovale.com.br,-,2025-08-25 09:36:47,25/08/2025 09:36,25/08/2025 10:31,-,0.04 dias,-,-,-,-
1906945,📍 Definir Unidade de Atendimento,1,-,-,2025-08-24 08:04:44,24/08/2025 08:04,25/08/2025 09:10,-,1.05 dias,-,-,-,-
1906942,📍 Definir Unidade de Atendimento,1,-,-,2025-08-24 07:41:31,24/08/2025 07:41,25/08/2025 09:09,-,1.06 dias,-,-,-,-
1906872,📍 Definir Unidade de Atendimento,1,-,-,2025-08-23 17:21:26,23/08/2025 17:21,25/08/2025 09:09,-,1.66 dias,-,-,-,-
1906839,📍 Definir Unidade de Atendimento,1,-,-,2025-08-23 15:44:40,23/08/2025 15:44,25/08/2025 09:34,-,1.74 dias,-,-,-,-
1906839,🔍 Análise SPC (Serasa / SPC Brasil),2,comercialdigital@bancodovale.com.br,-,2025-08-25 09:34:24,25/08/2025 09:34,25/08/2025 09:48,-,0.01 dias,-,-,-,-
1906828,📍 Definir Unidade de Atendimento,1,-,-,2025-08-23 15:32:34,23/08/2025 15:32,25/08/2025 09:33,-,1.75 dias,-,-,-,-
1906828,🔍 Análise SPC (Serasa / SPC Brasil),2,comercialdigital@bancodovale.com.br,-,2025-08-25 09:33:20,25/08/2025 09:33,25/08/2025 10:17,-,0.03 dias,-,-,-,-
1906828,🕵️ Análise Agente de Crédito,4,comercialdigital@bancodovale.com.br,-,2025-08-25 10:17:36,25/08/2025 10:17,25/08/2025 10:38,-,0.01 dias,-,-,-,-
1906811,📍 Definir Unidade de Atendimento,1,-,-,2025-08-23 14:57:52,23/08/2025 14:57,25/08/2025 09:32,-,1.77 dias,-,-,-,-
1906811,🔍 Análise SPC (Serasa / SPC Brasil),2,comercialdigital@bancodovale.com.br,-,2025-08-25 09:32:31,25/08/2025 09:32,25/08/2025 10:20,-,0.03 dias,-,-,-,-
1906811,🕵️ Análise Agente de Crédito,4,comercialdigital@bancodovale.com.br,-,2025-08-25 10:20:42,25/08/2025 10:20,25/08/2025 10:47,-,0.02 dias,-,-,-,-
1906803,📍 Definir Unidade de Atendimento,1,-,-,2025-08-23 14:52:06,23/08/2025 14:52,25/08/2025 09:23,-,1.77 dias,-,-,-,-
1906803,🔍 Análise SPC (Serasa / SPC Brasil),2,comercialdigital@bancodovale.com.br,-,2025-08-25 09:23:44,25/08/2025 09:23,25/08/2025 10:09,-,0.03 dias,-,-,-,-
1906803,🕵️ Análise Agente de Crédito,4,comercialdigital@bancodovale.com.br,-,2025-08-25 10:09:22,25/08/2025 10:09,25/08/2025 10:24,-,0.01 dias,-,-,-,-
1906729,📍 Definir Unidade de Atendimento,1,-,-,2025-08-23 13:11:14,23/08/2025 13:11,25/08/2025 09:21,-,1.84 dias,-,-,-,-
1906729,🔍 Análise SPC (Serasa / SPC Brasil),2,comercialdigital@bancodovale.com.br,-,2025-08-25 09:21:47,25/08/2025 09:21,25/08/2025 09:55,-,0.02 dias,-,-,-,-
1906729,🕵️ Análise Agente de Crédito,4,comercialdigital@bancodovale.com.br,-,2025-08-25 09:55:40,25/08/2025 09:55,25/08/2025 10:19,-,0.02 dias,-,-,-,-
1906603,📍 Definir Unidade de Atendimento,1,-,-,2025-08-23 09:25:56,23/08/2025 09:25,25/08/2025 09:21,-,2.0 dias,-,-,-,-
1906589,📍 Definir Unidade de Atendimento,1,-,-,2025-08-23 08:00:57,23/08/2025 08:00,25/08/2025 08:42,-,2.03 dias,-,-,-,-
1906589,🔍 Análise SPC (Serasa / SPC Brasil),2,Bruno,-,2025-08-25 08:42:45,25/08/2025 08:42,25/08/2025 09:45,-,0.04 dias,-,-,-,-
1906566,📍 Definir Unidade de Atendimento,1,-,-,2025-08-22 23:20:19,22/08/2025 23:20,25/08/2025 09:21,-,2.42 dias,-,-,-,-
1906566,🔍 Análise SPC (Serasa / SPC Brasil),2,comercialdigital@bancodovale.com.br,-,2025-08-25 09:21:03,25/08/2025 09:21,25/08/2025 10:02,-,0.03 dias,-,-,-,-
1906566,🕵️ Análise Agente de Crédito,4,emilia@bancodovale.org.br,-,2025-08-25 10:02:52,25/08/2025 10:02,25/08/2025 10:53,-,0.04 dias,-,-,-,-
1906546,📍 Definir Unidade de Atendimento,1,-,-,2025-08-22 21:58:39,22/08/2025 21:58,25/08/2025 09:17,-,2.47 dias,-,-,-,-
1906487,📍 Definir Unidade de Atendimento,1,-,-,2025-08-22 19:53:36,22/08/2025 19:53,25/08/2025 09:20,-,2.56 dias,-,-,-,-
1906487,🔍 Análise SPC (Serasa / SPC Brasil),2,comercialdigital@bancodovale.com.br,-,2025-08-25 09:20:37,25/08/2025 09:20,25/08/2025 10:05,-,0.03 dias,-,-,-,-
1906369,📍 Definir Unidade de Atendimento,1,-,-,2025-08-22 17:52:33,22/08/2025 17:52,25/08/2025 09:19,-,2.64 dias,-,-,-,-
1906369,🔍 Análise SPC (Serasa / SPC Brasil),2,comercialdigital@bancodovale.com.br,-,2025-08-25 09:19:38,25/08/2025 09:19,25/08/2025 09:51,-,0.02 dias,-,-,-,-
1906369,🕵️ Análise Agente de Crédito,4,comercialdigital@bancodovale.com.br,-,2025-08-25 09:51:54,25/08/2025 09:51,25/08/2025 10:14,-,0.02 dias,-,-,-,-
1906303,🔍 Análise SPC (Serasa / SPC Brasil),2,comercialdigital@bancodovale.com.br,-,2025-08-22 17:17:21,22/08/2025 17:17,25/08/2025 11:52,-,2.77 dias,-,-,-,-
1906245,🧾 Análise Mesa de Crédito,8,Bruno,-,2025-08-22 16:31:50,22/08/2025 16:31,25/08/2025 10:05,-,2.73 dias,-,-,-,-
1906236,🧾 Análise Mesa de Crédito,8,Bruno,-,2025-08-22 16:28:26,22/08/2025 16:28,25/08/2025 15:42,-,2.97 dias,-,-,-,-
1906229,🕵️ Análise Agente de Crédito,4,comercialdigital@bancodovale.com.br,-,2025-08-22 17:09:34,22/08/2025 17:09,25/08/2025 08:43,-,2.65 dias,-,-,-,-
1906023,🕵️ Análise Agente de Crédito,4,jaragua@bancodovale.org.br,-,2025-08-22 14:51:45,22/08/2025 14:51,25/08/2025 10:05,-,2.8 dias,-,-,-,-
1905911,🕵️ Análise Agente de Crédito,4,bancodovaletimbo@bancodovale.org.br,-,2025-08-22 14:18:07,22/08/2025 14:18,25/08/2025 14:13,-,3.0 dias,-,-,-,-
1905667,🕵️ Análise Agente de Crédito,4,emilia@bancodovale.org.br,-,2025-08-22 11:44:08,22/08/2025 11:44,25/08/2025 10:03,-,2.93 dias,-,-,-,-
1905557,🧾 Análise Mesa de Crédito,8,KATLIN,-,2025-08-22 10:15:26,22/08/2025 10:15,25/08/2025 11:20,-,3.05 dias,-,-,-,-
1905478,🕵️ Análise Agente de Crédito,4,Danielle,-,2025-08-22 09:39:30,22/08/2025 09:39,25/08/2025 09:58,-,3.01 dias,-,-,-,-
1905464,🔴 Pendência SPC,3,bancodovaletimbo@bancodovale.org.br,-,2025-08-22 09:35:26,22/08/2025 09:35,25/08/2025 14:08,-,3.19 dias,-,-,-,-
1905433,🔴 Pendência SPC,3,bancodovaletimbo@bancodovale.org.br,-,2025-08-22 09:19:03,22/08/2025 09:19,25/08/2025 14:09,-,3.2 dias,-,-,-,-
1905421,🕵️ Análise Agente de Crédito,4,comercialdigital@bancodovale.com.br,-,2025-08-22 09:08:59,22/08/2025 09:08,25/08/2025 08:30,-,2.97 dias,-,-,-,-
1905129,⚠️ Pendente Cliente,W,bancodovaletimbo@bancodovale.org.br,-,2025-08-21 17:10:59,21/08/2025 17:10,25/08/2025 14:21,-,3.88 dias,-,-,-,-
1904005,⚠️ Pendente Cliente,W,bancodovaletimbo@bancodovale.org.br,-,2025-08-21 13:56:44,21/08/2025 13:56,25/08/2025 14:22,-,4.02 dias,-,-,-,-
1903660,🧾 Análise Mesa de Crédito,8,jaragua@bancodovale.org.br,-,2025-08-22 16:31:27,22/08/2025 16:31,25/08/2025 10:46,-,2.76 dias,-,-,-,-
1903463,🧾 Análise Mesa de Crédito,8,jessica@bancodovale.org.br,-,2025-08-22 11:41:23,22/08/2025 11:41,25/08/2025 17:29,-,3.24 dias,-,-,-,-
1903382,🧾 Análise Mesa de Crédito,8,roberto@bancodovale.org.br,-,2025-08-22 10:33:27,22/08/2025 10:33,25/08/2025 16:41,-,3.26 dias,-,-,-,-
1901753,🧾 Análise Mesa de Crédito,8,roberto@bancodovale.org.br,-,2025-08-22 10:40:18,22/08/2025 10:40,25/08/2025 16:09,-,3.23 dias,-,-,-,-
1898868,🧾 Análise Mesa de Crédito,8,roberto@bancodovale.org.br,-,2025-08-22 08:41:09,22/08/2025 08:41,25/08/2025 15:52,-,3.3 dias,-,-,-,-
1898297,⚠️ Pendente Cliente,W,caciane@bancodovale.org.br,-,2025-08-21 09:27:21,21/08/2025 09:27,25/08/2025 14:17,-,4.2 dias,-,-,-,-
1892082,⚠️ Pendente Cliente,W,caciane@bancodovale.org.br,-,2025-08-21 09:27:36,21/08/2025 09:27,25/08/2025 14:18,-,4.2 dias,-,-,-,-
1891364,🕵️ Análise Agente de Crédito,4,bancodovaletimbo@bancodovale.org.br,-,2025-08-19 08:22:35,19/08/2025 08:22,25/08/2025 14:15,-,6.25 dias,-,-,-,-
1887559,🕵️ Análise Agente de Crédito,4,ivan@bancodovale.org.br,-,2025-08-18 10:00:52,18/08/2025 10:00,25/08/2025 08:31,-,6.94 dias,-,-,-,-
1885643,🕵️ Análise Agente de Crédito,4,jaragua@bancodovale.org.br,-,2025-08-15 13:05:44,15/08/2025 13:05,25/08/2025 09:51,-,9.87 dias,-,-,-,-
1885216,⚠️ Pendente Cliente,W,caciane@bancodovale.org.br,-,2025-08-15 09:31:01,15/08/2025 09:31,25/08/2025 14:20,-,10.2 dias,-,-,-,-
1882687,❌ Reprovado,X,camila@bancodovale.org.br,-,2025-08-15 09:16:00,15/08/2025 09:16,25/08/2025 12:55,-,10.15 dias,-,-,-,-
1882687,🕵️ Análise Agente de Crédito,4,bancodovaletimbo@bancodovale.org.br,-,2025-08-25 12:55:59,25/08/2025 12:55,25/08/2025 14:06,-,0.05 dias,-,-,-,-
1879572,🕵️ Análise Agente de Crédito,4,Danielle,-,2025-08-12 09:55:28,12/08/2025 09:55,25/08/2025 09:50,-,13.0 dias,-,-,-,-
1879462,🕵️ Análise Agente de Crédito,4,jaragua@bancodovale.org.br,-,2025-08-11 17:27:47,11/08/2025 17:27,25/08/2025 09:48,-,13.68 dias,-,-,-,-
1879200,🕵️ Análise Agente de Crédito,4,comercialdigital@bancodovale.com.br,-,2025-08-12 08:44:49,12/08/2025 08:44,25/08/2025 09:01,-,13.01 dias,-,-,-,-
1876685,⚠️ Pendente Cliente,W,bancodovaletimbo@bancodovale.org.br,-,2025-08-11 10:05:54,11/08/2025 10:05,25/08/2025 14:24,-,14.18 dias,-,-,-,-
1876102,🕵️ Análise Agente de Crédito,4,Danielle,-,2025-08-11 12:46:18,11/08/2025 12:46,25/08/2025 09:47,-,13.88 dias,-,-,-,-
1875975,⚠️ Pendente Cliente,W,caciane@bancodovale.org.br,-,2025-08-11 16:13:03,11/08/2025 16:13,25/08/2025 14:27,-,13.93 dias,-,-,-,-
1875680,🕵️ Análise Agente de Crédito,4,ivan@bancodovale.org.br,-,2025-08-13 09:48:54,13/08/2025 09:48,25/08/2025 08:27,-,11.94 dias,-,-,-,-
1874692,🔴 Pendência SPC,3,jaragua@bancodovale.org.br,-,2025-08-08 11:35:51,08/08/2025 11:35,25/08/2025 09:59,-,16.93 dias,-,-,-,-
1874224,🔴 Pendência SPC,3,jaragua@bancodovale.org.br,-,2025-08-08 13:47:26,08/08/2025 13:47,25/08/2025 10:01,-,16.84 dias,-,-,-,-
1872861,🕵️ Análise Agente de Crédito,4,Danielle,-,2025-08-07 09:14:40,07/08/2025 09:14,25/08/2025 09:45,-,18.02 dias,-,-,-,-
1865998,⚠️ Pendente Cliente,W,caciane@bancodovale.org.br,-,2025-08-01 14:25:56,01/08/2025 14:25,25/08/2025 14:31,-,24.0 dias,-,-,-,-
1703158,📍 Definir Unidade de Atendimento,1,-,-,2025-05-06 11:43:05,06/05/2025 11:43,06/05/2025 11:43,-,0.0 dias,-,-,-,-
1703158,🕵️ Análise Agente de Crédito,4,jaragua@bancodovale.org.br,-,2025-05-06 11:43:34,06/05/2025 11:43,25/08/2025 08:30,-,110.87 dias,-,-,-,-
1676478,🕵️ Análise Agente de Crédito,4,diogo@bancodovale.org.br,-,2025-04-29 13:21:06,29/04/2025 13:21,25/08/2025 08:29,-,117.8 dias,-,-,-,-
1354324,⚠️ Pendente Cliente,W,caciane@bancodovale.org.br,-,2025-08-05 14:06:23,05/08/2025 14:06,25/08/2025 14:35,-,20.02 dias,-,-,-,-
1352158,🧾 Análise Mesa de Crédito,8,KATLIN,-,2025-08-22 09:56:24,22/08/2025 09:56,25/08/2025 10:15,-,3.01 dias,-,-,-,-
1206276,⚠️ Pendente Cliente,W,caciane@bancodovale.org.br,-,2025-08-08 13:29:06,08/08/2025 13:29,25/08/2025 14:36,-,17.05 dias,-,-,-,-
922918,📍 Definir Unidade de Atendimento,1,-,-,2024-01-03 13:28:27,03/01/2024 13:28,03/01/2024 13:29,-,0.0 dias,-,-,-,-
922918,🧾 Análise Mesa de Crédito,8,Janne,-,2024-01-03 13:29:05,03/01/2024 13:29,04/01/2024 17:11,-,1.15 dias,-,-,-,-
922918,✅ Aprovado,0,Fernando,-,2024-01-04 17:11:53,04/01/2024 17:11,24/04/2024 10:33,-,110.72 dias,-,-,-,-
922918,🕵️ Análise Agente de Crédito,4,Janne,-,2024-04-24 10:33:18,24/04/2024 10:33,24/04/2024 11:17,-,0.03 dias,-,-,-,-
922918,🧾 Análise Mesa de Crédito,8,caciane@bancodovale.org.br,-,2024-04-24 11:17:33,24/04/2024 11:17,30/04/2024 14:44,-,6.14 dias,-,-,-,-
922918,✅ Aprovado,0,Fernando,-,2024-04-30 14:44:14,30/04/2024 14:44,05/07/2024 15:03,-,66.01 dias,-,-,-,-
922918,🧾 Análise Mesa de Crédito,8,caciane@bancodovale.org.br,-,2024-07-05 15:03:08,05/07/2024 15:03,08/07/2024 16:38,-,3.07 dias,-,-,-,-
922918,✅ Aprovado,0,Fernando,-,2024-07-08 16:38:04,08/07/2024 16:38,04/12/2024 08:11,-,148.65 dias,-,-,-,-
922918,🧾 Análise Mesa de Crédito,8,caciane@bancodovale.org.br,-,2024-12-04 08:11:13,04/12/2024 08:11,05/12/2024 10:57,-,1.12 dias,-,-,-,-
922918,✅ Aprovado,0,Fernando,-,2024-12-05 10:57:29,05/12/2024 10:57,10/02/2025 09:34,-,66.94 dias,-,-,-,-
922918,🧾 Análise Mesa de Crédito,8,caciane@bancodovale.org.br,-,2025-02-10 09:34:35,10/02/2025 09:34,11/02/2025 11:37,-,1.09 dias,-,-,-,-
922918,✅ Aprovado,0,Fernando,-,2025-02-11 11:37:53,11/02/2025 11:37,09/05/2025 09:00,-,86.89 dias,-,-,-,-
922918,🧾 Análise Mesa de Crédito,8,caciane@bancodovale.org.br,-,2025-05-09 09:00:17,09/05/2025 09:00,13/05/2025 11:05,-,4.09 dias,-,-,-,-
922918,✅ Aprovado,0,Fernando,-,2025-05-13 11:05:24,13/05/2025 11:05,25/08/2025 12:52,-,104.07 dias,-,-,-,-
922918,🕵️ Análise Agente de Crédito,4,bancodovaletimbo@bancodovale.org.br,-,2025-08-25 12:52:33,25/08/2025 12:52,25/08/2025 14:15,-,0.06 dias,-,-,-,-
809085,🔴 Pendência SPC,3,bancodovaletimbo@bancodovale.org.br,-,2025-08-21 08:55:46,21/08/2025 08:55,25/08/2025 14:12,-,4.22 dias,-,-,-,-
646442,⚠️ Pendente Cliente,W,caciane@bancodovale.org.br,-,2025-08-14 13:08:02,14/08/2025 13:08,25/08/2025 14:37,-,11.06 dias,-,-,-,-
1910967,📍 Definir Unidade de Atendimento,1,-,-,2025-08-26 15:48:48,26/08/2025 15:48,26/08/2025 15:50,-,0.0 dias,-,-,-,-
1910967,🕵️ Análise Agente de Crédito,4,jaragua@bancodovale.org.br,-,2025-08-26 15:50:29,26/08/2025 15:50,26/08/2025 17:32,-,0.07 dias,-,-,-,-
1910963,📍 Definir Unidade de Atendimento,1,-,-,2025-08-26 15:47:35,26/08/2025 15:47,26/08/2025 15:48,-,0.0 dias,-,-,-,-
1910963,🕵️ Análise Agente de Crédito,4,jaragua@bancodovale.org.br,-,2025-08-26 15:48:59,26/08/2025 15:48,26/08/2025 16:21,-,0.02 dias,-,-,-,-
1910934,📍 Definir Unidade de Atendimento,1,-,-,2025-08-26 15:33:22,26/08/2025 15:33,26/08/2025 15:33,-,0.0 dias,-,-,-,-
1910910,📍 Definir Unidade de Atendimento,1,-,-,2025-08-26 15:22:38,26/08/2025 15:22,26/08/2025 15:23,-,0.0 dias,-,-,-,-
1910795,📍 Definir Unidade de Atendimento,1,-,-,2025-08-26 14:36:36,26/08/2025 14:36,26/08/2025 15:12,-,0.03 dias,-,-,-,-
1910737,📍 Definir Unidade de Atendimento,1,-,-,2025-08-26 14:06:12,26/08/2025 14:06,26/08/2025 14:06,-,0.0 dias,-,-,-,-
1910737,🕵️ Análise Agente de Crédito,4,emilia@bancodovale.org.br,-,2025-08-26 14:06:38,26/08/2025 14:06,26/08/2025 16:35,-,0.1 dias,-,-,-,-
1910737,👤 Análise Coordenação,6,pierre@bancodovale.org.br,-,2025-08-26 16:35:37,26/08/2025 16:35,26/08/2025 17:07,-,0.02 dias,-,-,-,-
1910713,📍 Definir Unidade de Atendimento,1,-,-,2025-08-26 13:55:35,26/08/2025 13:55,26/08/2025 13:55,-,0.0 dias,-,-,-,-
1910713,🕵️ Análise Agente de Crédito,4,Danielle,-,2025-08-26 13:55:52,26/08/2025 13:55,26/08/2025 16:55,-,0.12 dias,-,-,-,-
1910671,📍 Definir Unidade de Atendimento,1,-,-,2025-08-26 13:35:12,26/08/2025 13:35,26/08/2025 13:56,-,0.01 dias,-,-,-,-
1910671,🔍 Análise SPC (Serasa / SPC Brasil),2,comercialdigital@bancodovale.com.br,-,2025-08-26 13:56:09,26/08/2025 13:56,26/08/2025 14:41,-,0.03 dias,-,-,-,-
1910529,📍 Definir Unidade de Atendimento,1,-,-,2025-08-26 12:11:36,26/08/2025 12:11,26/08/2025 12:32,-,0.01 dias,-,-,-,-
1910529,🔍 Análise SPC (Serasa / SPC Brasil),2,comercialdigital@bancodovale.com.br,-,2025-08-26 12:32:30,26/08/2025 12:32,26/08/2025 15:05,-,0.11 dias,-,-,-,-
1910504,📍 Definir Unidade de Atendimento,1,-,-,2025-08-26 11:59:30,26/08/2025 11:59,26/08/2025 12:00,-,0.0 dias,-,-,-,-
1910504,🔴 Pendência SPC,3,jaragua@bancodovale.org.br,-,2025-08-26 12:00:05,26/08/2025 12:00,26/08/2025 12:00,-,0.0 dias,-,-,-,-
1910460,📍 Definir Unidade de Atendimento,1,-,-,2025-08-26 11:41:52,26/08/2025 11:41,26/08/2025 11:51,-,0.01 dias,-,-,-,-
1910460,🔍 Análise SPC (Serasa / SPC Brasil),2,comercialdigital@bancodovale.com.br,-,2025-08-26 11:51:14,26/08/2025 11:51,26/08/2025 12:43,-,0.04 dias,-,-,-,-
1910460,🕵️ Análise Agente de Crédito,4,comercialdigital@bancodovale.com.br,-,2025-08-26 12:43:13,26/08/2025 12:43,26/08/2025 13:13,-,0.02 dias,-,-,-,-
1910220,📍 Definir Unidade de Atendimento,1,-,-,2025-08-26 10:32:18,26/08/2025 10:32,26/08/2025 10:32,-,0.0 dias,-,-,-,-
1910220,🕵️ Análise Agente de Crédito,4,Danielle,-,2025-08-26 10:32:32,26/08/2025 10:32,26/08/2025 15:57,-,0.23 dias,-,-,-,-
1910012,📍 Definir Unidade de Atendimento,1,-,-,2025-08-26 10:19:16,26/08/2025 10:19,26/08/2025 10:23,-,0.0 dias,-,-,-,-
1910012,🔍 Análise SPC (Serasa / SPC Brasil),2,comercialdigital@bancodovale.com.br,-,2025-08-26 10:23:39,26/08/2025 10:23,26/08/2025 11:56,-,0.06 dias,-,-,-,-
1910012,🔴 Pendência SPC,3,Bruno,-,2025-08-26 11:56:23,26/08/2025 11:56,26/08/2025 14:48,-,0.12 dias,-,-,-,-
1909805,📍 Definir Unidade de Atendimento,1,-,-,2025-08-26 10:02:26,26/08/2025 10:02,26/08/2025 10:05,-,0.0 dias,-,-,-,-
1909805,🔍 Análise SPC (Serasa / SPC Brasil),2,comercialdigital@bancodovale.com.br,-,2025-08-26 10:05:40,26/08/2025 10:05,26/08/2025 14:06,-,0.17 dias,-,-,-,-
1909537,📍 Definir Unidade de Atendimento,1,-,-,2025-08-26 09:43:41,26/08/2025 09:43,26/08/2025 09:46,-,0.0 dias,-,-,-,-
1909537,🔍 Análise SPC (Serasa / SPC Brasil),2,comercialdigital@bancodovale.com.br,-,2025-08-26 09:46:27,26/08/2025 09:46,26/08/2025 10:18,-,0.02 dias,-,-,-,-
1909537,🕵️ Análise Agente de Crédito,4,comercialdigital@bancodovale.com.br,-,2025-08-26 10:18:35,26/08/2025 10:18,26/08/2025 10:41,-,0.02 dias,-,-,-,-
1909388,📍 Definir Unidade de Atendimento,1,-,-,2025-08-26 09:31:43,26/08/2025 09:31,26/08/2025 09:43,-,0.01 dias,-,-,-,-
1909388,🔴 Pendência SPC,3,jaragua@bancodovale.org.br,-,2025-08-26 09:43:32,26/08/2025 09:43,26/08/2025 17:32,-,0.33 dias,-,-,-,-
1909358,📍 Definir Unidade de Atendimento,1,-,-,2025-08-26 09:29:19,26/08/2025 09:29,26/08/2025 09:30,-,0.0 dias,-,-,-,-
1909337,📍 Definir Unidade de Atendimento,1,-,-,2025-08-26 09:18:53,26/08/2025 09:18,26/08/2025 09:20,-,0.0 dias,-,-,-,-
1909337,🔴 Pendência SPC,3,bancodovaletimbo@bancodovale.org.br,-,2025-08-26 09:20:13,26/08/2025 09:20,26/08/2025 13:46,-,0.18 dias,-,-,-,-
1909081,📍 Definir Unidade de Atendimento,1,-,-,2025-08-26 09:07:56,26/08/2025 09:07,26/08/2025 09:09,-,0.0 dias,-,-,-,-
1909081,🕵️ Análise Agente de Crédito,4,bancodovaletimbo@bancodovale.org.br,-,2025-08-26 09:09:30,26/08/2025 09:09,26/08/2025 13:46,-,0.19 dias,-,-,-,-
1908538,🔍 Análise SPC (Serasa / SPC Brasil),2,comercialdigital@bancodovale.com.br,-,2025-08-25 16:55:27,25/08/2025 16:55,26/08/2025 09:49,-,0.7 dias,-,-,-,-
1908397,🕵️ Análise Agente de Crédito,4,jaragua@bancodovale.org.br,-,2025-08-25 15:44:01,25/08/2025 15:44,26/08/2025 17:33,-,1.08 dias,-,-,-,-
1908202,👤 Análise Coordenação,6,elenita@bancovale.org.br,-,2025-08-25 16:27:29,25/08/2025 16:27,26/08/2025 13:54,-,0.89 dias,-,-,-,-
1908090,👤 Análise Coordenação,6,natalia@bancodovale.org.br,-,2025-08-25 14:50:53,25/08/2025 14:50,26/08/2025 10:34,-,0.82 dias,-,-,-,-
1908090,🧾 Análise Mesa de Crédito,8,roberto@bancodovale.org.br,-,2025-08-26 10:34:35,26/08/2025 10:34,26/08/2025 14:10,-,0.15 dias,-,-,-,-
1907969,🕵️ Análise Agente de Crédito,4,jaragua@bancodovale.org.br,-,2025-08-25 15:06:31,25/08/2025 15:06,26/08/2025 14:10,-,0.96 dias,-,-,-,-
1907659,🧾 Análise Mesa de Crédito,8,roberto@bancodovale.org.br,-,2025-08-25 14:20:51,25/08/2025 14:20,26/08/2025 17:24,-,1.13 dias,-,-,-,-
1907654,🕵️ Análise Agente de Crédito,4,jaragua@bancodovale.org.br,-,2025-08-25 10:48:30,25/08/2025 10:48,26/08/2025 08:41,-,0.91 dias,-,-,-,-
1907654,⚠️ Pendente Cliente,W,gilmara@bancodovale.org.br,-,2025-08-26 08:41:44,26/08/2025 08:41,26/08/2025 16:20,-,0.32 dias,-,-,-,-
1907548,🔴 Pendência SPC,3,jaragua@bancodovale.org.br,-,2025-08-25 11:22:06,25/08/2025 11:22,26/08/2025 08:41,-,0.89 dias,-,-,-,-
1907069,🔍 Análise SPC (Serasa / SPC Brasil),2,comercialdigital@bancodovale.com.br,-,2025-08-25 09:39:00,25/08/2025 09:39,26/08/2025 11:13,-,1.07 dias,-,-,-,-
1906589,🔴 Pendência SPC,3,Bruno,-,2025-08-25 09:45:42,25/08/2025 09:45,26/08/2025 15:18,-,1.23 dias,-,-,-,-
1906487,🕵️ Análise Agente de Crédito,4,comercialdigital@bancodovale.com.br,-,2025-08-25 10:05:07,25/08/2025 10:05,26/08/2025 10:40,-,1.02 dias,-,-,-,-
1906249,🧾 Análise Mesa de Crédito,8,Bruno,-,2025-08-22 16:35:19,22/08/2025 16:35,26/08/2025 09:33,-,3.71 dias,-,-,-,-
1906076,🕵️ Análise Agente de Crédito,4,Danielle,-,2025-08-22 17:21:13,22/08/2025 17:21,26/08/2025 17:05,-,3.99 dias,-,-,-,-
1906023,🧾 Análise Mesa de Crédito,8,jessica@bancodovale.org.br,-,2025-08-25 10:05:26,25/08/2025 10:05,26/08/2025 16:50,-,1.28 dias,-,-,-,-
1905226,⚠️ Pendente Cliente,W,jaragua@bancodovale.org.br,-,2025-08-22 16:25:11,22/08/2025 16:25,26/08/2025 16:20,-,4.0 dias,-,-,-,-
1905117,🧾 Análise Mesa de Crédito,8,roberto@bancodovale.org.br,-,2025-08-22 17:10:54,22/08/2025 17:10,26/08/2025 14:29,-,3.89 dias,-,-,-,-
1904987,⚠️ Pendente Cliente,W,jessica@bancodovale.org.br,-,2025-08-22 09:32:39,22/08/2025 09:32,26/08/2025 16:22,-,4.28 dias,-,-,-,-
1904785,👤 Análise Coordenação,6,felipe@bancodovale.org.br,-,2025-08-22 11:49:27,22/08/2025 11:49,26/08/2025 10:34,-,3.95 dias,-,-,-,-
1903814,🕵️ Análise Agente de Crédito,4,comercialdigital@bancodovale.com.br,-,2025-08-21 14:16:24,21/08/2025 14:16,26/08/2025 10:41,-,4.85 dias,-,-,-,-
1903461,⚠️ Pendente Cliente,W,jessica@bancodovale.org.br,-,2025-08-22 09:33:25,22/08/2025 09:33,26/08/2025 16:23,-,4.28 dias,-,-,-,-
1902081,🕵️ Análise Agente de Crédito,4,emilia@bancodovale.org.br,-,2025-08-21 10:03:27,21/08/2025 10:03,26/08/2025 08:52,-,4.95 dias,-,-,-,-
1902081,👤 Análise Coordenação,6,pierre@bancodovale.org.br,-,2025-08-26 08:52:23,26/08/2025 08:52,26/08/2025 10:34,-,0.07 dias,-,-,-,-
1897378,🧾 Análise Mesa de Crédito,8,juliano@bancodovale.org.br,-,2025-08-22 14:44:18,22/08/2025 14:44,26/08/2025 14:41,-,4.0 dias,-,-,-,-
1895000,🧾 Análise Mesa de Crédito,8,roberto@bancodovale.org.br,-,2025-08-21 14:59:12,21/08/2025 14:59,26/08/2025 08:53,-,4.75 dias,-,-,-,-
1888520,🕵️ Análise Agente de Crédito,4,jaragua@bancodovale.org.br,-,2025-08-18 15:10:38,18/08/2025 15:10,26/08/2025 17:06,-,8.08 dias,-,-,-,-
1887515,🕵️ Análise Agente de Crédito,4,comercialdigital@bancodovale.com.br,-,2025-08-18 09:31:10,18/08/2025 09:31,26/08/2025 10:56,-,8.06 dias,-,-,-,-
1887396,🕵️ Análise Agente de Crédito,4,comercialdigital@bancodovale.com.br,-,2025-08-18 09:21:42,18/08/2025 09:21,26/08/2025 10:55,-,8.06 dias,-,-,-,-
1886797,🕵️ Análise Agente de Crédito,4,comercialdigital@bancodovale.com.br,-,2025-08-18 09:35:59,18/08/2025 09:35,26/08/2025 10:52,-,8.05 dias,-,-,-,-
1886572,🕵️ Análise Agente de Crédito,4,Bruno,-,2025-08-18 11:04:30,18/08/2025 11:04,26/08/2025 14:51,-,8.16 dias,-,-,-,-
1886002,🕵️ Análise Agente de Crédito,4,comercialdigital@bancodovale.com.br,-,2025-08-15 11:44:15,15/08/2025 11:44,26/08/2025 10:49,-,10.96 dias,-,-,-,-
1885384,⚠️ Pendente Cliente,W,eder@bancodovale.org.br,-,2025-08-21 17:00:20,21/08/2025 17:00,26/08/2025 15:20,-,4.93 dias,-,-,-,-
1885009,⚠️ Pendente Cliente,W,camila@bancodovale.org.br,-,2025-08-15 09:15:34,15/08/2025 09:15,26/08/2025 13:48,-,11.19 dias,-,-,-,-
1884551,🕵️ Análise Agente de Crédito,4,Bruno,-,2025-08-14 09:39:08,14/08/2025 09:39,26/08/2025 14:51,-,12.22 dias,-,-,-,-
1883126,🕵️ Análise Agente de Crédito,4,comercialdigital@bancodovale.com.br,-,2025-08-13 10:04:26,13/08/2025 10:04,26/08/2025 10:55,-,13.04 dias,-,-,-,-
1882640,🕵️ Análise Agente de Crédito,4,comercialdigital@bancodovale.com.br,-,2025-08-13 09:32:05,13/08/2025 09:32,26/08/2025 10:47,-,13.05 dias,-,-,-,-
1882623,🕵️ Análise Agente de Crédito,4,comercialdigital@bancodovale.com.br,-,2025-08-12 17:07:48,12/08/2025 17:07,26/08/2025 10:45,-,13.73 dias,-,-,-,-
1881632,🕵️ Análise Agente de Crédito,4,Danielle,-,2025-08-13 08:44:43,13/08/2025 08:44,26/08/2025 10:27,-,13.07 dias,-,-,-,-
1880309,🕵️ Análise Agente de Crédito,4,comercialdigital@bancodovale.com.br,-,2025-08-12 14:48:50,12/08/2025 14:48,26/08/2025 10:42,-,13.83 dias,-,-,-,-
1879342,🕵️ Análise Agente de Crédito,4,comercialdigital@bancodovale.com.br,-,2025-08-12 09:33:48,12/08/2025 09:33,26/08/2025 10:41,-,14.05 dias,-,-,-,-
1878013,🕵️ Análise Agente de Crédito,4,comercialdigital@bancodovale.com.br,-,2025-08-11 13:47:56,11/08/2025 13:47,26/08/2025 10:41,-,14.87 dias,-,-,-,-
1850450,⚠️ Pendente Cliente,W,eder@bancodovale.org.br,-,2025-07-28 14:35:34,28/07/2025 14:35,26/08/2025 14:49,-,29.01 dias,-,-,-,-
1835362,📍 Definir Unidade de Atendimento,1,-,-,2025-07-16 14:45:53,16/07/2025 14:45,16/07/2025 15:02,-,0.01 dias,-,-,-,-
1835362,🔍 Análise SPC (Serasa / SPC Brasil),2,comercialdigital@bancodovale.org.br,-,2025-07-16 15:02:07,16/07/2025 15:02,16/07/2025 15:38,-,0.03 dias,-,-,-,-
1835362,🕵️ Análise Agente de Crédito,4,bancodovaletimbo@bancodovale.org.br,-,2025-07-16 15:38:35,16/07/2025 15:38,17/07/2025 14:59,-,0.97 dias,-,-,-,-
1835362,⚠️ Pendente Cliente,W,caciane@bancodovale.org.br,-,2025-07-17 14:59:23,17/07/2025 14:59,23/07/2025 12:43,-,5.91 dias,-,-,-,-
1835362,🙅 Desistiu,Z,caciane@bancodovale.org.br,-,2025-07-23 12:43:10,23/07/2025 12:43,26/08/2025 15:29,-,34.12 dias,-,-,-,-
1703158,🙅 Desistiu,Z,ivan@bancodovale.org.br,-,2025-08-25 08:30:12,25/08/2025 08:30,26/08/2025 15:13,-,1.28 dias,-,-,-,-
1178333,📍 Definir Unidade de Atendimento,1,-,-,2024-08-14 10:38:15,14/08/2024 10:38,14/08/2024 10:39,-,0.0 dias,-,-,-,-
1178333,🕵️ Análise Agente de Crédito,4,Priscila,-,2024-08-14 10:39:00,14/08/2024 10:39,15/08/2024 11:31,-,1.04 dias,-,-,-,-
1178333,🧾 Análise Mesa de Crédito,8,Priscila,-,2024-08-15 11:31:17,15/08/2024 11:31,16/08/2024 11:23,-,0.99 dias,-,-,-,-
1178333,✅ Aprovado,0,Fernando,-,2024-08-16 11:23:09,16/08/2024 11:23,07/11/2024 13:10,-,83.07 dias,-,-,-,-
1178333,🕵️ Análise Agente de Crédito,4,rio@bancodovale.org.br,-,2024-11-07 13:10:38,07/11/2024 13:10,07/11/2024 13:10,-,0.0 dias,-,-,-,-
1178333,✅ Aprovado,0,rio@bancodovale.org.br,-,2024-11-07 13:10:50,07/11/2024 13:10,26/08/2025 16:13,-,292.13 dias,-,-,-,-
1092423,🧾 Análise Mesa de Crédito,8,regina@bancodovale.org.br,-,2025-08-20 14:13:39,20/08/2025 14:13,26/08/2025 14:22,-,6.01 dias,-,-,-,-
922918,🧾 Análise Mesa de Crédito,8,caciane@bancodovale.org.br,-,2025-08-25 14:15:52,25/08/2025 14:15,26/08/2025 15:13,-,1.04 dias,-,-,-,-
456681,📍 Definir Unidade de Atendimento,1,-,-,2022-10-27 11:38:54,27/10/2022 11:38,27/10/2022 11:39,-,0.0 dias,-,-,-,-
456681,👤 Análise Coordenação,6,indaial@bancodovale.org.br,-,2022-10-27 11:39:03,27/10/2022 11:39,27/10/2022 15:43,-,0.17 dias,-,-,-,-
456681,🧾 Análise Mesa de Crédito,8,angela@bancodovale.org.br,-,2022-10-27 15:43:22,27/10/2022 15:43,03/03/2023 11:07,-,126.81 dias,-,-,-,-
456681,✅ Aprovado,0,fernandosandri@bancodovale.org.br,-,2023-03-03 11:07:12,03/03/2023 11:07,24/05/2024 10:29,-,447.97 dias,-,-,-,-
456681,🕵️ Análise Agente de Crédito,4,KATLIN,-,2024-05-24 10:29:30,24/05/2024 10:29,24/05/2024 11:08,-,0.03 dias,-,-,-,-
456681,⚠️ Pendente Cliente,W,adriana@bancodovale.org.br,-,2024-05-24 11:08:22,24/05/2024 11:08,02/07/2024 10:03,-,38.96 dias,-,-,-,-
456681,❌ Reprovado,X,adriana@bancodovale.org.br,-,2024-07-02 10:03:52,02/07/2024 10:03,26/08/2025 13:07,-,420.13 dias,-,-,-,-
456681,🧾 Análise Mesa de Crédito,8,KATLIN,-,2025-08-26 13:07:56,26/08/2025 13:07,26/08/2025 14:14,-,0.05 dias,-,-,-,-
1912385,📍 Definir Unidade de Atendimento,1,-,-,2025-08-27 16:08:18,27/08/2025 16:08,27/08/2025 16:49,-,0.03 dias,-,-,-,-
1912385,🔍 Análise SPC (Serasa / SPC Brasil),2,comercialdigital@bancodovale.com.br,-,2025-08-27 16:49:36,27/08/2025 16:49,27/08/2025 17:17,-,0.02 dias,-,-,-,-
1912476,📍 Definir Unidade de Atendimento,1,-,-,2025-08-27 17:02:48,27/08/2025 17:02,27/08/2025 17:03,-,0.0 dias,-,-,-,-
1912258,📍 Definir Unidade de Atendimento,1,-,-,2025-08-27 15:05:03,27/08/2025 15:05,27/08/2025 15:15,-,0.01 dias,-,-,-,-
1912258,🔍 Análise SPC (Serasa / SPC Brasil),2,comercialdigital@bancodovale.com.br,-,2025-08-27 15:15:45,27/08/2025 15:15,27/08/2025 16:51,-,0.07 dias,-,-,-,-
1912256,📍 Definir Unidade de Atendimento,1,-,-,2025-08-27 15:04:10,27/08/2025 15:04,27/08/2025 15:07,-,0.0 dias,-,-,-,-
1912255,📍 Definir Unidade de Atendimento,1,-,-,2025-08-27 15:02:16,27/08/2025 15:02,27/08/2025 15:14,-,0.01 dias,-,-,-,-
1912255,🔍 Análise SPC (Serasa / SPC Brasil),2,comercialdigital@bancodovale.com.br,-,2025-08-27 15:14:50,27/08/2025 15:14,27/08/2025 15:52,-,0.03 dias,-,-,-,-
1912186,📍 Definir Unidade de Atendimento,1,-,-,2025-08-27 14:24:44,27/08/2025 14:24,27/08/2025 14:26,-,0.0 dias,-,-,-,-
1912151,📍 Definir Unidade de Atendimento,1,-,-,2025-08-27 14:03:50,27/08/2025 14:03,27/08/2025 14:04,-,0.0 dias,-,-,-,-
1912114,📍 Definir Unidade de Atendimento,1,-,-,2025-08-27 13:47:09,27/08/2025 13:47,27/08/2025 13:47,-,0.0 dias,-,-,-,-
1912114,🕵️ Análise Agente de Crédito,4,KATLIN,-,2025-08-27 13:47:42,27/08/2025 13:47,27/08/2025 15:41,-,0.08 dias,-,-,-,-
1912091,📍 Definir Unidade de Atendimento,1,-,-,2025-08-27 13:33:22,27/08/2025 13:33,27/08/2025 14:10,-,0.03 dias,-,-,-,-
1912091,🔍 Análise SPC (Serasa / SPC Brasil),2,comercialdigital@bancodovale.com.br,-,2025-08-27 14:10:54,27/08/2025 14:10,27/08/2025 15:39,-,0.06 dias,-,-,-,-
1912091,🕵️ Análise Agente de Crédito,4,comercialdigital@bancodovale.com.br,-,2025-08-27 15:39:51,27/08/2025 15:39,27/08/2025 16:32,-,0.04 dias,-,-,-,-
1912014,📍 Definir Unidade de Atendimento,1,-,-,2025-08-27 13:02:09,27/08/2025 13:02,27/08/2025 13:10,-,0.01 dias,-,-,-,-
1911994,📍 Definir Unidade de Atendimento,1,-,-,2025-08-27 12:46:34,27/08/2025 12:46,27/08/2025 14:08,-,0.06 dias,-,-,-,-
1911940,📍 Definir Unidade de Atendimento,1,-,-,2025-08-27 12:27:25,27/08/2025 12:27,27/08/2025 14:54,-,0.1 dias,-,-,-,-
1911858,📍 Definir Unidade de Atendimento,1,-,-,2025-08-27 11:38:56,27/08/2025 11:38,27/08/2025 11:39,-,0.0 dias,-,-,-,-
1911844,📍 Definir Unidade de Atendimento,1,-,-,2025-08-27 11:31:31,27/08/2025 11:31,27/08/2025 11:31,-,0.0 dias,-,-,-,-
1911802,📍 Definir Unidade de Atendimento,1,-,-,2025-08-27 11:03:47,27/08/2025 11:03,27/08/2025 11:33,-,0.02 dias,-,-,-,-
1911802,🔍 Análise SPC (Serasa / SPC Brasil),2,comercialdigital@bancodovale.com.br,-,2025-08-27 11:33:59,27/08/2025 11:33,27/08/2025 16:48,-,0.22 dias,-,-,-,-
1911802,🕵️ Análise Agente de Crédito,4,rio@bancodovale.org.br,-,2025-08-27 16:48:44,27/08/2025 16:48,27/08/2025 16:59,-,0.01 dias,-,-,-,-
1911769,📍 Definir Unidade de Atendimento,1,-,-,2025-08-27 10:44:05,27/08/2025 10:44,27/08/2025 10:44,-,0.0 dias,-,-,-,-
1911766,📍 Definir Unidade de Atendimento,1,-,-,2025-08-27 10:42:49,27/08/2025 10:42,27/08/2025 11:32,-,0.03 dias,-,-,-,-
1911766,🔍 Análise SPC (Serasa / SPC Brasil),2,comercialdigital@bancodovale.com.br,-,2025-08-27 11:32:16,27/08/2025 11:32,27/08/2025 12:04,-,0.02 dias,-,-,-,-
1911631,📍 Definir Unidade de Atendimento,1,-,-,2025-08-27 10:16:59,27/08/2025 10:16,27/08/2025 10:23,-,0.0 dias,-,-,-,-
1911499,📍 Definir Unidade de Atendimento,1,-,-,2025-08-27 09:13:13,27/08/2025 09:13,27/08/2025 09:13,-,0.0 dias,-,-,-,-
1911466,📍 Definir Unidade de Atendimento,1,-,-,2025-08-27 08:48:44,27/08/2025 08:48,27/08/2025 09:01,-,0.01 dias,-,-,-,-
1911466,🔍 Análise SPC (Serasa / SPC Brasil),2,comercialdigital@bancodovale.com.br,-,2025-08-27 09:01:48,27/08/2025 09:01,27/08/2025 10:14,-,0.05 dias,-,-,-,-
1911466,🔴 Pendência SPC,3,jaragua@bancodovale.org.br,-,2025-08-27 10:14:40,27/08/2025 10:14,27/08/2025 10:38,-,0.02 dias,-,-,-,-
1911139,📍 Definir Unidade de Atendimento,1,-,-,2025-08-26 17:21:29,26/08/2025 17:21,27/08/2025 09:01,-,0.65 dias,-,-,-,-
1910934,🔴 Pendência SPC,3,bancodovaletimbo@bancodovale.org.br,-,2025-08-26 15:33:42,26/08/2025 15:33,27/08/2025 11:49,-,0.84 dias,-,-,-,-
1910910,🕵️ Análise Agente de Crédito,4,KATLIN,-,2025-08-26 15:23:51,26/08/2025 15:23,27/08/2025 15:41,-,1.01 dias,-,-,-,-
1910795,🕵️ Análise Agente de Crédito,4,rio@bancodovale.org.br,-,2025-08-26 15:12:58,26/08/2025 15:12,27/08/2025 11:48,-,0.86 dias,-,-,-,-
1910737,🧾 Análise Mesa de Crédito,8,roberto@bancodovale.org.br,-,2025-08-26 17:07:07,26/08/2025 17:07,27/08/2025 09:15,-,0.67 dias,-,-,-,-
1910671,🕵️ Análise Agente de Crédito,4,emilia@bancodovale.org.br,-,2025-08-26 14:41:06,26/08/2025 14:41,27/08/2025 09:04,-,0.77 dias,-,-,-,-
1909358,🔴 Pendência SPC,3,bancodovaletimbo@bancodovale.org.br,-,2025-08-26 09:30:16,26/08/2025 09:30,27/08/2025 14:16,-,1.2 dias,-,-,-,-
1908435,🔍 Análise SPC (Serasa / SPC Brasil),2,comercialdigital@bancodovale.com.br,-,2025-08-25 16:00:57,25/08/2025 16:00,27/08/2025 16:49,-,2.03 dias,-,-,-,-
1908221,🕵️ Análise Agente de Crédito,4,Danielle,-,2025-08-25 16:06:27,25/08/2025 16:06,27/08/2025 09:15,-,1.71 dias,-,-,-,-
1908202,🧾 Análise Mesa de Crédito,8,roberto@bancodovale.org.br,-,2025-08-26 13:54:12,26/08/2025 13:54,27/08/2025 14:55,-,1.04 dias,-,-,-,-
1907123,🔴 Pendência SPC,3,Bruno,-,2025-08-25 09:54:48,25/08/2025 09:54,27/08/2025 14:39,-,2.2 dias,-,-,-,-
1906107,🧾 Análise Mesa de Crédito,8,roberto@bancodovale.org.br,-,2025-08-22 17:10:54,22/08/2025 17:10,27/08/2025 15:33,-,4.93 dias,-,-,-,-
1905226,🧾 Análise Mesa de Crédito,8,gilmara@bancodovale.org.br,-,2025-08-26 16:20:21,26/08/2025 16:20,27/08/2025 09:34,-,0.72 dias,-,-,-,-
1904785,🧾 Análise Mesa de Crédito,8,roberto@bancodovale.org.br,-,2025-08-26 10:34:35,26/08/2025 10:34,27/08/2025 14:21,-,1.16 dias,-,-,-,-
1904758,🧾 Análise Mesa de Crédito,8,roberto@bancodovale.org.br,-,2025-08-22 17:10:54,22/08/2025 17:10,27/08/2025 11:45,-,4.77 dias,-,-,-,-
1904695,🧾 Análise Mesa de Crédito,8,roberto@bancodovale.org.br,-,2025-08-21 17:11:30,21/08/2025 17:11,27/08/2025 12:25,-,5.8 dias,-,-,-,-
1898256,⚠️ Pendente Cliente,W,jessica@bancodovale.org.br,-,2025-08-20 13:57:03,20/08/2025 13:57,27/08/2025 10:39,-,6.86 dias,-,-,-,-
1893293,⚠️ Pendente Cliente,W,gilmara@bancodovale.org.br,-,2025-08-19 15:59:32,19/08/2025 15:59,27/08/2025 20:14,-,8.18 dias,-,-,-,-
1889676,⚠️ Pendente Cliente,W,jessica@bancodovale.org.br,-,2025-08-19 09:03:56,19/08/2025 09:03,27/08/2025 10:41,-,8.07 dias,-,-,-,-
1888289,🕵️ Análise Agente de Crédito,4,comercialdigital@bancodovale.com.br,-,2025-08-18 11:05:56,18/08/2025 11:05,27/08/2025 16:32,-,9.23 dias,-,-,-,-
1885275,⚠️ Pendente Cliente,W,jessica@bancodovale.org.br,-,2025-08-19 09:04:13,19/08/2025 09:04,27/08/2025 10:40,-,8.07 dias,-,-,-,-
1885275,🙅 Desistiu,Z,jessica@bancodovale.org.br,-,2025-08-27 10:40:30,27/08/2025 10:40,27/08/2025 20:33,-,0.41 dias,-,-,-,-
1883432,⚠️ Pendente Cliente,W,gilmara@bancodovale.org.br,-,2025-08-14 10:09:34,14/08/2025 10:09,27/08/2025 20:15,-,13.42 dias,-,-,-,-
1882687,🧾 Análise Mesa de Crédito,8,camila@bancodovale.org.br,-,2025-08-25 14:06:32,25/08/2025 14:06,27/08/2025 09:17,-,1.8 dias,-,-,-,-
1877132,🕵️ Análise Agente de Crédito,4,Bruno,-,2025-08-11 13:34:06,11/08/2025 13:34,27/08/2025 14:45,-,16.05 dias,-,-,-,-
1876259,⚠️ Pendente Cliente,W,jessica@bancodovale.org.br,-,2025-08-11 17:05:08,11/08/2025 17:05,27/08/2025 10:48,-,15.74 dias,-,-,-,-
1876001,🕵️ Análise Agente de Crédito,4,Bruno,-,2025-08-11 10:43:30,11/08/2025 10:43,27/08/2025 14:43,-,16.17 dias,-,-,-,-
1875874,🕵️ Análise Agente de Crédito,4,Bruno,-,2025-08-11 13:44:26,11/08/2025 13:44,27/08/2025 14:42,-,16.04 dias,-,-,-,-
1875704,⚠️ Pendente Cliente,W,jessica@bancodovale.org.br,-,2025-08-11 17:03:08,11/08/2025 17:03,27/08/2025 10:49,-,15.74 dias,-,-,-,-
1861303,⚠️ Pendente Cliente,W,jaragua@bancodovale.org.br,-,2025-08-21 18:46:38,21/08/2025 18:46,27/08/2025 10:50,-,5.67 dias,-,-,-,-
1835362,🔴 Pendência SPC,3,bancodovaletimbo@bancodovale.org.br,-,2025-08-26 15:29:29,26/08/2025 15:29,27/08/2025 14:25,-,0.96 dias,-,-,-,-
1244206,📍 Definir Unidade de Atendimento,1,-,-,2024-09-27 16:14:14,27/09/2024 16:14,27/09/2024 16:14,-,0.0 dias,-,-,-,-
1244206,🕵️ Análise Agente de Crédito,4,JairoBarros,-,2024-09-27 16:14:42,27/09/2024 16:14,27/09/2024 16:25,-,0.01 dias,-,-,-,-
1244206,👤 Análise Coordenação,6,JairoBarros,-,2024-09-27 16:25:07,27/09/2024 16:25,27/09/2024 16:34,-,0.01 dias,-,-,-,-
1244206,🧾 Análise Mesa de Crédito,8,roberto@bancodovale.org.br,-,2024-09-27 16:34:07,27/09/2024 16:34,30/09/2024 08:36,-,2.67 dias,-,-,-,-
1244206,✅ Aprovado,0,Fernando,-,2024-09-30 08:36:20,30/09/2024 08:36,27/08/2025 13:47,-,331.22 dias,-,-,-,-
1244206,🧾 Análise Mesa de Crédito,8,alinef@bancodovale.org.br,-,2025-08-27 13:47:24,27/08/2025 13:47,27/08/2025 14:22,-,0.02 dias,-,-,-,-
675679,🧾 Análise Mesa de Crédito,8,rio@bancodovale.org.br,-,2025-08-21 14:56:13,21/08/2025 14:56,27/08/2025 09:40,-,5.78 dias,-,-,-,-
178705,📍 Definir Unidade de Atendimento,1,-,-,2022-03-02 11:43:49,02/03/2022 11:43,02/03/2022 11:44,-,0.0 dias,-,-,-,-
178705,🔍 Análise SPC (Serasa / SPC Brasil),2,indaial@bancodovale.org.br,-,2022-03-02 11:44:12,02/03/2022 11:44,02/03/2022 11:44,-,0.0 dias,-,-,-,-
178705,🕵️ Análise Agente de Crédito,4,indaial@bancodovale.org.br,-,2022-03-02 11:44:22,02/03/2022 11:44,08/03/2022 14:51,-,6.13 dias,-,-,-,-
178705,⚠️ Pendência – Agente de Crédito,5,adriana@bancodovale.org.br,-,2022-03-08 14:51:09,08/03/2022 14:51,09/03/2022 09:41,-,0.79 dias,-,-,-,-
178705,👤 Análise Coordenação,6,adriana@bancodovale.org.br,-,2022-03-09 09:41:35,09/03/2022 09:41,09/03/2022 10:14,-,0.02 dias,-,-,-,-
178705,🧾 Análise Mesa de Crédito,8,angela@bancodovale.org.br,-,2022-03-09 10:14:28,09/03/2022 10:14,10/03/2022 15:36,-,1.22 dias,-,-,-,-
178705,✅ Aprovado,0,fernandosandri@bancodovale.org.br,-,2022-03-10 15:36:31,10/03/2022 15:36,09/08/2023 16:27,-,517.04 dias,-,-,-,-
178705,🧾 Análise Mesa de Crédito,8,indaial@bancodovale.org.br,-,2023-08-09 16:27:20,09/08/2023 16:27,10/08/2023 11:02,-,0.77 dias,-,-,-,-
178705,✅ Aprovado,0,fernandosandri@bancodovale.org.br,-,2023-08-10 11:02:19,10/08/2023 11:02,28/06/2024 08:53,-,322.91 dias,-,-,-,-
178705,👤 Análise Coordenação,6,KATLIN,-,2024-06-28 08:53:42,28/06/2024 08:53,02/07/2024 08:56,-,4.0 dias,-,-,-,-
178705,✅ Aprovado,0,angela@bancodovale.org.br,-,2024-07-02 08:56:21,02/07/2024 08:56,27/08/2025 14:23,-,421.23 dias,-,-,-,-
12521,📍 Definir Unidade de Atendimento,1,-,-,2020-09-14 10:35:58,14/09/2020 10:35,14/09/2020 10:38,-,0.0 dias,-,-,-,-
12521,🔍 Análise SPC (Serasa / SPC Brasil),2,blumenau@bancodovale.org.br,-,2020-09-14 10:38:02,14/09/2020 10:38,14/09/2020 12:03,-,0.06 dias,-,-,-,-
12521,🕵️ Análise Agente de Crédito,4,anapaula@bancodovale.org.br,-,2020-09-14 12:03:51,14/09/2020 12:03,17/09/2020 12:58,-,3.04 dias,-,-,-,-
12521,👤 Análise Coordenação,6,anapaula@bancodovale.org.br,-,2020-09-17 12:58:10,17/09/2020 12:58,17/09/2020 14:08,-,0.05 dias,-,-,-,-
12521,🧾 Análise Mesa de Crédito,8,angela@bancodovale.org.br,-,2020-09-17 14:08:18,17/09/2020 14:08,18/09/2020 16:55,-,1.12 dias,-,-,-,-
12521,⚠️ Pendência Mesa de Crédito,9,fernandosandri@bancodovale.org.br,-,2020-09-18 16:55:23,18/09/2020 16:55,21/09/2020 16:34,-,2.99 dias,-,-,-,-
12521,✅ Aprovado,0,fernandosandri@bancodovale.org.br,-,2020-09-21 16:34:27,21/09/2020 16:34,27/07/2021 11:45,-,308.8 dias,-,-,-,-
12521,🧾 Análise Mesa de Crédito,8,carlos@bancodovale.org.br,-,2021-07-27 11:45:24,27/07/2021 11:45,28/07/2021 23:09,-,1.48 dias,-,-,-,-
12521,✅ Aprovado,0,roberto@bancodovale.org.br,-,2021-07-28 23:09:58,28/07/2021 23:09,01/11/2022 15:18,-,460.67 dias,-,-,-,-
12521,👤 Análise Coordenação,6,anapaula@bancodovale.org.br,-,2022-11-01 15:18:14,01/11/2022 15:18,04/11/2022 10:11,-,2.79 dias,-,-,-,-
12521,🧾 Análise Mesa de Crédito,8,angela@bancodovale.org.br,-,2022-11-04 10:11:56,04/11/2022 10:11,09/11/2022 14:40,-,5.19 dias,-,-,-,-
12521,✅ Aprovado,0,fernandosandri@bancodovale.org.br,-,2022-11-09 14:40:35,09/11/2022 14:40,14/03/2024 09:15,-,490.77 dias,-,-,-,-
12521,👤 Análise Coordenação,6,alinefranciele@bancodovale.org.br,-,2024-03-14 09:15:08,14/03/2024 09:15,14/03/2024 09:16,-,0.0 dias,-,-,-,-
12521,🧾 Análise Mesa de Crédito,8,angela@bancodovale.org.br,-,2024-03-14 09:16:16,14/03/2024 09:16,15/03/2024 15:12,-,1.25 dias,-,-,-,-
12521,✅ Aprovado,0,Fernando,-,2024-03-15 15:12:33,15/03/2024 15:12,27/08/2025 11:04,-,529.83 dias,-,-,-,-
12521,🕵️ Análise Agente de Crédito,4,bancodovaletimbo@bancodovale.org.br,-,2025-08-27 11:04:51,27/08/2025 11:04,27/08/2025 11:48,-,0.03 dias,-,-,-,-
1912630,📍 Definir Unidade de Atendimento,1,-,-,2025-08-27 20:53:12,27/08/2025 20:53,28/08/2025 08:48,-,0.5 dias,-,-,-,-
1912476,🔍 Análise SPC (Serasa / SPC Brasil),2,comercialdigital@bancodovale.com.br,-,2025-08-27 17:03:39,27/08/2025 17:03,28/08/2025 08:49,-,0.66 dias,-,-,-,-
1912476,🕵️ Análise Agente de Crédito,4,KATLIN,-,2025-08-28 08:49:36,28/08/2025 08:49,28/08/2025 16:28,-,0.32 dias,-,-,-,-
1913669,📍 Definir Unidade de Atendimento,1,-,-,2025-08-28 17:03:09,28/08/2025 17:03,28/08/2025 17:04,-,0.0 dias,-,-,-,-
1913616,📍 Definir Unidade de Atendimento,1,-,-,2025-08-28 16:29:48,28/08/2025 16:29,28/08/2025 16:30,-,0.0 dias,-,-,-,-
1913616,🕵️ Análise Agente de Crédito,4,Danielle,-,2025-08-28 16:30:19,28/08/2025 16:30,28/08/2025 17:17,-,0.03 dias,-,-,-,-
1913541,📍 Definir Unidade de Atendimento,1,-,-,2025-08-28 15:51:10,28/08/2025 15:51,28/08/2025 15:52,-,0.0 dias,-,-,-,-
1913484,📍 Definir Unidade de Atendimento,1,-,-,2025-08-28 15:15:49,28/08/2025 15:15,28/08/2025 16:00,-,0.03 dias,-,-,-,-
1913484,🔍 Análise SPC (Serasa / SPC Brasil),2,comercialdigital@bancodovale.com.br,-,2025-08-28 16:00:56,28/08/2025 16:00,28/08/2025 17:30,-,0.06 dias,-,-,-,-
1913427,📍 Definir Unidade de Atendimento,1,-,-,2025-08-28 14:47:30,28/08/2025 14:47,28/08/2025 15:57,-,0.05 dias,-,-,-,-
1913427,🔍 Análise SPC (Serasa / SPC Brasil),2,comercialdigital@bancodovale.com.br,-,2025-08-28 15:57:50,28/08/2025 15:57,28/08/2025 16:21,-,0.02 dias,-,-,-,-
1913427,🕵️ Análise Agente de Crédito,4,comercialdigital@bancodovale.com.br,-,2025-08-28 16:21:51,28/08/2025 16:21,28/08/2025 16:25,-,0.0 dias,-,-,-,-
1913425,📍 Definir Unidade de Atendimento,1,-,-,2025-08-28 14:45:29,28/08/2025 14:45,28/08/2025 14:46,-,0.0 dias,-,-,-,-
1913425,🕵️ Análise Agente de Crédito,4,jaragua@bancodovale.org.br,-,2025-08-28 14:46:07,28/08/2025 14:46,28/08/2025 18:32,-,0.16 dias,-,-,-,-
1913382,📍 Definir Unidade de Atendimento,1,-,-,2025-08-28 14:14:48,28/08/2025 14:14,28/08/2025 14:15,-,0.0 dias,-,-,-,-
1913382,🕵️ Análise Agente de Crédito,4,emilia@bancodovale.org.br,-,2025-08-28 14:15:46,28/08/2025 14:15,28/08/2025 17:14,-,0.12 dias,-,-,-,-
1913370,📍 Definir Unidade de Atendimento,1,-,-,2025-08-28 14:10:26,28/08/2025 14:10,28/08/2025 14:28,-,0.01 dias,-,-,-,-
1913324,📍 Definir Unidade de Atendimento,1,-,-,2025-08-28 13:45:51,28/08/2025 13:45,28/08/2025 13:46,-,0.0 dias,-,-,-,-
1913318,📍 Definir Unidade de Atendimento,1,-,-,2025-08-28 13:41:37,28/08/2025 13:41,28/08/2025 13:43,-,0.0 dias,-,-,-,-
1913224,📍 Definir Unidade de Atendimento,1,-,-,2025-08-28 12:28:49,28/08/2025 12:28,28/08/2025 13:17,-,0.03 dias,-,-,-,-
1912992,📍 Definir Unidade de Atendimento,1,-,-,2025-08-28 10:55:44,28/08/2025 10:55,28/08/2025 11:25,-,0.02 dias,-,-,-,-
1912980,📍 Definir Unidade de Atendimento,1,-,-,2025-08-28 10:48:49,28/08/2025 10:48,28/08/2025 10:49,-,0.0 dias,-,-,-,-
1912980,🕵️ Análise Agente de Crédito,4,bancodovaletimbo@bancodovale.org.br,-,2025-08-28 10:49:32,28/08/2025 10:49,28/08/2025 14:09,-,0.14 dias,-,-,-,-
1912786,📍 Definir Unidade de Atendimento,1,-,-,2025-08-28 09:44:43,28/08/2025 09:44,28/08/2025 09:47,-,0.0 dias,-,-,-,-
1912777,📍 Definir Unidade de Atendimento,1,-,-,2025-08-28 09:38:44,28/08/2025 09:38,28/08/2025 09:51,-,0.01 dias,-,-,-,-
1912777,🔍 Análise SPC (Serasa / SPC Brasil),2,comercialdigital@bancodovale.com.br,-,2025-08-28 09:51:06,28/08/2025 09:51,28/08/2025 11:21,-,0.06 dias,-,-,-,-
1912737,📍 Definir Unidade de Atendimento,1,-,-,2025-08-28 09:09:04,28/08/2025 09:09,28/08/2025 09:09,-,0.0 dias,-,-,-,-
1912737,🕵️ Análise Agente de Crédito,4,emilia@bancodovale.org.br,-,2025-08-28 09:09:26,28/08/2025 09:09,28/08/2025 09:09,-,0.0 dias,-,-,-,-
1912737,👤 Análise Coordenação,6,felipe@bancodovale.org.br,-,2025-08-28 09:09:42,28/08/2025 09:09,28/08/2025 11:07,-,0.08 dias,-,-,-,-
1912737,🧾 Análise Mesa de Crédito,8,roberto@bancodovale.org.br,-,2025-08-28 11:07:28,28/08/2025 11:07,28/08/2025 15:12,-,0.17 dias,-,-,-,-
1912701,📍 Definir Unidade de Atendimento,1,-,-,2025-08-28 08:17:27,28/08/2025 08:17,28/08/2025 08:20,-,0.0 dias,-,-,-,-
1912701,🕵️ Análise Agente de Crédito,4,bancodovaletimbo@bancodovale.org.br,-,2025-08-28 08:20:02,28/08/2025 08:20,28/08/2025 08:24,-,0.0 dias,-,-,-,-
1912695,📍 Definir Unidade de Atendimento,1,-,-,2025-08-28 07:56:46,28/08/2025 07:56,28/08/2025 07:58,-,0.0 dias,-,-,-,-
1912685,📍 Definir Unidade de Atendimento,1,-,-,2025-08-28 07:06:07,28/08/2025 07:06,28/08/2025 08:49,-,0.07 dias,-,-,-,-
1912685,🔍 Análise SPC (Serasa / SPC Brasil),2,comercialdigital@bancodovale.com.br,-,2025-08-28 08:49:13,28/08/2025 08:49,28/08/2025 14:36,-,0.24 dias,-,-,-,-
1912680,📍 Definir Unidade de Atendimento,1,-,-,2025-08-28 04:55:15,28/08/2025 04:55,28/08/2025 07:52,-,0.12 dias,-,-,-,-
1912680,🕵️ Análise Agente de Crédito,4,bancodovaletimbo@bancodovale.org.br,-,2025-08-28 07:52:12,28/08/2025 07:52,28/08/2025 08:08,-,0.01 dias,-,-,-,-
1912680,🔴 Pendência SPC,3,bancodovaletimbo@bancodovale.org.br,-,2025-08-28 08:08:32,28/08/2025 08:08,28/08/2025 08:29,-,0.01 dias,-,-,-,-
1912643,📍 Definir Unidade de Atendimento,1,-,-,2025-08-27 21:31:57,27/08/2025 21:31,28/08/2025 08:48,-,0.47 dias,-,-,-,-
1912643,🔍 Análise SPC (Serasa / SPC Brasil),2,comercialdigital@bancodovale.com.br,-,2025-08-28 08:48:54,28/08/2025 08:48,28/08/2025 09:16,-,0.02 dias,-,-,-,-
1912537,📍 Definir Unidade de Atendimento,1,-,-,2025-08-27 17:47:02,27/08/2025 17:47,28/08/2025 08:46,-,0.62 dias,-,-,-,-
1912537,🔍 Análise SPC (Serasa / SPC Brasil),2,comercialdigital@bancodovale.com.br,-,2025-08-28 08:46:37,28/08/2025 08:46,28/08/2025 10:04,-,0.05 dias,-,-,-,-
1912537,🕵️ Análise Agente de Crédito,4,comercialdigital@bancodovale.com.br,-,2025-08-28 10:04:19,28/08/2025 10:04,28/08/2025 10:09,-,0.0 dias,-,-,-,-
1912258,🕵️ Análise Agente de Crédito,4,bancodovaletimbo@bancodovale.org.br,-,2025-08-27 16:51:30,27/08/2025 16:51,28/08/2025 10:28,-,0.73 dias,-,-,-,-
1912256,🧾 Análise Mesa de Crédito,8,KATLIN,-,2025-08-27 15:07:07,27/08/2025 15:07,28/08/2025 15:59,-,1.04 dias,-,-,-,-
1912255,🕵️ Análise Agente de Crédito,4,comercialdigital@bancodovale.com.br,-,2025-08-27 15:52:17,27/08/2025 15:52,28/08/2025 08:55,-,0.71 dias,-,-,-,-
1912151,🧾 Análise Mesa de Crédito,8,KATLIN,-,2025-08-27 14:04:27,27/08/2025 14:04,28/08/2025 16:26,-,1.1 dias,-,-,-,-
1912114,🧾 Análise Mesa de Crédito,8,rejane@bancodovale.org.br,-,2025-08-27 15:41:14,27/08/2025 15:41,28/08/2025 10:57,-,0.8 dias,-,-,-,-
1911994,🔍 Análise SPC (Serasa / SPC Brasil),2,comercialdigital@bancodovale.com.br,-,2025-08-27 14:08:39,27/08/2025 14:08,28/08/2025 09:07,-,0.79 dias,-,-,-,-
1911858,🕵️ Análise Agente de Crédito,4,comercialdigital@bancodovale.com.br,-,2025-08-27 11:39:11,27/08/2025 11:39,28/08/2025 11:20,-,0.99 dias,-,-,-,-
1911858,🧾 Análise Mesa de Crédito,8,jaragua@bancodovale.org.br,-,2025-08-28 11:20:50,28/08/2025 11:20,28/08/2025 16:36,-,0.22 dias,-,-,-,-
1911769,🔴 Pendência SPC,3,jaragua@bancodovale.org.br,-,2025-08-27 10:44:11,27/08/2025 10:44,28/08/2025 17:39,-,1.29 dias,-,-,-,-
1911631,🔴 Pendência SPC,3,jaragua@bancodovale.org.br,-,2025-08-27 10:23:10,27/08/2025 10:23,28/08/2025 11:32,-,1.05 dias,-,-,-,-
1910910,⚠️ Pendente Cliente,W,rejane@bancodovale.org.br,-,2025-08-27 15:41:38,27/08/2025 15:41,28/08/2025 13:07,-,0.89 dias,-,-,-,-
1910910,👤 Análise Coordenação,6,KATLIN,-,2025-08-28 13:07:30,28/08/2025 13:07,28/08/2025 13:07,-,0.0 dias,-,-,-,-
1910910,🧾 Análise Mesa de Crédito,8,KATLIN,-,2025-08-28 13:07:35,28/08/2025 13:07,28/08/2025 15:12,-,0.09 dias,-,-,-,-
1910795,🧾 Análise Mesa de Crédito,8,roberto@bancodovale.org.br,-,2025-08-27 11:48:48,27/08/2025 11:48,28/08/2025 09:10,-,0.89 dias,-,-,-,-
1910220,👤 Análise Coordenação,6,felipe@bancodovale.org.br,-,2025-08-26 15:57:31,26/08/2025 15:57,28/08/2025 11:07,-,1.8 dias,-,-,-,-
1910220,🧾 Análise Mesa de Crédito,8,roberto@bancodovale.org.br,-,2025-08-28 11:07:28,28/08/2025 11:07,28/08/2025 15:12,-,0.17 dias,-,-,-,-
1909388,⚠️ Pendente Cliente,W,jessica@bancodovale.org.br,-,2025-08-26 17:32:07,26/08/2025 17:32,28/08/2025 14:53,-,1.89 dias,-,-,-,-
1909081,🧾 Análise Mesa de Crédito,8,camila@bancodovale.org.br,-,2025-08-26 13:46:50,26/08/2025 13:46,28/08/2025 08:56,-,1.8 dias,-,-,-,-
1908538,🕵️ Análise Agente de Crédito,4,Danielle,-,2025-08-26 09:49:54,26/08/2025 09:49,28/08/2025 09:10,-,1.97 dias,-,-,-,-
1908435,🕵️ Análise Agente de Crédito,4,rio@bancodovale.org.br,-,2025-08-27 16:49:03,27/08/2025 16:49,28/08/2025 14:45,-,0.91 dias,-,-,-,-
1908201,🕵️ Análise Agente de Crédito,4,Danielle,-,2025-08-25 16:39:48,25/08/2025 16:39,28/08/2025 09:10,-,2.69 dias,-,-,-,-
1907703,🕵️ Análise Agente de Crédito,4,rio@bancodovale.org.br,-,2025-08-25 11:13:53,25/08/2025 11:13,28/08/2025 14:44,-,3.15 dias,-,-,-,-
1907640,🕵️ Análise Agente de Crédito,4,rio@bancodovale.org.br,-,2025-08-25 10:43:06,25/08/2025 10:43,28/08/2025 14:33,-,3.16 dias,-,-,-,-
1907314,🕵️ Análise Agente de Crédito,4,emilia@bancodovale.org.br,-,2025-08-25 10:44:04,25/08/2025 10:44,28/08/2025 09:10,-,2.93 dias,-,-,-,-
1907069,🕵️ Análise Agente de Crédito,4,rio@bancodovale.org.br,-,2025-08-26 11:13:34,26/08/2025 11:13,28/08/2025 14:43,-,2.15 dias,-,-,-,-
1903960,⚠️ Pendente Cliente,W,natalia@bancodovale.org.br,-,2025-08-21 14:57:16,21/08/2025 14:57,28/08/2025 12:11,-,6.88 dias,-,-,-,-
1903960,🕵️ Análise Agente de Crédito,4,natalia@bancodovale.org.br,-,2025-08-28 12:11:34,28/08/2025 12:11,28/08/2025 15:31,-,0.14 dias,-,-,-,-
1903960,👤 Análise Coordenação,6,natalia@bancodovale.org.br,-,2025-08-28 15:31:49,28/08/2025 15:31,28/08/2025 16:11,-,0.03 dias,-,-,-,-
1903797,🕵️ Análise Agente de Crédito,4,rio@bancodovale.org.br,-,2025-08-21 14:43:55,21/08/2025 14:43,28/08/2025 14:44,-,7.0 dias,-,-,-,-
1885275,🕵️ Análise Agente de Crédito,4,jaragua@bancodovale.org.br,-,2025-08-27 20:33:44,27/08/2025 20:33,28/08/2025 17:40,-,0.88 dias,-,-,-,-
1884415,👤 Análise Coordenação,6,alinef@bancodovale.org.br,-,2025-08-21 14:23:51,21/08/2025 14:23,28/08/2025 11:12,-,6.87 dias,-,-,-,-
1884336,🕵️ Análise Agente de Crédito,4,KATLIN,-,2025-08-14 15:36:52,14/08/2025 15:36,28/08/2025 11:59,-,13.85 dias,-,-,-,-
1875998,👤 Análise Coordenação,6,alinef@bancodovale.org.br,-,2025-08-14 14:41:29,14/08/2025 14:41,28/08/2025 16:12,-,14.06 dias,-,-,-,-
1341100,📍 Definir Unidade de Atendimento,1,-,-,2024-11-27 12:50:40,27/11/2024 12:50,27/11/2024 12:56,-,0.0 dias,-,-,-,-
1341100,🔴 Pendência SPC,3,bancodovaletimbo@bancodovale.org.br,-,2024-11-27 12:56:41,27/11/2024 12:56,16/12/2024 14:53,-,19.08 dias,-,-,-,-
1341100,🕵️ Análise Agente de Crédito,4,isabel@bancodovale.org.br,-,2024-12-16 14:53:28,16/12/2024 14:53,28/08/2025 11:44,-,254.87 dias,-,-,-,-
1178333,🕵️ Análise Agente de Crédito,4,rio@bancodovale.org.br,-,2025-08-26 16:13:46,26/08/2025 16:13,28/08/2025 10:52,-,1.78 dias,-,-,-,-
1178333,🧾 Análise Mesa de Crédito,8,roberto@bancodovale.org.br,-,2025-08-28 10:52:57,28/08/2025 10:52,28/08/2025 11:51,-,0.04 dias,-,-,-,-
178705,🧾 Análise Mesa de Crédito,8,adriana@bancodovale.org.br,-,2025-08-27 14:23:43,27/08/2025 14:23,28/08/2025 10:29,-,0.84 dias,-,-,-,-
12521,🧾 Análise Mesa de Crédito,8,camila@bancodovale.org.br,-,2025-08-27 11:48:44,27/08/2025 11:48,28/08/2025 11:08,-,0.97 dias,-,-,-,-
11142,📍 Definir Unidade de Atendimento,1,-,-,2020-08-31 09:44:14,31/08/2020 09:44,31/08/2020 09:44,-,0.0 dias,-,-,-,-
11142,🔴 Pendência SPC,3,indaial@bancodovale.org.br,-,2020-08-31 09:44:44,31/08/2020 09:44,31/08/2020 16:49,-,0.3 dias,-,-,-,-
11142,⚠️ Pendência – Agente de Crédito,5,adriana@bancodovale.org.br,-,2020-08-31 16:49:57,31/08/2020 16:49,02/09/2020 09:53,-,1.71 dias,-,-,-,-
11142,⚠️ Pendente Cliente,W,adriana@bancodovale.org.br,-,2020-09-02 09:53:21,02/09/2020 09:53,03/12/2020 09:29,-,91.98 dias,-,-,-,-
11142,❌ Reprovado,X,adriana@bancodovale.org.br,-,2020-12-03 09:29:12,03/12/2020 09:29,01/04/2022 11:53,-,484.1 dias,-,-,-,-
11142,🔴 Pendência SPC,3,indaial@bancodovale.org.br,-,2022-04-01 11:53:08,01/04/2022 11:53,01/04/2022 16:32,-,0.19 dias,-,-,-,-
11142,⚠️ Pendente Cliente,W,adriana@bancodovale.org.br,-,2022-04-01 16:32:07,01/04/2022 16:32,06/04/2022 11:36,-,4.79 dias,-,-,-,-
11142,👤 Análise Coordenação,6,adriana@bancodovale.org.br,-,2022-04-06 11:36:19,06/04/2022 11:36,06/04/2022 14:03,-,0.1 dias,-,-,-,-
11142,🧾 Análise Mesa de Crédito,8,angela@bancodovale.org.br,-,2022-04-06 14:03:29,06/04/2022 14:03,08/04/2022 15:32,-,2.06 dias,-,-,-,-
11142,✅ Aprovado,0,roberto@bancodovale.org.br,-,2022-04-08 15:32:52,08/04/2022 15:32,24/10/2022 11:33,-,198.83 dias,-,-,-,-
11142,👤 Análise Coordenação,6,adriana@bancodovale.org.br,-,2022-10-24 11:33:44,24/10/2022 11:33,24/10/2022 13:10,-,0.07 dias,-,-,-,-
11142,🧾 Análise Mesa de Crédito,8,angela@bancodovale.org.br,-,2022-10-24 13:10:06,24/10/2022 13:10,26/10/2022 15:14,-,2.09 dias,-,-,-,-
11142,✅ Aprovado,0,fernandosandri@bancodovale.org.br,-,2022-10-26 15:14:05,26/10/2022 15:14,27/09/2024 11:53,-,701.86 dias,-,-,-,-
11142,🧾 Análise Mesa de Crédito,8,KATLIN,-,2024-09-27 11:53:13,27/09/2024 11:53,30/09/2024 11:40,-,2.99 dias,-,-,-,-
11142,✅ Aprovado,0,Fernando,-,2024-09-30 11:40:26,30/09/2024 11:40,28/08/2025 11:17,-,331.98 dias,-,-,-,-
11142,🧾 Análise Mesa de Crédito,8,adriana@bancodovale.org.br,-,2025-08-28 11:17:27,28/08/2025 11:17,28/08/2025 15:33,-,0.18 dias,-,-,-,-
1914257,📍 Definir Unidade de Atendimento,1,-,-,2025-08-29 10:43:46,29/08/2025 10:43,29/08/2025 11:19,-,0.02 dias,-,-,-,-
1914257,🔍 Análise SPC (Serasa / SPC Brasil),2,comercialdigital@bancodovale.com.br,-,2025-08-29 11:19:12,29/08/2025 11:19,29/08/2025 11:22,-,0.0 dias,-,-,-,-
1914257,🕵️ Análise Agente de Crédito,4,comercialdigital@bancodovale.com.br,-,2025-08-29 11:22:46,29/08/2025 11:22,29/08/2025 15:07,-,0.16 dias,-,-,-,-
1914529,📍 Definir Unidade de Atendimento,1,-,-,2025-08-29 13:41:13,29/08/2025 13:41,29/08/2025 14:36,-,0.04 dias,-,-,-,-
1884467,🧾 Análise Mesa de Crédito,8,roberto@bancodovale.org.br,-,2025-08-21 14:52:31,21/08/2025 14:52,29/08/2025 16:43,-,8.08 dias,-,-,-,-
1915852,📍 Definir Unidade de Atendimento,1,-,-,2025-08-29 16:34:54,29/08/2025 16:34,29/08/2025 16:35,-,0.0 dias,-,-,-,-
1915843,📍 Definir Unidade de Atendimento,1,-,-,2025-08-29 16:34:34,29/08/2025 16:34,29/08/2025 16:35,-,0.0 dias,-,-,-,-
1914850,📍 Definir Unidade de Atendimento,1,-,-,2025-08-29 15:19:07,29/08/2025 15:19,29/08/2025 15:19,-,0.0 dias,-,-,-,-
1914692,📍 Definir Unidade de Atendimento,1,-,-,2025-08-29 15:10:07,29/08/2025 15:10,29/08/2025 15:16,-,0.0 dias,-,-,-,-
1914652,📍 Definir Unidade de Atendimento,1,-,-,2025-08-29 15:06:00,29/08/2025 15:06,29/08/2025 15:09,-,0.0 dias,-,-,-,-
1914649,📍 Definir Unidade de Atendimento,1,-,-,2025-08-29 15:05:21,29/08/2025 15:05,29/08/2025 15:06,-,0.0 dias,-,-,-,-
1914649,🕵️ Análise Agente de Crédito,4,Danielle,-,2025-08-29 15:06:31,29/08/2025 15:06,29/08/2025 15:13,-,0.0 dias,-,-,-,-
1914629,📍 Definir Unidade de Atendimento,1,-,-,2025-08-29 14:56:35,29/08/2025 14:56,29/08/2025 15:00,-,0.0 dias,-,-,-,-
1914629,🔍 Análise SPC (Serasa / SPC Brasil),2,comercialdigital@bancodovale.com.br,-,2025-08-29 15:00:08,29/08/2025 15:00,29/08/2025 15:01,-,0.0 dias,-,-,-,-
1914629,🕵️ Análise Agente de Crédito,4,comercialdigital@bancodovale.com.br,-,2025-08-29 15:01:21,29/08/2025 15:01,29/08/2025 15:09,-,0.01 dias,-,-,-,-
1914592,📍 Definir Unidade de Atendimento,1,-,-,2025-08-29 14:31:34,29/08/2025 14:31,29/08/2025 14:32,-,0.0 dias,-,-,-,-
1914592,🕵️ Análise Agente de Crédito,4,jaragua@bancodovale.org.br,-,2025-08-29 14:32:00,29/08/2025 14:32,29/08/2025 14:47,-,0.01 dias,-,-,-,-
1914299,📍 Definir Unidade de Atendimento,1,-,-,2025-08-29 11:13:20,29/08/2025 11:13,29/08/2025 11:23,-,0.01 dias,-,-,-,-
1914299,🔍 Análise SPC (Serasa / SPC Brasil),2,comercialdigital@bancodovale.com.br,-,2025-08-29 11:23:34,29/08/2025 11:23,29/08/2025 13:50,-,0.1 dias,-,-,-,-
1914299,🕵️ Análise Agente de Crédito,4,jaragua@bancodovale.org.br,-,2025-08-29 13:50:47,29/08/2025 13:50,29/08/2025 14:04,-,0.01 dias,-,-,-,-
1914228,📍 Definir Unidade de Atendimento,1,-,-,2025-08-29 10:23:22,29/08/2025 10:23,29/08/2025 10:25,-,0.0 dias,-,-,-,-
1914228,🕵️ Análise Agente de Crédito,4,comercialdigital@bancodovale.com.br,-,2025-08-29 10:25:20,29/08/2025 10:25,29/08/2025 11:19,-,0.04 dias,-,-,-,-
1914176,📍 Definir Unidade de Atendimento,1,-,-,2025-08-29 10:20:10,29/08/2025 10:20,29/08/2025 10:21,-,0.0 dias,-,-,-,-
1914176,🕵️ Análise Agente de Crédito,4,comercialdigital@bancodovale.com.br,-,2025-08-29 10:21:10,29/08/2025 10:21,29/08/2025 15:45,-,0.23 dias,-,-,-,-
1914146,📍 Definir Unidade de Atendimento,1,-,-,2025-08-29 09:56:14,29/08/2025 09:56,29/08/2025 09:57,-,0.0 dias,-,-,-,-
1914146,🕵️ Análise Agente de Crédito,4,bancodovaletimbo@bancodovale.org.br,-,2025-08-29 09:57:14,29/08/2025 09:57,29/08/2025 10:30,-,0.02 dias,-,-,-,-
1914146,🧾 Análise Mesa de Crédito,8,camila@bancodovale.org.br,-,2025-08-29 10:30:05,29/08/2025 10:30,29/08/2025 12:02,-,0.06 dias,-,-,-,-
1914141,📍 Definir Unidade de Atendimento,1,-,-,2025-08-29 09:53:06,29/08/2025 09:53,29/08/2025 09:53,-,0.0 dias,-,-,-,-
1914097,📍 Definir Unidade de Atendimento,1,-,-,2025-08-29 09:34:34,29/08/2025 09:34,29/08/2025 09:54,-,0.01 dias,-,-,-,-
1914085,📍 Definir Unidade de Atendimento,1,-,-,2025-08-29 09:29:32,29/08/2025 09:29,29/08/2025 09:29,-,0.0 dias,-,-,-,-
1914085,🕵️ Análise Agente de Crédito,4,Danielle,-,2025-08-29 09:29:49,29/08/2025 09:29,29/08/2025 11:03,-,0.07 dias,-,-,-,-
1914085,🧾 Análise Mesa de Crédito,8,dennis@bancodovale.org.br,-,2025-08-29 11:03:48,29/08/2025 11:03,29/08/2025 11:06,-,0.0 dias,-,-,-,-
1913922,📍 Definir Unidade de Atendimento,1,-,-,2025-08-29 08:56:51,29/08/2025 08:56,29/08/2025 08:57,-,0.0 dias,-,-,-,-
1913922,🔴 Pendência SPC,3,bancodovaletimbo@bancodovale.org.br,-,2025-08-29 08:57:48,29/08/2025 08:57,29/08/2025 16:22,-,0.31 dias,-,-,-,-
1913919,📍 Definir Unidade de Atendimento,1,-,-,2025-08-29 08:53:47,29/08/2025 08:53,29/08/2025 08:55,-,0.0 dias,-,-,-,-
1913915,📍 Definir Unidade de Atendimento,1,-,-,2025-08-29 08:40:42,29/08/2025 08:40,29/08/2025 08:41,-,0.0 dias,-,-,-,-
1913915,🕵️ Análise Agente de Crédito,4,bancodovaletimbo@bancodovale.org.br,-,2025-08-29 08:41:54,29/08/2025 08:41,29/08/2025 16:22,-,0.32 dias,-,-,-,-
1913895,📍 Definir Unidade de Atendimento,1,-,-,2025-08-29 08:00:43,29/08/2025 08:00,29/08/2025 09:19,-,0.05 dias,-,-,-,-
1913895,🔍 Análise SPC (Serasa / SPC Brasil),2,comercialdigital@bancodovale.com.br,-,2025-08-29 09:19:36,29/08/2025 09:19,29/08/2025 09:53,-,0.02 dias,-,-,-,-
1913895,🕵️ Análise Agente de Crédito,4,comercialdigital@bancodovale.com.br,-,2025-08-29 09:53:46,29/08/2025 09:53,29/08/2025 15:34,-,0.24 dias,-,-,-,-
1913889,📍 Definir Unidade de Atendimento,1,-,-,2025-08-29 07:36:17,29/08/2025 07:36,29/08/2025 09:16,-,0.07 dias,-,-,-,-
1913829,📍 Definir Unidade de Atendimento,1,-,-,2025-08-28 19:57:21,28/08/2025 19:57,29/08/2025 09:07,-,0.55 dias,-,-,-,-
1913829,🔍 Análise SPC (Serasa / SPC Brasil),2,comercialdigital@bancodovale.com.br,-,2025-08-29 09:07:59,29/08/2025 09:07,29/08/2025 09:44,-,0.03 dias,-,-,-,-
1913829,🕵️ Análise Agente de Crédito,4,comercialdigital@bancodovale.com.br,-,2025-08-29 09:44:51,29/08/2025 09:44,29/08/2025 15:34,-,0.24 dias,-,-,-,-
1913769,📍 Definir Unidade de Atendimento,1,-,-,2025-08-28 18:58:11,28/08/2025 18:58,29/08/2025 08:56,-,0.58 dias,-,-,-,-
1913769,🔍 Análise SPC (Serasa / SPC Brasil),2,comercialdigital@bancodovale.com.br,-,2025-08-29 08:56:53,29/08/2025 08:56,29/08/2025 09:43,-,0.03 dias,-,-,-,-
1913769,🕵️ Análise Agente de Crédito,4,comercialdigital@bancodovale.com.br,-,2025-08-29 09:43:36,29/08/2025 09:43,29/08/2025 15:33,-,0.24 dias,-,-,-,-
1913669,🧾 Análise Mesa de Crédito,8,Bruno,-,2025-08-28 17:04:06,28/08/2025 17:04,29/08/2025 08:11,-,0.63 dias,-,-,-,-
1913541,🧾 Análise Mesa de Crédito,8,Bruno,-,2025-08-28 15:52:01,28/08/2025 15:52,29/08/2025 12:06,-,0.84 dias,-,-,-,-
1913484,🕵️ Análise Agente de Crédito,4,KATLIN,-,2025-08-28 17:30:23,28/08/2025 17:30,29/08/2025 09:31,-,0.67 dias,-,-,-,-
1913425,🧾 Análise Mesa de Crédito,8,jaragua@bancodovale.org.br,-,2025-08-28 18:32:59,28/08/2025 18:32,29/08/2025 10:07,-,0.65 dias,-,-,-,-
1913324,🕵️ Análise Agente de Crédito,4,bancodovaletimbo@bancodovale.org.br,-,2025-08-28 13:46:39,28/08/2025 13:46,29/08/2025 16:23,-,1.11 dias,-,-,-,-
1913324,🧾 Análise Mesa de Crédito,8,caciane@bancodovale.org.br,-,2025-08-29 16:23:26,29/08/2025 16:23,29/08/2025 16:35,-,0.01 dias,-,-,-,-
1912786,🕵️ Análise Agente de Crédito,4,jaragua@bancodovale.org.br,-,2025-08-28 09:47:50,28/08/2025 09:47,29/08/2025 14:16,-,1.19 dias,-,-,-,-
1912777,🕵️ Análise Agente de Crédito,4,KATLIN,-,2025-08-28 11:21:54,28/08/2025 11:21,29/08/2025 09:04,-,0.9 dias,-,-,-,-
1912777,📍 Definir Unidade de Atendimento,1,rejane@bancodovale.org.br,-,2025-08-29 09:04:16,29/08/2025 09:04,29/08/2025 09:08,-,0.0 dias,-,-,-,-
1912777,🔍 Análise SPC (Serasa / SPC Brasil),2,comercialdigital@bancodovale.com.br,-,2025-08-29 09:08:42,29/08/2025 09:08,29/08/2025 09:50,-,0.03 dias,-,-,-,-
1912630,🔍 Análise SPC (Serasa / SPC Brasil),2,comercialdigital@bancodovale.com.br,-,2025-08-28 08:48:02,28/08/2025 08:48,29/08/2025 10:39,-,1.08 dias,-,-,-,-
1912385,🕵️ Análise Agente de Crédito,4,comercialdigital@bancodovale.com.br,-,2025-08-27 17:17:32,27/08/2025 17:17,29/08/2025 15:33,-,1.93 dias,-,-,-,-
1912258,⚠️ Pendente Cliente,W,camila@bancodovale.org.br,-,2025-08-28 10:28:30,28/08/2025 10:28,29/08/2025 14:47,-,1.18 dias,-,-,-,-
1912014,🕵️ Análise Agente de Crédito,4,jaragua@bancodovale.org.br,-,2025-08-27 13:10:28,27/08/2025 13:10,29/08/2025 14:04,-,2.04 dias,-,-,-,-
1911844,🕵️ Análise Agente de Crédito,4,comercialdigital@bancodovale.com.br,-,2025-08-27 11:31:57,27/08/2025 11:31,29/08/2025 11:13,-,1.99 dias,-,-,-,-
1911844,🧾 Análise Mesa de Crédito,8,roberto@bancodovale.org.br,-,2025-08-29 11:13:18,29/08/2025 11:13,29/08/2025 15:12,-,0.17 dias,-,-,-,-
1911769,🧾 Análise Mesa de Crédito,8,jessica@bancodovale.org.br,-,2025-08-28 17:39:49,28/08/2025 17:39,29/08/2025 09:39,-,0.67 dias,-,-,-,-
1911766,🕵️ Análise Agente de Crédito,4,comercialdigital@bancodovale.com.br,-,2025-08-27 12:04:08,27/08/2025 12:04,29/08/2025 15:32,-,2.14 dias,-,-,-,-
1910967,⚠️ Pendente Cliente,W,jessica@bancodovale.org.br,-,2025-08-26 17:32:20,26/08/2025 17:32,29/08/2025 10:46,-,2.72 dias,-,-,-,-
1910963,🧾 Análise Mesa de Crédito,8,gilmara@bancodovale.org.br,-,2025-08-26 16:21:04,26/08/2025 16:21,29/08/2025 16:35,-,3.01 dias,-,-,-,-
1910529,🔴 Pendência SPC,3,jaragua@bancodovale.org.br,-,2025-08-26 15:05:17,26/08/2025 15:05,29/08/2025 14:17,-,2.97 dias,-,-,-,-
1907969,⚠️ Pendente Cliente,W,gilmara@bancodovale.org.br,-,2025-08-26 14:10:51,26/08/2025 14:10,29/08/2025 14:05,-,3.0 dias,-,-,-,-
1907654,🧾 Análise Mesa de Crédito,8,gilmara@bancodovale.org.br,-,2025-08-26 16:20:11,26/08/2025 16:20,29/08/2025 16:21,-,3.0 dias,-,-,-,-
1906948,🕵️ Análise Agente de Crédito,4,comercialdigital@bancodovale.com.br,-,2025-08-25 10:31:10,25/08/2025 10:31,29/08/2025 15:32,-,4.21 dias,-,-,-,-
1905116,⚠️ Pendente Cliente,W,jaragua@bancodovale.org.br,-,2025-08-22 16:25:29,22/08/2025 16:25,29/08/2025 13:56,-,6.9 dias,-,-,-,-
1904038,🧾 Análise Mesa de Crédito,8,roberto@bancodovale.org.br,-,2025-08-21 17:10:26,21/08/2025 17:10,29/08/2025 16:37,-,7.98 dias,-,-,-,-
1903960,🧾 Análise Mesa de Crédito,8,roberto@bancodovale.org.br,-,2025-08-28 16:11:19,28/08/2025 16:11,29/08/2025 08:10,-,0.67 dias,-,-,-,-
1903757,⚠️ Pendente Cliente,W,jaragua@bancodovale.org.br,-,2025-08-22 16:28:18,22/08/2025 16:28,29/08/2025 13:56,-,6.89 dias,-,-,-,-
1903472,🧾 Análise Mesa de Crédito,8,jaragua@bancodovale.org.br,-,2025-08-22 13:56:05,22/08/2025 13:56,29/08/2025 16:32,-,7.11 dias,-,-,-,-
1902081,🧾 Análise Mesa de Crédito,8,roberto@bancodovale.org.br,-,2025-08-26 10:34:35,26/08/2025 10:34,29/08/2025 16:32,-,3.25 dias,-,-,-,-
1902006,🕵️ Análise Agente de Crédito,4,emilia@bancodovale.org.br,-,2025-08-21 10:25:35,21/08/2025 10:25,29/08/2025 08:41,-,7.93 dias,-,-,-,-
1901879,🧾 Análise Mesa de Crédito,8,KATLIN,-,2025-08-20 17:08:45,20/08/2025 17:08,29/08/2025 16:32,-,8.97 dias,-,-,-,-
1900723,🧾 Análise Mesa de Crédito,8,roberto@bancodovale.org.br,-,2025-08-20 15:43:03,20/08/2025 15:43,29/08/2025 16:32,-,9.03 dias,-,-,-,-
1898484,🕵️ Análise Agente de Crédito,4,comercialdigital@bancodovale.com.br,-,2025-08-20 13:10:52,20/08/2025 13:10,29/08/2025 15:31,-,9.1 dias,-,-,-,-
1895184,⚠️ Pendente Cliente,W,gilmara@bancodovale.org.br,-,2025-08-21 09:34:48,21/08/2025 09:34,29/08/2025 13:57,-,8.18 dias,-,-,-,-
1893293,🧾 Análise Mesa de Crédito,8,jaragua@bancodovale.org.br,-,2025-08-27 20:14:57,27/08/2025 20:14,29/08/2025 16:32,-,1.85 dias,-,-,-,-
1891399,🕵️ Análise Agente de Crédito,4,comercialdigital@bancodovale.com.br,-,2025-08-19 10:05:05,19/08/2025 10:05,29/08/2025 15:29,-,10.23 dias,-,-,-,-
1888897,🕵️ Análise Agente de Crédito,4,comercialdigital@bancodovale.com.br,-,2025-08-18 15:02:49,18/08/2025 15:02,29/08/2025 15:28,-,11.02 dias,-,-,-,-
1888597,🧾 Análise Mesa de Crédito,8,roberto@bancodovale.org.br,-,2025-08-22 09:42:18,22/08/2025 09:42,29/08/2025 16:32,-,7.29 dias,-,-,-,-
1888517,🔴 Pendência SPC,3,jaragua@bancodovale.org.br,-,2025-08-18 10:18:59,18/08/2025 10:18,29/08/2025 17:19,-,11.29 dias,-,-,-,-
1888261,⚠️ Pendente Cliente,W,gilmara@bancodovale.org.br,-,2025-08-19 09:02:50,19/08/2025 09:02,29/08/2025 13:57,-,10.2 dias,-,-,-,-
1888137,🧾 Análise Mesa de Crédito,8,roberto@bancodovale.org.br,-,2025-08-18 16:05:10,18/08/2025 16:05,29/08/2025 16:47,-,11.03 dias,-,-,-,-
1885827,🔴 Pendência SPC,3,jaragua@bancodovale.org.br,-,2025-08-15 11:15:24,15/08/2025 11:15,29/08/2025 17:20,-,14.25 dias,-,-,-,-
1885275,⚠️ Pendente Cliente,W,jessica@bancodovale.org.br,-,2025-08-28 17:40:06,28/08/2025 17:40,29/08/2025 09:27,-,0.66 dias,-,-,-,-
1884909,⚠️ Pendente Cliente,W,gilmara@bancodovale.org.br,-,2025-08-14 15:24:10,14/08/2025 15:24,29/08/2025 13:58,-,14.94 dias,-,-,-,-
1884731,🧾 Análise Mesa de Crédito,8,roberto@bancodovale.org.br,-,2025-08-14 11:41:25,14/08/2025 11:41,29/08/2025 16:47,-,15.21 dias,-,-,-,-
1884415,🧾 Análise Mesa de Crédito,8,roberto@bancodovale.org.br,-,2025-08-28 11:12:29,28/08/2025 11:12,29/08/2025 09:48,-,0.94 dias,-,-,-,-
1884121,⚠️ Pendente Cliente,W,gilmara@bancodovale.org.br,-,2025-08-14 10:11:33,14/08/2025 10:11,29/08/2025 13:58,-,15.16 dias,-,-,-,-
1883992,⚠️ Pendente Cliente,W,gilmara@bancodovale.org.br,-,2025-08-14 10:17:09,14/08/2025 10:17,29/08/2025 13:59,-,15.15 dias,-,-,-,-
1883899,⚠️ Pendente Cliente,W,gilmara@bancodovale.org.br,-,2025-08-14 10:18:19,14/08/2025 10:18,29/08/2025 13:59,-,15.15 dias,-,-,-,-
1883736,🧾 Análise Mesa de Crédito,8,roberto@bancodovale.org.br,-,2025-08-19 09:25:49,19/08/2025 09:25,29/08/2025 16:47,-,10.31 dias,-,-,-,-
1883259,🧾 Análise Mesa de Crédito,8,thiago@bancodovale.org.br,-,2025-08-14 13:19:40,14/08/2025 13:19,29/08/2025 16:43,-,15.14 dias,-,-,-,-
1882866,🔴 Pendência SPC,3,jaragua@bancodovale.org.br,-,2025-08-13 12:17:55,13/08/2025 12:17,29/08/2025 17:22,-,16.21 dias,-,-,-,-
1880195,🧾 Análise Mesa de Crédito,8,thiago@bancodovale.org.br,-,2025-08-12 10:48:31,12/08/2025 10:48,29/08/2025 16:50,-,17.25 dias,-,-,-,-
1879927,🧾 Análise Mesa de Crédito,8,roberto@bancodovale.org.br,-,2025-08-19 08:28:51,19/08/2025 08:28,29/08/2025 16:43,-,10.34 dias,-,-,-,-
1879863,🧾 Análise Mesa de Crédito,8,roberto@bancodovale.org.br,-,2025-08-19 10:23:49,19/08/2025 10:23,29/08/2025 16:43,-,10.26 dias,-,-,-,-
1879185,🧾 Análise Mesa de Crédito,8,thiago@bancodovale.org.br,-,2025-08-11 16:26:59,11/08/2025 16:26,29/08/2025 16:43,-,18.01 dias,-,-,-,-
1876007,🧾 Análise Mesa de Crédito,8,thiago@bancodovale.org.br,-,2025-08-11 16:00:49,11/08/2025 16:00,29/08/2025 16:37,-,18.03 dias,-,-,-,-
1875218,🧾 Análise Mesa de Crédito,8,thiago@bancodovale.org.br,-,2025-08-12 09:34:03,12/08/2025 09:34,29/08/2025 16:50,-,17.3 dias,-,-,-,-
1875180,🧾 Análise Mesa de Crédito,8,thiago@bancodovale.org.br,-,2025-08-11 09:36:48,11/08/2025 09:36,29/08/2025 16:50,-,18.3 dias,-,-,-,-
1868155,⚠️ Pendente Cliente,W,jaragua@bancodovale.org.br,-,2025-08-05 20:02:18,05/08/2025 20:02,29/08/2025 14:03,-,23.75 dias,-,-,-,-
1868042,⚠️ Pendente Cliente,W,jaragua@bancodovale.org.br,-,2025-08-05 16:52:54,05/08/2025 16:52,29/08/2025 14:01,-,23.88 dias,-,-,-,-
1866199,🧾 Análise Mesa de Crédito,8,roberto@bancodovale.org.br,-,2025-08-01 13:48:54,01/08/2025 13:48,29/08/2025 16:47,-,28.12 dias,-,-,-,-
1865157,🕵️ Análise Agente de Crédito,4,rio@bancodovale.org.br,-,2025-08-01 10:34:24,01/08/2025 10:34,29/08/2025 11:14,-,28.03 dias,-,-,-,-
1864401,🧾 Análise Mesa de Crédito,8,roberto@bancodovale.org.br,-,2025-08-01 13:48:54,01/08/2025 13:48,29/08/2025 16:47,-,28.12 dias,-,-,-,-
1863822,🧾 Análise Mesa de Crédito,8,roberto@bancodovale.org.br,-,2025-08-01 13:48:54,01/08/2025 13:48,29/08/2025 16:47,-,28.12 dias,-,-,-,-
1863813,🧾 Análise Mesa de Crédito,8,thiago@bancodovale.org.br,-,2025-07-30 16:50:36,30/07/2025 16:50,29/08/2025 16:50,-,30.0 dias,-,-,-,-
1863767,🧾 Análise Mesa de Crédito,8,roberto@bancodovale.org.br,-,2025-08-05 12:07:24,05/08/2025 12:07,29/08/2025 16:47,-,24.19 dias,-,-,-,-
1861198,🧾 Análise Mesa de Crédito,8,Bruno,-,2025-08-01 11:13:15,01/08/2025 11:13,29/08/2025 16:52,-,28.24 dias,-,-,-,-
1703158,🕵️ Análise Agente de Crédito,4,rio@bancodovale.org.br,-,2025-08-26 15:13:32,26/08/2025 15:13,29/08/2025 10:33,-,2.81 dias,-,-,-,-
1703158,🧾 Análise Mesa de Crédito,8,ivan@bancodovale.org.br,-,2025-08-29 10:33:07,29/08/2025 10:33,29/08/2025 10:35,-,0.0 dias,-,-,-,-
178908,🧾 Análise Mesa de Crédito,8,adriana@bancodovale.org.br,-,2025-08-14 13:52:16,14/08/2025 13:52,29/08/2025 16:53,-,15.13 dias,-,-,-,-
78148,🧾 Análise Mesa de Crédito,8,KATLIN,-,2025-08-05 11:36:51,05/08/2025 11:36,29/08/2025 16:54,-,24.22 dias,-,-,-,-
9542,📍 Definir Unidade de Atendimento,1,-,-,2020-08-12 16:02:14,12/08/2020 16:02,12/08/2020 16:03,-,0.0 dias,-,-,-,-
9542,🕵️ Análise Agente de Crédito,4,riodosul@bancodovale.org.br,-,2020-08-12 16:03:38,12/08/2020 16:03,12/08/2020 16:54,-,0.04 dias,-,-,-,-
9542,❌ Reprovado,X,roseli@bancodovale.org.br,-,2020-08-12 16:54:47,12/08/2020 16:54,04/11/2021 13:22,-,448.85 dias,-,-,-,-
9542,🧾 Análise Mesa de Crédito,8,carlos@bancodovale.org.br,-,2021-11-04 13:22:54,04/11/2021 13:22,05/11/2021 12:21,-,0.96 dias,-,-,-,-
9542,⚠️ Pendência Mesa de Crédito,9,fernandosandri@bancodovale.org.br,-,2021-11-05 12:21:25,05/11/2021 12:21,08/11/2021 14:55,-,3.11 dias,-,-,-,-
9542,✅ Aprovado,0,fernandosandri@bancodovale.org.br,-,2021-11-08 14:55:33,08/11/2021 14:55,18/10/2023 16:04,-,709.05 dias,-,-,-,-
9542,🕵️ Análise Agente de Crédito,4,Priscila,-,2023-10-18 16:04:32,18/10/2023 16:04,24/10/2023 11:45,-,5.82 dias,-,-,-,-
9542,✅ Aprovado,0,juliano@bancodovale.org.br,-,2023-10-24 11:45:02,24/10/2023 11:45,29/08/2025 09:05,-,674.89 dias,-,-,-,-
1914257,❌ Reprovado,X,natalia@bancodovale.org.br,-,2025-08-29 15:07:01,29/08/2025 15:07,-,-,-,-,-,-,-
1899474,❌ Reprovado,X,caciane@bancodovale.org.br,-,2025-08-25 14:11:52,25/08/2025 14:11,-,-,-,-,-,-,-
1887424,🚫 Cancelado,Y,pierre@bancodovale.org.br,-,2025-08-18 15:32:54,18/08/2025 15:32,-,-,-,-,-,-,-
1851994,⚠️ Pendente Cliente,W,alinef@bancodovale.org.br,-,2025-07-30 15:27:23,30/07/2025 15:27,-,-,-,-,-,-,-
1782060,🚫 Cancelado,Y,juliano@bancodovale.org.br,-,2025-08-22 14:46:42,22/08/2025 14:46,-,-,-,-,-,-,-
1499545,✅ Aprovado,0,ivan@bancodovale.org.br,-,2025-08-18 10:02:53,18/08/2025 10:02,-,-,-,-,-,-,-
1904652,❌ Reprovado,X,natalia@bancodovale.org.br,-,2025-08-21 17:04:11,21/08/2025 17:04,-,-,-,-,-,-,-
1901925,❌ Reprovado,X,KATLIN,-,2025-08-21 11:58:35,21/08/2025 11:58,-,-,-,-,-,-,-
1891921,❌ Reprovado,X,KATLIN,-,2025-08-19 17:03:53,19/08/2025 17:03,-,-,-,-,-,-,-
1891395,❌ Reprovado,X,natalia@bancodovale.org.br,-,2025-08-19 10:33:41,19/08/2025 10:33,-,-,-,-,-,-,-
1887426,⚠️ Pendente Cliente,W,natalia@bancodovale.org.br,-,2025-08-18 09:46:12,18/08/2025 09:46,-,-,-,-,-,-,-
1886461,❌ Reprovado,X,natalia@bancodovale.org.br,-,2025-08-18 09:29:48,18/08/2025 09:29,-,-,-,-,-,-,-
1884467,✅ Aprovado,0,Fernando,-,2025-08-29 16:43:15,29/08/2025 16:43,-,-,-,-,-,-,-
1884196,⚠️ Pendente Cliente,W,natalia@bancodovale.org.br,-,2025-08-14 09:20:48,14/08/2025 09:20,-,-,-,-,-,-,-
1874978,❌ Reprovado,X,adriana@bancodovale.org.br,-,2025-08-11 10:08:48,11/08/2025 10:08,-,-,-,-,-,-,-
1914692,🚫 Cancelado,Y,-,-,2025-08-29 15:16:46,29/08/2025 15:16,-,-,-,-,-,-,-
1914652,🚫 Cancelado,Y,-,-,2025-08-29 15:09:25,29/08/2025 15:09,-,-,-,-,-,-,-
1914592,🙅 Desistiu,Z,jessica@bancodovale.org.br,-,2025-08-29 14:47:27,29/08/2025 14:47,-,-,-,-,-,-,-
1914228,❌ Reprovado,X,natalia@bancodovale.org.br,-,2025-08-29 11:19:33,29/08/2025 11:19,-,-,-,-,-,-,-
1914176,❌ Reprovado,X,alinef@bancodovale.org.br,-,2025-08-29 15:45:49,29/08/2025 15:45,-,-,-,-,-,-,-
1914146,✅ Aprovado,0,Fernando,-,2025-08-29 12:02:25,29/08/2025 12:02,-,-,-,-,-,-,-
1914085,✅ Aprovado,0,Fernando,-,2025-08-29 11:06:58,29/08/2025 11:06,-,-,-,-,-,-,-
1913922,❌ Reprovado,X,caciane@bancodovale.org.br,-,2025-08-29 16:22:12,29/08/2025 16:22,-,-,-,-,-,-,-
1913919,🚫 Cancelado,Y,-,-,2025-08-29 08:55:01,29/08/2025 08:55,-,-,-,-,-,-,-
1913889,❌ Reprovado,X,comercialdigital@bancodovale.com.br,-,2025-08-29 09:16:46,29/08/2025 09:16,-,-,-,-,-,-,-
1913669,✅ Aprovado,0,Fernando,-,2025-08-29 08:11:47,29/08/2025 08:11,-,-,-,-,-,-,-
1913541,✅ Aprovado,0,Fernando,-,2025-08-29 12:06:06,29/08/2025 12:06,-,-,-,-,-,-,-
1913484,❌ Reprovado,X,rejane@bancodovale.org.br,-,2025-08-29 09:31:27,29/08/2025 09:31,-,-,-,-,-,-,-
1913427,❌ Reprovado,X,natalia@bancodovale.org.br,-,2025-08-28 16:25:04,28/08/2025 16:25,-,-,-,-,-,-,-
1913425,✅ Aprovado,0,Fernando,-,2025-08-29 10:07:46,29/08/2025 10:07,-,-,-,-,-,-,-
1913382,🙅 Desistiu,Z,dennis@bancodovale.org.br,-,2025-08-28 17:14:40,28/08/2025 17:14,-,-,-,-,-,-,-
1913370,🚫 Cancelado,Y,-,-,2025-08-28 14:28:50,28/08/2025 14:28,-,-,-,-,-,-,-
1913324,✅ Aprovado,0,Fernando,-,2025-08-29 16:35:02,29/08/2025 16:35,-,-,-,-,-,-,-
1913224,🕵️ Análise Agente de Crédito,4,Danielle,-,2025-08-28 13:17:32,28/08/2025 13:17,-,-,-,-,-,-,-
1912992,🗑️ Descartado (Lixo),E,comercialdigital@bancodovale.com.br,-,2025-08-28 11:25:07,28/08/2025 11:25,-,-,-,-,-,-,-
1912980,🙅 Desistiu,Z,camila@bancodovale.org.br,-,2025-08-28 14:09:23,28/08/2025 14:09,-,-,-,-,-,-,-
1912786,🙅 Desistiu,Z,valdinei@bancodovale.org.br,-,2025-08-29 14:16:39,29/08/2025 14:16,-,-,-,-,-,-,-
1912737,✅ Aprovado,0,Fernando,-,2025-08-28 15:12:39,28/08/2025 15:12,-,-,-,-,-,-,-
1912701,🙅 Desistiu,Z,bancodovaletimbo@bancodovale.org.br,-,2025-08-28 08:24:42,28/08/2025 08:24,-,-,-,-,-,-,-
1912695,🚫 Cancelado,Y,-,-,2025-08-28 07:58:04,28/08/2025 07:58,-,-,-,-,-,-,-
1912685,🕵️ Análise Agente de Crédito,4,rio@bancodovale.org.br,-,2025-08-28 14:36:40,28/08/2025 14:36,-,-,-,-,-,-,-
1912680,❌ Reprovado,X,camila@bancodovale.org.br,-,2025-08-28 08:29:31,28/08/2025 08:29,-,-,-,-,-,-,-
1912630,❌ Reprovado,X,regina@bancodovale.org.br,-,2025-08-29 10:39:53,29/08/2025 10:39,-,-,-,-,-,-,-
1912537,❌ Reprovado,X,natalia@bancodovale.org.br,-,2025-08-28 10:09:08,28/08/2025 10:09,-,-,-,-,-,-,-
1912385,🙅 Desistiu,Z,alinef@bancodovale.org.br,-,2025-08-29 15:33:15,29/08/2025 15:33,-,-,-,-,-,-,-
1912258,🙅 Desistiu,Z,camila@bancodovale.org.br,-,2025-08-29 14:47:44,29/08/2025 14:47,-,-,-,-,-,-,-
1912256,✅ Aprovado,0,Fernando,-,2025-08-28 15:59:45,28/08/2025 15:59,-,-,-,-,-,-,-
1912255,❌ Reprovado,X,alinef@bancodovale.org.br,-,2025-08-28 08:55:53,28/08/2025 08:55,-,-,-,-,-,-,-
1912151,✅ Aprovado,0,Fernando,-,2025-08-28 16:26:14,28/08/2025 16:26,-,-,-,-,-,-,-
1912114,✅ Aprovado,0,Fernando,-,2025-08-28 10:57:35,28/08/2025 10:57,-,-,-,-,-,-,-
1912091,❌ Reprovado,X,alinef@bancodovale.org.br,-,2025-08-27 16:32:07,27/08/2025 16:32,-,-,-,-,-,-,-
1912014,❌ Reprovado,X,gilmara@bancodovale.org.br,-,2025-08-29 14:04:14,29/08/2025 14:04,-,-,-,-,-,-,-
1911940,📄 📄 Chamado Duplicado,D,comercialdigital@bancodovale.com.br,-,2025-08-27 14:54:01,27/08/2025 14:54,-,-,-,-,-,-,-
1911858,✅ Aprovado,0,Fernando,-,2025-08-28 16:36:20,28/08/2025 16:36,-,-,-,-,-,-,-
1911844,✅ Aprovado,0,Fernando,-,2025-08-29 15:12:44,29/08/2025 15:12,-,-,-,-,-,-,-
1911802,❌ Reprovado,X,rio@bancodovale.org.br,-,2025-08-27 16:59:40,27/08/2025 16:59,-,-,-,-,-,-,-
1911769,✅ Aprovado,0,Fernando,-,2025-08-29 09:39:30,29/08/2025 09:39,-,-,-,-,-,-,-
1911766,❌ Reprovado,X,alinef@bancodovale.org.br,-,2025-08-29 15:32:50,29/08/2025 15:32,-,-,-,-,-,-,-
1911631,❌ Reprovado,X,gilmara@bancodovale.org.br,-,2025-08-28 11:32:45,28/08/2025 11:32,-,-,-,-,-,-,-
1911466,❌ Reprovado,X,jessica@bancodovale.org.br,-,2025-08-27 10:38:54,27/08/2025 10:38,-,-,-,-,-,-,-
1911139,❌ Reprovado,X,comercialdigital@bancodovale.com.br,-,2025-08-27 09:01:07,27/08/2025 09:01,-,-,-,-,-,-,-
1910963,✅ Aprovado,0,Fernando,-,2025-08-29 16:35:01,29/08/2025 16:35,-,-,-,-,-,-,-
1910934,❌ Reprovado,X,camila@bancodovale.org.br,-,2025-08-27 11:49:34,27/08/2025 11:49,-,-,-,-,-,-,-
1910910,✅ Aprovado,0,Fernando,-,2025-08-28 15:12:08,28/08/2025 15:12,-,-,-,-,-,-,-
1910795,✅ Aprovado,0,Fernando,-,2025-08-28 09:10:38,28/08/2025 09:10,-,-,-,-,-,-,-
1910737,✅ Aprovado,0,Fernando,-,2025-08-27 09:15:45,27/08/2025 09:15,-,-,-,-,-,-,-
1910713,❌ Reprovado,X,dennis@bancodovale.org.br,-,2025-08-26 16:55:46,26/08/2025 16:55,-,-,-,-,-,-,-
1910671,❌ Reprovado,X,elenita@bancovale.org.br,-,2025-08-27 09:04:59,27/08/2025 09:04,-,-,-,-,-,-,-
1910529,❌ Reprovado,X,gilmara@bancodovale.org.br,-,2025-08-29 14:17:17,29/08/2025 14:17,-,-,-,-,-,-,-
1910504,❌ Reprovado,X,jaragua@bancodovale.org.br,-,2025-08-26 12:00:34,26/08/2025 12:00,-,-,-,-,-,-,-
1910460,❌ Reprovado,X,natalia@bancodovale.org.br,-,2025-08-26 13:13:31,26/08/2025 13:13,-,-,-,-,-,-,-
1910220,✅ Aprovado,0,Fernando,-,2025-08-28 15:12:38,28/08/2025 15:12,-,-,-,-,-,-,-
1910012,❌ Reprovado,X,eder@bancodovale.org.br,-,2025-08-26 14:48:03,26/08/2025 14:48,-,-,-,-,-,-,-
1909537,⚠️ Pendente Cliente,W,natalia@bancodovale.org.br,-,2025-08-26 10:41:09,26/08/2025 10:41,-,-,-,-,-,-,-
1909358,❌ Reprovado,X,caciane@bancodovale.org.br,-,2025-08-27 14:16:06,27/08/2025 14:16,-,-,-,-,-,-,-
1909337,❌ Reprovado,X,camila@bancodovale.org.br,-,2025-08-26 13:46:36,26/08/2025 13:46,-,-,-,-,-,-,-
1909081,✅ Aprovado,0,Fernando,-,2025-08-28 08:56:09,28/08/2025 08:56,-,-,-,-,-,-,-
1908554,🚫 Cancelado,Y,-,-,2025-08-25 16:44:54,25/08/2025 16:44,-,-,-,-,-,-,-
1908538,🚫 Cancelado,Y,felipe@bancodovale.org.br,-,2025-08-28 09:10:31,28/08/2025 09:10,-,-,-,-,-,-,-
1908488,❌ Reprovado,X,natalia@bancodovale.org.br,-,2025-08-25 16:37:29,25/08/2025 16:37,-,-,-,-,-,-,-
1908435,🙅 Desistiu,Z,regina@bancodovale.org.br,-,2025-08-28 14:45:39,28/08/2025 14:45,-,-,-,-,-,-,-
1908256,🕵️ Análise Agente de Crédito,4,Danielle,-,2025-08-25 16:10:06,25/08/2025 16:10,-,-,-,-,-,-,-
1908239,❌ Reprovado,X,comercialdigital@bancodovale.com.br,-,2025-08-25 15:28:24,25/08/2025 15:28,-,-,-,-,-,-,-
1908221,❌ Reprovado,X,elenita@bancovale.org.br,-,2025-08-27 09:15:19,27/08/2025 09:15,-,-,-,-,-,-,-
1908216,🚫 Cancelado,Y,-,-,2025-08-25 15:04:45,25/08/2025 15:04,-,-,-,-,-,-,-
1908202,✅ Aprovado,0,Fernando,-,2025-08-27 14:55:56,27/08/2025 14:55,-,-,-,-,-,-,-
1908201,🚫 Cancelado,Y,felipe@bancodovale.org.br,-,2025-08-28 09:10:18,28/08/2025 09:10,-,-,-,-,-,-,-
1908178,🚫 Cancelado,Y,-,-,2025-08-25 14:58:13,25/08/2025 14:58,-,-,-,-,-,-,-
1908090,🙅 Desistiu,Z,natalia@bancodovale.org.br,-,2025-08-26 14:10:11,26/08/2025 14:10,-,-,-,-,-,-,-
1907969,❌ Reprovado,X,gilmara@bancodovale.org.br,-,2025-08-29 14:05:55,29/08/2025 14:05,-,-,-,-,-,-,-
1907937,❌ Reprovado,X,comercialdigital@bancodovale.com.br,-,2025-08-25 14:21:02,25/08/2025 14:21,-,-,-,-,-,-,-
1907797,⚠️ Pendente Cliente,W,natalia@bancodovale.org.br,-,2025-08-25 15:43:59,25/08/2025 15:43,-,-,-,-,-,-,-
1907766,❌ Reprovado,X,comercialdigital@bancodovale.com.br,-,2025-08-25 12:29:11,25/08/2025 12:29,-,-,-,-,-,-,-
1907736,🙅 Desistiu,Z,camila@bancodovale.org.br,-,2025-08-25 14:07:00,25/08/2025 14:07,-,-,-,-,-,-,-
1907659,✅ Aprovado,0,Fernando,-,2025-08-26 17:24:28,26/08/2025 17:24,-,-,-,-,-,-,-
1907650,🚫 Cancelado,Y,-,-,2025-08-25 10:46:33,25/08/2025 10:46,-,-,-,-,-,-,-
1907640,✅ Aprovado,0,regina@bancodovale.org.br,-,2025-08-28 14:33:29,28/08/2025 14:33,-,-,-,-,-,-,-
1907548,❌ Reprovado,X,gilmara@bancodovale.org.br,-,2025-08-26 08:41:26,26/08/2025 08:41,-,-,-,-,-,-,-
1907542,🙅 Desistiu,Z,KATLIN,-,2025-08-25 14:35:01,25/08/2025 14:35,-,-,-,-,-,-,-
1907314,🚫 Cancelado,Y,felipe@bancodovale.org.br,-,2025-08-28 09:10:07,28/08/2025 09:10,-,-,-,-,-,-,-
1907244,❌ Reprovado,X,natalia@bancodovale.org.br,-,2025-08-25 11:26:18,25/08/2025 11:26,-,-,-,-,-,-,-
1907209,❌ Reprovado,X,natalia@bancodovale.org.br,-,2025-08-25 11:24:46,25/08/2025 11:24,-,-,-,-,-,-,-
1907194,❌ Reprovado,X,comercialdigital@bancodovale.com.br,-,2025-08-25 09:12:03,25/08/2025 09:12,-,-,-,-,-,-,-
1907172,❌ Reprovado,X,comercialdigital@bancodovale.com.br,-,2025-08-25 09:02:30,25/08/2025 09:02,-,-,-,-,-,-,-
1907164,❌ Reprovado,X,elenita@bancovale.org.br,-,2025-08-25 10:53:12,25/08/2025 10:53,-,-,-,-,-,-,-
1907160,❌ Reprovado,X,comercialdigital@bancodovale.com.br,-,2025-08-25 09:11:46,25/08/2025 09:11,-,-,-,-,-,-,-
1907084,❌ Reprovado,X,natalia@bancodovale.org.br,-,2025-08-25 10:51:22,25/08/2025 10:51,-,-,-,-,-,-,-
1907043,❌ Reprovado,X,comercialdigital@bancodovale.com.br,-,2025-08-25 09:11:17,25/08/2025 09:11,-,-,-,-,-,-,-
1907000,❌ Reprovado,X,dennis@bancodovale.org.br,-,2025-08-25 10:34:29,25/08/2025 10:34,-,-,-,-,-,-,-
1906948,🙅 Desistiu,Z,alinef@bancodovale.org.br,-,2025-08-29 15:32:17,29/08/2025 15:32,-,-,-,-,-,-,-
1906945,❌ Reprovado,X,comercialdigital@bancodovale.com.br,-,2025-08-25 09:10:55,25/08/2025 09:10,-,-,-,-,-,-,-
1906942,❌ Reprovado,X,comercialdigital@bancodovale.com.br,-,2025-08-25 09:09:25,25/08/2025 09:09,-,-,-,-,-,-,-
1906872,❌ Reprovado,X,comercialdigital@bancodovale.com.br,-,2025-08-25 09:09:55,25/08/2025 09:09,-,-,-,-,-,-,-
1906828,❌ Reprovado,X,natalia@bancodovale.org.br,-,2025-08-25 10:38:39,25/08/2025 10:38,-,-,-,-,-,-,-
1906811,❌ Reprovado,X,natalia@bancodovale.org.br,-,2025-08-25 10:47:15,25/08/2025 10:47,-,-,-,-,-,-,-
1906803,❌ Reprovado,X,natalia@bancodovale.org.br,-,2025-08-25 10:24:22,25/08/2025 10:24,-,-,-,-,-,-,-
1906729,❌ Reprovado,X,natalia@bancodovale.org.br,-,2025-08-25 10:19:17,25/08/2025 10:19,-,-,-,-,-,-,-
1906603,❌ Reprovado,X,comercialdigital@bancodovale.com.br,-,2025-08-25 09:21:36,25/08/2025 09:21,-,-,-,-,-,-,-
1906589,❌ Reprovado,X,eder@bancodovale.org.br,-,2025-08-26 15:18:24,26/08/2025 15:18,-,-,-,-,-,-,-
1906566,❌ Reprovado,X,elenita@bancovale.org.br,-,2025-08-25 10:53:50,25/08/2025 10:53,-,-,-,-,-,-,-
1906546,❌ Reprovado,X,comercialdigital@bancodovale.com.br,-,2025-08-25 09:17:05,25/08/2025 09:17,-,-,-,-,-,-,-
1906487,❌ Reprovado,X,alinef@bancodovale.org.br,-,2025-08-26 10:40:14,26/08/2025 10:40,-,-,-,-,-,-,-
1906369,❌ Reprovado,X,natalia@bancodovale.org.br,-,2025-08-25 10:14:58,25/08/2025 10:14,-,-,-,-,-,-,-
1906303,❌ Reprovado,X,KATLIN,-,2025-08-25 11:52:01,25/08/2025 11:52,-,-,-,-,-,-,-
1906249,✅ Aprovado,0,Fernando,-,2025-08-26 09:33:27,26/08/2025 09:33,-,-,-,-,-,-,-
1906245,✅ Aprovado,0,Fernando,-,2025-08-25 10:05:00,25/08/2025 10:05,-,-,-,-,-,-,-
1906236,✅ Aprovado,0,Fernando,-,2025-08-25 15:42:21,25/08/2025 15:42,-,-,-,-,-,-,-
1906229,❌ Reprovado,X,natalia@bancodovale.org.br,-,2025-08-25 08:43:34,25/08/2025 08:43,-,-,-,-,-,-,-
1906107,✅ Aprovado,0,Fernando,-,2025-08-27 15:33:44,27/08/2025 15:33,-,-,-,-,-,-,-
1906076,🙅 Desistiu,Z,dennis@bancodovale.org.br,-,2025-08-26 17:05:36,26/08/2025 17:05,-,-,-,-,-,-,-
1906069,❌ Reprovado,X,comercialdigital@bancodovale.com.br,-,2025-08-22 15:08:23,22/08/2025 15:08,-,-,-,-,-,-,-
1906023,✅ Aprovado,0,Fernando,-,2025-08-26 16:50:43,26/08/2025 16:50,-,-,-,-,-,-,-
1905911,❌ Reprovado,X,caciane@bancodovale.org.br,-,2025-08-25 14:13:52,25/08/2025 14:13,-,-,-,-,-,-,-
1905667,🙅 Desistiu,Z,dennis@bancodovale.org.br,-,2025-08-25 10:03:53,25/08/2025 10:03,-,-,-,-,-,-,-
1905557,✅ Aprovado,0,Fernando,-,2025-08-25 11:20:18,25/08/2025 11:20,-,-,-,-,-,-,-
1905506,🚫 Cancelado,Y,-,-,2025-08-22 09:43:22,22/08/2025 09:43,-,-,-,-,-,-,-
1905501,🚫 Cancelado,Y,-,-,2025-08-22 09:42:44,22/08/2025 09:42,-,-,-,-,-,-,-
1905498,🚫 Cancelado,Y,-,-,2025-08-22 09:40:32,22/08/2025 09:40,-,-,-,-,-,-,-
1905478,🙅 Desistiu,Z,dennis@bancodovale.org.br,-,2025-08-25 09:58:22,25/08/2025 09:58,-,-,-,-,-,-,-
1905475,❌ Reprovado,X,jessica@bancodovale.org.br,-,2025-08-22 09:49:26,22/08/2025 09:49,-,-,-,-,-,-,-
1905464,❌ Reprovado,X,caciane@bancodovale.org.br,-,2025-08-25 14:08:16,25/08/2025 14:08,-,-,-,-,-,-,-
1905433,🙅 Desistiu,Z,caciane@bancodovale.org.br,-,2025-08-25 14:09:34,25/08/2025 14:09,-,-,-,-,-,-,-
1905424,❌ Reprovado,X,natalia@bancodovale.org.br,-,2025-08-22 10:03:52,22/08/2025 10:03,-,-,-,-,-,-,-
1905421,🙅 Desistiu,Z,natalia@bancodovale.org.br,-,2025-08-25 08:30:18,25/08/2025 08:30,-,-,-,-,-,-,-
1905404,❌ Reprovado,X,comercialdigital@bancodovale.com.br,-,2025-08-22 08:58:50,22/08/2025 08:58,-,-,-,-,-,-,-
1905386,🚫 Cancelado,Y,-,-,2025-08-22 08:17:59,22/08/2025 08:17,-,-,-,-,-,-,-
1905383,❌ Reprovado,X,comercialdigital@bancodovale.com.br,-,2025-08-22 08:45:11,22/08/2025 08:45,-,-,-,-,-,-,-
1905226,✅ Aprovado,0,Fernando,-,2025-08-27 09:34:39,27/08/2025 09:34,-,-,-,-,-,-,-
1905221,📄 📄 Chamado Duplicado,D,jaragua@bancodovale.org.br,-,2025-08-22 08:46:02,22/08/2025 08:46,-,-,-,-,-,-,-
1905167,❌ Reprovado,X,alinef@bancodovale.org.br,-,2025-08-22 14:26:27,22/08/2025 14:26,-,-,-,-,-,-,-
1905131,❌ Reprovado,X,comercialdigital@bancodovale.com.br,-,2025-08-22 08:36:18,22/08/2025 08:36,-,-,-,-,-,-,-
1905129,❌ Reprovado,X,caciane@bancodovale.org.br,-,2025-08-25 14:21:26,25/08/2025 14:21,-,-,-,-,-,-,-
1905121,❌ Reprovado,X,jessica@bancodovale.org.br,-,2025-08-22 09:39:10,22/08/2025 09:39,-,-,-,-,-,-,-
1905117,✅ Aprovado,0,Fernando,-,2025-08-26 14:29:29,26/08/2025 14:29,-,-,-,-,-,-,-
1905116,❌ Reprovado,X,gilmara@bancodovale.org.br,-,2025-08-29 13:56:27,29/08/2025 13:56,-,-,-,-,-,-,-
1905063,❌ Reprovado,X,camila@bancodovale.org.br,-,2025-08-22 09:45:54,22/08/2025 09:45,-,-,-,-,-,-,-
1904987,🙅 Desistiu,Z,jessica@bancodovale.org.br,-,2025-08-26 16:22:56,26/08/2025 16:22,-,-,-,-,-,-,-
1904834,❌ Reprovado,X,camila@bancodovale.org.br,-,2025-08-22 09:46:23,22/08/2025 09:46,-,-,-,-,-,-,-
1904785,✅ Aprovado,0,Fernando,-,2025-08-27 14:21:45,27/08/2025 14:21,-,-,-,-,-,-,-
1904764,🚫 Cancelado,Y,-,-,2025-08-21 16:20:22,21/08/2025 16:20,-,-,-,-,-,-,-
1904758,✅ Aprovado,0,Fernando,-,2025-08-27 11:45:40,27/08/2025 11:45,-,-,-,-,-,-,-
1904695,✅ Aprovado,0,Fernando,-,2025-08-27 12:25:18,27/08/2025 12:25,-,-,-,-,-,-,-
1904645,❌ Reprovado,X,natalia@bancodovale.org.br,-,2025-08-21 17:06:00,21/08/2025 17:06,-,-,-,-,-,-,-
1904494,❌ Reprovado,X,camila@bancodovale.org.br,-,2025-08-22 09:46:44,22/08/2025 09:46,-,-,-,-,-,-,-
1904056,❌ Reprovado,X,comercialdigital@bancodovale.com.br,-,2025-08-21 14:26:20,21/08/2025 14:26,-,-,-,-,-,-,-
1904038,🚫 Cancelado,Y,Fernando,-,2025-08-29 16:37:59,29/08/2025 16:37,-,-,-,-,-,-,-
1904005,🙅 Desistiu,Z,caciane@bancodovale.org.br,-,2025-08-25 14:22:31,25/08/2025 14:22,-,-,-,-,-,-,-
1903963,❌ Reprovado,X,jaragua@bancodovale.org.br,-,2025-08-22 16:14:11,22/08/2025 16:14,-,-,-,-,-,-,-
1903960,✅ Aprovado,0,Fernando,-,2025-08-29 08:10:42,29/08/2025 08:10,-,-,-,-,-,-,-
1903959,📄 📄 Chamado Duplicado,D,comercialdigital@bancodovale.com.br,-,2025-08-21 14:29:08,21/08/2025 14:29,-,-,-,-,-,-,-
1903955,🙅 Desistiu,Z,bancodovaletimbo@bancodovale.org.br,-,2025-08-21 13:36:37,21/08/2025 13:36,-,-,-,-,-,-,-
1903926,❌ Reprovado,X,camila@bancodovale.org.br,-,2025-08-22 09:47:10,22/08/2025 09:47,-,-,-,-,-,-,-
1903924,❌ Reprovado,X,camila@bancodovale.org.br,-,2025-08-21 14:38:04,21/08/2025 14:38,-,-,-,-,-,-,-
1903907,❌ Reprovado,X,camila@bancodovale.org.br,-,2025-08-21 14:38:28,21/08/2025 14:38,-,-,-,-,-,-,-
1903857,❌ Reprovado,X,comercialdigital@bancodovale.com.br,-,2025-08-21 14:21:19,21/08/2025 14:21,-,-,-,-,-,-,-
1903831,❌ Reprovado,X,comercialdigital@bancodovale.com.br,-,2025-08-21 14:21:04,21/08/2025 14:21,-,-,-,-,-,-,-
1903814,❌ Reprovado,X,alinef@bancodovale.org.br,-,2025-08-26 10:41:09,26/08/2025 10:41,-,-,-,-,-,-,-
1903797,🙅 Desistiu,Z,regina@bancodovale.org.br,-,2025-08-28 14:44:04,28/08/2025 14:44,-,-,-,-,-,-,-
1903775,❌ Reprovado,X,bancodovaletimbo@bancodovale.org.br,-,2025-08-21 12:00:56,21/08/2025 12:00,-,-,-,-,-,-,-
1903757,❌ Reprovado,X,gilmara@bancodovale.org.br,-,2025-08-29 13:56:56,29/08/2025 13:56,-,-,-,-,-,-,-
1903660,✅ Aprovado,0,Fernando,-,2025-08-25 10:46:10,25/08/2025 10:46,-,-,-,-,-,-,-
1903659,📄 📄 Chamado Duplicado,D,jaragua@bancodovale.org.br,-,2025-08-21 11:28:51,21/08/2025 11:28,-,-,-,-,-,-,-
1903643,🙅 Desistiu,Z,camila@bancodovale.org.br,-,2025-08-22 09:48:56,22/08/2025 09:48,-,-,-,-,-,-,-
1903632,✅ Aprovado,0,Fernando,-,2025-08-22 14:56:54,22/08/2025 14:56,-,-,-,-,-,-,-
1903472,✅ Aprovado,0,Fernando,-,2025-08-29 16:32:27,29/08/2025 16:32,-,-,-,-,-,-,-
1903463,✅ Aprovado,0,Fernando,-,2025-08-25 17:29:03,25/08/2025 17:29,-,-,-,-,-,-,-
1903461,🙅 Desistiu,Z,jessica@bancodovale.org.br,-,2025-08-26 16:23:35,26/08/2025 16:23,-,-,-,-,-,-,-
1903382,✅ Aprovado,0,Fernando,-,2025-08-25 16:41:14,25/08/2025 16:41,-,-,-,-,-,-,-
1903379,❌ Reprovado,X,natalia@bancodovale.org.br,-,2025-08-21 10:49:46,21/08/2025 10:49,-,-,-,-,-,-,-
1903270,🙅 Desistiu,Z,camila@bancodovale.org.br,-,2025-08-22 09:50:11,22/08/2025 09:50,-,-,-,-,-,-,-
1902153,❌ Reprovado,X,comercialdigital@bancodovale.com.br,-,2025-08-21 09:03:42,21/08/2025 09:03,-,-,-,-,-,-,-
1902094,🙅 Desistiu,Z,natalia@bancodovale.org.br,-,2025-08-22 13:02:24,22/08/2025 13:02,-,-,-,-,-,-,-
1902081,✅ Aprovado,0,Fernando,-,2025-08-29 16:32:27,29/08/2025 16:32,-,-,-,-,-,-,-
1902006,🙅 Desistiu,Z,pierre@bancodovale.org.br,-,2025-08-29 08:41:44,29/08/2025 08:41,-,-,-,-,-,-,-
1901879,✅ Aprovado,0,Fernando,-,2025-08-29 16:32:27,29/08/2025 16:32,-,-,-,-,-,-,-
1901753,✅ Aprovado,0,Fernando,-,2025-08-25 16:09:04,25/08/2025 16:09,-,-,-,-,-,-,-
1901686,✅ Aprovado,0,Fernando,-,2025-08-22 15:40:11,22/08/2025 15:40,-,-,-,-,-,-,-
1901669,✅ Aprovado,0,Fernando,-,2025-08-21 15:21:48,21/08/2025 15:21,-,-,-,-,-,-,-
1901630,✅ Aprovado,0,Fernando,-,2025-08-22 15:27:57,22/08/2025 15:27,-,-,-,-,-,-,-
1901429,🕵️ Análise Agente de Crédito,4,Danielle,-,2025-08-20 16:17:37,20/08/2025 16:17,-,-,-,-,-,-,-
1900723,✅ Aprovado,0,Fernando,-,2025-08-29 16:32:26,29/08/2025 16:32,-,-,-,-,-,-,-
1899522,🙅 Desistiu,Z,natalia@bancodovale.org.br,-,2025-08-20 16:55:46,20/08/2025 16:55,-,-,-,-,-,-,-
1899497,❌ Reprovado,X,jaragua@bancodovale.org.br,-,2025-08-22 16:20:19,22/08/2025 16:20,-,-,-,-,-,-,-
1899163,🙅 Desistiu,Z,jessica@bancodovale.org.br,-,2025-08-22 09:38:15,22/08/2025 09:38,-,-,-,-,-,-,-
1898942,❌ Reprovado,X,jessica@bancodovale.org.br,-,2025-08-21 10:33:20,21/08/2025 10:33,-,-,-,-,-,-,-
1898868,✅ Aprovado,0,Fernando,-,2025-08-25 15:52:11,25/08/2025 15:52,-,-,-,-,-,-,-
1898484,❌ Reprovado,X,alinef@bancodovale.org.br,-,2025-08-29 15:31:43,29/08/2025 15:31,-,-,-,-,-,-,-
1898297,🙅 Desistiu,Z,caciane@bancodovale.org.br,-,2025-08-25 14:17:28,25/08/2025 14:17,-,-,-,-,-,-,-
1897378,✅ Aprovado,0,Fernando,-,2025-08-26 14:41:40,26/08/2025 14:41,-,-,-,-,-,-,-
1897368,🙅 Desistiu,Z,camila@bancodovale.org.br,-,2025-08-22 09:51:51,22/08/2025 09:51,-,-,-,-,-,-,-
1896887,✅ Aprovado,0,Fernando,-,2025-08-21 16:19:32,21/08/2025 16:19,-,-,-,-,-,-,-
1895757,❌ Reprovado,X,natalia@bancodovale.org.br,-,2025-08-20 10:11:12,20/08/2025 10:11,-,-,-,-,-,-,-
1895304,❌ Reprovado,X,rejane@bancodovale.org.br,-,2025-08-20 11:11:35,20/08/2025 11:11,-,-,-,-,-,-,-
1895247,🙅 Desistiu,Z,ivan@bancodovale.org.br,-,2025-08-20 10:21:53,20/08/2025 10:21,-,-,-,-,-,-,-
1895211,❌ Reprovado,X,camila@bancodovale.org.br,-,2025-08-20 09:59:43,20/08/2025 09:59,-,-,-,-,-,-,-
1895013,🙅 Desistiu,Z,pierre@bancodovale.org.br,-,2025-08-20 14:36:40,20/08/2025 14:36,-,-,-,-,-,-,-
1895000,✅ Aprovado,0,Fernando,-,2025-08-26 08:53:10,26/08/2025 08:53,-,-,-,-,-,-,-
1894995,🚫 Cancelado,Y,-,-,2025-08-19 16:43:12,19/08/2025 16:43,-,-,-,-,-,-,-
1894454,✅ Aprovado,0,Fernando,-,2025-08-22 11:43:15,22/08/2025 11:43,-,-,-,-,-,-,-
1893293,✅ Aprovado,0,Fernando,-,2025-08-29 16:32:26,29/08/2025 16:32,-,-,-,-,-,-,-
1893075,✅ Aprovado,0,Fernando,-,2025-08-19 16:11:53,19/08/2025 16:11,-,-,-,-,-,-,-
1892780,✅ Aprovado,0,Fernando,-,2025-08-22 15:11:29,22/08/2025 15:11,-,-,-,-,-,-,-
1892263,✅ Aprovado,0,Fernando,-,2025-08-19 10:50:34,19/08/2025 10:50,-,-,-,-,-,-,-
1892082,🙅 Desistiu,Z,caciane@bancodovale.org.br,-,2025-08-25 14:18:55,25/08/2025 14:18,-,-,-,-,-,-,-
1892077,❌ Reprovado,X,comercialdigital@bancodovale.com.br,-,2025-08-19 09:48:44,19/08/2025 09:48,-,-,-,-,-,-,-
1891753,✅ Aprovado,0,Fernando,-,2025-08-20 08:46:56,20/08/2025 08:46,-,-,-,-,-,-,-
1891399,❌ Reprovado,X,alinef@bancodovale.org.br,-,2025-08-29 15:29:08,29/08/2025 15:29,-,-,-,-,-,-,-
1891364,❌ Reprovado,X,caciane@bancodovale.org.br,-,2025-08-25 14:15:23,25/08/2025 14:15,-,-,-,-,-,-,-
1891288,🕵️ Análise Agente de Crédito,4,rio@bancodovale.org.br,-,2025-08-19 11:19:06,19/08/2025 11:19,-,-,-,-,-,-,-
1891202,❌ Reprovado,X,natalia@bancodovale.org.br,-,2025-08-19 10:03:50,19/08/2025 10:03,-,-,-,-,-,-,-
1891182,❌ Reprovado,X,comercialdigital@bancodovale.com.br,-,2025-08-19 08:51:05,19/08/2025 08:51,-,-,-,-,-,-,-
1891133,❌ Reprovado,X,comercialdigital@bancodovale.com.br,-,2025-08-19 08:50:23,19/08/2025 08:50,-,-,-,-,-,-,-
1890869,✅ Aprovado,0,Fernando,-,2025-08-21 16:19:00,21/08/2025 16:19,-,-,-,-,-,-,-
1890562,❌ Reprovado,X,camila@bancodovale.org.br,-,2025-08-20 08:32:27,20/08/2025 08:32,-,-,-,-,-,-,-
1890329,🚫 Cancelado,Y,felipe@bancodovale.org.br,-,2025-08-20 15:40:34,20/08/2025 15:40,-,-,-,-,-,-,-
1890113,❌ Reprovado,X,comercialdigital@bancodovale.com.br,-,2025-08-18 15:34:29,18/08/2025 15:34,-,-,-,-,-,-,-
1889676,🙅 Desistiu,Z,jessica@bancodovale.org.br,-,2025-08-27 10:41:26,27/08/2025 10:41,-,-,-,-,-,-,-
1889468,✅ Aprovado,0,roberto@bancodovale.org.br,-,2025-08-19 09:17:15,19/08/2025 09:17,-,-,-,-,-,-,-
1888997,📄 📄 Chamado Duplicado,D,comercialdigital@bancodovale.com.br,-,2025-08-18 14:54:33,18/08/2025 14:54,-,-,-,-,-,-,-
1888897,❌ Reprovado,X,alinef@bancodovale.org.br,-,2025-08-29 15:28:41,29/08/2025 15:28,-,-,-,-,-,-,-
1888771,⚠️ Pendente Cliente,W,natalia@bancodovale.org.br,-,2025-08-18 13:59:17,18/08/2025 13:59,-,-,-,-,-,-,-
1888751,✅ Aprovado,0,Fernando,-,2025-08-19 15:32:28,19/08/2025 15:32,-,-,-,-,-,-,-
1888627,❌ Reprovado,X,comercialdigital@bancodovale.com.br,-,2025-08-18 11:07:38,18/08/2025 11:07,-,-,-,-,-,-,-
1888606,❌ Reprovado,X,comercialdigital@bancodovale.com.br,-,2025-08-18 11:07:23,18/08/2025 11:07,-,-,-,-,-,-,-
1888597,🚫 Cancelado,Y,Fernando,-,2025-08-29 16:32:47,29/08/2025 16:32,-,-,-,-,-,-,-
1888520,❌ Reprovado,X,dennis@bancodovale.org.br,-,2025-08-26 17:06:54,26/08/2025 17:06,-,-,-,-,-,-,-
1888517,🙅 Desistiu,Z,dennis@bancodovale.org.br,-,2025-08-29 17:19:59,29/08/2025 17:19,-,-,-,-,-,-,-
1888450,❌ Reprovado,X,comercialdigital@bancodovale.com.br,-,2025-08-18 10:04:39,18/08/2025 10:04,-,-,-,-,-,-,-
1888342,✅ Aprovado,0,Fernando,-,2025-08-18 12:05:40,18/08/2025 12:05,-,-,-,-,-,-,-
1888289,❌ Reprovado,X,alinef@bancodovale.org.br,-,2025-08-27 16:32:42,27/08/2025 16:32,-,-,-,-,-,-,-
1888261,❌ Reprovado,X,gilmara@bancodovale.org.br,-,2025-08-29 13:57:46,29/08/2025 13:57,-,-,-,-,-,-,-
1888250,🙅 Desistiu,Z,camila@bancodovale.org.br,-,2025-08-18 13:59:38,18/08/2025 13:59,-,-,-,-,-,-,-
1888137,✅ Aprovado,0,Fernando,-,2025-08-29 16:47:17,29/08/2025 16:47,-,-,-,-,-,-,-
1888016,❌ Reprovado,X,comercialdigital@bancodovale.com.br,-,2025-08-18 09:44:34,18/08/2025 09:44,-,-,-,-,-,-,-
1887680,✅ Aprovado,0,Fernando,-,2025-08-19 15:52:16,19/08/2025 15:52,-,-,-,-,-,-,-
1887582,❌ Reprovado,X,comercialdigital@bancodovale.com.br,-,2025-08-18 09:09:16,18/08/2025 09:09,-,-,-,-,-,-,-
1887568,❌ Reprovado,X,comercialdigital@bancodovale.com.br,-,2025-08-18 09:08:57,18/08/2025 09:08,-,-,-,-,-,-,-
1887567,❌ Reprovado,X,comercialdigital@bancodovale.com.br,-,2025-08-18 09:08:36,18/08/2025 09:08,-,-,-,-,-,-,-
1887559,❌ Reprovado,X,ivan@bancodovale.org.br,-,2025-08-25 08:31:53,25/08/2025 08:31,-,-,-,-,-,-,-
1887539,❌ Reprovado,X,natalia@bancodovale.org.br,-,2025-08-18 09:44:37,18/08/2025 09:44,-,-,-,-,-,-,-
1887519,📄 📄 Chamado Duplicado,D,KATLIN,-,2025-08-18 13:14:12,18/08/2025 13:14,-,-,-,-,-,-,-
1887515,❌ Reprovado,X,alinef@bancodovale.org.br,-,2025-08-26 10:56:06,26/08/2025 10:56,-,-,-,-,-,-,-
1887499,❌ Reprovado,X,comercialdigital@bancodovale.com.br,-,2025-08-18 09:05:22,18/08/2025 09:05,-,-,-,-,-,-,-
1887484,❌ Reprovado,X,natalia@bancodovale.org.br,-,2025-08-18 10:20:30,18/08/2025 10:20,-,-,-,-,-,-,-
1887483,❌ Reprovado,X,comercialdigital@bancodovale.com.br,-,2025-08-18 09:04:20,18/08/2025 09:04,-,-,-,-,-,-,-
1887455,❌ Reprovado,X,comercialdigital@bancodovale.com.br,-,2025-08-18 09:01:40,18/08/2025 09:01,-,-,-,-,-,-,-
1887443,❌ Reprovado,X,elenita@bancovale.org.br,-,2025-08-18 11:14:22,18/08/2025 11:14,-,-,-,-,-,-,-
1887434,❌ Reprovado,X,natalia@bancodovale.org.br,-,2025-08-18 09:58:11,18/08/2025 09:58,-,-,-,-,-,-,-
1887413,🚫 Cancelado,Y,rio@bancodovale.org.br,-,2025-08-19 11:18:04,19/08/2025 11:18,-,-,-,-,-,-,-
1887410,❌ Reprovado,X,elenita@bancovale.org.br,-,2025-08-19 13:19:15,19/08/2025 13:19,-,-,-,-,-,-,-
1887399,❌ Reprovado,X,natalia@bancodovale.org.br,-,2025-08-18 10:57:09,18/08/2025 10:57,-,-,-,-,-,-,-
1887396,❌ Reprovado,X,alinef@bancodovale.org.br,-,2025-08-26 10:55:14,26/08/2025 10:55,-,-,-,-,-,-,-
1887332,❌ Reprovado,X,natalia@bancodovale.org.br,-,2025-08-18 09:38:30,18/08/2025 09:38,-,-,-,-,-,-,-
1887327,❌ Reprovado,X,comercialdigital@bancodovale.com.br,-,2025-08-18 08:53:03,18/08/2025 08:53,-,-,-,-,-,-,-
1887244,❌ Reprovado,X,comercialdigital@bancodovale.com.br,-,2025-08-18 08:52:44,18/08/2025 08:52,-,-,-,-,-,-,-
1887058,❌ Reprovado,X,eder@bancodovale.org.br,-,2025-08-18 11:29:01,18/08/2025 11:29,-,-,-,-,-,-,-
1887035,❌ Reprovado,X,comercialdigital@bancodovale.com.br,-,2025-08-18 08:51:21,18/08/2025 08:51,-,-,-,-,-,-,-
1887025,❌ Reprovado,X,KATLIN,-,2025-08-18 13:10:26,18/08/2025 13:10,-,-,-,-,-,-,-
1887007,❌ Reprovado,X,natalia@bancodovale.org.br,-,2025-08-18 11:50:49,18/08/2025 11:50,-,-,-,-,-,-,-
1886965,❌ Reprovado,X,natalia@bancodovale.org.br,-,2025-08-18 10:27:21,18/08/2025 10:27,-,-,-,-,-,-,-
1886934,❌ Reprovado,X,natalia@bancodovale.org.br,-,2025-08-18 10:24:45,18/08/2025 10:24,-,-,-,-,-,-,-
1886797,❌ Reprovado,X,alinef@bancodovale.org.br,-,2025-08-26 10:52:36,26/08/2025 10:52,-,-,-,-,-,-,-
1886616,❌ Reprovado,X,KATLIN,-,2025-08-18 13:09:20,18/08/2025 13:09,-,-,-,-,-,-,-
1886559,❌ Reprovado,X,elenita@bancovale.org.br,-,2025-08-18 11:14:59,18/08/2025 11:14,-,-,-,-,-,-,-
1886542,✅ Aprovado,0,Fernando,-,2025-08-15 15:41:45,15/08/2025 15:41,-,-,-,-,-,-,-
1886524,🙅 Desistiu,Z,camila@bancodovale.org.br,-,2025-08-18 09:41:50,18/08/2025 09:41,-,-,-,-,-,-,-
1886512,🙅 Desistiu,Z,jessica@bancodovale.org.br,-,2025-08-19 09:10:22,19/08/2025 09:10,-,-,-,-,-,-,-
1886490,📄 📄 Chamado Duplicado,D,pierre@bancodovale.org.br,-,2025-08-20 14:02:33,20/08/2025 14:02,-,-,-,-,-,-,-
1886379,✅ Aprovado,0,Fernando,-,2025-08-19 15:04:45,19/08/2025 15:04,-,-,-,-,-,-,-
1886346,⚠️ Pendente Cliente,W,natalia@bancodovale.org.br,-,2025-08-18 09:26:52,18/08/2025 09:26,-,-,-,-,-,-,-
1886167,🙅 Desistiu,Z,pierre@bancodovale.org.br,-,2025-08-19 12:39:50,19/08/2025 12:39,-,-,-,-,-,-,-
1886157,🙅 Desistiu,Z,pierre@bancodovale.org.br,-,2025-08-20 14:41:03,20/08/2025 14:41,-,-,-,-,-,-,-
1886146,❌ Reprovado,X,gilmara@bancodovale.org.br,-,2025-08-19 11:39:16,19/08/2025 11:39,-,-,-,-,-,-,-
1886017,✅ Aprovado,0,Fernando,-,2025-08-18 14:31:31,18/08/2025 14:31,-,-,-,-,-,-,-
1886002,🙅 Desistiu,Z,alinef@bancodovale.org.br,-,2025-08-26 10:49:33,26/08/2025 10:49,-,-,-,-,-,-,-
1885970,📄 📄 Chamado Duplicado,D,jaragua@bancodovale.org.br,-,2025-08-15 10:13:08,15/08/2025 10:13,-,-,-,-,-,-,-
1885969,🙅 Desistiu,Z,jessica@bancodovale.org.br,-,2025-08-19 14:14:43,19/08/2025 14:14,-,-,-,-,-,-,-
1885955,❌ Reprovado,X,natalia@bancodovale.org.br,-,2025-08-18 09:24:07,18/08/2025 09:24,-,-,-,-,-,-,-
1885827,❌ Reprovado,X,dennis@bancodovale.org.br,-,2025-08-29 17:20:51,29/08/2025 17:20,-,-,-,-,-,-,-
1885643,🙅 Desistiu,Z,dennis@bancodovale.org.br,-,2025-08-25 09:51:59,25/08/2025 09:51,-,-,-,-,-,-,-
1885625,🚫 Cancelado,Y,felipe@bancodovale.org.br,-,2025-08-18 10:18:34,18/08/2025 10:18,-,-,-,-,-,-,-
1885503,✅ Aprovado,0,Fernando,-,2025-08-19 15:32:18,19/08/2025 15:32,-,-,-,-,-,-,-
1885442,🚫 Cancelado,Y,felipe@bancodovale.org.br,-,2025-08-15 17:21:51,15/08/2025 17:21,-,-,-,-,-,-,-
1885384,🙅 Desistiu,Z,eder@bancodovale.org.br,-,2025-08-26 15:20:25,26/08/2025 15:20,-,-,-,-,-,-,-
1885370,✅ Aprovado,0,Fernando,-,2025-08-18 12:13:13,18/08/2025 12:13,-,-,-,-,-,-,-
1885316,🙅 Desistiu,Z,camila@bancodovale.org.br,-,2025-08-18 09:42:35,18/08/2025 09:42,-,-,-,-,-,-,-
1885250,❌ Reprovado,X,gilmara@bancodovale.org.br,-,2025-08-18 08:37:24,18/08/2025 08:37,-,-,-,-,-,-,-
1885216,❌ Reprovado,X,caciane@bancodovale.org.br,-,2025-08-25 14:20:06,25/08/2025 14:20,-,-,-,-,-,-,-
1885201,🙅 Desistiu,Z,jessica@bancodovale.org.br,-,2025-08-20 13:57:53,20/08/2025 13:57,-,-,-,-,-,-,-
1885181,✅ Aprovado,0,Fernando,-,2025-08-15 11:48:49,15/08/2025 11:48,-,-,-,-,-,-,-
1885180,✅ Aprovado,0,Fernando,-,2025-08-20 16:48:00,20/08/2025 16:48,-,-,-,-,-,-,-
1885173,✅ Aprovado,0,Fernando,-,2025-08-21 10:24:13,21/08/2025 10:24,-,-,-,-,-,-,-
1885009,🙅 Desistiu,Z,camila@bancodovale.org.br,-,2025-08-26 13:48:47,26/08/2025 13:48,-,-,-,-,-,-,-
1885007,🚫 Cancelado,Y,pierre@bancodovale.org.br,-,2025-08-15 11:36:02,15/08/2025 11:36,-,-,-,-,-,-,-
1884909,❌ Reprovado,X,gilmara@bancodovale.org.br,-,2025-08-29 13:58:11,29/08/2025 13:58,-,-,-,-,-,-,-
1884888,🙅 Desistiu,Z,gilmara@bancodovale.org.br,-,2025-08-15 15:00:18,15/08/2025 15:00,-,-,-,-,-,-,-
1884857,❌ Reprovado,X,gilmara@bancodovale.org.br,-,2025-08-14 15:23:44,14/08/2025 15:23,-,-,-,-,-,-,-
1884731,✅ Aprovado,0,Fernando,-,2025-08-29 16:47:20,29/08/2025 16:47,-,-,-,-,-,-,-
1884568,✅ Aprovado,0,Fernando,-,2025-08-14 09:36:32,14/08/2025 09:36,-,-,-,-,-,-,-
1884554,✅ Aprovado,0,Fernando,-,2025-08-14 16:44:22,14/08/2025 16:44,-,-,-,-,-,-,-
1884551,❌ Reprovado,X,eder@bancodovale.org.br,-,2025-08-26 14:51:04,26/08/2025 14:51,-,-,-,-,-,-,-
1884447,❌ Reprovado,X,caciane@bancodovale.org.br,-,2025-08-14 13:06:04,14/08/2025 13:06,-,-,-,-,-,-,-
1884415,✅ Aprovado,0,Fernando,-,2025-08-29 09:48:26,29/08/2025 09:48,-,-,-,-,-,-,-
1884401,❌ Reprovado,X,jessica@bancodovale.org.br,-,2025-08-14 14:07:44,14/08/2025 14:07,-,-,-,-,-,-,-
1884336,❌ Reprovado,X,adriana@bancodovale.org.br,-,2025-08-28 11:59:23,28/08/2025 11:59,-,-,-,-,-,-,-
1884205,🗑️ Descartado (Lixo),E,rio@bancodovale.org.br,-,2025-08-14 10:04:00,14/08/2025 10:04,-,-,-,-,-,-,-
1884121,❌ Reprovado,X,gilmara@bancodovale.org.br,-,2025-08-29 13:58:34,29/08/2025 13:58,-,-,-,-,-,-,-
1884012,✅ Aprovado,0,Fernando,-,2025-08-14 15:41:26,14/08/2025 15:41,-,-,-,-,-,-,-
1883992,❌ Reprovado,X,gilmara@bancodovale.org.br,-,2025-08-29 13:59:01,29/08/2025 13:59,-,-,-,-,-,-,-
1883944,❌ Reprovado,X,eder@bancodovale.org.br,-,2025-08-15 15:58:01,15/08/2025 15:58,-,-,-,-,-,-,-
1883937,❌ Reprovado,X,elenita@bancovale.org.br,-,2025-08-13 16:23:09,13/08/2025 16:23,-,-,-,-,-,-,-
1883912,❌ Reprovado,X,eder@bancodovale.org.br,-,2025-08-15 15:57:33,15/08/2025 15:57,-,-,-,-,-,-,-
1883899,❌ Reprovado,X,gilmara@bancodovale.org.br,-,2025-08-29 13:59:19,29/08/2025 13:59,-,-,-,-,-,-,-
1883790,✅ Aprovado,0,Fernando,-,2025-08-15 10:24:13,15/08/2025 10:24,-,-,-,-,-,-,-
1883781,✅ Aprovado,0,Fernando,-,2025-08-18 11:27:10,18/08/2025 11:27,-,-,-,-,-,-,-
1883764,❌ Reprovado,X,comercialdigital@bancodovale.com.br,-,2025-08-13 13:46:09,13/08/2025 13:46,-,-,-,-,-,-,-
1883736,✅ Aprovado,0,Fernando,-,2025-08-29 16:47:20,29/08/2025 16:47,-,-,-,-,-,-,-
1883684,🙅 Desistiu,Z,pierre@bancodovale.org.br,-,2025-08-14 16:40:38,14/08/2025 16:40,-,-,-,-,-,-,-
1883404,❌ Reprovado,X,eder@bancodovale.org.br,-,2025-08-15 15:40:01,15/08/2025 15:40,-,-,-,-,-,-,-
1883259,✅ Aprovado,0,Fernando,-,2025-08-29 16:43:14,29/08/2025 16:43,-,-,-,-,-,-,-
1883256,🚫 Cancelado,Y,-,-,2025-08-13 10:05:51,13/08/2025 10:05,-,-,-,-,-,-,-
1883231,⚠️ Pendente Cliente,W,gilmara@bancodovale.org.br,-,2025-08-13 13:32:44,13/08/2025 13:32,-,-,-,-,-,-,-
1883139,🙅 Desistiu,Z,rejane@bancodovale.org.br,-,2025-08-15 14:58:54,15/08/2025 14:58,-,-,-,-,-,-,-
1883126,❌ Reprovado,X,alinef@bancodovale.org.br,-,2025-08-26 10:55:35,26/08/2025 10:55,-,-,-,-,-,-,-
1883048,🙅 Desistiu,Z,regina@bancodovale.org.br,-,2025-08-20 08:25:29,20/08/2025 08:25,-,-,-,-,-,-,-
1882921,✅ Aprovado,0,Fernando,-,2025-08-19 17:26:30,19/08/2025 17:26,-,-,-,-,-,-,-
1882866,🙅 Desistiu,Z,dennis@bancodovale.org.br,-,2025-08-29 17:22:00,29/08/2025 17:22,-,-,-,-,-,-,-
1882745,❌ Reprovado,X,eder@bancodovale.org.br,-,2025-08-15 15:48:11,15/08/2025 15:48,-,-,-,-,-,-,-
1882734,✅ Aprovado,0,Fernando,-,2025-08-21 09:44:26,21/08/2025 09:44,-,-,-,-,-,-,-
1882687,✅ Aprovado,0,Fernando,-,2025-08-27 09:17:31,27/08/2025 09:17,-,-,-,-,-,-,-
1882640,❌ Reprovado,X,alinef@bancodovale.org.br,-,2025-08-26 10:47:34,26/08/2025 10:47,-,-,-,-,-,-,-
1882623,❌ Reprovado,X,alinef@bancodovale.org.br,-,2025-08-26 10:45:58,26/08/2025 10:45,-,-,-,-,-,-,-
1882572,✅ Aprovado,0,Fernando,-,2025-08-14 11:05:30,14/08/2025 11:05,-,-,-,-,-,-,-
1882525,✅ Aprovado,0,rejane@bancodovale.org.br,-,2025-08-14 13:10:53,14/08/2025 13:10,-,-,-,-,-,-,-
1881675,📄 📄 Chamado Duplicado,D,comercialdigital@bancodovale.com.br,-,2025-08-12 14:58:01,12/08/2025 14:58,-,-,-,-,-,-,-
1881632,🙅 Desistiu,Z,pierre@bancodovale.org.br,-,2025-08-26 10:27:18,26/08/2025 10:27,-,-,-,-,-,-,-
1881540,🚫 Cancelado,Y,-,-,2025-08-12 13:52:47,12/08/2025 13:52,-,-,-,-,-,-,-
1881494,🙅 Desistiu,Z,camila@bancodovale.org.br,-,2025-08-15 09:17:01,15/08/2025 09:17,-,-,-,-,-,-,-
1881407,🙅 Desistiu,Z,caciane@bancodovale.org.br,-,2025-08-14 13:07:48,14/08/2025 13:07,-,-,-,-,-,-,-
1881390,❌ Reprovado,X,camila@bancodovale.org.br,-,2025-08-12 16:05:31,12/08/2025 16:05,-,-,-,-,-,-,-
1880506,❌ Reprovado,X,jessica@bancodovale.org.br,-,2025-08-12 16:22:42,12/08/2025 16:22,-,-,-,-,-,-,-
1880360,❌ Reprovado,X,comercialdigital@bancodovale.com.br,-,2025-08-12 13:37:30,12/08/2025 13:37,-,-,-,-,-,-,-
1880340,❌ Reprovado,X,natalia@bancodovale.org.br,-,2025-08-12 14:28:33,12/08/2025 14:28,-,-,-,-,-,-,-
1880314,❌ Reprovado,X,jessica@bancodovale.org.br,-,2025-08-12 11:59:29,12/08/2025 11:59,-,-,-,-,-,-,-
1880309,🙅 Desistiu,Z,alinef@bancodovale.org.br,-,2025-08-26 10:42:25,26/08/2025 10:42,-,-,-,-,-,-,-
1880258,📄 📄 Chamado Duplicado,D,comercialdigital@bancodovale.com.br,-,2025-08-12 11:36:08,12/08/2025 11:36,-,-,-,-,-,-,-
1880215,❌ Reprovado,X,gilmara@bancodovale.org.br,-,2025-08-15 15:01:25,15/08/2025 15:01,-,-,-,-,-,-,-
1880213,🚫 Cancelado,Y,felipe@bancodovale.org.br,-,2025-08-18 10:12:22,18/08/2025 10:12,-,-,-,-,-,-,-
1880195,🚫 Cancelado,Y,Fernando,-,2025-08-29 16:50:36,29/08/2025 16:50,-,-,-,-,-,-,-
1880152,❌ Reprovado,X,jessica@bancodovale.org.br,-,2025-08-12 16:24:56,12/08/2025 16:24,-,-,-,-,-,-,-
1880147,🚫 Cancelado,Y,-,-,2025-08-12 10:28:17,12/08/2025 10:28,-,-,-,-,-,-,-
1879927,✅ Aprovado,0,Fernando,-,2025-08-29 16:43:13,29/08/2025 16:43,-,-,-,-,-,-,-
1879915,❌ Reprovado,X,thiago@bancodovale.org.br,-,2025-08-15 11:45:54,15/08/2025 11:45,-,-,-,-,-,-,-
1879863,✅ Aprovado,0,Fernando,-,2025-08-29 16:43:13,29/08/2025 16:43,-,-,-,-,-,-,-
1879791,🙅 Desistiu,Z,jessica@bancodovale.org.br,-,2025-08-12 17:00:30,12/08/2025 17:00,-,-,-,-,-,-,-
1879782,🙅 Desistiu,Z,pierre@bancodovale.org.br,-,2025-08-13 11:13:26,13/08/2025 11:13,-,-,-,-,-,-,-
1879779,✅ Aprovado,0,Fernando,-,2025-08-12 17:46:26,12/08/2025 17:46,-,-,-,-,-,-,-
1879776,✅ Aprovado,0,Fernando,-,2025-08-12 12:15:31,12/08/2025 12:15,-,-,-,-,-,-,-
1879768,⚠️ Pendente Cliente,W,natalia@bancodovale.org.br,-,2025-08-12 09:28:20,12/08/2025 09:28,-,-,-,-,-,-,-
1879747,✅ Aprovado,0,Fernando,-,2025-08-14 14:45:06,14/08/2025 14:45,-,-,-,-,-,-,-
1879742,📄 📄 Chamado Duplicado,D,comercialdigital@bancodovale.com.br,-,2025-08-12 09:18:22,12/08/2025 09:18,-,-,-,-,-,-,-
1879737,📄 📄 Chamado Duplicado,D,comercialdigital@bancodovale.com.br,-,2025-08-12 09:32:31,12/08/2025 09:32,-,-,-,-,-,-,-
1879653,❌ Reprovado,X,eder@bancodovale.org.br,-,2025-08-12 17:12:04,12/08/2025 17:12,-,-,-,-,-,-,-
1879572,❌ Reprovado,X,dennis@bancodovale.org.br,-,2025-08-25 09:50:45,25/08/2025 09:50,-,-,-,-,-,-,-
1879524,✅ Aprovado,0,Fernando,-,2025-08-21 08:42:27,21/08/2025 08:42,-,-,-,-,-,-,-
1879474,🙅 Desistiu,Z,dennis@bancodovale.org.br,-,2025-08-14 10:28:37,14/08/2025 10:28,-,-,-,-,-,-,-
1879462,🙅 Desistiu,Z,dennis@bancodovale.org.br,-,2025-08-25 09:48:50,25/08/2025 09:48,-,-,-,-,-,-,-
1879385,❌ Reprovado,X,gilmara@bancodovale.org.br,-,2025-08-13 13:32:03,13/08/2025 13:32,-,-,-,-,-,-,-
1879355,❌ Reprovado,X,gilmara@bancodovale.org.br,-,2025-08-11 16:46:48,11/08/2025 16:46,-,-,-,-,-,-,-
1879351,❌ Reprovado,X,rio@bancodovale.org.br,-,2025-08-19 13:51:41,19/08/2025 13:51,-,-,-,-,-,-,-
1879342,❌ Reprovado,X,alinef@bancodovale.org.br,-,2025-08-26 10:41:46,26/08/2025 10:41,-,-,-,-,-,-,-
1879325,🙅 Desistiu,Z,jessica@bancodovale.org.br,-,2025-08-20 13:58:24,20/08/2025 13:58,-,-,-,-,-,-,-
1879303,❌ Reprovado,X,gilmara@bancodovale.org.br,-,2025-08-11 16:53:00,11/08/2025 16:53,-,-,-,-,-,-,-
1879290,❌ Reprovado,X,gilmara@bancodovale.org.br,-,2025-08-11 16:48:10,11/08/2025 16:48,-,-,-,-,-,-,-
1879265,❌ Reprovado,X,comercialdigital@bancodovale.com.br,-,2025-08-12 08:46:05,12/08/2025 08:46,-,-,-,-,-,-,-
1879262,❌ Reprovado,X,natalia@bancodovale.org.br,-,2025-08-12 09:42:17,12/08/2025 09:42,-,-,-,-,-,-,-
1879218,❌ Reprovado,X,gilmara@bancodovale.org.br,-,2025-08-11 17:21:57,11/08/2025 17:21,-,-,-,-,-,-,-
1879200,🙅 Desistiu,Z,alinef@bancodovale.org.br,-,2025-08-25 09:01:55,25/08/2025 09:01,-,-,-,-,-,-,-
1879187,❌ Reprovado,X,natalia@bancodovale.org.br,-,2025-08-13 16:42:03,13/08/2025 16:42,-,-,-,-,-,-,-
1879185,✅ Aprovado,0,Fernando,-,2025-08-29 16:43:12,29/08/2025 16:43,-,-,-,-,-,-,-
1879170,🚫 Cancelado,Y,-,-,2025-08-11 15:08:43,11/08/2025 15:08,-,-,-,-,-,-,-
1878949,❌ Reprovado,X,gilmara@bancodovale.org.br,-,2025-08-15 14:59:00,15/08/2025 14:59,-,-,-,-,-,-,-
1878920,❌ Reprovado,X,jaragua@bancodovale.org.br,-,2025-08-11 15:08:00,11/08/2025 15:08,-,-,-,-,-,-,-
1878751,✅ Aprovado,0,Fernando,-,2025-08-13 16:14:25,13/08/2025 16:14,-,-,-,-,-,-,-
1878659,❌ Reprovado,X,natalia@bancodovale.org.br,-,2025-08-11 16:07:20,11/08/2025 16:07,-,-,-,-,-,-,-
1878647,❌ Reprovado,X,comercialdigital@bancodovale.com.br,-,2025-08-11 13:58:17,11/08/2025 13:58,-,-,-,-,-,-,-
1878601,🚫 Cancelado,Y,-,-,2025-08-11 13:29:51,11/08/2025 13:29,-,-,-,-,-,-,-
1878597,🚫 Cancelado,Y,-,-,2025-08-11 13:29:07,11/08/2025 13:29,-,-,-,-,-,-,-
1878588,🚫 Cancelado,Y,-,-,2025-08-11 13:24:48,11/08/2025 13:24,-,-,-,-,-,-,-
1878556,❌ Reprovado,X,gilmara@bancodovale.org.br,-,2025-08-11 16:20:01,11/08/2025 16:20,-,-,-,-,-,-,-
1878487,❌ Reprovado,X,natalia@bancodovale.org.br,-,2025-08-11 16:42:18,11/08/2025 16:42,-,-,-,-,-,-,-
1878297,🚫 Cancelado,Y,natalia@bancodovale.org.br,-,2025-08-11 16:25:14,11/08/2025 16:25,-,-,-,-,-,-,-
1878110,❌ Reprovado,X,comercialdigital@bancodovale.com.br,-,2025-08-11 12:39:07,11/08/2025 12:39,-,-,-,-,-,-,-
1878013,🚫 Cancelado,Y,alinef@bancodovale.org.br,-,2025-08-26 10:41:24,26/08/2025 10:41,-,-,-,-,-,-,-
1877950,🙅 Desistiu,Z,natalia@bancodovale.org.br,-,2025-08-20 10:52:25,20/08/2025 10:52,-,-,-,-,-,-,-
1877928,❌ Reprovado,X,elenita@bancovale.org.br,-,2025-08-12 10:09:21,12/08/2025 10:09,-,-,-,-,-,-,-
1877898,🙅 Desistiu,Z,jessica@bancodovale.org.br,-,2025-08-14 13:22:56,14/08/2025 13:22,-,-,-,-,-,-,-
1877826,❌ Reprovado,X,natalia@bancodovale.org.br,-,2025-08-11 16:37:43,11/08/2025 16:37,-,-,-,-,-,-,-
1877773,❌ Reprovado,X,alinef@bancodovale.org.br,-,2025-08-22 14:27:05,22/08/2025 14:27,-,-,-,-,-,-,-
1877498,⚠️ Pendente Cliente,W,KATLIN,-,2025-08-12 13:29:12,12/08/2025 13:29,-,-,-,-,-,-,-
1877445,❌ Reprovado,X,jessica@bancodovale.org.br,-,2025-08-11 17:04:35,11/08/2025 17:04,-,-,-,-,-,-,-
1877213,❌ Reprovado,X,alinef@bancodovale.org.br,-,2025-08-21 14:24:42,21/08/2025 14:24,-,-,-,-,-,-,-
1877207,❌ Reprovado,X,camila@bancodovale.org.br,-,2025-08-12 13:07:30,12/08/2025 13:07,-,-,-,-,-,-,-
1877132,🙅 Desistiu,Z,Bruno,-,2025-08-27 14:45:39,27/08/2025 14:45,-,-,-,-,-,-,-
1876889,❌ Reprovado,X,natalia@bancodovale.org.br,-,2025-08-11 14:14:57,11/08/2025 14:14,-,-,-,-,-,-,-
1876685,🙅 Desistiu,Z,caciane@bancodovale.org.br,-,2025-08-25 14:24:43,25/08/2025 14:24,-,-,-,-,-,-,-
1876681,❌ Reprovado,X,comercialdigital@bancodovale.com.br,-,2025-08-11 10:45:47,11/08/2025 10:45,-,-,-,-,-,-,-
1876544,✅ Aprovado,0,Fernando,-,2025-08-14 08:51:07,14/08/2025 08:51,-,-,-,-,-,-,-
1876501,⚠️ Pendente Cliente,W,alinef@bancodovale.org.br,-,2025-08-21 14:24:07,21/08/2025 14:24,-,-,-,-,-,-,-
1876493,🙅 Desistiu,Z,juliano@bancodovale.org.br,-,2025-08-14 09:43:15,14/08/2025 09:43,-,-,-,-,-,-,-
1876476,❌ Reprovado,X,alinef@bancodovale.org.br,-,2025-08-19 10:24:49,19/08/2025 10:24,-,-,-,-,-,-,-
1876466,❌ Reprovado,X,elenita@bancovale.org.br,-,2025-08-12 10:10:24,12/08/2025 10:10,-,-,-,-,-,-,-
1876393,❌ Reprovado,X,comercialdigital@bancodovale.com.br,-,2025-08-11 09:40:03,11/08/2025 09:40,-,-,-,-,-,-,-
1876323,❌ Reprovado,X,jessica@bancodovale.org.br,-,2025-08-11 16:58:13,11/08/2025 16:58,-,-,-,-,-,-,-
1876311,❌ Reprovado,X,comercialdigital@bancodovale.com.br,-,2025-08-11 09:39:27,11/08/2025 09:39,-,-,-,-,-,-,-
1876309,❌ Reprovado,X,comercialdigital@bancodovale.com.br,-,2025-08-11 08:46:45,11/08/2025 08:46,-,-,-,-,-,-,-
1876296,❌ Reprovado,X,comercialdigital@bancodovale.com.br,-,2025-08-11 08:46:00,11/08/2025 08:46,-,-,-,-,-,-,-
1876276,🚫 Cancelado,Y,-,-,2025-08-10 21:21:06,10/08/2025 21:21,-,-,-,-,-,-,-
1876261,🙅 Desistiu,Z,natalia@bancodovale.org.br,-,2025-08-13 16:46:07,13/08/2025 16:46,-,-,-,-,-,-,-
1876260,❌ Reprovado,X,alinef@bancodovale.org.br,-,2025-08-19 10:12:58,19/08/2025 10:12,-,-,-,-,-,-,-
1876259,❌ Reprovado,X,jessica@bancodovale.org.br,-,2025-08-27 10:48:59,27/08/2025 10:48,-,-,-,-,-,-,-
1876254,🙅 Desistiu,Z,pierre@bancodovale.org.br,-,2025-08-20 14:35:53,20/08/2025 14:35,-,-,-,-,-,-,-
1876252,❌ Reprovado,X,comercialdigital@bancodovale.com.br,-,2025-08-11 09:04:40,11/08/2025 09:04,-,-,-,-,-,-,-
1876249,❌ Reprovado,X,alinef@bancodovale.org.br,-,2025-08-19 10:08:11,19/08/2025 10:08,-,-,-,-,-,-,-
1876224,❌ Reprovado,X,comercialdigital@bancodovale.com.br,-,2025-08-11 08:58:46,11/08/2025 08:58,-,-,-,-,-,-,-
1876217,❌ Reprovado,X,alinef@bancodovale.org.br,-,2025-08-14 14:44:52,14/08/2025 14:44,-,-,-,-,-,-,-
1876215,❌ Reprovado,X,comercialdigital@bancodovale.com.br,-,2025-08-11 09:16:47,11/08/2025 09:16,-,-,-,-,-,-,-
1876188,❌ Reprovado,X,alinef@bancodovale.org.br,-,2025-08-14 14:43:51,14/08/2025 14:43,-,-,-,-,-,-,-
1876185,❌ Reprovado,X,alinef@bancodovale.org.br,-,2025-08-14 14:43:28,14/08/2025 14:43,-,-,-,-,-,-,-
1876183,❌ Reprovado,X,comercialdigital@bancodovale.com.br,-,2025-08-11 08:59:43,11/08/2025 08:59,-,-,-,-,-,-,-
1876157,❌ Reprovado,X,comercialdigital@bancodovale.com.br,-,2025-08-11 09:05:20,11/08/2025 09:05,-,-,-,-,-,-,-
1876125,❌ Reprovado,X,natalia@bancodovale.org.br,-,2025-08-11 13:53:04,11/08/2025 13:53,-,-,-,-,-,-,-
1876119,❌ Reprovado,X,comercialdigital@bancodovale.com.br,-,2025-08-11 09:00:03,11/08/2025 09:00,-,-,-,-,-,-,-
1876115,❌ Reprovado,X,gilmara@bancodovale.org.br,-,2025-08-11 16:47:31,11/08/2025 16:47,-,-,-,-,-,-,-
1876102,🙅 Desistiu,Z,dennis@bancodovale.org.br,-,2025-08-25 09:47:03,25/08/2025 09:47,-,-,-,-,-,-,-
1876097,❌ Reprovado,X,camila@bancodovale.org.br,-,2025-08-11 14:42:54,11/08/2025 14:42,-,-,-,-,-,-,-
1876092,❌ Reprovado,X,natalia@bancodovale.org.br,-,2025-08-12 08:36:27,12/08/2025 08:36,-,-,-,-,-,-,-
1876089,❌ Reprovado,X,jessica@bancodovale.org.br,-,2025-08-11 16:57:05,11/08/2025 16:57,-,-,-,-,-,-,-
1876074,❌ Reprovado,X,natalia@bancodovale.org.br,-,2025-08-11 14:55:32,11/08/2025 14:55,-,-,-,-,-,-,-
1876067,⚠️ Pendente Cliente,W,natalia@bancodovale.org.br,-,2025-08-11 13:54:28,11/08/2025 13:54,-,-,-,-,-,-,-
1876056,❌ Reprovado,X,KATLIN,-,2025-08-11 09:31:26,11/08/2025 09:31,-,-,-,-,-,-,-
1876053,❌ Reprovado,X,comercialdigital@bancodovale.com.br,-,2025-08-11 09:37:26,11/08/2025 09:37,-,-,-,-,-,-,-
1876047,❌ Reprovado,X,comercialdigital@bancodovale.com.br,-,2025-08-11 09:01:14,11/08/2025 09:01,-,-,-,-,-,-,-
1876044,❌ Reprovado,X,rejane@bancodovale.org.br,-,2025-08-11 13:26:12,11/08/2025 13:26,-,-,-,-,-,-,-
1876007,🚫 Cancelado,Y,Fernando,-,2025-08-29 16:37:20,29/08/2025 16:37,-,-,-,-,-,-,-
1876001,❌ Reprovado,X,Bruno,-,2025-08-27 14:43:32,27/08/2025 14:43,-,-,-,-,-,-,-
1875998,✅ Aprovado,0,roberto@bancodovale.org.br,-,2025-08-28 16:12:16,28/08/2025 16:12,-,-,-,-,-,-,-
1875994,❌ Reprovado,X,natalia@bancodovale.org.br,-,2025-08-11 15:52:32,11/08/2025 15:52,-,-,-,-,-,-,-
1875975,❌ Reprovado,X,caciane@bancodovale.org.br,-,2025-08-25 14:27:05,25/08/2025 14:27,-,-,-,-,-,-,-
1875965,❌ Reprovado,X,natalia@bancodovale.org.br,-,2025-08-11 16:15:12,11/08/2025 16:15,-,-,-,-,-,-,-
1875879,❌ Reprovado,X,gilmara@bancodovale.org.br,-,2025-08-11 16:53:29,11/08/2025 16:53,-,-,-,-,-,-,-
1875878,❌ Reprovado,X,natalia@bancodovale.org.br,-,2025-08-11 16:34:37,11/08/2025 16:34,-,-,-,-,-,-,-
1875873,❌ Reprovado,X,rejane@bancodovale.org.br,-,2025-08-11 09:47:51,11/08/2025 09:47,-,-,-,-,-,-,-
1875862,❌ Reprovado,X,natalia@bancodovale.org.br,-,2025-08-11 16:31:41,11/08/2025 16:31,-,-,-,-,-,-,-
1875841,⚠️ Pendente Cliente,W,natalia@bancodovale.org.br,-,2025-08-11 16:23:19,11/08/2025 16:23,-,-,-,-,-,-,-
1875797,✅ Aprovado,0,Fernando,-,2025-08-14 11:02:44,14/08/2025 11:02,-,-,-,-,-,-,-
1875758,🙅 Desistiu,Z,juliano@bancodovale.org.br,-,2025-08-14 08:40:42,14/08/2025 08:40,-,-,-,-,-,-,-
1875704,🙅 Desistiu,Z,jessica@bancodovale.org.br,-,2025-08-27 10:49:43,27/08/2025 10:49,-,-,-,-,-,-,-
1875682,❌ Reprovado,X,camila@bancodovale.org.br,-,2025-08-12 08:30:17,12/08/2025 08:30,-,-,-,-,-,-,-
1875680,🙅 Desistiu,Z,ivan@bancodovale.org.br,-,2025-08-25 08:27:10,25/08/2025 08:27,-,-,-,-,-,-,-
1875670,❌ Reprovado,X,elenita@bancovale.org.br,-,2025-08-12 10:11:34,12/08/2025 10:11,-,-,-,-,-,-,-
1875644,❌ Reprovado,X,natalia@bancodovale.org.br,-,2025-08-11 15:50:18,11/08/2025 15:50,-,-,-,-,-,-,-
1875610,⚠️ Pendente Cliente,W,natalia@bancodovale.org.br,-,2025-08-11 15:16:26,11/08/2025 15:16,-,-,-,-,-,-,-
1875609,🙅 Desistiu,Z,natalia@bancodovale.org.br,-,2025-08-14 09:01:44,14/08/2025 09:01,-,-,-,-,-,-,-
1875591,❌ Reprovado,X,rio@bancodovale.org.br,-,2025-08-20 14:06:15,20/08/2025 14:06,-,-,-,-,-,-,-
1875587,❌ Reprovado,X,alinef@bancodovale.org.br,-,2025-08-11 14:03:34,11/08/2025 14:03,-,-,-,-,-,-,-
1875584,❌ Reprovado,X,alinef@bancodovale.org.br,-,2025-08-11 14:01:10,11/08/2025 14:01,-,-,-,-,-,-,-
1875450,✅ Aprovado,0,Fernando,-,2025-08-15 11:11:15,15/08/2025 11:11,-,-,-,-,-,-,-
1875381,🚫 Cancelado,Y,regina@bancodovale.org.br,-,2025-08-12 13:41:20,12/08/2025 13:41,-,-,-,-,-,-,-
1875373,🗑️ Descartado (Lixo),E,rio@bancodovale.org.br,-,2025-08-08 16:38:57,08/08/2025 16:38,-,-,-,-,-,-,-
1875351,❌ Reprovado,X,gilmara@bancodovale.org.br,-,2025-08-11 16:47:09,11/08/2025 16:47,-,-,-,-,-,-,-
1875316,📄 📄 Chamado Duplicado,D,comercialdigital@bancodovale.com.br,-,2025-08-08 17:08:53,08/08/2025 17:08,-,-,-,-,-,-,-
1875281,❌ Reprovado,X,natalia@bancodovale.org.br,-,2025-08-12 08:46:23,12/08/2025 08:46,-,-,-,-,-,-,-
1875272,✅ Aprovado,0,Fernando,-,2025-08-12 11:40:01,12/08/2025 11:40,-,-,-,-,-,-,-
1875232,✅ Aprovado,0,Fernando,-,2025-08-12 17:39:15,12/08/2025 17:39,-,-,-,-,-,-,-
1875218,🚫 Cancelado,Y,Fernando,-,2025-08-29 16:50:36,29/08/2025 16:50,-,-,-,-,-,-,-
1875180,🚫 Cancelado,Y,Fernando,-,2025-08-29 16:50:36,29/08/2025 16:50,-,-,-,-,-,-,-
1875158,✅ Aprovado,0,Fernando,-,2025-08-12 14:56:58,12/08/2025 14:56,-,-,-,-,-,-,-
1875060,❌ Reprovado,X,comercialdigital@bancodovale.com.br,-,2025-08-08 14:55:09,08/08/2025 14:55,-,-,-,-,-,-,-
1875057,❌ Reprovado,X,natalia@bancodovale.org.br,-,2025-08-08 17:21:50,08/08/2025 17:21,-,-,-,-,-,-,-
1875002,❌ Reprovado,X,natalia@bancodovale.org.br,-,2025-08-08 17:19:59,08/08/2025 17:19,-,-,-,-,-,-,-
1874993,❌ Reprovado,X,natalia@bancodovale.org.br,-,2025-08-08 17:17:23,08/08/2025 17:17,-,-,-,-,-,-,-
1874991,❌ Reprovado,X,gilmara@bancodovale.org.br,-,2025-08-12 15:56:26,12/08/2025 15:56,-,-,-,-,-,-,-
1874964,❌ Reprovado,X,natalia@bancodovale.org.br,-,2025-08-08 17:12:28,08/08/2025 17:12,-,-,-,-,-,-,-
1874896,❌ Reprovado,X,elenita@bancovale.org.br,-,2025-08-12 10:12:30,12/08/2025 10:12,-,-,-,-,-,-,-
1874881,❌ Reprovado,X,alinef@bancodovale.org.br,-,2025-08-11 13:53:12,11/08/2025 13:53,-,-,-,-,-,-,-
1874810,❌ Reprovado,X,elenita@bancovale.org.br,-,2025-08-22 10:53:57,22/08/2025 10:53,-,-,-,-,-,-,-
1874808,🙅 Desistiu,Z,natalia@bancodovale.org.br,-,2025-08-13 16:19:30,13/08/2025 16:19,-,-,-,-,-,-,-
1874784,❌ Reprovado,X,comercialdigital@bancodovale.com.br,-,2025-08-08 12:22:54,08/08/2025 12:22,-,-,-,-,-,-,-
1874759,❌ Reprovado,X,comercialdigital@bancodovale.com.br,-,2025-08-08 12:22:29,08/08/2025 12:22,-,-,-,-,-,-,-
1874708,✅ Aprovado,0,Fernando,-,2025-08-21 09:13:58,21/08/2025 09:13,-,-,-,-,-,-,-
1874707,✅ Aprovado,0,Fernando,-,2025-08-13 11:31:06,13/08/2025 11:31,-,-,-,-,-,-,-
1874692,❌ Reprovado,X,dennis@bancodovale.org.br,-,2025-08-25 09:59:34,25/08/2025 09:59,-,-,-,-,-,-,-
1874652,📄 📄 Chamado Duplicado,D,comercialdigital@bancodovale.com.br,-,2025-08-08 11:32:38,08/08/2025 11:32,-,-,-,-,-,-,-
1874533,🚫 Cancelado,Y,-,-,2025-08-08 10:24:21,08/08/2025 10:24,-,-,-,-,-,-,-
1874508,❌ Reprovado,X,rejane@bancodovale.org.br,-,2025-08-08 13:15:15,08/08/2025 13:15,-,-,-,-,-,-,-
1874435,✅ Aprovado,0,Fernando,-,2025-08-13 17:20:18,13/08/2025 17:20,-,-,-,-,-,-,-
1874422,❌ Reprovado,X,alinef@bancodovale.org.br,-,2025-08-08 14:26:38,08/08/2025 14:26,-,-,-,-,-,-,-
1874377,❌ Reprovado,X,alinef@bancodovale.org.br,-,2025-08-08 14:27:48,08/08/2025 14:27,-,-,-,-,-,-,-
1874371,❌ Reprovado,X,comercialdigital@bancodovale.com.br,-,2025-08-08 09:24:31,08/08/2025 09:24,-,-,-,-,-,-,-
1874355,❌ Reprovado,X,natalia@bancodovale.org.br,-,2025-08-08 12:16:54,08/08/2025 12:16,-,-,-,-,-,-,-
1874344,❌ Reprovado,X,alinef@bancodovale.org.br,-,2025-08-08 14:28:14,08/08/2025 14:28,-,-,-,-,-,-,-
1874343,❌ Reprovado,X,camila@bancodovale.org.br,-,2025-08-08 10:36:51,08/08/2025 10:36,-,-,-,-,-,-,-
1874342,❌ Reprovado,X,comercialdigital@bancodovale.com.br,-,2025-08-08 09:22:30,08/08/2025 09:22,-,-,-,-,-,-,-
1874331,❌ Reprovado,X,comercialdigital@bancodovale.com.br,-,2025-08-08 09:22:03,08/08/2025 09:22,-,-,-,-,-,-,-
1874329,❌ Reprovado,X,comercialdigital@bancodovale.com.br,-,2025-08-08 09:21:47,08/08/2025 09:21,-,-,-,-,-,-,-
1874326,❌ Reprovado,X,alinef@bancodovale.org.br,-,2025-08-11 13:50:54,11/08/2025 13:50,-,-,-,-,-,-,-
1874324,❌ Reprovado,X,comercialdigital@bancodovale.com.br,-,2025-08-08 09:20:44,08/08/2025 09:20,-,-,-,-,-,-,-
1874311,❌ Reprovado,X,comercialdigital@bancodovale.com.br,-,2025-08-08 09:19:24,08/08/2025 09:19,-,-,-,-,-,-,-
1874310,❌ Reprovado,X,natalia@bancodovale.org.br,-,2025-08-08 12:25:32,08/08/2025 12:25,-,-,-,-,-,-,-
1874308,❌ Reprovado,X,jessica@bancodovale.org.br,-,2025-08-08 16:18:14,08/08/2025 16:18,-,-,-,-,-,-,-
1874306,🚫 Cancelado,Y,-,-,2025-08-07 20:19:49,07/08/2025 20:19,-,-,-,-,-,-,-
1874280,📄 📄 Chamado Duplicado,D,comercialdigital@bancodovale.com.br,-,2025-08-08 10:00:01,08/08/2025 10:00,-,-,-,-,-,-,-
1874276,❌ Reprovado,X,comercialdigital@bancodovale.com.br,-,2025-08-08 09:17:46,08/08/2025 09:17,-,-,-,-,-,-,-
1874275,❌ Reprovado,X,alinef@bancodovale.org.br,-,2025-08-08 14:29:32,08/08/2025 14:29,-,-,-,-,-,-,-
1874247,❌ Reprovado,X,comercialdigital@bancodovale.com.br,-,2025-08-08 09:16:52,08/08/2025 09:16,-,-,-,-,-,-,-
1874224,🙅 Desistiu,Z,dennis@bancodovale.org.br,-,2025-08-25 10:01:48,25/08/2025 10:01,-,-,-,-,-,-,-
1874180,✅ Aprovado,0,Fernando,-,2025-08-14 15:07:16,14/08/2025 15:07,-,-,-,-,-,-,-
1874175,✅ Aprovado,0,Fernando,-,2025-08-12 12:47:36,12/08/2025 12:47,-,-,-,-,-,-,-
1874169,❌ Reprovado,X,KATLIN,-,2025-08-08 10:04:15,08/08/2025 10:04,-,-,-,-,-,-,-
1874107,❌ Reprovado,X,natalia@bancodovale.org.br,-,2025-08-08 12:16:09,08/08/2025 12:16,-,-,-,-,-,-,-
1874090,❌ Reprovado,X,alinef@bancodovale.org.br,-,2025-08-08 11:55:40,08/08/2025 11:55,-,-,-,-,-,-,-
1874081,❌ Reprovado,X,comercialdigital@bancodovale.com.br,-,2025-08-07 17:08:06,07/08/2025 17:08,-,-,-,-,-,-,-
1874070,🙅 Desistiu,Z,pierre@bancodovale.org.br,-,2025-08-13 11:02:31,13/08/2025 11:02,-,-,-,-,-,-,-
1874004,🙅 Desistiu,Z,natalia@bancodovale.org.br,-,2025-08-20 11:20:44,20/08/2025 11:20,-,-,-,-,-,-,-
1874003,🙅 Desistiu,Z,jessica@bancodovale.org.br,-,2025-08-22 09:40:05,22/08/2025 09:40,-,-,-,-,-,-,-
1873903,❌ Reprovado,X,natalia@bancodovale.org.br,-,2025-08-07 15:55:29,07/08/2025 15:55,-,-,-,-,-,-,-
1873806,❌ Reprovado,X,alinef@bancodovale.org.br,-,2025-08-11 13:50:16,11/08/2025 13:50,-,-,-,-,-,-,-
1873793,❌ Reprovado,X,natalia@bancodovale.org.br,-,2025-08-07 15:58:25,07/08/2025 15:58,-,-,-,-,-,-,-
1873792,✅ Aprovado,0,Fernando,-,2025-08-12 08:50:41,12/08/2025 08:50,-,-,-,-,-,-,-
1873785,🙅 Desistiu,Z,jessica@bancodovale.org.br,-,2025-08-14 13:30:55,14/08/2025 13:30,-,-,-,-,-,-,-
1873780,❌ Reprovado,X,comercialdigital@bancodovale.com.br,-,2025-08-07 15:41:47,07/08/2025 15:41,-,-,-,-,-,-,-
1873680,🙅 Desistiu,Z,natalia@bancodovale.org.br,-,2025-08-20 10:58:39,20/08/2025 10:58,-,-,-,-,-,-,-
1873649,❌ Reprovado,X,eder@bancodovale.org.br,-,2025-08-07 17:07:26,07/08/2025 17:07,-,-,-,-,-,-,-
1873563,❌ Reprovado,X,comercialdigital@bancodovale.com.br,-,2025-08-07 12:58:31,07/08/2025 12:58,-,-,-,-,-,-,-
1873554,❌ Reprovado,X,eder@bancodovale.org.br,-,2025-08-07 17:05:45,07/08/2025 17:05,-,-,-,-,-,-,-
1873547,❌ Reprovado,X,natalia@bancodovale.org.br,-,2025-08-07 15:35:11,07/08/2025 15:35,-,-,-,-,-,-,-
1873526,🙅 Desistiu,Z,regina@bancodovale.org.br,-,2025-08-12 13:45:31,12/08/2025 13:45,-,-,-,-,-,-,-
1873512,❌ Reprovado,X,gilmara@bancodovale.org.br,-,2025-08-08 16:19:27,08/08/2025 16:19,-,-,-,-,-,-,-
1873505,🙅 Desistiu,Z,gilmara@bancodovale.org.br,-,2025-08-12 15:57:01,12/08/2025 15:57,-,-,-,-,-,-,-
1873494,✅ Aprovado,0,Fernando,-,2025-08-13 08:51:09,13/08/2025 08:51,-,-,-,-,-,-,-
1873482,❌ Reprovado,X,ivan@bancodovale.org.br,-,2025-08-18 10:57:20,18/08/2025 10:57,-,-,-,-,-,-,-
1873456,❌ Reprovado,X,alinef@bancodovale.org.br,-,2025-08-07 17:23:13,07/08/2025 17:23,-,-,-,-,-,-,-
1873435,❌ Reprovado,X,comercialdigital@bancodovale.com.br,-,2025-08-07 10:31:46,07/08/2025 10:31,-,-,-,-,-,-,-
1873426,❌ Reprovado,X,elenita@bancovale.org.br,-,2025-08-08 11:59:15,08/08/2025 11:59,-,-,-,-,-,-,-
1873385,✅ Aprovado,0,Fernando,-,2025-08-12 15:44:51,12/08/2025 15:44,-,-,-,-,-,-,-
1873265,❌ Reprovado,X,elenita@bancovale.org.br,-,2025-08-07 10:38:32,07/08/2025 10:38,-,-,-,-,-,-,-
1873204,✅ Aprovado,0,Fernando,-,2025-08-13 15:59:52,13/08/2025 15:59,-,-,-,-,-,-,-
1873202,❌ Reprovado,X,natalia@bancodovale.org.br,-,2025-08-13 16:11:43,13/08/2025 16:11,-,-,-,-,-,-,-
1873184,❌ Reprovado,X,eder@bancodovale.org.br,-,2025-08-07 17:06:31,07/08/2025 17:06,-,-,-,-,-,-,-
1873149,❌ Reprovado,X,camila@bancodovale.org.br,-,2025-08-07 09:05:45,07/08/2025 09:05,-,-,-,-,-,-,-
1873144,❌ Reprovado,X,rejane@bancodovale.org.br,-,2025-08-08 10:45:24,08/08/2025 10:45,-,-,-,-,-,-,-
1873128,❌ Reprovado,X,natalia@bancodovale.org.br,-,2025-08-07 11:24:37,07/08/2025 11:24,-,-,-,-,-,-,-
1873127,❌ Reprovado,X,comercialdigital@bancodovale.com.br,-,2025-08-07 10:25:46,07/08/2025 10:25,-,-,-,-,-,-,-
1873104,❌ Reprovado,X,comercialdigital@bancodovale.com.br,-,2025-08-07 10:37:54,07/08/2025 10:37,-,-,-,-,-,-,-
1873055,❌ Reprovado,X,Fernando,-,2025-08-14 14:44:28,14/08/2025 14:44,-,-,-,-,-,-,-
1873009,❌ Reprovado,X,natalia@bancodovale.org.br,-,2025-08-07 11:20:18,07/08/2025 11:20,-,-,-,-,-,-,-
1872956,❌ Reprovado,X,KATLIN,-,2025-08-07 09:22:28,07/08/2025 09:22,-,-,-,-,-,-,-
1872926,✅ Aprovado,0,Fernando,-,2025-08-14 15:08:58,14/08/2025 15:08,-,-,-,-,-,-,-
1872885,✅ Aprovado,0,Fernando,-,2025-08-11 11:28:20,11/08/2025 11:28,-,-,-,-,-,-,-
1872869,✅ Aprovado,0,Fernando,-,2025-08-08 12:25:24,08/08/2025 12:25,-,-,-,-,-,-,-
1872861,🙅 Desistiu,Z,dennis@bancodovale.org.br,-,2025-08-25 09:45:49,25/08/2025 09:45,-,-,-,-,-,-,-
1872850,❌ Reprovado,X,camila@bancodovale.org.br,-,2025-08-07 09:06:19,07/08/2025 09:06,-,-,-,-,-,-,-
1872802,❌ Reprovado,X,natalia@bancodovale.org.br,-,2025-08-06 17:28:27,06/08/2025 17:28,-,-,-,-,-,-,-
1872793,🚫 Cancelado,Y,-,-,2025-08-06 15:35:53,06/08/2025 15:35,-,-,-,-,-,-,-
1872786,🗑️ Descartado (Lixo),E,comercialdigital@bancodovale.com.br,-,2025-08-06 15:34:25,06/08/2025 15:34,-,-,-,-,-,-,-
1872778,🙅 Desistiu,Z,dennis@bancodovale.org.br,-,2025-08-14 10:27:45,14/08/2025 10:27,-,-,-,-,-,-,-
1872770,❌ Reprovado,X,gilmara@bancodovale.org.br,-,2025-08-07 09:25:51,07/08/2025 09:25,-,-,-,-,-,-,-
1872724,❌ Reprovado,X,rio@bancodovale.org.br,-,2025-08-20 14:04:02,20/08/2025 14:04,-,-,-,-,-,-,-
1872706,❌ Reprovado,X,rejane@bancodovale.org.br,-,2025-08-06 15:34:19,06/08/2025 15:34,-,-,-,-,-,-,-
1872694,✅ Aprovado,0,roberto@bancodovale.org.br,-,2025-08-19 09:17:08,19/08/2025 09:17,-,-,-,-,-,-,-
1872684,❌ Reprovado,X,comercialdigital@bancodovale.com.br,-,2025-08-06 14:35:30,06/08/2025 14:35,-,-,-,-,-,-,-
1872658,❌ Reprovado,X,camila@bancodovale.org.br,-,2025-08-07 09:06:46,07/08/2025 09:06,-,-,-,-,-,-,-
1872646,❌ Reprovado,X,natalia@bancodovale.org.br,-,2025-08-06 14:35:33,06/08/2025 14:35,-,-,-,-,-,-,-
1872642,❌ Reprovado,X,elenita@bancovale.org.br,-,2025-08-08 12:00:09,08/08/2025 12:00,-,-,-,-,-,-,-
1872640,✅ Aprovado,0,Fernando,-,2025-08-08 15:56:03,08/08/2025 15:56,-,-,-,-,-,-,-
1872635,❌ Reprovado,X,gilmara@bancodovale.org.br,-,2025-08-15 14:58:23,15/08/2025 14:58,-,-,-,-,-,-,-
1872531,❌ Reprovado,X,natalia@bancodovale.org.br,-,2025-08-06 14:31:04,06/08/2025 14:31,-,-,-,-,-,-,-
1872478,❌ Reprovado,X,natalia@bancodovale.org.br,-,2025-08-06 13:50:04,06/08/2025 13:50,-,-,-,-,-,-,-
1872468,🙅 Desistiu,Z,jessica@bancodovale.org.br,-,2025-08-11 17:00:53,11/08/2025 17:00,-,-,-,-,-,-,-
1872198,🚫 Cancelado,Y,ivan@bancodovale.org.br,-,2025-08-11 09:30:05,11/08/2025 09:30,-,-,-,-,-,-,-
1872066,⚠️ Pendente Cliente,W,alinef@bancodovale.org.br,-,2025-08-08 11:55:51,08/08/2025 11:55,-,-,-,-,-,-,-
1871917,❌ Reprovado,X,Danielle,-,2025-08-06 12:35:37,06/08/2025 12:35,-,-,-,-,-,-,-
1871748,❌ Reprovado,X,alinef@bancodovale.org.br,-,2025-08-14 14:41:12,14/08/2025 14:41,-,-,-,-,-,-,-
1871741,🙅 Desistiu,Z,dennis@bancodovale.org.br,-,2025-08-07 16:55:41,07/08/2025 16:55,-,-,-,-,-,-,-
1871492,✅ Aprovado,0,Fernando,-,2025-08-12 10:34:49,12/08/2025 10:34,-,-,-,-,-,-,-
1871485,🙅 Desistiu,Z,pierre@bancodovale.org.br,-,2025-08-07 09:37:24,07/08/2025 09:37,-,-,-,-,-,-,-
1871439,✅ Aprovado,0,Fernando,-,2025-08-08 12:52:53,08/08/2025 12:52,-,-,-,-,-,-,-
1871424,🚫 Cancelado,Y,-,-,2025-08-06 10:35:10,06/08/2025 10:35,-,-,-,-,-,-,-
1871404,🗑️ Descartado (Lixo),E,rio@bancodovale.org.br,-,2025-08-06 10:38:53,06/08/2025 10:38,-,-,-,-,-,-,-
1871367,✅ Aprovado,0,Fernando,-,2025-08-11 12:59:08,11/08/2025 12:59,-,-,-,-,-,-,-
1870605,❌ Reprovado,X,hilta@bancodovale.org.br,-,2025-08-06 15:47:26,06/08/2025 15:47,-,-,-,-,-,-,-
1870565,🙅 Desistiu,Z,regina@bancodovale.org.br,-,2025-08-08 09:34:22,08/08/2025 09:34,-,-,-,-,-,-,-
1870495,❌ Reprovado,X,comercialdigital@bancodovale.com.br,-,2025-08-06 09:12:38,06/08/2025 09:12,-,-,-,-,-,-,-
1870486,🚫 Cancelado,Y,-,-,2025-08-05 21:51:36,05/08/2025 21:51,-,-,-,-,-,-,-
1870420,❌ Reprovado,X,natalia@bancodovale.org.br,-,2025-08-06 10:28:55,06/08/2025 10:28,-,-,-,-,-,-,-
1870417,❌ Reprovado,X,gilmara@bancodovale.org.br,-,2025-08-06 11:01:42,06/08/2025 11:01,-,-,-,-,-,-,-
1870411,🙅 Desistiu,Z,gilmara@bancodovale.org.br,-,2025-08-06 11:00:54,06/08/2025 11:00,-,-,-,-,-,-,-
1870345,❌ Reprovado,X,alinef@bancodovale.org.br,-,2025-08-07 17:18:34,07/08/2025 17:18,-,-,-,-,-,-,-
1870181,✅ Aprovado,0,Fernando,-,2025-08-08 15:27:18,08/08/2025 15:27,-,-,-,-,-,-,-
1870178,🙅 Desistiu,Z,dennis@bancodovale.org.br,-,2025-08-14 10:15:06,14/08/2025 10:15,-,-,-,-,-,-,-
1870163,❌ Reprovado,X,alinef@bancodovale.org.br,-,2025-08-06 11:01:45,06/08/2025 11:01,-,-,-,-,-,-,-
1870151,❌ Reprovado,X,comercialdigital@bancodovale.com.br,-,2025-08-05 16:42:14,05/08/2025 16:42,-,-,-,-,-,-,-
1870109,❌ Reprovado,X,gilmara@bancodovale.org.br,-,2025-08-06 10:58:42,06/08/2025 10:58,-,-,-,-,-,-,-
1870026,❌ Reprovado,X,caciane@bancodovale.org.br,-,2025-08-08 10:51:23,08/08/2025 10:51,-,-,-,-,-,-,-
1870024,🙅 Desistiu,Z,dennis@bancodovale.org.br,-,2025-08-14 10:13:57,14/08/2025 10:13,-,-,-,-,-,-,-
1870006,✅ Aprovado,0,roberto@bancodovale.org.br,-,2025-08-19 09:17:09,19/08/2025 09:17,-,-,-,-,-,-,-
1869974,❌ Reprovado,X,KATLIN,-,2025-08-05 16:30:56,05/08/2025 16:30,-,-,-,-,-,-,-
1869908,❌ Reprovado,X,rejane@bancodovale.org.br,-,2025-08-05 16:52:25,05/08/2025 16:52,-,-,-,-,-,-,-
1869880,❌ Reprovado,X,elenita@bancovale.org.br,-,2025-08-06 14:11:46,06/08/2025 14:11,-,-,-,-,-,-,-
1869852,✅ Aprovado,0,Fernando,-,2025-08-07 09:43:04,07/08/2025 09:43,-,-,-,-,-,-,-
1869805,✅ Aprovado,0,Fernando,-,2025-08-12 09:28:27,12/08/2025 09:28,-,-,-,-,-,-,-
1869793,✅ Aprovado,0,Fernando,-,2025-08-06 13:24:00,06/08/2025 13:24,-,-,-,-,-,-,-
1869777,⚠️ Pendência Coordenação,7,caciane@bancodovale.org.br,-,2025-08-06 08:54:50,06/08/2025 08:54,-,-,-,-,-,-,-
1869776,❌ Reprovado,X,rio@bancodovale.org.br,-,2025-08-19 13:52:19,19/08/2025 13:52,-,-,-,-,-,-,-
1869719,🚫 Cancelado,Y,-,-,2025-08-05 13:26:25,05/08/2025 13:26,-,-,-,-,-,-,-
1869692,❌ Reprovado,X,camila@bancodovale.org.br,-,2025-08-05 13:32:10,05/08/2025 13:32,-,-,-,-,-,-,-
1869661,🙅 Desistiu,Z,camila@bancodovale.org.br,-,2025-08-11 09:16:28,11/08/2025 09:16,-,-,-,-,-,-,-
1869644,✅ Aprovado,0,Fernando,-,2025-08-07 09:07:44,07/08/2025 09:07,-,-,-,-,-,-,-
1869639,❌ Reprovado,X,bancodovaletimbo@bancodovale.org.br,-,2025-08-05 11:16:44,05/08/2025 11:16,-,-,-,-,-,-,-
1869638,🚫 Cancelado,Y,-,-,2025-08-05 11:15:53,05/08/2025 11:15,-,-,-,-,-,-,-
1869612,❌ Reprovado,X,comercialdigital@bancodovale.com.br,-,2025-08-05 14:04:19,05/08/2025 14:04,-,-,-,-,-,-,-
1869421,✅ Aprovado,0,ivan@bancodovale.org.br,-,2025-08-12 13:35:30,12/08/2025 13:35,-,-,-,-,-,-,-
1869386,✅ Aprovado,0,Fernando,-,2025-08-06 16:15:40,06/08/2025 16:15,-,-,-,-,-,-,-
1869288,✅ Aprovado,0,Fernando,-,2025-08-06 17:31:55,06/08/2025 17:31,-,-,-,-,-,-,-
1869275,🚫 Cancelado,Y,felipe@bancodovale.org.br,-,2025-08-06 14:33:17,06/08/2025 14:33,-,-,-,-,-,-,-
1869201,❌ Reprovado,X,elenita@bancovale.org.br,-,2025-08-12 10:13:10,12/08/2025 10:13,-,-,-,-,-,-,-
1869161,❌ Reprovado,X,comercialdigital@bancodovale.com.br,-,2025-08-05 09:34:38,05/08/2025 09:34,-,-,-,-,-,-,-
1869159,❌ Reprovado,X,comercialdigital@bancodovale.com.br,-,2025-08-05 09:33:29,05/08/2025 09:33,-,-,-,-,-,-,-
1869149,⚠️ Pendente Cliente,W,alinef@bancodovale.org.br,-,2025-08-07 17:17:02,07/08/2025 17:17,-,-,-,-,-,-,-
1869057,❌ Reprovado,X,KATLIN,-,2025-08-05 09:45:43,05/08/2025 09:45,-,-,-,-,-,-,-
1869055,❌ Reprovado,X,comercialdigital@bancodovale.com.br,-,2025-08-05 09:31:55,05/08/2025 09:31,-,-,-,-,-,-,-
1869029,❌ Reprovado,X,natalia@bancodovale.org.br,-,2025-08-05 10:55:19,05/08/2025 10:55,-,-,-,-,-,-,-
1869010,🗑️ Descartado (Lixo),E,comercialdigital@bancodovale.com.br,-,2025-08-05 09:31:12,05/08/2025 09:31,-,-,-,-,-,-,-
1868940,🙅 Desistiu,Z,regina@bancodovale.org.br,-,2025-08-08 17:24:01,08/08/2025 17:24,-,-,-,-,-,-,-
1868854,✅ Aprovado,0,Fernando,-,2025-08-14 13:34:09,14/08/2025 13:34,-,-,-,-,-,-,-
1868722,❌ Reprovado,X,Danielle,-,2025-08-04 16:55:08,04/08/2025 16:55,-,-,-,-,-,-,-
1868620,❌ Reprovado,X,elenita@bancovale.org.br,-,2025-08-05 12:00:16,05/08/2025 12:00,-,-,-,-,-,-,-
1868387,🚫 Cancelado,Y,felipe@bancodovale.org.br,-,2025-08-07 08:47:29,07/08/2025 08:47,-,-,-,-,-,-,-
1868352,❌ Reprovado,X,jaragua@bancodovale.org.br,-,2025-08-05 12:53:46,05/08/2025 12:53,-,-,-,-,-,-,-
1868294,🚫 Cancelado,Y,felipe@bancodovale.org.br,-,2025-08-08 12:14:34,08/08/2025 12:14,-,-,-,-,-,-,-
1868208,✅ Aprovado,0,Fernando,-,2025-08-06 17:23:53,06/08/2025 17:23,-,-,-,-,-,-,-
1868189,🚫 Cancelado,Y,-,-,2025-08-04 14:16:04,04/08/2025 14:16,-,-,-,-,-,-,-
1868155,❌ Reprovado,X,gilmara@bancodovale.org.br,-,2025-08-29 14:03:22,29/08/2025 14:03,-,-,-,-,-,-,-
1868102,❌ Reprovado,X,caciane@bancodovale.org.br,-,2025-08-04 15:48:38,04/08/2025 15:48,-,-,-,-,-,-,-
1868091,❌ Reprovado,X,comercialdigital@bancodovale.com.br,-,2025-08-04 14:30:15,04/08/2025 14:30,-,-,-,-,-,-,-
1868047,❌ Reprovado,X,camila@bancodovale.org.br,-,2025-08-04 16:26:46,04/08/2025 16:26,-,-,-,-,-,-,-
1868042,❌ Reprovado,X,gilmara@bancodovale.org.br,-,2025-08-29 14:01:59,29/08/2025 14:01,-,-,-,-,-,-,-
1868012,❌ Reprovado,X,caciane@bancodovale.org.br,-,2025-08-04 15:32:44,04/08/2025 15:32,-,-,-,-,-,-,-
1867999,✅ Aprovado,0,Fernando,-,2025-08-07 10:53:44,07/08/2025 10:53,-,-,-,-,-,-,-
1867978,🚫 Cancelado,Y,felipe@bancodovale.org.br,-,2025-08-06 14:34:41,06/08/2025 14:34,-,-,-,-,-,-,-
1867936,🚫 Cancelado,Y,felipe@bancodovale.org.br,-,2025-08-06 14:34:26,06/08/2025 14:34,-,-,-,-,-,-,-
1867900,❌ Reprovado,X,jessica@bancodovale.org.br,-,2025-08-04 14:01:14,04/08/2025 14:01,-,-,-,-,-,-,-
1867551,❌ Reprovado,X,comercialdigital@bancodovale.com.br,-,2025-08-04 10:54:25,04/08/2025 10:54,-,-,-,-,-,-,-
1867503,❌ Reprovado,X,eder@bancodovale.org.br,-,2025-08-07 17:03:26,07/08/2025 17:03,-,-,-,-,-,-,-
1867448,📄 📄 Chamado Duplicado,D,comercialdigital@bancodovale.com.br,-,2025-08-04 08:53:30,04/08/2025 08:53,-,-,-,-,-,-,-
1867409,❌ Reprovado,X,comercialdigital@bancodovale.com.br,-,2025-08-04 08:50:36,04/08/2025 08:50,-,-,-,-,-,-,-
1867408,🚫 Cancelado,Y,-,-,2025-08-04 07:22:30,04/08/2025 07:22,-,-,-,-,-,-,-
1867407,❌ Reprovado,X,elenita@bancovale.org.br,-,2025-08-08 12:04:26,08/08/2025 12:04,-,-,-,-,-,-,-
1867296,❌ Reprovado,X,camila@bancodovale.org.br,-,2025-08-04 08:56:42,04/08/2025 08:56,-,-,-,-,-,-,-
1867186,❌ Reprovado,X,natalia@bancodovale.org.br,-,2025-08-04 10:07:04,04/08/2025 10:07,-,-,-,-,-,-,-
1867142,🙅 Desistiu,Z,camila@bancodovale.org.br,-,2025-08-05 08:16:07,05/08/2025 08:16,-,-,-,-,-,-,-
1867026,📄 📄 Chamado Duplicado,D,comercialdigital@bancodovale.com.br,-,2025-08-04 08:49:01,04/08/2025 08:49,-,-,-,-,-,-,-
1866952,📄 📄 Chamado Duplicado,D,comercialdigital@bancodovale.com.br,-,2025-08-04 08:48:34,04/08/2025 08:48,-,-,-,-,-,-,-
1866855,❌ Reprovado,X,jaragua@bancodovale.org.br,-,2025-08-05 12:54:19,05/08/2025 12:54,-,-,-,-,-,-,-
1866837,❌ Reprovado,X,KATLIN,-,2025-08-04 11:43:27,04/08/2025 11:43,-,-,-,-,-,-,-
1866545,✅ Aprovado,0,Fernando,-,2025-08-04 17:22:37,04/08/2025 17:22,-,-,-,-,-,-,-
1866447,✅ Aprovado,0,Fernando,-,2025-08-05 16:03:49,05/08/2025 16:03,-,-,-,-,-,-,-
1866335,🙅 Desistiu,Z,jessica@bancodovale.org.br,-,2025-08-04 14:02:17,04/08/2025 14:02,-,-,-,-,-,-,-
1866326,✅ Aprovado,0,Fernando,-,2025-08-04 15:41:26,04/08/2025 15:41,-,-,-,-,-,-,-
1866298,❌ Reprovado,X,valdinei@bancodovale.org.br,-,2025-08-05 16:51:01,05/08/2025 16:51,-,-,-,-,-,-,-
1866278,❌ Reprovado,X,gilmara@bancodovale.org.br,-,2025-08-04 09:09:55,04/08/2025 09:09,-,-,-,-,-,-,-
1866199,✅ Aprovado,0,Fernando,-,2025-08-29 16:47:19,29/08/2025 16:47,-,-,-,-,-,-,-
1866168,✅ Aprovado,0,Fernando,-,2025-08-05 17:07:30,05/08/2025 17:07,-,-,-,-,-,-,-
1866087,❌ Reprovado,X,gilmara@bancodovale.org.br,-,2025-08-04 09:12:40,04/08/2025 09:12,-,-,-,-,-,-,-
1866018,🚫 Cancelado,Y,bancodovaletimbo@bancodovale.org.br,-,2025-08-01 13:24:54,01/08/2025 13:24,-,-,-,-,-,-,-
1866014,🕵️ Análise Agente de Crédito,4,bancodovaletimbo@bancodovale.org.br,-,2025-08-01 16:17:07,01/08/2025 16:17,-,-,-,-,-,-,-
1866003,✅ Aprovado,0,Fernando,-,2025-08-06 16:02:22,06/08/2025 16:02,-,-,-,-,-,-,-
1865998,🙅 Desistiu,Z,caciane@bancodovale.org.br,-,2025-08-25 14:31:55,25/08/2025 14:31,-,-,-,-,-,-,-
1865994,🙅 Desistiu,Z,jessica@bancodovale.org.br,-,2025-08-05 10:22:48,05/08/2025 10:22,-,-,-,-,-,-,-
1865983,✅ Aprovado,0,Fernando,-,2025-08-07 11:21:37,07/08/2025 11:21,-,-,-,-,-,-,-
1865930,📄 📄 Chamado Duplicado,D,jaragua@bancodovale.org.br,-,2025-08-01 11:12:29,01/08/2025 11:12,-,-,-,-,-,-,-
1865772,✅ Aprovado,0,Fernando,-,2025-08-01 13:29:16,01/08/2025 13:29,-,-,-,-,-,-,-
1865646,🚫 Cancelado,Y,-,-,2025-08-01 08:56:31,01/08/2025 08:56,-,-,-,-,-,-,-
1865640,🗑️ Descartado (Lixo),E,comercialdigital@bancodovale.com.br,-,2025-08-01 08:59:23,01/08/2025 08:59,-,-,-,-,-,-,-
1865611,🙅 Desistiu,Z,dennis@bancodovale.org.br,-,2025-08-04 09:03:25,04/08/2025 09:03,-,-,-,-,-,-,-
1865439,✅ Aprovado,0,Fernando,-,2025-08-11 09:32:22,11/08/2025 09:32,-,-,-,-,-,-,-
1865157,🙅 Desistiu,Z,ivan@bancodovale.org.br,-,2025-08-29 11:14:52,29/08/2025 11:14,-,-,-,-,-,-,-
1865045,⚠️ Pendência Mesa de Crédito,9,ivan@bancodovale.org.br,-,2025-08-04 14:36:35,04/08/2025 14:36,-,-,-,-,-,-,-
1864982,✅ Aprovado,0,Fernando,-,2025-08-12 15:28:35,12/08/2025 15:28,-,-,-,-,-,-,-
1864953,❌ Reprovado,X,Bruno,-,2025-08-05 16:32:34,05/08/2025 16:32,-,-,-,-,-,-,-
1864884,❌ Reprovado,X,natalia@bancodovale.org.br,-,2025-08-04 10:10:34,04/08/2025 10:10,-,-,-,-,-,-,-
1864855,❌ Reprovado,X,alinef@bancodovale.org.br,-,2025-08-01 11:08:05,01/08/2025 11:08,-,-,-,-,-,-,-
1864847,❌ Reprovado,X,dennis@bancodovale.org.br,-,2025-08-13 17:16:47,13/08/2025 17:16,-,-,-,-,-,-,-
1864836,🙅 Desistiu,Z,gilmara@bancodovale.org.br,-,2025-08-07 09:24:33,07/08/2025 09:24,-,-,-,-,-,-,-
1864731,🚫 Cancelado,Y,juliano@bancodovale.org.br,-,2025-08-22 14:49:12,22/08/2025 14:49,-,-,-,-,-,-,-
1864452,❌ Reprovado,X,alinef@bancodovale.org.br,-,2025-08-05 11:58:48,05/08/2025 11:58,-,-,-,-,-,-,-
1864440,❌ Reprovado,X,alinef@bancodovale.org.br,-,2025-08-05 11:59:04,05/08/2025 11:59,-,-,-,-,-,-,-
1864436,🙅 Desistiu,Z,natalia@bancodovale.org.br,-,2025-08-13 15:49:43,13/08/2025 15:49,-,-,-,-,-,-,-
1864402,🚫 Cancelado,Y,felipe@bancodovale.org.br,-,2025-08-06 14:34:09,06/08/2025 14:34,-,-,-,-,-,-,-
1864401,✅ Aprovado,0,Fernando,-,2025-08-29 16:47:18,29/08/2025 16:47,-,-,-,-,-,-,-
1864214,❌ Reprovado,X,hilta@bancodovale.org.br,-,2025-08-04 14:35:41,04/08/2025 14:35,-,-,-,-,-,-,-
1864178,❌ Reprovado,X,Bruno,-,2025-08-05 16:33:10,05/08/2025 16:33,-,-,-,-,-,-,-
1863911,🙅 Desistiu,Z,camila@bancodovale.org.br,-,2025-08-05 08:14:15,05/08/2025 08:14,-,-,-,-,-,-,-
1863822,✅ Aprovado,0,Fernando,-,2025-08-29 16:47:18,29/08/2025 16:47,-,-,-,-,-,-,-
1863813,🚫 Cancelado,Y,Fernando,-,2025-08-29 16:50:36,29/08/2025 16:50,-,-,-,-,-,-,-
1863767,✅ Aprovado,0,Fernando,-,2025-08-29 16:47:19,29/08/2025 16:47,-,-,-,-,-,-,-
1863361,✅ Aprovado,0,Fernando,-,2025-08-06 09:41:02,06/08/2025 09:41,-,-,-,-,-,-,-
1862763,✅ Aprovado,0,rejane@bancodovale.org.br,-,2025-08-14 13:11:14,14/08/2025 13:11,-,-,-,-,-,-,-
1862564,🙅 Desistiu,Z,eder@bancodovale.org.br,-,2025-08-15 15:40:44,15/08/2025 15:40,-,-,-,-,-,-,-
1862502,❌ Reprovado,X,gilmara@bancodovale.org.br,-,2025-08-04 09:14:48,04/08/2025 09:14,-,-,-,-,-,-,-
1862442,🙅 Desistiu,Z,ivan@bancodovale.org.br,-,2025-08-14 09:33:36,14/08/2025 09:33,-,-,-,-,-,-,-
1862082,✅ Aprovado,0,Fernando,-,2025-08-01 13:04:29,01/08/2025 13:04,-,-,-,-,-,-,-
1861891,🙅 Desistiu,Z,regina@bancodovale.org.br,-,2025-08-06 10:31:44,06/08/2025 10:31,-,-,-,-,-,-,-
1861198,✅ Aprovado,0,Fernando,-,2025-08-29 16:52:25,29/08/2025 16:52,-,-,-,-,-,-,-
1861057,⚠️ Pendente Cliente,W,Bruno,-,2025-07-31 14:50:14,31/07/2025 14:50,-,-,-,-,-,-,-
1858532,✅ Aprovado,0,Fernando,-,2025-08-01 13:17:31,01/08/2025 13:17,-,-,-,-,-,-,-
1858317,🙅 Desistiu,Z,natalia@bancodovale.org.br,-,2025-08-04 10:11:43,04/08/2025 10:11,-,-,-,-,-,-,-
1858203,🚫 Cancelado,Y,juliano@bancodovale.org.br,-,2025-08-22 14:48:51,22/08/2025 14:48,-,-,-,-,-,-,-
1858061,✅ Aprovado,0,Fernando,-,2025-08-11 11:41:42,11/08/2025 11:41,-,-,-,-,-,-,-
1855952,🙅 Desistiu,Z,rejane@bancodovale.org.br,-,2025-08-19 13:17:54,19/08/2025 13:17,-,-,-,-,-,-,-
1854249,🚫 Cancelado,Y,juliano@bancodovale.org.br,-,2025-08-22 14:48:10,22/08/2025 14:48,-,-,-,-,-,-,-
1852761,✅ Aprovado,0,Fernando,-,2025-08-05 09:27:43,05/08/2025 09:27,-,-,-,-,-,-,-
1852214,✅ Aprovado,0,Fernando,-,2025-08-01 13:14:02,01/08/2025 13:14,-,-,-,-,-,-,-
1851955,✅ Aprovado,0,Fernando,-,2025-08-01 13:17:30,01/08/2025 13:17,-,-,-,-,-,-,-
1851889,🙅 Desistiu,Z,pierre@bancodovale.org.br,-,2025-08-13 12:26:02,13/08/2025 12:26,-,-,-,-,-,-,-
1851248,🙅 Desistiu,Z,natalia@bancodovale.org.br,-,2025-08-04 10:12:34,04/08/2025 10:12,-,-,-,-,-,-,-
1851179,🙅 Desistiu,Z,rejane@bancodovale.org.br,-,2025-08-19 13:18:25,19/08/2025 13:18,-,-,-,-,-,-,-
1850826,✅ Aprovado,0,Fernando,-,2025-08-01 13:17:30,01/08/2025 13:17,-,-,-,-,-,-,-
1850821,🙅 Desistiu,Z,eder@bancodovale.org.br,-,2025-08-15 15:46:43,15/08/2025 15:46,-,-,-,-,-,-,-
1850632,🙅 Desistiu,Z,natalia@bancodovale.org.br,-,2025-08-04 10:14:19,04/08/2025 10:14,-,-,-,-,-,-,-
1850450,🙅 Desistiu,Z,eder@bancodovale.org.br,-,2025-08-26 14:49:15,26/08/2025 14:49,-,-,-,-,-,-,-
1850277,❌ Reprovado,X,pierre@bancodovale.org.br,-,2025-08-06 16:46:25,06/08/2025 16:46,-,-,-,-,-,-,-
1849274,🙅 Desistiu,Z,eder@bancodovale.org.br,-,2025-08-15 15:41:20,15/08/2025 15:41,-,-,-,-,-,-,-
1848365,🙅 Desistiu,Z,eder@bancodovale.org.br,-,2025-08-15 15:42:01,15/08/2025 15:42,-,-,-,-,-,-,-
1847525,✅ Aprovado,0,Fernando,-,2025-08-07 14:39:55,07/08/2025 14:39,-,-,-,-,-,-,-
1845009,🙅 Desistiu,Z,dennis@bancodovale.org.br,-,2025-08-07 15:01:22,07/08/2025 15:01,-,-,-,-,-,-,-
1844589,🚫 Cancelado,Y,juliano@bancodovale.org.br,-,2025-08-22 14:47:51,22/08/2025 14:47,-,-,-,-,-,-,-
1842435,✅ Aprovado,0,juliano@bancodovale.org.br,-,2025-08-11 09:35:01,11/08/2025 09:35,-,-,-,-,-,-,-
1836828,🚫 Cancelado,Y,Fernando,-,2025-08-01 13:17:42,01/08/2025 13:17,-,-,-,-,-,-,-
1836656,✅ Aprovado,0,Fernando,-,2025-08-01 13:20:10,01/08/2025 13:20,-,-,-,-,-,-,-
1835362,🙅 Desistiu,Z,caciane@bancodovale.org.br,-,2025-08-27 14:25:33,27/08/2025 14:25,-,-,-,-,-,-,-
1835358,✅ Aprovado,0,Fernando,-,2025-08-01 13:20:11,01/08/2025 13:20,-,-,-,-,-,-,-
1834977,⚠️ Pendente Cliente,W,ivan@bancodovale.org.br,-,2025-07-24 11:07:00,24/07/2025 11:07,-,-,-,-,-,-,-
1832229,🙅 Desistiu,Z,ivan@bancodovale.org.br,-,2025-08-14 09:36:52,14/08/2025 09:36,-,-,-,-,-,-,-
1832016,✅ Aprovado,0,Fernando,-,2025-08-08 15:56:51,08/08/2025 15:56,-,-,-,-,-,-,-
1831923,✅ Aprovado,0,Fernando,-,2025-08-01 13:29:15,01/08/2025 13:29,-,-,-,-,-,-,-
1829926,🚫 Cancelado,Y,regina@bancodovale.org.br,-,2025-08-07 16:25:23,07/08/2025 16:25,-,-,-,-,-,-,-
1828534,🚫 Cancelado,Y,juliano@bancodovale.org.br,-,2025-08-22 14:47:37,22/08/2025 14:47,-,-,-,-,-,-,-
1828079,🙅 Desistiu,Z,pierre@bancodovale.org.br,-,2025-08-07 09:38:41,07/08/2025 09:38,-,-,-,-,-,-,-
1826510,🗑️ Descartado (Lixo),E,natalia@bancodovale.org.br,-,2025-08-04 10:13:31,04/08/2025 10:13,-,-,-,-,-,-,-
1825497,✅ Aprovado,0,Fernando,-,2025-08-01 13:04:29,01/08/2025 13:04,-,-,-,-,-,-,-
1823362,✅ Aprovado,0,Fernando,-,2025-08-19 10:33:39,19/08/2025 10:33,-,-,-,-,-,-,-
1823337,✅ Aprovado,0,Fernando,-,2025-08-01 13:20:10,01/08/2025 13:20,-,-,-,-,-,-,-
1823171,🚫 Cancelado,Y,Fernando,-,2025-08-01 13:23:55,01/08/2025 13:23,-,-,-,-,-,-,-
1821934,✅ Aprovado,0,Fernando,-,2025-08-11 15:10:26,11/08/2025 15:10,-,-,-,-,-,-,-
1820545,🚫 Cancelado,Y,juliano@bancodovale.org.br,-,2025-08-22 14:46:54,22/08/2025 14:46,-,-,-,-,-,-,-
1820423,✅ Aprovado,0,Fernando,-,2025-08-15 08:58:04,15/08/2025 08:58,-,-,-,-,-,-,-
1803827,✅ Aprovado,0,Fernando,-,2025-08-01 13:13:35,01/08/2025 13:13,-,-,-,-,-,-,-
1803295,✅ Aprovado,0,Fernando,-,2025-08-01 13:20:09,01/08/2025 13:20,-,-,-,-,-,-,-
1798819,✅ Aprovado,0,Fernando,-,2025-08-01 13:26:08,01/08/2025 13:26,-,-,-,-,-,-,-
1792095,✅ Aprovado,0,Fernando,-,2025-08-01 13:04:28,01/08/2025 13:04,-,-,-,-,-,-,-
1787877,✅ Aprovado,0,Fernando,-,2025-08-15 11:52:41,15/08/2025 11:52,-,-,-,-,-,-,-
1786923,✅ Aprovado,0,Fernando,-,2025-08-20 15:27:48,20/08/2025 15:27,-,-,-,-,-,-,-
1786001,🚫 Cancelado,Y,Fernando,-,2025-08-01 13:04:46,01/08/2025 13:04,-,-,-,-,-,-,-
1777506,✅ Aprovado,0,Fernando,-,2025-08-01 13:27:24,01/08/2025 13:27,-,-,-,-,-,-,-
1773293,✅ Aprovado,0,Fernando,-,2025-08-01 13:21:32,01/08/2025 13:21,-,-,-,-,-,-,-
1772532,🚫 Cancelado,Y,Fernando,-,2025-08-01 13:26:28,01/08/2025 13:26,-,-,-,-,-,-,-
1772508,✅ Aprovado,0,Fernando,-,2025-08-11 09:30:16,11/08/2025 09:30,-,-,-,-,-,-,-
1770522,✅ Aprovado,0,Fernando,-,2025-08-01 13:13:34,01/08/2025 13:13,-,-,-,-,-,-,-
1768275,🚫 Cancelado,Y,hilta@bancodovale.org.br,-,2025-08-06 15:48:21,06/08/2025 15:48,-,-,-,-,-,-,-
1766910,🚫 Cancelado,Y,Fernando,-,2025-08-01 13:26:28,01/08/2025 13:26,-,-,-,-,-,-,-
1765809,✅ Aprovado,0,Fernando,-,2025-08-01 13:17:29,01/08/2025 13:17,-,-,-,-,-,-,-
1757113,✅ Aprovado,0,Fernando,-,2025-08-01 13:32:33,01/08/2025 13:32,-,-,-,-,-,-,-
1733372,✅ Aprovado,0,ivan@bancodovale.org.br,-,2025-08-11 09:42:25,11/08/2025 09:42,-,-,-,-,-,-,-
1716182,✅ Aprovado,0,ivan@bancodovale.org.br,-,2025-08-11 09:41:35,11/08/2025 09:41,-,-,-,-,-,-,-
1708748,🚫 Cancelado,Y,ivan@bancodovale.org.br,-,2025-08-11 09:42:42,11/08/2025 09:42,-,-,-,-,-,-,-
1703158,✅ Aprovado,0,Fernando,-,2025-08-29 10:35:34,29/08/2025 10:35,-,-,-,-,-,-,-
1676478,🙅 Desistiu,Z,ivan@bancodovale.org.br,-,2025-08-25 08:29:10,25/08/2025 08:29,-,-,-,-,-,-,-
1676376,🚫 Cancelado,Y,juliano@bancodovale.org.br,-,2025-08-22 14:46:22,22/08/2025 14:46,-,-,-,-,-,-,-
1676083,❌ Reprovado,X,ivan@bancodovale.org.br,-,2025-08-18 10:06:44,18/08/2025 10:06,-,-,-,-,-,-,-
1651021,🙅 Desistiu,Z,roberto@bancodovale.org.br,-,2025-08-12 07:21:12,12/08/2025 07:21,-,-,-,-,-,-,-
1609700,🙅 Desistiu,Z,caciane@bancodovale.org.br,-,2025-08-11 16:08:48,11/08/2025 16:08,-,-,-,-,-,-,-
1580771,🚫 Cancelado,Y,juliano@bancodovale.org.br,-,2025-08-22 14:46:03,22/08/2025 14:46,-,-,-,-,-,-,-
1563878,✅ Aprovado,0,Fernando,-,2025-08-06 15:11:17,06/08/2025 15:11,-,-,-,-,-,-,-
1547334,✅ Aprovado,0,ivan@bancodovale.org.br,-,2025-08-18 10:02:41,18/08/2025 10:02,-,-,-,-,-,-,-
1538786,✅ Aprovado,0,Fernando,-,2025-08-15 17:24:02,15/08/2025 17:24,-,-,-,-,-,-,-
1513625,🚫 Cancelado,Y,felipe@bancodovale.org.br,-,2025-08-12 11:46:34,12/08/2025 11:46,-,-,-,-,-,-,-
1499040,🙅 Desistiu,Z,regina@bancodovale.org.br,-,2025-08-08 09:33:45,08/08/2025 09:33,-,-,-,-,-,-,-
1495117,🚫 Cancelado,Y,felipe@bancodovale.org.br,-,2025-08-12 11:53:18,12/08/2025 11:53,-,-,-,-,-,-,-
1465340,❌ Reprovado,X,ivan@bancodovale.org.br,-,2025-08-18 10:09:47,18/08/2025 10:09,-,-,-,-,-,-,-
1372470,✅ Aprovado,0,Fernando,-,2025-08-01 13:29:16,01/08/2025 13:29,-,-,-,-,-,-,-
1366690,✅ Aprovado,0,Fernando,-,2025-08-18 16:23:29,18/08/2025 16:23,-,-,-,-,-,-,-
1354324,🙅 Desistiu,Z,caciane@bancodovale.org.br,-,2025-08-25 14:35:04,25/08/2025 14:35,-,-,-,-,-,-,-
1352158,✅ Aprovado,0,Fernando,-,2025-08-25 10:15:08,25/08/2025 10:15,-,-,-,-,-,-,-
1350149,🙅 Desistiu,Z,ivan@bancodovale.org.br,-,2025-08-11 10:12:09,11/08/2025 10:12,-,-,-,-,-,-,-
1348247,✅ Aprovado,0,ivan@bancodovale.org.br,-,2025-08-11 10:31:05,11/08/2025 10:31,-,-,-,-,-,-,-
1341563,✅ Aprovado,0,Fernando,-,2025-08-01 13:29:14,01/08/2025 13:29,-,-,-,-,-,-,-
1341100,❌ Reprovado,X,angela@bancodovale.org.br,-,2025-08-28 11:44:07,28/08/2025 11:44,-,-,-,-,-,-,-
1338401,❌ Reprovado,X,ivan@bancodovale.org.br,-,2025-08-11 10:14:02,11/08/2025 10:14,-,-,-,-,-,-,-
1328060,🙅 Desistiu,Z,ivan@bancodovale.org.br,-,2025-08-11 09:00:27,11/08/2025 09:00,-,-,-,-,-,-,-
1307542,✅ Aprovado,0,ivan@bancodovale.org.br,-,2025-08-11 09:02:32,11/08/2025 09:02,-,-,-,-,-,-,-
1276274,🙅 Desistiu,Z,caciane@bancodovale.org.br,-,2025-08-08 13:34:30,08/08/2025 13:34,-,-,-,-,-,-,-
1271772,🙅 Desistiu,Z,ivan@bancodovale.org.br,-,2025-08-14 10:04:06,14/08/2025 10:04,-,-,-,-,-,-,-
1266026,🙅 Desistiu,Z,ivan@bancodovale.org.br,-,2025-08-14 10:01:29,14/08/2025 10:01,-,-,-,-,-,-,-
1263946,✅ Aprovado,0,Fernando,-,2025-08-01 13:11:49,01/08/2025 13:11,-,-,-,-,-,-,-
1254162,🙅 Desistiu,Z,ivan@bancodovale.org.br,-,2025-08-11 09:09:23,11/08/2025 09:09,-,-,-,-,-,-,-
1244206,✅ Aprovado,0,Fernando,-,2025-08-27 14:22:30,27/08/2025 14:22,-,-,-,-,-,-,-
1225449,✅ Aprovado,0,Fernando,-,2025-08-18 12:47:54,18/08/2025 12:47,-,-,-,-,-,-,-
1215589,🙅 Desistiu,Z,ivan@bancodovale.org.br,-,2025-08-11 10:28:44,11/08/2025 10:28,-,-,-,-,-,-,-
1206279,🙅 Desistiu,Z,regina@bancodovale.org.br,-,2025-08-06 10:31:09,06/08/2025 10:31,-,-,-,-,-,-,-
1206276,🙅 Desistiu,Z,caciane@bancodovale.org.br,-,2025-08-25 14:36:53,25/08/2025 14:36,-,-,-,-,-,-,-
1197670,✅ Aprovado,0,Fernando,-,2025-08-07 16:01:40,07/08/2025 16:01,-,-,-,-,-,-,-
1195504,🙅 Desistiu,Z,rejane@bancodovale.org.br,-,2025-08-05 16:49:07,05/08/2025 16:49,-,-,-,-,-,-,-
1178333,✅ Aprovado,0,Fernando,-,2025-08-28 11:51:45,28/08/2025 11:51,-,-,-,-,-,-,-
1177423,✅ Aprovado,0,ivan@bancodovale.org.br,-,2025-08-14 09:58:36,14/08/2025 09:58,-,-,-,-,-,-,-
1146832,🙅 Desistiu,Z,ivan@bancodovale.org.br,-,2025-08-11 09:56:34,11/08/2025 09:56,-,-,-,-,-,-,-
1123161,🙅 Desistiu,Z,ivan@bancodovale.org.br,-,2025-08-14 09:48:03,14/08/2025 09:48,-,-,-,-,-,-,-
1112289,✅ Aprovado,0,ivan@bancodovale.org.br,-,2025-08-14 09:40:50,14/08/2025 09:40,-,-,-,-,-,-,-
1105053,✅ Aprovado,0,ivan@bancodovale.org.br,-,2025-08-11 10:35:29,11/08/2025 10:35,-,-,-,-,-,-,-
1097538,✅ Aprovado,0,ivan@bancodovale.org.br,-,2025-08-11 10:28:23,11/08/2025 10:28,-,-,-,-,-,-,-
1093004,✅ Aprovado,0,ivan@bancodovale.org.br,-,2025-08-11 10:25:39,11/08/2025 10:25,-,-,-,-,-,-,-
1092423,✅ Aprovado,0,Fernando,-,2025-08-26 14:22:53,26/08/2025 14:22,-,-,-,-,-,-,-
1091766,🙅 Desistiu,Z,ivan@bancodovale.org.br,-,2025-08-11 10:36:04,11/08/2025 10:36,-,-,-,-,-,-,-
1087934,❌ Reprovado,X,ivan@bancodovale.org.br,-,2025-08-11 10:16:34,11/08/2025 10:16,-,-,-,-,-,-,-
1080137,❌ Reprovado,X,ivan@bancodovale.org.br,-,2025-08-11 10:14:37,11/08/2025 10:14,-,-,-,-,-,-,-
992462,✅ Aprovado,0,Fernando,-,2025-08-12 12:50:31,12/08/2025 12:50,-,-,-,-,-,-,-
988113,✅ Aprovado,0,ivan@bancodovale.org.br,-,2025-08-11 09:28:43,11/08/2025 09:28,-,-,-,-,-,-,-
987943,✅ Aprovado,0,ivan@bancodovale.org.br,-,2025-08-11 09:22:18,11/08/2025 09:22,-,-,-,-,-,-,-
960102,🙅 Desistiu,Z,ivan@bancodovale.org.br,-,2025-08-11 09:21:12,11/08/2025 09:21,-,-,-,-,-,-,-
935651,✅ Aprovado,0,Fernando,-,2025-08-05 15:21:46,05/08/2025 15:21,-,-,-,-,-,-,-
922918,✅ Aprovado,0,Fernando,-,2025-08-26 15:13:31,26/08/2025 15:13,-,-,-,-,-,-,-
891049,✅ Aprovado,0,Fernando,-,2025-08-01 13:32:32,01/08/2025 13:32,-,-,-,-,-,-,-
862188,✅ Aprovado,0,Fernando,-,2025-08-14 14:55:15,14/08/2025 14:55,-,-,-,-,-,-,-
855954,✅ Aprovado,0,Fernando,-,2025-08-12 16:53:05,12/08/2025 16:53,-,-,-,-,-,-,-
809085,❌ Reprovado,X,caciane@bancodovale.org.br,-,2025-08-25 14:12:45,25/08/2025 14:12,-,-,-,-,-,-,-
801076,🙅 Desistiu,Z,regina@bancodovale.org.br,-,2025-08-07 16:24:55,07/08/2025 16:24,-,-,-,-,-,-,-
742267,⚠️ Pendência Mesa de Crédito,9,ivan@bancodovale.org.br,-,2025-08-07 09:38:47,07/08/2025 09:38,-,-,-,-,-,-,-
705741,✅ Aprovado,0,ivan@bancodovale.org.br,-,2025-08-11 09:18:42,11/08/2025 09:18,-,-,-,-,-,-,-
681361,✅ Aprovado,0,ivan@bancodovale.org.br,-,2025-08-11 09:14:26,11/08/2025 09:14,-,-,-,-,-,-,-
680931,❌ Reprovado,X,hilta@bancodovale.org.br,-,2025-08-06 15:47:15,06/08/2025 15:47,-,-,-,-,-,-,-
675679,✅ Aprovado,0,Fernando,-,2025-08-27 09:40:22,27/08/2025 09:40,-,-,-,-,-,-,-
654801,✅ Aprovado,0,Fernando,-,2025-08-15 14:54:28,15/08/2025 14:54,-,-,-,-,-,-,-
646442,🙅 Desistiu,Z,caciane@bancodovale.org.br,-,2025-08-25 14:37:57,25/08/2025 14:37,-,-,-,-,-,-,-
627322,✅ Aprovado,0,Fernando,-,2025-08-01 13:26:07,01/08/2025 13:26,-,-,-,-,-,-,-
615032,⚠️ Pendente Cliente,W,ivan@bancodovale.org.br,-,2025-08-11 09:14:11,11/08/2025 09:14,-,-,-,-,-,-,-
609025,✅ Aprovado,0,ivan@bancodovale.org.br,-,2025-08-11 09:13:13,11/08/2025 09:13,-,-,-,-,-,-,-
605421,✅ Aprovado,0,Fernando,-,2025-08-01 13:21:33,01/08/2025 13:21,-,-,-,-,-,-,-
604960,✅ Aprovado,0,Fernando,-,2025-08-19 17:36:09,19/08/2025 17:36,-,-,-,-,-,-,-
488136,✅ Aprovado,0,Fernando,-,2025-08-12 10:31:23,12/08/2025 10:31,-,-,-,-,-,-,-
472896,✅ Aprovado,0,Fernando,-,2025-08-22 13:17:05,22/08/2025 13:17,-,-,-,-,-,-,-
456681,✅ Aprovado,0,Fernando,-,2025-08-26 14:14:03,26/08/2025 14:14,-,-,-,-,-,-,-
425614,❌ Reprovado,X,ivan@bancodovale.org.br,-,2025-08-11 09:12:49,11/08/2025 09:12,-,-,-,-,-,-,-
404388,🙅 Desistiu,Z,juliano@bancodovale.org.br,-,2025-08-22 14:45:43,22/08/2025 14:45,-,-,-,-,-,-,-
300840,✅ Aprovado,0,Fernando,-,2025-08-20 16:05:36,20/08/2025 16:05,-,-,-,-,-,-,-
274505,✅ Aprovado,0,Fernando,-,2025-08-11 09:30:32,11/08/2025 09:30,-,-,-,-,-,-,-
269648,✅ Aprovado,0,Fernando,-,2025-08-15 10:59:52,15/08/2025 10:59,-,-,-,-,-,-,-
265656,✅ Aprovado,0,Fernando,-,2025-08-01 13:32:32,01/08/2025 13:32,-,-,-,-,-,-,-
178908,✅ Aprovado,0,Fernando,-,2025-08-29 16:53:20,29/08/2025 16:53,-,-,-,-,-,-,-
178705,✅ Aprovado,0,Fernando,-,2025-08-28 10:29:51,28/08/2025 10:29,-,-,-,-,-,-,-
176427,✅ Aprovado,0,Fernando,-,2025-08-13 16:48:19,13/08/2025 16:48,-,-,-,-,-,-,-
154104,✅ Aprovado,0,Fernando,-,2025-08-07 17:30:00,07/08/2025 17:30,-,-,-,-,-,-,-
131907,✅ Aprovado,0,Fernando,-,2025-08-12 18:09:40,12/08/2025 18:09,-,-,-,-,-,-,-
88585,✅ Aprovado,0,Fernando,-,2025-08-06 11:33:27,06/08/2025 11:33,-,-,-,-,-,-,-
85943,🙅 Desistiu,Z,ivan@bancodovale.org.br,-,2025-08-11 09:11:11,11/08/2025 09:11,-,-,-,-,-,-,-
78148,✅ Aprovado,0,Fernando,-,2025-08-29 16:54:01,29/08/2025 16:54,-,-,-,-,-,-,-
61739,✅ Aprovado,0,Fernando,-,2025-08-14 13:35:15,14/08/2025 13:35,-,-,-,-,-,-,-
58565,✅ Aprovado,0,Fernando,-,2025-08-01 13:04:30,01/08/2025 13:04,-,-,-,-,-,-,-
25678,✅ Aprovado,0,Fernando,-,2025-08-06 09:54:09,06/08/2025 09:54,-,-,-,-,-,-,-
23175,✅ Aprovado,0,Fernando,-,2025-08-21 10:27:17,21/08/2025 10:27,-,-,-,-,-,-,-
20048,✅ Aprovado,0,Fernando,-,2025-08-22 13:06:46,22/08/2025 13:06,-,-,-,-,-,-,-
14570,✅ Aprovado,0,Fernando,-,2025-08-01 13:29:14,01/08/2025 13:29,-,-,-,-,-,-,-
14033,✅ Aprovado,0,Fernando,-,2025-08-01 13:11:49,01/08/2025 13:11,-,-,-,-,-,-,-
12521,✅ Aprovado,0,Fernando,-,2025-08-28 11:08:33,28/08/2025 11:08,-,-,-,-,-,-,-
12274,✅ Aprovado,0,Fernando,-,2025-08-06 11:40:21,06/08/2025 11:40,-,-,-,-,-,-,-
11142,✅ Aprovado,0,Fernando,-,2025-08-28 15:33:38,28/08/2025 15:33,-,-,-,-,-,-,-
10084,🙅 Desistiu,Z,Fernando,-,2025-08-01 13:32:45,01/08/2025 13:32,-,-,-,-,-,-,-
9194,✅ Aprovado,0,Fernando,-,2025-08-12 09:03:32,12/08/2025 09:03,-,-,-,-,-,-,-
1919246,📍 Definir Unidade de Atendimento,1,-,-,2025-09-01 13:45:07,01/09/2025 13:45,01/09/2025 14:53,-,0.05 dias,-,-,-,-
1919246,🔍 Análise SPC (Serasa / SPC Brasil),2,comercialdigital@bancodovale.com.br,-,2025-09-01 14:53:50,01/09/2025 14:53,01/09/2025 15:14,-,0.01 dias,-,-,-,-
1919246,🕵️ Análise Agente de Crédito,4,comercialdigital@bancodovale.com.br,-,2025-09-01 15:14:33,01/09/2025 15:14,01/09/2025 16:57,-,0.07 dias,-,-,-,-
1921582,📍 Definir Unidade de Atendimento,1,-,-,2025-09-01 16:59:05,01/09/2025 16:59,01/09/2025 17:23,-,0.02 dias,-,-,-,-
1920755,📍 Definir Unidade de Atendimento,1,-,-,2025-09-01 15:48:34,01/09/2025 15:48,01/09/2025 16:11,-,0.02 dias,-,-,-,-
1920755,🔍 Análise SPC (Serasa / SPC Brasil),2,comercialdigital@bancodovale.com.br,-,2025-09-01 16:11:57,01/09/2025 16:11,01/09/2025 16:24,-,0.01 dias,-,-,-,-
1920755,🕵️ Análise Agente de Crédito,4,comercialdigital@bancodovale.com.br,-,2025-09-01 16:24:04,01/09/2025 16:24,01/09/2025 16:29,-,0.0 dias,-,-,-,-
1921625,📍 Definir Unidade de Atendimento,1,-,-,2025-09-01 17:31:48,01/09/2025 17:31,01/09/2025 17:32,-,0.0 dias,-,-,-,-
1921625,⚠️ Pendência – Agente de Crédito,5,jaragua@bancodovale.org.br,-,2025-09-01 17:32:24,01/09/2025 17:32,01/09/2025 17:33,-,0.0 dias,-,-,-,-
1921618,📍 Definir Unidade de Atendimento,1,-,-,2025-09-01 17:25:43,01/09/2025 17:25,01/09/2025 17:27,-,0.0 dias,-,-,-,-
1921573,📍 Definir Unidade de Atendimento,1,-,-,2025-09-01 16:53:10,01/09/2025 16:53,01/09/2025 17:20,-,0.02 dias,-,-,-,-
1921354,📍 Definir Unidade de Atendimento,1,-,-,2025-09-01 16:17:33,01/09/2025 16:17,01/09/2025 16:17,-,0.0 dias,-,-,-,-
1921274,📍 Definir Unidade de Atendimento,1,-,-,2025-09-01 16:11:46,01/09/2025 16:11,01/09/2025 16:12,-,0.0 dias,-,-,-,-
1921274,🕵️ Análise Agente de Crédito,4,Danielle,-,2025-09-01 16:12:08,01/09/2025 16:12,01/09/2025 16:16,-,0.0 dias,-,-,-,-
1921132,📍 Definir Unidade de Atendimento,1,-,-,2025-09-01 16:04:59,01/09/2025 16:04,01/09/2025 16:05,-,0.0 dias,-,-,-,-
1921014,📍 Definir Unidade de Atendimento,1,-,-,2025-09-01 16:00:19,01/09/2025 16:00,01/09/2025 16:00,-,0.0 dias,-,-,-,-
1920625,📍 Definir Unidade de Atendimento,1,-,-,2025-09-01 15:44:00,01/09/2025 15:44,01/09/2025 15:44,-,0.0 dias,-,-,-,-
1920162,📍 Definir Unidade de Atendimento,1,-,-,2025-09-01 15:11:07,01/09/2025 15:11,01/09/2025 15:12,-,0.0 dias,-,-,-,-
1919891,📍 Definir Unidade de Atendimento,1,-,-,2025-09-01 14:45:04,01/09/2025 14:45,01/09/2025 14:52,-,0.01 dias,-,-,-,-
1919891,🕵️ Análise Agente de Crédito,4,comercialdigital@bancodovale.com.br,-,2025-09-01 14:52:46,01/09/2025 14:52,01/09/2025 15:00,-,0.01 dias,-,-,-,-
1919891,👤 Análise Coordenação,6,natalia@bancodovale.org.br,-,2025-09-01 15:00:20,01/09/2025 15:00,01/09/2025 15:16,-,0.01 dias,-,-,-,-
1919891,🧾 Análise Mesa de Crédito,8,roberto@bancodovale.org.br,-,2025-09-01 15:16:19,01/09/2025 15:16,01/09/2025 16:45,-,0.06 dias,-,-,-,-
1919712,📍 Definir Unidade de Atendimento,1,-,-,2025-09-01 14:34:57,01/09/2025 14:34,01/09/2025 14:39,-,0.0 dias,-,-,-,-
1919446,📍 Definir Unidade de Atendimento,1,-,-,2025-09-01 14:12:15,01/09/2025 14:12,01/09/2025 14:39,-,0.02 dias,-,-,-,-
1919249,📍 Definir Unidade de Atendimento,1,-,-,2025-09-01 13:45:30,01/09/2025 13:45,01/09/2025 13:46,-,0.0 dias,-,-,-,-
1919222,📍 Definir Unidade de Atendimento,1,-,-,2025-09-01 13:42:43,01/09/2025 13:42,01/09/2025 13:43,-,0.0 dias,-,-,-,-
1918823,📍 Definir Unidade de Atendimento,1,-,-,2025-09-01 13:08:35,01/09/2025 13:08,01/09/2025 14:41,-,0.06 dias,-,-,-,-
1918695,📍 Definir Unidade de Atendimento,1,-,-,2025-09-01 11:54:08,01/09/2025 11:54,01/09/2025 12:13,-,0.01 dias,-,-,-,-
1918695,🔍 Análise SPC (Serasa / SPC Brasil),2,comercialdigital@bancodovale.com.br,-,2025-09-01 12:13:43,01/09/2025 12:13,01/09/2025 12:17,-,0.0 dias,-,-,-,-
1918676,📍 Definir Unidade de Atendimento,1,-,-,2025-09-01 11:43:38,01/09/2025 11:43,01/09/2025 11:44,-,0.0 dias,-,-,-,-
1918676,🔴 Pendência SPC,3,jaragua@bancodovale.org.br,-,2025-09-01 11:44:28,01/09/2025 11:44,01/09/2025 11:44,-,0.0 dias,-,-,-,-
1918661,📍 Definir Unidade de Atendimento,1,-,-,2025-09-01 11:38:53,01/09/2025 11:38,01/09/2025 11:39,-,0.0 dias,-,-,-,-
1918661,🔴 Pendência SPC,3,jaragua@bancodovale.org.br,-,2025-09-01 11:39:12,01/09/2025 11:39,01/09/2025 16:10,-,0.19 dias,-,-,-,-
1918561,📍 Definir Unidade de Atendimento,1,-,-,2025-09-01 10:57:30,01/09/2025 10:57,01/09/2025 10:57,-,0.0 dias,-,-,-,-
1918546,📍 Definir Unidade de Atendimento,1,-,-,2025-09-01 10:48:08,01/09/2025 10:48,01/09/2025 10:48,-,0.0 dias,-,-,-,-
1918546,🔴 Pendência SPC,3,jaragua@bancodovale.org.br,-,2025-09-01 10:48:31,01/09/2025 10:48,01/09/2025 10:53,-,0.0 dias,-,-,-,-
1918546,❌ Reprovado,X,jaragua@bancodovale.org.br,-,2025-09-01 10:53:36,01/09/2025 10:53,01/09/2025 10:53,-,0.0 dias,-,-,-,-
1918546,🕵️ Análise Agente de Crédito,4,jaragua@bancodovale.org.br,-,2025-09-01 10:53:46,01/09/2025 10:53,01/09/2025 10:53,-,0.0 dias,-,-,-,-
1918544,📍 Definir Unidade de Atendimento,1,-,-,2025-09-01 10:47:40,01/09/2025 10:47,01/09/2025 10:48,-,0.0 dias,-,-,-,-
1918537,📍 Definir Unidade de Atendimento,1,-,-,2025-09-01 10:43:33,01/09/2025 10:43,01/09/2025 10:56,-,0.01 dias,-,-,-,-
1918537,🔍 Análise SPC (Serasa / SPC Brasil),2,comercialdigital@bancodovale.com.br,-,2025-09-01 10:56:02,01/09/2025 10:56,01/09/2025 11:06,-,0.01 dias,-,-,-,-
1918496,📍 Definir Unidade de Atendimento,1,-,-,2025-09-01 10:28:02,01/09/2025 10:28,01/09/2025 11:04,-,0.03 dias,-,-,-,-
1918496,🔍 Análise SPC (Serasa / SPC Brasil),2,comercialdigital@bancodovale.com.br,-,2025-09-01 11:04:16,01/09/2025 11:04,01/09/2025 14:59,-,0.16 dias,-,-,-,-
1918168,📍 Definir Unidade de Atendimento,1,-,-,2025-09-01 10:08:24,01/09/2025 10:08,01/09/2025 10:10,-,0.0 dias,-,-,-,-
1918168,🕵️ Análise Agente de Crédito,4,emilia@bancodovale.org.br,-,2025-09-01 10:10:38,01/09/2025 10:10,01/09/2025 11:48,-,0.07 dias,-,-,-,-
1918148,📍 Definir Unidade de Atendimento,1,-,-,2025-09-01 10:04:53,01/09/2025 10:04,01/09/2025 10:05,-,0.0 dias,-,-,-,-
1918137,📍 Definir Unidade de Atendimento,1,-,-,2025-09-01 09:59:38,01/09/2025 09:59,01/09/2025 10:00,-,0.0 dias,-,-,-,-
1918125,📍 Definir Unidade de Atendimento,1,-,-,2025-09-01 09:56:26,01/09/2025 09:56,01/09/2025 10:00,-,0.0 dias,-,-,-,-
1918125,🕵️ Análise Agente de Crédito,4,jaragua@bancodovale.org.br,-,2025-09-01 10:00:09,01/09/2025 10:00,01/09/2025 15:08,-,0.21 dias,-,-,-,-
1918125,🧾 Análise Mesa de Crédito,8,camila@bancodovale.org.br,-,2025-09-01 15:08:12,01/09/2025 15:08,01/09/2025 17:08,-,0.08 dias,-,-,-,-
1916847,📍 Definir Unidade de Atendimento,1,-,-,2025-09-01 06:04:53,01/09/2025 06:04,01/09/2025 08:57,-,0.12 dias,-,-,-,-
1916824,📍 Definir Unidade de Atendimento,1,-,-,2025-08-31 20:00:23,31/08/2025 20:00,01/09/2025 09:06,-,0.55 dias,-,-,-,-
1916824,🔍 Análise SPC (Serasa / SPC Brasil),2,comercialdigital@bancodovale.com.br,-,2025-09-01 09:06:27,01/09/2025 09:06,01/09/2025 09:11,-,0.0 dias,-,-,-,-
1916820,📍 Definir Unidade de Atendimento,1,-,-,2025-08-31 19:00:09,31/08/2025 19:00,01/09/2025 09:01,-,0.58 dias,-,-,-,-
1916820,🔍 Análise SPC (Serasa / SPC Brasil),2,comercialdigital@bancodovale.com.br,-,2025-09-01 09:01:58,01/09/2025 09:01,01/09/2025 10:07,-,0.05 dias,-,-,-,-
1916820,🕵️ Análise Agente de Crédito,4,comercialdigital@bancodovale.com.br,-,2025-09-01 10:07:01,01/09/2025 10:07,01/09/2025 12:01,-,0.08 dias,-,-,-,-
1916820,⚠️ Pendente Cliente,W,natalia@bancodovale.org.br,-,2025-09-01 12:01:56,01/09/2025 12:01,01/09/2025 12:23,-,0.01 dias,-,-,-,-
1916790,📍 Definir Unidade de Atendimento,1,-,-,2025-08-31 16:37:09,31/08/2025 16:37,01/09/2025 08:58,-,0.68 dias,-,-,-,-
1915852,🕵️ Análise Agente de Crédito,4,Danielle,-,2025-08-29 16:35:11,29/08/2025 16:35,01/09/2025 08:43,-,2.67 dias,-,-,-,-
1915852,👤 Análise Coordenação,6,elenita@bancovale.org.br,-,2025-09-01 08:43:17,01/09/2025 08:43,01/09/2025 09:37,-,0.04 dias,-,-,-,-
1915852,🧾 Análise Mesa de Crédito,8,roberto@bancodovale.org.br,-,2025-09-01 09:37:05,01/09/2025 09:37,01/09/2025 11:29,-,0.08 dias,-,-,-,-
1914649,👤 Análise Coordenação,6,elenita@bancovale.org.br,-,2025-08-29 15:13:21,29/08/2025 15:13,01/09/2025 09:34,-,2.76 dias,-,-,-,-
1914649,🧾 Análise Mesa de Crédito,8,roberto@bancodovale.org.br,-,2025-09-01 09:34:13,01/09/2025 09:34,01/09/2025 11:29,-,0.08 dias,-,-,-,-
1914529,🔍 Análise SPC (Serasa / SPC Brasil),2,comercialdigital@bancodovale.com.br,-,2025-08-29 14:36:10,29/08/2025 14:36,01/09/2025 09:52,-,2.8 dias,-,-,-,-
1914529,🕵️ Análise Agente de Crédito,4,KATLIN,-,2025-09-01 09:52:02,01/09/2025 09:52,01/09/2025 10:54,-,0.04 dias,-,-,-,-
1914097,🔍 Análise SPC (Serasa / SPC Brasil),2,comercialdigital@bancodovale.com.br,-,2025-08-29 09:54:12,29/08/2025 09:54,01/09/2025 09:50,-,3.0 dias,-,-,-,-
1914097,🕵️ Análise Agente de Crédito,4,KATLIN,-,2025-09-01 09:50:45,01/09/2025 09:50,01/09/2025 10:54,-,0.04 dias,-,-,-,-
1913915,⚠️ Pendente Cliente,W,caciane@bancodovale.org.br,-,2025-08-29 16:22:28,29/08/2025 16:22,01/09/2025 09:53,-,2.73 dias,-,-,-,-
1913915,🧾 Análise Mesa de Crédito,8,caciane@bancodovale.org.br,-,2025-09-01 09:53:29,01/09/2025 09:53,01/09/2025 14:12,-,0.18 dias,-,-,-,-
1912777,🕵️ Análise Agente de Crédito,4,ivan@bancodovale.org.br,-,2025-08-29 09:50:25,29/08/2025 09:50,01/09/2025 09:05,-,2.97 dias,-,-,-,-
1910967,🧾 Análise Mesa de Crédito,8,jessica@bancodovale.org.br,-,2025-08-29 10:46:08,29/08/2025 10:46,01/09/2025 09:45,-,2.96 dias,-,-,-,-
1909805,🕵️ Análise Agente de Crédito,4,emilia@bancodovale.org.br,-,2025-08-26 14:06:28,26/08/2025 14:06,01/09/2025 08:59,-,5.79 dias,-,-,-,-
1909388,🧾 Análise Mesa de Crédito,8,jessica@bancodovale.org.br,-,2025-08-28 14:53:46,28/08/2025 14:53,01/09/2025 09:45,-,3.79 dias,-,-,-,-
1906839,🕵️ Análise Agente de Crédito,4,ivan@bancodovale.org.br,-,2025-08-25 09:48:34,25/08/2025 09:48,01/09/2025 09:06,-,6.97 dias,-,-,-,-
1903725,🧾 Análise Mesa de Crédito,8,jessica@bancodovale.org.br,-,2025-08-22 16:58:14,22/08/2025 16:58,01/09/2025 09:32,-,9.69 dias,-,-,-,-
1898256,🙅 Desistiu,Z,jessica@bancodovale.org.br,-,2025-08-27 10:39:39,27/08/2025 10:39,01/09/2025 16:53,-,5.26 dias,-,-,-,-
1883988,🧾 Análise Mesa de Crédito,8,gilmara@bancodovale.org.br,-,2025-08-18 13:42:38,18/08/2025 13:42,01/09/2025 09:29,-,13.82 dias,-,-,-,-
1883432,🧾 Análise Mesa de Crédito,8,jaragua@bancodovale.org.br,-,2025-08-27 20:15:07,27/08/2025 20:15,01/09/2025 09:32,-,4.55 dias,-,-,-,-
1879790,🧾 Análise Mesa de Crédito,8,Bruno,-,2025-08-12 08:47:28,12/08/2025 08:47,01/09/2025 09:53,-,20.05 dias,-,-,-,-
1875204,🧾 Análise Mesa de Crédito,8,jessica@bancodovale.org.br,-,2025-08-11 17:04:54,11/08/2025 17:04,01/09/2025 09:32,-,20.69 dias,-,-,-,-
1874588,🧾 Análise Mesa de Crédito,8,ivan@bancodovale.org.br,-,2025-08-13 10:48:35,13/08/2025 10:48,01/09/2025 09:46,-,18.96 dias,-,-,-,-
1868619,🧾 Análise Mesa de Crédito,8,jessica@bancodovale.org.br,-,2025-08-08 15:55:15,08/08/2025 15:55,01/09/2025 09:45,-,23.74 dias,-,-,-,-
1861303,🧾 Análise Mesa de Crédito,8,jessica@bancodovale.org.br,-,2025-08-27 10:50:07,27/08/2025 10:50,01/09/2025 09:32,-,4.95 dias,-,-,-,-
1212343,🧾 Análise Mesa de Crédito,8,bancodovaletimbo@bancodovale.org.br,-,2025-08-07 16:10:11,07/08/2025 16:10,01/09/2025 09:48,-,24.73 dias,-,-,-,-
1063147,📍 Definir Unidade de Atendimento,1,-,-,2024-05-17 13:34:52,17/05/2024 13:34,17/05/2024 13:36,-,0.0 dias,-,-,-,-
1063147,🕵️ Análise Agente de Crédito,4,Priscila,-,2024-05-17 13:36:12,17/05/2024 13:36,17/05/2024 16:46,-,0.13 dias,-,-,-,-
1063147,🧾 Análise Mesa de Crédito,8,juliano@bancodovale.org.br,-,2024-05-17 16:46:59,17/05/2024 16:46,17/05/2024 17:12,-,0.02 dias,-,-,-,-
1063147,✅ Aprovado,0,Fernando,-,2024-05-17 17:12:16,17/05/2024 17:12,10/09/2024 13:23,-,115.84 dias,-,-,-,-
1063147,🕵️ Análise Agente de Crédito,4,Priscila,-,2024-09-10 13:23:06,10/09/2024 13:23,10/09/2024 16:48,-,0.14 dias,-,-,-,-
1063147,🧾 Análise Mesa de Crédito,8,juliano@bancodovale.org.br,-,2024-09-10 16:48:47,10/09/2024 16:48,16/09/2024 09:55,-,5.71 dias,-,-,-,-
1063147,✅ Aprovado,0,Fernando,-,2024-09-16 09:55:45,16/09/2024 09:55,01/09/2025 10:12,-,350.01 dias,-,-,-,-
972727,🧾 Análise Mesa de Crédito,8,juliano@bancodovale.org.br,-,2025-08-19 13:46:53,19/08/2025 13:46,01/09/2025 09:47,-,12.83 dias,-,-,-,-
925298,🧾 Análise Mesa de Crédito,8,caciane@bancodovale.org.br,-,2025-08-01 13:48:29,01/08/2025 13:48,01/09/2025 09:48,-,30.83 dias,-,-,-,-
268823,📍 Definir Unidade de Atendimento,1,-,-,2022-05-05 09:27:38,05/05/2022 09:27,05/05/2022 09:28,-,0.0 dias,-,-,-,-
268823,🔴 Pendência SPC,3,indaial@bancodovale.org.br,-,2022-05-05 09:28:02,05/05/2022 09:28,05/05/2022 09:28,-,0.0 dias,-,-,-,-
268823,🕵️ Análise Agente de Crédito,4,indaial@bancodovale.org.br,-,2022-05-05 09:28:34,05/05/2022 09:28,05/05/2022 13:14,-,0.16 dias,-,-,-,-
268823,⚠️ Pendente Cliente,W,adriana@bancodovale.org.br,-,2022-05-05 13:14:37,05/05/2022 13:14,10/05/2022 15:23,-,5.09 dias,-,-,-,-
268823,👤 Análise Coordenação,6,adriana@bancodovale.org.br,-,2022-05-10 15:23:27,10/05/2022 15:23,10/05/2022 15:25,-,0.0 dias,-,-,-,-
268823,🧾 Análise Mesa de Crédito,8,angela@bancodovale.org.br,-,2022-05-10 15:25:10,10/05/2022 15:25,12/05/2022 16:19,-,2.04 dias,-,-,-,-
268823,✅ Aprovado,0,roberto@bancodovale.org.br,-,2022-05-12 16:19:59,12/05/2022 16:19,11/07/2025 10:38,-,1155.76 dias,-,-,-,-
268823,🧾 Análise Mesa de Crédito,8,adriana@bancodovale.org.br,-,2025-07-11 10:38:42,11/07/2025 10:38,01/09/2025 09:52,-,51.97 dias,-,-,-,-
6547,🧾 Análise Mesa de Crédito,8,camila@bancodovale.org.br,-,2025-08-15 15:16:11,15/08/2025 15:16,01/09/2025 09:49,-,16.77 dias,-,-,-,-
1923221,📍 Definir Unidade de Atendimento,1,-,-,2025-09-02 17:27:34,02/09/2025 17:27,02/09/2025 17:27,-,0.0 dias,-,-,-,-
1923175,📍 Definir Unidade de Atendimento,1,-,-,2025-09-02 17:01:16,02/09/2025 17:01,02/09/2025 17:01,-,0.0 dias,-,-,-,-
1923175,🕵️ Análise Agente de Crédito,4,jaragua@bancodovale.org.br,-,2025-09-02 17:01:55,02/09/2025 17:01,02/09/2025 17:05,-,0.0 dias,-,-,-,-
1923130,📍 Definir Unidade de Atendimento,1,-,-,2025-09-02 16:48:00,02/09/2025 16:48,02/09/2025 16:48,-,0.0 dias,-,-,-,-
1923130,🔴 Pendência SPC,3,jaragua@bancodovale.org.br,-,2025-09-02 16:48:31,02/09/2025 16:48,02/09/2025 16:49,-,0.0 dias,-,-,-,-
1922778,📍 Definir Unidade de Atendimento,1,-,-,2025-09-02 14:45:34,02/09/2025 14:45,02/09/2025 14:47,-,0.0 dias,-,-,-,-
1922293,📍 Definir Unidade de Atendimento,1,-,-,2025-09-02 11:58:46,02/09/2025 11:58,02/09/2025 11:59,-,0.0 dias,-,-,-,-
1922293,🔴 Pendência SPC,3,jaragua@bancodovale.org.br,-,2025-09-02 11:59:44,02/09/2025 11:59,02/09/2025 12:00,-,0.0 dias,-,-,-,-
1922187,📍 Definir Unidade de Atendimento,1,-,-,2025-09-02 11:07:18,02/09/2025 11:07,02/09/2025 11:08,-,0.0 dias,-,-,-,-
1922187,🕵️ Análise Agente de Crédito,4,jaragua@bancodovale.org.br,-,2025-09-02 11:08:16,02/09/2025 11:08,02/09/2025 11:22,-,0.01 dias,-,-,-,-
1921964,📍 Definir Unidade de Atendimento,1,-,-,2025-09-02 10:17:41,02/09/2025 10:17,02/09/2025 10:18,-,0.0 dias,-,-,-,-
1921964,🔴 Pendência SPC,3,jaragua@bancodovale.org.br,-,2025-09-02 10:18:18,02/09/2025 10:18,02/09/2025 10:24,-,0.0 dias,-,-,-,-
1921934,📍 Definir Unidade de Atendimento,1,-,-,2025-09-02 09:58:01,02/09/2025 09:58,02/09/2025 09:58,-,0.0 dias,-,-,-,-
1921924,📍 Definir Unidade de Atendimento,1,-,-,2025-09-02 09:53:24,02/09/2025 09:53,02/09/2025 09:54,-,0.0 dias,-,-,-,-
1921924,🕵️ Análise Agente de Crédito,4,KATLIN,-,2025-09-02 09:54:21,02/09/2025 09:54,02/09/2025 09:57,-,0.0 dias,-,-,-,-
1921895,📍 Definir Unidade de Atendimento,1,-,-,2025-09-02 09:35:58,02/09/2025 09:35,02/09/2025 09:42,-,0.0 dias,-,-,-,-
1921895,🕵️ Análise Agente de Crédito,4,jaragua@bancodovale.org.br,-,2025-09-02 09:42:57,02/09/2025 09:42,02/09/2025 10:12,-,0.02 dias,-,-,-,-
1921830,📍 Definir Unidade de Atendimento,1,-,-,2025-09-02 08:40:51,02/09/2025 08:40,02/09/2025 08:45,-,0.0 dias,-,-,-,-
1921830,🔍 Análise SPC (Serasa / SPC Brasil),2,angela@bancodovale.org.br,-,2025-09-02 08:45:57,02/09/2025 08:45,02/09/2025 09:01,-,0.01 dias,-,-,-,-
1921830,🕵️ Análise Agente de Crédito,4,Bruno,-,2025-09-02 09:01:26,02/09/2025 09:01,02/09/2025 16:56,-,0.33 dias,-,-,-,-
1920625,🕵️ Análise Agente de Crédito,4,jaragua@bancodovale.org.br,-,2025-09-01 15:44:52,01/09/2025 15:44,02/09/2025 09:36,-,0.74 dias,-,-,-,-
1920162,🔴 Pendência SPC,3,jaragua@bancodovale.org.br,-,2025-09-01 15:12:51,01/09/2025 15:12,02/09/2025 15:39,-,1.02 dias,-,-,-,-
1919446,🔴 Pendência SPC,3,jaragua@bancodovale.org.br,-,2025-09-01 14:39:51,01/09/2025 14:39,02/09/2025 15:41,-,1.04 dias,-,-,-,-
1918661,⚠️ Pendente Cliente,W,jessica@bancodovale.org.br,-,2025-09-01 16:10:10,01/09/2025 16:10,02/09/2025 09:17,-,0.71 dias,-,-,-,-
1918137,🕵️ Análise Agente de Crédito,4,rio@bancodovale.org.br,-,2025-09-01 10:00:12,01/09/2025 10:00,02/09/2025 13:43,-,1.15 dias,-,-,-,-
1912186,🕵️ Análise Agente de Crédito,4,rio@bancodovale.org.br,-,2025-08-27 14:26:47,27/08/2025 14:26,02/09/2025 13:17,-,5.95 dias,-,-,-,-
1911994,🕵️ Análise Agente de Crédito,4,Bruno,-,2025-08-28 09:07:40,28/08/2025 09:07,02/09/2025 16:52,-,5.32 dias,-,-,-,-
1898256,🕵️ Análise Agente de Crédito,4,jaragua@bancodovale.org.br,-,2025-09-01 16:53:25,01/09/2025 16:53,02/09/2025 09:05,-,0.68 dias,-,-,-,-
1886572,⚠️ Pendente Cliente,W,eder@bancodovale.org.br,-,2025-08-26 14:51:31,26/08/2025 14:51,02/09/2025 17:19,-,7.1 dias,-,-,-,-
1577273,📍 Definir Unidade de Atendimento,1,-,-,2025-03-21 09:56:58,21/03/2025 09:56,21/03/2025 10:08,-,0.01 dias,-,-,-,-
1577273,🕵️ Análise Agente de Crédito,4,rio@bancodovale.org.br,-,2025-03-21 10:08:39,21/03/2025 10:08,24/03/2025 13:34,-,3.14 dias,-,-,-,-
1577273,🧾 Análise Mesa de Crédito,8,regina@bancodovale.org.br,-,2025-03-24 13:34:33,24/03/2025 13:34,01/04/2025 10:57,-,7.89 dias,-,-,-,-
1577273,✅ Aprovado,0,Fernando,-,2025-04-01 10:57:49,01/04/2025 10:57,02/09/2025 13:09,-,154.09 dias,-,-,-,-
779982,📍 Definir Unidade de Atendimento,1,-,-,2023-08-18 09:51:07,18/08/2023 09:51,18/08/2023 10:02,-,0.01 dias,-,-,-,-
779982,🕵️ Análise Agente de Crédito,4,riodosul@bancodovale.org.br,-,2023-08-18 10:02:06,18/08/2023 10:02,18/08/2023 15:36,-,0.23 dias,-,-,-,-
779982,🧾 Análise Mesa de Crédito,8,juliano@bancodovale.org.br,-,2023-08-18 15:36:57,18/08/2023 15:36,01/09/2023 11:45,-,13.84 dias,-,-,-,-
779982,✅ Aprovado,0,fernandosandri@bancodovale.org.br,-,2023-09-01 11:45:56,01/09/2023 11:45,27/06/2024 11:52,-,300.0 dias,-,-,-,-
779982,🕵️ Análise Agente de Crédito,4,Priscila,-,2024-06-27 11:52:21,27/06/2024 11:52,27/06/2024 12:45,-,0.04 dias,-,-,-,-
779982,🧾 Análise Mesa de Crédito,8,diogo@bancodovale.org.br,-,2024-06-27 12:45:09,27/06/2024 12:45,27/06/2024 16:06,-,0.14 dias,-,-,-,-
779982,✅ Aprovado,0,Fernando,-,2024-06-27 16:06:08,27/06/2024 16:06,05/03/2025 09:50,-,250.74 dias,-,-,-,-
779982,🕵️ Análise Agente de Crédito,4,rio@bancodovale.org.br,-,2025-03-05 09:50:09,05/03/2025 09:50,05/03/2025 16:11,-,0.26 dias,-,-,-,-
779982,🧾 Análise Mesa de Crédito,8,diogo@bancodovale.org.br,-,2025-03-05 16:11:28,05/03/2025 16:11,06/03/2025 16:05,-,1.0 dias,-,-,-,-
779982,✅ Aprovado,0,Fernando,-,2025-03-06 16:05:27,06/03/2025 16:05,02/09/2025 15:03,-,179.96 dias,-,-,-,-
436639,📍 Definir Unidade de Atendimento,1,-,-,2022-09-28 13:52:15,28/09/2022 13:52,28/09/2022 13:52,-,0.0 dias,-,-,-,-
436639,🕵️ Análise Agente de Crédito,4,riodosul@bancodovale.org.br,-,2022-09-28 13:52:48,28/09/2022 13:52,28/09/2022 15:35,-,0.07 dias,-,-,-,-
436639,🧾 Análise Mesa de Crédito,8,riodosul@bancodovale.org.br,-,2022-09-28 15:35:23,28/09/2022 15:35,29/09/2022 11:44,-,0.84 dias,-,-,-,-
436639,✅ Aprovado,0,fernandosandri@bancodovale.org.br,-,2022-09-29 11:44:36,29/09/2022 11:44,17/10/2023 13:39,-,383.08 dias,-,-,-,-
436639,🕵️ Análise Agente de Crédito,4,riodosul@bancodovale.org.br,-,2023-10-17 13:39:14,17/10/2023 13:39,24/10/2023 11:46,-,6.92 dias,-,-,-,-
436639,✅ Aprovado,0,juliano@bancodovale.org.br,-,2023-10-24 11:46:00,24/10/2023 11:46,20/12/2024 15:07,-,423.14 dias,-,-,-,-
436639,🕵️ Análise Agente de Crédito,4,rio@bancodovale.org.br,-,2024-12-20 15:07:25,20/12/2024 15:07,20/12/2024 16:02,-,0.04 dias,-,-,-,-
436639,🧾 Análise Mesa de Crédito,8,diogo@bancodovale.org.br,-,2024-12-20 16:02:42,20/12/2024 16:02,23/12/2024 10:19,-,2.76 dias,-,-,-,-
436639,✅ Aprovado,0,Fernando,-,2024-12-23 10:19:04,23/12/2024 10:19,02/09/2025 14:41,-,253.18 dias,-,-,-,-
37523,📍 Definir Unidade de Atendimento,1,-,-,2021-03-08 15:12:01,08/03/2021 15:12,08/03/2021 15:12,-,0.0 dias,-,-,-,-
37523,🕵️ Análise Agente de Crédito,4,indaial@bancodovale.org.br,-,2021-03-08 15:12:31,08/03/2021 15:12,09/03/2021 08:51,-,0.74 dias,-,-,-,-
37523,🙅 Desistiu,Z,sandra@bancodovale.org.br,-,2021-03-09 08:51:34,09/03/2021 08:51,02/08/2021 15:04,-,146.26 dias,-,-,-,-
37523,🕵️ Análise Agente de Crédito,4,indaial@bancodovale.org.br,-,2021-08-02 15:04:55,02/08/2021 15:04,03/08/2021 13:44,-,0.94 dias,-,-,-,-
37523,🙅 Desistiu,Z,sandra@bancodovale.org.br,-,2021-08-03 13:44:53,03/08/2021 13:44,02/09/2025 08:36,-,1490.79 dias,-,-,-,-
37523,📍 Definir Unidade de Atendimento,1,KATLIN,-,2025-09-02 08:36:25,02/09/2025 08:36,02/09/2025 08:37,-,0.0 dias,-,-,-,-
37523,🕵️ Análise Agente de Crédito,4,KATLIN,-,2025-09-02 08:37:15,02/09/2025 08:37,02/09/2025 08:37,-,0.0 dias,-,-,-,-
1924546,📍 Definir Unidade de Atendimento,1,-,-,2025-09-03 12:51:34,03/09/2025 12:51,03/09/2025 13:47,-,0.04 dias,-,-,-,-
1924546,🔍 Análise SPC (Serasa / SPC Brasil),2,comercialdigital@bancodovale.com.br,-,2025-09-03 13:47:48,03/09/2025 13:47,03/09/2025 14:16,-,0.02 dias,-,-,-,-
1925769,📍 Definir Unidade de Atendimento,1,-,-,2025-09-03 16:05:45,03/09/2025 16:05,03/09/2025 16:26,-,0.01 dias,-,-,-,-
1925769,🔍 Análise SPC (Serasa / SPC Brasil),2,comercialdigital@bancodovale.com.br,-,2025-09-03 16:26:58,03/09/2025 16:26,03/09/2025 16:51,-,0.02 dias,-,-,-,-
1924516,📍 Definir Unidade de Atendimento,1,-,-,2025-09-03 12:28:44,03/09/2025 12:28,03/09/2025 13:47,-,0.05 dias,-,-,-,-
1924516,🔍 Análise SPC (Serasa / SPC Brasil),2,comercialdigital@bancodovale.com.br,-,2025-09-03 13:47:02,03/09/2025 13:47,03/09/2025 14:22,-,0.02 dias,-,-,-,-
1923408,📍 Definir Unidade de Atendimento,1,-,-,2025-09-03 03:40:30,03/09/2025 03:40,03/09/2025 09:22,-,0.24 dias,-,-,-,-
1923408,🔍 Análise SPC (Serasa / SPC Brasil),2,comercialdigital@bancodovale.com.br,-,2025-09-03 09:22:17,03/09/2025 09:22,03/09/2025 12:11,-,0.12 dias,-,-,-,-
1923091,📍 Definir Unidade de Atendimento,1,-,-,2025-09-02 16:29:44,02/09/2025 16:29,03/09/2025 09:16,-,0.7 dias,-,-,-,-
1923091,🔍 Análise SPC (Serasa / SPC Brasil),2,comercialdigital@bancodovale.com.br,-,2025-09-03 09:16:46,03/09/2025 09:16,03/09/2025 12:10,-,0.12 dias,-,-,-,-
1925921,📍 Definir Unidade de Atendimento,1,-,-,2025-09-03 17:28:55,03/09/2025 17:28,03/09/2025 17:31,-,0.0 dias,-,-,-,-
1925866,📍 Definir Unidade de Atendimento,1,-,-,2025-09-03 16:57:02,03/09/2025 16:57,03/09/2025 17:01,-,0.0 dias,-,-,-,-
1925811,📍 Definir Unidade de Atendimento,1,-,-,2025-09-03 16:27:05,03/09/2025 16:27,03/09/2025 16:28,-,0.0 dias,-,-,-,-
1925811,🕵️ Análise Agente de Crédito,4,Danielle,-,2025-09-03 16:28:23,03/09/2025 16:28,03/09/2025 16:33,-,0.0 dias,-,-,-,-
1925811,👤 Análise Coordenação,6,dennis@bancodovale.org.br,-,2025-09-03 16:33:42,03/09/2025 16:33,03/09/2025 16:43,-,0.01 dias,-,-,-,-
1925771,📍 Definir Unidade de Atendimento,1,-,-,2025-09-03 16:06:12,03/09/2025 16:06,03/09/2025 16:27,-,0.02 dias,-,-,-,-
1925720,📍 Definir Unidade de Atendimento,1,-,-,2025-09-03 15:46:46,03/09/2025 15:46,03/09/2025 15:47,-,0.0 dias,-,-,-,-
1925670,📍 Definir Unidade de Atendimento,1,-,-,2025-09-03 15:17:36,03/09/2025 15:17,03/09/2025 15:22,-,0.0 dias,-,-,-,-
1925670,🔴 Pendência SPC,3,jaragua@bancodovale.org.br,-,2025-09-03 15:22:03,03/09/2025 15:22,03/09/2025 16:15,-,0.04 dias,-,-,-,-
1925665,📍 Definir Unidade de Atendimento,1,-,-,2025-09-03 15:15:50,03/09/2025 15:15,03/09/2025 15:16,-,0.0 dias,-,-,-,-
1925656,📍 Definir Unidade de Atendimento,1,-,-,2025-09-03 15:11:58,03/09/2025 15:11,03/09/2025 15:28,-,0.01 dias,-,-,-,-
1925435,📍 Definir Unidade de Atendimento,1,-,-,2025-09-03 14:38:15,03/09/2025 14:38,03/09/2025 14:38,-,0.0 dias,-,-,-,-
1925282,📍 Definir Unidade de Atendimento,1,-,-,2025-09-03 14:09:58,03/09/2025 14:09,03/09/2025 14:10,-,0.0 dias,-,-,-,-
1924921,📍 Definir Unidade de Atendimento,1,-,-,2025-09-03 13:45:51,03/09/2025 13:45,03/09/2025 13:46,-,0.0 dias,-,-,-,-
1924921,🕵️ Análise Agente de Crédito,4,comercialdigital@bancodovale.com.br,-,2025-09-03 13:46:14,03/09/2025 13:46,03/09/2025 14:31,-,0.03 dias,-,-,-,-
1924792,📍 Definir Unidade de Atendimento,1,-,-,2025-09-03 13:34:20,03/09/2025 13:34,03/09/2025 13:34,-,0.0 dias,-,-,-,-
1924792,🕵️ Análise Agente de Crédito,4,jaragua@bancodovale.org.br,-,2025-09-03 13:34:50,03/09/2025 13:34,03/09/2025 16:15,-,0.11 dias,-,-,-,-
1924572,📍 Definir Unidade de Atendimento,1,-,-,2025-09-03 13:05:55,03/09/2025 13:05,03/09/2025 13:27,-,0.01 dias,-,-,-,-
1924570,📍 Definir Unidade de Atendimento,1,-,-,2025-09-03 13:05:01,03/09/2025 13:05,03/09/2025 13:49,-,0.03 dias,-,-,-,-
1924570,🔍 Análise SPC (Serasa / SPC Brasil),2,comercialdigital@bancodovale.com.br,-,2025-09-03 13:49:46,03/09/2025 13:49,03/09/2025 14:31,-,0.03 dias,-,-,-,-
1924513,📍 Definir Unidade de Atendimento,1,-,-,2025-09-03 12:24:15,03/09/2025 12:24,03/09/2025 12:24,-,0.0 dias,-,-,-,-
1924453,📍 Definir Unidade de Atendimento,1,-,-,2025-09-03 11:53:27,03/09/2025 11:53,03/09/2025 11:59,-,0.0 dias,-,-,-,-
1924391,📍 Definir Unidade de Atendimento,1,-,-,2025-09-03 11:23:13,03/09/2025 11:23,03/09/2025 11:24,-,0.0 dias,-,-,-,-
1924391,👤 Análise Coordenação,6,elenita@bancovale.org.br,-,2025-09-03 11:24:28,03/09/2025 11:24,03/09/2025 11:32,-,0.01 dias,-,-,-,-
1924335,📍 Definir Unidade de Atendimento,1,-,-,2025-09-03 10:59:10,03/09/2025 10:59,03/09/2025 10:59,-,0.0 dias,-,-,-,-
1924335,🕵️ Análise Agente de Crédito,4,rio@bancodovale.org.br,-,2025-09-03 10:59:37,03/09/2025 10:59,03/09/2025 11:44,-,0.03 dias,-,-,-,-
1924080,📍 Definir Unidade de Atendimento,1,-,-,2025-09-03 10:33:27,03/09/2025 10:33,03/09/2025 10:35,-,0.0 dias,-,-,-,-
1924080,🔴 Pendência SPC,3,jaragua@bancodovale.org.br,-,2025-09-03 10:35:11,03/09/2025 10:35,03/09/2025 16:15,-,0.24 dias,-,-,-,-
1923655,📍 Definir Unidade de Atendimento,1,-,-,2025-09-03 09:59:34,03/09/2025 09:59,03/09/2025 09:59,-,0.0 dias,-,-,-,-
1923654,📍 Definir Unidade de Atendimento,1,-,-,2025-09-03 09:59:16,03/09/2025 09:59,03/09/2025 09:59,-,0.0 dias,-,-,-,-
1923654,🕵️ Análise Agente de Crédito,4,rio@bancodovale.org.br,-,2025-09-03 09:59:36,03/09/2025 09:59,03/09/2025 13:51,-,0.16 dias,-,-,-,-
1923643,📍 Definir Unidade de Atendimento,1,-,-,2025-09-03 09:54:52,03/09/2025 09:54,03/09/2025 10:01,-,0.0 dias,-,-,-,-
1923643,🕵️ Análise Agente de Crédito,4,jaragua@bancodovale.org.br,-,2025-09-03 10:01:56,03/09/2025 10:01,03/09/2025 13:11,-,0.13 dias,-,-,-,-
1923523,📍 Definir Unidade de Atendimento,1,-,-,2025-09-03 09:39:54,03/09/2025 09:39,03/09/2025 09:40,-,0.0 dias,-,-,-,-
1923523,🔍 Análise SPC (Serasa / SPC Brasil),2,comercialdigital@bancodovale.com.br,-,2025-09-03 09:40:52,03/09/2025 09:40,03/09/2025 10:39,-,0.04 dias,-,-,-,-
1923523,🕵️ Análise Agente de Crédito,4,emilia@bancodovale.org.br,-,2025-09-03 10:39:12,03/09/2025 10:39,03/09/2025 14:55,-,0.18 dias,-,-,-,-
1923480,📍 Definir Unidade de Atendimento,1,-,-,2025-09-03 09:07:06,03/09/2025 09:07,03/09/2025 09:21,-,0.01 dias,-,-,-,-
1923480,🔍 Análise SPC (Serasa / SPC Brasil),2,comercialdigital@bancodovale.com.br,-,2025-09-03 09:21:52,03/09/2025 09:21,03/09/2025 14:09,-,0.2 dias,-,-,-,-
1923480,🕵️ Análise Agente de Crédito,4,comercialdigital@bancodovale.com.br,-,2025-09-03 14:09:24,03/09/2025 14:09,03/09/2025 17:09,-,0.12 dias,-,-,-,-
1923406,📍 Definir Unidade de Atendimento,1,-,-,2025-09-03 02:40:53,03/09/2025 02:40,03/09/2025 09:17,-,0.28 dias,-,-,-,-
1923406,🔍 Análise SPC (Serasa / SPC Brasil),2,comercialdigital@bancodovale.com.br,-,2025-09-03 09:17:40,03/09/2025 09:17,03/09/2025 09:38,-,0.01 dias,-,-,-,-
1923386,📍 Definir Unidade de Atendimento,1,-,-,2025-09-02 22:26:45,02/09/2025 22:26,03/09/2025 09:17,-,0.45 dias,-,-,-,-
1923226,📍 Definir Unidade de Atendimento,1,-,-,2025-09-02 17:28:47,02/09/2025 17:28,03/09/2025 09:46,-,0.68 dias,-,-,-,-
1923226,🕵️ Análise Agente de Crédito,4,jaragua@bancodovale.org.br,-,2025-09-03 09:46:20,03/09/2025 09:46,03/09/2025 16:15,-,0.27 dias,-,-,-,-
1922866,📍 Definir Unidade de Atendimento,1,-,-,2025-09-02 15:24:04,02/09/2025 15:24,03/09/2025 09:16,-,0.74 dias,-,-,-,-
1922866,🔍 Análise SPC (Serasa / SPC Brasil),2,comercialdigital@bancodovale.com.br,-,2025-09-03 09:16:16,03/09/2025 09:16,03/09/2025 12:09,-,0.12 dias,-,-,-,-
1922866,🕵️ Análise Agente de Crédito,4,comercialdigital@bancodovale.com.br,-,2025-09-03 12:09:08,03/09/2025 12:09,03/09/2025 13:13,-,0.04 dias,-,-,-,-
1922805,📍 Definir Unidade de Atendimento,1,-,-,2025-09-02 14:55:16,02/09/2025 14:55,03/09/2025 09:15,-,0.76 dias,-,-,-,-
1922805,🔍 Análise SPC (Serasa / SPC Brasil),2,comercialdigital@bancodovale.com.br,-,2025-09-03 09:15:45,03/09/2025 09:15,03/09/2025 12:07,-,0.12 dias,-,-,-,-
1922778,🕵️ Análise Agente de Crédito,4,jaragua@bancodovale.org.br,-,2025-09-02 14:47:37,02/09/2025 14:47,03/09/2025 13:12,-,0.93 dias,-,-,-,-
1922548,📍 Definir Unidade de Atendimento,1,-,-,2025-09-02 13:47:45,02/09/2025 13:47,03/09/2025 09:15,-,0.81 dias,-,-,-,-
1922548,🔍 Análise SPC (Serasa / SPC Brasil),2,comercialdigital@bancodovale.com.br,-,2025-09-03 09:15:14,03/09/2025 09:15,03/09/2025 12:06,-,0.12 dias,-,-,-,-
1922548,🕵️ Análise Agente de Crédito,4,comercialdigital@bancodovale.com.br,-,2025-09-03 12:06:23,03/09/2025 12:06,03/09/2025 13:09,-,0.04 dias,-,-,-,-
1922362,📍 Definir Unidade de Atendimento,1,-,-,2025-09-02 12:40:26,02/09/2025 12:40,03/09/2025 09:14,-,0.86 dias,-,-,-,-
1922362,🔍 Análise SPC (Serasa / SPC Brasil),2,comercialdigital@bancodovale.com.br,-,2025-09-03 09:14:22,03/09/2025 09:14,03/09/2025 12:04,-,0.12 dias,-,-,-,-
1922276,📍 Definir Unidade de Atendimento,1,-,-,2025-09-02 11:53:28,02/09/2025 11:53,03/09/2025 09:12,-,0.89 dias,-,-,-,-
1922276,🔍 Análise SPC (Serasa / SPC Brasil),2,comercialdigital@bancodovale.com.br,-,2025-09-03 09:12:35,03/09/2025 09:12,03/09/2025 09:55,-,0.03 dias,-,-,-,-
1922107,📍 Definir Unidade de Atendimento,1,-,-,2025-09-02 10:44:25,02/09/2025 10:44,03/09/2025 09:09,-,0.93 dias,-,-,-,-
1922107,🔍 Análise SPC (Serasa / SPC Brasil),2,comercialdigital@bancodovale.com.br,-,2025-09-03 09:09:17,03/09/2025 09:09,03/09/2025 12:04,-,0.12 dias,-,-,-,-
1922107,🕵️ Análise Agente de Crédito,4,comercialdigital@bancodovale.com.br,-,2025-09-03 12:04:06,03/09/2025 12:04,03/09/2025 12:15,-,0.01 dias,-,-,-,-
1922092,📍 Definir Unidade de Atendimento,1,-,-,2025-09-02 10:38:30,02/09/2025 10:38,03/09/2025 09:07,-,0.94 dias,-,-,-,-
1922092,🔍 Análise SPC (Serasa / SPC Brasil),2,comercialdigital@bancodovale.com.br,-,2025-09-03 09:07:36,03/09/2025 09:07,03/09/2025 10:36,-,0.06 dias,-,-,-,-
1922092,🕵️ Análise Agente de Crédito,4,comercialdigital@bancodovale.com.br,-,2025-09-03 10:36:43,03/09/2025 10:36,03/09/2025 10:57,-,0.01 dias,-,-,-,-
1921934,🕵️ Análise Agente de Crédito,4,jaragua@bancodovale.org.br,-,2025-09-02 09:58:29,02/09/2025 09:58,03/09/2025 09:57,-,1.0 dias,-,-,-,-
1921818,📍 Definir Unidade de Atendimento,1,-,-,2025-09-02 08:26:25,02/09/2025 08:26,03/09/2025 09:08,-,1.03 dias,-,-,-,-
1921818,🔍 Análise SPC (Serasa / SPC Brasil),2,comercialdigital@bancodovale.com.br,-,2025-09-03 09:08:13,03/09/2025 09:08,03/09/2025 12:01,-,0.12 dias,-,-,-,-
1921818,🕵️ Análise Agente de Crédito,4,comercialdigital@bancodovale.com.br,-,2025-09-03 12:01:15,03/09/2025 12:01,03/09/2025 13:07,-,0.05 dias,-,-,-,-
1921799,📍 Definir Unidade de Atendimento,1,-,-,2025-09-02 07:49:16,02/09/2025 07:49,03/09/2025 09:07,-,1.05 dias,-,-,-,-
1921799,🔍 Análise SPC (Serasa / SPC Brasil),2,comercialdigital@bancodovale.com.br,-,2025-09-03 09:07:01,03/09/2025 09:07,03/09/2025 09:30,-,0.02 dias,-,-,-,-
1921799,🕵️ Análise Agente de Crédito,4,comercialdigital@bancodovale.com.br,-,2025-09-03 09:30:04,03/09/2025 09:30,03/09/2025 10:45,-,0.05 dias,-,-,-,-
1921798,📍 Definir Unidade de Atendimento,1,-,-,2025-09-02 07:41:02,02/09/2025 07:41,03/09/2025 09:05,-,1.06 dias,-,-,-,-
1921798,🔍 Análise SPC (Serasa / SPC Brasil),2,comercialdigital@bancodovale.com.br,-,2025-09-03 09:05:37,03/09/2025 09:05,03/09/2025 10:47,-,0.07 dias,-,-,-,-
1921798,🕵️ Análise Agente de Crédito,4,comercialdigital@bancodovale.com.br,-,2025-09-03 10:47:29,03/09/2025 10:47,03/09/2025 10:49,-,0.0 dias,-,-,-,-
1921797,📍 Definir Unidade de Atendimento,1,-,-,2025-09-02 07:25:35,02/09/2025 07:25,03/09/2025 09:05,-,1.07 dias,-,-,-,-
1921796,📍 Definir Unidade de Atendimento,1,-,-,2025-09-02 07:05:47,02/09/2025 07:05,03/09/2025 09:04,-,1.08 dias,-,-,-,-
1921796,🔍 Análise SPC (Serasa / SPC Brasil),2,comercialdigital@bancodovale.com.br,-,2025-09-03 09:04:52,03/09/2025 09:04,03/09/2025 10:50,-,0.07 dias,-,-,-,-
1921796,🕵️ Análise Agente de Crédito,4,comercialdigital@bancodovale.com.br,-,2025-09-03 10:50:54,03/09/2025 10:50,03/09/2025 11:19,-,0.02 dias,-,-,-,-
1921795,📍 Definir Unidade de Atendimento,1,-,-,2025-09-02 07:02:21,02/09/2025 07:02,03/09/2025 09:04,-,1.08 dias,-,-,-,-
1921795,🔍 Análise SPC (Serasa / SPC Brasil),2,comercialdigital@bancodovale.com.br,-,2025-09-03 09:04:19,03/09/2025 09:04,03/09/2025 10:44,-,0.07 dias,-,-,-,-
1921795,🕵️ Análise Agente de Crédito,4,comercialdigital@bancodovale.com.br,-,2025-09-03 10:44:46,03/09/2025 10:44,03/09/2025 11:27,-,0.03 dias,-,-,-,-
1921788,📍 Definir Unidade de Atendimento,1,-,-,2025-09-02 01:05:46,02/09/2025 01:05,03/09/2025 09:03,-,1.33 dias,-,-,-,-
1921788,🔍 Análise SPC (Serasa / SPC Brasil),2,comercialdigital@bancodovale.com.br,-,2025-09-03 09:03:37,03/09/2025 09:03,03/09/2025 10:42,-,0.07 dias,-,-,-,-
1921788,🕵️ Análise Agente de Crédito,4,comercialdigital@bancodovale.com.br,-,2025-09-03 10:42:14,03/09/2025 10:42,03/09/2025 10:48,-,0.0 dias,-,-,-,-
1921767,📍 Definir Unidade de Atendimento,1,-,-,2025-09-01 21:42:45,01/09/2025 21:42,03/09/2025 09:01,-,1.47 dias,-,-,-,-
1921767,🔍 Análise SPC (Serasa / SPC Brasil),2,comercialdigital@bancodovale.com.br,-,2025-09-03 09:01:00,03/09/2025 09:01,03/09/2025 10:35,-,0.07 dias,-,-,-,-
1921703,📍 Definir Unidade de Atendimento,1,-,-,2025-09-01 18:40:56,01/09/2025 18:40,03/09/2025 08:59,-,1.6 dias,-,-,-,-
1921703,🔍 Análise SPC (Serasa / SPC Brasil),2,comercialdigital@bancodovale.com.br,-,2025-09-03 08:59:31,03/09/2025 08:59,03/09/2025 09:29,-,0.02 dias,-,-,-,-
1921618,🔍 Análise SPC (Serasa / SPC Brasil),2,comercialdigital@bancodovale.com.br,-,2025-09-01 17:27:53,01/09/2025 17:27,03/09/2025 08:59,-,1.65 dias,-,-,-,-
1921582,🔍 Análise SPC (Serasa / SPC Brasil),2,comercialdigital@bancodovale.com.br,-,2025-09-01 17:23:59,01/09/2025 17:23,03/09/2025 08:54,-,1.65 dias,-,-,-,-
1921582,🕵️ Análise Agente de Crédito,4,comercialdigital@bancodovale.com.br,-,2025-09-03 08:54:33,03/09/2025 08:54,03/09/2025 09:19,-,0.02 dias,-,-,-,-
1921354,🕵️ Análise Agente de Crédito,4,Danielle,-,2025-09-01 16:17:44,01/09/2025 16:17,03/09/2025 09:11,-,1.7 dias,-,-,-,-
1921274,👤 Análise Coordenação,6,natalia@bancodovale.org.br,-,2025-09-01 16:16:55,01/09/2025 16:16,03/09/2025 16:43,-,2.02 dias,-,-,-,-
1921132,🕵️ Análise Agente de Crédito,4,Danielle,-,2025-09-01 16:05:21,01/09/2025 16:05,03/09/2025 09:11,-,1.71 dias,-,-,-,-
1921132,👤 Análise Coordenação,6,elenita@bancovale.org.br,-,2025-09-03 09:11:58,03/09/2025 09:11,03/09/2025 11:11,-,0.08 dias,-,-,-,-
1921014,🕵️ Análise Agente de Crédito,4,jaragua@bancodovale.org.br,-,2025-09-01 16:00:44,01/09/2025 16:00,03/09/2025 13:13,-,1.88 dias,-,-,-,-
1919712,🔴 Pendência SPC,3,jaragua@bancodovale.org.br,-,2025-09-01 14:39:35,01/09/2025 14:39,03/09/2025 13:10,-,1.94 dias,-,-,-,-
1919249,🕵️ Análise Agente de Crédito,4,rio@bancodovale.org.br,-,2025-09-01 13:46:56,01/09/2025 13:46,03/09/2025 08:59,-,1.8 dias,-,-,-,-
1919249,🧾 Análise Mesa de Crédito,8,ivan@bancodovale.org.br,-,2025-09-03 08:59:23,03/09/2025 08:59,03/09/2025 14:18,-,0.22 dias,-,-,-,-
1919222,🕵️ Análise Agente de Crédito,4,emilia@bancodovale.org.br,-,2025-09-01 13:43:16,01/09/2025 13:43,03/09/2025 14:56,-,2.05 dias,-,-,-,-
1918695,🕵️ Análise Agente de Crédito,4,comercialdigital@bancodovale.com.br,-,2025-09-01 12:17:20,01/09/2025 12:17,03/09/2025 10:48,-,1.94 dias,-,-,-,-
1918544,🕵️ Análise Agente de Crédito,4,Danielle,-,2025-09-01 10:48:03,01/09/2025 10:48,03/09/2025 11:14,-,2.02 dias,-,-,-,-
1918496,🕵️ Análise Agente de Crédito,4,comercialdigital@bancodovale.com.br,-,2025-09-01 14:59:06,01/09/2025 14:59,03/09/2025 09:32,-,1.77 dias,-,-,-,-
1918168,👤 Análise Coordenação,6,elenita@bancovale.org.br,-,2025-09-01 11:48:57,01/09/2025 11:48,03/09/2025 08:22,-,1.86 dias,-,-,-,-
1918168,🧾 Análise Mesa de Crédito,8,roberto@bancodovale.org.br,-,2025-09-03 08:22:25,03/09/2025 08:22,03/09/2025 15:02,-,0.28 dias,-,-,-,-
1915843,🕵️ Análise Agente de Crédito,4,rio@bancodovale.org.br,-,2025-08-29 16:35:35,29/08/2025 16:35,03/09/2025 13:52,-,4.89 dias,-,-,-,-
1914850,🕵️ Análise Agente de Crédito,4,emilia@bancodovale.org.br,-,2025-08-29 15:19:23,29/08/2025 15:19,03/09/2025 14:56,-,4.98 dias,-,-,-,-
1914850,👤 Análise Coordenação,6,elenita@bancovale.org.br,-,2025-09-03 14:56:53,03/09/2025 14:56,03/09/2025 16:43,-,0.07 dias,-,-,-,-
1914529,⚠️ Pendente Cliente,W,rejane@bancodovale.org.br,-,2025-09-01 10:54:09,01/09/2025 10:54,03/09/2025 10:13,-,1.97 dias,-,-,-,-
1914141,🕵️ Análise Agente de Crédito,4,Danielle,-,2025-08-29 09:53:34,29/08/2025 09:53,03/09/2025 16:01,-,5.26 dias,-,-,-,-
1914141,👤 Análise Coordenação,6,dennis@bancodovale.org.br,-,2025-09-03 16:01:56,03/09/2025 16:01,03/09/2025 16:43,-,0.03 dias,-,-,-,-
1913318,🕵️ Análise Agente de Crédito,4,emilia@bancodovale.org.br,-,2025-08-28 13:43:35,28/08/2025 13:43,03/09/2025 14:59,-,6.05 dias,-,-,-,-
1912186,🧾 Análise Mesa de Crédito,8,regina@bancodovale.org.br,-,2025-09-02 13:17:30,02/09/2025 13:17,03/09/2025 15:03,-,1.07 dias,-,-,-,-
1911499,🕵️ Análise Agente de Crédito,4,Danielle,-,2025-08-27 09:13:31,27/08/2025 09:13,03/09/2025 09:59,-,7.03 dias,-,-,-,-
1911499,👤 Análise Coordenação,6,elenita@bancovale.org.br,-,2025-09-03 09:59:13,03/09/2025 09:59,03/09/2025 11:11,-,0.05 dias,-,-,-,-
1908397,🙅 Desistiu,Z,jessica@bancodovale.org.br,-,2025-08-26 17:33:48,26/08/2025 17:33,03/09/2025 13:39,-,7.84 dias,-,-,-,-
1577273,🕵️ Análise Agente de Crédito,4,rio@bancodovale.org.br,-,2025-09-02 13:09:23,02/09/2025 13:09,03/09/2025 13:51,-,1.03 dias,-,-,-,-
37523,🧾 Análise Mesa de Crédito,8,rejane@bancodovale.org.br,-,2025-09-02 08:37:16,02/09/2025 08:37,03/09/2025 16:21,-,1.32 dias,-,-,-,-
1926070,📍 Definir Unidade de Atendimento,1,-,-,2025-09-03 21:38:16,03/09/2025 21:38,04/09/2025 08:46,-,0.46 dias,-,-,-,-
1926070,🔍 Análise SPC (Serasa / SPC Brasil),2,comercialdigital@bancodovale.com.br,-,2025-09-04 08:46:40,04/09/2025 08:46,04/09/2025 10:49,-,0.09 dias,-,-,-,-
1926664,📍 Definir Unidade de Atendimento,1,-,-,2025-09-04 10:54:05,04/09/2025 10:54,04/09/2025 11:03,-,0.01 dias,-,-,-,-
1926956,📍 Definir Unidade de Atendimento,1,-,-,2025-09-04 12:57:37,04/09/2025 12:57,04/09/2025 13:26,-,0.02 dias,-,-,-,-
1926717,📍 Definir Unidade de Atendimento,1,-,-,2025-09-04 11:18:17,04/09/2025 11:18,04/09/2025 11:19,-,0.0 dias,-,-,-,-
1926717,🔍 Análise SPC (Serasa / SPC Brasil),2,comercialdigital@bancodovale.com.br,-,2025-09-04 11:19:31,04/09/2025 11:19,04/09/2025 11:32,-,0.01 dias,-,-,-,-
1926091,📍 Definir Unidade de Atendimento,1,-,-,2025-09-03 23:47:08,03/09/2025 23:47,04/09/2025 08:47,-,0.38 dias,-,-,-,-
1926091,🔍 Análise SPC (Serasa / SPC Brasil),2,comercialdigital@bancodovale.com.br,-,2025-09-04 08:47:14,04/09/2025 08:47,04/09/2025 11:00,-,0.09 dias,-,-,-,-
1926055,📍 Definir Unidade de Atendimento,1,-,-,2025-09-03 21:01:10,03/09/2025 21:01,04/09/2025 08:44,-,0.49 dias,-,-,-,-
1926055,🔍 Análise SPC (Serasa / SPC Brasil),2,comercialdigital@bancodovale.com.br,-,2025-09-04 08:44:24,04/09/2025 08:44,04/09/2025 10:44,-,0.08 dias,-,-,-,-
1926843,📍 Definir Unidade de Atendimento,1,-,-,2025-09-04 12:24:10,04/09/2025 12:24,04/09/2025 12:24,-,0.0 dias,-,-,-,-
1926778,📍 Definir Unidade de Atendimento,1,-,-,2025-09-04 11:46:49,04/09/2025 11:46,04/09/2025 11:56,-,0.01 dias,-,-,-,-
1926708,📍 Definir Unidade de Atendimento,1,-,-,2025-09-04 11:14:39,04/09/2025 11:14,04/09/2025 11:14,-,0.0 dias,-,-,-,-
1926708,🕵️ Análise Agente de Crédito,4,comercialdigital@bancodovale.com.br,-,2025-09-04 11:14:54,04/09/2025 11:14,04/09/2025 11:17,-,0.0 dias,-,-,-,-
1926666,📍 Definir Unidade de Atendimento,1,-,-,2025-09-04 10:55:10,04/09/2025 10:55,04/09/2025 10:55,-,0.0 dias,-,-,-,-
1926646,📍 Definir Unidade de Atendimento,1,-,-,2025-09-04 10:44:48,04/09/2025 10:44,04/09/2025 10:46,-,0.0 dias,-,-,-,-
1926644,📍 Definir Unidade de Atendimento,1,-,-,2025-09-04 10:44:23,04/09/2025 10:44,04/09/2025 10:44,-,0.0 dias,-,-,-,-
1926626,📍 Definir Unidade de Atendimento,1,-,-,2025-09-04 10:27:48,04/09/2025 10:27,04/09/2025 11:03,-,0.02 dias,-,-,-,-
1926626,🔍 Análise SPC (Serasa / SPC Brasil),2,comercialdigital@bancodovale.com.br,-,2025-09-04 11:03:00,04/09/2025 11:03,04/09/2025 13:34,-,0.11 dias,-,-,-,-
1926616,📍 Definir Unidade de Atendimento,1,-,-,2025-09-04 10:25:10,04/09/2025 10:25,04/09/2025 11:01,-,0.03 dias,-,-,-,-
1926584,📍 Definir Unidade de Atendimento,1,-,-,2025-09-04 10:15:07,04/09/2025 10:15,04/09/2025 10:16,-,0.0 dias,-,-,-,-
1926579,📍 Definir Unidade de Atendimento,1,-,-,2025-09-04 10:09:50,04/09/2025 10:09,04/09/2025 10:10,-,0.0 dias,-,-,-,-
1926408,📍 Definir Unidade de Atendimento,1,-,-,2025-09-04 09:15:51,04/09/2025 09:15,04/09/2025 09:17,-,0.0 dias,-,-,-,-
1926367,📍 Definir Unidade de Atendimento,1,-,-,2025-09-04 08:51:22,04/09/2025 08:51,04/09/2025 10:26,-,0.07 dias,-,-,-,-
1926367,🔍 Análise SPC (Serasa / SPC Brasil),2,comercialdigital@bancodovale.com.br,-,2025-09-04 10:26:31,04/09/2025 10:26,04/09/2025 10:27,-,0.0 dias,-,-,-,-
1926367,🕵️ Análise Agente de Crédito,4,comercialdigital@bancodovale.com.br,-,2025-09-04 10:27:30,04/09/2025 10:27,04/09/2025 11:30,-,0.04 dias,-,-,-,-
1926355,📍 Definir Unidade de Atendimento,1,-,-,2025-09-04 08:37:27,04/09/2025 08:37,04/09/2025 08:37,-,0.0 dias,-,-,-,-
1926355,🕵️ Análise Agente de Crédito,4,comercialdigital@bancodovale.com.br,-,2025-09-04 08:37:39,04/09/2025 08:37,04/09/2025 08:38,-,0.0 dias,-,-,-,-
1926060,📍 Definir Unidade de Atendimento,1,-,-,2025-09-03 21:15:48,03/09/2025 21:15,04/09/2025 08:45,-,0.48 dias,-,-,-,-
1926060,🔍 Análise SPC (Serasa / SPC Brasil),2,comercialdigital@bancodovale.com.br,-,2025-09-04 08:45:02,04/09/2025 08:45,04/09/2025 10:47,-,0.09 dias,-,-,-,-
1926048,📍 Definir Unidade de Atendimento,1,-,-,2025-09-03 20:43:32,03/09/2025 20:43,04/09/2025 08:43,-,0.5 dias,-,-,-,-
1926048,🔍 Análise SPC (Serasa / SPC Brasil),2,comercialdigital@bancodovale.com.br,-,2025-09-04 08:43:57,04/09/2025 08:43,04/09/2025 10:43,-,0.08 dias,-,-,-,-
1926048,🕵️ Análise Agente de Crédito,4,comercialdigital@bancodovale.com.br,-,2025-09-04 10:43:07,04/09/2025 10:43,04/09/2025 12:00,-,0.05 dias,-,-,-,-
1925988,📍 Definir Unidade de Atendimento,1,-,-,2025-09-03 18:19:29,03/09/2025 18:19,04/09/2025 08:40,-,0.6 dias,-,-,-,-
1925988,🔍 Análise SPC (Serasa / SPC Brasil),2,comercialdigital@bancodovale.com.br,-,2025-09-04 08:40:44,04/09/2025 08:40,04/09/2025 10:38,-,0.08 dias,-,-,-,-
1925988,🕵️ Análise Agente de Crédito,4,comercialdigital@bancodovale.com.br,-,2025-09-04 10:38:53,04/09/2025 10:38,04/09/2025 12:01,-,0.06 dias,-,-,-,-
1925866,🔍 Análise SPC (Serasa / SPC Brasil),2,comercialdigital@bancodovale.com.br,-,2025-09-03 17:01:34,03/09/2025 17:01,04/09/2025 10:30,-,0.73 dias,-,-,-,-
1925811,🧾 Análise Mesa de Crédito,8,roberto@bancodovale.org.br,-,2025-09-03 16:43:09,03/09/2025 16:43,04/09/2025 13:07,-,0.85 dias,-,-,-,-
1924391,🧾 Análise Mesa de Crédito,8,roberto@bancodovale.org.br,-,2025-09-03 11:32:55,03/09/2025 11:32,04/09/2025 11:44,-,1.01 dias,-,-,-,-
1924335,🧾 Análise Mesa de Crédito,8,rio@bancodovale.org.br,-,2025-09-03 11:44:16,03/09/2025 11:44,04/09/2025 10:20,-,0.94 dias,-,-,-,-
1923408,🕵️ Análise Agente de Crédito,4,comercialdigital@bancodovale.com.br,-,2025-09-03 12:11:48,03/09/2025 12:11,04/09/2025 13:46,-,1.07 dias,-,-,-,-
1923091,🕵️ Análise Agente de Crédito,4,comercialdigital@bancodovale.com.br,-,2025-09-03 12:10:22,03/09/2025 12:10,04/09/2025 13:45,-,1.07 dias,-,-,-,-
1922805,🕵️ Análise Agente de Crédito,4,comercialdigital@bancodovale.com.br,-,2025-09-03 12:07:23,03/09/2025 12:07,04/09/2025 13:42,-,1.07 dias,-,-,-,-
1922362,🕵️ Análise Agente de Crédito,4,comercialdigital@bancodovale.com.br,-,2025-09-03 12:04:58,03/09/2025 12:04,04/09/2025 13:39,-,1.07 dias,-,-,-,-
1921767,🕵️ Análise Agente de Crédito,4,comercialdigital@bancodovale.com.br,-,2025-09-03 10:35:26,03/09/2025 10:35,04/09/2025 13:37,-,1.13 dias,-,-,-,-
1921618,🕵️ Análise Agente de Crédito,4,comercialdigital@bancodovale.com.br,-,2025-09-03 08:59:17,03/09/2025 08:59,04/09/2025 13:37,-,1.19 dias,-,-,-,-
1921274,✅ Aprovado,0,roberto@bancodovale.org.br,-,2025-09-03 16:43:27,03/09/2025 16:43,04/09/2025 13:43,-,0.88 dias,-,-,-,-
1921132,🧾 Análise Mesa de Crédito,8,roberto@bancodovale.org.br,-,2025-09-03 11:11:17,03/09/2025 11:11,04/09/2025 11:44,-,1.02 dias,-,-,-,-
1918544,🧾 Análise Mesa de Crédito,8,roberto@bancodovale.org.br,-,2025-09-03 11:14:57,03/09/2025 11:14,04/09/2025 10:21,-,0.96 dias,-,-,-,-
1914097,⚠️ Pendente Cliente,W,rejane@bancodovale.org.br,-,2025-09-01 10:54:20,01/09/2025 10:54,04/09/2025 10:47,-,3.0 dias,-,-,-,-
513674,📍 Definir Unidade de Atendimento,1,-,-,2023-01-09 10:55:07,09/01/2023 10:55,09/01/2023 10:55,-,0.0 dias,-,-,-,-
513674,🕵️ Análise Agente de Crédito,4,indaial@bancodovale.org.br,-,2023-01-09 10:55:31,09/01/2023 10:55,12/01/2023 14:48,-,3.16 dias,-,-,-,-
513674,👤 Análise Coordenação,6,indaial@bancodovale.org.br,-,2023-01-12 14:48:59,12/01/2023 14:48,12/01/2023 15:14,-,0.02 dias,-,-,-,-
513674,🧾 Análise Mesa de Crédito,8,angela@bancodovale.org.br,-,2023-01-12 15:14:51,12/01/2023 15:14,03/03/2023 11:06,-,49.83 dias,-,-,-,-
513674,✅ Aprovado,0,fernandosandri@bancodovale.org.br,-,2023-03-03 11:06:43,03/03/2023 11:06,16/11/2023 09:20,-,257.93 dias,-,-,-,-
513674,🧾 Análise Mesa de Crédito,8,KATLIN,-,2023-11-16 09:20:53,16/11/2023 09:20,01/12/2023 09:17,-,15.0 dias,-,-,-,-
513674,✅ Aprovado,0,Fernando,-,2023-12-01 09:17:07,01/12/2023 09:17,09/10/2024 11:02,-,313.07 dias,-,-,-,-
513674,🧾 Análise Mesa de Crédito,8,carla@bancodovale.org.br,-,2024-10-09 11:02:46,09/10/2024 11:02,11/10/2024 16:16,-,2.22 dias,-,-,-,-
513674,✅ Aprovado,0,Fernando,-,2024-10-11 16:16:05,11/10/2024 16:16,04/09/2025 08:52,-,327.69 dias,-,-,-,-
1927629,📍 Definir Unidade de Atendimento,1,-,-,2025-09-04 16:11:35,04/09/2025 16:11,04/09/2025 16:19,-,0.01 dias,-,-,-,-
1927629,🔍 Análise SPC (Serasa / SPC Brasil),2,comercialdigital@bancodovale.com.br,-,2025-09-04 16:19:13,04/09/2025 16:19,04/09/2025 17:17,-,0.04 dias,-,-,-,-
1927883,📍 Definir Unidade de Atendimento,1,-,-,2025-09-04 18:09:29,04/09/2025 18:09,04/09/2025 18:10,-,0.0 dias,-,-,-,-
1927628,📍 Definir Unidade de Atendimento,1,-,-,2025-09-04 16:11:02,04/09/2025 16:11,04/09/2025 16:21,-,0.01 dias,-,-,-,-
1927477,📍 Definir Unidade de Atendimento,1,-,-,2025-09-04 15:34:06,04/09/2025 15:34,04/09/2025 15:37,-,0.0 dias,-,-,-,-
1927457,📍 Definir Unidade de Atendimento,1,-,-,2025-09-04 15:23:26,04/09/2025 15:23,04/09/2025 15:50,-,0.02 dias,-,-,-,-
1927457,🔍 Análise SPC (Serasa / SPC Brasil),2,comercialdigital@bancodovale.com.br,-,2025-09-04 15:50:54,04/09/2025 15:50,04/09/2025 15:54,-,0.0 dias,-,-,-,-
1927415,📍 Definir Unidade de Atendimento,1,-,-,2025-09-04 14:58:25,04/09/2025 14:58,04/09/2025 15:07,-,0.01 dias,-,-,-,-
1927409,📍 Definir Unidade de Atendimento,1,-,-,2025-09-04 14:55:57,04/09/2025 14:55,04/09/2025 15:10,-,0.01 dias,-,-,-,-
1927409,🔍 Análise SPC (Serasa / SPC Brasil),2,comercialdigital@bancodovale.com.br,-,2025-09-04 15:10:06,04/09/2025 15:10,04/09/2025 17:03,-,0.08 dias,-,-,-,-
1927406,📍 Definir Unidade de Atendimento,1,-,-,2025-09-04 14:53:12,04/09/2025 14:53,04/09/2025 15:09,-,0.01 dias,-,-,-,-
1927406,🔍 Análise SPC (Serasa / SPC Brasil),2,comercialdigital@bancodovale.com.br,-,2025-09-04 15:09:09,04/09/2025 15:09,04/09/2025 17:25,-,0.09 dias,-,-,-,-
1927192,📍 Definir Unidade de Atendimento,1,-,-,2025-09-04 14:08:50,04/09/2025 14:08,04/09/2025 14:09,-,0.0 dias,-,-,-,-
1927050,📍 Definir Unidade de Atendimento,1,-,-,2025-09-04 13:40:21,04/09/2025 13:40,04/09/2025 14:22,-,0.03 dias,-,-,-,-
1926956,🔍 Análise SPC (Serasa / SPC Brasil),2,comercialdigital@bancodovale.com.br,-,2025-09-04 13:26:34,04/09/2025 13:26,04/09/2025 14:18,-,0.04 dias,-,-,-,-
1926778,🔍 Análise SPC (Serasa / SPC Brasil),2,comercialdigital@bancodovale.com.br,-,2025-09-04 11:56:37,04/09/2025 11:56,04/09/2025 15:56,-,0.17 dias,-,-,-,-
1926717,🕵️ Análise Agente de Crédito,4,comercialdigital@bancodovale.com.br,-,2025-09-04 11:32:03,04/09/2025 11:32,04/09/2025 14:22,-,0.12 dias,-,-,-,-
1926664,🔍 Análise SPC (Serasa / SPC Brasil),2,comercialdigital@bancodovale.com.br,-,2025-09-04 11:03:26,04/09/2025 11:03,04/09/2025 16:11,-,0.21 dias,-,-,-,-
1926646,🕵️ Análise Agente de Crédito,4,jaragua@bancodovale.org.br,-,2025-09-04 10:46:34,04/09/2025 10:46,04/09/2025 15:07,-,0.18 dias,-,-,-,-
1926626,🕵️ Análise Agente de Crédito,4,comercialdigital@bancodovale.com.br,-,2025-09-04 13:34:26,04/09/2025 13:34,04/09/2025 14:20,-,0.03 dias,-,-,-,-
1926616,🔍 Análise SPC (Serasa / SPC Brasil),2,comercialdigital@bancodovale.com.br,-,2025-09-04 11:01:40,04/09/2025 11:01,04/09/2025 16:00,-,0.21 dias,-,-,-,-
1926355,👤 Análise Coordenação,6,natalia@bancodovale.org.br,-,2025-09-04 08:38:05,04/09/2025 08:38,04/09/2025 15:40,-,0.29 dias,-,-,-,-
1926091,🕵️ Análise Agente de Crédito,4,comercialdigital@bancodovale.com.br,-,2025-09-04 11:00:17,04/09/2025 11:00,04/09/2025 14:18,-,0.14 dias,-,-,-,-
1925921,🧾 Análise Mesa de Crédito,8,Bruno,-,2025-09-03 17:31:30,03/09/2025 17:31,04/09/2025 17:28,-,1.0 dias,-,-,-,-
1925866,🕵️ Análise Agente de Crédito,4,comercialdigital@bancodovale.com.br,-,2025-09-04 10:30:17,04/09/2025 10:30,04/09/2025 14:14,-,0.16 dias,-,-,-,-
1925771,🕵️ Análise Agente de Crédito,4,rio@bancodovale.org.br,-,2025-09-03 16:27:50,03/09/2025 16:27,04/09/2025 14:31,-,0.92 dias,-,-,-,-
1925769,🕵️ Análise Agente de Crédito,4,comercialdigital@bancodovale.com.br,-,2025-09-03 16:51:43,03/09/2025 16:51,04/09/2025 13:59,-,0.88 dias,-,-,-,-
1925665,🕵️ Análise Agente de Crédito,4,rio@bancodovale.org.br,-,2025-09-03 15:16:20,03/09/2025 15:16,04/09/2025 14:30,-,0.97 dias,-,-,-,-
1924921,👤 Análise Coordenação,6,natalia@bancodovale.org.br,-,2025-09-03 14:31:04,03/09/2025 14:31,04/09/2025 15:39,-,1.05 dias,-,-,-,-
1923643,⚠️ Pendente Cliente,W,caciane@bancodovale.org.br,-,2025-09-03 13:11:51,03/09/2025 13:11,04/09/2025 15:58,-,1.12 dias,-,-,-,-
1921274,👤 Análise Coordenação,6,natalia@bancodovale.org.br,-,2025-09-04 13:43:30,04/09/2025 13:43,04/09/2025 15:39,-,0.08 dias,-,-,-,-
1918137,🧾 Análise Mesa de Crédito,8,ivan@bancodovale.org.br,-,2025-09-02 13:43:14,02/09/2025 13:43,04/09/2025 16:20,-,2.11 dias,-,-,-,-
1908397,🕵️ Análise Agente de Crédito,4,jaragua@bancodovale.org.br,-,2025-09-03 13:39:07,03/09/2025 13:39,04/09/2025 16:18,-,1.11 dias,-,-,-,-
1907951,🕵️ Análise Agente de Crédito,4,rio@bancodovale.org.br,-,2025-08-25 13:37:38,25/08/2025 13:37,04/09/2025 14:31,-,10.04 dias,-,-,-,-
1903876,🙅 Desistiu,Z,camila@bancodovale.org.br,-,2025-08-22 09:48:15,22/08/2025 09:48,04/09/2025 17:25,-,13.32 dias,-,-,-,-
1627605,📍 Definir Unidade de Atendimento,1,-,-,2025-04-07 10:51:30,07/04/2025 10:51,07/04/2025 10:51,-,0.0 dias,-,-,-,-
1627605,🕵️ Análise Agente de Crédito,4,rio@bancodovale.org.br,-,2025-04-07 10:51:49,07/04/2025 10:51,24/04/2025 10:21,-,16.98 dias,-,-,-,-
1627605,🙅 Desistiu,Z,diogo@bancodovale.org.br,-,2025-04-24 10:21:13,24/04/2025 10:21,25/06/2025 12:00,-,62.07 dias,-,-,-,-
1627605,🕵️ Análise Agente de Crédito,4,rio@bancodovale.org.br,-,2025-06-25 12:00:09,25/06/2025 12:00,08/07/2025 11:09,-,12.96 dias,-,-,-,-
1627605,⚠️ Pendente Cliente,W,ivan@bancodovale.org.br,-,2025-07-08 11:09:27,08/07/2025 11:09,04/09/2025 16:13,-,58.21 dias,-,-,-,-
1063147,🕵️ Análise Agente de Crédito,4,rio@bancodovale.org.br,-,2025-09-01 10:12:48,01/09/2025 10:12,04/09/2025 15:10,-,3.21 dias,-,-,-,-
9542,🕵️ Análise Agente de Crédito,4,rio@bancodovale.org.br,-,2025-08-29 09:05:42,29/08/2025 09:05,04/09/2025 14:30,-,6.23 dias,-,-,-,-
1929243,📍 Definir Unidade de Atendimento,1,-,-,2025-09-05 18:36:42,05/09/2025 18:36,05/09/2025 18:37,-,0.0 dias,-,-,-,-
1929236,📍 Definir Unidade de Atendimento,1,-,-,2025-09-05 18:30:28,05/09/2025 18:30,05/09/2025 18:30,-,0.0 dias,-,-,-,-
1929227,📍 Definir Unidade de Atendimento,1,-,-,2025-09-05 18:26:09,05/09/2025 18:26,05/09/2025 18:27,-,0.0 dias,-,-,-,-
1929215,📍 Definir Unidade de Atendimento,1,-,-,2025-09-05 18:14:40,05/09/2025 18:14,05/09/2025 18:15,-,0.0 dias,-,-,-,-
1929202,📍 Definir Unidade de Atendimento,1,-,-,2025-09-05 17:59:29,05/09/2025 17:59,05/09/2025 18:12,-,0.01 dias,-,-,-,-
1929196,📍 Definir Unidade de Atendimento,1,-,-,2025-09-05 17:54:24,05/09/2025 17:54,05/09/2025 17:55,-,0.0 dias,-,-,-,-
1929189,📍 Definir Unidade de Atendimento,1,-,-,2025-09-05 17:48:44,05/09/2025 17:48,05/09/2025 17:52,-,0.0 dias,-,-,-,-
1929183,📍 Definir Unidade de Atendimento,1,-,-,2025-09-05 17:45:54,05/09/2025 17:45,05/09/2025 17:46,-,0.0 dias,-,-,-,-
1929122,📍 Definir Unidade de Atendimento,1,-,-,2025-09-05 17:15:43,05/09/2025 17:15,05/09/2025 17:29,-,0.01 dias,-,-,-,-
1929116,📍 Definir Unidade de Atendimento,1,-,-,2025-09-05 17:10:08,05/09/2025 17:10,05/09/2025 17:22,-,0.01 dias,-,-,-,-
1929074,📍 Definir Unidade de Atendimento,1,-,-,2025-09-05 16:42:27,05/09/2025 16:42,05/09/2025 16:42,-,0.0 dias,-,-,-,-
1928957,📍 Definir Unidade de Atendimento,1,-,-,2025-09-05 15:50:20,05/09/2025 15:50,05/09/2025 15:50,-,0.0 dias,-,-,-,-
1928913,📍 Definir Unidade de Atendimento,1,-,-,2025-09-05 15:25:22,05/09/2025 15:25,05/09/2025 15:32,-,0.01 dias,-,-,-,-
1928913,🔍 Análise SPC (Serasa / SPC Brasil),2,comercialdigital@bancodovale.com.br,-,2025-09-05 15:32:46,05/09/2025 15:32,05/09/2025 16:28,-,0.04 dias,-,-,-,-
1928907,📍 Definir Unidade de Atendimento,1,-,-,2025-09-05 15:18:13,05/09/2025 15:18,05/09/2025 15:18,-,0.0 dias,-,-,-,-
1928891,📍 Definir Unidade de Atendimento,1,-,-,2025-09-05 15:10:15,05/09/2025 15:10,05/09/2025 15:10,-,0.0 dias,-,-,-,-
1928878,📍 Definir Unidade de Atendimento,1,-,-,2025-09-05 15:02:05,05/09/2025 15:02,05/09/2025 15:29,-,0.02 dias,-,-,-,-
1928878,🔍 Análise SPC (Serasa / SPC Brasil),2,comercialdigital@bancodovale.com.br,-,2025-09-05 15:29:41,05/09/2025 15:29,05/09/2025 16:22,-,0.04 dias,-,-,-,-
1928812,📍 Definir Unidade de Atendimento,1,-,-,2025-09-05 14:31:23,05/09/2025 14:31,05/09/2025 14:31,-,0.0 dias,-,-,-,-
1928812,🕵️ Análise Agente de Crédito,4,emilia@bancodovale.org.br,-,2025-09-05 14:31:38,05/09/2025 14:31,05/09/2025 14:32,-,0.0 dias,-,-,-,-
1928676,📍 Definir Unidade de Atendimento,1,-,-,2025-09-05 13:11:01,05/09/2025 13:11,05/09/2025 13:11,-,0.0 dias,-,-,-,-
1928613,📍 Definir Unidade de Atendimento,1,-,-,2025-09-05 12:30:01,05/09/2025 12:30,05/09/2025 12:30,-,0.0 dias,-,-,-,-
1928613,🕵️ Análise Agente de Crédito,4,jaragua@bancodovale.org.br,-,2025-09-05 12:30:58,05/09/2025 12:30,05/09/2025 12:31,-,0.0 dias,-,-,-,-
1928613,⚠️ Pendente Cliente,W,jaragua@bancodovale.org.br,-,2025-09-05 12:31:08,05/09/2025 12:31,05/09/2025 12:40,-,0.01 dias,-,-,-,-
1928613,🕵️ Análise Agente de Crédito,4,gilmara@bancodovale.org.br,-,2025-09-05 12:40:42,05/09/2025 12:40,05/09/2025 12:40,-,0.0 dias,-,-,-,-
1928473,📍 Definir Unidade de Atendimento,1,-,-,2025-09-05 10:56:08,05/09/2025 10:56,05/09/2025 11:07,-,0.01 dias,-,-,-,-
1928473,🔴 Pendência SPC,3,Bruno,-,2025-09-05 11:07:10,05/09/2025 11:07,05/09/2025 14:12,-,0.13 dias,-,-,-,-
1928471,📍 Definir Unidade de Atendimento,1,-,-,2025-09-05 10:55:10,05/09/2025 10:55,05/09/2025 11:12,-,0.01 dias,-,-,-,-
1928471,🔍 Análise SPC (Serasa / SPC Brasil),2,comercialdigital@bancodovale.com.br,-,2025-09-05 11:12:02,05/09/2025 11:12,05/09/2025 11:20,-,0.01 dias,-,-,-,-
1928470,📍 Definir Unidade de Atendimento,1,-,-,2025-09-05 10:54:51,05/09/2025 10:54,05/09/2025 10:56,-,0.0 dias,-,-,-,-
1928463,📍 Definir Unidade de Atendimento,1,-,-,2025-09-05 10:46:11,05/09/2025 10:46,05/09/2025 10:47,-,0.0 dias,-,-,-,-
1928463,🕵️ Análise Agente de Crédito,4,emilia@bancodovale.org.br,-,2025-09-05 10:47:12,05/09/2025 10:47,05/09/2025 11:47,-,0.04 dias,-,-,-,-
1928434,📍 Definir Unidade de Atendimento,1,-,-,2025-09-05 10:22:55,05/09/2025 10:22,05/09/2025 10:23,-,0.0 dias,-,-,-,-
1928325,📍 Definir Unidade de Atendimento,1,-,-,2025-09-05 10:17:20,05/09/2025 10:17,05/09/2025 10:36,-,0.01 dias,-,-,-,-
1928283,📍 Definir Unidade de Atendimento,1,-,-,2025-09-05 09:52:36,05/09/2025 09:52,05/09/2025 09:53,-,0.0 dias,-,-,-,-
1928273,📍 Definir Unidade de Atendimento,1,-,-,2025-09-05 09:47:05,05/09/2025 09:47,05/09/2025 09:59,-,0.01 dias,-,-,-,-
1928273,🔍 Análise SPC (Serasa / SPC Brasil),2,comercialdigital@bancodovale.com.br,-,2025-09-05 09:59:23,05/09/2025 09:59,05/09/2025 11:17,-,0.05 dias,-,-,-,-
1928221,📍 Definir Unidade de Atendimento,1,-,-,2025-09-05 09:13:28,05/09/2025 09:13,05/09/2025 09:13,-,0.0 dias,-,-,-,-
1928221,🕵️ Análise Agente de Crédito,4,emilia@bancodovale.org.br,-,2025-09-05 09:13:51,05/09/2025 09:13,05/09/2025 10:41,-,0.06 dias,-,-,-,-
1928051,📍 Definir Unidade de Atendimento,1,-,-,2025-09-05 07:55:40,05/09/2025 07:55,05/09/2025 09:09,-,0.05 dias,-,-,-,-
1928051,🔍 Análise SPC (Serasa / SPC Brasil),2,comercialdigital@bancodovale.com.br,-,2025-09-05 09:09:05,05/09/2025 09:09,05/09/2025 10:00,-,0.04 dias,-,-,-,-
1928026,📍 Definir Unidade de Atendimento,1,-,-,2025-09-05 03:08:44,05/09/2025 03:08,05/09/2025 09:08,-,0.25 dias,-,-,-,-
1928026,🔍 Análise SPC (Serasa / SPC Brasil),2,comercialdigital@bancodovale.com.br,-,2025-09-05 09:08:34,05/09/2025 09:08,05/09/2025 09:29,-,0.01 dias,-,-,-,-
1928026,🕵️ Análise Agente de Crédito,4,comercialdigital@bancodovale.com.br,-,2025-09-05 09:29:03,05/09/2025 09:29,05/09/2025 17:08,-,0.32 dias,-,-,-,-
1928015,📍 Definir Unidade de Atendimento,1,-,-,2025-09-04 22:44:31,04/09/2025 22:44,05/09/2025 09:06,-,0.43 dias,-,-,-,-
1928015,🔍 Análise SPC (Serasa / SPC Brasil),2,comercialdigital@bancodovale.com.br,-,2025-09-05 09:06:09,05/09/2025 09:06,05/09/2025 09:24,-,0.01 dias,-,-,-,-
1927965,📍 Definir Unidade de Atendimento,1,-,-,2025-09-04 19:56:41,04/09/2025 19:56,05/09/2025 09:05,-,0.55 dias,-,-,-,-
1927965,🔍 Análise SPC (Serasa / SPC Brasil),2,comercialdigital@bancodovale.com.br,-,2025-09-05 09:05:11,05/09/2025 09:05,05/09/2025 09:44,-,0.03 dias,-,-,-,-
1927902,📍 Definir Unidade de Atendimento,1,-,-,2025-09-04 18:24:40,04/09/2025 18:24,05/09/2025 09:02,-,0.61 dias,-,-,-,-
1927902,🔍 Análise SPC (Serasa / SPC Brasil),2,comercialdigital@bancodovale.com.br,-,2025-09-05 09:02:08,05/09/2025 09:02,05/09/2025 10:13,-,0.05 dias,-,-,-,-
1927902,🔴 Pendência SPC,3,jaragua@bancodovale.org.br,-,2025-09-05 10:13:10,05/09/2025 10:13,05/09/2025 12:33,-,0.1 dias,-,-,-,-
1927883,🕵️ Análise Agente de Crédito,4,jaragua@bancodovale.org.br,-,2025-09-04 18:10:03,04/09/2025 18:10,05/09/2025 11:21,-,0.72 dias,-,-,-,-
1927457,🔴 Pendência SPC,3,jaragua@bancodovale.org.br,-,2025-09-04 15:54:49,04/09/2025 15:54,05/09/2025 15:02,-,0.96 dias,-,-,-,-
1927409,🕵️ Análise Agente de Crédito,4,Danielle,-,2025-09-04 17:03:30,04/09/2025 17:03,05/09/2025 14:16,-,0.88 dias,-,-,-,-
1927192,🕵️ Análise Agente de Crédito,4,rio@bancodovale.org.br,-,2025-09-04 14:09:42,04/09/2025 14:09,05/09/2025 15:40,-,1.06 dias,-,-,-,-
1926778,🕵️ Análise Agente de Crédito,4,jaragua@bancodovale.org.br,-,2025-09-04 15:56:31,04/09/2025 15:56,05/09/2025 11:18,-,0.81 dias,-,-,-,-
1926616,🔴 Pendência SPC,3,jaragua@bancodovale.org.br,-,2025-09-04 16:00:09,04/09/2025 16:00,05/09/2025 14:29,-,0.94 dias,-,-,-,-
1926408,🕵️ Análise Agente de Crédito,4,rio@bancodovale.org.br,-,2025-09-04 09:17:17,04/09/2025 09:17,05/09/2025 15:01,-,1.24 dias,-,-,-,-
1926355,🧾 Análise Mesa de Crédito,8,roberto@bancodovale.org.br,-,2025-09-04 15:40:02,04/09/2025 15:40,05/09/2025 14:42,-,0.96 dias,-,-,-,-
1926055,🕵️ Análise Agente de Crédito,4,comercialdigital@bancodovale.com.br,-,2025-09-04 10:44:51,04/09/2025 10:44,05/09/2025 09:28,-,0.95 dias,-,-,-,-
1925720,🕵️ Análise Agente de Crédito,4,jaragua@bancodovale.org.br,-,2025-09-03 15:47:37,03/09/2025 15:47,05/09/2025 11:19,-,1.81 dias,-,-,-,-
1925665,🧾 Análise Mesa de Crédito,8,juliano@bancodovale.org.br,-,2025-09-04 14:30:15,04/09/2025 14:30,05/09/2025 14:40,-,1.01 dias,-,-,-,-
1924921,🧾 Análise Mesa de Crédito,8,roberto@bancodovale.org.br,-,2025-09-04 15:39:42,04/09/2025 15:39,05/09/2025 12:10,-,0.86 dias,-,-,-,-
1924516,🕵️ Análise Agente de Crédito,4,comercialdigital@bancodovale.com.br,-,2025-09-03 14:22:00,03/09/2025 14:22,05/09/2025 09:29,-,1.8 dias,-,-,-,-
1924513,🔴 Pendência SPC,3,jaragua@bancodovale.org.br,-,2025-09-03 12:24:54,03/09/2025 12:24,05/09/2025 11:18,-,1.95 dias,-,-,-,-
1924453,🕵️ Análise Agente de Crédito,4,jaragua@bancodovale.org.br,-,2025-09-03 11:59:08,03/09/2025 11:59,05/09/2025 11:22,-,1.97 dias,-,-,-,-
1923654,🧾 Análise Mesa de Crédito,8,regina@bancodovale.org.br,-,2025-09-03 13:51:30,03/09/2025 13:51,05/09/2025 12:11,-,1.93 dias,-,-,-,-
1922778,⚠️ Pendente Cliente,W,caciane@bancodovale.org.br,-,2025-09-03 13:12:39,03/09/2025 13:12,05/09/2025 14:29,-,2.05 dias,-,-,-,-
1921703,🕵️ Análise Agente de Crédito,4,ivan@bancodovale.org.br,-,2025-09-03 09:29:43,03/09/2025 09:29,05/09/2025 15:02,-,2.23 dias,-,-,-,-
1921274,🧾 Análise Mesa de Crédito,8,roberto@bancodovale.org.br,-,2025-09-04 15:39:43,04/09/2025 15:39,05/09/2025 16:45,-,1.05 dias,-,-,-,-
1919222,❌ Reprovado,X,elenita@bancovale.org.br,-,2025-09-03 14:56:26,03/09/2025 14:56,05/09/2025 10:50,-,1.83 dias,-,-,-,-
1919222,🕵️ Análise Agente de Crédito,4,Danielle,-,2025-09-05 10:50:50,05/09/2025 10:50,05/09/2025 11:00,-,0.01 dias,-,-,-,-
1903876,🕵️ Análise Agente de Crédito,4,jaragua@bancodovale.org.br,-,2025-09-04 17:25:45,04/09/2025 17:25,05/09/2025 08:51,-,0.64 dias,-,-,-,-
910848,📍 Definir Unidade de Atendimento,1,-,-,2023-12-18 17:15:33,18/12/2023 17:15,19/12/2023 15:12,-,0.91 dias,-,-,-,-
910848,🕵️ Análise Agente de Crédito,4,Priscila,-,2023-12-19 15:12:32,19/12/2023 15:12,20/12/2023 09:31,-,0.76 dias,-,-,-,-
910848,🧾 Análise Mesa de Crédito,8,elton@bancodovale.org.br,-,2023-12-20 09:31:01,20/12/2023 09:31,27/12/2023 10:03,-,7.02 dias,-,-,-,-
910848,✅ Aprovado,0,Fernando,-,2023-12-27 10:03:32,27/12/2023 10:03,28/11/2024 09:08,-,336.96 dias,-,-,-,-
910848,🕵️ Análise Agente de Crédito,4,rio@bancodovale.org.br,-,2024-11-28 09:08:52,28/11/2024 09:08,28/11/2024 16:53,-,0.32 dias,-,-,-,-
910848,🧾 Análise Mesa de Crédito,8,rio@bancodovale.org.br,-,2024-11-28 16:53:41,28/11/2024 16:53,29/11/2024 11:13,-,0.76 dias,-,-,-,-
910848,✅ Aprovado,0,Fernando,-,2024-11-29 11:13:19,29/11/2024 11:13,05/09/2025 14:43,-,280.15 dias,-,-,-,-
436639,🕵️ Análise Agente de Crédito,4,rio@bancodovale.org.br,-,2025-09-02 14:41:59,02/09/2025 14:41,05/09/2025 15:02,-,3.01 dias,-,-,-,-
1931291,📍 Definir Unidade de Atendimento,1,-,-,2025-09-08 15:51:59,08/09/2025 15:51,08/09/2025 15:55,-,0.0 dias,-,-,-,-
1930948,📍 Definir Unidade de Atendimento,1,-,-,2025-09-08 12:45:59,08/09/2025 12:45,08/09/2025 13:40,-,0.04 dias,-,-,-,-
1930948,🔍 Análise SPC (Serasa / SPC Brasil),2,comercialdigital@bancodovale.com.br,-,2025-09-08 13:40:00,08/09/2025 13:40,08/09/2025 15:48,-,0.09 dias,-,-,-,-
1931097,📍 Definir Unidade de Atendimento,1,-,-,2025-09-08 14:31:54,08/09/2025 14:31,08/09/2025 15:07,-,0.02 dias,-,-,-,-
1931097,🔍 Análise SPC (Serasa / SPC Brasil),2,comercialdigital@bancodovale.com.br,-,2025-09-08 15:07:09,08/09/2025 15:07,08/09/2025 15:55,-,0.03 dias,-,-,-,-
1931031,📍 Definir Unidade de Atendimento,1,-,-,2025-09-08 13:46:54,08/09/2025 13:46,08/09/2025 15:03,-,0.05 dias,-,-,-,-
1931031,🔍 Análise SPC (Serasa / SPC Brasil),2,comercialdigital@bancodovale.com.br,-,2025-09-08 15:03:01,08/09/2025 15:03,08/09/2025 15:57,-,0.04 dias,-,-,-,-
1931557,📍 Definir Unidade de Atendimento,1,-,-,2025-09-08 16:38:26,08/09/2025 16:38,08/09/2025 16:41,-,0.0 dias,-,-,-,-
1931289,📍 Definir Unidade de Atendimento,1,-,-,2025-09-08 15:51:42,08/09/2025 15:51,08/09/2025 15:52,-,0.0 dias,-,-,-,-
1931289,🧾 Análise Mesa de Crédito,8,KATLIN,-,2025-09-08 15:52:09,08/09/2025 15:52,08/09/2025 15:52,-,0.0 dias,-,-,-,-
1931231,📍 Definir Unidade de Atendimento,1,-,-,2025-09-08 15:38:08,08/09/2025 15:38,08/09/2025 15:40,-,0.0 dias,-,-,-,-
1931231,🕵️ Análise Agente de Crédito,4,jaragua@bancodovale.org.br,-,2025-09-08 15:40:49,08/09/2025 15:40,08/09/2025 15:47,-,0.0 dias,-,-,-,-
1931176,📍 Definir Unidade de Atendimento,1,-,-,2025-09-08 15:15:24,08/09/2025 15:15,08/09/2025 15:18,-,0.0 dias,-,-,-,-
1931176,🕵️ Análise Agente de Crédito,4,comercialdigital@bancodovale.com.br,-,2025-09-08 15:18:17,08/09/2025 15:18,08/09/2025 15:56,-,0.03 dias,-,-,-,-
1931176,👤 Análise Coordenação,6,natalia@bancodovale.org.br,-,2025-09-08 15:56:45,08/09/2025 15:56,08/09/2025 17:26,-,0.06 dias,-,-,-,-
1931118,📍 Definir Unidade de Atendimento,1,-,-,2025-09-08 14:38:39,08/09/2025 14:38,08/09/2025 14:38,-,0.0 dias,-,-,-,-
1931076,📍 Definir Unidade de Atendimento,1,-,-,2025-09-08 14:13:04,08/09/2025 14:13,08/09/2025 14:13,-,0.0 dias,-,-,-,-
1931053,📍 Definir Unidade de Atendimento,1,-,-,2025-09-08 13:56:55,08/09/2025 13:56,08/09/2025 13:58,-,0.0 dias,-,-,-,-
1931038,📍 Definir Unidade de Atendimento,1,-,-,2025-09-08 13:49:09,08/09/2025 13:49,08/09/2025 13:49,-,0.0 dias,-,-,-,-
1931038,🔴 Pendência SPC,3,jaragua@bancodovale.org.br,-,2025-09-08 13:49:57,08/09/2025 13:49,08/09/2025 13:51,-,0.0 dias,-,-,-,-
1931013,📍 Definir Unidade de Atendimento,1,-,-,2025-09-08 13:30:33,08/09/2025 13:30,08/09/2025 13:31,-,0.0 dias,-,-,-,-
1931013,🔴 Pendência SPC,3,jaragua@bancodovale.org.br,-,2025-09-08 13:31:00,08/09/2025 13:31,08/09/2025 15:18,-,0.07 dias,-,-,-,-
1931012,📍 Definir Unidade de Atendimento,1,-,-,2025-09-08 13:28:12,08/09/2025 13:28,08/09/2025 13:38,-,0.01 dias,-,-,-,-
1930963,📍 Definir Unidade de Atendimento,1,-,-,2025-09-08 12:55:35,08/09/2025 12:55,08/09/2025 13:38,-,0.03 dias,-,-,-,-
1930963,🔍 Análise SPC (Serasa / SPC Brasil),2,comercialdigital@bancodovale.com.br,-,2025-09-08 13:38:13,08/09/2025 13:38,08/09/2025 16:20,-,0.11 dias,-,-,-,-
1930951,📍 Definir Unidade de Atendimento,1,-,-,2025-09-08 12:46:49,08/09/2025 12:46,08/09/2025 12:47,-,0.0 dias,-,-,-,-
1930813,📍 Definir Unidade de Atendimento,1,-,-,2025-09-08 11:19:05,08/09/2025 11:19,08/09/2025 11:37,-,0.01 dias,-,-,-,-
1930813,🔍 Análise SPC (Serasa / SPC Brasil),2,comercialdigital@bancodovale.com.br,-,2025-09-08 11:37:01,08/09/2025 11:37,08/09/2025 11:52,-,0.01 dias,-,-,-,-
1930701,📍 Definir Unidade de Atendimento,1,-,-,2025-09-08 10:27:10,08/09/2025 10:27,08/09/2025 10:27,-,0.0 dias,-,-,-,-
1930679,📍 Definir Unidade de Atendimento,1,-,-,2025-09-08 10:20:40,08/09/2025 10:20,08/09/2025 10:36,-,0.01 dias,-,-,-,-
1930679,🔍 Análise SPC (Serasa / SPC Brasil),2,comercialdigital@bancodovale.com.br,-,2025-09-08 10:36:44,08/09/2025 10:36,08/09/2025 11:33,-,0.04 dias,-,-,-,-
1930675,📍 Definir Unidade de Atendimento,1,-,-,2025-09-08 10:20:00,08/09/2025 10:20,08/09/2025 10:36,-,0.01 dias,-,-,-,-
1930675,🔍 Análise SPC (Serasa / SPC Brasil),2,comercialdigital@bancodovale.com.br,-,2025-09-08 10:36:24,08/09/2025 10:36,08/09/2025 11:19,-,0.03 dias,-,-,-,-
1930675,🕵️ Análise Agente de Crédito,4,comercialdigital@bancodovale.com.br,-,2025-09-08 11:19:27,08/09/2025 11:19,08/09/2025 11:28,-,0.01 dias,-,-,-,-
1930671,📍 Definir Unidade de Atendimento,1,-,-,2025-09-08 10:19:13,08/09/2025 10:19,08/09/2025 10:20,-,0.0 dias,-,-,-,-
1930671,🕵️ Análise Agente de Crédito,4,jaragua@bancodovale.org.br,-,2025-09-08 10:20:02,08/09/2025 10:20,08/09/2025 13:09,-,0.12 dias,-,-,-,-
1930521,📍 Definir Unidade de Atendimento,1,-,-,2025-09-08 09:43:34,08/09/2025 09:43,08/09/2025 09:44,-,0.0 dias,-,-,-,-
1930443,📍 Definir Unidade de Atendimento,1,-,-,2025-09-08 09:38:35,08/09/2025 09:38,08/09/2025 09:41,-,0.0 dias,-,-,-,-
1930367,📍 Definir Unidade de Atendimento,1,-,-,2025-09-08 09:30:52,08/09/2025 09:30,08/09/2025 09:40,-,0.01 dias,-,-,-,-
1930367,🔍 Análise SPC (Serasa / SPC Brasil),2,comercialdigital@bancodovale.com.br,-,2025-09-08 09:40:13,08/09/2025 09:40,08/09/2025 14:59,-,0.22 dias,-,-,-,-
1930359,📍 Definir Unidade de Atendimento,1,-,-,2025-09-08 09:30:01,08/09/2025 09:30,08/09/2025 09:31,-,0.0 dias,-,-,-,-
1930359,🕵️ Análise Agente de Crédito,4,jaragua@bancodovale.org.br,-,2025-09-08 09:31:29,08/09/2025 09:31,08/09/2025 17:09,-,0.32 dias,-,-,-,-
1930221,📍 Definir Unidade de Atendimento,1,-,-,2025-09-08 09:00:49,08/09/2025 09:00,08/09/2025 09:39,-,0.03 dias,-,-,-,-
1930214,📍 Definir Unidade de Atendimento,1,-,-,2025-09-08 08:48:24,08/09/2025 08:48,08/09/2025 08:48,-,0.0 dias,-,-,-,-
1930136,📍 Definir Unidade de Atendimento,1,-,-,2025-09-08 07:31:50,08/09/2025 07:31,08/09/2025 09:39,-,0.09 dias,-,-,-,-
1930136,🔍 Análise SPC (Serasa / SPC Brasil),2,comercialdigital@bancodovale.com.br,-,2025-09-08 09:39:18,08/09/2025 09:39,08/09/2025 10:11,-,0.02 dias,-,-,-,-
1930136,🕵️ Análise Agente de Crédito,4,comercialdigital@bancodovale.com.br,-,2025-09-08 10:11:43,08/09/2025 10:11,08/09/2025 10:35,-,0.02 dias,-,-,-,-
1930003,📍 Definir Unidade de Atendimento,1,-,-,2025-09-07 14:31:47,07/09/2025 14:31,08/09/2025 09:36,-,0.8 dias,-,-,-,-
1930003,🔍 Análise SPC (Serasa / SPC Brasil),2,comercialdigital@bancodovale.com.br,-,2025-09-08 09:36:41,08/09/2025 09:36,08/09/2025 09:56,-,0.01 dias,-,-,-,-
1930003,🕵️ Análise Agente de Crédito,4,comercialdigital@bancodovale.com.br,-,2025-09-08 09:56:01,08/09/2025 09:56,08/09/2025 10:38,-,0.03 dias,-,-,-,-
1929988,📍 Definir Unidade de Atendimento,1,-,-,2025-09-07 13:50:02,07/09/2025 13:50,08/09/2025 09:39,-,0.83 dias,-,-,-,-
1929988,🔍 Análise SPC (Serasa / SPC Brasil),2,comercialdigital@bancodovale.com.br,-,2025-09-08 09:39:45,08/09/2025 09:39,08/09/2025 10:26,-,0.03 dias,-,-,-,-
1929988,🕵️ Análise Agente de Crédito,4,comercialdigital@bancodovale.com.br,-,2025-09-08 10:26:38,08/09/2025 10:26,08/09/2025 11:26,-,0.04 dias,-,-,-,-
1929914,📍 Definir Unidade de Atendimento,1,-,-,2025-09-07 06:37:34,07/09/2025 06:37,08/09/2025 09:27,-,1.12 dias,-,-,-,-
1929914,🔍 Análise SPC (Serasa / SPC Brasil),2,comercialdigital@bancodovale.com.br,-,2025-09-08 09:27:19,08/09/2025 09:27,08/09/2025 10:54,-,0.06 dias,-,-,-,-
1929879,📍 Definir Unidade de Atendimento,1,-,-,2025-09-06 17:46:06,06/09/2025 17:46,08/09/2025 09:27,-,1.65 dias,-,-,-,-
1929418,📍 Definir Unidade de Atendimento,1,-,-,2025-09-06 01:56:10,06/09/2025 01:56,08/09/2025 09:26,-,2.31 dias,-,-,-,-
1929243,🔴 Pendência SPC,3,jaragua@bancodovale.org.br,-,2025-09-05 18:37:40,05/09/2025 18:37,08/09/2025 13:25,-,2.78 dias,-,-,-,-
1929236,🔴 Pendência SPC,3,jaragua@bancodovale.org.br,-,2025-09-05 18:30:47,05/09/2025 18:30,08/09/2025 11:17,-,2.7 dias,-,-,-,-
1929231,📍 Definir Unidade de Atendimento,1,-,-,2025-09-05 18:26:43,05/09/2025 18:26,08/09/2025 09:25,-,2.62 dias,-,-,-,-
1929231,🔍 Análise SPC (Serasa / SPC Brasil),2,comercialdigital@bancodovale.com.br,-,2025-09-08 09:25:41,08/09/2025 09:25,08/09/2025 09:45,-,0.01 dias,-,-,-,-
1929227,🔴 Pendência SPC,3,jaragua@bancodovale.org.br,-,2025-09-05 18:27:05,05/09/2025 18:27,08/09/2025 11:18,-,2.7 dias,-,-,-,-
1929215,🕵️ Análise Agente de Crédito,4,jaragua@bancodovale.org.br,-,2025-09-05 18:15:08,05/09/2025 18:15,08/09/2025 11:20,-,2.71 dias,-,-,-,-
1929202,🕵️ Análise Agente de Crédito,4,jaragua@bancodovale.org.br,-,2025-09-05 18:12:31,05/09/2025 18:12,08/09/2025 11:19,-,2.71 dias,-,-,-,-
1929202,⚠️ Pendente Cliente,W,gilmara@bancodovale.org.br,-,2025-09-08 11:19:37,08/09/2025 11:19,08/09/2025 11:20,-,0.0 dias,-,-,-,-
1929196,🕵️ Análise Agente de Crédito,4,jaragua@bancodovale.org.br,-,2025-09-05 17:55:41,05/09/2025 17:55,08/09/2025 11:19,-,2.72 dias,-,-,-,-
1929190,📍 Definir Unidade de Atendimento,1,-,-,2025-09-05 17:49:01,05/09/2025 17:49,08/09/2025 09:24,-,2.65 dias,-,-,-,-
1929189,🔴 Pendência SPC,3,jaragua@bancodovale.org.br,-,2025-09-05 17:52:55,05/09/2025 17:52,08/09/2025 11:19,-,2.73 dias,-,-,-,-
1929122,🔴 Pendência SPC,3,jaragua@bancodovale.org.br,-,2025-09-05 17:29:35,05/09/2025 17:29,08/09/2025 13:26,-,2.83 dias,-,-,-,-
1929116,🔍 Análise SPC (Serasa / SPC Brasil),2,comercialdigital@bancodovale.com.br,-,2025-09-05 17:22:36,05/09/2025 17:22,08/09/2025 15:48,-,2.93 dias,-,-,-,-
1928957,🕵️ Análise Agente de Crédito,4,Danielle,-,2025-09-05 15:50:33,05/09/2025 15:50,08/09/2025 10:15,-,2.77 dias,-,-,-,-
1928957,👤 Análise Coordenação,6,elenita@bancovale.org.br,-,2025-09-08 10:15:23,08/09/2025 10:15,08/09/2025 17:26,-,0.3 dias,-,-,-,-
1928907,🕵️ Análise Agente de Crédito,4,rio@bancodovale.org.br,-,2025-09-05 15:18:46,05/09/2025 15:18,08/09/2025 14:49,-,2.98 dias,-,-,-,-
1928891,🕵️ Análise Agente de Crédito,4,jaragua@bancodovale.org.br,-,2025-09-05 15:10:27,05/09/2025 15:10,08/09/2025 15:48,-,3.03 dias,-,-,-,-
1928812,👤 Análise Coordenação,6,elenita@bancovale.org.br,-,2025-09-05 14:32:57,05/09/2025 14:32,08/09/2025 17:26,-,3.12 dias,-,-,-,-
1928613,🧾 Análise Mesa de Crédito,8,gilmara@bancodovale.org.br,-,2025-09-05 12:40:47,05/09/2025 12:40,08/09/2025 13:07,-,3.02 dias,-,-,-,-
1928470,🧾 Análise Mesa de Crédito,8,Bruno,-,2025-09-05 10:56:18,05/09/2025 10:56,08/09/2025 12:10,-,3.05 dias,-,-,-,-
1928463,👤 Análise Coordenação,6,dennis@bancodovale.org.br,-,2025-09-05 11:47:45,05/09/2025 11:47,08/09/2025 17:26,-,3.23 dias,-,-,-,-
1928283,🧾 Análise Mesa de Crédito,8,Bruno,-,2025-09-05 09:53:27,05/09/2025 09:53,08/09/2025 14:24,-,3.19 dias,-,-,-,-
1928015,🕵️ Análise Agente de Crédito,4,comercialdigital@bancodovale.com.br,-,2025-09-05 09:24:54,05/09/2025 09:24,08/09/2025 12:41,-,3.14 dias,-,-,-,-
1927477,🕵️ Análise Agente de Crédito,4,Danielle,-,2025-09-04 15:37:01,04/09/2025 15:37,08/09/2025 11:20,-,3.82 dias,-,-,-,-
1927457,⚠️ Pendente Cliente,W,jessica@bancodovale.org.br,-,2025-09-05 15:02:07,05/09/2025 15:02,08/09/2025 13:17,-,2.93 dias,-,-,-,-
1927415,🧾 Análise Mesa de Crédito,8,caciane@bancodovale.org.br,-,2025-09-04 15:07:47,04/09/2025 15:07,08/09/2025 11:10,-,3.84 dias,-,-,-,-
1926956,🕵️ Análise Agente de Crédito,4,comercialdigital@bancodovale.com.br,-,2025-09-04 14:18:44,04/09/2025 14:18,08/09/2025 16:20,-,4.08 dias,-,-,-,-
1926843,🕵️ Análise Agente de Crédito,4,Danielle,-,2025-09-04 12:24:22,04/09/2025 12:24,08/09/2025 15:22,-,4.12 dias,-,-,-,-
1926708,👤 Análise Coordenação,6,natalia@bancodovale.org.br,-,2025-09-04 11:17:51,04/09/2025 11:17,08/09/2025 17:26,-,4.26 dias,-,-,-,-
1926070,🕵️ Análise Agente de Crédito,4,comercialdigital@bancodovale.com.br,-,2025-09-04 10:49:23,04/09/2025 10:49,08/09/2025 16:17,-,4.23 dias,-,-,-,-
1926070,👤 Análise Coordenação,6,alinef@bancodovale.org.br,-,2025-09-08 16:17:26,08/09/2025 16:17,08/09/2025 17:26,-,0.05 dias,-,-,-,-
1926060,🕵️ Análise Agente de Crédito,4,comercialdigital@bancodovale.com.br,-,2025-09-04 10:47:34,04/09/2025 10:47,08/09/2025 12:42,-,4.08 dias,-,-,-,-
1924792,⚠️ Pendente Cliente,W,camila@bancodovale.org.br,-,2025-09-03 16:15:47,03/09/2025 16:15,08/09/2025 15:19,-,4.96 dias,-,-,-,-
1924570,🕵️ Análise Agente de Crédito,4,emilia@bancodovale.org.br,-,2025-09-03 14:31:56,03/09/2025 14:31,08/09/2025 15:21,-,5.03 dias,-,-,-,-
1924546,🕵️ Análise Agente de Crédito,4,comercialdigital@bancodovale.com.br,-,2025-09-03 14:16:27,03/09/2025 14:16,08/09/2025 12:42,-,4.93 dias,-,-,-,-
1923226,⚠️ Pendente Cliente,W,camila@bancodovale.org.br,-,2025-09-03 16:15:55,03/09/2025 16:15,08/09/2025 15:19,-,4.96 dias,-,-,-,-
1922778,🧾 Análise Mesa de Crédito,8,caciane@bancodovale.org.br,-,2025-09-05 14:29:52,05/09/2025 14:29,08/09/2025 16:27,-,3.08 dias,-,-,-,-
1921934,⚠️ Pendente Cliente,W,camila@bancodovale.org.br,-,2025-09-03 09:57:23,03/09/2025 09:57,08/09/2025 15:19,-,5.22 dias,-,-,-,-
1921934,🧾 Análise Mesa de Crédito,8,camila@bancodovale.org.br,-,2025-09-08 15:19:47,08/09/2025 15:19,08/09/2025 15:46,-,0.02 dias,-,-,-,-
1920625,⚠️ Pendente Cliente,W,camila@bancodovale.org.br,-,2025-09-02 09:36:37,02/09/2025 09:36,08/09/2025 15:20,-,6.24 dias,-,-,-,-
1919222,👤 Análise Coordenação,6,elenita@bancovale.org.br,-,2025-09-05 11:00:35,05/09/2025 11:00,08/09/2025 17:26,-,3.27 dias,-,-,-,-
1918496,❌ Reprovado,X,alinef@bancodovale.org.br,-,2025-09-03 09:32:35,03/09/2025 09:32,08/09/2025 16:21,-,5.28 dias,-,-,-,-
1912777,🙅 Desistiu,Z,ivan@bancodovale.org.br,-,2025-09-01 09:05:28,01/09/2025 09:05,08/09/2025 10:03,-,7.04 dias,-,-,-,-
1908397,⚠️ Pendente Cliente,W,jessica@bancodovale.org.br,-,2025-09-04 16:18:48,04/09/2025 16:18,08/09/2025 17:37,-,4.05 dias,-,-,-,-
1903876,🧾 Análise Mesa de Crédito,8,camila@bancodovale.org.br,-,2025-09-05 08:51:51,05/09/2025 08:51,08/09/2025 15:08,-,3.26 dias,-,-,-,-
1898256,⚠️ Pendente Cliente,W,jessica@bancodovale.org.br,-,2025-09-02 09:05:47,02/09/2025 09:05,08/09/2025 13:24,-,6.18 dias,-,-,-,-
1885275,🙅 Desistiu,Z,jessica@bancodovale.org.br,-,2025-08-29 09:27:57,29/08/2025 09:27,08/09/2025 13:40,-,10.18 dias,-,-,-,-
1885275,🕵️ Análise Agente de Crédito,4,jessica@bancodovale.org.br,-,2025-09-08 13:40:09,08/09/2025 13:40,08/09/2025 15:19,-,0.07 dias,-,-,-,-
1003976,📍 Definir Unidade de Atendimento,1,-,-,2024-04-02 10:37:01,02/04/2024 10:37,02/04/2024 10:37,-,0.0 dias,-,-,-,-
1003976,🕵️ Análise Agente de Crédito,4,Priscila,-,2024-04-02 10:37:20,02/04/2024 10:37,21/05/2024 13:43,-,49.13 dias,-,-,-,-
1003976,🙅 Desistiu,Z,Priscila,-,2024-05-21 13:43:59,21/05/2024 13:43,08/09/2025 15:12,-,475.06 dias,-,-,-,-
910848,🕵️ Análise Agente de Crédito,4,rio@bancodovale.org.br,-,2025-09-05 14:43:12,05/09/2025 14:43,08/09/2025 14:49,-,3.0 dias,-,-,-,-
631351,📍 Definir Unidade de Atendimento,1,-,-,2023-04-25 08:49:02,25/04/2023 08:49,25/04/2023 08:49,-,0.0 dias,-,-,-,-
631351,🕵️ Análise Agente de Crédito,4,riodosul@bancodovale.org.br,-,2023-04-25 08:49:24,25/04/2023 08:49,05/06/2023 16:53,-,41.34 dias,-,-,-,-
631351,✅ Aprovado,0,juliano@bancodovale.org.br,-,2023-06-05 16:53:43,05/06/2023 16:53,25/09/2024 10:51,-,477.75 dias,-,-,-,-
631351,🕵️ Análise Agente de Crédito,4,Priscila,-,2024-09-25 10:51:00,25/09/2024 10:51,26/09/2024 15:53,-,1.21 dias,-,-,-,-
631351,🧾 Análise Mesa de Crédito,8,Priscila,-,2024-09-26 15:53:55,26/09/2024 15:53,30/09/2024 13:08,-,3.89 dias,-,-,-,-
631351,✅ Aprovado,0,Fernando,-,2024-09-30 13:08:23,30/09/2024 13:08,08/09/2025 11:01,-,342.91 dias,-,-,-,-
65701,📍 Definir Unidade de Atendimento,1,-,-,2021-06-14 13:20:11,14/06/2021 13:20,14/06/2021 13:21,-,0.0 dias,-,-,-,-
65701,⚠️ Pendente Cliente,W,riodosul@bancodovale.org.br,-,2021-06-14 13:21:44,14/06/2021 13:21,15/06/2021 10:55,-,0.9 dias,-,-,-,-
65701,👤 Análise Coordenação,6,juliano@bancodovale.org.br,-,2021-06-15 10:55:30,15/06/2021 10:55,15/06/2021 11:54,-,0.04 dias,-,-,-,-
65701,🧾 Análise Mesa de Crédito,8,elisangela@bancodovale.org.br,-,2021-06-15 11:54:08,15/06/2021 11:54,17/06/2021 16:02,-,2.17 dias,-,-,-,-
65701,⚠️ Pendência Mesa de Crédito,9,fernandosandri@bancodovale.org.br,-,2021-06-17 16:02:30,17/06/2021 16:02,23/06/2021 14:55,-,5.95 dias,-,-,-,-
65701,✅ Aprovado,0,fernandosandri@bancodovale.org.br,-,2021-06-23 14:55:22,23/06/2021 14:55,07/12/2023 14:17,-,896.97 dias,-,-,-,-
65701,🕵️ Análise Agente de Crédito,4,Priscila,-,2023-12-07 14:17:59,07/12/2023 14:17,08/12/2023 15:51,-,1.06 dias,-,-,-,-
65701,🧾 Análise Mesa de Crédito,8,Priscila,-,2023-12-08 15:51:19,08/12/2023 15:51,27/12/2023 10:03,-,18.76 dias,-,-,-,-
65701,✅ Aprovado,0,Fernando,-,2023-12-27 10:03:21,27/12/2023 10:03,08/09/2025 11:20,-,621.05 dias,-,-,-,-
1932353,📍 Definir Unidade de Atendimento,1,-,-,2025-09-09 12:47:25,09/09/2025 12:47,09/09/2025 13:34,-,0.03 dias,-,-,-,-
1932353,🔍 Análise SPC (Serasa / SPC Brasil),2,comercialdigital@bancodovale.com.br,-,2025-09-09 13:34:29,09/09/2025 13:34,09/09/2025 13:45,-,0.01 dias,-,-,-,-
1932985,📍 Definir Unidade de Atendimento,1,-,-,2025-09-09 18:34:02,09/09/2025 18:34,09/09/2025 18:35,-,0.0 dias,-,-,-,-
1932865,📍 Definir Unidade de Atendimento,1,-,-,2025-09-09 17:01:43,09/09/2025 17:01,09/09/2025 17:01,-,0.0 dias,-,-,-,-
1932865,🕵️ Análise Agente de Crédito,4,Danielle,-,2025-09-09 17:01:54,09/09/2025 17:01,09/09/2025 17:25,-,0.02 dias,-,-,-,-
1932865,👤 Análise Coordenação,6,dennis@bancodovale.org.br,-,2025-09-09 17:25:06,09/09/2025 17:25,09/09/2025 17:43,-,0.01 dias,-,-,-,-
1932863,📍 Definir Unidade de Atendimento,1,-,-,2025-09-09 17:01:18,09/09/2025 17:01,09/09/2025 18:51,-,0.08 dias,-,-,-,-
1932850,📍 Definir Unidade de Atendimento,1,-,-,2025-09-09 16:52:22,09/09/2025 16:52,09/09/2025 16:53,-,0.0 dias,-,-,-,-
1932850,🕵️ Análise Agente de Crédito,4,Danielle,-,2025-09-09 16:53:04,09/09/2025 16:53,09/09/2025 17:25,-,0.02 dias,-,-,-,-
1932788,📍 Definir Unidade de Atendimento,1,-,-,2025-09-09 16:17:12,09/09/2025 16:17,09/09/2025 17:51,-,0.07 dias,-,-,-,-
1932765,📍 Definir Unidade de Atendimento,1,-,-,2025-09-09 16:08:32,09/09/2025 16:08,09/09/2025 16:22,-,0.01 dias,-,-,-,-
1932765,🔍 Análise SPC (Serasa / SPC Brasil),2,comercialdigital@bancodovale.com.br,-,2025-09-09 16:22:53,09/09/2025 16:22,09/09/2025 18:41,-,0.1 dias,-,-,-,-
1932736,📍 Definir Unidade de Atendimento,1,-,-,2025-09-09 15:54:14,09/09/2025 15:54,09/09/2025 15:54,-,0.0 dias,-,-,-,-
1932736,🕵️ Análise Agente de Crédito,4,Danielle,-,2025-09-09 15:54:29,09/09/2025 15:54,09/09/2025 16:22,-,0.02 dias,-,-,-,-
1932736,👤 Análise Coordenação,6,elenita@bancovale.org.br,-,2025-09-09 16:22:38,09/09/2025 16:22,09/09/2025 17:43,-,0.06 dias,-,-,-,-
1932634,📍 Definir Unidade de Atendimento,1,-,-,2025-09-09 14:59:42,09/09/2025 14:59,09/09/2025 15:00,-,0.0 dias,-,-,-,-
1932565,📍 Definir Unidade de Atendimento,1,-,-,2025-09-09 14:15:57,09/09/2025 14:15,09/09/2025 14:28,-,0.01 dias,-,-,-,-
1932560,📍 Definir Unidade de Atendimento,1,-,-,2025-09-09 14:14:39,09/09/2025 14:14,09/09/2025 14:32,-,0.01 dias,-,-,-,-
1932513,📍 Definir Unidade de Atendimento,1,-,-,2025-09-09 13:52:59,09/09/2025 13:52,09/09/2025 13:53,-,0.0 dias,-,-,-,-
1932497,📍 Definir Unidade de Atendimento,1,-,-,2025-09-09 13:44:47,09/09/2025 13:44,09/09/2025 13:45,-,0.0 dias,-,-,-,-
1932497,🕵️ Análise Agente de Crédito,4,emilia@bancodovale.org.br,-,2025-09-09 13:45:02,09/09/2025 13:45,09/09/2025 13:53,-,0.01 dias,-,-,-,-
1932497,👤 Análise Coordenação,6,elenita@bancovale.org.br,-,2025-09-09 13:53:14,09/09/2025 13:53,09/09/2025 17:43,-,0.16 dias,-,-,-,-
1932466,📍 Definir Unidade de Atendimento,1,-,-,2025-09-09 13:35:01,09/09/2025 13:35,09/09/2025 13:47,-,0.01 dias,-,-,-,-
1932466,🔍 Análise SPC (Serasa / SPC Brasil),2,comercialdigital@bancodovale.com.br,-,2025-09-09 13:47:39,09/09/2025 13:47,09/09/2025 13:57,-,0.01 dias,-,-,-,-
1932466,🕵️ Análise Agente de Crédito,4,jaragua@bancodovale.org.br,-,2025-09-09 13:57:03,09/09/2025 13:57,09/09/2025 14:07,-,0.01 dias,-,-,-,-
1932372,📍 Definir Unidade de Atendimento,1,-,-,2025-09-09 12:57:34,09/09/2025 12:57,09/09/2025 12:58,-,0.0 dias,-,-,-,-
1932252,📍 Definir Unidade de Atendimento,1,-,-,2025-09-09 11:45:45,09/09/2025 11:45,09/09/2025 12:01,-,0.01 dias,-,-,-,-
1932252,🔍 Análise SPC (Serasa / SPC Brasil),2,comercialdigital@bancodovale.com.br,-,2025-09-09 12:01:51,09/09/2025 12:01,09/09/2025 13:38,-,0.07 dias,-,-,-,-
1932199,📍 Definir Unidade de Atendimento,1,-,-,2025-09-09 11:24:04,09/09/2025 11:24,09/09/2025 11:25,-,0.0 dias,-,-,-,-
1932199,👤 Análise Coordenação,6,natalia@bancodovale.org.br,-,2025-09-09 11:25:57,09/09/2025 11:25,09/09/2025 11:26,-,0.0 dias,-,-,-,-
1932199,🕵️ Análise Agente de Crédito,4,comercialdigital@bancodovale.com.br,-,2025-09-09 11:26:04,09/09/2025 11:26,09/09/2025 12:08,-,0.03 dias,-,-,-,-
1932196,📍 Definir Unidade de Atendimento,1,-,-,2025-09-09 11:23:34,09/09/2025 11:23,09/09/2025 11:26,-,0.0 dias,-,-,-,-
1932196,🕵️ Análise Agente de Crédito,4,Bruno,-,2025-09-09 11:26:42,09/09/2025 11:26,09/09/2025 14:34,-,0.13 dias,-,-,-,-
1932167,📍 Definir Unidade de Atendimento,1,-,-,2025-09-09 11:06:40,09/09/2025 11:06,09/09/2025 11:08,-,0.0 dias,-,-,-,-
1932167,🧾 Análise Mesa de Crédito,8,Bruno,-,2025-09-09 11:08:14,09/09/2025 11:08,09/09/2025 12:50,-,0.07 dias,-,-,-,-
1932166,📍 Definir Unidade de Atendimento,1,-,-,2025-09-09 11:06:12,09/09/2025 11:06,09/09/2025 12:59,-,0.08 dias,-,-,-,-
1932147,📍 Definir Unidade de Atendimento,1,-,-,2025-09-09 10:47:50,09/09/2025 10:47,09/09/2025 10:48,-,0.0 dias,-,-,-,-
1932147,🔴 Pendência SPC,3,jaragua@bancodovale.org.br,-,2025-09-09 10:48:33,09/09/2025 10:48,09/09/2025 11:50,-,0.04 dias,-,-,-,-
1932059,📍 Definir Unidade de Atendimento,1,-,-,2025-09-09 10:05:02,09/09/2025 10:05,09/09/2025 10:15,-,0.01 dias,-,-,-,-
1932059,🕵️ Análise Agente de Crédito,4,jaragua@bancodovale.org.br,-,2025-09-09 10:15:00,09/09/2025 10:15,09/09/2025 12:57,-,0.11 dias,-,-,-,-
1932058,📍 Definir Unidade de Atendimento,1,-,-,2025-09-09 10:04:29,09/09/2025 10:04,09/09/2025 10:09,-,0.0 dias,-,-,-,-
1932058,🕵️ Análise Agente de Crédito,4,comercialdigital@bancodovale.com.br,-,2025-09-09 10:09:47,09/09/2025 10:09,09/09/2025 15:19,-,0.22 dias,-,-,-,-
1932058,👤 Análise Coordenação,6,natalia@bancodovale.org.br,-,2025-09-09 15:19:34,09/09/2025 15:19,09/09/2025 17:43,-,0.1 dias,-,-,-,-
1932043,📍 Definir Unidade de Atendimento,1,-,-,2025-09-09 09:55:29,09/09/2025 09:55,09/09/2025 09:56,-,0.0 dias,-,-,-,-
1932043,🚫 Cancelado,Y,-,-,2025-09-09 09:56:13,09/09/2025 09:56,09/09/2025 09:56,-,0.0 dias,-,-,-,-
1931992,📍 Definir Unidade de Atendimento,1,-,-,2025-09-09 09:27:35,09/09/2025 09:27,09/09/2025 09:28,-,0.0 dias,-,-,-,-
1931988,📍 Definir Unidade de Atendimento,1,-,-,2025-09-09 09:24:50,09/09/2025 09:24,09/09/2025 09:31,-,0.0 dias,-,-,-,-
1931988,🕵️ Análise Agente de Crédito,4,emilia@bancodovale.org.br,-,2025-09-09 09:31:17,09/09/2025 09:31,09/09/2025 09:49,-,0.01 dias,-,-,-,-
1931988,👤 Análise Coordenação,6,elenita@bancovale.org.br,-,2025-09-09 09:49:04,09/09/2025 09:49,09/09/2025 17:43,-,0.33 dias,-,-,-,-
1931950,📍 Definir Unidade de Atendimento,1,-,-,2025-09-09 09:05:46,09/09/2025 09:05,09/09/2025 09:06,-,0.0 dias,-,-,-,-
1931950,🕵️ Análise Agente de Crédito,4,Danielle,-,2025-09-09 09:06:38,09/09/2025 09:06,09/09/2025 15:24,-,0.26 dias,-,-,-,-
1931950,👤 Análise Coordenação,6,pierre@bancodovale.org.br,-,2025-09-09 15:24:34,09/09/2025 15:24,09/09/2025 17:43,-,0.1 dias,-,-,-,-
1931891,📍 Definir Unidade de Atendimento,1,-,-,2025-09-09 07:53:16,09/09/2025 07:53,09/09/2025 09:20,-,0.06 dias,-,-,-,-
1931891,🔍 Análise SPC (Serasa / SPC Brasil),2,comercialdigital@bancodovale.com.br,-,2025-09-09 09:20:06,09/09/2025 09:20,09/09/2025 14:53,-,0.23 dias,-,-,-,-
1931811,📍 Definir Unidade de Atendimento,1,-,-,2025-09-08 20:02:41,08/09/2025 20:02,09/09/2025 09:14,-,0.55 dias,-,-,-,-
1931811,🔍 Análise SPC (Serasa / SPC Brasil),2,comercialdigital@bancodovale.com.br,-,2025-09-09 09:14:39,09/09/2025 09:14,09/09/2025 10:49,-,0.07 dias,-,-,-,-
1931787,📍 Definir Unidade de Atendimento,1,-,-,2025-09-08 19:20:32,08/09/2025 19:20,09/09/2025 09:13,-,0.58 dias,-,-,-,-
1931787,🔍 Análise SPC (Serasa / SPC Brasil),2,comercialdigital@bancodovale.com.br,-,2025-09-09 09:13:29,09/09/2025 09:13,09/09/2025 10:14,-,0.04 dias,-,-,-,-
1931787,🕵️ Análise Agente de Crédito,4,comercialdigital@bancodovale.com.br,-,2025-09-09 10:14:29,09/09/2025 10:14,09/09/2025 11:54,-,0.07 dias,-,-,-,-
1931616,📍 Definir Unidade de Atendimento,1,-,-,2025-09-08 17:20:42,08/09/2025 17:20,09/09/2025 09:12,-,0.66 dias,-,-,-,-
1931616,🔍 Análise SPC (Serasa / SPC Brasil),2,comercialdigital@bancodovale.com.br,-,2025-09-09 09:12:25,09/09/2025 09:12,09/09/2025 09:25,-,0.01 dias,-,-,-,-
1931291,🔍 Análise SPC (Serasa / SPC Brasil),2,comercialdigital@bancodovale.com.br,-,2025-09-08 15:55:30,08/09/2025 15:55,09/09/2025 13:39,-,0.91 dias,-,-,-,-
1931097,🕵️ Análise Agente de Crédito,4,Danielle,-,2025-09-08 15:55:08,08/09/2025 15:55,09/09/2025 14:58,-,0.96 dias,-,-,-,-
1931076,🕵️ Análise Agente de Crédito,4,Danielle,-,2025-09-08 14:13:23,08/09/2025 14:13,09/09/2025 09:18,-,0.79 dias,-,-,-,-
1931031,🕵️ Análise Agente de Crédito,4,Danielle,-,2025-09-08 15:57:13,08/09/2025 15:57,09/09/2025 14:56,-,0.96 dias,-,-,-,-
1929116,🕵️ Análise Agente de Crédito,4,rio@bancodovale.org.br,-,2025-09-08 15:48:12,08/09/2025 15:48,09/09/2025 08:31,-,0.7 dias,-,-,-,-
1929074,🕵️ Análise Agente de Crédito,4,Danielle,-,2025-09-05 16:42:41,05/09/2025 16:42,09/09/2025 16:36,-,4.0 dias,-,-,-,-
1928913,🕵️ Análise Agente de Crédito,4,comercialdigital@bancodovale.com.br,-,2025-09-05 16:28:03,05/09/2025 16:28,09/09/2025 11:40,-,3.8 dias,-,-,-,-
1928891,🧾 Análise Mesa de Crédito,8,caciane@bancodovale.org.br,-,2025-09-08 15:48:12,08/09/2025 15:48,09/09/2025 12:50,-,0.88 dias,-,-,-,-
1928812,🧾 Análise Mesa de Crédito,8,roberto@bancodovale.org.br,-,2025-09-08 17:26:01,08/09/2025 17:26,09/09/2025 14:34,-,0.88 dias,-,-,-,-
1928471,🕵️ Análise Agente de Crédito,4,comercialdigital@bancodovale.com.br,-,2025-09-05 11:20:38,05/09/2025 11:20,09/09/2025 11:42,-,4.02 dias,-,-,-,-
1928463,🧾 Análise Mesa de Crédito,8,roberto@bancodovale.org.br,-,2025-09-08 17:26:01,08/09/2025 17:26,09/09/2025 15:56,-,0.94 dias,-,-,-,-
1928273,🕵️ Análise Agente de Crédito,4,comercialdigital@bancodovale.com.br,-,2025-09-05 11:17:57,05/09/2025 11:17,09/09/2025 11:41,-,4.02 dias,-,-,-,-
1927629,🕵️ Análise Agente de Crédito,4,comercialdigital@bancodovale.com.br,-,2025-09-04 17:17:46,04/09/2025 17:17,09/09/2025 11:41,-,4.77 dias,-,-,-,-
1926584,🕵️ Análise Agente de Crédito,4,Danielle,-,2025-09-04 10:16:19,04/09/2025 10:16,09/09/2025 08:34,-,4.93 dias,-,-,-,-
1926584,👤 Análise Coordenação,6,pierre@bancodovale.org.br,-,2025-09-09 08:34:40,09/09/2025 08:34,09/09/2025 17:43,-,0.38 dias,-,-,-,-
1926579,🕵️ Análise Agente de Crédito,4,Danielle,-,2025-09-04 10:10:04,04/09/2025 10:10,09/09/2025 08:35,-,4.93 dias,-,-,-,-
1919222,🧾 Análise Mesa de Crédito,8,roberto@bancodovale.org.br,-,2025-09-08 17:26:00,08/09/2025 17:26,09/09/2025 09:54,-,0.69 dias,-,-,-,-
1918561,🕵️ Análise Agente de Crédito,4,rio@bancodovale.org.br,-,2025-09-01 10:57:52,01/09/2025 10:57,09/09/2025 08:31,-,7.9 dias,-,-,-,-
1916824,🕵️ Análise Agente de Crédito,4,ivan@bancodovale.org.br,-,2025-09-01 09:11:17,01/09/2025 09:11,09/09/2025 08:32,-,7.97 dias,-,-,-,-
1907654,❌ Reprovado,X,Fernando,-,2025-08-29 16:21:04,29/08/2025 16:21,09/09/2025 17:55,-,11.07 dias,-,-,-,-
1166494,📍 Definir Unidade de Atendimento,1,-,-,2024-08-07 14:24:43,07/08/2024 14:24,07/08/2024 14:25,-,0.0 dias,-,-,-,-
1166494,🕵️ Análise Agente de Crédito,4,Priscila,-,2024-08-07 14:25:16,07/08/2024 14:25,14/08/2024 13:33,-,6.96 dias,-,-,-,-
1166494,🧾 Análise Mesa de Crédito,8,Priscila,-,2024-08-14 13:33:11,14/08/2024 13:33,14/08/2024 15:00,-,0.06 dias,-,-,-,-
1166494,❌ Reprovado,X,Fernando,-,2024-08-14 15:00:11,14/08/2024 15:00,09/09/2025 13:38,-,390.94 dias,-,-,-,-
779982,🕵️ Análise Agente de Crédito,4,rio@bancodovale.org.br,-,2025-09-02 15:03:01,02/09/2025 15:03,09/09/2025 08:34,-,6.73 dias,-,-,-,-
398512,📍 Definir Unidade de Atendimento,1,-,-,2022-07-25 10:01:40,25/07/2022 10:01,25/07/2022 10:03,-,0.0 dias,-,-,-,-
398512,🕵️ Análise Agente de Crédito,4,riodosul@bancodovale.org.br,-,2022-07-25 10:03:11,25/07/2022 10:03,26/07/2022 16:25,-,1.27 dias,-,-,-,-
398512,🧾 Análise Mesa de Crédito,8,carlos@bancodovale.org.br,-,2022-07-26 16:25:35,26/07/2022 16:25,05/09/2022 11:09,-,40.78 dias,-,-,-,-
398512,✅ Aprovado,0,fernandosandri@bancodovale.org.br,-,2022-09-05 11:09:52,05/09/2022 11:09,25/03/2024 10:50,-,566.99 dias,-,-,-,-
398512,🕵️ Análise Agente de Crédito,4,Priscila,-,2024-03-25 10:50:25,25/03/2024 10:50,26/03/2024 15:54,-,1.21 dias,-,-,-,-
398512,🧾 Análise Mesa de Crédito,8,regina@bancodovale.org.br,-,2024-03-26 15:54:53,26/03/2024 15:54,01/04/2024 10:48,-,5.79 dias,-,-,-,-
398512,✅ Aprovado,0,Fernando,-,2024-04-01 10:48:08,01/04/2024 10:48,09/09/2025 16:30,-,526.24 dias,-,-,-,-
1932353,🕵️ Análise Agente de Crédito,4,comercialdigital@bancodovale.com.br,-,2025-09-09 13:45:33,09/09/2025 13:45,10/09/2025 12:03,-,0.93 dias,-,-,-,-
1934937,📍 Definir Unidade de Atendimento,1,-,-,2025-09-10 14:14:36,10/09/2025 14:14,10/09/2025 14:51,-,0.03 dias,-,-,-,-
1934937,🔍 Análise SPC (Serasa / SPC Brasil),2,comercialdigital@bancodovale.com.br,-,2025-09-10 14:51:42,10/09/2025 14:51,10/09/2025 15:40,-,0.03 dias,-,-,-,-
1934806,📍 Definir Unidade de Atendimento,1,-,-,2025-09-10 14:06:17,10/09/2025 14:06,10/09/2025 14:50,-,0.03 dias,-,-,-,-
1934806,🔍 Análise SPC (Serasa / SPC Brasil),2,comercialdigital@bancodovale.com.br,-,2025-09-10 14:50:16,10/09/2025 14:50,10/09/2025 14:52,-,0.0 dias,-,-,-,-
1934324,📍 Definir Unidade de Atendimento,1,-,-,2025-09-10 12:47:02,10/09/2025 12:47,10/09/2025 13:46,-,0.04 dias,-,-,-,-
1934324,🔍 Análise SPC (Serasa / SPC Brasil),2,comercialdigital@bancodovale.com.br,-,2025-09-10 13:46:17,10/09/2025 13:46,10/09/2025 14:05,-,0.01 dias,-,-,-,-
1933025,📍 Definir Unidade de Atendimento,1,-,-,2025-09-09 19:38:16,09/09/2025 19:38,10/09/2025 08:49,-,0.55 dias,-,-,-,-
1933025,🔍 Análise SPC (Serasa / SPC Brasil),2,comercialdigital@bancodovale.com.br,-,2025-09-10 08:49:02,10/09/2025 08:49,10/09/2025 10:25,-,0.07 dias,-,-,-,-
1936173,📍 Definir Unidade de Atendimento,1,-,-,2025-09-10 16:16:37,10/09/2025 16:16,10/09/2025 16:17,-,0.0 dias,-,-,-,-
1936173,🔴 Pendência SPC,3,jaragua@bancodovale.org.br,-,2025-09-10 16:17:46,10/09/2025 16:17,10/09/2025 16:17,-,0.0 dias,-,-,-,-
1936024,📍 Definir Unidade de Atendimento,1,-,-,2025-09-10 15:57:27,10/09/2025 15:57,10/09/2025 15:57,-,0.0 dias,-,-,-,-
1935988,📍 Definir Unidade de Atendimento,1,-,-,2025-09-10 15:38:13,10/09/2025 15:38,10/09/2025 15:39,-,0.0 dias,-,-,-,-
1935984,📍 Definir Unidade de Atendimento,1,-,-,2025-09-10 15:37:41,10/09/2025 15:37,10/09/2025 15:43,-,0.0 dias,-,-,-,-
1935114,📍 Definir Unidade de Atendimento,1,-,-,2025-09-10 14:28:56,10/09/2025 14:28,10/09/2025 14:30,-,0.0 dias,-,-,-,-
1935028,📍 Definir Unidade de Atendimento,1,-,-,2025-09-10 14:20:41,10/09/2025 14:20,10/09/2025 14:32,-,0.01 dias,-,-,-,-
1934755,📍 Definir Unidade de Atendimento,1,-,-,2025-09-10 14:02:23,10/09/2025 14:02,10/09/2025 14:48,-,0.03 dias,-,-,-,-
1934755,🔍 Análise SPC (Serasa / SPC Brasil),2,comercialdigital@bancodovale.com.br,-,2025-09-10 14:48:53,10/09/2025 14:48,10/09/2025 15:39,-,0.03 dias,-,-,-,-
1934755,🔴 Pendência SPC,3,jaragua@bancodovale.org.br,-,2025-09-10 15:39:01,10/09/2025 15:39,10/09/2025 15:49,-,0.01 dias,-,-,-,-
1934308,📍 Definir Unidade de Atendimento,1,-,-,2025-09-10 12:30:40,10/09/2025 12:30,10/09/2025 13:45,-,0.05 dias,-,-,-,-
1934308,🔍 Análise SPC (Serasa / SPC Brasil),2,comercialdigital@bancodovale.com.br,-,2025-09-10 13:45:33,10/09/2025 13:45,10/09/2025 15:42,-,0.08 dias,-,-,-,-
1934219,📍 Definir Unidade de Atendimento,1,-,-,2025-09-10 11:32:17,10/09/2025 11:32,10/09/2025 13:45,-,0.09 dias,-,-,-,-
1934200,📍 Definir Unidade de Atendimento,1,-,-,2025-09-10 11:24:44,10/09/2025 11:24,10/09/2025 11:48,-,0.02 dias,-,-,-,-
1934200,🕵️ Análise Agente de Crédito,4,jaragua@bancodovale.org.br,-,2025-09-10 11:48:30,10/09/2025 11:48,10/09/2025 15:59,-,0.17 dias,-,-,-,-
1934145,📍 Definir Unidade de Atendimento,1,-,-,2025-09-10 11:07:41,10/09/2025 11:07,10/09/2025 11:10,-,0.0 dias,-,-,-,-
1934142,📍 Definir Unidade de Atendimento,1,-,-,2025-09-10 11:07:27,10/09/2025 11:07,10/09/2025 11:13,-,0.0 dias,-,-,-,-
1934127,📍 Definir Unidade de Atendimento,1,-,-,2025-09-10 11:05:22,10/09/2025 11:05,10/09/2025 11:08,-,0.0 dias,-,-,-,-
1933990,📍 Definir Unidade de Atendimento,1,-,-,2025-09-10 10:50:20,10/09/2025 10:50,10/09/2025 10:50,-,0.0 dias,-,-,-,-
1933864,📍 Definir Unidade de Atendimento,1,-,-,2025-09-10 10:38:09,10/09/2025 10:38,10/09/2025 10:43,-,0.0 dias,-,-,-,-
1933864,🔍 Análise SPC (Serasa / SPC Brasil),2,comercialdigital@bancodovale.com.br,-,2025-09-10 10:43:05,10/09/2025 10:43,10/09/2025 11:16,-,0.02 dias,-,-,-,-
1933733,📍 Definir Unidade de Atendimento,1,-,-,2025-09-10 10:27:05,10/09/2025 10:27,10/09/2025 10:34,-,0.01 dias,-,-,-,-
1933640,📍 Definir Unidade de Atendimento,1,-,-,2025-09-10 10:23:43,10/09/2025 10:23,10/09/2025 10:30,-,0.0 dias,-,-,-,-
1933640,🔴 Pendência SPC,3,jaragua@bancodovale.org.br,-,2025-09-10 10:30:30,10/09/2025 10:30,10/09/2025 15:56,-,0.23 dias,-,-,-,-
1933368,📍 Definir Unidade de Atendimento,1,-,-,2025-09-10 09:49:32,10/09/2025 09:49,10/09/2025 09:49,-,0.0 dias,-,-,-,-
1933363,📍 Definir Unidade de Atendimento,1,-,-,2025-09-10 09:48:31,10/09/2025 09:48,10/09/2025 09:52,-,0.0 dias,-,-,-,-
1933358,📍 Definir Unidade de Atendimento,1,-,-,2025-09-10 09:47:08,10/09/2025 09:47,10/09/2025 09:48,-,0.0 dias,-,-,-,-
1933346,📍 Definir Unidade de Atendimento,1,-,-,2025-09-10 09:39:44,10/09/2025 09:39,10/09/2025 09:40,-,0.0 dias,-,-,-,-
1933346,🕵️ Análise Agente de Crédito,4,jaragua@bancodovale.org.br,-,2025-09-10 09:40:33,10/09/2025 09:40,10/09/2025 14:01,-,0.18 dias,-,-,-,-
1933286,📍 Definir Unidade de Atendimento,1,-,-,2025-09-10 08:52:07,10/09/2025 08:52,10/09/2025 08:53,-,0.0 dias,-,-,-,-
1933237,📍 Definir Unidade de Atendimento,1,-,-,2025-09-10 08:23:23,10/09/2025 08:23,10/09/2025 08:58,-,0.02 dias,-,-,-,-
1933237,🔍 Análise SPC (Serasa / SPC Brasil),2,comercialdigital@bancodovale.com.br,-,2025-09-10 08:58:40,10/09/2025 08:58,10/09/2025 12:14,-,0.14 dias,-,-,-,-
1933237,🕵️ Análise Agente de Crédito,4,Danielle,-,2025-09-10 12:14:45,10/09/2025 12:14,10/09/2025 12:14,-,0.0 dias,-,-,-,-
1933237,🔍 Análise SPC (Serasa / SPC Brasil),2,Danielle,-,2025-09-10 12:14:58,10/09/2025 12:14,10/09/2025 13:50,-,0.07 dias,-,-,-,-
1933237,🕵️ Análise Agente de Crédito,4,Danielle,-,2025-09-10 13:50:07,10/09/2025 13:50,10/09/2025 15:52,-,0.08 dias,-,-,-,-
1933061,📍 Definir Unidade de Atendimento,1,-,-,2025-09-09 21:22:55,09/09/2025 21:22,10/09/2025 08:53,-,0.48 dias,-,-,-,-
1933038,📍 Definir Unidade de Atendimento,1,-,-,2025-09-09 20:06:49,09/09/2025 20:06,10/09/2025 08:53,-,0.53 dias,-,-,-,-
1933038,🔍 Análise SPC (Serasa / SPC Brasil),2,comercialdigital@bancodovale.com.br,-,2025-09-10 08:53:36,10/09/2025 08:53,10/09/2025 10:36,-,0.07 dias,-,-,-,-
1933027,📍 Definir Unidade de Atendimento,1,-,-,2025-09-09 19:41:25,09/09/2025 19:41,10/09/2025 08:51,-,0.55 dias,-,-,-,-
1933027,🔍 Análise SPC (Serasa / SPC Brasil),2,comercialdigital@bancodovale.com.br,-,2025-09-10 08:51:11,10/09/2025 08:51,10/09/2025 09:01,-,0.01 dias,-,-,-,-
1933027,🕵️ Análise Agente de Crédito,4,Danielle,-,2025-09-10 09:01:37,10/09/2025 09:01,10/09/2025 13:22,-,0.18 dias,-,-,-,-
1933027,👤 Análise Coordenação,6,elenita@bancovale.org.br,-,2025-09-10 13:22:33,10/09/2025 13:22,10/09/2025 16:02,-,0.11 dias,-,-,-,-
1932985,🔴 Pendência SPC,3,jaragua@bancodovale.org.br,-,2025-09-09 18:35:11,09/09/2025 18:35,10/09/2025 09:27,-,0.62 dias,-,-,-,-
1932863,🕵️ Análise Agente de Crédito,4,jaragua@bancodovale.org.br,-,2025-09-09 18:51:31,09/09/2025 18:51,10/09/2025 14:02,-,0.8 dias,-,-,-,-
1932850,👤 Análise Coordenação,6,dennis@bancodovale.org.br,-,2025-09-09 17:25:26,09/09/2025 17:25,10/09/2025 16:02,-,0.94 dias,-,-,-,-
1932765,🕵️ Análise Agente de Crédito,4,jaragua@bancodovale.org.br,-,2025-09-09 18:41:50,09/09/2025 18:41,10/09/2025 14:02,-,0.81 dias,-,-,-,-
1932565,🔍 Análise SPC (Serasa / SPC Brasil),2,comercialdigital@bancodovale.com.br,-,2025-09-09 14:28:22,09/09/2025 14:28,10/09/2025 15:10,-,1.03 dias,-,-,-,-
1932560,🕵️ Análise Agente de Crédito,4,jaragua@bancodovale.org.br,-,2025-09-09 14:32:18,09/09/2025 14:32,10/09/2025 09:26,-,0.79 dias,-,-,-,-
1932513,🕵️ Análise Agente de Crédito,4,jaragua@bancodovale.org.br,-,2025-09-09 13:53:29,09/09/2025 13:53,10/09/2025 16:00,-,1.09 dias,-,-,-,-
1932466,🔴 Pendência SPC,3,jaragua@bancodovale.org.br,-,2025-09-09 14:07:06,09/09/2025 14:07,10/09/2025 09:28,-,0.81 dias,-,-,-,-
1932166,🕵️ Análise Agente de Crédito,4,Danielle,-,2025-09-09 12:59:50,09/09/2025 12:59,10/09/2025 15:41,-,1.11 dias,-,-,-,-
1932166,👤 Análise Coordenação,6,felipe@bancodovale.org.br,-,2025-09-10 15:41:37,10/09/2025 15:41,10/09/2025 16:02,-,0.01 dias,-,-,-,-
1931891,🕵️ Análise Agente de Crédito,4,KATLIN,-,2025-09-09 14:53:01,09/09/2025 14:53,10/09/2025 10:45,-,0.83 dias,-,-,-,-
1931616,🕵️ Análise Agente de Crédito,4,jaragua@bancodovale.org.br,-,2025-09-09 09:25:26,09/09/2025 09:25,10/09/2025 09:26,-,1.0 dias,-,-,-,-
1931557,🧾 Análise Mesa de Crédito,8,Bruno,-,2025-09-08 16:41:32,08/09/2025 16:41,10/09/2025 16:49,-,2.01 dias,-,-,-,-
1931231,🧾 Análise Mesa de Crédito,8,caciane@bancodovale.org.br,-,2025-09-08 15:47:33,08/09/2025 15:47,10/09/2025 17:03,-,2.05 dias,-,-,-,-
1931118,🕵️ Análise Agente de Crédito,4,Danielle,-,2025-09-08 14:38:53,08/09/2025 14:38,10/09/2025 15:42,-,2.04 dias,-,-,-,-
1931053,🔴 Pendência SPC,3,jaragua@bancodovale.org.br,-,2025-09-08 13:58:20,08/09/2025 13:58,10/09/2025 09:28,-,1.81 dias,-,-,-,-
1930671,⚠️ Pendente Cliente,W,jessica@bancodovale.org.br,-,2025-09-08 13:09:11,08/09/2025 13:09,10/09/2025 16:09,-,2.13 dias,-,-,-,-
1929914,🕵️ Análise Agente de Crédito,4,emilia@bancodovale.org.br,-,2025-09-08 10:54:02,08/09/2025 10:54,10/09/2025 17:09,-,2.26 dias,-,-,-,-
1929196,⚠️ Pendente Cliente,W,gilmara@bancodovale.org.br,-,2025-09-08 11:19:26,08/09/2025 11:19,10/09/2025 10:07,-,1.95 dias,-,-,-,-
1929074,👤 Análise Coordenação,6,dennis@bancodovale.org.br,-,2025-09-09 16:36:23,09/09/2025 16:36,10/09/2025 16:02,-,0.98 dias,-,-,-,-
1928957,🧾 Análise Mesa de Crédito,8,roberto@bancodovale.org.br,-,2025-09-08 17:26:01,08/09/2025 17:26,10/09/2025 11:48,-,1.77 dias,-,-,-,-
1928913,👤 Análise Coordenação,6,alinef@bancodovale.org.br,-,2025-09-09 11:40:02,09/09/2025 11:40,10/09/2025 16:02,-,1.18 dias,-,-,-,-
1928878,🕵️ Análise Agente de Crédito,4,comercialdigital@bancodovale.com.br,-,2025-09-05 16:22:57,05/09/2025 16:22,10/09/2025 15:59,-,4.98 dias,-,-,-,-
1927965,🕵️ Análise Agente de Crédito,4,comercialdigital@bancodovale.com.br,-,2025-09-05 09:44:07,05/09/2025 09:44,10/09/2025 11:59,-,5.09 dias,-,-,-,-
1927406,⚠️ Pendente Cliente,W,KATLIN,-,2025-09-04 17:25:29,04/09/2025 17:25,10/09/2025 10:18,-,5.7 dias,-,-,-,-
1926584,🧾 Análise Mesa de Crédito,8,roberto@bancodovale.org.br,-,2025-09-09 17:43:25,09/09/2025 17:43,10/09/2025 09:27,-,0.66 dias,-,-,-,-
1926579,🧾 Análise Mesa de Crédito,8,pierre@bancodovale.org.br,-,2025-09-09 08:35:08,09/09/2025 08:35,10/09/2025 16:10,-,1.32 dias,-,-,-,-
1922362,⚠️ Pendente Cliente,W,alinef@bancodovale.org.br,-,2025-09-04 13:39:42,04/09/2025 13:39,10/09/2025 16:02,-,6.1 dias,-,-,-,-
1922362,👤 Análise Coordenação,6,alinef@bancodovale.org.br,-,2025-09-10 16:02:46,10/09/2025 16:02,10/09/2025 16:03,-,0.0 dias,-,-,-,-
1918561,🧾 Análise Mesa de Crédito,8,ivan@bancodovale.org.br,-,2025-09-09 08:31:45,09/09/2025 08:31,10/09/2025 11:48,-,1.14 dias,-,-,-,-
1918496,👤 Análise Coordenação,6,alinef@bancodovale.org.br,-,2025-09-08 16:21:19,08/09/2025 16:21,10/09/2025 16:04,-,1.99 dias,-,-,-,-
1912643,🕵️ Análise Agente de Crédito,4,Danielle,-,2025-08-28 09:16:49,28/08/2025 09:16,10/09/2025 14:23,-,13.21 dias,-,-,-,-
1912476,⚠️ Pendente Cliente,W,adriana@bancodovale.org.br,-,2025-08-28 16:28:20,28/08/2025 16:28,10/09/2025 14:05,-,12.9 dias,-,-,-,-
1907654,🕵️ Análise Agente de Crédito,4,jaragua@bancodovale.org.br,-,2025-09-09 17:55:09,09/09/2025 17:55,10/09/2025 09:26,-,0.65 dias,-,-,-,-
1895184,❌ Reprovado,X,gilmara@bancodovale.org.br,-,2025-08-29 13:57:24,29/08/2025 13:57,10/09/2025 11:47,-,11.91 dias,-,-,-,-
1895184,🕵️ Análise Agente de Crédito,4,jaragua@bancodovale.org.br,-,2025-09-10 11:47:34,10/09/2025 11:47,10/09/2025 11:47,-,0.0 dias,-,-,-,-
1849876,📍 Definir Unidade de Atendimento,1,-,-,2025-07-22 11:04:25,22/07/2025 11:04,22/07/2025 11:06,-,0.0 dias,-,-,-,-
1849876,🕵️ Análise Agente de Crédito,4,KATLIN,-,2025-07-22 11:06:01,22/07/2025 11:06,22/07/2025 13:41,-,0.11 dias,-,-,-,-
1849876,⚠️ Pendente Cliente,W,hilta@bancodovale.org.br,-,2025-07-22 13:41:41,22/07/2025 13:41,10/09/2025 14:12,-,50.02 dias,-,-,-,-
1849773,📍 Definir Unidade de Atendimento,1,-,-,2025-07-22 10:53:06,22/07/2025 10:53,22/07/2025 11:09,-,0.01 dias,-,-,-,-
1849773,🕵️ Análise Agente de Crédito,4,KATLIN,-,2025-07-22 11:09:41,22/07/2025 11:09,22/07/2025 13:42,-,0.11 dias,-,-,-,-
1849773,⚠️ Pendente Cliente,W,hilta@bancodovale.org.br,-,2025-07-22 13:42:19,22/07/2025 13:42,10/09/2025 14:32,-,50.03 dias,-,-,-,-
1774635,📍 Definir Unidade de Atendimento,1,-,-,2025-06-16 09:26:07,16/06/2025 09:26,16/06/2025 09:27,-,0.0 dias,-,-,-,-
1774635,🕵️ Análise Agente de Crédito,4,KATLIN,-,2025-06-16 09:27:18,16/06/2025 09:27,23/06/2025 10:48,-,7.06 dias,-,-,-,-
1774635,⚠️ Pendente Cliente,W,hilta@bancodovale.org.br,-,2025-06-23 10:48:31,23/06/2025 10:48,10/09/2025 14:30,-,79.15 dias,-,-,-,-
1481308,📍 Definir Unidade de Atendimento,1,-,-,2025-01-29 17:13:48,29/01/2025 17:13,29/01/2025 17:14,-,0.0 dias,-,-,-,-
1481308,🕵️ Análise Agente de Crédito,4,rio@bancodovale.org.br,-,2025-01-29 17:14:13,29/01/2025 17:14,04/02/2025 16:30,-,5.97 dias,-,-,-,-
1481308,🧾 Análise Mesa de Crédito,8,regina@bancodovale.org.br,-,2025-02-04 16:30:31,04/02/2025 16:30,07/02/2025 10:08,-,2.73 dias,-,-,-,-
1481308,✅ Aprovado,0,Fernando,-,2025-02-07 10:08:17,07/02/2025 10:08,10/09/2025 15:13,-,215.21 dias,-,-,-,-
1282552,📍 Definir Unidade de Atendimento,1,-,-,2024-10-28 11:12:45,28/10/2024 11:12,28/10/2024 11:13,-,0.0 dias,-,-,-,-
1282552,🕵️ Análise Agente de Crédito,4,rio@bancodovale.org.br,-,2024-10-28 11:13:53,28/10/2024 11:13,24/04/2025 10:38,-,177.98 dias,-,-,-,-
1282552,🙅 Desistiu,Z,juliano@bancodovale.org.br,-,2025-04-24 10:38:13,24/04/2025 10:38,10/09/2025 10:59,-,139.01 dias,-,-,-,-
910848,🧾 Análise Mesa de Crédito,8,regina@bancodovale.org.br,-,2025-09-08 14:49:28,08/09/2025 14:49,10/09/2025 12:29,-,1.9 dias,-,-,-,-
398512,🕵️ Análise Agente de Crédito,4,rio@bancodovale.org.br,-,2025-09-09 16:30:13,09/09/2025 16:30,10/09/2025 15:36,-,0.96 dias,-,-,-,-
102623,📍 Definir Unidade de Atendimento,1,-,-,2021-09-20 17:24:15,20/09/2021 17:24,20/09/2021 17:24,-,0.0 dias,-,-,-,-
102623,🔴 Pendência SPC,3,indaial@bancodovale.org.br,-,2021-09-20 17:24:40,20/09/2021 17:24,27/09/2021 11:03,-,6.74 dias,-,-,-,-
102623,🙅 Desistiu,Z,adriana@bancodovale.org.br,-,2021-09-27 11:03:30,27/09/2021 11:03,27/01/2022 15:23,-,122.18 dias,-,-,-,-
102623,👤 Análise Coordenação,6,adriana@bancodovale.org.br,-,2022-01-27 15:23:48,27/01/2022 15:23,27/01/2022 16:00,-,0.03 dias,-,-,-,-
102623,🧾 Análise Mesa de Crédito,8,angela@bancodovale.org.br,-,2022-01-27 16:00:12,27/01/2022 16:00,31/01/2022 11:56,-,3.83 dias,-,-,-,-
102623,✅ Aprovado,0,fernandosandri@bancodovale.org.br,-,2022-01-31 11:56:33,31/01/2022 11:56,10/09/2025 08:49,-,1317.87 dias,-,-,-,-
1932353,👤 Análise Coordenação,6,alinef@bancodovale.org.br,-,2025-09-10 12:03:48,10/09/2025 12:03,11/09/2025 14:26,-,1.1 dias,-,-,-,-
1936719,📍 Definir Unidade de Atendimento,1,-,-,2025-09-11 01:15:22,11/09/2025 01:15,11/09/2025 09:07,-,0.33 dias,-,-,-,-
1936719,🔍 Análise SPC (Serasa / SPC Brasil),2,comercialdigital@bancodovale.com.br,-,2025-09-11 09:07:28,11/09/2025 09:07,11/09/2025 09:43,-,0.02 dias,-,-,-,-
1938184,📍 Definir Unidade de Atendimento,1,-,-,2025-09-11 16:46:12,11/09/2025 16:46,11/09/2025 16:48,-,0.0 dias,-,-,-,-
1938242,📍 Definir Unidade de Atendimento,1,-,-,2025-09-11 17:09:53,11/09/2025 17:09,11/09/2025 18:08,-,0.04 dias,-,-,-,-
1938181,📍 Definir Unidade de Atendimento,1,-,-,2025-09-11 16:45:40,11/09/2025 16:45,11/09/2025 16:46,-,0.0 dias,-,-,-,-
1938180,📍 Definir Unidade de Atendimento,1,-,-,2025-09-11 16:45:23,11/09/2025 16:45,11/09/2025 16:45,-,0.0 dias,-,-,-,-
1938089,📍 Definir Unidade de Atendimento,1,-,-,2025-09-11 16:02:29,11/09/2025 16:02,11/09/2025 16:47,-,0.03 dias,-,-,-,-
1938089,🔍 Análise SPC (Serasa / SPC Brasil),2,comercialdigital@bancodovale.com.br,-,2025-09-11 16:47:42,11/09/2025 16:47,11/09/2025 18:15,-,0.06 dias,-,-,-,-
1938073,📍 Definir Unidade de Atendimento,1,-,-,2025-09-11 15:54:20,11/09/2025 15:54,11/09/2025 15:55,-,0.0 dias,-,-,-,-
1938063,📍 Definir Unidade de Atendimento,1,-,-,2025-09-11 15:48:37,11/09/2025 15:48,11/09/2025 15:58,-,0.01 dias,-,-,-,-
1938041,📍 Definir Unidade de Atendimento,1,-,-,2025-09-11 15:31:02,11/09/2025 15:31,11/09/2025 15:31,-,0.0 dias,-,-,-,-
1938036,📍 Definir Unidade de Atendimento,1,-,-,2025-09-11 15:27:02,11/09/2025 15:27,11/09/2025 15:27,-,0.0 dias,-,-,-,-
1938018,📍 Definir Unidade de Atendimento,1,-,-,2025-09-11 15:20:14,11/09/2025 15:20,11/09/2025 16:43,-,0.06 dias,-,-,-,-
1937989,📍 Definir Unidade de Atendimento,1,-,-,2025-09-11 15:00:10,11/09/2025 15:00,11/09/2025 15:56,-,0.04 dias,-,-,-,-
1937989,🔍 Análise SPC (Serasa / SPC Brasil),2,comercialdigital@bancodovale.com.br,-,2025-09-11 15:56:57,11/09/2025 15:56,11/09/2025 16:49,-,0.04 dias,-,-,-,-
1937903,📍 Definir Unidade de Atendimento,1,-,-,2025-09-11 14:19:56,11/09/2025 14:19,11/09/2025 14:20,-,0.0 dias,-,-,-,-
1937903,🔴 Pendência SPC,3,jaragua@bancodovale.org.br,-,2025-09-11 14:20:14,11/09/2025 14:20,11/09/2025 14:21,-,0.0 dias,-,-,-,-
1937897,📍 Definir Unidade de Atendimento,1,-,-,2025-09-11 14:18:12,11/09/2025 14:18,11/09/2025 14:18,-,0.0 dias,-,-,-,-
1937805,📍 Definir Unidade de Atendimento,1,-,-,2025-09-11 13:35:08,11/09/2025 13:35,11/09/2025 13:52,-,0.01 dias,-,-,-,-
1937797,📍 Definir Unidade de Atendimento,1,-,-,2025-09-11 13:32:10,11/09/2025 13:32,11/09/2025 13:32,-,0.0 dias,-,-,-,-
1937797,🕵️ Análise Agente de Crédito,4,Danielle,-,2025-09-11 13:32:25,11/09/2025 13:32,11/09/2025 17:29,-,0.16 dias,-,-,-,-
1937682,📍 Definir Unidade de Atendimento,1,-,-,2025-09-11 13:00:00,11/09/2025 13:00,11/09/2025 13:42,-,0.03 dias,-,-,-,-
1937682,🔍 Análise SPC (Serasa / SPC Brasil),2,comercialdigital@bancodovale.com.br,-,2025-09-11 13:42:01,11/09/2025 13:42,11/09/2025 15:01,-,0.06 dias,-,-,-,-
1937636,📍 Definir Unidade de Atendimento,1,-,-,2025-09-11 12:25:27,11/09/2025 12:25,11/09/2025 13:40,-,0.05 dias,-,-,-,-
1937636,🔍 Análise SPC (Serasa / SPC Brasil),2,comercialdigital@bancodovale.com.br,-,2025-09-11 13:40:31,11/09/2025 13:40,11/09/2025 14:55,-,0.05 dias,-,-,-,-
1937559,📍 Definir Unidade de Atendimento,1,-,-,2025-09-11 11:32:26,11/09/2025 11:32,11/09/2025 11:51,-,0.01 dias,-,-,-,-
1937513,📍 Definir Unidade de Atendimento,1,-,-,2025-09-11 11:06:36,11/09/2025 11:06,11/09/2025 11:12,-,0.0 dias,-,-,-,-
1937513,🕵️ Análise Agente de Crédito,4,comercialdigital@bancodovale.com.br,-,2025-09-11 11:12:01,11/09/2025 11:12,11/09/2025 11:21,-,0.01 dias,-,-,-,-
1937432,📍 Definir Unidade de Atendimento,1,-,-,2025-09-11 10:45:27,11/09/2025 10:45,11/09/2025 10:45,-,0.0 dias,-,-,-,-
1937432,🕵️ Análise Agente de Crédito,4,emilia@bancodovale.org.br,-,2025-09-11 10:45:42,11/09/2025 10:45,11/09/2025 13:37,-,0.12 dias,-,-,-,-
1937149,📍 Definir Unidade de Atendimento,1,-,-,2025-09-11 10:07:42,11/09/2025 10:07,11/09/2025 10:08,-,0.0 dias,-,-,-,-
1936906,📍 Definir Unidade de Atendimento,1,-,-,2025-09-11 09:08:56,11/09/2025 09:08,11/09/2025 09:09,-,0.0 dias,-,-,-,-
1936906,🕵️ Análise Agente de Crédito,4,Danielle,-,2025-09-11 09:09:45,11/09/2025 09:09,11/09/2025 10:04,-,0.04 dias,-,-,-,-
1936902,📍 Definir Unidade de Atendimento,1,-,-,2025-09-11 09:05:31,11/09/2025 09:05,11/09/2025 09:26,-,0.01 dias,-,-,-,-
1936902,🔍 Análise SPC (Serasa / SPC Brasil),2,comercialdigital@bancodovale.com.br,-,2025-09-11 09:26:55,11/09/2025 09:26,11/09/2025 14:40,-,0.22 dias,-,-,-,-
1936902,🕵️ Análise Agente de Crédito,4,comercialdigital@bancodovale.com.br,-,2025-09-11 14:40:51,11/09/2025 14:40,11/09/2025 15:03,-,0.02 dias,-,-,-,-
1936728,📍 Definir Unidade de Atendimento,1,-,-,2025-09-11 06:56:05,11/09/2025 06:56,11/09/2025 08:50,-,0.08 dias,-,-,-,-
1936710,📍 Definir Unidade de Atendimento,1,-,-,2025-09-10 22:59:22,10/09/2025 22:59,11/09/2025 08:57,-,0.42 dias,-,-,-,-
1936710,🔍 Análise SPC (Serasa / SPC Brasil),2,comercialdigital@bancodovale.com.br,-,2025-09-11 08:57:47,11/09/2025 08:57,11/09/2025 15:05,-,0.26 dias,-,-,-,-
1936549,📍 Definir Unidade de Atendimento,1,-,-,2025-09-10 17:40:18,10/09/2025 17:40,11/09/2025 08:54,-,0.64 dias,-,-,-,-
1936549,🔍 Análise SPC (Serasa / SPC Brasil),2,comercialdigital@bancodovale.com.br,-,2025-09-11 08:54:55,11/09/2025 08:54,11/09/2025 14:32,-,0.23 dias,-,-,-,-
1936549,🔴 Pendência SPC,3,jaragua@bancodovale.org.br,-,2025-09-11 14:32:49,11/09/2025 14:32,11/09/2025 15:37,-,0.05 dias,-,-,-,-
1936524,📍 Definir Unidade de Atendimento,1,-,-,2025-09-10 17:31:11,10/09/2025 17:31,11/09/2025 08:54,-,0.64 dias,-,-,-,-
1936524,🔍 Análise SPC (Serasa / SPC Brasil),2,comercialdigital@bancodovale.com.br,-,2025-09-11 08:54:35,11/09/2025 08:54,11/09/2025 10:06,-,0.05 dias,-,-,-,-
1936524,🕵️ Análise Agente de Crédito,4,comercialdigital@bancodovale.com.br,-,2025-09-11 10:06:16,11/09/2025 10:06,11/09/2025 10:36,-,0.02 dias,-,-,-,-
1936173,🕵️ Análise Agente de Crédito,4,jaragua@bancodovale.org.br,-,2025-09-10 16:17:47,10/09/2025 16:17,11/09/2025 14:21,-,0.92 dias,-,-,-,-
1935988,🧾 Análise Mesa de Crédito,8,Bruno,-,2025-09-10 15:39:52,10/09/2025 15:39,11/09/2025 17:17,-,1.07 dias,-,-,-,-
1935114,🕵️ Análise Agente de Crédito,4,jaragua@bancodovale.org.br,-,2025-09-10 14:30:21,10/09/2025 14:30,11/09/2025 08:59,-,0.77 dias,-,-,-,-
1934142,🕵️ Análise Agente de Crédito,4,Bruno,-,2025-09-10 11:13:07,10/09/2025 11:13,11/09/2025 09:12,-,0.92 dias,-,-,-,-
1933990,🕵️ Análise Agente de Crédito,4,jaragua@bancodovale.org.br,-,2025-09-10 10:50:42,10/09/2025 10:50,11/09/2025 10:52,-,1.0 dias,-,-,-,-
1933363,🧾 Análise Mesa de Crédito,8,Bruno,-,2025-09-10 09:52:49,10/09/2025 09:52,11/09/2025 10:58,-,1.05 dias,-,-,-,-
1933025,🔴 Pendência SPC,3,jaragua@bancodovale.org.br,-,2025-09-10 10:25:19,10/09/2025 10:25,11/09/2025 09:00,-,0.94 dias,-,-,-,-
1932865,🧾 Análise Mesa de Crédito,8,roberto@bancodovale.org.br,-,2025-09-09 17:43:24,09/09/2025 17:43,11/09/2025 12:27,-,1.78 dias,-,-,-,-
1932863,⚠️ Pendente Cliente,W,camila@bancodovale.org.br,-,2025-09-10 14:02:18,10/09/2025 14:02,11/09/2025 14:22,-,1.01 dias,-,-,-,-
1932850,🧾 Análise Mesa de Crédito,8,roberto@bancodovale.org.br,-,2025-09-10 16:02:37,10/09/2025 16:02,11/09/2025 12:30,-,0.85 dias,-,-,-,-
1932765,⚠️ Pendente Cliente,W,camila@bancodovale.org.br,-,2025-09-10 14:02:09,10/09/2025 14:02,11/09/2025 14:22,-,1.01 dias,-,-,-,-
1932736,🧾 Análise Mesa de Crédito,8,roberto@bancodovale.org.br,-,2025-09-09 17:43:24,09/09/2025 17:43,11/09/2025 08:31,-,1.62 dias,-,-,-,-
1932497,🧾 Análise Mesa de Crédito,8,roberto@bancodovale.org.br,-,2025-09-09 17:43:24,09/09/2025 17:43,11/09/2025 10:16,-,1.69 dias,-,-,-,-
1932199,🧾 Análise Mesa de Crédito,8,natalia@bancodovale.org.br,-,2025-09-09 12:08:28,09/09/2025 12:08,11/09/2025 10:04,-,1.91 dias,-,-,-,-
1932059,🧾 Análise Mesa de Crédito,8,caciane@bancodovale.org.br,-,2025-09-09 12:57:50,09/09/2025 12:57,11/09/2025 08:24,-,1.81 dias,-,-,-,-
1932058,🧾 Análise Mesa de Crédito,8,roberto@bancodovale.org.br,-,2025-09-09 17:43:25,09/09/2025 17:43,11/09/2025 12:45,-,1.79 dias,-,-,-,-
1931988,🧾 Análise Mesa de Crédito,8,roberto@bancodovale.org.br,-,2025-09-09 17:43:24,09/09/2025 17:43,11/09/2025 11:26,-,1.74 dias,-,-,-,-
1931950,🧾 Análise Mesa de Crédito,8,roberto@bancodovale.org.br,-,2025-09-09 17:43:25,09/09/2025 17:43,11/09/2025 11:29,-,1.74 dias,-,-,-,-
1931176,🧾 Análise Mesa de Crédito,8,roberto@bancodovale.org.br,-,2025-09-08 17:26:00,08/09/2025 17:26,11/09/2025 08:38,-,2.63 dias,-,-,-,-
1930951,🕵️ Análise Agente de Crédito,4,Danielle,-,2025-09-08 12:47:23,08/09/2025 12:47,11/09/2025 17:14,-,3.19 dias,-,-,-,-
1930367,🕵️ Análise Agente de Crédito,4,KATLIN,-,2025-09-08 14:59:05,08/09/2025 14:59,11/09/2025 16:34,-,3.07 dias,-,-,-,-
1927192,🧾 Análise Mesa de Crédito,8,regina@bancodovale.org.br,-,2025-09-05 15:40:24,05/09/2025 15:40,11/09/2025 10:45,-,5.79 dias,-,-,-,-
1926408,🧾 Análise Mesa de Crédito,8,ivan@bancodovale.org.br,-,2025-09-05 15:01:53,05/09/2025 15:01,11/09/2025 11:40,-,5.86 dias,-,-,-,-
1926070,🧾 Análise Mesa de Crédito,8,roberto@bancodovale.org.br,-,2025-09-08 17:26:00,08/09/2025 17:26,11/09/2025 15:56,-,2.94 dias,-,-,-,-
1921703,🧾 Análise Mesa de Crédito,8,ivan@bancodovale.org.br,-,2025-09-05 15:02:33,05/09/2025 15:02,11/09/2025 11:40,-,5.86 dias,-,-,-,-
1908397,🧾 Análise Mesa de Crédito,8,jaragua@bancodovale.org.br,-,2025-09-08 17:37:02,08/09/2025 17:37,11/09/2025 10:12,-,2.69 dias,-,-,-,-
1907654,🧾 Análise Mesa de Crédito,8,gilmara@bancodovale.org.br,-,2025-09-10 09:26:04,10/09/2025 09:26,11/09/2025 16:54,-,1.31 dias,-,-,-,-
1612156,📍 Definir Unidade de Atendimento,1,-,-,2025-04-02 17:14:12,02/04/2025 17:14,02/04/2025 17:14,-,0.0 dias,-,-,-,-
1612156,🕵️ Análise Agente de Crédito,4,rio@bancodovale.org.br,-,2025-04-02 17:14:53,02/04/2025 17:14,04/04/2025 16:05,-,1.95 dias,-,-,-,-
1612156,🧾 Análise Mesa de Crédito,8,regina@bancodovale.org.br,-,2025-04-04 16:05:54,04/04/2025 16:05,08/04/2025 15:33,-,3.98 dias,-,-,-,-
1612156,✅ Aprovado,0,Fernando,-,2025-04-08 15:33:55,08/04/2025 15:33,11/09/2025 09:26,-,155.74 dias,-,-,-,-
1282552,🕵️ Análise Agente de Crédito,4,rio@bancodovale.org.br,-,2025-09-10 10:59:40,10/09/2025 10:59,11/09/2025 09:24,-,0.93 dias,-,-,-,-
1166494,🕵️ Análise Agente de Crédito,4,rio@bancodovale.org.br,-,2025-09-09 13:38:26,09/09/2025 13:38,11/09/2025 11:28,-,1.91 dias,-,-,-,-
513674,🧾 Análise Mesa de Crédito,8,rejane@bancodovale.org.br,-,2025-09-04 08:52:49,04/09/2025 08:52,11/09/2025 15:59,-,7.3 dias,-,-,-,-
102623,🧾 Análise Mesa de Crédito,8,adriana@bancodovale.org.br,-,2025-09-10 08:49:57,10/09/2025 08:49,11/09/2025 15:39,-,1.28 dias,-,-,-,-
65701,🕵️ Análise Agente de Crédito,4,rio@bancodovale.org.br,-,2025-09-08 11:20:51,08/09/2025 11:20,11/09/2025 11:29,-,3.01 dias,-,-,-,-
26107,📍 Definir Unidade de Atendimento,1,-,-,2021-01-13 13:55:05,13/01/2021 13:55,13/01/2021 13:55,-,0.0 dias,-,-,-,-
26107,🕵️ Análise Agente de Crédito,4,riodosul@bancodovale.org.br,-,2021-01-13 13:55:42,13/01/2021 13:55,15/01/2021 10:34,-,1.86 dias,-,-,-,-
26107,🧾 Análise Mesa de Crédito,8,angela@bancodovale.org.br,-,2021-01-15 10:34:02,15/01/2021 10:34,15/01/2021 11:46,-,0.05 dias,-,-,-,-
26107,✅ Aprovado,0,fernandosandri@bancodovale.org.br,-,2021-01-15 11:46:25,15/01/2021 11:46,04/03/2025 13:39,-,1509.08 dias,-,-,-,-
26107,🕵️ Análise Agente de Crédito,4,rio@bancodovale.org.br,-,2025-03-04 13:39:16,04/03/2025 13:39,02/06/2025 13:58,-,90.01 dias,-,-,-,-
26107,🙅 Desistiu,Z,regina@bancodovale.org.br,-,2025-06-02 13:58:37,02/06/2025 13:58,11/09/2025 13:31,-,100.98 dias,-,-,-,-
1932353,🧾 Análise Mesa de Crédito,8,alinef@bancodovale.org.br,-,2025-09-11 14:26:01,11/09/2025 14:26,12/09/2025 14:38,-,1.01 dias,-,-,-,-
1800672,📍 Definir Unidade de Atendimento,1,-,-,2025-06-30 09:58:56,30/06/2025 09:58,30/06/2025 10:14,-,0.01 dias,-,-,-,-
1800672,🔍 Análise SPC (Serasa / SPC Brasil),2,comercialdigital@bancodovale.org.br,-,2025-06-30 10:14:56,30/06/2025 10:14,30/06/2025 11:08,-,0.04 dias,-,-,-,-
1800672,🕵️ Análise Agente de Crédito,4,comercialdigital@bancodovale.org.br,-,2025-06-30 11:08:15,30/06/2025 11:08,30/06/2025 11:29,-,0.01 dias,-,-,-,-
1800672,⚠️ Pendente Cliente,W,natalia@bancodovale.org.br,-,2025-06-30 11:29:15,30/06/2025 11:29,12/09/2025 15:02,-,74.15 dias,-,-,-,-
1939661,📍 Definir Unidade de Atendimento,1,-,-,2025-09-12 18:37:03,12/09/2025 18:37,12/09/2025 18:37,-,0.0 dias,-,-,-,-
1939615,📍 Definir Unidade de Atendimento,1,-,-,2025-09-12 17:33:55,12/09/2025 17:33,12/09/2025 17:56,-,0.02 dias,-,-,-,-
1939580,📍 Definir Unidade de Atendimento,1,-,-,2025-09-12 17:14:57,12/09/2025 17:14,12/09/2025 17:15,-,0.0 dias,-,-,-,-
1939580,🕵️ Análise Agente de Crédito,4,jaragua@bancodovale.org.br,-,2025-09-12 17:15:26,12/09/2025 17:15,12/09/2025 17:16,-,0.0 dias,-,-,-,-
1939535,📍 Definir Unidade de Atendimento,1,-,-,2025-09-12 16:49:21,12/09/2025 16:49,12/09/2025 16:54,-,0.0 dias,-,-,-,-
1939499,📍 Definir Unidade de Atendimento,1,-,-,2025-09-12 16:30:40,12/09/2025 16:30,12/09/2025 16:34,-,0.0 dias,-,-,-,-
1939492,📍 Definir Unidade de Atendimento,1,-,-,2025-09-12 16:24:54,12/09/2025 16:24,12/09/2025 16:25,-,0.0 dias,-,-,-,-
1939476,📍 Definir Unidade de Atendimento,1,-,-,2025-09-12 16:17:24,12/09/2025 16:17,12/09/2025 16:17,-,0.0 dias,-,-,-,-
1939474,📍 Definir Unidade de Atendimento,1,-,-,2025-09-12 16:16:33,12/09/2025 16:16,12/09/2025 16:19,-,0.0 dias,-,-,-,-
1939419,📍 Definir Unidade de Atendimento,1,-,-,2025-09-12 15:46:40,12/09/2025 15:46,12/09/2025 15:46,-,0.0 dias,-,-,-,-
1939412,📍 Definir Unidade de Atendimento,1,-,-,2025-09-12 15:40:31,12/09/2025 15:40,12/09/2025 15:41,-,0.0 dias,-,-,-,-
1939412,🔴 Pendência SPC,3,jaragua@bancodovale.org.br,-,2025-09-12 15:41:22,12/09/2025 15:41,12/09/2025 16:29,-,0.03 dias,-,-,-,-
1939404,📍 Definir Unidade de Atendimento,1,-,-,2025-09-12 15:36:06,12/09/2025 15:36,12/09/2025 15:36,-,0.0 dias,-,-,-,-
1939404,🕵️ Análise Agente de Crédito,4,jaragua@bancodovale.org.br,-,2025-09-12 15:36:21,12/09/2025 15:36,12/09/2025 16:28,-,0.04 dias,-,-,-,-
1939324,📍 Definir Unidade de Atendimento,1,-,-,2025-09-12 14:45:38,12/09/2025 14:45,12/09/2025 14:46,-,0.0 dias,-,-,-,-
1939324,🕵️ Análise Agente de Crédito,4,jaragua@bancodovale.org.br,-,2025-09-12 14:46:39,12/09/2025 14:46,12/09/2025 14:47,-,0.0 dias,-,-,-,-
1939166,📍 Definir Unidade de Atendimento,1,-,-,2025-09-12 13:18:16,12/09/2025 13:18,12/09/2025 14:11,-,0.04 dias,-,-,-,-
1939157,📍 Definir Unidade de Atendimento,1,-,-,2025-09-12 13:13:42,12/09/2025 13:13,12/09/2025 14:01,-,0.03 dias,-,-,-,-
1939157,🔍 Análise SPC (Serasa / SPC Brasil),2,comercialdigital@bancodovale.com.br,-,2025-09-12 14:01:40,12/09/2025 14:01,12/09/2025 17:27,-,0.14 dias,-,-,-,-
1939138,📍 Definir Unidade de Atendimento,1,-,-,2025-09-12 13:00:26,12/09/2025 13:00,12/09/2025 13:57,-,0.04 dias,-,-,-,-
1939084,📍 Definir Unidade de Atendimento,1,-,-,2025-09-12 12:02:25,12/09/2025 12:02,12/09/2025 12:02,-,0.0 dias,-,-,-,-
1939084,🕵️ Análise Agente de Crédito,4,comercialdigital@bancodovale.com.br,-,2025-09-12 12:02:48,12/09/2025 12:02,12/09/2025 14:08,-,0.09 dias,-,-,-,-
1939004,📍 Definir Unidade de Atendimento,1,-,-,2025-09-12 11:19:34,12/09/2025 11:19,12/09/2025 14:48,-,0.15 dias,-,-,-,-
1939004,🕵️ Análise Agente de Crédito,4,jaragua@bancodovale.org.br,-,2025-09-12 14:48:53,12/09/2025 14:48,12/09/2025 15:04,-,0.01 dias,-,-,-,-
1938694,📍 Definir Unidade de Atendimento,1,-,-,2025-09-12 09:57:05,12/09/2025 09:57,12/09/2025 11:02,-,0.05 dias,-,-,-,-
1938694,🔍 Análise SPC (Serasa / SPC Brasil),2,comercialdigital@bancodovale.com.br,-,2025-09-12 11:02:05,12/09/2025 11:02,12/09/2025 13:47,-,0.11 dias,-,-,-,-
1938694,🕵️ Análise Agente de Crédito,4,comercialdigital@bancodovale.com.br,-,2025-09-12 13:47:28,12/09/2025 13:47,12/09/2025 13:57,-,0.01 dias,-,-,-,-
1938600,📍 Definir Unidade de Atendimento,1,-,-,2025-09-12 08:48:47,12/09/2025 08:48,12/09/2025 09:04,-,0.01 dias,-,-,-,-
1938600,🔍 Análise SPC (Serasa / SPC Brasil),2,comercialdigital@bancodovale.com.br,-,2025-09-12 09:04:34,12/09/2025 09:04,12/09/2025 13:38,-,0.19 dias,-,-,-,-
1938600,🕵️ Análise Agente de Crédito,4,comercialdigital@bancodovale.com.br,-,2025-09-12 13:38:16,12/09/2025 13:38,12/09/2025 13:57,-,0.01 dias,-,-,-,-
1938587,📍 Definir Unidade de Atendimento,1,-,-,2025-09-12 08:38:40,12/09/2025 08:38,12/09/2025 08:42,-,0.0 dias,-,-,-,-
1938392,📍 Definir Unidade de Atendimento,1,-,-,2025-09-11 19:50:09,11/09/2025 19:50,12/09/2025 08:33,-,0.53 dias,-,-,-,-
1938392,🔍 Análise SPC (Serasa / SPC Brasil),2,comercialdigital@bancodovale.com.br,-,2025-09-12 08:33:58,12/09/2025 08:33,12/09/2025 08:38,-,0.0 dias,-,-,-,-
1938184,🔍 Análise SPC (Serasa / SPC Brasil),2,comercialdigital@bancodovale.com.br,-,2025-09-11 16:48:35,11/09/2025 16:48,12/09/2025 14:02,-,0.88 dias,-,-,-,-
1938181,🕵️ Análise Agente de Crédito,4,comercialdigital@bancodovale.com.br,-,2025-09-11 16:46:07,11/09/2025 16:46,12/09/2025 15:31,-,0.95 dias,-,-,-,-
1938180,🕵️ Análise Agente de Crédito,4,jaragua@bancodovale.org.br,-,2025-09-11 16:45:31,11/09/2025 16:45,12/09/2025 14:00,-,0.89 dias,-,-,-,-
1938089,🕵️ Análise Agente de Crédito,4,jaragua@bancodovale.org.br,-,2025-09-11 18:15:11,11/09/2025 18:15,12/09/2025 14:00,-,0.82 dias,-,-,-,-
1938063,🔍 Análise SPC (Serasa / SPC Brasil),2,comercialdigital@bancodovale.com.br,-,2025-09-11 15:58:48,11/09/2025 15:58,12/09/2025 16:17,-,1.01 dias,-,-,-,-
1937989,🕵️ Análise Agente de Crédito,4,Danielle,-,2025-09-11 16:49:38,11/09/2025 16:49,12/09/2025 16:30,-,0.99 dias,-,-,-,-
1937805,🕵️ Análise Agente de Crédito,4,jaragua@bancodovale.org.br,-,2025-09-11 13:52:57,11/09/2025 13:52,12/09/2025 14:01,-,1.01 dias,-,-,-,-
1937797,👤 Análise Coordenação,6,dennis@bancodovale.org.br,-,2025-09-11 17:29:29,11/09/2025 17:29,12/09/2025 08:46,-,0.64 dias,-,-,-,-
1937513,👤 Análise Coordenação,6,natalia@bancodovale.org.br,-,2025-09-11 11:21:09,11/09/2025 11:21,12/09/2025 08:20,-,0.87 dias,-,-,-,-
1937513,🧾 Análise Mesa de Crédito,8,natalia@bancodovale.org.br,-,2025-09-12 08:20:49,12/09/2025 08:20,12/09/2025 09:47,-,0.06 dias,-,-,-,-
1936906,👤 Análise Coordenação,6,dennis@bancodovale.org.br,-,2025-09-11 10:04:15,11/09/2025 10:04,12/09/2025 08:46,-,0.95 dias,-,-,-,-
1936710,🕵️ Análise Agente de Crédito,4,jaragua@bancodovale.org.br,-,2025-09-11 15:05:06,11/09/2025 15:05,12/09/2025 14:01,-,0.96 dias,-,-,-,-
1936024,🕵️ Análise Agente de Crédito,4,Danielle,-,2025-09-10 15:57:40,10/09/2025 15:57,12/09/2025 14:21,-,1.93 dias,-,-,-,-
1935984,🔴 Pendência SPC,3,jaragua@bancodovale.org.br,-,2025-09-10 15:43:47,10/09/2025 15:43,12/09/2025 14:04,-,1.93 dias,-,-,-,-
1934308,🕵️ Análise Agente de Crédito,4,jaragua@bancodovale.org.br,-,2025-09-10 15:42:33,10/09/2025 15:42,12/09/2025 15:04,-,1.97 dias,-,-,-,-
1934200,⚠️ Pendente Cliente,W,jessica@bancodovale.org.br,-,2025-09-10 15:59:51,10/09/2025 15:59,12/09/2025 16:34,-,2.02 dias,-,-,-,-
1934145,🔴 Pendência SPC,3,jaragua@bancodovale.org.br,-,2025-09-10 11:10:30,10/09/2025 11:10,12/09/2025 14:02,-,2.12 dias,-,-,-,-
1934127,🔴 Pendência SPC,3,jaragua@bancodovale.org.br,-,2025-09-10 11:08:37,10/09/2025 11:08,12/09/2025 14:03,-,2.12 dias,-,-,-,-
1933368,🕵️ Análise Agente de Crédito,4,rio@bancodovale.org.br,-,2025-09-10 09:49:58,10/09/2025 09:49,12/09/2025 09:07,-,1.97 dias,-,-,-,-
1933358,🔴 Pendência SPC,3,jaragua@bancodovale.org.br,-,2025-09-10 09:48:09,10/09/2025 09:48,12/09/2025 15:03,-,2.22 dias,-,-,-,-
1933027,🧾 Análise Mesa de Crédito,8,roberto@bancodovale.org.br,-,2025-09-10 16:02:38,10/09/2025 16:02,12/09/2025 09:39,-,1.73 dias,-,-,-,-
1932788,🕵️ Análise Agente de Crédito,4,jaragua@bancodovale.org.br,-,2025-09-09 17:51:27,09/09/2025 17:51,12/09/2025 15:04,-,2.88 dias,-,-,-,-
1932560,⚠️ Pendente Cliente,W,gilmara@bancodovale.org.br,-,2025-09-10 09:26:26,10/09/2025 09:26,12/09/2025 12:46,-,2.14 dias,-,-,-,-
1932513,⚠️ Pendente Cliente,W,jessica@bancodovale.org.br,-,2025-09-10 16:00:21,10/09/2025 16:00,12/09/2025 08:54,-,1.7 dias,-,-,-,-
1932147,⚠️ Pendente Cliente,W,jessica@bancodovale.org.br,-,2025-09-09 11:50:15,09/09/2025 11:50,12/09/2025 16:31,-,3.2 dias,-,-,-,-
1931992,🔴 Pendência SPC,3,jaragua@bancodovale.org.br,-,2025-09-09 09:28:10,09/09/2025 09:28,12/09/2025 13:40,-,3.18 dias,-,-,-,-
1931891,⚠️ Pendente Cliente,W,rejane@bancodovale.org.br,-,2025-09-10 10:45:42,10/09/2025 10:45,12/09/2025 15:07,-,2.18 dias,-,-,-,-
1930359,🧾 Análise Mesa de Crédito,8,caciane@bancodovale.org.br,-,2025-09-08 17:09:02,08/09/2025 17:09,12/09/2025 11:12,-,3.75 dias,-,-,-,-
1929196,🧾 Análise Mesa de Crédito,8,gilmara@bancodovale.org.br,-,2025-09-10 10:07:58,10/09/2025 10:07,12/09/2025 16:59,-,2.29 dias,-,-,-,-
1928913,🧾 Análise Mesa de Crédito,8,roberto@bancodovale.org.br,-,2025-09-10 16:02:38,10/09/2025 16:02,12/09/2025 15:15,-,1.97 dias,-,-,-,-
1928676,🕵️ Análise Agente de Crédito,4,Danielle,-,2025-09-05 13:11:38,05/09/2025 13:11,12/09/2025 13:01,-,6.99 dias,-,-,-,-
1922362,🧾 Análise Mesa de Crédito,8,roberto@bancodovale.org.br,-,2025-09-10 16:03:30,10/09/2025 16:03,12/09/2025 15:50,-,1.99 dias,-,-,-,-
1895184,🧾 Análise Mesa de Crédito,8,jaragua@bancodovale.org.br,-,2025-09-10 11:47:41,10/09/2025 11:47,12/09/2025 09:28,-,1.9 dias,-,-,-,-
1282552,🧾 Análise Mesa de Crédito,8,juliano@bancodovale.org.br,-,2025-09-11 09:24:20,11/09/2025 09:24,12/09/2025 16:10,-,1.28 dias,-,-,-,-
1172951,📍 Definir Unidade de Atendimento,1,-,-,2024-08-13 09:19:33,13/08/2024 09:19,13/08/2024 09:20,-,0.0 dias,-,-,-,-
1172951,🕵️ Análise Agente de Crédito,4,Priscila,-,2024-08-13 09:20:36,13/08/2024 09:20,14/08/2024 14:20,-,1.21 dias,-,-,-,-
1172951,🧾 Análise Mesa de Crédito,8,Priscila,-,2024-08-14 14:20:25,14/08/2024 14:20,15/08/2024 09:58,-,0.82 dias,-,-,-,-
1172951,✅ Aprovado,0,Fernando,-,2024-08-15 09:58:14,15/08/2024 09:58,12/09/2025 13:34,-,393.15 dias,-,-,-,-
877188,📍 Definir Unidade de Atendimento,1,-,-,2023-11-16 10:33:26,16/11/2023 10:33,16/11/2023 10:39,-,0.0 dias,-,-,-,-
877188,🕵️ Análise Agente de Crédito,4,Priscila,-,2023-11-16 10:39:14,16/11/2023 10:39,28/11/2023 10:36,-,12.0 dias,-,-,-,-
877188,🧾 Análise Mesa de Crédito,8,elton@bancodovale.org.br,-,2023-11-28 10:36:53,28/11/2023 10:36,30/11/2023 10:32,-,2.0 dias,-,-,-,-
877188,✅ Aprovado,0,Fernando,-,2023-11-30 10:32:04,30/11/2023 10:32,16/05/2024 14:47,-,168.18 dias,-,-,-,-
877188,🕵️ Análise Agente de Crédito,4,Priscila,-,2024-05-16 14:47:04,16/05/2024 14:47,21/05/2024 11:06,-,4.85 dias,-,-,-,-
877188,🧾 Análise Mesa de Crédito,8,regina@bancodovale.org.br,-,2024-05-21 11:06:38,21/05/2024 11:06,21/05/2024 11:55,-,0.03 dias,-,-,-,-
877188,✅ Aprovado,0,Fernando,-,2024-05-21 11:55:53,21/05/2024 11:55,12/09/2025 11:18,-,478.97 dias,-,-,-,-
634121,🕵️ Análise Agente de Crédito,4,rio@bancodovale.org.br,-,2025-08-20 09:45:10,20/08/2025 09:45,12/09/2025 14:08,-,23.18 dias,-,-,-,-
589331,📍 Definir Unidade de Atendimento,1,-,-,2023-03-17 14:38:42,17/03/2023 14:38,17/03/2023 14:39,-,0.0 dias,-,-,-,-
589331,🕵️ Análise Agente de Crédito,4,riodosul@bancodovale.org.br,-,2023-03-17 14:39:07,17/03/2023 14:39,27/03/2023 09:19,-,9.78 dias,-,-,-,-
589331,🧾 Análise Mesa de Crédito,8,juliano@bancodovale.org.br,-,2023-03-27 09:19:48,27/03/2023 09:19,29/03/2023 14:58,-,2.23 dias,-,-,-,-
589331,✅ Aprovado,0,fernandosandri@bancodovale.org.br,-,2023-03-29 14:58:05,29/03/2023 14:58,04/03/2024 09:32,-,340.77 dias,-,-,-,-
589331,🕵️ Análise Agente de Crédito,4,Priscila,-,2024-03-04 09:32:34,04/03/2024 09:32,11/03/2024 15:59,-,7.27 dias,-,-,-,-
589331,🧾 Análise Mesa de Crédito,8,juliano@bancodovale.org.br,-,2024-03-11 15:59:03,11/03/2024 15:59,19/03/2024 15:22,-,7.97 dias,-,-,-,-
589331,✅ Aprovado,0,Fernando,-,2024-03-19 15:22:18,19/03/2024 15:22,12/09/2025 08:42,-,541.72 dias,-,-,-,-
384234,📍 Definir Unidade de Atendimento,1,-,-,2022-07-14 10:51:48,14/07/2022 10:51,14/07/2022 10:52,-,0.0 dias,-,-,-,-
384234,🕵️ Análise Agente de Crédito,4,riodosul@bancodovale.org.br,-,2022-07-14 10:52:07,14/07/2022 10:52,15/07/2022 15:31,-,1.19 dias,-,-,-,-
384234,🧾 Análise Mesa de Crédito,8,riodosul@bancodovale.org.br,-,2022-07-15 15:31:27,15/07/2022 15:31,05/09/2022 11:06,-,51.82 dias,-,-,-,-
384234,✅ Aprovado,0,fernandosandri@bancodovale.org.br,-,2022-09-05 11:06:24,05/09/2022 11:06,12/09/2025 13:33,-,1103.1 dias,-,-,-,-
1941886,📍 Definir Unidade de Atendimento,1,-,-,2025-09-15 15:28:01,15/09/2025 15:28,15/09/2025 17:09,-,0.07 dias,-,-,-,-
1941800,📍 Definir Unidade de Atendimento,1,-,-,2025-09-15 15:17:29,15/09/2025 15:17,15/09/2025 17:03,-,0.07 dias,-,-,-,-
1942154,📍 Definir Unidade de Atendimento,1,-,-,2025-09-15 17:00:10,15/09/2025 17:00,15/09/2025 17:11,-,0.01 dias,-,-,-,-
1942154,🔍 Análise SPC (Serasa / SPC Brasil),2,comercialdigital@bancodovale.com.br,-,2025-09-15 17:11:40,15/09/2025 17:11,15/09/2025 17:59,-,0.03 dias,-,-,-,-
1942111,📍 Definir Unidade de Atendimento,1,-,-,2025-09-15 16:39:35,15/09/2025 16:39,15/09/2025 16:41,-,0.0 dias,-,-,-,-
1942110,📍 Definir Unidade de Atendimento,1,-,-,2025-09-15 16:39:33,15/09/2025 16:39,15/09/2025 16:42,-,0.0 dias,-,-,-,-
1942066,📍 Definir Unidade de Atendimento,1,-,-,2025-09-15 16:12:20,15/09/2025 16:12,15/09/2025 16:13,-,0.0 dias,-,-,-,-
1942038,📍 Definir Unidade de Atendimento,1,-,-,2025-09-15 15:56:30,15/09/2025 15:56,15/09/2025 15:57,-,0.0 dias,-,-,-,-
1941582,📍 Definir Unidade de Atendimento,1,-,-,2025-09-15 14:41:01,15/09/2025 14:41,15/09/2025 14:41,-,0.0 dias,-,-,-,-
1941582,🔍 Análise SPC (Serasa / SPC Brasil),2,comercialdigital@bancodovale.com.br,-,2025-09-15 14:41:43,15/09/2025 14:41,15/09/2025 15:21,-,0.03 dias,-,-,-,-
1941582,🕵️ Análise Agente de Crédito,4,Danielle,-,2025-09-15 15:21:19,15/09/2025 15:21,15/09/2025 15:22,-,0.0 dias,-,-,-,-
1941582,🔍 Análise SPC (Serasa / SPC Brasil),2,Danielle,-,2025-09-15 15:22:22,15/09/2025 15:22,15/09/2025 15:31,-,0.01 dias,-,-,-,-
1941580,📍 Definir Unidade de Atendimento,1,-,-,2025-09-15 14:40:50,15/09/2025 14:40,15/09/2025 14:41,-,0.0 dias,-,-,-,-
1941580,🕵️ Análise Agente de Crédito,4,comercialdigital@bancodovale.com.br,-,2025-09-15 14:41:06,15/09/2025 14:41,15/09/2025 15:27,-,0.03 dias,-,-,-,-
1941580,👤 Análise Coordenação,6,natalia@bancodovale.org.br,-,2025-09-15 15:27:25,15/09/2025 15:27,15/09/2025 16:57,-,0.06 dias,-,-,-,-
1941511,📍 Definir Unidade de Atendimento,1,-,-,2025-09-15 14:32:35,15/09/2025 14:32,15/09/2025 15:15,-,0.03 dias,-,-,-,-
1941423,📍 Definir Unidade de Atendimento,1,-,-,2025-09-15 14:17:00,15/09/2025 14:17,15/09/2025 14:27,-,0.01 dias,-,-,-,-
1941365,📍 Definir Unidade de Atendimento,1,-,-,2025-09-15 14:06:28,15/09/2025 14:06,15/09/2025 14:06,-,0.0 dias,-,-,-,-
1941365,🕵️ Análise Agente de Crédito,4,emilia@bancodovale.org.br,-,2025-09-15 14:06:40,15/09/2025 14:06,15/09/2025 14:15,-,0.01 dias,-,-,-,-
1941356,📍 Definir Unidade de Atendimento,1,-,-,2025-09-15 14:00:46,15/09/2025 14:00,15/09/2025 14:20,-,0.01 dias,-,-,-,-
1941356,🔴 Pendência SPC,3,jaragua@bancodovale.org.br,-,2025-09-15 14:20:53,15/09/2025 14:20,15/09/2025 14:21,-,0.0 dias,-,-,-,-
1940920,📍 Definir Unidade de Atendimento,1,-,-,2025-09-15 11:57:14,15/09/2025 11:57,15/09/2025 11:57,-,0.0 dias,-,-,-,-
1940906,📍 Definir Unidade de Atendimento,1,-,-,2025-09-15 11:51:23,15/09/2025 11:51,15/09/2025 13:01,-,0.05 dias,-,-,-,-
1940906,🕵️ Análise Agente de Crédito,4,comercialdigital@bancodovale.com.br,-,2025-09-15 13:01:56,15/09/2025 13:01,15/09/2025 15:59,-,0.12 dias,-,-,-,-
1940906,👤 Análise Coordenação,6,alinef@bancodovale.org.br,-,2025-09-15 15:59:08,15/09/2025 15:59,15/09/2025 15:59,-,0.0 dias,-,-,-,-
1940861,📍 Definir Unidade de Atendimento,1,-,-,2025-09-15 11:35:59,15/09/2025 11:35,15/09/2025 11:37,-,0.0 dias,-,-,-,-
1940577,📍 Definir Unidade de Atendimento,1,-,-,2025-09-15 10:32:04,15/09/2025 10:32,15/09/2025 10:55,-,0.02 dias,-,-,-,-
1940466,📍 Definir Unidade de Atendimento,1,-,-,2025-09-15 10:02:31,15/09/2025 10:02,15/09/2025 10:02,-,0.0 dias,-,-,-,-
1940457,📍 Definir Unidade de Atendimento,1,-,-,2025-09-15 09:57:30,15/09/2025 09:57,15/09/2025 09:58,-,0.0 dias,-,-,-,-
1940440,📍 Definir Unidade de Atendimento,1,-,-,2025-09-15 09:49:54,15/09/2025 09:49,15/09/2025 09:52,-,0.0 dias,-,-,-,-
1940394,📍 Definir Unidade de Atendimento,1,-,-,2025-09-15 09:24:06,15/09/2025 09:24,15/09/2025 09:59,-,0.02 dias,-,-,-,-
1940394,🔍 Análise SPC (Serasa / SPC Brasil),2,comercialdigital@bancodovale.com.br,-,2025-09-15 09:59:03,15/09/2025 09:59,15/09/2025 10:43,-,0.03 dias,-,-,-,-
1940394,🕵️ Análise Agente de Crédito,4,comercialdigital@bancodovale.com.br,-,2025-09-15 10:43:41,15/09/2025 10:43,15/09/2025 10:48,-,0.0 dias,-,-,-,-
1940391,📍 Definir Unidade de Atendimento,1,-,-,2025-09-15 09:22:27,15/09/2025 09:22,15/09/2025 09:22,-,0.0 dias,-,-,-,-
1940391,🕵️ Análise Agente de Crédito,4,Danielle,-,2025-09-15 09:22:54,15/09/2025 09:22,15/09/2025 15:46,-,0.27 dias,-,-,-,-
1940362,📍 Definir Unidade de Atendimento,1,-,-,2025-09-15 08:59:54,15/09/2025 08:59,15/09/2025 09:56,-,0.04 dias,-,-,-,-
1940362,🔍 Análise SPC (Serasa / SPC Brasil),2,comercialdigital@bancodovale.com.br,-,2025-09-15 09:56:02,15/09/2025 09:56,15/09/2025 12:06,-,0.09 dias,-,-,-,-
1940234,📍 Definir Unidade de Atendimento,1,-,-,2025-09-14 20:31:02,14/09/2025 20:31,15/09/2025 08:55,-,0.52 dias,-,-,-,-
1940234,🔍 Análise SPC (Serasa / SPC Brasil),2,comercialdigital@bancodovale.com.br,-,2025-09-15 08:55:21,15/09/2025 08:55,15/09/2025 16:25,-,0.31 dias,-,-,-,-
1940199,📍 Definir Unidade de Atendimento,1,-,-,2025-09-14 14:27:15,14/09/2025 14:27,15/09/2025 08:54,-,0.77 dias,-,-,-,-
1940199,🔍 Análise SPC (Serasa / SPC Brasil),2,comercialdigital@bancodovale.com.br,-,2025-09-15 08:54:23,15/09/2025 08:54,15/09/2025 11:45,-,0.12 dias,-,-,-,-
1940199,🔴 Pendência SPC,3,KATLIN,-,2025-09-15 11:45:20,15/09/2025 11:45,15/09/2025 15:13,-,0.14 dias,-,-,-,-
1940021,📍 Definir Unidade de Atendimento,1,-,-,2025-09-13 21:36:19,13/09/2025 21:36,15/09/2025 08:53,-,1.47 dias,-,-,-,-
1940021,🔍 Análise SPC (Serasa / SPC Brasil),2,comercialdigital@bancodovale.com.br,-,2025-09-15 08:53:38,15/09/2025 08:53,15/09/2025 10:54,-,0.08 dias,-,-,-,-
1940021,🔴 Pendência SPC,3,KATLIN,-,2025-09-15 10:54:17,15/09/2025 10:54,15/09/2025 15:17,-,0.18 dias,-,-,-,-
1940015,📍 Definir Unidade de Atendimento,1,-,-,2025-09-13 20:56:19,13/09/2025 20:56,15/09/2025 08:52,-,1.5 dias,-,-,-,-
1940015,🔍 Análise SPC (Serasa / SPC Brasil),2,comercialdigital@bancodovale.com.br,-,2025-09-15 08:52:08,15/09/2025 08:52,15/09/2025 09:37,-,0.03 dias,-,-,-,-
1940015,🕵️ Análise Agente de Crédito,4,comercialdigital@bancodovale.com.br,-,2025-09-15 09:37:11,15/09/2025 09:37,15/09/2025 09:43,-,0.0 dias,-,-,-,-
1939995,📍 Definir Unidade de Atendimento,1,-,-,2025-09-13 17:38:05,13/09/2025 17:38,15/09/2025 08:47,-,1.63 dias,-,-,-,-
1939995,🔍 Análise SPC (Serasa / SPC Brasil),2,comercialdigital@bancodovale.com.br,-,2025-09-15 08:47:39,15/09/2025 08:47,15/09/2025 10:02,-,0.05 dias,-,-,-,-
1939774,📍 Definir Unidade de Atendimento,1,-,-,2025-09-13 08:46:21,13/09/2025 08:46,15/09/2025 08:40,-,2.0 dias,-,-,-,-
1939774,🔍 Análise SPC (Serasa / SPC Brasil),2,comercialdigital@bancodovale.com.br,-,2025-09-15 08:40:15,15/09/2025 08:40,15/09/2025 09:57,-,0.05 dias,-,-,-,-
1939774,🔴 Pendência SPC,3,KATLIN,-,2025-09-15 09:57:39,15/09/2025 09:57,15/09/2025 10:22,-,0.02 dias,-,-,-,-
1939661,🔴 Pendência SPC,3,jaragua@bancodovale.org.br,-,2025-09-12 18:37:28,12/09/2025 18:37,15/09/2025 09:04,-,2.6 dias,-,-,-,-
1939615,🕵️ Análise Agente de Crédito,4,jaragua@bancodovale.org.br,-,2025-09-12 17:56:47,12/09/2025 17:56,15/09/2025 09:05,-,2.63 dias,-,-,-,-
1939535,🔴 Pendência SPC,3,jaragua@bancodovale.org.br,-,2025-09-12 16:54:46,12/09/2025 16:54,15/09/2025 09:04,-,2.67 dias,-,-,-,-
1939476,🕵️ Análise Agente de Crédito,4,Danielle,-,2025-09-12 16:17:36,12/09/2025 16:17,15/09/2025 08:31,-,2.68 dias,-,-,-,-
1939476,👤 Análise Coordenação,6,elenita@bancovale.org.br,-,2025-09-15 08:31:09,15/09/2025 08:31,15/09/2025 14:09,-,0.24 dias,-,-,-,-
1939324,🧾 Análise Mesa de Crédito,8,jaragua@bancodovale.org.br,-,2025-09-12 14:47:10,12/09/2025 14:47,15/09/2025 17:33,-,3.12 dias,-,-,-,-
1939084,👤 Análise Coordenação,6,natalia@bancodovale.org.br,-,2025-09-12 14:08:43,12/09/2025 14:08,15/09/2025 08:08,-,2.75 dias,-,-,-,-
1938587,🧾 Análise Mesa de Crédito,8,Bruno,-,2025-09-12 08:42:20,12/09/2025 08:42,15/09/2025 12:39,-,3.16 dias,-,-,-,-
1938242,🕵️ Análise Agente de Crédito,4,jaragua@bancodovale.org.br,-,2025-09-11 18:08:56,11/09/2025 18:08,15/09/2025 10:09,-,3.67 dias,-,-,-,-
1938181,👤 Análise Coordenação,6,alinef@bancodovale.org.br,-,2025-09-12 15:31:28,12/09/2025 15:31,15/09/2025 08:08,-,2.69 dias,-,-,-,-
1937797,🧾 Análise Mesa de Crédito,8,roberto@bancodovale.org.br,-,2025-09-12 08:46:58,12/09/2025 08:46,15/09/2025 12:22,-,3.15 dias,-,-,-,-
1937432,👤 Análise Coordenação,6,elenita@bancovale.org.br,-,2025-09-11 13:37:35,11/09/2025 13:37,15/09/2025 08:08,-,3.77 dias,-,-,-,-
1937432,🧾 Análise Mesa de Crédito,8,roberto@bancodovale.org.br,-,2025-09-15 08:08:24,15/09/2025 08:08,15/09/2025 10:29,-,0.1 dias,-,-,-,-
1936906,🧾 Análise Mesa de Crédito,8,roberto@bancodovale.org.br,-,2025-09-12 08:46:58,12/09/2025 08:46,15/09/2025 10:28,-,3.07 dias,-,-,-,-
1936719,🕵️ Análise Agente de Crédito,4,comercialdigital@bancodovale.com.br,-,2025-09-11 09:43:18,11/09/2025 09:43,15/09/2025 15:58,-,4.26 dias,-,-,-,-
1936173,🧾 Análise Mesa de Crédito,8,camila@bancodovale.org.br,-,2025-09-11 14:21:11,11/09/2025 14:21,15/09/2025 11:31,-,3.88 dias,-,-,-,-
1936024,👤 Análise Coordenação,6,felipe@bancodovale.org.br,-,2025-09-12 14:21:59,12/09/2025 14:21,15/09/2025 08:08,-,2.74 dias,-,-,-,-
1934324,🕵️ Análise Agente de Crédito,4,Bruno,-,2025-09-10 14:05:36,10/09/2025 14:05,15/09/2025 10:07,-,4.83 dias,-,-,-,-
1934142,🧾 Análise Mesa de Crédito,8,eduardo@bancodovale.org.br,-,2025-09-11 09:12:28,11/09/2025 09:12,15/09/2025 09:17,-,4.0 dias,-,-,-,-
1933368,🧾 Análise Mesa de Crédito,8,juliano@bancodovale.org.br,-,2025-09-12 09:07:48,12/09/2025 09:07,15/09/2025 16:14,-,3.3 dias,-,-,-,-
1933038,🕵️ Análise Agente de Crédito,4,comercialdigital@bancodovale.com.br,-,2025-09-10 10:36:02,10/09/2025 10:36,15/09/2025 15:58,-,5.22 dias,-,-,-,-
1932513,🧾 Análise Mesa de Crédito,8,jessica@bancodovale.org.br,-,2025-09-12 08:54:53,12/09/2025 08:54,15/09/2025 13:14,-,3.18 dias,-,-,-,-
1932252,🕵️ Análise Agente de Crédito,4,comercialdigital@bancodovale.com.br,-,2025-09-09 13:38:00,09/09/2025 13:38,15/09/2025 15:57,-,6.1 dias,-,-,-,-
1930951,👤 Análise Coordenação,6,dennis@bancodovale.org.br,-,2025-09-11 17:14:01,11/09/2025 17:14,15/09/2025 08:08,-,3.62 dias,-,-,-,-
1930813,🕵️ Análise Agente de Crédito,4,comercialdigital@bancodovale.com.br,-,2025-09-08 11:52:58,08/09/2025 11:52,15/09/2025 15:57,-,7.17 dias,-,-,-,-
1930679,🕵️ Análise Agente de Crédito,4,comercialdigital@bancodovale.com.br,-,2025-09-08 11:33:50,08/09/2025 11:33,15/09/2025 15:56,-,7.18 dias,-,-,-,-
1930671,🧾 Análise Mesa de Crédito,8,jessica@bancodovale.org.br,-,2025-09-10 16:09:37,10/09/2025 16:09,15/09/2025 10:05,-,4.75 dias,-,-,-,-
1930521,🕵️ Análise Agente de Crédito,4,Danielle,-,2025-09-08 09:44:11,08/09/2025 09:44,15/09/2025 15:45,-,7.25 dias,-,-,-,-
1929231,🕵️ Análise Agente de Crédito,4,comercialdigital@bancodovale.com.br,-,2025-09-08 09:45:42,08/09/2025 09:45,15/09/2025 15:55,-,7.26 dias,-,-,-,-
1166494,🧾 Análise Mesa de Crédito,8,ivan@bancodovale.org.br,-,2025-09-11 11:28:46,11/09/2025 11:28,15/09/2025 09:04,-,3.9 dias,-,-,-,-
987032,📍 Definir Unidade de Atendimento,1,-,-,2024-03-15 17:15:36,15/03/2024 17:15,15/03/2024 17:15,-,0.0 dias,-,-,-,-
987032,👤 Análise Coordenação,6,KATLIN,-,2024-03-15 17:15:57,15/03/2024 17:15,20/03/2024 14:08,-,4.87 dias,-,-,-,-
987032,🧾 Análise Mesa de Crédito,8,angela@bancodovale.org.br,-,2024-03-20 14:08:34,20/03/2024 14:08,01/04/2024 10:20,-,11.84 dias,-,-,-,-
987032,✅ Aprovado,0,Fernando,-,2024-04-01 10:20:46,01/04/2024 10:20,15/09/2025 13:49,-,532.14 dias,-,-,-,-
799896,📍 Definir Unidade de Atendimento,1,-,-,2023-09-04 08:47:10,04/09/2023 08:47,04/09/2023 08:47,-,0.0 dias,-,-,-,-
799896,🕵️ Análise Agente de Crédito,4,riodosul@bancodovale.org.br,-,2023-09-04 08:47:39,04/09/2023 08:47,20/12/2023 09:47,-,107.04 dias,-,-,-,-
799896,✅ Aprovado,0,elton@bancodovale.org.br,-,2023-12-20 09:47:26,20/12/2023 09:47,15/09/2025 11:02,-,635.05 dias,-,-,-,-
799896,🕵️ Análise Agente de Crédito,4,rio@bancodovale.org.br,-,2025-09-15 11:02:28,15/09/2025 11:02,15/09/2025 13:39,-,0.11 dias,-,-,-,-
780086,📍 Definir Unidade de Atendimento,1,-,-,2023-08-18 10:44:43,18/08/2023 10:44,18/08/2023 10:45,-,0.0 dias,-,-,-,-
780086,🕵️ Análise Agente de Crédito,4,riodosul@bancodovale.org.br,-,2023-08-18 10:45:00,18/08/2023 10:45,20/12/2023 09:59,-,123.97 dias,-,-,-,-
780086,✅ Aprovado,0,elton@bancodovale.org.br,-,2023-12-20 09:59:31,20/12/2023 09:59,15/09/2025 13:35,-,635.15 dias,-,-,-,-
398512,🧾 Análise Mesa de Crédito,8,juliano@bancodovale.org.br,-,2025-09-10 15:36:48,10/09/2025 15:36,15/09/2025 10:51,-,4.8 dias,-,-,-,-
65701,🧾 Análise Mesa de Crédito,8,ivan@bancodovale.org.br,-,2025-09-11 11:29:05,11/09/2025 11:29,15/09/2025 11:01,-,3.98 dias,-,-,-,-
1942562,📍 Definir Unidade de Atendimento,1,-,-,2025-09-16 10:15:58,16/09/2025 10:15,16/09/2025 10:46,-,0.02 dias,-,-,-,-
1942562,🔍 Análise SPC (Serasa / SPC Brasil),2,comercialdigital@bancodovale.com.br,-,2025-09-16 10:46:19,16/09/2025 10:46,16/09/2025 11:43,-,0.04 dias,-,-,-,-
1942348,📍 Definir Unidade de Atendimento,1,-,-,2025-09-16 01:21:49,16/09/2025 01:21,16/09/2025 09:09,-,0.32 dias,-,-,-,-
1942348,🔍 Análise SPC (Serasa / SPC Brasil),2,comercialdigital@bancodovale.com.br,-,2025-09-16 09:09:39,16/09/2025 09:09,16/09/2025 10:23,-,0.05 dias,-,-,-,-
1941800,🔍 Análise SPC (Serasa / SPC Brasil),2,comercialdigital@bancodovale.com.br,-,2025-09-15 17:03:56,15/09/2025 17:03,16/09/2025 08:54,-,0.66 dias,-,-,-,-
1942311,📍 Definir Unidade de Atendimento,1,-,-,2025-09-15 19:35:02,15/09/2025 19:35,16/09/2025 09:08,-,0.56 dias,-,-,-,-
1942311,🔍 Análise SPC (Serasa / SPC Brasil),2,comercialdigital@bancodovale.com.br,-,2025-09-16 09:08:15,16/09/2025 09:08,16/09/2025 09:55,-,0.03 dias,-,-,-,-
1943483,📍 Definir Unidade de Atendimento,1,-,-,2025-09-16 17:39:36,16/09/2025 17:39,16/09/2025 17:39,-,0.0 dias,-,-,-,-
1943358,📍 Definir Unidade de Atendimento,1,-,-,2025-09-16 16:45:17,16/09/2025 16:45,16/09/2025 16:47,-,0.0 dias,-,-,-,-
1943155,📍 Definir Unidade de Atendimento,1,-,-,2025-09-16 15:08:18,16/09/2025 15:08,16/09/2025 16:49,-,0.07 dias,-,-,-,-
1943122,📍 Definir Unidade de Atendimento,1,-,-,2025-09-16 14:51:59,16/09/2025 14:51,16/09/2025 14:55,-,0.0 dias,-,-,-,-
1943085,📍 Definir Unidade de Atendimento,1,-,-,2025-09-16 14:40:14,16/09/2025 14:40,16/09/2025 14:40,-,0.0 dias,-,-,-,-
1943071,📍 Definir Unidade de Atendimento,1,-,-,2025-09-16 14:34:48,16/09/2025 14:34,16/09/2025 14:41,-,0.0 dias,-,-,-,-
1943042,📍 Definir Unidade de Atendimento,1,-,-,2025-09-16 14:19:18,16/09/2025 14:19,16/09/2025 14:19,-,0.0 dias,-,-,-,-
1942982,📍 Definir Unidade de Atendimento,1,-,-,2025-09-16 13:48:10,16/09/2025 13:48,16/09/2025 13:49,-,0.0 dias,-,-,-,-
1942872,📍 Definir Unidade de Atendimento,1,-,-,2025-09-16 12:53:04,16/09/2025 12:53,16/09/2025 13:58,-,0.05 dias,-,-,-,-
1942872,🔍 Análise SPC (Serasa / SPC Brasil),2,comercialdigital@bancodovale.com.br,-,2025-09-16 13:58:45,16/09/2025 13:58,16/09/2025 14:59,-,0.04 dias,-,-,-,-
1942813,📍 Definir Unidade de Atendimento,1,-,-,2025-09-16 12:26:46,16/09/2025 12:26,16/09/2025 13:29,-,0.04 dias,-,-,-,-
1942813,🔍 Análise SPC (Serasa / SPC Brasil),2,comercialdigital@bancodovale.com.br,-,2025-09-16 13:29:22,16/09/2025 13:29,16/09/2025 14:15,-,0.03 dias,-,-,-,-
1942789,📍 Definir Unidade de Atendimento,1,-,-,2025-09-16 12:14:45,16/09/2025 12:14,16/09/2025 13:16,-,0.04 dias,-,-,-,-
1942789,🔍 Análise SPC (Serasa / SPC Brasil),2,comercialdigital@bancodovale.com.br,-,2025-09-16 13:16:08,16/09/2025 13:16,16/09/2025 13:34,-,0.01 dias,-,-,-,-
1942781,📍 Definir Unidade de Atendimento,1,-,-,2025-09-16 12:07:03,16/09/2025 12:07,16/09/2025 12:07,-,0.0 dias,-,-,-,-
1942729,📍 Definir Unidade de Atendimento,1,-,-,2025-09-16 11:45:44,16/09/2025 11:45,16/09/2025 11:47,-,0.0 dias,-,-,-,-
1942729,🧾 Análise Mesa de Crédito,8,Bruno,-,2025-09-16 11:47:14,16/09/2025 11:47,16/09/2025 15:55,-,0.17 dias,-,-,-,-
1942646,📍 Definir Unidade de Atendimento,1,-,-,2025-09-16 11:04:44,16/09/2025 11:04,16/09/2025 11:06,-,0.0 dias,-,-,-,-
1942646,🧾 Análise Mesa de Crédito,8,Bruno,-,2025-09-16 11:06:18,16/09/2025 11:06,16/09/2025 16:41,-,0.23 dias,-,-,-,-
1942590,📍 Definir Unidade de Atendimento,1,-,-,2025-09-16 10:33:21,16/09/2025 10:33,16/09/2025 10:46,-,0.01 dias,-,-,-,-
1942590,🔍 Análise SPC (Serasa / SPC Brasil),2,comercialdigital@bancodovale.com.br,-,2025-09-16 10:46:45,16/09/2025 10:46,16/09/2025 17:24,-,0.28 dias,-,-,-,-
1942416,📍 Definir Unidade de Atendimento,1,-,-,2025-09-16 09:05:58,16/09/2025 09:05,16/09/2025 09:07,-,0.0 dias,-,-,-,-
1942416,🔴 Pendência SPC,3,jaragua@bancodovale.org.br,-,2025-09-16 09:07:17,16/09/2025 09:07,16/09/2025 10:34,-,0.06 dias,-,-,-,-
1942361,📍 Definir Unidade de Atendimento,1,-,-,2025-09-16 07:50:10,16/09/2025 07:50,16/09/2025 09:10,-,0.06 dias,-,-,-,-
1942361,🔍 Análise SPC (Serasa / SPC Brasil),2,comercialdigital@bancodovale.com.br,-,2025-09-16 09:10:24,16/09/2025 09:10,16/09/2025 09:28,-,0.01 dias,-,-,-,-
1942361,🕵️ Análise Agente de Crédito,4,comercialdigital@bancodovale.com.br,-,2025-09-16 09:28:19,16/09/2025 09:28,16/09/2025 10:49,-,0.06 dias,-,-,-,-
1942352,📍 Definir Unidade de Atendimento,1,-,-,2025-09-16 06:51:07,16/09/2025 06:51,16/09/2025 06:52,-,0.0 dias,-,-,-,-
1942111,🕵️ Análise Agente de Crédito,4,jaragua@bancodovale.org.br,-,2025-09-15 16:41:57,15/09/2025 16:41,16/09/2025 10:33,-,0.74 dias,-,-,-,-
1942110,🕵️ Análise Agente de Crédito,4,jaragua@bancodovale.org.br,-,2025-09-15 16:42:39,15/09/2025 16:42,16/09/2025 09:38,-,0.71 dias,-,-,-,-
1942066,🕵️ Análise Agente de Crédito,4,jaragua@bancodovale.org.br,-,2025-09-15 16:13:56,15/09/2025 16:13,16/09/2025 10:57,-,0.78 dias,-,-,-,-
1941886,🔍 Análise SPC (Serasa / SPC Brasil),2,comercialdigital@bancodovale.com.br,-,2025-09-15 17:09:01,15/09/2025 17:09,16/09/2025 08:56,-,0.66 dias,-,-,-,-
1941582,🕵️ Análise Agente de Crédito,4,Danielle,-,2025-09-15 15:31:07,15/09/2025 15:31,16/09/2025 13:01,-,0.9 dias,-,-,-,-
1941511,🕵️ Análise Agente de Crédito,4,jaragua@bancodovale.org.br,-,2025-09-15 15:15:26,15/09/2025 15:15,16/09/2025 09:39,-,0.77 dias,-,-,-,-
1941356,🕵️ Análise Agente de Crédito,4,jaragua@bancodovale.org.br,-,2025-09-15 14:21:00,15/09/2025 14:21,16/09/2025 10:35,-,0.84 dias,-,-,-,-
1940920,🕵️ Análise Agente de Crédito,4,jaragua@bancodovale.org.br,-,2025-09-15 11:57:32,15/09/2025 11:57,16/09/2025 10:57,-,0.96 dias,-,-,-,-
1940861,🕵️ Análise Agente de Crédito,4,rio@bancodovale.org.br,-,2025-09-15 11:37:39,15/09/2025 11:37,16/09/2025 17:16,-,1.24 dias,-,-,-,-
1940577,🔴 Pendência SPC,3,jaragua@bancodovale.org.br,-,2025-09-15 10:55:13,15/09/2025 10:55,16/09/2025 10:54,-,1.0 dias,-,-,-,-
1940234,🙅 Desistiu,Z,rio@bancodovale.org.br,-,2025-09-15 16:25:34,15/09/2025 16:25,16/09/2025 11:56,-,0.81 dias,-,-,-,-
1939084,🧾 Análise Mesa de Crédito,8,roberto@bancodovale.org.br,-,2025-09-15 08:08:24,15/09/2025 08:08,16/09/2025 11:33,-,1.14 dias,-,-,-,-
1938041,🕵️ Análise Agente de Crédito,4,emilia@bancodovale.org.br,-,2025-09-11 15:31:24,11/09/2025 15:31,16/09/2025 16:30,-,5.04 dias,-,-,-,-
1936024,🧾 Análise Mesa de Crédito,8,roberto@bancodovale.org.br,-,2025-09-15 08:08:24,15/09/2025 08:08,16/09/2025 09:44,-,1.07 dias,-,-,-,-
1933864,🕵️ Análise Agente de Crédito,4,emilia@bancodovale.org.br,-,2025-09-10 11:16:36,10/09/2025 11:16,16/09/2025 17:00,-,6.24 dias,-,-,-,-
1933286,🕵️ Análise Agente de Crédito,4,Bruno,-,2025-09-10 08:53:29,10/09/2025 08:53,16/09/2025 10:44,-,6.08 dias,-,-,-,-
1933286,🧾 Análise Mesa de Crédito,8,Bruno,-,2025-09-16 10:44:40,16/09/2025 10:44,16/09/2025 15:35,-,0.2 dias,-,-,-,-
1932560,🧾 Análise Mesa de Crédito,8,gilmara@bancodovale.org.br,-,2025-09-12 12:46:11,12/09/2025 12:46,16/09/2025 15:19,-,4.11 dias,-,-,-,-
1931891,🧾 Análise Mesa de Crédito,8,rejane@bancodovale.org.br,-,2025-09-12 15:07:44,12/09/2025 15:07,16/09/2025 14:41,-,3.98 dias,-,-,-,-
1930963,🕵️ Análise Agente de Crédito,4,Bruno,-,2025-09-08 16:20:58,08/09/2025 16:20,16/09/2025 15:31,-,7.97 dias,-,-,-,-
1930221,🕵️ Análise Agente de Crédito,4,Bruno,-,2025-09-08 09:39:34,08/09/2025 09:39,16/09/2025 15:30,-,8.24 dias,-,-,-,-
1195154,📍 Definir Unidade de Atendimento,1,-,-,2024-08-22 17:32:34,22/08/2024 17:32,22/08/2024 17:32,-,0.0 dias,-,-,-,-
1195154,🧾 Análise Mesa de Crédito,8,JairoBarros,-,2024-08-22 17:32:57,22/08/2024 17:32,26/08/2024 15:42,-,3.92 dias,-,-,-,-
1195154,✅ Aprovado,0,Fernando,-,2024-08-26 15:42:51,26/08/2024 15:42,16/09/2025 11:36,-,385.83 dias,-,-,-,-
902267,📍 Definir Unidade de Atendimento,1,-,-,2023-12-08 16:32:24,08/12/2023 16:32,08/12/2023 16:37,-,0.0 dias,-,-,-,-
902267,👤 Análise Coordenação,6,natalia@bancodovale.org.br,-,2023-12-08 16:37:18,08/12/2023 16:37,11/12/2023 09:01,-,2.68 dias,-,-,-,-
902267,🧾 Análise Mesa de Crédito,8,roberto@bancodovale.org.br,-,2023-12-11 09:01:49,11/12/2023 09:01,11/12/2023 16:58,-,0.33 dias,-,-,-,-
902267,✅ Aprovado,0,Fernando,-,2023-12-11 16:58:07,11/12/2023 16:58,16/09/2025 11:21,-,644.77 dias,-,-,-,-
194712,📍 Definir Unidade de Atendimento,1,-,-,2022-04-06 11:09:45,06/04/2022 11:09,06/04/2022 11:10,-,0.0 dias,-,-,-,-
194712,🕵️ Análise Agente de Crédito,4,blumenau@bancodovale.org.br,-,2022-04-06 11:10:51,06/04/2022 11:10,06/04/2022 11:11,-,0.0 dias,-,-,-,-
194712,❌ Reprovado,X,blumenau@bancodovale.org.br,-,2022-04-06 11:11:00,06/04/2022 11:11,16/09/2025 16:27,-,1259.22 dias,-,-,-,-
103017,📍 Definir Unidade de Atendimento,1,-,-,2021-09-21 15:36:46,21/09/2021 15:36,21/09/2021 15:36,-,0.0 dias,-,-,-,-
103017,🕵️ Análise Agente de Crédito,4,bancodovaletimbo@bancodovale.org.br,-,2021-09-21 15:36:59,21/09/2021 15:36,21/09/2021 15:40,-,0.0 dias,-,-,-,-
103017,👤 Análise Coordenação,6,prescila@bancodovale.org.br,-,2021-09-21 15:40:44,21/09/2021 15:40,21/09/2021 16:10,-,0.02 dias,-,-,-,-
103017,🧾 Análise Mesa de Crédito,8,caciane@bancodovale.org.br,-,2021-09-21 16:10:53,21/09/2021 16:10,22/09/2021 17:05,-,1.04 dias,-,-,-,-
103017,✅ Aprovado,0,fernandosandri@bancodovale.org.br,-,2021-09-22 17:05:34,22/09/2021 17:05,10/06/2022 16:02,-,260.96 dias,-,-,-,-
103017,🕵️ Análise Agente de Crédito,4,bancodovaletimbo@bancodovale.org.br,-,2022-06-10 16:02:46,10/06/2022 16:02,13/06/2022 09:40,-,2.73 dias,-,-,-,-
103017,👤 Análise Coordenação,6,caciane@bancodovale.org.br,-,2022-06-13 09:40:03,13/06/2022 09:40,15/06/2022 16:42,-,2.29 dias,-,-,-,-
103017,🧾 Análise Mesa de Crédito,8,angela@bancodovale.org.br,-,2022-06-15 16:42:37,15/06/2022 16:42,04/07/2022 09:00,-,18.68 dias,-,-,-,-
103017,❌ Reprovado,X,fernandosandri@bancodovale.org.br,-,2022-07-04 09:00:34,04/07/2022 09:00,13/09/2022 17:11,-,71.34 dias,-,-,-,-
103017,👤 Análise Coordenação,6,caciane@bancodovale.org.br,-,2022-09-13 17:11:44,13/09/2022 17:11,13/09/2022 18:16,-,0.04 dias,-,-,-,-
103017,🧾 Análise Mesa de Crédito,8,angela@bancodovale.org.br,-,2022-09-13 18:16:12,13/09/2022 18:16,15/09/2022 15:20,-,1.88 dias,-,-,-,-
103017,✅ Aprovado,0,fernandosandri@bancodovale.org.br,-,2022-09-15 15:20:50,15/09/2022 15:20,28/11/2023 09:26,-,438.75 dias,-,-,-,-
103017,👤 Análise Coordenação,6,caciane@bancodovale.org.br,-,2023-11-28 09:26:20,28/11/2023 09:26,28/11/2023 09:34,-,0.01 dias,-,-,-,-
103017,🧾 Análise Mesa de Crédito,8,angela@bancodovale.org.br,-,2023-11-28 09:34:44,28/11/2023 09:34,01/12/2023 09:22,-,2.99 dias,-,-,-,-
103017,✅ Aprovado,0,Fernando,-,2023-12-01 09:22:53,01/12/2023 09:22,16/09/2025 17:10,-,655.32 dias,-,-,-,-
1944557,📍 Definir Unidade de Atendimento,1,-,-,2025-09-17 14:36:43,17/09/2025 14:36,17/09/2025 15:18,-,0.03 dias,-,-,-,-
1944329,📍 Definir Unidade de Atendimento,1,-,-,2025-09-17 12:43:05,17/09/2025 12:43,17/09/2025 13:31,-,0.03 dias,-,-,-,-
1944329,🔍 Análise SPC (Serasa / SPC Brasil),2,comercialdigital@bancodovale.com.br,-,2025-09-17 13:31:12,17/09/2025 13:31,17/09/2025 15:01,-,0.06 dias,-,-,-,-
1944832,📍 Definir Unidade de Atendimento,1,-,-,2025-09-17 16:54:03,17/09/2025 16:54,17/09/2025 16:55,-,0.0 dias,-,-,-,-
1944768,📍 Definir Unidade de Atendimento,1,-,-,2025-09-17 16:20:19,17/09/2025 16:20,17/09/2025 16:20,-,0.0 dias,-,-,-,-
1944767,📍 Definir Unidade de Atendimento,1,-,-,2025-09-17 16:19:41,17/09/2025 16:19,17/09/2025 16:22,-,0.0 dias,-,-,-,-
1944767,🧾 Análise Mesa de Crédito,8,Bruno,-,2025-09-17 16:22:05,17/09/2025 16:22,17/09/2025 16:36,-,0.01 dias,-,-,-,-
1944733,📍 Definir Unidade de Atendimento,1,-,-,2025-09-17 16:02:55,17/09/2025 16:02,17/09/2025 16:07,-,0.0 dias,-,-,-,-
1944733,🕵️ Análise Agente de Crédito,4,Bruno,-,2025-09-17 16:07:17,17/09/2025 16:07,17/09/2025 16:12,-,0.0 dias,-,-,-,-
1944733,🧾 Análise Mesa de Crédito,8,Bruno,-,2025-09-17 16:12:40,17/09/2025 16:12,17/09/2025 16:37,-,0.02 dias,-,-,-,-
1944723,📍 Definir Unidade de Atendimento,1,-,-,2025-09-17 15:57:11,17/09/2025 15:57,17/09/2025 15:58,-,0.0 dias,-,-,-,-
1944723,🕵️ Análise Agente de Crédito,4,Bruno,-,2025-09-17 15:58:19,17/09/2025 15:58,17/09/2025 15:58,-,0.0 dias,-,-,-,-
1944723,🧾 Análise Mesa de Crédito,8,Bruno,-,2025-09-17 15:58:36,17/09/2025 15:58,17/09/2025 16:36,-,0.03 dias,-,-,-,-
1944537,📍 Definir Unidade de Atendimento,1,-,-,2025-09-17 14:29:20,17/09/2025 14:29,17/09/2025 14:29,-,0.0 dias,-,-,-,-
1944537,🕵️ Análise Agente de Crédito,4,emilia@bancodovale.org.br,-,2025-09-17 14:29:44,17/09/2025 14:29,17/09/2025 14:29,-,0.0 dias,-,-,-,-
1944537,👤 Análise Coordenação,6,elenita@bancovale.org.br,-,2025-09-17 14:29:58,17/09/2025 14:29,17/09/2025 16:36,-,0.09 dias,-,-,-,-
1944455,📍 Definir Unidade de Atendimento,1,-,-,2025-09-17 13:43:33,17/09/2025 13:43,17/09/2025 15:17,-,0.06 dias,-,-,-,-
1944455,🔍 Análise SPC (Serasa / SPC Brasil),2,comercialdigital@bancodovale.com.br,-,2025-09-17 15:17:08,17/09/2025 15:17,17/09/2025 17:29,-,0.09 dias,-,-,-,-
1944339,📍 Definir Unidade de Atendimento,1,-,-,2025-09-17 12:50:27,17/09/2025 12:50,17/09/2025 12:50,-,0.0 dias,-,-,-,-
1944339,🕵️ Análise Agente de Crédito,4,emilia@bancodovale.org.br,-,2025-09-17 12:50:39,17/09/2025 12:50,17/09/2025 14:24,-,0.07 dias,-,-,-,-
1944227,📍 Definir Unidade de Atendimento,1,-,-,2025-09-17 11:54:13,17/09/2025 11:54,17/09/2025 13:29,-,0.07 dias,-,-,-,-
1944166,📍 Definir Unidade de Atendimento,1,-,-,2025-09-17 11:12:23,17/09/2025 11:12,17/09/2025 11:14,-,0.0 dias,-,-,-,-
1944128,📍 Definir Unidade de Atendimento,1,-,-,2025-09-17 10:50:32,17/09/2025 10:50,17/09/2025 10:52,-,0.0 dias,-,-,-,-
1944128,🔴 Pendência SPC,3,jaragua@bancodovale.org.br,-,2025-09-17 10:52:01,17/09/2025 10:52,17/09/2025 10:52,-,0.0 dias,-,-,-,-
1944118,📍 Definir Unidade de Atendimento,1,-,-,2025-09-17 10:43:57,17/09/2025 10:43,17/09/2025 10:44,-,0.0 dias,-,-,-,-
1944118,🕵️ Análise Agente de Crédito,4,comercialdigital@bancodovale.com.br,-,2025-09-17 10:44:16,17/09/2025 10:44,17/09/2025 11:07,-,0.02 dias,-,-,-,-
1943954,📍 Definir Unidade de Atendimento,1,-,-,2025-09-17 09:49:02,17/09/2025 09:49,17/09/2025 11:08,-,0.06 dias,-,-,-,-
1943954,🔍 Análise SPC (Serasa / SPC Brasil),2,comercialdigital@bancodovale.com.br,-,2025-09-17 11:08:20,17/09/2025 11:08,17/09/2025 15:10,-,0.17 dias,-,-,-,-
1943942,📍 Definir Unidade de Atendimento,1,-,-,2025-09-17 09:44:09,17/09/2025 09:44,17/09/2025 11:07,-,0.06 dias,-,-,-,-
1943942,🔍 Análise SPC (Serasa / SPC Brasil),2,comercialdigital@bancodovale.com.br,-,2025-09-17 11:07:31,17/09/2025 11:07,17/09/2025 15:17,-,0.17 dias,-,-,-,-
1943942,🕵️ Análise Agente de Crédito,4,Bruno,-,2025-09-17 15:17:52,17/09/2025 15:17,17/09/2025 15:54,-,0.03 dias,-,-,-,-
1943922,📍 Definir Unidade de Atendimento,1,-,-,2025-09-17 09:34:40,17/09/2025 09:34,17/09/2025 09:34,-,0.0 dias,-,-,-,-
1943920,📍 Definir Unidade de Atendimento,1,-,-,2025-09-17 09:33:29,17/09/2025 09:33,17/09/2025 09:33,-,0.0 dias,-,-,-,-
1943917,📍 Definir Unidade de Atendimento,1,-,-,2025-09-17 09:32:36,17/09/2025 09:32,17/09/2025 09:36,-,0.0 dias,-,-,-,-
1943899,📍 Definir Unidade de Atendimento,1,-,-,2025-09-17 09:25:01,17/09/2025 09:25,17/09/2025 09:41,-,0.01 dias,-,-,-,-
1943899,🔍 Análise SPC (Serasa / SPC Brasil),2,comercialdigital@bancodovale.com.br,-,2025-09-17 09:41:02,17/09/2025 09:41,17/09/2025 14:50,-,0.21 dias,-,-,-,-
1943897,📍 Definir Unidade de Atendimento,1,-,-,2025-09-17 09:23:07,17/09/2025 09:23,17/09/2025 09:40,-,0.01 dias,-,-,-,-
1943897,🔍 Análise SPC (Serasa / SPC Brasil),2,comercialdigital@bancodovale.com.br,-,2025-09-17 09:40:36,17/09/2025 09:40,17/09/2025 11:05,-,0.06 dias,-,-,-,-
1943897,🕵️ Análise Agente de Crédito,4,comercialdigital@bancodovale.com.br,-,2025-09-17 11:05:24,17/09/2025 11:05,17/09/2025 11:15,-,0.01 dias,-,-,-,-
1943882,📍 Definir Unidade de Atendimento,1,-,-,2025-09-17 09:12:33,17/09/2025 09:12,17/09/2025 09:13,-,0.0 dias,-,-,-,-
1943877,📍 Definir Unidade de Atendimento,1,-,-,2025-09-17 09:07:38,17/09/2025 09:07,17/09/2025 09:09,-,0.0 dias,-,-,-,-
1943877,🕵️ Análise Agente de Crédito,4,comercialdigital@bancodovale.com.br,-,2025-09-17 09:09:22,17/09/2025 09:09,17/09/2025 09:11,-,0.0 dias,-,-,-,-
1943877,👤 Análise Coordenação,6,natalia@bancodovale.org.br,-,2025-09-17 09:11:19,17/09/2025 09:11,17/09/2025 16:36,-,0.31 dias,-,-,-,-
1943836,📍 Definir Unidade de Atendimento,1,-,-,2025-09-17 08:32:32,17/09/2025 08:32,17/09/2025 09:38,-,0.05 dias,-,-,-,-
1943836,🔍 Análise SPC (Serasa / SPC Brasil),2,comercialdigital@bancodovale.com.br,-,2025-09-17 09:38:58,17/09/2025 09:38,17/09/2025 10:09,-,0.02 dias,-,-,-,-
1943622,📍 Definir Unidade de Atendimento,1,-,-,2025-09-16 23:29:29,16/09/2025 23:29,17/09/2025 09:38,-,0.42 dias,-,-,-,-
1943622,🔍 Análise SPC (Serasa / SPC Brasil),2,comercialdigital@bancodovale.com.br,-,2025-09-17 09:38:18,17/09/2025 09:38,17/09/2025 10:57,-,0.06 dias,-,-,-,-
1943568,📍 Definir Unidade de Atendimento,1,-,-,2025-09-16 19:28:12,16/09/2025 19:28,17/09/2025 09:36,-,0.59 dias,-,-,-,-
1943568,🔍 Análise SPC (Serasa / SPC Brasil),2,comercialdigital@bancodovale.com.br,-,2025-09-17 09:36:42,17/09/2025 09:36,17/09/2025 10:51,-,0.05 dias,-,-,-,-
1943568,🕵️ Análise Agente de Crédito,4,comercialdigital@bancodovale.com.br,-,2025-09-17 10:51:49,17/09/2025 10:51,17/09/2025 11:11,-,0.01 dias,-,-,-,-
1943483,🕵️ Análise Agente de Crédito,4,jaragua@bancodovale.org.br,-,2025-09-16 17:39:56,16/09/2025 17:39,17/09/2025 09:05,-,0.64 dias,-,-,-,-
1943155,🔴 Pendência SPC,3,jaragua@bancodovale.org.br,-,2025-09-16 16:49:51,16/09/2025 16:49,17/09/2025 09:04,-,0.68 dias,-,-,-,-
1943122,🕵️ Análise Agente de Crédito,4,jaragua@bancodovale.org.br,-,2025-09-16 14:55:14,16/09/2025 14:55,17/09/2025 09:02,-,0.75 dias,-,-,-,-
1943085,🔴 Pendência SPC,3,jaragua@bancodovale.org.br,-,2025-09-16 14:40:54,16/09/2025 14:40,17/09/2025 08:59,-,0.76 dias,-,-,-,-
1943071,🔴 Pendência SPC,3,jaragua@bancodovale.org.br,-,2025-09-16 14:41:31,16/09/2025 14:41,17/09/2025 10:34,-,0.83 dias,-,-,-,-
1942813,🔴 Pendência SPC,3,jaragua@bancodovale.org.br,-,2025-09-16 14:15:11,16/09/2025 14:15,17/09/2025 09:00,-,0.78 dias,-,-,-,-
1942781,🕵️ Análise Agente de Crédito,4,jaragua@bancodovale.org.br,-,2025-09-16 12:07:14,16/09/2025 12:07,17/09/2025 10:34,-,0.94 dias,-,-,-,-
1942348,🕵️ Análise Agente de Crédito,4,comercialdigital@bancodovale.com.br,-,2025-09-16 10:23:02,16/09/2025 10:23,17/09/2025 11:19,-,1.04 dias,-,-,-,-
1942311,🕵️ Análise Agente de Crédito,4,comercialdigital@bancodovale.com.br,-,2025-09-16 09:55:09,16/09/2025 09:55,17/09/2025 11:18,-,1.06 dias,-,-,-,-
1942154,🕵️ Análise Agente de Crédito,4,jaragua@bancodovale.org.br,-,2025-09-15 17:59:18,15/09/2025 17:59,17/09/2025 09:19,-,1.64 dias,-,-,-,-
1942111,🧾 Análise Mesa de Crédito,8,gilmara@bancodovale.org.br,-,2025-09-16 10:33:19,16/09/2025 10:33,17/09/2025 16:18,-,1.24 dias,-,-,-,-
1942110,🧾 Análise Mesa de Crédito,8,gilmara@bancodovale.org.br,-,2025-09-16 09:38:20,16/09/2025 09:38,17/09/2025 16:18,-,1.28 dias,-,-,-,-
1942066,⚠️ Pendente Cliente,W,gilmara@bancodovale.org.br,-,2025-09-16 10:57:24,16/09/2025 10:57,17/09/2025 09:03,-,0.92 dias,-,-,-,-
1942038,🕵️ Análise Agente de Crédito,4,rio@bancodovale.org.br,-,2025-09-15 15:57:22,15/09/2025 15:57,17/09/2025 10:10,-,1.76 dias,-,-,-,-
1941580,🧾 Análise Mesa de Crédito,8,natalia@bancodovale.org.br,-,2025-09-15 16:57:24,15/09/2025 16:57,17/09/2025 12:11,-,1.8 dias,-,-,-,-
1941365,👤 Análise Coordenação,6,elenita@bancovale.org.br,-,2025-09-15 14:15:12,15/09/2025 14:15,17/09/2025 16:19,-,2.09 dias,-,-,-,-
1940861,🧾 Análise Mesa de Crédito,8,regina@bancodovale.org.br,-,2025-09-16 17:16:18,16/09/2025 17:16,17/09/2025 09:36,-,0.68 dias,-,-,-,-
1940440,🧾 Análise Mesa de Crédito,8,KATLIN,-,2025-09-15 09:52:29,15/09/2025 09:52,17/09/2025 14:46,-,2.2 dias,-,-,-,-
1939476,🧾 Análise Mesa de Crédito,8,roberto@bancodovale.org.br,-,2025-09-15 14:09:37,15/09/2025 14:09,17/09/2025 15:13,-,2.04 dias,-,-,-,-
1938392,🔴 Pendência SPC,3,KATLIN,-,2025-09-12 08:38:00,12/09/2025 08:38,17/09/2025 14:55,-,5.26 dias,-,-,-,-
1938181,🧾 Análise Mesa de Crédito,8,roberto@bancodovale.org.br,-,2025-09-15 08:08:24,15/09/2025 08:08,17/09/2025 12:20,-,2.18 dias,-,-,-,-
1938180,🧾 Análise Mesa de Crédito,8,caciane@bancodovale.org.br,-,2025-09-12 14:00:17,12/09/2025 14:00,17/09/2025 10:56,-,4.87 dias,-,-,-,-
1933864,👤 Análise Coordenação,6,dennis@bancodovale.org.br,-,2025-09-16 17:00:57,16/09/2025 17:00,17/09/2025 16:36,-,0.98 dias,-,-,-,-
1932166,🧾 Análise Mesa de Crédito,8,roberto@bancodovale.org.br,-,2025-09-10 16:02:38,10/09/2025 16:02,17/09/2025 08:57,-,6.7 dias,-,-,-,-
1930367,🔴 Pendência SPC,3,rejane@bancodovale.org.br,-,2025-09-11 16:34:49,11/09/2025 16:34,17/09/2025 14:55,-,5.93 dias,-,-,-,-
1921830,⚠️ Pendente Cliente,W,eduardo@bancodovale.org.br,-,2025-09-02 16:56:20,02/09/2025 16:56,17/09/2025 15:49,-,14.95 dias,-,-,-,-
1612156,🕵️ Análise Agente de Crédito,4,rio@bancodovale.org.br,-,2025-09-11 09:26:08,11/09/2025 09:26,17/09/2025 11:24,-,6.08 dias,-,-,-,-
1481308,🕵️ Análise Agente de Crédito,4,rio@bancodovale.org.br,-,2025-09-10 15:13:13,10/09/2025 15:13,17/09/2025 11:30,-,6.85 dias,-,-,-,-
1112619,📍 Definir Unidade de Atendimento,1,-,-,2024-06-28 12:48:30,28/06/2024 12:48,28/06/2024 12:51,-,0.0 dias,-,-,-,-
1112619,🧾 Análise Mesa de Crédito,8,Janne,-,2024-06-28 12:51:53,28/06/2024 12:51,28/06/2024 14:55,-,0.09 dias,-,-,-,-
1112619,✅ Aprovado,0,Fernando,-,2024-06-28 14:55:33,28/06/2024 14:55,17/09/2025 16:04,-,446.05 dias,-,-,-,-
1112619,📍 Definir Unidade de Atendimento,1,KATLIN,-,2025-09-17 16:04:06,17/09/2025 16:04,17/09/2025 16:04,-,0.0 dias,-,-,-,-
987032,🧾 Análise Mesa de Crédito,8,adriana@bancodovale.org.br,-,2025-09-15 13:49:25,15/09/2025 13:49,17/09/2025 11:53,-,1.92 dias,-,-,-,-
877188,🕵️ Análise Agente de Crédito,4,rio@bancodovale.org.br,-,2025-09-12 11:18:30,12/09/2025 11:18,17/09/2025 11:28,-,5.01 dias,-,-,-,-
799896,🧾 Análise Mesa de Crédito,8,regina@bancodovale.org.br,-,2025-09-15 13:39:01,15/09/2025 13:39,17/09/2025 10:01,-,1.85 dias,-,-,-,-
780086,🕵️ Análise Agente de Crédito,4,rio@bancodovale.org.br,-,2025-09-15 13:35:46,15/09/2025 13:35,17/09/2025 11:30,-,1.91 dias,-,-,-,-
711184,📍 Definir Unidade de Atendimento,1,-,-,2023-07-06 15:37:46,06/07/2023 15:37,06/07/2023 15:38,-,0.0 dias,-,-,-,-
711184,👤 Análise Coordenação,6,indaial@bancodovale.org.br,-,2023-07-06 15:38:02,06/07/2023 15:38,07/07/2023 13:17,-,0.9 dias,-,-,-,-
711184,🧾 Análise Mesa de Crédito,8,adriana@bancodovale.org.br,-,2023-07-07 13:17:51,07/07/2023 13:17,27/07/2023 23:03,-,20.41 dias,-,-,-,-
711184,✅ Aprovado,0,fernandosandri@bancodovale.org.br,-,2023-07-27 23:03:11,27/07/2023 23:03,28/01/2025 09:21,-,550.43 dias,-,-,-,-
711184,🧾 Análise Mesa de Crédito,8,adriana@bancodovale.org.br,-,2025-01-28 09:21:46,28/01/2025 09:21,31/01/2025 10:22,-,3.04 dias,-,-,-,-
711184,🙅 Desistiu,Z,Fernando,-,2025-01-31 10:22:56,31/01/2025 10:22,17/09/2025 11:40,-,229.05 dias,-,-,-,-
26107,🕵️ Análise Agente de Crédito,4,rio@bancodovale.org.br,-,2025-09-11 13:31:10,11/09/2025 13:31,17/09/2025 11:29,-,5.92 dias,-,-,-,-
1945065,📍 Definir Unidade de Atendimento,1,-,-,2025-09-18 07:26:35,18/09/2025 07:26,18/09/2025 08:56,-,0.06 dias,-,-,-,-
1945065,🔍 Análise SPC (Serasa / SPC Brasil),2,comercialdigital@bancodovale.com.br,-,2025-09-18 08:56:46,18/09/2025 08:56,18/09/2025 09:29,-,0.02 dias,-,-,-,-
1944557,🔍 Análise SPC (Serasa / SPC Brasil),2,comercialdigital@bancodovale.com.br,-,2025-09-17 15:18:35,17/09/2025 15:18,18/09/2025 08:38,-,0.72 dias,-,-,-,-
1946765,📍 Definir Unidade de Atendimento,1,-,-,2025-09-18 14:22:41,18/09/2025 14:22,18/09/2025 14:23,-,0.0 dias,-,-,-,-
1946708,📍 Definir Unidade de Atendimento,1,-,-,2025-09-18 14:13:42,18/09/2025 14:13,18/09/2025 14:43,-,0.02 dias,-,-,-,-
1946708,🔍 Análise SPC (Serasa / SPC Brasil),2,comercialdigital@bancodovale.com.br,-,2025-09-18 14:43:45,18/09/2025 14:43,18/09/2025 14:56,-,0.01 dias,-,-,-,-
1946688,📍 Definir Unidade de Atendimento,1,-,-,2025-09-18 14:10:50,18/09/2025 14:10,18/09/2025 14:16,-,0.0 dias,-,-,-,-
1946688,🔍 Análise SPC (Serasa / SPC Brasil),2,comercialdigital@bancodovale.com.br,-,2025-09-18 14:16:16,18/09/2025 14:16,18/09/2025 15:27,-,0.05 dias,-,-,-,-
1946582,📍 Definir Unidade de Atendimento,1,-,-,2025-09-18 13:50:33,18/09/2025 13:50,18/09/2025 14:05,-,0.01 dias,-,-,-,-
1946214,📍 Definir Unidade de Atendimento,1,-,-,2025-09-18 12:45:27,18/09/2025 12:45,18/09/2025 12:48,-,0.0 dias,-,-,-,-
1946214,🔍 Análise SPC (Serasa / SPC Brasil),2,comercialdigital@bancodovale.com.br,-,2025-09-18 12:48:06,18/09/2025 12:48,18/09/2025 15:00,-,0.09 dias,-,-,-,-
1945989,📍 Definir Unidade de Atendimento,1,-,-,2025-09-18 12:02:31,18/09/2025 12:02,18/09/2025 12:03,-,0.0 dias,-,-,-,-
1945927,📍 Definir Unidade de Atendimento,1,-,-,2025-09-18 11:54:35,18/09/2025 11:54,18/09/2025 11:55,-,0.0 dias,-,-,-,-
1945855,📍 Definir Unidade de Atendimento,1,-,-,2025-09-18 11:46:13,18/09/2025 11:46,18/09/2025 11:46,-,0.0 dias,-,-,-,-
1945677,📍 Definir Unidade de Atendimento,1,-,-,2025-09-18 11:27:57,18/09/2025 11:27,18/09/2025 12:13,-,0.03 dias,-,-,-,-
1945677,🕵️ Análise Agente de Crédito,4,Danielle,-,2025-09-18 12:13:49,18/09/2025 12:13,18/09/2025 15:30,-,0.14 dias,-,-,-,-
1945638,📍 Definir Unidade de Atendimento,1,-,-,2025-09-18 11:22:22,18/09/2025 11:22,18/09/2025 11:23,-,0.0 dias,-,-,-,-
1945492,📍 Definir Unidade de Atendimento,1,-,-,2025-09-18 11:01:21,18/09/2025 11:01,18/09/2025 11:04,-,0.0 dias,-,-,-,-
1945234,📍 Definir Unidade de Atendimento,1,-,-,2025-09-18 09:26:08,18/09/2025 09:26,18/09/2025 10:01,-,0.02 dias,-,-,-,-
1945229,📍 Definir Unidade de Atendimento,1,-,-,2025-09-18 09:17:47,18/09/2025 09:17,18/09/2025 09:18,-,0.0 dias,-,-,-,-
1945229,🕵️ Análise Agente de Crédito,4,emilia@bancodovale.org.br,-,2025-09-18 09:18:31,18/09/2025 09:18,18/09/2025 09:49,-,0.02 dias,-,-,-,-
1945229,⚠️ Pendência Coordenação,7,elenita@bancovale.org.br,-,2025-09-18 09:49:01,18/09/2025 09:49,18/09/2025 09:49,-,0.0 dias,-,-,-,-
1945222,📍 Definir Unidade de Atendimento,1,-,-,2025-09-18 09:14:00,18/09/2025 09:14,18/09/2025 09:14,-,0.0 dias,-,-,-,-
1945212,📍 Definir Unidade de Atendimento,1,-,-,2025-09-18 09:06:41,18/09/2025 09:06,18/09/2025 09:42,-,0.03 dias,-,-,-,-
1945212,🕵️ Análise Agente de Crédito,4,jaragua@bancodovale.org.br,-,2025-09-18 09:42:58,18/09/2025 09:42,18/09/2025 10:56,-,0.05 dias,-,-,-,-
1945120,📍 Definir Unidade de Atendimento,1,-,-,2025-09-18 08:41:10,18/09/2025 08:41,18/09/2025 08:57,-,0.01 dias,-,-,-,-
1945120,🔍 Análise SPC (Serasa / SPC Brasil),2,comercialdigital@bancodovale.com.br,-,2025-09-18 08:57:05,18/09/2025 08:57,18/09/2025 14:12,-,0.22 dias,-,-,-,-
1945120,🔴 Pendência SPC,3,KATLIN,-,2025-09-18 14:12:50,18/09/2025 14:12,18/09/2025 15:25,-,0.05 dias,-,-,-,-
1945070,📍 Definir Unidade de Atendimento,1,-,-,2025-09-18 07:59:23,18/09/2025 07:59,18/09/2025 08:40,-,0.03 dias,-,-,-,-
1944865,📍 Definir Unidade de Atendimento,1,-,-,2025-09-17 17:07:21,17/09/2025 17:07,18/09/2025 08:50,-,0.65 dias,-,-,-,-
1944865,🔍 Análise SPC (Serasa / SPC Brasil),2,comercialdigital@bancodovale.com.br,-,2025-09-18 08:50:04,18/09/2025 08:50,18/09/2025 09:23,-,0.02 dias,-,-,-,-
1944865,🕵️ Análise Agente de Crédito,4,comercialdigital@bancodovale.com.br,-,2025-09-18 09:23:23,18/09/2025 09:23,18/09/2025 09:38,-,0.01 dias,-,-,-,-
1944832,🕵️ Análise Agente de Crédito,4,jaragua@bancodovale.org.br,-,2025-09-17 16:55:58,17/09/2025 16:55,18/09/2025 09:29,-,0.69 dias,-,-,-,-
1944772,📍 Definir Unidade de Atendimento,1,-,-,2025-09-17 16:21:32,17/09/2025 16:21,18/09/2025 08:49,-,0.69 dias,-,-,-,-
1944591,📍 Definir Unidade de Atendimento,1,-,-,2025-09-17 14:58:15,17/09/2025 14:58,18/09/2025 11:24,-,0.85 dias,-,-,-,-
1944537,🧾 Análise Mesa de Crédito,8,roberto@bancodovale.org.br,-,2025-09-17 16:36:03,17/09/2025 16:36,18/09/2025 16:43,-,1.0 dias,-,-,-,-
1944455,🔴 Pendência SPC,3,KATLIN,-,2025-09-17 17:29:27,17/09/2025 17:29,18/09/2025 15:25,-,0.91 dias,-,-,-,-
1944227,🔍 Análise SPC (Serasa / SPC Brasil),2,comercialdigital@bancodovale.com.br,-,2025-09-17 13:29:47,17/09/2025 13:29,18/09/2025 16:00,-,1.1 dias,-,-,-,-
1944166,🧾 Análise Mesa de Crédito,8,KATLIN,-,2025-09-17 11:14:21,17/09/2025 11:14,18/09/2025 16:13,-,1.21 dias,-,-,-,-
1944128,🕵️ Análise Agente de Crédito,4,jaragua@bancodovale.org.br,-,2025-09-17 10:52:11,17/09/2025 10:52,18/09/2025 09:29,-,0.94 dias,-,-,-,-
1943882,🕵️ Análise Agente de Crédito,4,rio@bancodovale.org.br,-,2025-09-17 09:13:12,17/09/2025 09:13,18/09/2025 13:38,-,1.18 dias,-,-,-,-
1943877,🧾 Análise Mesa de Crédito,8,roberto@bancodovale.org.br,-,2025-09-17 16:36:03,17/09/2025 16:36,18/09/2025 15:23,-,0.95 dias,-,-,-,-
1943122,🙅 Desistiu,Z,gilmara@bancodovale.org.br,-,2025-09-17 09:02:00,17/09/2025 09:02,18/09/2025 16:36,-,1.32 dias,-,-,-,-
1943122,🕵️ Análise Agente de Crédito,4,jaragua@bancodovale.org.br,-,2025-09-18 16:36:09,18/09/2025 16:36,18/09/2025 16:36,-,0.0 dias,-,-,-,-
1942982,🕵️ Análise Agente de Crédito,4,rio@bancodovale.org.br,-,2025-09-16 13:49:01,16/09/2025 13:49,18/09/2025 17:02,-,2.13 dias,-,-,-,-
1942789,🕵️ Análise Agente de Crédito,4,Danielle,-,2025-09-16 13:34:49,16/09/2025 13:34,18/09/2025 08:24,-,1.78 dias,-,-,-,-
1942038,🧾 Análise Mesa de Crédito,8,ivan@bancodovale.org.br,-,2025-09-17 10:10:43,17/09/2025 10:10,18/09/2025 16:12,-,1.25 dias,-,-,-,-
1941886,🕵️ Análise Agente de Crédito,4,Bruno,-,2025-09-16 08:56:32,16/09/2025 08:56,18/09/2025 17:11,-,2.34 dias,-,-,-,-
1941423,🧾 Análise Mesa de Crédito,8,KATLIN,-,2025-09-15 14:27:38,15/09/2025 14:27,18/09/2025 09:30,-,2.79 dias,-,-,-,-
1939157,🔴 Pendência SPC,3,KATLIN,-,2025-09-12 17:27:14,12/09/2025 17:27,18/09/2025 16:39,-,5.97 dias,-,-,-,-
1933864,🧾 Análise Mesa de Crédito,8,roberto@bancodovale.org.br,-,2025-09-17 16:36:03,17/09/2025 16:36,18/09/2025 16:30,-,1.0 dias,-,-,-,-
1886003,⚠️ Pendente Cliente,W,eder@bancodovale.org.br,-,2025-08-21 17:00:01,21/08/2025 17:00,18/09/2025 11:03,-,27.75 dias,-,-,-,-
1612156,🧾 Análise Mesa de Crédito,8,regina@bancodovale.org.br,-,2025-09-17 11:24:11,17/09/2025 11:24,18/09/2025 10:44,-,0.97 dias,-,-,-,-
1512300,📍 Definir Unidade de Atendimento,1,-,-,2025-02-17 15:23:42,17/02/2025 15:23,17/02/2025 15:24,-,0.0 dias,-,-,-,-
1512300,🕵️ Análise Agente de Crédito,4,rio@bancodovale.org.br,-,2025-02-17 15:24:21,17/02/2025 15:24,18/02/2025 11:46,-,0.85 dias,-,-,-,-
1512300,🧾 Análise Mesa de Crédito,8,merlis@bancodovale.org.br,-,2025-02-18 11:46:24,18/02/2025 11:46,20/02/2025 11:00,-,1.97 dias,-,-,-,-
1512300,✅ Aprovado,0,Fernando,-,2025-02-20 11:00:14,20/02/2025 11:00,18/09/2025 13:28,-,210.1 dias,-,-,-,-
1512300,🕵️ Análise Agente de Crédito,4,rio@bancodovale.org.br,-,2025-09-18 13:28:47,18/09/2025 13:28,18/09/2025 16:30,-,0.13 dias,-,-,-,-
711184,🧾 Análise Mesa de Crédito,8,adriana@bancodovale.org.br,-,2025-09-17 11:40:06,17/09/2025 11:40,18/09/2025 16:13,-,1.19 dias,-,-,-,-
103017,🧾 Análise Mesa de Crédito,8,KATLIN,-,2025-09-16 17:10:02,16/09/2025 17:10,18/09/2025 08:49,-,1.65 dias,-,-,-,-
1950932,📍 Definir Unidade de Atendimento,1,-,-,2025-09-19 16:47:20,19/09/2025 16:47,19/09/2025 16:47,-,0.0 dias,-,-,-,-
1950932,🕵️ Análise Agente de Crédito,4,Danielle,-,2025-09-19 16:47:52,19/09/2025 16:47,19/09/2025 16:49,-,0.0 dias,-,-,-,-
1950830,📍 Definir Unidade de Atendimento,1,-,-,2025-09-19 16:25:23,19/09/2025 16:25,19/09/2025 16:25,-,0.0 dias,-,-,-,-
1950806,📍 Definir Unidade de Atendimento,1,-,-,2025-09-19 16:16:32,19/09/2025 16:16,19/09/2025 16:16,-,0.0 dias,-,-,-,-
1950748,📍 Definir Unidade de Atendimento,1,-,-,2025-09-19 15:44:58,19/09/2025 15:44,19/09/2025 15:45,-,0.0 dias,-,-,-,-
1950742,📍 Definir Unidade de Atendimento,1,-,-,2025-09-19 15:42:30,19/09/2025 15:42,19/09/2025 15:42,-,0.0 dias,-,-,-,-
1950686,📍 Definir Unidade de Atendimento,1,-,-,2025-09-19 15:36:47,19/09/2025 15:36,19/09/2025 15:37,-,0.0 dias,-,-,-,-
1950600,📍 Definir Unidade de Atendimento,1,-,-,2025-09-19 15:24:14,19/09/2025 15:24,19/09/2025 15:30,-,0.0 dias,-,-,-,-
1950599,📍 Definir Unidade de Atendimento,1,-,-,2025-09-19 15:24:13,19/09/2025 15:24,19/09/2025 15:24,-,0.0 dias,-,-,-,-
1950541,📍 Definir Unidade de Atendimento,1,-,-,2025-09-19 15:15:35,19/09/2025 15:15,19/09/2025 15:33,-,0.01 dias,-,-,-,-
1950541,🕵️ Análise Agente de Crédito,4,jaragua@bancodovale.org.br,-,2025-09-19 15:33:24,19/09/2025 15:33,19/09/2025 15:52,-,0.01 dias,-,-,-,-
1950326,📍 Definir Unidade de Atendimento,1,-,-,2025-09-19 14:18:49,19/09/2025 14:18,19/09/2025 14:28,-,0.01 dias,-,-,-,-
1950090,📍 Definir Unidade de Atendimento,1,-,-,2025-09-19 13:29:08,19/09/2025 13:29,19/09/2025 14:25,-,0.04 dias,-,-,-,-
1950090,🕵️ Análise Agente de Crédito,4,jaragua@bancodovale.org.br,-,2025-09-19 14:25:28,19/09/2025 14:25,19/09/2025 15:52,-,0.06 dias,-,-,-,-
1950039,📍 Definir Unidade de Atendimento,1,-,-,2025-09-19 13:00:53,19/09/2025 13:00,19/09/2025 14:27,-,0.06 dias,-,-,-,-
1950033,📍 Definir Unidade de Atendimento,1,-,-,2025-09-19 12:56:43,19/09/2025 12:56,19/09/2025 14:18,-,0.06 dias,-,-,-,-
1950033,🔍 Análise SPC (Serasa / SPC Brasil),2,comercialdigital@bancodovale.com.br,-,2025-09-19 14:18:03,19/09/2025 14:18,19/09/2025 14:18,-,0.0 dias,-,-,-,-
1950033,🔴 Pendência SPC,3,jaragua@bancodovale.org.br,-,2025-09-19 14:18:57,19/09/2025 14:18,19/09/2025 14:30,-,0.01 dias,-,-,-,-
1950033,🔍 Análise SPC (Serasa / SPC Brasil),2,comercialdigital@bancodovale.com.br,-,2025-09-19 14:30:45,19/09/2025 14:30,19/09/2025 14:34,-,0.0 dias,-,-,-,-
1949604,📍 Definir Unidade de Atendimento,1,-,-,2025-09-19 12:01:59,19/09/2025 12:01,19/09/2025 12:02,-,0.0 dias,-,-,-,-
1949604,🕵️ Análise Agente de Crédito,4,comercialdigital@bancodovale.com.br,-,2025-09-19 12:02:19,19/09/2025 12:02,19/09/2025 12:47,-,0.03 dias,-,-,-,-
1949604,👤 Análise Coordenação,6,natalia@bancodovale.org.br,-,2025-09-19 12:47:01,19/09/2025 12:47,19/09/2025 15:33,-,0.12 dias,-,-,-,-
1948332,📍 Definir Unidade de Atendimento,1,-,-,2025-09-19 09:06:29,19/09/2025 09:06,19/09/2025 09:07,-,0.0 dias,-,-,-,-
1948249,📍 Definir Unidade de Atendimento,1,-,-,2025-09-19 08:51:24,19/09/2025 08:51,19/09/2025 08:52,-,0.0 dias,-,-,-,-
1948207,📍 Definir Unidade de Atendimento,1,-,-,2025-09-19 08:44:23,19/09/2025 08:44,19/09/2025 10:53,-,0.09 dias,-,-,-,-
1947786,📍 Definir Unidade de Atendimento,1,-,-,2025-09-18 17:54:47,18/09/2025 17:54,19/09/2025 08:34,-,0.61 dias,-,-,-,-
1947786,🔍 Análise SPC (Serasa / SPC Brasil),2,comercialdigital@bancodovale.com.br,-,2025-09-19 08:34:26,19/09/2025 08:34,19/09/2025 08:40,-,0.0 dias,-,-,-,-
1947786,🕵️ Análise Agente de Crédito,4,comercialdigital@bancodovale.com.br,-,2025-09-19 08:40:41,19/09/2025 08:40,19/09/2025 09:24,-,0.03 dias,-,-,-,-
1946582,🔴 Pendência SPC,3,jaragua@bancodovale.org.br,-,2025-09-18 14:05:27,18/09/2025 14:05,19/09/2025 09:02,-,0.79 dias,-,-,-,-
1946214,🕵️ Análise Agente de Crédito,4,jaragua@bancodovale.org.br,-,2025-09-18 15:00:29,18/09/2025 15:00,19/09/2025 09:03,-,0.75 dias,-,-,-,-
1945989,🔴 Pendência SPC,3,jaragua@bancodovale.org.br,-,2025-09-18 12:03:02,18/09/2025 12:03,19/09/2025 15:51,-,1.16 dias,-,-,-,-
1945989,⚠️ Pendente Cliente,W,jaragua@bancodovale.org.br,-,2025-09-19 15:51:51,19/09/2025 15:51,19/09/2025 15:52,-,0.0 dias,-,-,-,-
1945927,🕵️ Análise Agente de Crédito,4,jaragua@bancodovale.org.br,-,2025-09-18 11:55:18,18/09/2025 11:55,19/09/2025 15:59,-,1.17 dias,-,-,-,-
1945855,🕵️ Análise Agente de Crédito,4,jaragua@bancodovale.org.br,-,2025-09-18 11:46:28,18/09/2025 11:46,19/09/2025 15:53,-,1.17 dias,-,-,-,-
1945492,🕵️ Análise Agente de Crédito,4,rio@bancodovale.org.br,-,2025-09-18 11:04:25,18/09/2025 11:04,19/09/2025 09:08,-,0.92 dias,-,-,-,-
1945492,🧾 Análise Mesa de Crédito,8,juliano@bancodovale.org.br,-,2025-09-19 09:08:39,19/09/2025 09:08,19/09/2025 09:39,-,0.02 dias,-,-,-,-
1945229,👤 Análise Coordenação,6,elenita@bancovale.org.br,-,2025-09-18 09:49:05,18/09/2025 09:49,19/09/2025 08:34,-,0.95 dias,-,-,-,-
1945229,🧾 Análise Mesa de Crédito,8,roberto@bancodovale.org.br,-,2025-09-19 08:34:47,19/09/2025 08:34,19/09/2025 11:00,-,0.1 dias,-,-,-,-
1945212,🧾 Análise Mesa de Crédito,8,camila@bancodovale.org.br,-,2025-09-18 10:56:18,18/09/2025 10:56,19/09/2025 10:51,-,1.0 dias,-,-,-,-
1944118,👤 Análise Coordenação,6,natalia@bancodovale.org.br,-,2025-09-17 11:07:11,17/09/2025 11:07,19/09/2025 15:33,-,2.18 dias,-,-,-,-
1944118,🧾 Análise Mesa de Crédito,8,roberto@bancodovale.org.br,-,2025-09-19 15:33:05,19/09/2025 15:33,19/09/2025 16:15,-,0.03 dias,-,-,-,-
1943899,🕵️ Análise Agente de Crédito,4,KATLIN,-,2025-09-17 14:50:21,17/09/2025 14:50,19/09/2025 11:49,-,1.87 dias,-,-,-,-
1943882,🧾 Análise Mesa de Crédito,8,ivan@bancodovale.org.br,-,2025-09-18 13:38:59,18/09/2025 13:38,19/09/2025 09:09,-,0.81 dias,-,-,-,-
1943358,🕵️ Análise Agente de Crédito,4,rio@bancodovale.org.br,-,2025-09-16 16:47:44,16/09/2025 16:47,19/09/2025 09:38,-,2.7 dias,-,-,-,-
1943122,🧾 Análise Mesa de Crédito,8,jaragua@bancodovale.org.br,-,2025-09-18 16:36:17,18/09/2025 16:36,19/09/2025 12:53,-,0.85 dias,-,-,-,-
1943042,🕵️ Análise Agente de Crédito,4,jaragua@bancodovale.org.br,-,2025-09-16 14:19:42,16/09/2025 14:19,19/09/2025 16:00,-,3.07 dias,-,-,-,-
1942982,🧾 Análise Mesa de Crédito,8,juliano@bancodovale.org.br,-,2025-09-18 17:02:17,18/09/2025 17:02,19/09/2025 14:18,-,0.89 dias,-,-,-,-
1941886,🧾 Análise Mesa de Crédito,8,eder@bancodovale.org.br,-,2025-09-18 17:11:21,18/09/2025 17:11,19/09/2025 15:40,-,0.94 dias,-,-,-,-
1941582,👤 Análise Coordenação,6,elenita@bancovale.org.br,-,2025-09-16 13:01:59,16/09/2025 13:01,19/09/2025 08:35,-,2.81 dias,-,-,-,-
1939474,🕵️ Análise Agente de Crédito,4,rio@bancodovale.org.br,-,2025-09-12 16:19:26,12/09/2025 16:19,19/09/2025 09:10,-,6.7 dias,-,-,-,-
1939419,🕵️ Análise Agente de Crédito,4,Danielle,-,2025-09-12 15:46:52,12/09/2025 15:46,19/09/2025 16:50,-,7.04 dias,-,-,-,-
1938089,⚠️ Pendente Cliente,W,caciane@bancodovale.org.br,-,2025-09-12 14:00:01,12/09/2025 14:00,19/09/2025 10:40,-,6.86 dias,-,-,-,-
1938041,❌ Reprovado,X,elenita@bancovale.org.br,-,2025-09-16 16:30:59,16/09/2025 16:30,19/09/2025 10:07,-,2.73 dias,-,-,-,-
1938041,🕵️ Análise Agente de Crédito,4,Danielle,-,2025-09-19 10:07:40,19/09/2025 10:07,19/09/2025 10:16,-,0.01 dias,-,-,-,-
1936710,⚠️ Pendente Cliente,W,caciane@bancodovale.org.br,-,2025-09-12 14:01:21,12/09/2025 14:01,19/09/2025 10:39,-,6.86 dias,-,-,-,-
1933990,⚠️ Pendente Cliente,W,caciane@bancodovale.org.br,-,2025-09-11 10:52:55,11/09/2025 10:52,19/09/2025 10:37,-,7.99 dias,-,-,-,-
1931992,⚠️ Pendente Cliente,W,caciane@bancodovale.org.br,-,2025-09-12 13:40:59,12/09/2025 13:40,19/09/2025 10:32,-,6.87 dias,-,-,-,-
1931992,🧾 Análise Mesa de Crédito,8,caciane@bancodovale.org.br,-,2025-09-19 10:32:27,19/09/2025 10:32,19/09/2025 16:41,-,0.26 dias,-,-,-,-
1931787,❌ Reprovado,X,natalia@bancodovale.org.br,-,2025-09-09 11:54:31,09/09/2025 11:54,19/09/2025 09:30,-,9.9 dias,-,-,-,-
1929074,🧾 Análise Mesa de Crédito,8,roberto@bancodovale.org.br,-,2025-09-10 16:02:37,10/09/2025 16:02,19/09/2025 12:20,-,8.85 dias,-,-,-,-
1913616,👤 Análise Coordenação,6,pierre@bancodovale.org.br,-,2025-08-28 17:17:52,28/08/2025 17:17,19/09/2025 08:55,-,21.65 dias,-,-,-,-
1512300,🧾 Análise Mesa de Crédito,8,juliano@bancodovale.org.br,-,2025-09-18 16:30:14,18/09/2025 16:30,19/09/2025 14:34,-,0.92 dias,-,-,-,-
1195154,🕵️ Análise Agente de Crédito,4,rio@bancodovale.org.br,-,2025-09-16 11:36:37,16/09/2025 11:36,19/09/2025 13:42,-,3.09 dias,-,-,-,-
972379,📍 Definir Unidade de Atendimento,1,-,-,2024-02-28 15:47:15,28/02/2024 15:47,28/02/2024 15:48,-,0.0 dias,-,-,-,-
972379,🧾 Análise Mesa de Crédito,8,Janne,-,2024-02-28 15:48:02,28/02/2024 15:48,01/04/2024 11:00,-,32.8 dias,-,-,-,-
972379,✅ Aprovado,0,Fernando,-,2024-04-01 11:00:32,01/04/2024 11:00,17/07/2024 15:14,-,107.18 dias,-,-,-,-
972379,🧾 Análise Mesa de Crédito,8,Janne,-,2024-07-17 15:14:24,17/07/2024 15:14,18/07/2024 14:53,-,0.99 dias,-,-,-,-
972379,✅ Aprovado,0,Fernando,-,2024-07-18 14:53:55,18/07/2024 14:53,05/12/2024 13:11,-,139.93 dias,-,-,-,-
972379,🧾 Análise Mesa de Crédito,8,caciane@bancodovale.org.br,-,2024-12-05 13:11:06,05/12/2024 13:11,06/12/2024 11:30,-,0.93 dias,-,-,-,-
972379,✅ Aprovado,0,Fernando,-,2024-12-06 11:30:31,06/12/2024 11:30,19/09/2025 10:33,-,286.96 dias,-,-,-,-
972379,🧾 Análise Mesa de Crédito,8,caciane@bancodovale.org.br,-,2025-09-19 10:33:09,19/09/2025 10:33,19/09/2025 16:41,-,0.26 dias,-,-,-,-
902267,🕵️ Análise Agente de Crédito,4,rio@bancodovale.org.br,-,2025-09-16 11:21:48,16/09/2025 11:21,19/09/2025 13:31,-,3.09 dias,-,-,-,-
1921818,⚠️ Pendente Cliente,W,natalia@bancodovale.org.br,-,2025-09-03 13:07:34,03/09/2025 13:07,-,-,-,-,-,-,-
1944329,🕵️ Análise Agente de Crédito,4,emilia@bancodovale.org.br,-,2025-09-17 15:01:15,17/09/2025 15:01,-,-,-,-,-,-,-
1932353,❌ Reprovado,X,Fernando,-,2025-09-12 14:38:24,12/09/2025 14:38,-,-,-,-,-,-,-
1930948,❌ Reprovado,X,rio@bancodovale.org.br,-,2025-09-08 15:48:53,08/09/2025 15:48,-,-,-,-,-,-,-
1800672,❌ Reprovado,X,alinef@bancodovale.org.br,-,2025-09-12 15:02:15,12/09/2025 15:02,-,-,-,-,-,-,-
1919246,❌ Reprovado,X,alinef@bancodovale.org.br,-,2025-09-01 16:57:15,01/09/2025 16:57,-,-,-,-,-,-,-
1913895,⚠️ Pendente Cliente,W,alinef@bancodovale.org.br,-,2025-08-29 15:34:30,29/08/2025 15:34,-,-,-,-,-,-,-
1913829,⚠️ Pendente Cliente,W,alinef@bancodovale.org.br,-,2025-08-29 15:34:05,29/08/2025 15:34,-,-,-,-,-,-,-
1945065,🕵️ Análise Agente de Crédito,4,comercialdigital@bancodovale.com.br,-,2025-09-18 09:29:50,18/09/2025 09:29,-,-,-,-,-,-,-
1944557,🕵️ Análise Agente de Crédito,4,emilia@bancodovale.org.br,-,2025-09-18 08:38:19,18/09/2025 08:38,-,-,-,-,-,-,-
1920755,⚠️ Pendente Cliente,W,natalia@bancodovale.org.br,-,2025-09-01 16:29:16,01/09/2025 16:29,-,-,-,-,-,-,-
1946765,🕵️ Análise Agente de Crédito,4,rio@bancodovale.org.br,-,2025-09-18 14:23:12,18/09/2025 14:23,-,-,-,-,-,-,-
1946708,🕵️ Análise Agente de Crédito,4,emilia@bancodovale.org.br,-,2025-09-18 14:56:31,18/09/2025 14:56,-,-,-,-,-,-,-
1946688,🕵️ Análise Agente de Crédito,4,emilia@bancodovale.org.br,-,2025-09-18 15:27:34,18/09/2025 15:27,-,-,-,-,-,-,-
1945677,❌ Reprovado,X,elenita@bancovale.org.br,-,2025-09-18 15:30:50,18/09/2025 15:30,-,-,-,-,-,-,-
1945638,🕵️ Análise Agente de Crédito,4,rio@bancodovale.org.br,-,2025-09-18 11:23:11,18/09/2025 11:23,-,-,-,-,-,-,-
1945234,🗑️ Descartado (Lixo),E,comercialdigital@bancodovale.com.br,-,2025-09-18 10:01:41,18/09/2025 10:01,-,-,-,-,-,-,-
1945222,🚫 Cancelado,Y,-,-,2025-09-18 09:14:51,18/09/2025 09:14,-,-,-,-,-,-,-
1945120,❌ Reprovado,X,camila@bancodovale.org.br,-,2025-09-18 15:25:52,18/09/2025 15:25,-,-,-,-,-,-,-
1945070,📄 📄 Chamado Duplicado,D,comercialdigital@bancodovale.com.br,-,2025-09-18 08:40:38,18/09/2025 08:40,-,-,-,-,-,-,-
1944865,⚠️ Pendente Cliente,W,natalia@bancodovale.org.br,-,2025-09-18 09:38:44,18/09/2025 09:38,-,-,-,-,-,-,-
1944832,⚠️ Pendente Cliente,W,gilmara@bancodovale.org.br,-,2025-09-18 09:29:11,18/09/2025 09:29,-,-,-,-,-,-,-
1944772,❌ Reprovado,X,comercialdigital@bancodovale.com.br,-,2025-09-18 08:49:52,18/09/2025 08:49,-,-,-,-,-,-,-
1944768,🚫 Cancelado,Y,-,-,2025-09-17 16:20:42,17/09/2025 16:20,-,-,-,-,-,-,-
1944767,✅ Aprovado,0,Fernando,-,2025-09-17 16:36:41,17/09/2025 16:36,-,-,-,-,-,-,-
1944733,✅ Aprovado,0,Fernando,-,2025-09-17 16:37:06,17/09/2025 16:37,-,-,-,-,-,-,-
1944723,✅ Aprovado,0,Fernando,-,2025-09-17 16:36:12,17/09/2025 16:36,-,-,-,-,-,-,-
1944591,🙅 Desistiu,Z,rio@bancodovale.org.br,-,2025-09-18 11:24:19,18/09/2025 11:24,-,-,-,-,-,-,-
1944537,✅ Aprovado,0,Fernando,-,2025-09-18 16:43:13,18/09/2025 16:43,-,-,-,-,-,-,-
1944455,❌ Reprovado,X,camila@bancodovale.org.br,-,2025-09-18 15:25:21,18/09/2025 15:25,-,-,-,-,-,-,-
1944339,❌ Reprovado,X,elenita@bancovale.org.br,-,2025-09-17 14:24:19,17/09/2025 14:24,-,-,-,-,-,-,-
1944227,❌ Reprovado,X,ivan@bancodovale.org.br,-,2025-09-18 16:00:43,18/09/2025 16:00,-,-,-,-,-,-,-
1944166,✅ Aprovado,0,Fernando,-,2025-09-18 16:13:21,18/09/2025 16:13,-,-,-,-,-,-,-
1944128,⚠️ Pendente Cliente,W,gilmara@bancodovale.org.br,-,2025-09-18 09:29:32,18/09/2025 09:29,-,-,-,-,-,-,-
1943954,🕵️ Análise Agente de Crédito,4,Bruno,-,2025-09-17 15:10:44,17/09/2025 15:10,-,-,-,-,-,-,-
1943942,⚠️ Pendente Cliente,W,eduardo@bancodovale.org.br,-,2025-09-17 15:54:16,17/09/2025 15:54,-,-,-,-,-,-,-
1943922,🚫 Cancelado,Y,-,-,2025-09-17 09:34:56,17/09/2025 09:34,-,-,-,-,-,-,-
1943920,🚫 Cancelado,Y,-,-,2025-09-17 09:33:52,17/09/2025 09:33,-,-,-,-,-,-,-
1943897,⚠️ Pendente Cliente,W,natalia@bancodovale.org.br,-,2025-09-17 11:15:38,17/09/2025 11:15,-,-,-,-,-,-,-
1943877,✅ Aprovado,0,Fernando,-,2025-09-18 15:23:35,18/09/2025 15:23,-,-,-,-,-,-,-
1943836,🕵️ Análise Agente de Crédito,4,ivan@bancodovale.org.br,-,2025-09-17 10:09:55,17/09/2025 10:09,-,-,-,-,-,-,-
1943622,🕵️ Análise Agente de Crédito,4,comercialdigital@bancodovale.com.br,-,2025-09-17 10:57:54,17/09/2025 10:57,-,-,-,-,-,-,-
1943568,⚠️ Pendente Cliente,W,natalia@bancodovale.org.br,-,2025-09-17 11:11:08,17/09/2025 11:11,-,-,-,-,-,-,-
1943483,⚠️ Pendente Cliente,W,gilmara@bancodovale.org.br,-,2025-09-17 09:05:11,17/09/2025 09:05,-,-,-,-,-,-,-
1943155,❌ Reprovado,X,gilmara@bancodovale.org.br,-,2025-09-17 09:04:26,17/09/2025 09:04,-,-,-,-,-,-,-
1943085,❌ Reprovado,X,gilmara@bancodovale.org.br,-,2025-09-17 08:59:36,17/09/2025 08:59,-,-,-,-,-,-,-
1943071,⚠️ Pendente Cliente,W,gilmara@bancodovale.org.br,-,2025-09-17 10:34:41,17/09/2025 10:34,-,-,-,-,-,-,-
1942872,🚫 Cancelado,Y,Bruno,-,2025-09-16 14:59:56,16/09/2025 14:59,-,-,-,-,-,-,-
1942813,❌ Reprovado,X,gilmara@bancodovale.org.br,-,2025-09-17 09:00:15,17/09/2025 09:00,-,-,-,-,-,-,-
1942789,🚫 Cancelado,Y,felipe@bancodovale.org.br,-,2025-09-18 08:24:30,18/09/2025 08:24,-,-,-,-,-,-,-
1942781,⚠️ Pendente Cliente,W,gilmara@bancodovale.org.br,-,2025-09-17 10:34:30,17/09/2025 10:34,-,-,-,-,-,-,-
1942729,✅ Aprovado,0,Fernando,-,2025-09-16 15:55:08,16/09/2025 15:55,-,-,-,-,-,-,-
1942646,✅ Aprovado,0,Fernando,-,2025-09-16 16:41:20,16/09/2025 16:41,-,-,-,-,-,-,-
1942590,⚠️ Pendente Cliente,W,KATLIN,-,2025-09-16 17:24:35,16/09/2025 17:24,-,-,-,-,-,-,-
1942416,❌ Reprovado,X,gilmara@bancodovale.org.br,-,2025-09-16 10:34:07,16/09/2025 10:34,-,-,-,-,-,-,-
1942361,⚠️ Pendente Cliente,W,natalia@bancodovale.org.br,-,2025-09-16 10:49:44,16/09/2025 10:49,-,-,-,-,-,-,-
1942352,🚫 Cancelado,Y,-,-,2025-09-16 06:52:55,16/09/2025 06:52,-,-,-,-,-,-,-
1942348,❌ Reprovado,X,alinef@bancodovale.org.br,-,2025-09-17 11:19:46,17/09/2025 11:19,-,-,-,-,-,-,-
1942311,❌ Reprovado,X,alinef@bancodovale.org.br,-,2025-09-17 11:18:21,17/09/2025 11:18,-,-,-,-,-,-,-
1942154,❌ Reprovado,X,gilmara@bancodovale.org.br,-,2025-09-17 09:19:13,17/09/2025 09:19,-,-,-,-,-,-,-
1942111,✅ Aprovado,0,Fernando,-,2025-09-17 16:18:32,17/09/2025 16:18,-,-,-,-,-,-,-
1942110,✅ Aprovado,0,Fernando,-,2025-09-17 16:18:31,17/09/2025 16:18,-,-,-,-,-,-,-
1942066,🙅 Desistiu,Z,gilmara@bancodovale.org.br,-,2025-09-17 09:03:40,17/09/2025 09:03,-,-,-,-,-,-,-
1942038,✅ Aprovado,0,Fernando,-,2025-09-18 16:12:30,18/09/2025 16:12,-,-,-,-,-,-,-
1941580,✅ Aprovado,0,Fernando,-,2025-09-17 12:11:04,17/09/2025 12:11,-,-,-,-,-,-,-
1941511,⚠️ Pendente Cliente,W,gilmara@bancodovale.org.br,-,2025-09-16 09:39:08,16/09/2025 09:39,-,-,-,-,-,-,-
1941423,✅ Aprovado,0,Fernando,-,2025-09-18 09:30:04,18/09/2025 09:30,-,-,-,-,-,-,-
1941365,✅ Aprovado,0,Fernando,-,2025-09-17 16:19:10,17/09/2025 16:19,-,-,-,-,-,-,-
1941356,🙅 Desistiu,Z,gilmara@bancodovale.org.br,-,2025-09-16 10:35:51,16/09/2025 10:35,-,-,-,-,-,-,-
1940920,⚠️ Pendente Cliente,W,gilmara@bancodovale.org.br,-,2025-09-16 10:57:50,16/09/2025 10:57,-,-,-,-,-,-,-
1940906,🧾 Análise Mesa de Crédito,8,alinef@bancodovale.org.br,-,2025-09-15 15:59:21,15/09/2025 15:59,-,-,-,-,-,-,-
1940861,✅ Aprovado,0,Fernando,-,2025-09-17 09:36:26,17/09/2025 09:36,-,-,-,-,-,-,-
1940577,❌ Reprovado,X,gilmara@bancodovale.org.br,-,2025-09-16 10:54:10,16/09/2025 10:54,-,-,-,-,-,-,-
1940466,🕵️ Análise Agente de Crédito,4,emilia@bancodovale.org.br,-,2025-09-15 10:02:46,15/09/2025 10:02,-,-,-,-,-,-,-
1940457,🗑️ Descartado (Lixo),E,emilia@bancodovale.org.br,-,2025-09-15 09:58:48,15/09/2025 09:58,-,-,-,-,-,-,-
1940440,✅ Aprovado,0,Fernando,-,2025-09-17 14:46:00,17/09/2025 14:46,-,-,-,-,-,-,-
1940394,❌ Reprovado,X,natalia@bancodovale.org.br,-,2025-09-15 10:48:06,15/09/2025 10:48,-,-,-,-,-,-,-
1940391,🙅 Desistiu,Z,dennis@bancodovale.org.br,-,2025-09-15 15:46:16,15/09/2025 15:46,-,-,-,-,-,-,-
1940362,🕵️ Análise Agente de Crédito,4,emilia@bancodovale.org.br,-,2025-09-15 12:06:13,15/09/2025 12:06,-,-,-,-,-,-,-
1940199,❌ Reprovado,X,caciane@bancodovale.org.br,-,2025-09-15 15:13:59,15/09/2025 15:13,-,-,-,-,-,-,-
1940021,❌ Reprovado,X,caciane@bancodovale.org.br,-,2025-09-15 15:17:04,15/09/2025 15:17,-,-,-,-,-,-,-
1940015,⚠️ Pendente Cliente,W,natalia@bancodovale.org.br,-,2025-09-15 09:43:18,15/09/2025 09:43,-,-,-,-,-,-,-
1939995,🕵️ Análise Agente de Crédito,4,comercialdigital@bancodovale.com.br,-,2025-09-15 10:02:45,15/09/2025 10:02,-,-,-,-,-,-,-
1939774,❌ Reprovado,X,camila@bancodovale.org.br,-,2025-09-15 10:22:15,15/09/2025 10:22,-,-,-,-,-,-,-
1939661,❌ Reprovado,X,gilmara@bancodovale.org.br,-,2025-09-15 09:04:01,15/09/2025 09:04,-,-,-,-,-,-,-
1939615,❌ Reprovado,X,gilmara@bancodovale.org.br,-,2025-09-15 09:05:17,15/09/2025 09:05,-,-,-,-,-,-,-
1939580,⚠️ Pendente Cliente,W,jaragua@bancodovale.org.br,-,2025-09-12 17:16:49,12/09/2025 17:16,-,-,-,-,-,-,-
1939535,❌ Reprovado,X,gilmara@bancodovale.org.br,-,2025-09-15 09:04:32,15/09/2025 09:04,-,-,-,-,-,-,-
1939499,❌ Reprovado,X,comercialdigital@bancodovale.com.br,-,2025-09-12 16:34:45,12/09/2025 16:34,-,-,-,-,-,-,-
1939492,🕵️ Análise Agente de Crédito,4,Danielle,-,2025-09-12 16:25:11,12/09/2025 16:25,-,-,-,-,-,-,-
1939476,✅ Aprovado,0,Fernando,-,2025-09-17 15:13:44,17/09/2025 15:13,-,-,-,-,-,-,-
1939412,⚠️ Pendente Cliente,W,jessica@bancodovale.org.br,-,2025-09-12 16:29:33,12/09/2025 16:29,-,-,-,-,-,-,-
1939404,⚠️ Pendente Cliente,W,jessica@bancodovale.org.br,-,2025-09-12 16:28:40,12/09/2025 16:28,-,-,-,-,-,-,-
1939324,✅ Aprovado,0,Fernando,-,2025-09-15 17:33:15,15/09/2025 17:33,-,-,-,-,-,-,-
1939166,📄 📄 Chamado Duplicado,D,comercialdigital@bancodovale.com.br,-,2025-09-12 14:11:14,12/09/2025 14:11,-,-,-,-,-,-,-
1939157,❌ Reprovado,X,KATLIN,-,2025-09-18 16:39:55,18/09/2025 16:39,-,-,-,-,-,-,-
1939138,📄 📄 Chamado Duplicado,D,comercialdigital@bancodovale.com.br,-,2025-09-12 13:57:27,12/09/2025 13:57,-,-,-,-,-,-,-
1939084,✅ Aprovado,0,Fernando,-,2025-09-16 11:33:32,16/09/2025 11:33,-,-,-,-,-,-,-
1939004,⚠️ Pendente Cliente,W,gilmara@bancodovale.org.br,-,2025-09-12 15:04:09,12/09/2025 15:04,-,-,-,-,-,-,-
1938694,⚠️ Pendente Cliente,W,natalia@bancodovale.org.br,-,2025-09-12 13:57:50,12/09/2025 13:57,-,-,-,-,-,-,-
1938600,❌ Reprovado,X,natalia@bancodovale.org.br,-,2025-09-12 13:57:07,12/09/2025 13:57,-,-,-,-,-,-,-
1938587,✅ Aprovado,0,Fernando,-,2025-09-15 12:39:13,15/09/2025 12:39,-,-,-,-,-,-,-
1938392,❌ Reprovado,X,rejane@bancodovale.org.br,-,2025-09-17 14:55:40,17/09/2025 14:55,-,-,-,-,-,-,-
1938242,🙅 Desistiu,Z,camila@bancodovale.org.br,-,2025-09-15 10:09:19,15/09/2025 10:09,-,-,-,-,-,-,-
1938184,🙅 Desistiu,Z,rio@bancodovale.org.br,-,2025-09-12 14:02:51,12/09/2025 14:02,-,-,-,-,-,-,-
1938181,✅ Aprovado,0,Fernando,-,2025-09-17 12:20:29,17/09/2025 12:20,-,-,-,-,-,-,-
1938180,🙅 Desistiu,Z,caciane@bancodovale.org.br,-,2025-09-17 10:56:46,17/09/2025 10:56,-,-,-,-,-,-,-
1938073,🚫 Cancelado,Y,-,-,2025-09-11 15:55:37,11/09/2025 15:55,-,-,-,-,-,-,-
1938063,🕵️ Análise Agente de Crédito,4,rio@bancodovale.org.br,-,2025-09-12 16:17:36,12/09/2025 16:17,-,-,-,-,-,-,-
1938036,🚫 Cancelado,Y,-,-,2025-09-11 15:27:49,11/09/2025 15:27,-,-,-,-,-,-,-
1938018,🚫 Cancelado,Y,-,-,2025-09-11 16:43:21,11/09/2025 16:43,-,-,-,-,-,-,-
1937989,❌ Reprovado,X,elenita@bancovale.org.br,-,2025-09-12 16:30:11,12/09/2025 16:30,-,-,-,-,-,-,-
1937903,❌ Reprovado,X,camila@bancodovale.org.br,-,2025-09-11 14:21:33,11/09/2025 14:21,-,-,-,-,-,-,-
1937897,🚫 Cancelado,Y,-,-,2025-09-11 14:18:22,11/09/2025 14:18,-,-,-,-,-,-,-
1937805,🙅 Desistiu,Z,caciane@bancodovale.org.br,-,2025-09-12 14:01:02,12/09/2025 14:01,-,-,-,-,-,-,-
1937797,✅ Aprovado,0,Fernando,-,2025-09-15 12:22:10,15/09/2025 12:22,-,-,-,-,-,-,-
1937682,🕵️ Análise Agente de Crédito,4,comercialdigital@bancodovale.com.br,-,2025-09-11 15:01:20,11/09/2025 15:01,-,-,-,-,-,-,-
1937636,🕵️ Análise Agente de Crédito,4,comercialdigital@bancodovale.com.br,-,2025-09-11 14:55:33,11/09/2025 14:55,-,-,-,-,-,-,-
1937559,🕵️ Análise Agente de Crédito,4,rio@bancodovale.org.br,-,2025-09-11 11:51:38,11/09/2025 11:51,-,-,-,-,-,-,-
1937513,✅ Aprovado,0,Fernando,-,2025-09-12 09:47:38,12/09/2025 09:47,-,-,-,-,-,-,-
1937432,✅ Aprovado,0,Fernando,-,2025-09-15 10:29:21,15/09/2025 10:29,-,-,-,-,-,-,-
1937149,🚫 Cancelado,Y,-,-,2025-09-11 10:08:05,11/09/2025 10:08,-,-,-,-,-,-,-
1936906,✅ Aprovado,0,Fernando,-,2025-09-15 10:28:46,15/09/2025 10:28,-,-,-,-,-,-,-
1936902,⚠️ Pendente Cliente,W,natalia@bancodovale.org.br,-,2025-09-11 15:03:37,11/09/2025 15:03,-,-,-,-,-,-,-
1936728,❌ Reprovado,X,comercialdigital@bancodovale.com.br,-,2025-09-11 08:50:46,11/09/2025 08:50,-,-,-,-,-,-,-
1936719,❌ Reprovado,X,alinef@bancodovale.org.br,-,2025-09-15 15:58:49,15/09/2025 15:58,-,-,-,-,-,-,-
1936549,❌ Reprovado,X,camila@bancodovale.org.br,-,2025-09-11 15:37:44,11/09/2025 15:37,-,-,-,-,-,-,-
1936524,⚠️ Pendente Cliente,W,natalia@bancodovale.org.br,-,2025-09-11 10:36:51,11/09/2025 10:36,-,-,-,-,-,-,-
1936173,✅ Aprovado,0,Fernando,-,2025-09-15 11:31:30,15/09/2025 11:31,-,-,-,-,-,-,-
1936024,✅ Aprovado,0,Fernando,-,2025-09-16 09:44:33,16/09/2025 09:44,-,-,-,-,-,-,-
1935988,✅ Aprovado,0,Fernando,-,2025-09-11 17:17:45,11/09/2025 17:17,-,-,-,-,-,-,-
1935984,🙅 Desistiu,Z,caciane@bancodovale.org.br,-,2025-09-12 14:04:14,12/09/2025 14:04,-,-,-,-,-,-,-
1935114,⚠️ Pendente Cliente,W,gilmara@bancodovale.org.br,-,2025-09-11 08:59:31,11/09/2025 08:59,-,-,-,-,-,-,-
1935028,📄 📄 Chamado Duplicado,D,jaragua@bancodovale.org.br,-,2025-09-10 14:32:58,10/09/2025 14:32,-,-,-,-,-,-,-
1934937,🕵️ Análise Agente de Crédito,4,Danielle,-,2025-09-10 15:40:44,10/09/2025 15:40,-,-,-,-,-,-,-
1934806,📄 📄 Chamado Duplicado,D,comercialdigital@bancodovale.com.br,-,2025-09-10 14:52:24,10/09/2025 14:52,-,-,-,-,-,-,-
1934755,❌ Reprovado,X,camila@bancodovale.org.br,-,2025-09-10 15:49:22,10/09/2025 15:49,-,-,-,-,-,-,-
1934324,⚠️ Pendente Cliente,W,eder@bancodovale.org.br,-,2025-09-15 10:07:51,15/09/2025 10:07,-,-,-,-,-,-,-
1934308,⚠️ Pendente Cliente,W,gilmara@bancodovale.org.br,-,2025-09-12 15:04:26,12/09/2025 15:04,-,-,-,-,-,-,-
1934219,❌ Reprovado,X,comercialdigital@bancodovale.com.br,-,2025-09-10 13:45:08,10/09/2025 13:45,-,-,-,-,-,-,-
1934200,❌ Reprovado,X,jessica@bancodovale.org.br,-,2025-09-12 16:34:10,12/09/2025 16:34,-,-,-,-,-,-,-
1934145,🙅 Desistiu,Z,caciane@bancodovale.org.br,-,2025-09-12 14:02:37,12/09/2025 14:02,-,-,-,-,-,-,-
1934142,✅ Aprovado,0,Fernando,-,2025-09-15 09:17:06,15/09/2025 09:17,-,-,-,-,-,-,-
1934127,🙅 Desistiu,Z,caciane@bancodovale.org.br,-,2025-09-12 14:03:23,12/09/2025 14:03,-,-,-,-,-,-,-
1933864,✅ Aprovado,0,Fernando,-,2025-09-18 16:30:14,18/09/2025 16:30,-,-,-,-,-,-,-
1933733,❌ Reprovado,X,comercialdigital@bancodovale.com.br,-,2025-09-10 10:34:35,10/09/2025 10:34,-,-,-,-,-,-,-
1933640,❌ Reprovado,X,jessica@bancodovale.org.br,-,2025-09-10 15:56:58,10/09/2025 15:56,-,-,-,-,-,-,-
1933368,✅ Aprovado,0,Fernando,-,2025-09-15 16:14:24,15/09/2025 16:14,-,-,-,-,-,-,-
1933363,✅ Aprovado,0,Fernando,-,2025-09-11 10:58:31,11/09/2025 10:58,-,-,-,-,-,-,-
1933358,❌ Reprovado,X,gilmara@bancodovale.org.br,-,2025-09-12 15:03:44,12/09/2025 15:03,-,-,-,-,-,-,-
1933346,🧾 Análise Mesa de Crédito,8,camila@bancodovale.org.br,-,2025-09-10 14:01:58,10/09/2025 14:01,-,-,-,-,-,-,-
1933286,✅ Aprovado,0,Fernando,-,2025-09-16 15:35:00,16/09/2025 15:35,-,-,-,-,-,-,-
1933237,❌ Reprovado,X,felipe@bancodovale.org.br,-,2025-09-10 15:52:16,10/09/2025 15:52,-,-,-,-,-,-,-
1933061,❌ Reprovado,X,comercialdigital@bancodovale.com.br,-,2025-09-10 08:53:23,10/09/2025 08:53,-,-,-,-,-,-,-
1933038,❌ Reprovado,X,alinef@bancodovale.org.br,-,2025-09-15 15:58:16,15/09/2025 15:58,-,-,-,-,-,-,-
1933027,✅ Aprovado,0,Fernando,-,2025-09-12 09:39:04,12/09/2025 09:39,-,-,-,-,-,-,-
1933025,❌ Reprovado,X,gilmara@bancodovale.org.br,-,2025-09-11 09:00:09,11/09/2025 09:00,-,-,-,-,-,-,-
1932985,❌ Reprovado,X,gilmara@bancodovale.org.br,-,2025-09-10 09:27:19,10/09/2025 09:27,-,-,-,-,-,-,-
1932865,✅ Aprovado,0,Fernando,-,2025-09-11 12:27:24,11/09/2025 12:27,-,-,-,-,-,-,-
1932863,🙅 Desistiu,Z,camila@bancodovale.org.br,-,2025-09-11 14:22:04,11/09/2025 14:22,-,-,-,-,-,-,-
1932850,✅ Aprovado,0,Fernando,-,2025-09-11 12:30:49,11/09/2025 12:30,-,-,-,-,-,-,-
1932788,⚠️ Pendente Cliente,W,gilmara@bancodovale.org.br,-,2025-09-12 15:04:54,12/09/2025 15:04,-,-,-,-,-,-,-
1932765,🙅 Desistiu,Z,camila@bancodovale.org.br,-,2025-09-11 14:22:27,11/09/2025 14:22,-,-,-,-,-,-,-
1932736,✅ Aprovado,0,Fernando,-,2025-09-11 08:31:50,11/09/2025 08:31,-,-,-,-,-,-,-
1932634,❌ Reprovado,X,comercialdigital@bancodovale.com.br,-,2025-09-09 15:00:26,09/09/2025 15:00,-,-,-,-,-,-,-
1932565,🕵️ Análise Agente de Crédito,4,rio@bancodovale.org.br,-,2025-09-10 15:10:51,10/09/2025 15:10,-,-,-,-,-,-,-
1932560,❌ Reprovado,X,Fernando,-,2025-09-16 15:19:05,16/09/2025 15:19,-,-,-,-,-,-,-
1932513,✅ Aprovado,0,Fernando,-,2025-09-15 13:14:16,15/09/2025 13:14,-,-,-,-,-,-,-
1932497,✅ Aprovado,0,Fernando,-,2025-09-11 10:16:11,11/09/2025 10:16,-,-,-,-,-,-,-
1932466,❌ Reprovado,X,gilmara@bancodovale.org.br,-,2025-09-10 09:28:55,10/09/2025 09:28,-,-,-,-,-,-,-
1932372,🕵️ Análise Agente de Crédito,4,Danielle,-,2025-09-09 12:58:02,09/09/2025 12:58,-,-,-,-,-,-,-
1932252,❌ Reprovado,X,alinef@bancodovale.org.br,-,2025-09-15 15:57:44,15/09/2025 15:57,-,-,-,-,-,-,-
1932199,✅ Aprovado,0,Fernando,-,2025-09-11 10:04:21,11/09/2025 10:04,-,-,-,-,-,-,-
1932196,⚠️ Pendente Cliente,W,eduardo@bancodovale.org.br,-,2025-09-09 14:34:08,09/09/2025 14:34,-,-,-,-,-,-,-
1932167,✅ Aprovado,0,Fernando,-,2025-09-09 12:50:16,09/09/2025 12:50,-,-,-,-,-,-,-
1932166,✅ Aprovado,0,Fernando,-,2025-09-17 08:57:06,17/09/2025 08:57,-,-,-,-,-,-,-
1932147,❌ Reprovado,X,jessica@bancodovale.org.br,-,2025-09-12 16:31:23,12/09/2025 16:31,-,-,-,-,-,-,-
1932059,✅ Aprovado,0,Fernando,-,2025-09-11 08:24:42,11/09/2025 08:24,-,-,-,-,-,-,-
1932058,✅ Aprovado,0,Fernando,-,2025-09-11 12:45:28,11/09/2025 12:45,-,-,-,-,-,-,-
1932043,❌ Reprovado,X,comercialdigital@bancodovale.com.br,-,2025-09-09 09:56:16,09/09/2025 09:56,-,-,-,-,-,-,-
1931988,✅ Aprovado,0,Fernando,-,2025-09-11 11:26:30,11/09/2025 11:26,-,-,-,-,-,-,-
1931950,✅ Aprovado,0,Fernando,-,2025-09-11 11:29:12,11/09/2025 11:29,-,-,-,-,-,-,-
1931891,✅ Aprovado,0,Fernando,-,2025-09-16 14:41:44,16/09/2025 14:41,-,-,-,-,-,-,-
1931811,🕵️ Análise Agente de Crédito,4,emilia@bancodovale.org.br,-,2025-09-09 10:49:32,09/09/2025 10:49,-,-,-,-,-,-,-
1931616,⚠️ Pendente Cliente,W,gilmara@bancodovale.org.br,-,2025-09-10 09:26:46,10/09/2025 09:26,-,-,-,-,-,-,-
1931557,✅ Aprovado,0,Fernando,-,2025-09-10 16:49:36,10/09/2025 16:49,-,-,-,-,-,-,-
1931291,🕵️ Análise Agente de Crédito,4,rio@bancodovale.org.br,-,2025-09-09 13:39:36,09/09/2025 13:39,-,-,-,-,-,-,-
1931289,✅ Aprovado,0,Fernando,-,2025-09-08 15:52:59,08/09/2025 15:52,-,-,-,-,-,-,-
1931231,✅ Aprovado,0,Fernando,-,2025-09-10 17:03:33,10/09/2025 17:03,-,-,-,-,-,-,-
1931176,✅ Aprovado,0,Fernando,-,2025-09-11 08:38:04,11/09/2025 08:38,-,-,-,-,-,-,-
1931118,🚫 Cancelado,Y,felipe@bancodovale.org.br,-,2025-09-10 15:42:16,10/09/2025 15:42,-,-,-,-,-,-,-
1931097,🚫 Cancelado,Y,felipe@bancodovale.org.br,-,2025-09-09 14:58:03,09/09/2025 14:58,-,-,-,-,-,-,-
1931076,❌ Reprovado,X,elenita@bancovale.org.br,-,2025-09-09 09:18:06,09/09/2025 09:18,-,-,-,-,-,-,-
1931053,❌ Reprovado,X,gilmara@bancodovale.org.br,-,2025-09-10 09:28:01,10/09/2025 09:28,-,-,-,-,-,-,-
1931038,❌ Reprovado,X,gilmara@bancodovale.org.br,-,2025-09-08 13:51:59,08/09/2025 13:51,-,-,-,-,-,-,-
1931031,🚫 Cancelado,Y,felipe@bancodovale.org.br,-,2025-09-09 14:56:43,09/09/2025 14:56,-,-,-,-,-,-,-
1931013,❌ Reprovado,X,camila@bancodovale.org.br,-,2025-09-08 15:18:26,08/09/2025 15:18,-,-,-,-,-,-,-
1931012,🗑️ Descartado (Lixo),E,comercialdigital@bancodovale.com.br,-,2025-09-08 13:38:01,08/09/2025 13:38,-,-,-,-,-,-,-
1930963,⚠️ Pendente Cliente,W,Bruno,-,2025-09-16 15:31:04,16/09/2025 15:31,-,-,-,-,-,-,-
1930951,🧾 Análise Mesa de Crédito,8,roberto@bancodovale.org.br,-,2025-09-15 08:08:24,15/09/2025 08:08,-,-,-,-,-,-,-
1930813,❌ Reprovado,X,alinef@bancodovale.org.br,-,2025-09-15 15:57:15,15/09/2025 15:57,-,-,-,-,-,-,-
1930701,🚫 Cancelado,Y,-,-,2025-09-08 10:27:18,08/09/2025 10:27,-,-,-,-,-,-,-
1930679,❌ Reprovado,X,alinef@bancodovale.org.br,-,2025-09-15 15:56:27,15/09/2025 15:56,-,-,-,-,-,-,-
1930675,❌ Reprovado,X,natalia@bancodovale.org.br,-,2025-09-08 11:28:14,08/09/2025 11:28,-,-,-,-,-,-,-
1930671,✅ Aprovado,0,Fernando,-,2025-09-15 10:05:32,15/09/2025 10:05,-,-,-,-,-,-,-
1930521,🙅 Desistiu,Z,dennis@bancodovale.org.br,-,2025-09-15 15:45:24,15/09/2025 15:45,-,-,-,-,-,-,-
1930443,❌ Reprovado,X,comercialdigital@bancodovale.com.br,-,2025-09-08 09:41:08,08/09/2025 09:41,-,-,-,-,-,-,-
1930367,❌ Reprovado,X,rejane@bancodovale.org.br,-,2025-09-17 14:55:21,17/09/2025 14:55,-,-,-,-,-,-,-
1930359,✅ Aprovado,0,Fernando,-,2025-09-12 11:12:21,12/09/2025 11:12,-,-,-,-,-,-,-
1930221,❌ Reprovado,X,Bruno,-,2025-09-16 15:30:17,16/09/2025 15:30,-,-,-,-,-,-,-
1930214,🚫 Cancelado,Y,-,-,2025-09-08 08:48:51,08/09/2025 08:48,-,-,-,-,-,-,-
1930136,❌ Reprovado,X,natalia@bancodovale.org.br,-,2025-09-08 10:35:12,08/09/2025 10:35,-,-,-,-,-,-,-
1930003,❌ Reprovado,X,natalia@bancodovale.org.br,-,2025-09-08 10:38:42,08/09/2025 10:38,-,-,-,-,-,-,-
1929988,❌ Reprovado,X,natalia@bancodovale.org.br,-,2025-09-08 11:26:55,08/09/2025 11:26,-,-,-,-,-,-,-
1929914,❌ Reprovado,X,elenita@bancovale.org.br,-,2025-09-10 17:09:12,10/09/2025 17:09,-,-,-,-,-,-,-
1929879,❌ Reprovado,X,comercialdigital@bancodovale.com.br,-,2025-09-08 09:27:05,08/09/2025 09:27,-,-,-,-,-,-,-
1929418,❌ Reprovado,X,comercialdigital@bancodovale.com.br,-,2025-09-08 09:26:48,08/09/2025 09:26,-,-,-,-,-,-,-
1929243,❌ Reprovado,X,jessica@bancodovale.org.br,-,2025-09-08 13:25:39,08/09/2025 13:25,-,-,-,-,-,-,-
1929236,❌ Reprovado,X,gilmara@bancodovale.org.br,-,2025-09-08 11:17:33,08/09/2025 11:17,-,-,-,-,-,-,-
1929231,❌ Reprovado,X,alinef@bancodovale.org.br,-,2025-09-15 15:55:57,15/09/2025 15:55,-,-,-,-,-,-,-
1929227,❌ Reprovado,X,gilmara@bancodovale.org.br,-,2025-09-08 11:18:31,08/09/2025 11:18,-,-,-,-,-,-,-
1929215,⚠️ Pendente Cliente,W,gilmara@bancodovale.org.br,-,2025-09-08 11:20:33,08/09/2025 11:20,-,-,-,-,-,-,-
1929202,❌ Reprovado,X,gilmara@bancodovale.org.br,-,2025-09-08 11:20:00,08/09/2025 11:20,-,-,-,-,-,-,-
1929196,✅ Aprovado,0,Fernando,-,2025-09-12 16:59:18,12/09/2025 16:59,-,-,-,-,-,-,-
1929190,❌ Reprovado,X,comercialdigital@bancodovale.com.br,-,2025-09-08 09:24:50,08/09/2025 09:24,-,-,-,-,-,-,-
1929189,❌ Reprovado,X,gilmara@bancodovale.org.br,-,2025-09-08 11:19:11,08/09/2025 11:19,-,-,-,-,-,-,-
1929183,🚫 Cancelado,Y,-,-,2025-09-05 17:46:00,05/09/2025 17:46,-,-,-,-,-,-,-
1929122,❌ Reprovado,X,jessica@bancodovale.org.br,-,2025-09-08 13:26:24,08/09/2025 13:26,-,-,-,-,-,-,-
1929116,❌ Reprovado,X,ivan@bancodovale.org.br,-,2025-09-09 08:31:22,09/09/2025 08:31,-,-,-,-,-,-,-
1928957,✅ Aprovado,0,Fernando,-,2025-09-10 11:48:10,10/09/2025 11:48,-,-,-,-,-,-,-
1928913,✅ Aprovado,0,Fernando,-,2025-09-12 15:15:54,12/09/2025 15:15,-,-,-,-,-,-,-
1928907,🙅 Desistiu,Z,regina@bancodovale.org.br,-,2025-09-08 14:49:00,08/09/2025 14:49,-,-,-,-,-,-,-
1928891,✅ Aprovado,0,Fernando,-,2025-09-09 12:50:43,09/09/2025 12:50,-,-,-,-,-,-,-
1928878,🙅 Desistiu,Z,alinef@bancodovale.org.br,-,2025-09-10 15:59:07,10/09/2025 15:59,-,-,-,-,-,-,-
1928812,✅ Aprovado,0,Fernando,-,2025-09-09 14:34:29,09/09/2025 14:34,-,-,-,-,-,-,-
1928676,🙅 Desistiu,Z,dennis@bancodovale.org.br,-,2025-09-12 13:01:21,12/09/2025 13:01,-,-,-,-,-,-,-
1928613,✅ Aprovado,0,Fernando,-,2025-09-08 13:07:02,08/09/2025 13:07,-,-,-,-,-,-,-
1928473,⚠️ Pendente Cliente,W,eduardo@bancodovale.org.br,-,2025-09-05 14:12:08,05/09/2025 14:12,-,-,-,-,-,-,-
1928471,❌ Reprovado,X,alinef@bancodovale.org.br,-,2025-09-09 11:42:30,09/09/2025 11:42,-,-,-,-,-,-,-
1928470,✅ Aprovado,0,Fernando,-,2025-09-08 12:10:08,08/09/2025 12:10,-,-,-,-,-,-,-
1928463,✅ Aprovado,0,Fernando,-,2025-09-09 15:56:28,09/09/2025 15:56,-,-,-,-,-,-,-
1928434,🕵️ Análise Agente de Crédito,4,rio@bancodovale.org.br,-,2025-09-05 10:23:37,05/09/2025 10:23,-,-,-,-,-,-,-
1928325,🚫 Cancelado,Y,-,-,2025-09-05 10:36:00,05/09/2025 10:36,-,-,-,-,-,-,-
1928283,✅ Aprovado,0,Fernando,-,2025-09-08 14:24:27,08/09/2025 14:24,-,-,-,-,-,-,-
1928273,❌ Reprovado,X,alinef@bancodovale.org.br,-,2025-09-09 11:41:34,09/09/2025 11:41,-,-,-,-,-,-,-
1928221,❌ Reprovado,X,elenita@bancovale.org.br,-,2025-09-05 10:41:10,05/09/2025 10:41,-,-,-,-,-,-,-
1928051,⚠️ Pendente Cliente,W,KATLIN,-,2025-09-05 10:00:24,05/09/2025 10:00,-,-,-,-,-,-,-
1928026,⚠️ Pendente Cliente,W,alinef@bancodovale.org.br,-,2025-09-05 17:08:08,05/09/2025 17:08,-,-,-,-,-,-,-
1928015,🙅 Desistiu,Z,alinef@bancodovale.org.br,-,2025-09-08 12:41:43,08/09/2025 12:41,-,-,-,-,-,-,-
1927965,🙅 Desistiu,Z,alinef@bancodovale.org.br,-,2025-09-10 11:59:31,10/09/2025 11:59,-,-,-,-,-,-,-
1927902,❌ Reprovado,X,jessica@bancodovale.org.br,-,2025-09-05 12:33:00,05/09/2025 12:33,-,-,-,-,-,-,-
1927883,⚠️ Pendente Cliente,W,gilmara@bancodovale.org.br,-,2025-09-05 11:21:33,05/09/2025 11:21,-,-,-,-,-,-,-
1927629,❌ Reprovado,X,alinef@bancodovale.org.br,-,2025-09-09 11:41:01,09/09/2025 11:41,-,-,-,-,-,-,-
1927628,📄 📄 Chamado Duplicado,D,jaragua@bancodovale.org.br,-,2025-09-04 16:21:28,04/09/2025 16:21,-,-,-,-,-,-,-
1927477,🙅 Desistiu,Z,dennis@bancodovale.org.br,-,2025-09-08 11:20:01,08/09/2025 11:20,-,-,-,-,-,-,-
1927457,❌ Reprovado,X,jessica@bancodovale.org.br,-,2025-09-08 13:17:47,08/09/2025 13:17,-,-,-,-,-,-,-
1927415,✅ Aprovado,0,Fernando,-,2025-09-08 11:10:34,08/09/2025 11:10,-,-,-,-,-,-,-
1927409,❌ Reprovado,X,elenita@bancovale.org.br,-,2025-09-05 14:16:42,05/09/2025 14:16,-,-,-,-,-,-,-
1927406,❌ Reprovado,X,adriana@bancodovale.org.br,-,2025-09-10 10:18:20,10/09/2025 10:18,-,-,-,-,-,-,-
1927192,✅ Aprovado,0,Fernando,-,2025-09-11 10:45:00,11/09/2025 10:45,-,-,-,-,-,-,-
1927050,❌ Reprovado,X,comercialdigital@bancodovale.com.br,-,2025-09-04 14:22:59,04/09/2025 14:22,-,-,-,-,-,-,-
1926956,🙅 Desistiu,Z,alinef@bancodovale.org.br,-,2025-09-08 16:20:22,08/09/2025 16:20,-,-,-,-,-,-,-
1926843,🚫 Cancelado,Y,felipe@bancodovale.org.br,-,2025-09-08 15:22:15,08/09/2025 15:22,-,-,-,-,-,-,-
1926778,⚠️ Pendente Cliente,W,gilmara@bancodovale.org.br,-,2025-09-05 11:18:52,05/09/2025 11:18,-,-,-,-,-,-,-
1926717,❌ Reprovado,X,alinef@bancodovale.org.br,-,2025-09-04 14:22:52,04/09/2025 14:22,-,-,-,-,-,-,-
1926708,🧾 Análise Mesa de Crédito,8,roberto@bancodovale.org.br,-,2025-09-08 17:26:20,08/09/2025 17:26,-,-,-,-,-,-,-
1926666,🚫 Cancelado,Y,-,-,2025-09-04 10:55:30,04/09/2025 10:55,-,-,-,-,-,-,-
1926664,🕵️ Análise Agente de Crédito,4,rio@bancodovale.org.br,-,2025-09-04 16:11:07,04/09/2025 16:11,-,-,-,-,-,-,-
1926646,🧾 Análise Mesa de Crédito,8,caciane@bancodovale.org.br,-,2025-09-04 15:07:28,04/09/2025 15:07,-,-,-,-,-,-,-
1926644,🚫 Cancelado,Y,-,-,2025-09-04 10:44:25,04/09/2025 10:44,-,-,-,-,-,-,-
1926626,❌ Reprovado,X,alinef@bancodovale.org.br,-,2025-09-04 14:20:35,04/09/2025 14:20,-,-,-,-,-,-,-
1926616,❌ Reprovado,X,caciane@bancodovale.org.br,-,2025-09-05 14:29:28,05/09/2025 14:29,-,-,-,-,-,-,-
1926584,✅ Aprovado,0,Fernando,-,2025-09-10 09:27:33,10/09/2025 09:27,-,-,-,-,-,-,-
1926579,✅ Aprovado,0,Fernando,-,2025-09-10 16:10:10,10/09/2025 16:10,-,-,-,-,-,-,-
1926408,✅ Aprovado,0,Fernando,-,2025-09-11 11:40:08,11/09/2025 11:40,-,-,-,-,-,-,-
1926367,❌ Reprovado,X,natalia@bancodovale.org.br,-,2025-09-04 11:30:15,04/09/2025 11:30,-,-,-,-,-,-,-
1926355,✅ Aprovado,0,Fernando,-,2025-09-05 14:42:16,05/09/2025 14:42,-,-,-,-,-,-,-
1926091,❌ Reprovado,X,alinef@bancodovale.org.br,-,2025-09-04 14:18:52,04/09/2025 14:18,-,-,-,-,-,-,-
1926070,✅ Aprovado,0,Fernando,-,2025-09-11 15:56:22,11/09/2025 15:56,-,-,-,-,-,-,-
1926060,🙅 Desistiu,Z,alinef@bancodovale.org.br,-,2025-09-08 12:42:52,08/09/2025 12:42,-,-,-,-,-,-,-
1926055,❌ Reprovado,X,alinef@bancodovale.org.br,-,2025-09-05 09:28:00,05/09/2025 09:28,-,-,-,-,-,-,-
1926048,⚠️ Pendente Cliente,W,natalia@bancodovale.org.br,-,2025-09-04 12:00:46,04/09/2025 12:00,-,-,-,-,-,-,-
1925988,⚠️ Pendente Cliente,W,natalia@bancodovale.org.br,-,2025-09-04 12:01:03,04/09/2025 12:01,-,-,-,-,-,-,-
1925921,✅ Aprovado,0,Fernando,-,2025-09-04 17:28:30,04/09/2025 17:28,-,-,-,-,-,-,-
1925866,❌ Reprovado,X,alinef@bancodovale.org.br,-,2025-09-04 14:14:19,04/09/2025 14:14,-,-,-,-,-,-,-
1925811,✅ Aprovado,0,Fernando,-,2025-09-04 13:07:55,04/09/2025 13:07,-,-,-,-,-,-,-
1925771,🚫 Cancelado,Y,juliano@bancodovale.org.br,-,2025-09-04 14:31:27,04/09/2025 14:31,-,-,-,-,-,-,-
1925769,❌ Reprovado,X,alinef@bancodovale.org.br,-,2025-09-04 13:59:23,04/09/2025 13:59,-,-,-,-,-,-,-
1925720,⚠️ Pendente Cliente,W,gilmara@bancodovale.org.br,-,2025-09-05 11:19:24,05/09/2025 11:19,-,-,-,-,-,-,-
1925670,❌ Reprovado,X,camila@bancodovale.org.br,-,2025-09-03 16:15:32,03/09/2025 16:15,-,-,-,-,-,-,-
1925665,✅ Aprovado,0,Fernando,-,2025-09-05 14:40:59,05/09/2025 14:40,-,-,-,-,-,-,-
1925656,❌ Reprovado,X,KATLIN,-,2025-09-03 15:28:57,03/09/2025 15:28,-,-,-,-,-,-,-
1925435,🕵️ Análise Agente de Crédito,4,rio@bancodovale.org.br,-,2025-09-03 14:38:34,03/09/2025 14:38,-,-,-,-,-,-,-
1925282,🚫 Cancelado,Y,-,-,2025-09-03 14:10:49,03/09/2025 14:10,-,-,-,-,-,-,-
1924921,✅ Aprovado,0,Fernando,-,2025-09-05 12:10:56,05/09/2025 12:10,-,-,-,-,-,-,-
1924792,🙅 Desistiu,Z,camila@bancodovale.org.br,-,2025-09-08 15:19:06,08/09/2025 15:19,-,-,-,-,-,-,-
1924572,🚫 Cancelado,Y,rio@bancodovale.org.br,-,2025-09-03 13:27:03,03/09/2025 13:27,-,-,-,-,-,-,-
1924570,🚫 Cancelado,Y,felipe@bancodovale.org.br,-,2025-09-08 15:21:33,08/09/2025 15:21,-,-,-,-,-,-,-
1924546,🙅 Desistiu,Z,alinef@bancodovale.org.br,-,2025-09-08 12:42:15,08/09/2025 12:42,-,-,-,-,-,-,-
1924516,⚠️ Pendente Cliente,W,alinef@bancodovale.org.br,-,2025-09-05 09:29:43,05/09/2025 09:29,-,-,-,-,-,-,-
1924513,❌ Reprovado,X,gilmara@bancodovale.org.br,-,2025-09-05 11:18:43,05/09/2025 11:18,-,-,-,-,-,-,-
1924453,⚠️ Pendente Cliente,W,gilmara@bancodovale.org.br,-,2025-09-05 11:22:33,05/09/2025 11:22,-,-,-,-,-,-,-
1924391,✅ Aprovado,0,Fernando,-,2025-09-04 11:44:51,04/09/2025 11:44,-,-,-,-,-,-,-
1924335,✅ Aprovado,0,Fernando,-,2025-09-04 10:20:44,04/09/2025 10:20,-,-,-,-,-,-,-
1924080,❌ Reprovado,X,camila@bancodovale.org.br,-,2025-09-03 16:15:04,03/09/2025 16:15,-,-,-,-,-,-,-
1923655,🕵️ Análise Agente de Crédito,4,emilia@bancodovale.org.br,-,2025-09-03 09:59:48,03/09/2025 09:59,-,-,-,-,-,-,-
1923654,✅ Aprovado,0,Fernando,-,2025-09-05 12:11:14,05/09/2025 12:11,-,-,-,-,-,-,-
1923643,🙅 Desistiu,Z,caciane@bancodovale.org.br,-,2025-09-04 15:58:48,04/09/2025 15:58,-,-,-,-,-,-,-
1923523,❌ Reprovado,X,elenita@bancovale.org.br,-,2025-09-03 14:55:45,03/09/2025 14:55,-,-,-,-,-,-,-
1923480,⚠️ Pendente Cliente,W,natalia@bancodovale.org.br,-,2025-09-03 17:09:13,03/09/2025 17:09,-,-,-,-,-,-,-
1923408,❌ Reprovado,X,alinef@bancodovale.org.br,-,2025-09-04 13:46:42,04/09/2025 13:46,-,-,-,-,-,-,-
1923406,🕵️ Análise Agente de Crédito,4,Danielle,-,2025-09-03 09:38:40,03/09/2025 09:38,-,-,-,-,-,-,-
1923386,❌ Reprovado,X,comercialdigital@bancodovale.com.br,-,2025-09-03 09:17:30,03/09/2025 09:17,-,-,-,-,-,-,-
1923226,🙅 Desistiu,Z,camila@bancodovale.org.br,-,2025-09-08 15:19:31,08/09/2025 15:19,-,-,-,-,-,-,-
1923221,🚫 Cancelado,Y,-,-,2025-09-02 17:27:37,02/09/2025 17:27,-,-,-,-,-,-,-
1923175,⚠️ Pendente Cliente,W,gilmara@bancodovale.org.br,-,2025-09-02 17:05:00,02/09/2025 17:05,-,-,-,-,-,-,-
1923130,❌ Reprovado,X,jaragua@bancodovale.org.br,-,2025-09-02 16:49:09,02/09/2025 16:49,-,-,-,-,-,-,-
1923091,❌ Reprovado,X,alinef@bancodovale.org.br,-,2025-09-04 13:45:25,04/09/2025 13:45,-,-,-,-,-,-,-
1922866,❌ Reprovado,X,natalia@bancodovale.org.br,-,2025-09-03 13:13:00,03/09/2025 13:13,-,-,-,-,-,-,-
1922805,❌ Reprovado,X,alinef@bancodovale.org.br,-,2025-09-04 13:42:05,04/09/2025 13:42,-,-,-,-,-,-,-
1922778,✅ Aprovado,0,Fernando,-,2025-09-08 16:27:28,08/09/2025 16:27,-,-,-,-,-,-,-
1922548,⚠️ Pendente Cliente,W,natalia@bancodovale.org.br,-,2025-09-03 13:09:34,03/09/2025 13:09,-,-,-,-,-,-,-
1922362,✅ Aprovado,0,Fernando,-,2025-09-12 15:50:06,12/09/2025 15:50,-,-,-,-,-,-,-
1922293,❌ Reprovado,X,jaragua@bancodovale.org.br,-,2025-09-02 12:00:09,02/09/2025 12:00,-,-,-,-,-,-,-
1922276,🙅 Desistiu,Z,natalia@bancodovale.org.br,-,2025-09-03 09:55:51,03/09/2025 09:55,-,-,-,-,-,-,-
1922187,🙅 Desistiu,Z,gilmara@bancodovale.org.br,-,2025-09-02 11:22:46,02/09/2025 11:22,-,-,-,-,-,-,-
1922107,❌ Reprovado,X,alinef@bancodovale.org.br,-,2025-09-03 12:15:34,03/09/2025 12:15,-,-,-,-,-,-,-
1922092,❌ Reprovado,X,alinef@bancodovale.org.br,-,2025-09-03 10:57:28,03/09/2025 10:57,-,-,-,-,-,-,-
1921964,⚠️ Pendente Cliente,W,gilmara@bancodovale.org.br,-,2025-09-02 10:24:12,02/09/2025 10:24,-,-,-,-,-,-,-
1921934,✅ Aprovado,0,Fernando,-,2025-09-08 15:46:46,08/09/2025 15:46,-,-,-,-,-,-,-
1921924,❌ Reprovado,X,KATLIN,-,2025-09-02 09:57:40,02/09/2025 09:57,-,-,-,-,-,-,-
1921895,🙅 Desistiu,Z,jessica@bancodovale.org.br,-,2025-09-02 10:12:06,02/09/2025 10:12,-,-,-,-,-,-,-
1921830,🙅 Desistiu,Z,eduardo@bancodovale.org.br,-,2025-09-17 15:49:39,17/09/2025 15:49,-,-,-,-,-,-,-
1921799,❌ Reprovado,X,alinef@bancodovale.org.br,-,2025-09-03 10:45:43,03/09/2025 10:45,-,-,-,-,-,-,-
1921798,❌ Reprovado,X,alinef@bancodovale.org.br,-,2025-09-03 10:49:57,03/09/2025 10:49,-,-,-,-,-,-,-
1921797,❌ Reprovado,X,comercialdigital@bancodovale.com.br,-,2025-09-03 09:05:25,03/09/2025 09:05,-,-,-,-,-,-,-
1921796,❌ Reprovado,X,alinef@bancodovale.org.br,-,2025-09-03 11:19:35,03/09/2025 11:19,-,-,-,-,-,-,-
1921795,❌ Reprovado,X,natalia@bancodovale.org.br,-,2025-09-03 11:27:47,03/09/2025 11:27,-,-,-,-,-,-,-
1921788,⚠️ Pendente Cliente,W,alinef@bancodovale.org.br,-,2025-09-03 10:48:50,03/09/2025 10:48,-,-,-,-,-,-,-
1921767,❌ Reprovado,X,alinef@bancodovale.org.br,-,2025-09-04 13:37:56,04/09/2025 13:37,-,-,-,-,-,-,-
1921703,✅ Aprovado,0,Fernando,-,2025-09-11 11:40:08,11/09/2025 11:40,-,-,-,-,-,-,-
1921625,❌ Reprovado,X,jaragua@bancodovale.org.br,-,2025-09-01 17:33:39,01/09/2025 17:33,-,-,-,-,-,-,-
1921618,⚠️ Pendente Cliente,W,alinef@bancodovale.org.br,-,2025-09-04 13:37:33,04/09/2025 13:37,-,-,-,-,-,-,-
1921582,❌ Reprovado,X,natalia@bancodovale.org.br,-,2025-09-03 09:19:56,03/09/2025 09:19,-,-,-,-,-,-,-
1921573,❌ Reprovado,X,comercialdigital@bancodovale.com.br,-,2025-09-01 17:20:19,01/09/2025 17:20,-,-,-,-,-,-,-
1921354,❌ Reprovado,X,elenita@bancovale.org.br,-,2025-09-03 09:11:45,03/09/2025 09:11,-,-,-,-,-,-,-
1921274,✅ Aprovado,0,Fernando,-,2025-09-05 16:45:44,05/09/2025 16:45,-,-,-,-,-,-,-
1921132,✅ Aprovado,0,Fernando,-,2025-09-04 11:44:45,04/09/2025 11:44,-,-,-,-,-,-,-
1921014,🙅 Desistiu,Z,caciane@bancodovale.org.br,-,2025-09-03 13:13:40,03/09/2025 13:13,-,-,-,-,-,-,-
1920625,🙅 Desistiu,Z,camila@bancodovale.org.br,-,2025-09-08 15:20:20,08/09/2025 15:20,-,-,-,-,-,-,-
1920162,❌ Reprovado,X,gilmara@bancodovale.org.br,-,2025-09-02 15:39:37,02/09/2025 15:39,-,-,-,-,-,-,-
1919891,✅ Aprovado,0,Fernando,-,2025-09-01 16:45:56,01/09/2025 16:45,-,-,-,-,-,-,-
1919712,❌ Reprovado,X,caciane@bancodovale.org.br,-,2025-09-03 13:10:27,03/09/2025 13:10,-,-,-,-,-,-,-
1919446,❌ Reprovado,X,gilmara@bancodovale.org.br,-,2025-09-02 15:41:28,02/09/2025 15:41,-,-,-,-,-,-,-
1919249,✅ Aprovado,0,Fernando,-,2025-09-03 14:18:32,03/09/2025 14:18,-,-,-,-,-,-,-
1919222,✅ Aprovado,0,Fernando,-,2025-09-09 09:54:43,09/09/2025 09:54,-,-,-,-,-,-,-
1918823,❌ Reprovado,X,comercialdigital@bancodovale.com.br,-,2025-09-01 14:41:39,01/09/2025 14:41,-,-,-,-,-,-,-
1918695,❌ Reprovado,X,alinef@bancodovale.org.br,-,2025-09-03 10:48:02,03/09/2025 10:48,-,-,-,-,-,-,-
1918676,❌ Reprovado,X,jaragua@bancodovale.org.br,-,2025-09-01 11:44:41,01/09/2025 11:44,-,-,-,-,-,-,-
1918661,❌ Reprovado,X,jessica@bancodovale.org.br,-,2025-09-02 09:17:36,02/09/2025 09:17,-,-,-,-,-,-,-
1918561,✅ Aprovado,0,Fernando,-,2025-09-10 11:48:43,10/09/2025 11:48,-,-,-,-,-,-,-
1918546,❌ Reprovado,X,jaragua@bancodovale.org.br,-,2025-09-01 10:53:57,01/09/2025 10:53,-,-,-,-,-,-,-
1918544,✅ Aprovado,0,Fernando,-,2025-09-04 10:21:10,04/09/2025 10:21,-,-,-,-,-,-,-
1918537,🕵️ Análise Agente de Crédito,4,emilia@bancodovale.org.br,-,2025-09-01 11:06:08,01/09/2025 11:06,-,-,-,-,-,-,-
1918496,🧾 Análise Mesa de Crédito,8,roberto@bancodovale.org.br,-,2025-09-10 16:04:54,10/09/2025 16:04,-,-,-,-,-,-,-
1918168,✅ Aprovado,0,Fernando,-,2025-09-03 15:02:41,03/09/2025 15:02,-,-,-,-,-,-,-
1918148,🚫 Cancelado,Y,-,-,2025-09-01 10:05:04,01/09/2025 10:05,-,-,-,-,-,-,-
1918137,✅ Aprovado,0,Fernando,-,2025-09-04 16:20:27,04/09/2025 16:20,-,-,-,-,-,-,-
1918125,✅ Aprovado,0,Fernando,-,2025-09-01 17:08:35,01/09/2025 17:08,-,-,-,-,-,-,-
1916847,❌ Reprovado,X,comercialdigital@bancodovale.com.br,-,2025-09-01 08:57:51,01/09/2025 08:57,-,-,-,-,-,-,-
1916824,❌ Reprovado,X,ivan@bancodovale.org.br,-,2025-09-09 08:32:30,09/09/2025 08:32,-,-,-,-,-,-,-
1916820,🙅 Desistiu,Z,natalia@bancodovale.org.br,-,2025-09-01 12:23:15,01/09/2025 12:23,-,-,-,-,-,-,-
1916790,❌ Reprovado,X,comercialdigital@bancodovale.com.br,-,2025-09-01 08:58:18,01/09/2025 08:58,-,-,-,-,-,-,-
1915852,✅ Aprovado,0,Fernando,-,2025-09-01 11:29:13,01/09/2025 11:29,-,-,-,-,-,-,-
1915843,🙅 Desistiu,Z,regina@bancodovale.org.br,-,2025-09-03 13:52:12,03/09/2025 13:52,-,-,-,-,-,-,-
1914850,🧾 Análise Mesa de Crédito,8,roberto@bancodovale.org.br,-,2025-09-03 16:43:09,03/09/2025 16:43,-,-,-,-,-,-,-
1914649,✅ Aprovado,0,Fernando,-,2025-09-01 11:29:13,01/09/2025 11:29,-,-,-,-,-,-,-
1914629,⚠️ Pendente Cliente,W,natalia@bancodovale.org.br,-,2025-08-29 15:09:46,29/08/2025 15:09,-,-,-,-,-,-,-
1914529,❌ Reprovado,X,rejane@bancodovale.org.br,-,2025-09-03 10:13:16,03/09/2025 10:13,-,-,-,-,-,-,-
1914299,⚠️ Pendente Cliente,W,gilmara@bancodovale.org.br,-,2025-08-29 14:04:35,29/08/2025 14:04,-,-,-,-,-,-,-
1914141,🧾 Análise Mesa de Crédito,8,roberto@bancodovale.org.br,-,2025-09-03 16:43:09,03/09/2025 16:43,-,-,-,-,-,-,-
1914097,🙅 Desistiu,Z,rejane@bancodovale.org.br,-,2025-09-04 10:47:50,04/09/2025 10:47,-,-,-,-,-,-,-
1913915,✅ Aprovado,0,Fernando,-,2025-09-01 14:12:15,01/09/2025 14:12,-,-,-,-,-,-,-
1913769,⚠️ Pendente Cliente,W,alinef@bancodovale.org.br,-,2025-08-29 15:33:53,29/08/2025 15:33,-,-,-,-,-,-,-
1913318,❌ Reprovado,X,elenita@bancovale.org.br,-,2025-09-03 14:59:35,03/09/2025 14:59,-,-,-,-,-,-,-
1912777,🕵️ Análise Agente de Crédito,4,rio@bancodovale.org.br,-,2025-09-08 10:03:04,08/09/2025 10:03,-,-,-,-,-,-,-
1912643,❌ Reprovado,X,adriana@bancodovale.org.br,-,2025-09-10 14:23:55,10/09/2025 14:23,-,-,-,-,-,-,-
1912476,✅ Aprovado,0,adriana@bancodovale.org.br,-,2025-09-10 14:05:49,10/09/2025 14:05,-,-,-,-,-,-,-
1912186,✅ Aprovado,0,Fernando,-,2025-09-03 15:03:28,03/09/2025 15:03,-,-,-,-,-,-,-
1911994,🙅 Desistiu,Z,Bruno,-,2025-09-02 16:52:29,02/09/2025 16:52,-,-,-,-,-,-,-
1911499,🧾 Análise Mesa de Crédito,8,roberto@bancodovale.org.br,-,2025-09-03 11:11:17,03/09/2025 11:11,-,-,-,-,-,-,-
1910967,✅ Aprovado,0,Fernando,-,2025-09-01 09:45:12,01/09/2025 09:45,-,-,-,-,-,-,-
1909805,🚫 Cancelado,Y,felipe@bancodovale.org.br,-,2025-09-01 08:59:51,01/09/2025 08:59,-,-,-,-,-,-,-
1909388,🚫 Cancelado,Y,Fernando,-,2025-09-01 09:45:30,01/09/2025 09:45,-,-,-,-,-,-,-
1908397,✅ Aprovado,0,Fernando,-,2025-09-11 10:12:42,11/09/2025 10:12,-,-,-,-,-,-,-
1907951,🚫 Cancelado,Y,juliano@bancodovale.org.br,-,2025-09-04 14:31:13,04/09/2025 14:31,-,-,-,-,-,-,-
1907703,⚠️ Pendente Cliente,W,regina@bancodovale.org.br,-,2025-08-28 14:44:59,28/08/2025 14:44,-,-,-,-,-,-,-
1907654,✅ Aprovado,0,Fernando,-,2025-09-11 16:54:18,11/09/2025 16:54,-,-,-,-,-,-,-
1907123,⚠️ Pendente Cliente,W,Bruno,-,2025-08-27 14:39:07,27/08/2025 14:39,-,-,-,-,-,-,-
1907069,⚠️ Pendente Cliente,W,regina@bancodovale.org.br,-,2025-08-28 14:43:26,28/08/2025 14:43,-,-,-,-,-,-,-
1906839,🚫 Cancelado,Y,ivan@bancodovale.org.br,-,2025-09-01 09:06:06,01/09/2025 09:06,-,-,-,-,-,-,-
1903876,✅ Aprovado,0,Fernando,-,2025-09-08 15:08:18,08/09/2025 15:08,-,-,-,-,-,-,-
1903725,🚫 Cancelado,Y,Fernando,-,2025-09-01 09:32:43,01/09/2025 09:32,-,-,-,-,-,-,-
1898256,🧾 Análise Mesa de Crédito,8,jessica@bancodovale.org.br,-,2025-09-08 13:24:47,08/09/2025 13:24,-,-,-,-,-,-,-
1895184,✅ Aprovado,0,Fernando,-,2025-09-12 09:28:22,12/09/2025 09:28,-,-,-,-,-,-,-
1886572,🙅 Desistiu,Z,eduardo@bancodovale.org.br,-,2025-09-02 17:19:06,02/09/2025 17:19,-,-,-,-,-,-,-
1886003,🙅 Desistiu,Z,eder@bancodovale.org.br,-,2025-09-18 11:03:58,18/09/2025 11:03,-,-,-,-,-,-,-
1885275,🧾 Análise Mesa de Crédito,8,jessica@bancodovale.org.br,-,2025-09-08 15:19:27,08/09/2025 15:19,-,-,-,-,-,-,-
1883988,✅ Aprovado,0,Fernando,-,2025-09-01 09:29:05,01/09/2025 09:29,-,-,-,-,-,-,-
1883432,✅ Aprovado,0,Fernando,-,2025-09-01 09:32:31,01/09/2025 09:32,-,-,-,-,-,-,-
1879790,🚫 Cancelado,Y,Fernando,-,2025-09-01 09:53:17,01/09/2025 09:53,-,-,-,-,-,-,-
1875874,⚠️ Pendente Cliente,W,Bruno,-,2025-08-27 14:42:03,27/08/2025 14:42,-,-,-,-,-,-,-
1875204,✅ Aprovado,0,Fernando,-,2025-09-01 09:32:31,01/09/2025 09:32,-,-,-,-,-,-,-
1874588,✅ Aprovado,0,Fernando,-,2025-09-01 09:46:09,01/09/2025 09:46,-,-,-,-,-,-,-
1868619,✅ Aprovado,0,Fernando,-,2025-09-01 09:45:11,01/09/2025 09:45,-,-,-,-,-,-,-
1861303,✅ Aprovado,0,Fernando,-,2025-09-01 09:32:30,01/09/2025 09:32,-,-,-,-,-,-,-
1849876,❌ Reprovado,X,KATLIN,-,2025-09-10 14:12:41,10/09/2025 14:12,-,-,-,-,-,-,-
1849773,❌ Reprovado,X,adriana@bancodovale.org.br,-,2025-09-10 14:32:33,10/09/2025 14:32,-,-,-,-,-,-,-
1774635,✅ Aprovado,0,adriana@bancodovale.org.br,-,2025-09-10 14:30:59,10/09/2025 14:30,-,-,-,-,-,-,-
1627605,🕵️ Análise Agente de Crédito,4,rio@bancodovale.org.br,-,2025-09-04 16:13:16,04/09/2025 16:13,-,-,-,-,-,-,-
1612156,✅ Aprovado,0,Fernando,-,2025-09-18 10:44:11,18/09/2025 10:44,-,-,-,-,-,-,-
1577273,⚠️ Pendente Cliente,W,regina@bancodovale.org.br,-,2025-09-03 13:51:53,03/09/2025 13:51,-,-,-,-,-,-,-
1481308,⚠️ Pendente Cliente,W,regina@bancodovale.org.br,-,2025-09-17 11:30:19,17/09/2025 11:30,-,-,-,-,-,-,-
1282552,✅ Aprovado,0,Fernando,-,2025-09-12 16:10:58,12/09/2025 16:10,-,-,-,-,-,-,-
1212343,✅ Aprovado,0,Fernando,-,2025-09-01 09:48:31,01/09/2025 09:48,-,-,-,-,-,-,-
1172951,🕵️ Análise Agente de Crédito,4,rio@bancodovale.org.br,-,2025-09-12 13:34:24,12/09/2025 13:34,-,-,-,-,-,-,-
1166494,✅ Aprovado,0,Fernando,-,2025-09-15 09:04:17,15/09/2025 09:04,-,-,-,-,-,-,-
1063147,⚠️ Pendente Cliente,W,juliano@bancodovale.org.br,-,2025-09-04 15:10:59,04/09/2025 15:10,-,-,-,-,-,-,-
1003976,🕵️ Análise Agente de Crédito,4,rio@bancodovale.org.br,-,2025-09-08 15:12:55,08/09/2025 15:12,-,-,-,-,-,-,-
987032,✅ Aprovado,0,Fernando,-,2025-09-17 11:53:59,17/09/2025 11:53,-,-,-,-,-,-,-
972727,✅ Aprovado,0,Fernando,-,2025-09-01 09:47:11,01/09/2025 09:47,-,-,-,-,-,-,-
925298,✅ Aprovado,0,Fernando,-,2025-09-01 09:48:30,01/09/2025 09:48,-,-,-,-,-,-,-
910848,✅ Aprovado,0,Fernando,-,2025-09-10 12:29:32,10/09/2025 12:29,-,-,-,-,-,-,-
877188,🙅 Desistiu,Z,regina@bancodovale.org.br,-,2025-09-17 11:28:14,17/09/2025 11:28,-,-,-,-,-,-,-
799896,✅ Aprovado,0,Fernando,-,2025-09-17 10:01:03,17/09/2025 10:01,-,-,-,-,-,-,-
780086,⚠️ Pendente Cliente,W,regina@bancodovale.org.br,-,2025-09-17 11:30:04,17/09/2025 11:30,-,-,-,-,-,-,-
779982,❌ Reprovado,X,ivan@bancodovale.org.br,-,2025-09-09 08:34:18,09/09/2025 08:34,-,-,-,-,-,-,-
711184,✅ Aprovado,0,Fernando,-,2025-09-18 16:13:56,18/09/2025 16:13,-,-,-,-,-,-,-
634121,🙅 Desistiu,Z,ivan@bancodovale.org.br,-,2025-09-12 14:08:33,12/09/2025 14:08,-,-,-,-,-,-,-
631351,🕵️ Análise Agente de Crédito,4,rio@bancodovale.org.br,-,2025-09-08 11:01:17,08/09/2025 11:01,-,-,-,-,-,-,-
589331,🕵️ Análise Agente de Crédito,4,rio@bancodovale.org.br,-,2025-09-12 08:42:55,12/09/2025 08:42,-,-,-,-,-,-,-
513674,✅ Aprovado,0,Fernando,-,2025-09-11 15:59:28,11/09/2025 15:59,-,-,-,-,-,-,-
436639,🧾 Análise Mesa de Crédito,8,ivan@bancodovale.org.br,-,2025-09-05 15:02:18,05/09/2025 15:02,-,-,-,-,-,-,-
398512,✅ Aprovado,0,Fernando,-,2025-09-15 10:51:29,15/09/2025 10:51,-,-,-,-,-,-,-
384234,🕵️ Análise Agente de Crédito,4,rio@bancodovale.org.br,-,2025-09-12 13:33:53,12/09/2025 13:33,-,-,-,-,-,-,-
268823,✅ Aprovado,0,Fernando,-,2025-09-01 09:52:36,01/09/2025 09:52,-,-,-,-,-,-,-
194712,🧾 Análise Mesa de Crédito,8,-,-,2025-09-16 16:27:18,16/09/2025 16:27,-,-,-,-,-,-,-
103017,✅ Aprovado,0,Fernando,-,2025-09-18 08:49:04,18/09/2025 08:49,-,-,-,-,-,-,-
102623,✅ Aprovado,0,Fernando,-,2025-09-11 15:39:46,11/09/2025 15:39,-,-,-,-,-,-,-
65701,✅ Aprovado,0,Fernando,-,2025-09-15 11:01:24,15/09/2025 11:01,-,-,-,-,-,-,-
37523,✅ Aprovado,0,Fernando,-,2025-09-03 16:21:47,03/09/2025 16:21,-,-,-,-,-,-,-
26107,🙅 Desistiu,Z,regina@bancodovale.org.br,-,2025-09-17 11:29:39,17/09/2025 11:29,-,-,-,-,-,-,-
9542,⚠️ Pendente Cliente,W,juliano@bancodovale.org.br,-,2025-09-04 14:30:48,04/09/2025 14:30,-,-,-,-,-,-,-
6547,🚫 Cancelado,Y,Fernando,-,2025-09-01 09:49:58,01/09/2025 09:49,-,-,-,-,-,-,-
1951035,📍 Definir Unidade de Atendimento,1,-,-,2025-09-19 17:49:51,19/09/2025 17:49,-,-,-,-,-,-,-
1950932,👤 Análise Coordenação,6,pierre@bancodovale.org.br,-,2025-09-19 16:49:43,19/09/2025 16:49,-,-,-,-,-,-,-
1950830,🕵️ Análise Agente de Crédito,4,Danielle,-,2025-09-19 16:25:51,19/09/2025 16:25,-,-,-,-,-,-,-
1950806,🕵️ Análise Agente de Crédito,4,Danielle,-,2025-09-19 16:16:45,19/09/2025 16:16,-,-,-,-,-,-,-
1950748,🔴 Pendência SPC,3,jaragua@bancodovale.org.br,-,2025-09-19 15:45:23,19/09/2025 15:45,-,-,-,-,-,-,-
1950742,🚫 Cancelado,Y,-,-,2025-09-19 15:42:46,19/09/2025 15:42,-,-,-,-,-,-,-
1950686,🕵️ Análise Agente de Crédito,4,rio@bancodovale.org.br,-,2025-09-19 15:37:58,19/09/2025 15:37,-,-,-,-,-,-,-
1950600,🗑️ Descartado (Lixo),E,comercialdigital@bancodovale.com.br,-,2025-09-19 15:30:58,19/09/2025 15:30,-,-,-,-,-,-,-
1950599,🚫 Cancelado,Y,-,-,2025-09-19 15:24:54,19/09/2025 15:24,-,-,-,-,-,-,-
1950541,⚠️ Pendente Cliente,W,jaragua@bancodovale.org.br,-,2025-09-19 15:52:37,19/09/2025 15:52,-,-,-,-,-,-,-
1950326,🕵️ Análise Agente de Crédito,4,jaragua@bancodovale.org.br,-,2025-09-19 14:28:55,19/09/2025 14:28,-,-,-,-,-,-,-
1950090,⚠️ Pendente Cliente,W,jaragua@bancodovale.org.br,-,2025-09-19 15:52:51,19/09/2025 15:52,-,-,-,-,-,-,-
1950039,🔴 Pendência SPC,3,jaragua@bancodovale.org.br,-,2025-09-19 14:27:08,19/09/2025 14:27,-,-,-,-,-,-,-
1950033,🔴 Pendência SPC,3,jaragua@bancodovale.org.br,-,2025-09-19 14:34:15,19/09/2025 14:34,-,-,-,-,-,-,-
1949604,🧾 Análise Mesa de Crédito,8,roberto@bancodovale.org.br,-,2025-09-19 15:33:05,19/09/2025 15:33,-,-,-,-,-,-,-
1948332,🕵️ Análise Agente de Crédito,4,Danielle,-,2025-09-19 09:07:00,19/09/2025 09:07,-,-,-,-,-,-,-
1948249,🕵️ Análise Agente de Crédito,4,Bruno,-,2025-09-19 08:52:20,19/09/2025 08:52,-,-,-,-,-,-,-
1948207,🔴 Pendência SPC,3,jaragua@bancodovale.org.br,-,2025-09-19 10:53:41,19/09/2025 10:53,-,-,-,-,-,-,-
1947786,⚠️ Pendente Cliente,W,natalia@bancodovale.org.br,-,2025-09-19 09:24:25,19/09/2025 09:24,-,-,-,-,-,-,-
1946582,❌ Reprovado,X,gilmara@bancodovale.org.br,-,2025-09-19 09:02:41,19/09/2025 09:02,-,-,-,-,-,-,-
1946214,⚠️ Pendente Cliente,W,gilmara@bancodovale.org.br,-,2025-09-19 09:03:55,19/09/2025 09:03,-,-,-,-,-,-,-
1945989,🔴 Pendência SPC,3,jaragua@bancodovale.org.br,-,2025-09-19 15:52:13,19/09/2025 15:52,-,-,-,-,-,-,-
1945927,⚠️ Pendente Cliente,W,jaragua@bancodovale.org.br,-,2025-09-19 15:59:32,19/09/2025 15:59,-,-,-,-,-,-,-
1945855,⚠️ Pendente Cliente,W,jaragua@bancodovale.org.br,-,2025-09-19 15:53:14,19/09/2025 15:53,-,-,-,-,-,-,-
1945492,✅ Aprovado,0,Fernando,-,2025-09-19 09:39:45,19/09/2025 09:39,-,-,-,-,-,-,-
1945229,✅ Aprovado,0,Fernando,-,2025-09-19 11:00:38,19/09/2025 11:00,-,-,-,-,-,-,-
1945212,✅ Aprovado,0,Fernando,-,2025-09-19 10:51:56,19/09/2025 10:51,-,-,-,-,-,-,-
1944118,✅ Aprovado,0,Fernando,-,2025-09-19 16:15:20,19/09/2025 16:15,-,-,-,-,-,-,-
1943917,🧾 Análise Mesa de Crédito,8,Bruno,-,2025-09-17 09:36:01,17/09/2025 09:36,-,-,-,-,-,-,-
1943899,🧾 Análise Mesa de Crédito,8,rejane@bancodovale.org.br,-,2025-09-19 11:49:24,19/09/2025 11:49,-,-,-,-,-,-,-
1943882,✅ Aprovado,0,Fernando,-,2025-09-19 09:09:46,19/09/2025 09:09,-,-,-,-,-,-,-
1943358,🧾 Análise Mesa de Crédito,8,ivan@bancodovale.org.br,-,2025-09-19 09:38:31,19/09/2025 09:38,-,-,-,-,-,-,-
1943122,✅ Aprovado,0,Fernando,-,2025-09-19 12:53:42,19/09/2025 12:53,-,-,-,-,-,-,-
1943042,⚠️ Pendente Cliente,W,jaragua@bancodovale.org.br,-,2025-09-19 16:00:23,19/09/2025 16:00,-,-,-,-,-,-,-
1942982,✅ Aprovado,0,Fernando,-,2025-09-19 14:18:15,19/09/2025 14:18,-,-,-,-,-,-,-
1942562,🕵️ Análise Agente de Crédito,4,comercialdigital@bancodovale.com.br,-,2025-09-16 11:43:15,16/09/2025 11:43,-,-,-,-,-,-,-
1941886,✅ Aprovado,0,Fernando,-,2025-09-19 15:40:59,19/09/2025 15:40,-,-,-,-,-,-,-
1941800,🕵️ Análise Agente de Crédito,4,comercialdigital@bancodovale.com.br,-,2025-09-16 08:54:16,16/09/2025 08:54,-,-,-,-,-,-,-
1941582,✅ Aprovado,0,roberto@bancodovale.org.br,-,2025-09-19 08:35:06,19/09/2025 08:35,-,-,-,-,-,-,-
1940234,🕵️ Análise Agente de Crédito,4,rio@bancodovale.org.br,-,2025-09-16 11:56:51,16/09/2025 11:56,-,-,-,-,-,-,-
1939474,❌ Reprovado,X,juliano@bancodovale.org.br,-,2025-09-19 09:10:22,19/09/2025 09:10,-,-,-,-,-,-,-
1939419,✅ Aprovado,0,pierre@bancodovale.org.br,-,2025-09-19 16:50:14,19/09/2025 16:50,-,-,-,-,-,-,-
1938089,🙅 Desistiu,Z,caciane@bancodovale.org.br,-,2025-09-19 10:40:26,19/09/2025 10:40,-,-,-,-,-,-,-
1938041,👤 Análise Coordenação,6,elenita@bancovale.org.br,-,2025-09-19 10:16:32,19/09/2025 10:16,-,-,-,-,-,-,-
1936710,🙅 Desistiu,Z,caciane@bancodovale.org.br,-,2025-09-19 10:39:39,19/09/2025 10:39,-,-,-,-,-,-,-
1933990,🙅 Desistiu,Z,caciane@bancodovale.org.br,-,2025-09-19 10:37:53,19/09/2025 10:37,-,-,-,-,-,-,-
1931992,✅ Aprovado,0,Fernando,-,2025-09-19 16:41:15,19/09/2025 16:41,-,-,-,-,-,-,-
1931787,👤 Análise Coordenação,6,natalia@bancodovale.org.br,-,2025-09-19 09:30:00,19/09/2025 09:30,-,-,-,-,-,-,-
1929074,✅ Aprovado,0,Fernando,-,2025-09-19 12:20:00,19/09/2025 12:20,-,-,-,-,-,-,-
1913616,🙅 Desistiu,Z,Danielle,-,2025-09-19 08:55:56,19/09/2025 08:55,-,-,-,-,-,-,-
1512300,✅ Aprovado,0,Fernando,-,2025-09-19 14:34:01,19/09/2025 14:34,-,-,-,-,-,-,-
1195154,🗑️ Descartado (Lixo),E,ivan@bancodovale.org.br,-,2025-09-19 13:42:42,19/09/2025 13:42,-,-,-,-,-,-,-
1112619,🧾 Análise Mesa de Crédito,8,KATLIN,-,2025-09-17 16:04:23,17/09/2025 16:04,-,-,-,-,-,-,-
972379,✅ Aprovado,0,Fernando,-,2025-09-19 16:41:15,19/09/2025 16:41,-,-,-,-,-,-,-
902267,🧾 Análise Mesa de Crédito,8,ivan@bancodovale.org.br,-,2025-09-19 13:31:26,19/09/2025 13:31,-,-,-,-,-,-,-
