ID da Ordem,Etapa,Código do Status,Modificado por,SLA,Data do Evento,Data Início Execução,Data Final Execução,Prazo Máximo,Duração Total,Duração Útil,Status SLA,Excedido Total (min),Excedido Útil (min)
1951052,Vendedor - Nova Encomenda,1,-,-,2025-09-19 18:04:29,19/09/2025 18:04,-,-,-,-,-,-,-
1932170,Vendedor - Nova Encomenda,1,-,-,2025-09-09 11:09:48,09/09/2025 11:09,-,-,-,-,-,-,-
1803612,Vendedor - Nova Encomenda,1,-,-,2025-06-30 15:35:55,30/06/2025 15:35,-,-,-,-,-,-,-
1733969,Vendedor - Nova Encomenda,1,-,-,2025-05-22 17:47:35,22/05/2025 17:47,-,-,-,-,-,-,-
1733964,Vendedor - Nova Encomenda,1,-,-,2025-05-22 17:45:57,22/05/2025 17:45,-,-,-,-,-,-,-
1613225,Vendedor - Nova Encomenda,1,-,-,2025-04-03 13:43:55,03/04/2025 13:43,-,-,-,-,-,-,-
1582260,Vendedor - Nova Encomenda,1,-,-,2025-03-25 13:42:44,25/03/2025 13:42,-,-,-,-,-,-,-
1413016,Vendedor - Nova Encomenda,1,-,-,2025-01-07 11:45:40,07/01/2025 11:45,-,-,-,-,-,-,-
1943498,Vendedor - Nova Encomenda,1,-,-,2025-09-16 17:52:32,16/09/2025 17:52,-,-,-,-,-,-,-
1939948,Vendedor - Nova Encomenda,1,-,-,2025-09-13 14:57:09,13/09/2025 14:57,-,-,-,-,-,-,-
1936666,Vendedor - Nova Encomenda,1,-,-,2025-09-10 20:05:09,10/09/2025 20:05,-,-,-,-,-,-,-
1927958,Vendedor - Nova Encomenda,1,-,-,2025-09-04 19:31:02,04/09/2025 19:31,-,-,-,-,-,-,-
1906348,Vendedor - Nova Encomenda,1,-,-,2025-08-22 17:40:39,22/08/2025 17:40,-,-,-,-,-,-,-
1875621,Vendedor - Nova Encomenda,1,-,-,2025-08-08 21:25:43,08/08/2025 21:25,-,-,-,-,-,-,-
1870389,Vendedor - Nova Encomenda,1,-,-,2025-08-05 18:39:07,05/08/2025 18:39,-,-,-,-,-,-,-
1863027,Vendedor - Nova Encomenda,1,-,-,2025-07-29 22:06:56,29/07/2025 22:06,-,-,-,-,-,-,-
1802745,Vendedor - Nova Encomenda,1,-,-,2025-06-30 13:21:09,30/06/2025 13:21,-,-,-,-,-,-,-
1799779,Vendedor - Nova Encomenda,1,-,-,2025-06-28 13:34:17,28/06/2025 13:34,-,-,-,-,-,-,-
1775938,Vendedor - Nova Encomenda,1,-,-,2025-06-16 19:27:18,16/06/2025 19:27,-,-,-,-,-,-,-
1754171,Vendedor - Nova Encomenda,1,-,-,2025-06-03 19:12:16,03/06/2025 19:12,-,-,-,-,-,-,-
1748362,Vendedor - Nova Encomenda,1,-,-,2025-05-30 14:56:29,30/05/2025 14:56,-,-,-,-,-,-,-
1745106,Vendedor - Nova Encomenda,1,-,-,2025-05-29 20:22:33,29/05/2025 20:22,-,-,-,-,-,-,-
1735283,Vendedor - Nova Encomenda,1,-,-,2025-05-23 17:32:44,23/05/2025 17:32,-,-,-,-,-,-,-
1586312,Vendedor - Nova Encomenda,1,-,-,2025-03-26 19:52:17,26/03/2025 19:52,-,-,-,-,-,-,-
1557805,Vendedor - Nova Encomenda,1,-,-,2025-03-13 21:47:57,13/03/2025 21:47,-,-,-,-,-,-,-
1547479,Vendedor - Nova Encomenda,1,-,-,2025-03-07 18:25:29,07/03/2025 18:25,-,-,-,-,-,-,-
1520242,Vendedor - Nova Encomenda,1,-,-,2025-02-20 19:16:11,20/02/2025 19:16,-,-,-,-,-,-,-
1491281,Vendedor - Nova Encomenda,1,-,-,2025-02-01 14:09:01,01/02/2025 14:09,-,-,-,-,-,-,-
1440332,Vendedor - Nova Encomenda,1,-,-,2025-01-17 17:31:31,17/01/2025 17:31,-,-,-,-,-,-,-
1733949,Vendedor - Nova Encomenda,1,-,-,2025-05-22 17:40:28,22/05/2025 17:40,-,-,-,-,-,-,-
1733939,Vendedor - Nova Encomenda,1,-,-,2025-05-22 17:33:49,22/05/2025 17:33,-,-,-,-,-,-,-
1733925,Entregas Finalizadas Manaus,6,-,-,2025-09-10 11:40:14,10/09/2025 11:40,-,-,-,-,-,-,-
1733881,Bases,9,admin-ale,-,2025-05-22 17:56:48,22/05/2025 17:56,-,-,-,-,-,-,-
1719438,Vendedor - Nova Encomenda,1,-,-,2025-05-15 17:49:19,15/05/2025 17:49,-,-,-,-,-,-,-
1719363,Entregas Finalizadas Manaus,6,-,-,2025-05-19 22:16:05,19/05/2025 22:16,-,-,-,-,-,-,-
1715048,Entregas Finalizadas Fora de Manaus,8,-,-,2025-05-13 23:26:47,13/05/2025 23:26,-,-,-,-,-,-,-
1715039,Entregas Finalizadas Fora de Manaus,8,-,-,2025-05-14 00:06:57,14/05/2025 00:06,-,-,-,-,-,-,-
1711076,Vendedor - Nova Encomenda,1,-,-,2025-05-10 21:01:07,10/05/2025 21:01,-,-,-,-,-,-,-
1703910,Entregas Finalizadas Fora de Manaus,8,-,-,2025-05-07 15:49:07,07/05/2025 15:49,-,-,-,-,-,-,-
1682814,Entregas Finalizadas Manaus,6,-,-,2025-04-29 18:06:27,29/04/2025 18:06,-,-,-,-,-,-,-
1678634,Entregas Finalizadas Fora de Manaus,8,-,-,2025-04-29 09:09:52,29/04/2025 09:09,-,-,-,-,-,-,-
1659536,Entregas Finalizadas Fora de Manaus,8,-,-,2025-04-22 13:29:25,22/04/2025 13:29,-,-,-,-,-,-,-
1643437,Entregas Finalizadas Fora de Manaus,8,-,-,2025-04-12 13:33:27,12/04/2025 13:33,-,-,-,-,-,-,-
1633609,Entregas Finalizadas Manaus,6,-,-,2025-04-09 15:52:44,09/04/2025 15:52,-,-,-,-,-,-,-
1594567,Entregas Finalizadas Fora de Manaus,8,-,-,2025-03-31 12:36:02,31/03/2025 12:36,-,-,-,-,-,-,-
1593567,Entregas Finalizadas Fora de Manaus,8,-,-,2025-04-01 20:36:53,01/04/2025 20:36,-,-,-,-,-,-,-
1593565,Vendedor - Nova Encomenda,1,-,-,2025-03-28 22:20:00,28/03/2025 22:20,-,-,-,-,-,-,-
1586589,Entregas Finalizadas Fora de Manaus,8,-,-,2025-03-27 21:38:26,27/03/2025 21:38,-,-,-,-,-,-,-
1583019,Entregas Finalizadas Manaus,6,-,-,2025-03-26 20:16:29,26/03/2025 20:16,-,-,-,-,-,-,-
1581444,Entregas Finalizadas Manaus,6,-,-,2025-03-25 18:22:51,25/03/2025 18:22,-,-,-,-,-,-,-
1573405,Entregas Finalizadas Fora de Manaus,8,-,-,2025-03-20 13:38:34,20/03/2025 13:38,-,-,-,-,-,-,-
1552972,Entregas Finalizadas Fora de Manaus,8,-,-,2025-03-13 13:24:42,13/03/2025 13:24,-,-,-,-,-,-,-
1775262,Vendedor - Nova Encomenda,1,-,-,2025-06-16 13:51:47,16/06/2025 13:51,-,-,-,-,-,-,-
1754659,Vendedor - Nova Encomenda,1,-,-,2025-06-04 11:40:33,04/06/2025 11:40,-,-,-,-,-,-,-
1955246,Vendedor - Nova Encomenda,1,-,-,2025-09-23 10:33:59,23/09/2025 10:33,-,-,-,-,-,-,-
1955229,Vendedor - Nova Encomenda,1,-,-,2025-09-23 10:23:42,23/09/2025 10:23,-,-,-,-,-,-,-
1955177,Vendedor - Nova Encomenda,1,-,-,2025-09-23 10:19:23,23/09/2025 10:19,23/09/2025 10:28,-,0.01 dias,-,-,-,-
1955177,Entregas Finalizadas Fora de Manaus,8,-,-,2025-09-23 10:28:46,23/09/2025 10:28,-,-,-,-,-,-,-
1955176,Vendedor - Nova Encomenda,1,-,-,2025-09-23 10:19:20,23/09/2025 10:19,-,-,-,-,-,-,-
1955169,Vendedor - Nova Encomenda,1,-,-,2025-09-23 10:15:51,23/09/2025 10:15,-,-,-,-,-,-,-
1955158,Vendedor - Nova Encomenda,1,-,-,2025-09-23 10:09:53,23/09/2025 10:09,-,-,-,-,-,-,-
1955124,Vendedor - Nova Encomenda,1,-,-,2025-09-23 09:57:29,23/09/2025 09:57,-,-,-,-,-,-,-
1955118,Vendedor - Nova Encomenda,1,-,-,2025-09-23 09:49:53,23/09/2025 09:49,-,-,-,-,-,-,-
1955101,Vendedor - Nova Encomenda,1,-,-,2025-09-23 09:36:16,23/09/2025 09:36,-,-,-,-,-,-,-
1955092,Vendedor - Nova Encomenda,1,-,-,2025-09-23 09:34:29,23/09/2025 09:34,-,-,-,-,-,-,-
1955082,Vendedor - Nova Encomenda,1,-,-,2025-09-23 09:28:47,23/09/2025 09:28,-,-,-,-,-,-,-
1955021,Vendedor - Nova Encomenda,1,-,-,2025-09-23 08:36:32,23/09/2025 08:36,-,-,-,-,-,-,-
1955017,Vendedor - Nova Encomenda,1,-,-,2025-09-23 08:31:02,23/09/2025 08:31,-,-,-,-,-,-,-
1955015,Vendedor - Nova Encomenda,1,-,-,2025-09-23 08:30:07,23/09/2025 08:30,-,-,-,-,-,-,-
1954699,Vendedor - Nova Encomenda,1,-,-,2025-09-22 18:25:38,22/09/2025 18:25,-,-,-,-,-,-,-
1954689,Vendedor - Nova Encomenda,1,-,-,2025-09-22 18:18:47,22/09/2025 18:18,-,-,-,-,-,-,-
1954682,Vendedor - Nova Encomenda,1,-,-,2025-09-22 18:13:21,22/09/2025 18:13,-,-,-,-,-,-,-
1954675,Vendedor - Nova Encomenda,1,-,-,2025-09-22 18:08:05,22/09/2025 18:08,-,-,-,-,-,-,-
1954599,Vendedor - Nova Encomenda,1,-,-,2025-09-22 17:35:17,22/09/2025 17:35,-,-,-,-,-,-,-
1954588,Vendedor - Nova Encomenda,1,-,-,2025-09-22 17:28:00,22/09/2025 17:28,22/09/2025 18:06,-,0.03 dias,-,-,-,-
1954588,Logística - Despacho da Encomenda,2,-,00:00 Horas,2025-09-22 18:06:08,22/09/2025 18:06,-,22/09/2025 18:06,-,-,-,-,-
1954551,Vendedor - Nova Encomenda,1,-,-,2025-09-22 17:09:01,22/09/2025 17:09,-,-,-,-,-,-,-
1954549,Vendedor - Nova Encomenda,1,-,-,2025-09-22 17:08:47,22/09/2025 17:08,-,-,-,-,-,-,-
1954534,Vendedor - Nova Encomenda,1,-,-,2025-09-22 17:03:49,22/09/2025 17:03,-,-,-,-,-,-,-
1954531,Vendedor - Nova Encomenda,1,-,-,2025-09-22 17:03:41,22/09/2025 17:03,22/09/2025 17:40,-,0.03 dias,-,-,-,-
1954531,Logística - Despacho da Encomenda,2,-,00:00 Horas,2025-09-22 17:40:40,22/09/2025 17:40,22/09/2025 17:43,22/09/2025 17:40,0.0 dias,0.0 dias,Atrasado,2.69,0.0
1954531,Entregas Finalizadas Fora de Manaus,8,-,-,2025-09-22 17:43:21,22/09/2025 17:43,-,-,-,-,-,-,-
1953559,Logística - Despacho da Encomenda,2,-,00:00 Horas,2025-09-22 16:13:57,22/09/2025 16:13,22/09/2025 17:04,22/09/2025 16:13,0.03 dias,0.03 dias,Atrasado,50.09,46.03
1953559,Entregas Finalizadas Manaus,6,-,-,2025-09-22 17:04:03,22/09/2025 17:04,-,-,-,-,-,-,-
1953540,Logística - Despacho da Encomenda,2,-,00:00 Horas,2025-09-22 15:49:37,22/09/2025 15:49,22/09/2025 17:02,22/09/2025 15:49,0.05 dias,0.05 dias,Atrasado,73.09,70.37
1953540,Entregas Finalizadas Fora de Manaus,8,-,-,2025-09-22 17:02:43,22/09/2025 17:02,-,-,-,-,-,-,-
1953293,Logística - Despacho da Encomenda,2,-,00:00 Horas,2025-09-22 16:11:57,22/09/2025 16:11,-,22/09/2025 16:11,-,-,-,-,-
1953137,Vendedor - Nova Encomenda,1,-,-,2025-09-22 15:10:09,22/09/2025 15:10,-,-,-,-,-,-,-
1952917,Logística - Despacho da Encomenda,2,-,00:00 Horas,2025-09-22 15:15:18,22/09/2025 15:15,22/09/2025 16:57,22/09/2025 15:15,0.07 dias,0.07 dias,Atrasado,102.47,102.47
1952917,Entregas Finalizadas Fora de Manaus,8,-,-,2025-09-22 16:57:47,22/09/2025 16:57,-,-,-,-,-,-,-
1952816,Vendedor - Nova Encomenda,1,-,-,2025-09-22 14:47:05,22/09/2025 14:47,-,-,-,-,-,-,-
1952752,Logística - Despacho da Encomenda,2,-,00:00 Horas,2025-09-22 16:22:45,22/09/2025 16:22,-,22/09/2025 16:22,-,-,-,-,-
1952642,Logística - Despacho da Encomenda,2,-,00:00 Horas,2025-09-22 16:21:38,22/09/2025 16:21,22/09/2025 17:50,22/09/2025 16:21,0.06 dias,0.03 dias,Atrasado,88.88,38.35
1952642,Entregas Finalizadas Manaus,6,-,-,2025-09-22 17:50:31,22/09/2025 17:50,-,-,-,-,-,-,-
1952615,Logística - Despacho da Encomenda,2,-,00:00 Horas,2025-09-22 16:20:18,22/09/2025 16:20,22/09/2025 19:38,22/09/2025 16:20,0.14 dias,0.03 dias,Atrasado,197.89,39.68
1952615,Entregas Finalizadas Manaus,6,-,-,2025-09-22 19:38:11,22/09/2025 19:38,-,-,-,-,-,-,-
1952587,Logística - Despacho da Encomenda,2,-,00:00 Horas,2025-09-22 15:31:21,22/09/2025 15:31,22/09/2025 17:02,22/09/2025 15:31,0.06 dias,0.06 dias,Atrasado,91.44,88.63
1952587,Entregas Finalizadas Manaus,6,-,-,2025-09-22 17:02:47,22/09/2025 17:02,-,-,-,-,-,-,-
1952580,Logística - Despacho da Encomenda,2,-,00:00 Horas,2025-09-22 15:32:14,22/09/2025 15:32,22/09/2025 17:51,22/09/2025 15:32,0.1 dias,0.06 dias,Atrasado,138.88,87.75
1952580,Entregas Finalizadas Fora de Manaus,8,-,-,2025-09-22 17:51:07,22/09/2025 17:51,-,-,-,-,-,-,-
1952564,Logística - Despacho da Encomenda,2,-,00:00 Horas,2025-09-22 16:09:44,22/09/2025 16:09,22/09/2025 21:20,22/09/2025 16:09,0.22 dias,0.03 dias,Atrasado,310.33,50.25
1952564,Entregas Finalizadas Manaus,6,-,-,2025-09-22 21:20:04,22/09/2025 21:20,-,-,-,-,-,-,-
1952524,Vendedor - Nova Encomenda,1,-,-,2025-09-22 12:24:02,22/09/2025 12:24,-,-,-,-,-,-,-
1952270,Logística - Despacho da Encomenda,2,-,00:00 Horas,2025-09-22 16:23:54,22/09/2025 16:23,-,22/09/2025 16:23,-,-,-,-,-
1952240,Logística - Despacho da Encomenda,2,-,00:00 Horas,2025-09-22 12:33:17,22/09/2025 12:33,22/09/2025 21:30,22/09/2025 12:33,0.37 dias,0.19 dias,Atrasado,537.01,266.7
1952240,Entregas Finalizadas Manaus,6,-,-,2025-09-22 21:30:18,22/09/2025 21:30,-,-,-,-,-,-,-
1952214,Logística - Despacho da Encomenda,2,-,00:00 Horas,2025-09-22 12:36:09,22/09/2025 12:36,22/09/2025 21:41,22/09/2025 12:36,0.38 dias,0.18 dias,Atrasado,545.53,263.83
1952214,Entregas Finalizadas Manaus,6,-,-,2025-09-22 21:41:40,22/09/2025 21:41,-,-,-,-,-,-,-
1952160,Logística - Despacho da Encomenda,2,-,00:00 Horas,2025-09-22 15:33:44,22/09/2025 15:33,-,22/09/2025 15:33,-,-,-,-,-
1952128,Vendedor - Nova Encomenda,1,-,-,2025-09-22 11:03:24,22/09/2025 11:03,-,-,-,-,-,-,-
1952124,Logística - Despacho da Encomenda,2,-,00:00 Horas,2025-09-22 12:15:00,22/09/2025 12:15,-,22/09/2025 12:15,-,-,-,-,-
1952116,Entregas Finalizadas Fora de Manaus,8,-,-,2025-09-22 13:49:55,22/09/2025 13:49,-,-,-,-,-,-,-
1952105,Vendedor - Nova Encomenda,1,-,-,2025-09-22 10:52:34,22/09/2025 10:52,-,-,-,-,-,-,-
1952086,Logística - Despacho da Encomenda,2,-,00:00 Horas,2025-09-22 12:13:34,22/09/2025 12:13,22/09/2025 23:45,22/09/2025 12:13,0.48 dias,0.2 dias,Atrasado,691.68,286.42
1952086,Entregas Finalizadas Fora de Manaus,8,-,-,2025-09-22 23:45:15,22/09/2025 23:45,-,-,-,-,-,-,-
1952076,Logística - Despacho da Encomenda,2,-,00:00 Horas,2025-09-22 12:11:23,22/09/2025 12:11,22/09/2025 23:38,22/09/2025 12:11,0.48 dias,0.2 dias,Atrasado,686.7,288.6
1952076,Entregas Finalizadas Fora de Manaus,8,-,-,2025-09-22 23:38:05,22/09/2025 23:38,-,-,-,-,-,-,-
1952073,Logística - Despacho da Encomenda,2,-,00:00 Horas,2025-09-22 11:57:05,22/09/2025 11:57,22/09/2025 18:21,22/09/2025 11:57,0.27 dias,0.21 dias,Atrasado,384.57,302.9
1952073,Entregas Finalizadas Fora de Manaus,8,-,-,2025-09-22 18:21:39,22/09/2025 18:21,-,-,-,-,-,-,-
1952054,Entregas Finalizadas Fora de Manaus,8,-,-,2025-09-22 13:48:43,22/09/2025 13:48,-,-,-,-,-,-,-
1951999,Logística - Despacho da Encomenda,2,-,00:00 Horas,2025-09-22 12:17:38,22/09/2025 12:17,22/09/2025 17:15,22/09/2025 12:17,0.21 dias,0.2 dias,Atrasado,297.72,282.35
1951999,Entregas Finalizadas Fora de Manaus,8,-,-,2025-09-22 17:15:21,22/09/2025 17:15,-,-,-,-,-,-,-
1951966,Logística - Despacho da Encomenda,2,-,00:00 Horas,2025-09-22 16:24:39,22/09/2025 16:24,-,22/09/2025 16:24,-,-,-,-,-
1951952,Vendedor - Nova Encomenda,1,-,-,2025-09-22 10:13:08,22/09/2025 10:13,-,-,-,-,-,-,-
1951947,Vendedor - Nova Encomenda,1,-,-,2025-09-22 10:10:53,22/09/2025 10:10,-,-,-,-,-,-,-
1951944,Logística - Despacho da Encomenda,2,-,00:00 Horas,2025-09-22 11:50:12,22/09/2025 11:50,22/09/2025 23:29,22/09/2025 11:50,0.49 dias,0.22 dias,Atrasado,699.57,309.78
1951944,Entregas Finalizadas Fora de Manaus,8,-,-,2025-09-22 23:29:46,22/09/2025 23:29,-,-,-,-,-,-,-
1951940,Logística - Despacho da Encomenda,2,-,00:00 Horas,2025-09-22 12:35:01,22/09/2025 12:35,-,22/09/2025 12:35,-,-,-,-,-
1951922,Logística - Despacho da Encomenda,2,-,00:00 Horas,2025-09-22 15:32:57,22/09/2025 15:32,22/09/2025 17:53,22/09/2025 15:32,0.1 dias,0.06 dias,Atrasado,140.99,87.03
1951922,Entregas Finalizadas Fora de Manaus,8,-,-,2025-09-22 17:53:57,22/09/2025 17:53,-,-,-,-,-,-,-
1951921,Vendedor - Nova Encomenda,1,-,-,2025-09-22 09:56:51,22/09/2025 09:56,-,-,-,-,-,-,-
1951915,Logística - Despacho da Encomenda,2,-,00:00 Horas,2025-09-22 12:20:22,22/09/2025 12:20,22/09/2025 23:22,22/09/2025 12:20,0.46 dias,0.19 dias,Atrasado,661.77,279.62
1951915,Entregas Finalizadas Fora de Manaus,8,-,-,2025-09-22 23:22:08,22/09/2025 23:22,-,-,-,-,-,-,-
1951854,Entregas Finalizadas Fora de Manaus,8,-,-,2025-09-22 14:00:21,22/09/2025 14:00,-,-,-,-,-,-,-
1951375,Logística - Despacho da Encomenda,2,-,00:00 Horas,2025-09-22 16:19:10,22/09/2025 16:19,22/09/2025 20:59,22/09/2025 16:19,0.19 dias,0.03 dias,Atrasado,280.76,40.82
1951375,Entregas Finalizadas Manaus,6,-,-,2025-09-22 20:59:56,22/09/2025 20:59,-,-,-,-,-,-,-
1951357,Vendedor - Nova Encomenda,1,-,-,2025-09-20 14:03:21,20/09/2025 14:03,-,-,-,-,-,-,-
1951355,Logística - Despacho da Encomenda,2,-,00:00 Horas,2025-09-22 12:39:45,22/09/2025 12:39,22/09/2025 20:01,22/09/2025 12:39,0.31 dias,0.18 dias,Atrasado,441.57,260.23
1951355,Entregas Finalizadas Manaus,6,-,-,2025-09-22 20:01:20,22/09/2025 20:01,-,-,-,-,-,-,-
1951351,Entregas Finalizadas Fora de Manaus,8,-,-,2025-09-22 13:18:23,22/09/2025 13:18,-,-,-,-,-,-,-
1951333,Entregas Finalizadas Manaus,6,-,-,2025-09-22 15:26:48,22/09/2025 15:26,-,-,-,-,-,-,-
1951287,Entregas Finalizadas Fora de Manaus,8,-,-,2025-09-20 15:46:22,20/09/2025 15:46,-,-,-,-,-,-,-
1951275,Entregas Finalizadas Fora de Manaus,8,-,-,2025-09-22 13:39:31,22/09/2025 13:39,-,-,-,-,-,-,-
1951269,Logística - Despacho da Encomenda,2,-,00:00 Horas,2025-09-22 11:55:23,22/09/2025 11:55,22/09/2025 18:17,22/09/2025 11:55,0.27 dias,0.21 dias,Atrasado,381.69,304.6
1951269,Entregas Finalizadas Fora de Manaus,8,-,-,2025-09-22 18:17:04,22/09/2025 18:17,-,-,-,-,-,-,-
1951261,Entregas Finalizadas Fora de Manaus,8,-,-,2025-09-20 19:05:44,20/09/2025 19:05,-,-,-,-,-,-,-
1951238,Vendedor - Nova Encomenda,1,-,-,2025-09-20 10:35:12,20/09/2025 10:35,-,-,-,-,-,-,-
1951233,Vendedor - Nova Encomenda,1,-,-,2025-09-20 10:29:17,20/09/2025 10:29,-,-,-,-,-,-,-
1951231,Entregas Finalizadas Manaus,6,-,-,2025-09-20 15:39:59,20/09/2025 15:39,-,-,-,-,-,-,-
1951229,Entregas Finalizadas Fora de Manaus,8,-,-,2025-09-20 15:05:59,20/09/2025 15:05,-,-,-,-,-,-,-
1951227,Logística - Despacho da Encomenda,2,-,00:00 Horas,2025-09-20 12:41:19,20/09/2025 12:41,-,20/09/2025 12:41,-,-,-,-,-
1951221,Entregas Finalizadas Fora de Manaus,8,-,-,2025-09-20 15:54:40,20/09/2025 15:54,-,-,-,-,-,-,-
1951220,Entregas Finalizadas Manaus,6,-,-,2025-09-20 13:00:46,20/09/2025 13:00,-,-,-,-,-,-,-
1951217,Entregas Finalizadas Fora de Manaus,8,-,-,2025-09-22 13:36:03,22/09/2025 13:36,-,-,-,-,-,-,-
1951206,Logística - Despacho da Encomenda,2,-,00:00 Horas,2025-09-20 11:51:28,20/09/2025 11:51,22/09/2025 17:43,20/09/2025 11:51,2.24 dias,0.96 dias,Atrasado,3231.74,1388.52
1951206,Entregas Finalizadas Fora de Manaus,8,-,-,2025-09-22 17:43:13,22/09/2025 17:43,-,-,-,-,-,-,-
1951162,Entregas Finalizadas Fora de Manaus,8,-,-,2025-09-20 12:58:49,20/09/2025 12:58,-,-,-,-,-,-,-
1951143,Logística - Despacho da Encomenda,2,-,00:00 Horas,2025-09-20 11:58:20,20/09/2025 11:58,22/09/2025 18:06,20/09/2025 11:58,2.26 dias,0.96 dias,Atrasado,3248.15,1381.65
1951143,Entregas Finalizadas Fora de Manaus,8,-,-,2025-09-22 18:06:29,22/09/2025 18:06,-,-,-,-,-,-,-
1951117,Logística - Despacho da Encomenda,2,-,00:00 Horas,2025-09-20 11:53:50,20/09/2025 11:53,22/09/2025 23:49,20/09/2025 11:53,2.5 dias,0.96 dias,Atrasado,3595.49,1386.15
1951117,Entregas Finalizadas Fora de Manaus,8,-,-,2025-09-22 23:49:19,22/09/2025 23:49,-,-,-,-,-,-,-
1951103,Logística - Despacho da Encomenda,2,-,00:00 Horas,2025-09-20 11:57:14,20/09/2025 11:57,-,20/09/2025 11:57,-,-,-,-,-
1951101,Vendedor - Nova Encomenda,1,-,-,2025-09-19 18:52:47,19/09/2025 18:52,-,-,-,-,-,-,-
1951098,Logística - Despacho da Encomenda,2,-,00:00 Horas,2025-09-20 11:55:56,20/09/2025 11:55,-,20/09/2025 11:55,-,-,-,-,-
1951089,Vendedor - Nova Encomenda,1,-,-,2025-09-19 18:29:01,19/09/2025 18:29,-,-,-,-,-,-,-
1951084,Logística - Despacho da Encomenda,2,-,00:00 Horas,2025-09-20 12:22:17,20/09/2025 12:22,-,20/09/2025 12:22,-,-,-,-,-
1951067,Logística - Despacho da Encomenda,2,-,00:00 Horas,2025-09-20 12:00:09,20/09/2025 12:00,22/09/2025 23:42,20/09/2025 12:00,2.49 dias,0.96 dias,Atrasado,3582.65,1379.83
1951067,Entregas Finalizadas Fora de Manaus,8,-,-,2025-09-22 23:42:48,22/09/2025 23:42,-,-,-,-,-,-,-
1951051,Entregas Finalizadas Manaus,6,-,-,2025-09-20 12:46:59,20/09/2025 12:46,-,-,-,-,-,-,-
1951017,Entregas Finalizadas Manaus,6,-,-,2025-09-20 12:37:23,20/09/2025 12:37,-,-,-,-,-,-,-
1951011,Vendedor - Nova Encomenda,1,-,-,2025-09-19 17:34:00,19/09/2025 17:34,-,-,-,-,-,-,-
1950986,Logística - Despacho da Encomenda,2,-,00:00 Horas,2025-09-19 17:35:41,19/09/2025 17:35,-,19/09/2025 17:35,-,-,-,-,-
1950956,Vendedor - Nova Encomenda,1,-,-,2025-09-19 16:59:02,19/09/2025 16:59,-,-,-,-,-,-,-
1950943,Vendedor - Nova Encomenda,1,-,-,2025-09-19 16:51:04,19/09/2025 16:51,-,-,-,-,-,-,-
1950920,Entregas Finalizadas Manaus,6,-,-,2025-09-20 09:04:55,20/09/2025 09:04,-,-,-,-,-,-,-
1950915,Logística - Despacho da Encomenda,2,-,00:00 Horas,2025-09-20 12:38:25,20/09/2025 12:38,22/09/2025 23:51,20/09/2025 12:38,2.47 dias,0.93 dias,Atrasado,3552.65,1341.57
1950915,Entregas Finalizadas Fora de Manaus,8,-,-,2025-09-22 23:51:04,22/09/2025 23:51,-,-,-,-,-,-,-
1950841,Entregas Finalizadas Fora de Manaus,8,-,-,2025-09-22 14:05:25,22/09/2025 14:05,-,-,-,-,-,-,-
1950838,Vendedor - Nova Encomenda,1,-,-,2025-09-19 16:28:50,19/09/2025 16:28,-,-,-,-,-,-,-
1950827,Entregas Finalizadas Fora de Manaus,8,-,-,2025-09-22 14:08:04,22/09/2025 14:08,-,-,-,-,-,-,-
1950819,Vendedor - Nova Encomenda,1,-,-,2025-09-19 16:20:41,19/09/2025 16:20,-,-,-,-,-,-,-
1950814,Logística - Despacho da Encomenda,2,-,00:00 Horas,2025-09-20 11:10:36,20/09/2025 11:10,22/09/2025 23:27,20/09/2025 11:10,2.51 dias,0.99 dias,Atrasado,3616.62,1429.38
1950814,Entregas Finalizadas Fora de Manaus,8,-,-,2025-09-22 23:27:13,22/09/2025 23:27,-,-,-,-,-,-,-
1950782,Logística - Despacho da Encomenda,2,-,00:00 Horas,2025-09-19 16:28:23,19/09/2025 16:28,-,19/09/2025 16:28,-,-,-,-,-
1950776,Vendedor - Nova Encomenda,1,-,-,2025-09-19 15:59:36,19/09/2025 15:59,-,-,-,-,-,-,-
1950768,Entregas Finalizadas Fora de Manaus,8,-,-,2025-09-19 17:05:43,19/09/2025 17:05,-,-,-,-,-,-,-
1950603,Entregas Finalizadas Fora de Manaus,8,-,-,2025-09-19 17:14:50,19/09/2025 17:14,-,-,-,-,-,-,-
1950587,Entregas Finalizadas Manaus,6,-,-,2025-09-19 17:42:46,19/09/2025 17:42,-,-,-,-,-,-,-
1950575,Logística - Despacho da Encomenda,2,-,00:00 Horas,2025-09-20 12:39:16,20/09/2025 12:39,-,20/09/2025 12:39,-,-,-,-,-
1950381,Entregas Finalizadas Fora de Manaus,8,-,-,2025-09-20 09:18:33,20/09/2025 09:18,-,-,-,-,-,-,-
1950275,Entregas Finalizadas Manaus,6,-,-,2025-09-19 17:02:09,19/09/2025 17:02,-,-,-,-,-,-,-
1950205,Entregas Finalizadas Manaus,6,-,-,2025-09-19 17:36:42,19/09/2025 17:36,-,-,-,-,-,-,-
1950174,Entregas Finalizadas Fora de Manaus,8,-,-,2025-09-20 13:22:04,20/09/2025 13:22,-,-,-,-,-,-,-
1950107,Entregas Finalizadas Fora de Manaus,8,-,-,2025-09-20 12:18:05,20/09/2025 12:18,-,-,-,-,-,-,-
1950059,Entregas Finalizadas Manaus,6,-,-,2025-09-20 09:14:06,20/09/2025 09:14,-,-,-,-,-,-,-
1950045,Logística - Despacho da Encomenda,2,-,00:00 Horas,2025-09-20 12:40:25,20/09/2025 12:40,-,20/09/2025 12:40,-,-,-,-,-
1950043,Logística - Despacho da Encomenda,2,-,00:00 Horas,2025-09-19 15:58:51,19/09/2025 15:58,-,19/09/2025 15:58,-,-,-,-,-
1950025,Entregas Finalizadas Fora de Manaus,8,-,-,2025-09-20 13:20:38,20/09/2025 13:20,-,-,-,-,-,-,-
1950006,Entregas Finalizadas Fora de Manaus,8,-,-,2025-09-19 22:01:42,19/09/2025 22:01,-,-,-,-,-,-,-
1949930,Entregas Finalizadas Manaus,6,-,-,2025-09-19 22:53:13,19/09/2025 22:53,-,-,-,-,-,-,-
1949864,Vendedor - Nova Encomenda,1,-,-,2025-09-19 12:38:42,19/09/2025 12:38,-,-,-,-,-,-,-
1949847,Entregas Finalizadas Fora de Manaus,8,-,-,2025-09-22 13:51:41,22/09/2025 13:51,-,-,-,-,-,-,-
1949710,Entregas Finalizadas Fora de Manaus,8,-,-,2025-09-22 13:45:43,22/09/2025 13:45,-,-,-,-,-,-,-
1949623,Vendedor - Nova Encomenda,1,-,-,2025-09-19 12:03:48,19/09/2025 12:03,-,-,-,-,-,-,-
1949573,Entregas Finalizadas Fora de Manaus,8,-,-,2025-09-20 12:34:48,20/09/2025 12:34,-,-,-,-,-,-,-
1949482,Vendedor - Nova Encomenda,1,-,-,2025-09-19 11:39:57,19/09/2025 11:39,-,-,-,-,-,-,-
1949436,Vendedor - Nova Encomenda,1,-,-,2025-09-19 11:35:25,19/09/2025 11:35,-,-,-,-,-,-,-
1949343,Logística - Despacho da Encomenda,2,-,00:00 Horas,2025-09-19 16:08:00,19/09/2025 16:08,22/09/2025 23:46,19/09/2025 16:08,3.32 dias,1.16 dias,Atrasado,4778.87,1671.98
1949343,Entregas Finalizadas Fora de Manaus,8,-,-,2025-09-22 23:46:52,22/09/2025 23:46,-,-,-,-,-,-,-
1949209,Entregas Finalizadas Manaus,6,-,-,2025-09-19 18:18:35,19/09/2025 18:18,-,-,-,-,-,-,-
1949162,Entregas Finalizadas Fora de Manaus,8,-,-,2025-09-19 13:38:02,19/09/2025 13:38,-,-,-,-,-,-,-
1949149,Vendedor - Nova Encomenda,1,-,-,2025-09-19 10:56:37,19/09/2025 10:56,-,-,-,-,-,-,-
1949139,Vendedor - Nova Encomenda,1,-,-,2025-09-19 10:53:34,19/09/2025 10:53,-,-,-,-,-,-,-
1949129,Vendedor - Nova Encomenda,1,-,-,2025-09-19 10:49:26,19/09/2025 10:49,-,-,-,-,-,-,-
1949123,Entregas Finalizadas Manaus,6,-,-,2025-09-19 22:05:44,19/09/2025 22:05,-,-,-,-,-,-,-
1949082,Entregas Finalizadas Fora de Manaus,8,-,-,2025-09-19 12:26:25,19/09/2025 12:26,-,-,-,-,-,-,-
1949012,Entregas Finalizadas Fora de Manaus,8,-,-,2025-09-19 13:43:21,19/09/2025 13:43,-,-,-,-,-,-,-
1948956,Logística - Despacho da Encomenda,2,-,00:00 Horas,2025-09-19 11:54:07,19/09/2025 11:54,-,19/09/2025 11:54,-,-,-,-,-
1948937,Vendedor - Nova Encomenda,1,-,-,2025-09-19 10:24:05,19/09/2025 10:24,-,-,-,-,-,-,-
1948811,Entregas Finalizadas Fora de Manaus,8,-,-,2025-09-20 09:15:47,20/09/2025 09:15,-,-,-,-,-,-,-
1948807,Vendedor - Nova Encomenda,1,-,-,2025-09-19 10:14:46,19/09/2025 10:14,-,-,-,-,-,-,-
1948805,Vendedor - Nova Encomenda,1,-,-,2025-09-19 10:14:35,19/09/2025 10:14,-,-,-,-,-,-,-
1948757,Entregas Finalizadas Fora de Manaus,8,-,-,2025-09-19 13:47:26,19/09/2025 13:47,-,-,-,-,-,-,-
1948692,Entregas Finalizadas Fora de Manaus,8,-,-,2025-09-19 15:32:26,19/09/2025 15:32,-,-,-,-,-,-,-
1948688,Entregas Finalizadas Fora de Manaus,8,-,-,2025-09-19 13:45:23,19/09/2025 13:45,-,-,-,-,-,-,-
1948682,Logística - Despacho da Encomenda,2,-,00:00 Horas,2025-09-20 11:52:42,20/09/2025 11:52,-,20/09/2025 11:52,-,-,-,-,-
1948641,Entregas Finalizadas Fora de Manaus,8,-,-,2025-09-19 14:35:42,19/09/2025 14:35,-,-,-,-,-,-,-
1948617,Entregas Finalizadas Fora de Manaus,8,-,-,2025-09-19 13:49:40,19/09/2025 13:49,-,-,-,-,-,-,-
1948205,Entregas Finalizadas Fora de Manaus,8,-,-,2025-09-19 12:46:54,19/09/2025 12:46,-,-,-,-,-,-,-
1947939,Vendedor - Nova Encomenda,1,-,-,2025-09-18 21:46:34,18/09/2025 21:46,-,-,-,-,-,-,-
1947884,Logística - Despacho da Encomenda,2,-,00:00 Horas,2025-09-19 12:17:56,19/09/2025 12:17,-,19/09/2025 12:17,-,-,-,-,-
1947821,Entregas Finalizadas Fora de Manaus,8,-,-,2025-09-22 13:21:22,22/09/2025 13:21,-,-,-,-,-,-,-
1947816,Vendedor - Nova Encomenda,1,-,-,2025-09-18 18:16:10,18/09/2025 18:16,-,-,-,-,-,-,-
1947811,Logística - Despacho da Encomenda,2,-,00:00 Horas,2025-09-19 11:53:08,19/09/2025 11:53,-,19/09/2025 11:53,-,-,-,-,-
1947804,Entregas Finalizadas Fora de Manaus,8,-,-,2025-09-19 15:39:51,19/09/2025 15:39,-,-,-,-,-,-,-
1947768,Entregas Finalizadas Fora de Manaus,8,-,-,2025-09-19 10:14:55,19/09/2025 10:14,-,-,-,-,-,-,-
1947744,Entregas Finalizadas Manaus,6,-,-,2025-09-19 11:32:08,19/09/2025 11:32,-,-,-,-,-,-,-
1947742,Vendedor - Nova Encomenda,1,-,-,2025-09-18 17:21:46,18/09/2025 17:21,-,-,-,-,-,-,-
1947651,Entregas Finalizadas Manaus,6,-,-,2025-09-18 18:10:47,18/09/2025 18:10,-,-,-,-,-,-,-
1947638,Entregas Finalizadas Fora de Manaus,8,-,-,2025-09-19 11:35:54,19/09/2025 11:35,-,-,-,-,-,-,-
1947590,Vendedor - Nova Encomenda,1,-,-,2025-09-18 16:21:23,18/09/2025 16:21,-,-,-,-,-,-,-
1947448,Entregas Finalizadas Fora de Manaus,8,-,-,2025-09-22 13:38:01,22/09/2025 13:38,-,-,-,-,-,-,-
1947422,Vendedor - Nova Encomenda,1,-,-,2025-09-18 15:46:34,18/09/2025 15:46,-,-,-,-,-,-,-
1946991,Entregas Finalizadas Fora de Manaus,8,-,-,2025-09-19 12:40:21,19/09/2025 12:40,-,-,-,-,-,-,-
1946947,Vendedor - Nova Encomenda,1,-,-,2025-09-18 14:51:27,18/09/2025 14:51,-,-,-,-,-,-,-
1946913,Entregas Finalizadas Manaus,6,-,-,2025-09-18 18:26:13,18/09/2025 18:26,-,-,-,-,-,-,-
1946911,Entregas Finalizadas Fora de Manaus,8,-,-,2025-09-18 17:38:33,18/09/2025 17:38,-,-,-,-,-,-,-
1946877,Entregas Finalizadas Manaus,6,-,-,2025-09-18 17:43:54,18/09/2025 17:43,-,-,-,-,-,-,-
1946780,Entregas Finalizadas Fora de Manaus,8,-,-,2025-09-19 15:30:45,19/09/2025 15:30,-,-,-,-,-,-,-
1946771,Entregas Finalizadas Fora de Manaus,8,-,-,2025-09-19 12:53:02,19/09/2025 12:53,-,-,-,-,-,-,-
1946640,Entregas Finalizadas Fora de Manaus,8,-,-,2025-09-22 13:27:32,22/09/2025 13:27,-,-,-,-,-,-,-
1946588,Entregas Finalizadas Fora de Manaus,8,-,-,2025-09-18 22:24:13,18/09/2025 22:24,-,-,-,-,-,-,-
1946509,Entregas Finalizadas Fora de Manaus,8,-,-,2025-09-18 18:26:25,18/09/2025 18:26,-,-,-,-,-,-,-
1946412,Entregas Finalizadas Fora de Manaus,8,-,-,2025-09-20 12:20:07,20/09/2025 12:20,-,-,-,-,-,-,-
1946409,Vendedor - Nova Encomenda,1,-,-,2025-09-18 13:15:27,18/09/2025 13:15,-,-,-,-,-,-,-
1946334,Entregas Finalizadas Fora de Manaus,8,-,-,2025-09-19 13:35:06,19/09/2025 13:35,-,-,-,-,-,-,-
1946317,Entregas Finalizadas Fora de Manaus,8,-,-,2025-09-18 17:44:08,18/09/2025 17:44,-,-,-,-,-,-,-
1946116,Entregas Finalizadas Fora de Manaus,8,-,-,2025-09-18 22:31:05,18/09/2025 22:31,-,-,-,-,-,-,-
1945819,Entregas Finalizadas Fora de Manaus,8,-,-,2025-09-18 18:30:19,18/09/2025 18:30,-,-,-,-,-,-,-
1945608,Entregas Finalizadas Manaus,6,-,-,2025-09-18 17:37:28,18/09/2025 17:37,-,-,-,-,-,-,-
1945564,Entregas Finalizadas Fora de Manaus,8,-,-,2025-09-19 15:36:02,19/09/2025 15:36,-,-,-,-,-,-,-
1945512,Vendedor - Nova Encomenda,1,-,-,2025-09-18 11:06:23,18/09/2025 11:06,-,-,-,-,-,-,-
1945478,Entregas Finalizadas Fora de Manaus,8,-,-,2025-09-19 13:03:27,19/09/2025 13:03,-,-,-,-,-,-,-
1945464,Entregas Finalizadas Fora de Manaus,8,-,-,2025-09-18 13:38:47,18/09/2025 13:38,-,-,-,-,-,-,-
1945461,Entregas Finalizadas Fora de Manaus,8,-,-,2025-09-18 17:16:14,18/09/2025 17:16,-,-,-,-,-,-,-
1945388,Entregas Finalizadas Fora de Manaus,8,-,-,2025-09-18 22:32:57,18/09/2025 22:32,-,-,-,-,-,-,-
1945373,Entregas Finalizadas Fora de Manaus,8,-,-,2025-09-19 12:55:32,19/09/2025 12:55,-,-,-,-,-,-,-
1945330,Entregas Finalizadas Manaus,6,-,-,2025-09-18 14:16:06,18/09/2025 14:16,-,-,-,-,-,-,-
1945319,Entregas Finalizadas Manaus,6,-,-,2025-09-18 15:47:12,18/09/2025 15:47,-,-,-,-,-,-,-
1945313,Vendedor - Nova Encomenda,1,-,-,2025-09-18 10:10:46,18/09/2025 10:10,-,-,-,-,-,-,-
1945307,Entregas Finalizadas Manaus,6,-,-,2025-09-18 14:07:52,18/09/2025 14:07,-,-,-,-,-,-,-
1945293,Entregas Finalizadas Fora de Manaus,8,-,-,2025-09-18 17:48:27,18/09/2025 17:48,-,-,-,-,-,-,-
1945284,Entregas Finalizadas Fora de Manaus,8,-,-,2025-09-18 17:51:09,18/09/2025 17:51,-,-,-,-,-,-,-
1945281,Entregas Finalizadas Fora de Manaus,8,-,-,2025-09-18 22:28:37,18/09/2025 22:28,-,-,-,-,-,-,-
1945276,Entregas Finalizadas Fora de Manaus,8,-,-,2025-09-18 13:49:01,18/09/2025 13:49,-,-,-,-,-,-,-
1945264,Entregas Finalizadas Fora de Manaus,8,-,-,2025-09-18 13:23:31,18/09/2025 13:23,-,-,-,-,-,-,-
1945261,Entregas Finalizadas Manaus,6,-,-,2025-09-18 17:10:21,18/09/2025 17:10,-,-,-,-,-,-,-
1945257,Entregas Finalizadas Fora de Manaus,8,-,-,2025-09-18 13:10:24,18/09/2025 13:10,-,-,-,-,-,-,-
1945098,Entregas Finalizadas Fora de Manaus,8,-,-,2025-09-18 13:40:51,18/09/2025 13:40,-,-,-,-,-,-,-
1945037,Entregas Finalizadas Fora de Manaus,8,-,-,2025-09-22 13:23:09,22/09/2025 13:23,-,-,-,-,-,-,-
1945012,Vendedor - Nova Encomenda,1,-,-,2025-09-17 20:39:00,17/09/2025 20:39,-,-,-,-,-,-,-
1944979,Entregas Finalizadas Fora de Manaus,8,-,-,2025-09-18 14:09:07,18/09/2025 14:09,-,-,-,-,-,-,-
1944973,Logística - Despacho da Encomenda,2,-,00:00 Horas,2025-09-19 12:16:12,19/09/2025 12:16,-,19/09/2025 12:16,-,-,-,-,-
1944953,Entregas Finalizadas Fora de Manaus,8,-,-,2025-09-18 22:22:31,18/09/2025 22:22,-,-,-,-,-,-,-
1944930,Entregas Finalizadas Manaus,6,-,-,2025-09-18 14:19:46,18/09/2025 14:19,-,-,-,-,-,-,-
1944927,Entregas Finalizadas Fora de Manaus,8,-,-,2025-09-18 22:35:15,18/09/2025 22:35,-,-,-,-,-,-,-
1944916,Logística - Despacho da Encomenda,2,-,00:00 Horas,2025-09-18 16:50:29,18/09/2025 16:50,-,18/09/2025 16:50,-,-,-,-,-
1944871,Entregas Finalizadas Fora de Manaus,8,-,-,2025-09-20 12:16:27,20/09/2025 12:16,-,-,-,-,-,-,-
1944831,Entregas Finalizadas Fora de Manaus,8,-,-,2025-09-18 17:33:49,18/09/2025 17:33,-,-,-,-,-,-,-
1944825,Entregas Finalizadas Fora de Manaus,8,-,-,2025-09-19 09:22:36,19/09/2025 09:22,-,-,-,-,-,-,-
1944782,Entregas Finalizadas Fora de Manaus,8,-,-,2025-09-22 13:26:19,22/09/2025 13:26,-,-,-,-,-,-,-
1944777,Entregas Finalizadas Fora de Manaus,8,-,-,2025-09-18 13:14:00,18/09/2025 13:14,-,-,-,-,-,-,-
1944748,Entregas Finalizadas Fora de Manaus,8,-,-,2025-09-18 13:16:35,18/09/2025 13:16,-,-,-,-,-,-,-
1944745,Vendedor - Nova Encomenda,1,-,-,2025-09-17 16:10:55,17/09/2025 16:10,-,-,-,-,-,-,-
1944661,Entregas Finalizadas Fora de Manaus,8,-,-,2025-09-18 13:25:56,18/09/2025 13:25,-,-,-,-,-,-,-
1944656,Entregas Finalizadas Manaus,6,-,-,2025-09-17 17:21:48,17/09/2025 17:21,-,-,-,-,-,-,-
1944639,Entregas Finalizadas Manaus,6,-,-,2025-09-17 16:40:11,17/09/2025 16:40,-,-,-,-,-,-,-
1944632,Entregas Finalizadas Manaus,6,-,-,2025-09-17 18:33:49,17/09/2025 18:33,-,-,-,-,-,-,-
1944608,Entregas Finalizadas Manaus,6,-,-,2025-09-17 16:54:56,17/09/2025 16:54,-,-,-,-,-,-,-
1944594,Entregas Finalizadas Manaus,6,-,-,2025-09-17 17:35:33,17/09/2025 17:35,-,-,-,-,-,-,-
1944554,Entregas Finalizadas Fora de Manaus,8,-,-,2025-09-19 09:19:18,19/09/2025 09:19,-,-,-,-,-,-,-
1944552,Entregas Finalizadas Fora de Manaus,8,-,-,2025-09-18 22:37:09,18/09/2025 22:37,-,-,-,-,-,-,-
1944468,Entregas Finalizadas Manaus,6,-,-,2025-09-17 17:05:37,17/09/2025 17:05,-,-,-,-,-,-,-
1944337,Entregas Finalizadas Fora de Manaus,8,-,-,2025-09-18 13:31:46,18/09/2025 13:31,-,-,-,-,-,-,-
1944332,Entregas Finalizadas Fora de Manaus,8,-,-,2025-09-18 18:28:21,18/09/2025 18:28,-,-,-,-,-,-,-
1944149,Entregas Finalizadas Fora de Manaus,8,-,-,2025-09-17 16:45:21,17/09/2025 16:45,-,-,-,-,-,-,-
1944122,Entregas Finalizadas Fora de Manaus,8,-,-,2025-09-18 13:24:50,18/09/2025 13:24,-,-,-,-,-,-,-
1944102,Entregas Finalizadas Fora de Manaus,8,-,-,2025-09-17 14:02:18,17/09/2025 14:02,-,-,-,-,-,-,-
1944083,Logística - Despacho da Encomenda,2,-,00:00 Horas,2025-09-19 16:32:28,19/09/2025 16:32,22/09/2025 23:33,19/09/2025 16:32,3.29 dias,1.14 dias,Atrasado,4740.89,1647.52
1944083,Entregas Finalizadas Fora de Manaus,8,-,-,2025-09-22 23:33:21,22/09/2025 23:33,-,-,-,-,-,-,-
1944038,Entregas Finalizadas Fora de Manaus,8,-,-,2025-09-19 09:16:41,19/09/2025 09:16,-,-,-,-,-,-,-
1944023,Vendedor - Nova Encomenda,1,-,-,2025-09-17 10:12:24,17/09/2025 10:12,-,-,-,-,-,-,-
1944018,Entregas Finalizadas Fora de Manaus,8,-,-,2025-09-17 16:47:39,17/09/2025 16:47,-,-,-,-,-,-,-
1944011,Vendedor - Nova Encomenda,1,-,-,2025-09-17 10:09:47,17/09/2025 10:09,-,-,-,-,-,-,-
1943956,Entregas Finalizadas Fora de Manaus,8,-,-,2025-09-17 15:47:41,17/09/2025 15:47,-,-,-,-,-,-,-
1943884,Entregas Finalizadas Manaus,6,-,-,2025-09-17 10:35:34,17/09/2025 10:35,-,-,-,-,-,-,-
1943532,Entregas Finalizadas Fora de Manaus,8,-,-,2025-09-18 13:22:03,18/09/2025 13:22,-,-,-,-,-,-,-
1943493,Entregas Finalizadas Fora de Manaus,8,-,-,2025-09-18 13:12:09,18/09/2025 13:12,-,-,-,-,-,-,-
1943423,Vendedor - Nova Encomenda,1,-,-,2025-09-16 17:12:28,16/09/2025 17:12,-,-,-,-,-,-,-
1943407,Entregas Finalizadas Fora de Manaus,8,-,-,2025-09-17 13:11:20,17/09/2025 13:11,-,-,-,-,-,-,-
1943398,Entregas Finalizadas Fora de Manaus,8,-,-,2025-09-18 13:45:46,18/09/2025 13:45,-,-,-,-,-,-,-
1943393,Entregas Finalizadas Fora de Manaus,8,-,-,2025-09-18 13:36:11,18/09/2025 13:36,-,-,-,-,-,-,-
1943380,Entregas Finalizadas Fora de Manaus,8,-,-,2025-09-16 18:00:35,16/09/2025 18:00,-,-,-,-,-,-,-
1943271,Entregas Finalizadas Manaus,6,-,-,2025-09-16 17:24:01,16/09/2025 17:24,-,-,-,-,-,-,-
1943243,Entregas Finalizadas Manaus,6,-,-,2025-09-17 17:01:26,17/09/2025 17:01,-,-,-,-,-,-,-
1943218,Entregas Finalizadas Fora de Manaus,8,-,-,2025-09-16 16:51:50,16/09/2025 16:51,-,-,-,-,-,-,-
1943157,Entregas Finalizadas Fora de Manaus,8,-,-,2025-09-16 17:13:57,16/09/2025 17:13,-,-,-,-,-,-,-
1943154,Entregas Finalizadas Fora de Manaus,8,-,-,2025-09-17 13:56:07,17/09/2025 13:56,-,-,-,-,-,-,-
1943126,Entregas Finalizadas Fora de Manaus,8,-,-,2025-09-16 16:20:58,16/09/2025 16:20,-,-,-,-,-,-,-
1943121,Entregas Finalizadas Manaus,6,-,-,2025-09-17 17:25:59,17/09/2025 17:25,-,-,-,-,-,-,-
1943113,Entregas Finalizadas Manaus,6,-,-,2025-09-16 16:34:35,16/09/2025 16:34,-,-,-,-,-,-,-
1943108,Entregas Finalizadas Manaus,6,-,-,2025-09-16 17:41:27,16/09/2025 17:41,-,-,-,-,-,-,-
1943039,Entregas Finalizadas Manaus,6,-,-,2025-09-16 17:37:13,16/09/2025 17:37,-,-,-,-,-,-,-
1943037,Entregas Finalizadas Manaus,6,-,-,2025-09-16 16:51:59,16/09/2025 16:51,-,-,-,-,-,-,-
1942995,Entregas Finalizadas Fora de Manaus,8,-,-,2025-09-17 13:13:38,17/09/2025 13:13,-,-,-,-,-,-,-
1942993,Entregas Finalizadas Fora de Manaus,8,-,-,2025-09-17 13:16:39,17/09/2025 13:16,-,-,-,-,-,-,-
1942941,Entregas Finalizadas Fora de Manaus,8,-,-,2025-09-16 17:50:26,16/09/2025 17:50,-,-,-,-,-,-,-
1942891,Entregas Finalizadas Fora de Manaus,8,-,-,2025-09-22 12:46:25,22/09/2025 12:46,-,-,-,-,-,-,-
1942807,Entregas Finalizadas Fora de Manaus,8,-,-,2025-09-18 16:57:00,18/09/2025 16:57,-,-,-,-,-,-,-
1942743,Entregas Finalizadas Fora de Manaus,8,-,-,2025-09-16 17:25:18,16/09/2025 17:25,-,-,-,-,-,-,-
1942718,Entregas Finalizadas Fora de Manaus,8,-,-,2025-09-16 17:29:27,16/09/2025 17:29,-,-,-,-,-,-,-
1942712,Vendedor - Nova Encomenda,1,-,-,2025-09-16 11:36:59,16/09/2025 11:36,-,-,-,-,-,-,-
1942695,Entregas Finalizadas Manaus,6,-,-,2025-09-16 13:27:45,16/09/2025 13:27,-,-,-,-,-,-,-
1942675,Vendedor - Nova Encomenda,1,-,-,2025-09-16 11:19:23,16/09/2025 11:19,-,-,-,-,-,-,-
1942630,Entregas Finalizadas Fora de Manaus,8,-,-,2025-09-16 17:02:58,16/09/2025 17:02,-,-,-,-,-,-,-
1942612,Entregas Finalizadas Fora de Manaus,8,-,-,2025-09-16 16:58:04,16/09/2025 16:58,-,-,-,-,-,-,-
1942598,Entregas Finalizadas Fora de Manaus,8,-,-,2025-09-16 16:59:26,16/09/2025 16:59,-,-,-,-,-,-,-
1942566,Entregas Finalizadas Fora de Manaus,8,-,-,2025-09-16 13:21:42,16/09/2025 13:21,-,-,-,-,-,-,-
1942553,Logística - Despacho da Encomenda,2,-,00:00 Horas,2025-09-16 14:45:24,16/09/2025 14:45,-,16/09/2025 14:45,-,-,-,-,-
1942532,Entregas Finalizadas Fora de Manaus,8,-,-,2025-09-18 22:21:03,18/09/2025 22:21,-,-,-,-,-,-,-
1942503,Entregas Finalizadas Fora de Manaus,8,-,-,2025-09-17 16:39:53,17/09/2025 16:39,-,-,-,-,-,-,-
1942482,Entregas Finalizadas Fora de Manaus,8,-,-,2025-09-17 13:31:19,17/09/2025 13:31,-,-,-,-,-,-,-
1942430,Logística - Despacho da Encomenda,2,-,00:00 Horas,2025-09-16 11:39:26,16/09/2025 11:39,-,16/09/2025 11:39,-,-,-,-,-
1942337,Entregas Finalizadas Manaus,6,-,-,2025-09-16 18:44:08,16/09/2025 18:44,-,-,-,-,-,-,-
1942272,Entregas Finalizadas Fora de Manaus,8,-,-,2025-09-16 13:19:44,16/09/2025 13:19,-,-,-,-,-,-,-
1942269,Entregas Finalizadas Fora de Manaus,8,-,-,2025-09-18 13:15:21,18/09/2025 13:15,-,-,-,-,-,-,-
1942268,Vendedor - Nova Encomenda,1,-,-,2025-09-15 18:17:54,15/09/2025 18:17,-,-,-,-,-,-,-
1942264,Entregas Finalizadas Fora de Manaus,8,-,-,2025-09-16 16:39:24,16/09/2025 16:39,-,-,-,-,-,-,-
1942256,Entregas Finalizadas Fora de Manaus,8,-,-,2025-09-16 17:22:10,16/09/2025 17:22,-,-,-,-,-,-,-
1942241,Entregas Finalizadas Manaus,6,-,-,2025-09-16 18:28:23,16/09/2025 18:28,-,-,-,-,-,-,-
1942191,Entregas Finalizadas Fora de Manaus,8,-,-,2025-09-16 18:18:09,16/09/2025 18:18,-,-,-,-,-,-,-
1942162,Entregas Finalizadas Fora de Manaus,8,-,-,2025-09-16 16:45:05,16/09/2025 16:45,-,-,-,-,-,-,-
1942117,Entregas Finalizadas Fora de Manaus,8,-,-,2025-09-16 14:31:18,16/09/2025 14:31,-,-,-,-,-,-,-
1942086,Entregas Finalizadas Fora de Manaus,8,-,-,2025-09-18 13:15:57,18/09/2025 13:15,-,-,-,-,-,-,-
1942084,Entregas Finalizadas Manaus,6,-,-,2025-09-18 15:05:57,18/09/2025 15:05,-,-,-,-,-,-,-
1942076,Entregas Finalizadas Fora de Manaus,8,-,-,2025-09-16 17:41:20,16/09/2025 17:41,-,-,-,-,-,-,-
1942039,Entregas Finalizadas Fora de Manaus,8,-,-,2025-09-17 16:56:58,17/09/2025 16:56,-,-,-,-,-,-,-
1941802,Entregas Finalizadas Fora de Manaus,8,-,-,2025-09-16 16:40:58,16/09/2025 16:40,-,-,-,-,-,-,-
1941654,Entregas Finalizadas Manaus,6,-,-,2025-09-15 18:57:13,15/09/2025 18:57,-,-,-,-,-,-,-
1941438,Entregas Finalizadas Manaus,6,-,-,2025-09-15 16:53:36,15/09/2025 16:53,-,-,-,-,-,-,-
1941036,Entregas Finalizadas Manaus,6,-,-,2025-09-15 17:33:37,15/09/2025 17:33,-,-,-,-,-,-,-
1941024,Entregas Finalizadas Manaus,6,-,-,2025-09-15 16:53:53,15/09/2025 16:53,-,-,-,-,-,-,-
1941013,Entregas Finalizadas Manaus,6,-,-,2025-09-15 17:27:27,15/09/2025 17:27,-,-,-,-,-,-,-
1940894,Entregas Finalizadas Manaus,6,-,-,2025-09-15 13:19:48,15/09/2025 13:19,-,-,-,-,-,-,-
1940889,Entregas Finalizadas Fora de Manaus,8,-,-,2025-09-15 17:14:51,15/09/2025 17:14,-,-,-,-,-,-,-
1940857,Vendedor - Nova Encomenda,1,-,-,2025-09-15 11:34:19,15/09/2025 11:34,-,-,-,-,-,-,-
1940838,Entregas Finalizadas Manaus,6,-,-,2025-09-15 18:40:31,15/09/2025 18:40,-,-,-,-,-,-,-
1940836,Entregas Finalizadas Fora de Manaus,8,-,-,2025-09-15 16:45:00,15/09/2025 16:45,-,-,-,-,-,-,-
1940822,Entregas Finalizadas Fora de Manaus,8,-,-,2025-09-16 16:42:58,16/09/2025 16:42,-,-,-,-,-,-,-
1940639,Entregas Finalizadas Fora de Manaus,8,-,-,2025-09-16 14:33:27,16/09/2025 14:33,-,-,-,-,-,-,-
1940636,Entregas Finalizadas Manaus,6,-,-,2025-09-15 16:40:25,15/09/2025 16:40,-,-,-,-,-,-,-
1940559,Entregas Finalizadas Fora de Manaus,8,-,-,2025-09-16 14:28:43,16/09/2025 14:28,-,-,-,-,-,-,-
1940553,Entregas Finalizadas Manaus,6,-,-,2025-09-15 17:14:27,15/09/2025 17:14,-,-,-,-,-,-,-
1940551,Entregas Finalizadas Fora de Manaus,8,-,-,2025-09-15 13:08:40,15/09/2025 13:08,-,-,-,-,-,-,-
1940492,Vendedor - Nova Encomenda,1,-,-,2025-09-15 10:09:10,15/09/2025 10:09,-,-,-,-,-,-,-
1940446,Entregas Finalizadas Fora de Manaus,8,-,-,2025-09-16 09:29:05,16/09/2025 09:29,-,-,-,-,-,-,-
1940442,Entregas Finalizadas Fora de Manaus,8,-,-,2025-09-16 14:35:44,16/09/2025 14:35,-,-,-,-,-,-,-
1940424,Entregas Finalizadas Fora de Manaus,8,-,-,2025-09-15 12:36:31,15/09/2025 12:36,-,-,-,-,-,-,-
1940403,Entregas Finalizadas Fora de Manaus,8,-,-,2025-09-16 08:58:19,16/09/2025 08:58,-,-,-,-,-,-,-
1939967,Vendedor - Nova Encomenda,1,-,-,2025-09-13 15:42:43,13/09/2025 15:42,-,-,-,-,-,-,-
1939897,Vendedor - Nova Encomenda,1,-,-,2025-09-13 13:14:31,13/09/2025 13:14,-,-,-,-,-,-,-
1939869,Entregas Finalizadas Fora de Manaus,8,-,-,2025-09-16 16:31:54,16/09/2025 16:31,-,-,-,-,-,-,-
1939867,Entregas Finalizadas Fora de Manaus,8,-,-,2025-09-16 10:16:55,16/09/2025 10:16,-,-,-,-,-,-,-
1939835,Entregas Finalizadas Fora de Manaus,8,-,-,2025-09-16 09:05:12,16/09/2025 09:05,-,-,-,-,-,-,-
1939824,Entregas Finalizadas Fora de Manaus,8,-,-,2025-09-13 13:51:12,13/09/2025 13:51,-,-,-,-,-,-,-
1939819,Entregas Finalizadas Fora de Manaus,8,-,-,2025-09-13 14:27:52,13/09/2025 14:27,-,-,-,-,-,-,-
1939813,Entregas Finalizadas Manaus,6,-,-,2025-09-13 15:06:07,13/09/2025 15:06,-,-,-,-,-,-,-
1939808,Entregas Finalizadas Fora de Manaus,8,-,-,2025-09-16 09:00:03,16/09/2025 09:00,-,-,-,-,-,-,-
1939798,Entregas Finalizadas Fora de Manaus,8,-,-,2025-09-16 14:26:42,16/09/2025 14:26,-,-,-,-,-,-,-
1939796,Entregas Finalizadas Manaus,6,-,-,2025-09-13 16:04:51,13/09/2025 16:04,-,-,-,-,-,-,-
1939794,Entregas Finalizadas Fora de Manaus,8,-,-,2025-09-13 13:40:34,13/09/2025 13:40,-,-,-,-,-,-,-
1939792,Entregas Finalizadas Manaus,6,-,-,2025-09-13 14:30:53,13/09/2025 14:30,-,-,-,-,-,-,-
1939790,Entregas Finalizadas Manaus,6,-,-,2025-09-13 14:40:56,13/09/2025 14:40,-,-,-,-,-,-,-
1939787,Entregas Finalizadas Manaus,6,-,-,2025-09-13 14:56:30,13/09/2025 14:56,-,-,-,-,-,-,-
1939695,Entregas Finalizadas Fora de Manaus,8,-,-,2025-09-13 13:49:58,13/09/2025 13:49,-,-,-,-,-,-,-
1939656,Entregas Finalizadas Fora de Manaus,8,-,-,2025-09-13 13:49:14,13/09/2025 13:49,-,-,-,-,-,-,-
1939648,Entregas Finalizadas Manaus,6,-,-,2025-09-13 14:03:38,13/09/2025 14:03,-,-,-,-,-,-,-
1939622,Entregas Finalizadas Fora de Manaus,8,-,-,2025-09-14 13:23:53,14/09/2025 13:23,-,-,-,-,-,-,-
1939483,Vendedor - Nova Encomenda,1,-,-,2025-09-12 16:22:01,12/09/2025 16:22,-,-,-,-,-,-,-
1939369,Entregas Finalizadas Manaus,6,-,-,2025-09-12 17:16:51,12/09/2025 17:16,-,-,-,-,-,-,-
1939361,Entregas Finalizadas Fora de Manaus,8,-,-,2025-09-15 12:39:05,15/09/2025 12:39,-,-,-,-,-,-,-
1939340,Entregas Finalizadas Fora de Manaus,8,-,-,2025-09-12 17:42:16,12/09/2025 17:42,-,-,-,-,-,-,-
1939330,Entregas Finalizadas Fora de Manaus,8,-,-,2025-09-12 17:19:51,12/09/2025 17:19,-,-,-,-,-,-,-
1939323,Entregas Finalizadas Manaus,6,-,-,2025-09-12 18:59:47,12/09/2025 18:59,-,-,-,-,-,-,-
1939280,Entregas Finalizadas Fora de Manaus,8,-,-,2025-09-14 10:18:15,14/09/2025 10:18,-,-,-,-,-,-,-
1939235,Entregas Finalizadas Manaus,6,-,-,2025-09-12 18:51:09,12/09/2025 18:51,-,-,-,-,-,-,-
1939223,Entregas Finalizadas Fora de Manaus,8,-,-,2025-09-12 17:34:49,12/09/2025 17:34,-,-,-,-,-,-,-
1939195,Vendedor - Nova Encomenda,1,-,-,2025-09-12 13:33:10,12/09/2025 13:33,-,-,-,-,-,-,-
1939160,Entregas Finalizadas Manaus,6,-,-,2025-09-13 08:34:38,13/09/2025 08:34,-,-,-,-,-,-,-
1939148,Entregas Finalizadas Fora de Manaus,8,-,-,2025-09-15 15:13:59,15/09/2025 15:13,-,-,-,-,-,-,-
1939136,Entregas Finalizadas Fora de Manaus,8,-,-,2025-09-12 17:31:21,12/09/2025 17:31,-,-,-,-,-,-,-
1939124,Entregas Finalizadas Manaus,6,-,-,2025-09-12 18:57:59,12/09/2025 18:57,-,-,-,-,-,-,-
1939071,Entregas Finalizadas Fora de Manaus,8,-,-,2025-09-16 14:24:46,16/09/2025 14:24,-,-,-,-,-,-,-
1939056,Vendedor - Nova Encomenda,1,-,-,2025-09-12 11:40:05,12/09/2025 11:40,-,-,-,-,-,-,-
1938982,Entregas Finalizadas Manaus,6,-,-,2025-09-12 15:50:26,12/09/2025 15:50,-,-,-,-,-,-,-
1938973,Vendedor - Nova Encomenda,1,-,-,2025-09-12 11:02:34,12/09/2025 11:02,-,-,-,-,-,-,-
1938971,Vendedor - Nova Encomenda,1,-,-,2025-09-12 11:01:20,12/09/2025 11:01,-,-,-,-,-,-,-
1938881,Entregas Finalizadas Manaus,6,-,-,2025-09-13 15:53:14,13/09/2025 15:53,-,-,-,-,-,-,-
1938832,Entregas Finalizadas Fora de Manaus,8,-,-,2025-09-14 13:13:03,14/09/2025 13:13,-,-,-,-,-,-,-
1938814,Entregas Finalizadas Fora de Manaus,8,-,-,2025-09-12 17:29:15,12/09/2025 17:29,-,-,-,-,-,-,-
1938737,Vendedor - Nova Encomenda,1,-,-,2025-09-12 10:19:48,12/09/2025 10:19,-,-,-,-,-,-,-
1938723,Entregas Finalizadas Fora de Manaus,8,-,-,2025-09-12 17:15:05,12/09/2025 17:15,-,-,-,-,-,-,-
1938718,Entregas Finalizadas Fora de Manaus,8,-,-,2025-09-16 09:02:34,16/09/2025 09:02,-,-,-,-,-,-,-
1938700,Entregas Finalizadas Manaus,6,-,-,2025-09-12 13:34:44,12/09/2025 13:34,-,-,-,-,-,-,-
1938693,Entregas Finalizadas Manaus,6,-,-,2025-09-12 19:24:36,12/09/2025 19:24,-,-,-,-,-,-,-
1938688,Entregas Finalizadas Fora de Manaus,8,-,-,2025-09-12 13:03:48,12/09/2025 13:03,-,-,-,-,-,-,-
1938685,Entregas Finalizadas Manaus,6,-,-,2025-09-12 16:03:18,12/09/2025 16:03,-,-,-,-,-,-,-
1938683,Entregas Finalizadas Fora de Manaus,8,-,-,2025-09-12 12:59:52,12/09/2025 12:59,-,-,-,-,-,-,-
1938675,Entregas Finalizadas Fora de Manaus,8,-,-,2025-09-12 17:53:11,12/09/2025 17:53,-,-,-,-,-,-,-
1938670,Entregas Finalizadas Fora de Manaus,8,-,-,2025-09-12 12:54:02,12/09/2025 12:54,-,-,-,-,-,-,-
1938668,Entregas Finalizadas Fora de Manaus,8,-,-,2025-09-12 12:33:06,12/09/2025 12:33,-,-,-,-,-,-,-
1938666,Entregas Finalizadas Fora de Manaus,8,-,-,2025-09-12 13:13:17,12/09/2025 13:13,-,-,-,-,-,-,-
1938660,Entregas Finalizadas Fora de Manaus,8,-,-,2025-09-12 12:28:32,12/09/2025 12:28,-,-,-,-,-,-,-
1938646,Entregas Finalizadas Fora de Manaus,8,-,-,2025-09-14 13:09:31,14/09/2025 13:09,-,-,-,-,-,-,-
1938617,Entregas Finalizadas Fora de Manaus,8,-,-,2025-09-12 12:18:15,12/09/2025 12:18,-,-,-,-,-,-,-
1938426,Entregas Finalizadas Manaus,6,-,-,2025-09-12 14:57:25,12/09/2025 14:57,-,-,-,-,-,-,-
1938346,Entregas Finalizadas Fora de Manaus,8,-,-,2025-09-12 17:37:54,12/09/2025 17:37,-,-,-,-,-,-,-
1938341,Entregas Finalizadas Fora de Manaus,8,-,-,2025-09-12 12:16:39,12/09/2025 12:16,-,-,-,-,-,-,-
1938322,Entregas Finalizadas Fora de Manaus,8,-,-,2025-09-12 17:27:38,12/09/2025 17:27,-,-,-,-,-,-,-
1938307,Entregas Finalizadas Fora de Manaus,8,-,-,2025-09-12 12:25:06,12/09/2025 12:25,-,-,-,-,-,-,-
1938289,Entregas Finalizadas Fora de Manaus,8,-,-,2025-09-12 17:17:57,12/09/2025 17:17,-,-,-,-,-,-,-
1938277,Vendedor - Nova Encomenda,1,-,-,2025-09-11 17:33:22,11/09/2025 17:33,-,-,-,-,-,-,-
1938235,Entregas Finalizadas Fora de Manaus,8,-,-,2025-09-14 13:26:21,14/09/2025 13:26,-,-,-,-,-,-,-
1938193,Entregas Finalizadas Fora de Manaus,8,-,-,2025-09-12 12:52:26,12/09/2025 12:52,-,-,-,-,-,-,-
1938028,Entregas Finalizadas Fora de Manaus,8,-,-,2025-09-11 18:30:07,11/09/2025 18:30,-,-,-,-,-,-,-
1937998,Entregas Finalizadas Manaus,6,-,-,2025-09-11 17:04:20,11/09/2025 17:04,-,-,-,-,-,-,-
1937970,Entregas Finalizadas Fora de Manaus,8,-,-,2025-09-15 13:05:48,15/09/2025 13:05,-,-,-,-,-,-,-
1937927,Entregas Finalizadas Manaus,6,-,-,2025-09-11 17:54:03,11/09/2025 17:54,-,-,-,-,-,-,-
1937924,Entregas Finalizadas Fora de Manaus,8,-,-,2025-09-11 17:40:20,11/09/2025 17:40,-,-,-,-,-,-,-
1937836,Entregas Finalizadas Fora de Manaus,8,-,-,2025-09-11 17:49:08,11/09/2025 17:49,-,-,-,-,-,-,-
1937792,Entregas Finalizadas Manaus,6,-,-,2025-09-11 17:31:58,11/09/2025 17:31,-,-,-,-,-,-,-
1937691,Entregas Finalizadas Manaus,6,-,-,2025-09-11 17:13:11,11/09/2025 17:13,-,-,-,-,-,-,-
1937665,Logística - Despacho da Encomenda,2,-,00:00 Horas,2025-09-11 15:56:25,11/09/2025 15:56,-,11/09/2025 15:56,-,-,-,-,-
1937663,Entregas Finalizadas Manaus,6,-,-,2025-09-11 20:17:42,11/09/2025 20:17,-,-,-,-,-,-,-
1937643,Entregas Finalizadas Fora de Manaus,8,-,-,2025-09-11 18:25:17,11/09/2025 18:25,-,-,-,-,-,-,-
1937634,Entregas Finalizadas Manaus,6,-,-,2025-09-11 19:23:07,11/09/2025 19:23,-,-,-,-,-,-,-
1937558,Entregas Finalizadas Fora de Manaus,8,-,-,2025-09-12 13:12:22,12/09/2025 13:12,-,-,-,-,-,-,-
1937544,Entregas Finalizadas Manaus,6,-,-,2025-09-12 13:43:19,12/09/2025 13:43,-,-,-,-,-,-,-
1937531,Entregas Finalizadas Fora de Manaus,8,-,-,2025-09-12 13:35:40,12/09/2025 13:35,-,-,-,-,-,-,-
1937501,Vendedor - Nova Encomenda,1,-,-,2025-09-11 11:00:45,11/09/2025 11:00,-,-,-,-,-,-,-
1937426,Entregas Finalizadas Manaus,6,-,-,2025-09-11 13:42:43,11/09/2025 13:42,-,-,-,-,-,-,-
1937353,Entregas Finalizadas Fora de Manaus,8,-,-,2025-09-11 12:26:06,11/09/2025 12:26,-,-,-,-,-,-,-
1937333,Entregas Finalizadas Fora de Manaus,8,-,-,2025-09-11 13:48:32,11/09/2025 13:48,-,-,-,-,-,-,-
1937164,Entregas Finalizadas Fora de Manaus,8,-,-,2025-09-12 12:22:54,12/09/2025 12:22,-,-,-,-,-,-,-
1937125,Entregas Finalizadas Fora de Manaus,8,-,-,2025-09-11 18:36:39,11/09/2025 18:36,-,-,-,-,-,-,-
1937105,Entregas Finalizadas Fora de Manaus,8,-,-,2025-09-11 16:27:32,11/09/2025 16:27,-,-,-,-,-,-,-
1937076,Entregas Finalizadas Fora de Manaus,8,-,-,2025-09-11 16:20:40,11/09/2025 16:20,-,-,-,-,-,-,-
1937044,Entregas Finalizadas Fora de Manaus,8,-,-,2025-09-11 13:38:50,11/09/2025 13:38,-,-,-,-,-,-,-
1937032,Entregas Finalizadas Fora de Manaus,8,-,-,2025-09-12 12:14:53,12/09/2025 12:14,-,-,-,-,-,-,-
1937017,Entregas Finalizadas Manaus,6,-,-,2025-09-11 13:12:51,11/09/2025 13:12,-,-,-,-,-,-,-
1936924,Entregas Finalizadas Manaus,6,-,-,2025-09-11 12:59:25,11/09/2025 12:59,-,-,-,-,-,-,-
1936904,Entregas Finalizadas Fora de Manaus,8,-,-,2025-09-11 17:50:58,11/09/2025 17:50,-,-,-,-,-,-,-
1936879,Entregas Finalizadas Fora de Manaus,8,-,-,2025-09-11 17:53:13,11/09/2025 17:53,-,-,-,-,-,-,-
1936623,Entregas Finalizadas Fora de Manaus,8,-,-,2025-09-11 17:29:33,11/09/2025 17:29,-,-,-,-,-,-,-
1936620,Entregas Finalizadas Fora de Manaus,8,-,-,2025-09-12 12:21:20,12/09/2025 12:21,-,-,-,-,-,-,-
1936618,Entregas Finalizadas Fora de Manaus,8,-,-,2025-09-11 17:27:17,11/09/2025 17:27,-,-,-,-,-,-,-
1936605,Entregas Finalizadas Fora de Manaus,8,-,-,2025-09-11 17:25:50,11/09/2025 17:25,-,-,-,-,-,-,-
1936603,Vendedor - Nova Encomenda,1,-,-,2025-09-10 18:26:23,10/09/2025 18:26,-,-,-,-,-,-,-
1936594,Entregas Finalizadas Fora de Manaus,8,-,-,2025-09-14 10:20:03,14/09/2025 10:20,-,-,-,-,-,-,-
1936582,Vendedor - Nova Encomenda,1,-,-,2025-09-10 18:06:00,10/09/2025 18:06,-,-,-,-,-,-,-
1936521,Entregas Finalizadas Fora de Manaus,8,-,-,2025-09-11 13:02:37,11/09/2025 13:02,-,-,-,-,-,-,-
1936512,Entregas Finalizadas Fora de Manaus,8,-,-,2025-09-11 17:36:55,11/09/2025 17:36,-,-,-,-,-,-,-
1936416,Entregas Finalizadas Manaus,6,-,-,2025-09-11 19:12:12,11/09/2025 19:12,-,-,-,-,-,-,-
1936361,Entregas Finalizadas Fora de Manaus,8,-,-,2025-09-11 18:38:36,11/09/2025 18:38,-,-,-,-,-,-,-
1936095,Entregas Finalizadas Fora de Manaus,8,-,-,2025-09-11 12:18:53,11/09/2025 12:18,-,-,-,-,-,-,-
1935781,Entregas Finalizadas Manaus,6,-,-,2025-09-10 19:01:51,10/09/2025 19:01,-,-,-,-,-,-,-
1935386,Entregas Finalizadas Manaus,6,-,-,2025-09-10 19:38:57,10/09/2025 19:38,-,-,-,-,-,-,-
1935356,Entregas Finalizadas Fora de Manaus,8,-,-,2025-09-10 17:03:32,10/09/2025 17:03,-,-,-,-,-,-,-
1935108,Logística - Despacho da Encomenda,2,-,00:00 Horas,2025-09-10 16:05:01,10/09/2025 16:05,-,10/09/2025 16:05,-,-,-,-,-
1934885,Entregas Finalizadas Manaus,6,-,-,2025-09-10 20:10:44,10/09/2025 20:10,-,-,-,-,-,-,-
1934723,Logística - Despacho da Encomenda,2,-,00:00 Horas,2025-09-10 16:17:18,10/09/2025 16:17,-,10/09/2025 16:17,-,-,-,-,-
1934632,Entregas Finalizadas Manaus,6,-,-,2025-09-10 17:44:08,10/09/2025 17:44,-,-,-,-,-,-,-
1934603,Vendedor - Nova Encomenda,1,-,-,2025-09-10 13:47:25,10/09/2025 13:47,-,-,-,-,-,-,-
1934539,Entregas Finalizadas Manaus,6,-,-,2025-09-10 18:44:49,10/09/2025 18:44,-,-,-,-,-,-,-
1934304,Entregas Finalizadas Fora de Manaus,8,-,-,2025-09-10 13:38:04,10/09/2025 13:38,-,-,-,-,-,-,-
1934269,Entregas Finalizadas Fora de Manaus,8,-,-,2025-09-10 17:09:38,10/09/2025 17:09,-,-,-,-,-,-,-
1934261,Entregas Finalizadas Fora de Manaus,8,-,-,2025-09-12 12:36:07,12/09/2025 12:36,-,-,-,-,-,-,-
1934249,Entregas Finalizadas Fora de Manaus,8,-,-,2025-09-10 16:51:28,10/09/2025 16:51,-,-,-,-,-,-,-
1934246,Entregas Finalizadas Fora de Manaus,8,-,-,2025-09-11 17:32:52,11/09/2025 17:32,-,-,-,-,-,-,-
1934234,Entregas Finalizadas Fora de Manaus,8,-,-,2025-09-12 13:06:54,12/09/2025 13:06,-,-,-,-,-,-,-
1934217,Entregas Finalizadas Fora de Manaus,8,-,-,2025-09-10 16:55:27,10/09/2025 16:55,-,-,-,-,-,-,-
1934213,Entregas Finalizadas Fora de Manaus,8,-,-,2025-09-10 16:53:11,10/09/2025 16:53,-,-,-,-,-,-,-
1934208,Entregas Finalizadas Fora de Manaus,8,-,-,2025-09-11 13:25:25,11/09/2025 13:25,-,-,-,-,-,-,-
1934126,Entregas Finalizadas Fora de Manaus,8,-,-,2025-09-10 14:56:24,10/09/2025 14:56,-,-,-,-,-,-,-
1933813,Entregas Finalizadas Fora de Manaus,8,-,-,2025-09-10 17:35:51,10/09/2025 17:35,-,-,-,-,-,-,-
1933812,Entregas Finalizadas Manaus,6,-,-,2025-09-10 14:06:34,10/09/2025 14:06,-,-,-,-,-,-,-
1933696,Entregas Finalizadas Fora de Manaus,8,-,-,2025-09-11 13:35:54,11/09/2025 13:35,-,-,-,-,-,-,-
1933572,Entregas Finalizadas Fora de Manaus,8,-,-,2025-09-10 10:36:18,10/09/2025 10:36,-,-,-,-,-,-,-
1933534,Entregas Finalizadas Manaus,6,-,-,2025-09-10 12:43:43,10/09/2025 12:43,-,-,-,-,-,-,-
1933411,Entregas Finalizadas Fora de Manaus,8,-,-,2025-09-12 12:30:51,12/09/2025 12:30,-,-,-,-,-,-,-
1933391,Entregas Finalizadas Fora de Manaus,8,-,-,2025-09-10 18:03:01,10/09/2025 18:03,-,-,-,-,-,-,-
1933362,Entregas Finalizadas Fora de Manaus,8,-,-,2025-09-10 14:48:20,10/09/2025 14:48,-,-,-,-,-,-,-
1933070,Entregas Finalizadas Fora de Manaus,8,-,-,2025-09-10 17:42:12,10/09/2025 17:42,-,-,-,-,-,-,-
1933068,Vendedor - Nova Encomenda,1,-,-,2025-09-09 21:46:04,09/09/2025 21:46,-,-,-,-,-,-,-
1933065,Entregas Finalizadas Manaus,6,-,-,2025-09-10 14:41:42,10/09/2025 14:41,-,-,-,-,-,-,-
1933051,Entregas Finalizadas Manaus,6,-,-,2025-09-10 11:08:14,10/09/2025 11:08,-,-,-,-,-,-,-
1933033,Vendedor - Nova Encomenda,1,-,-,2025-09-09 19:50:00,09/09/2025 19:50,-,-,-,-,-,-,-
1932980,Entregas Finalizadas Fora de Manaus,8,-,-,2025-09-10 15:02:19,10/09/2025 15:02,-,-,-,-,-,-,-
1932974,Entregas Finalizadas Fora de Manaus,8,-,-,2025-09-10 17:45:27,10/09/2025 17:45,-,-,-,-,-,-,-
1932931,Vendedor - Nova Encomenda,1,-,-,2025-09-09 17:33:48,09/09/2025 17:33,-,-,-,-,-,-,-
1932923,Entregas Finalizadas Fora de Manaus,8,-,-,2025-09-11 13:00:22,11/09/2025 13:00,-,-,-,-,-,-,-
1932901,Entregas Finalizadas Fora de Manaus,8,-,-,2025-09-11 17:55:26,11/09/2025 17:55,-,-,-,-,-,-,-
1932887,Vendedor - Nova Encomenda,1,-,-,2025-09-09 17:11:42,09/09/2025 17:11,-,-,-,-,-,-,-
1932823,Entregas Finalizadas Fora de Manaus,8,-,-,2025-09-10 16:49:53,10/09/2025 16:49,-,-,-,-,-,-,-
1932812,Entregas Finalizadas Fora de Manaus,8,-,-,2025-09-10 17:49:17,10/09/2025 17:49,-,-,-,-,-,-,-
1932763,Logística - Despacho da Encomenda,2,-,00:00 Horas,2025-09-10 13:59:32,10/09/2025 13:59,-,10/09/2025 13:59,-,-,-,-,-
1932745,Entregas Finalizadas Manaus,6,-,-,2025-09-10 13:33:56,10/09/2025 13:33,-,-,-,-,-,-,-
1932742,Entregas Finalizadas Fora de Manaus,8,-,-,2025-09-11 17:37:01,11/09/2025 17:37,-,-,-,-,-,-,-
1932727,Vendedor - Nova Encomenda,1,-,-,2025-09-09 15:52:01,09/09/2025 15:52,-,-,-,-,-,-,-
1932670,Entregas Finalizadas Manaus,6,-,-,2025-09-10 17:14:15,10/09/2025 17:14,-,-,-,-,-,-,-
1932629,Entregas Finalizadas Manaus,6,-,-,2025-09-09 16:43:44,09/09/2025 16:43,-,-,-,-,-,-,-
1932599,Entregas Finalizadas Fora de Manaus,8,-,-,2025-09-12 17:51:04,12/09/2025 17:51,-,-,-,-,-,-,-
1932587,Vendedor - Nova Encomenda,1,-,-,2025-09-09 14:31:10,09/09/2025 14:31,-,-,-,-,-,-,-
1932578,Entregas Finalizadas Fora de Manaus,8,-,-,2025-09-10 18:06:19,10/09/2025 18:06,-,-,-,-,-,-,-
1932541,Entregas Finalizadas Manaus,6,-,-,2025-09-10 08:10:20,10/09/2025 08:10,-,-,-,-,-,-,-
1932521,Entregas Finalizadas Fora de Manaus,8,-,-,2025-09-09 17:22:19,09/09/2025 17:22,-,-,-,-,-,-,-
1932505,Entregas Finalizadas Fora de Manaus,8,-,-,2025-09-15 12:46:52,15/09/2025 12:46,-,-,-,-,-,-,-
1932474,Vendedor - Nova Encomenda,1,-,-,2025-09-09 13:37:28,09/09/2025 13:37,-,-,-,-,-,-,-
1932469,Entregas Finalizadas Fora de Manaus,8,-,-,2025-09-09 16:44:26,09/09/2025 16:44,-,-,-,-,-,-,-
1932453,Entregas Finalizadas Manaus,6,-,-,2025-09-09 17:29:22,09/09/2025 17:29,-,-,-,-,-,-,-
1932377,Entregas Finalizadas Manaus,6,-,-,2025-09-09 17:48:54,09/09/2025 17:48,-,-,-,-,-,-,-
1932335,Entregas Finalizadas Fora de Manaus,8,-,-,2025-09-10 14:32:10,10/09/2025 14:32,-,-,-,-,-,-,-
1932324,Entregas Finalizadas Fora de Manaus,8,-,-,2025-09-10 13:36:08,10/09/2025 13:36,-,-,-,-,-,-,-
1932293,Entregas Finalizadas Fora de Manaus,8,-,-,2025-09-09 12:57:34,09/09/2025 12:57,-,-,-,-,-,-,-
1932280,Entregas Finalizadas Fora de Manaus,8,-,-,2025-09-10 17:32:46,10/09/2025 17:32,-,-,-,-,-,-,-
1932278,Entregas Finalizadas Fora de Manaus,8,-,-,2025-09-10 14:04:47,10/09/2025 14:04,-,-,-,-,-,-,-
1932267,Entregas Finalizadas Fora de Manaus,8,-,-,2025-09-09 17:26:14,09/09/2025 17:26,-,-,-,-,-,-,-
1932214,Entregas Finalizadas Fora de Manaus,8,-,-,2025-09-10 14:14:54,10/09/2025 14:14,-,-,-,-,-,-,-
1932174,Entregas Finalizadas Fora de Manaus,8,-,-,2025-09-09 15:37:31,09/09/2025 15:37,-,-,-,-,-,-,-
1932150,Vendedor - Nova Encomenda,1,-,-,2025-09-09 10:48:00,09/09/2025 10:48,-,-,-,-,-,-,-
1932067,Entregas Finalizadas Fora de Manaus,8,-,-,2025-09-10 14:03:00,10/09/2025 14:03,-,-,-,-,-,-,-
1932055,Entregas Finalizadas Fora de Manaus,8,-,-,2025-09-09 19:45:33,09/09/2025 19:45,-,-,-,-,-,-,-
1932052,Entregas Finalizadas Fora de Manaus,8,-,-,2025-09-10 13:42:00,10/09/2025 13:42,-,-,-,-,-,-,-
1932045,Entregas Finalizadas Fora de Manaus,8,-,-,2025-09-09 13:40:03,09/09/2025 13:40,-,-,-,-,-,-,-
1932041,Entregas Finalizadas Fora de Manaus,8,-,-,2025-09-09 13:07:20,09/09/2025 13:07,-,-,-,-,-,-,-
1932017,Vendedor - Nova Encomenda,1,-,-,2025-09-09 09:42:31,09/09/2025 09:42,-,-,-,-,-,-,-
1931991,Entregas Finalizadas Manaus,6,-,-,2025-09-09 13:22:46,09/09/2025 13:22,-,-,-,-,-,-,-
1931962,Logística - Despacho da Encomenda,2,-,00:00 Horas,2025-09-09 15:54:13,09/09/2025 15:54,-,09/09/2025 15:54,-,-,-,-,-
1931850,Entregas Finalizadas Fora de Manaus,8,-,-,2025-09-09 13:09:25,09/09/2025 13:09,-,-,-,-,-,-,-
1931737,Entregas Finalizadas Fora de Manaus,8,-,-,2025-09-09 13:43:29,09/09/2025 13:43,-,-,-,-,-,-,-
1931721,Entregas Finalizadas Fora de Manaus,8,-,-,2025-09-10 13:18:11,10/09/2025 13:18,-,-,-,-,-,-,-
1931716,Entregas Finalizadas Fora de Manaus,8,-,-,2025-09-09 17:10:20,09/09/2025 17:10,-,-,-,-,-,-,-
1931710,Entregas Finalizadas Fora de Manaus,8,-,-,2025-09-09 13:31:19,09/09/2025 13:31,-,-,-,-,-,-,-
1931699,Entregas Finalizadas Fora de Manaus,8,-,-,2025-09-09 13:46:49,09/09/2025 13:46,-,-,-,-,-,-,-
1931694,Entregas Finalizadas Fora de Manaus,8,-,-,2025-09-09 19:39:12,09/09/2025 19:39,-,-,-,-,-,-,-
1931690,Entregas Finalizadas Fora de Manaus,8,-,-,2025-09-10 13:53:39,10/09/2025 13:53,-,-,-,-,-,-,-
1931643,Entregas Finalizadas Fora de Manaus,8,-,-,2025-09-09 13:10:51,09/09/2025 13:10,-,-,-,-,-,-,-
1931521,Entregas Finalizadas Fora de Manaus,8,-,-,2025-09-09 17:37:12,09/09/2025 17:37,-,-,-,-,-,-,-
1931193,Entregas Finalizadas Fora de Manaus,8,-,-,2025-09-09 13:45:02,09/09/2025 13:45,-,-,-,-,-,-,-
1931068,Entregas Finalizadas Manaus,6,-,-,2025-09-08 16:47:16,08/09/2025 16:47,-,-,-,-,-,-,-
1930997,Entregas Finalizadas Fora de Manaus,8,-,-,2025-09-08 16:43:45,08/09/2025 16:43,-,-,-,-,-,-,-
1930926,Entregas Finalizadas Manaus,6,-,-,2025-09-09 17:05:38,09/09/2025 17:05,-,-,-,-,-,-,-
1930822,Entregas Finalizadas Fora de Manaus,8,-,-,2025-09-08 17:22:48,08/09/2025 17:22,-,-,-,-,-,-,-
1930816,Entregas Finalizadas Manaus,6,-,-,2025-09-08 17:17:07,08/09/2025 17:17,-,-,-,-,-,-,-
1930789,Entregas Finalizadas Fora de Manaus,8,-,-,2025-09-08 16:56:41,08/09/2025 16:56,-,-,-,-,-,-,-
1930784,Entregas Finalizadas Fora de Manaus,8,-,-,2025-09-08 16:28:58,08/09/2025 16:28,-,-,-,-,-,-,-
1930740,Vendedor - Nova Encomenda,1,-,-,2025-09-08 10:43:15,08/09/2025 10:43,-,-,-,-,-,-,-
1930590,Entregas Finalizadas Fora de Manaus,8,-,-,2025-09-09 13:28:57,09/09/2025 13:28,-,-,-,-,-,-,-
1930372,Entregas Finalizadas Fora de Manaus,8,-,-,2025-09-09 13:36:57,09/09/2025 13:36,-,-,-,-,-,-,-
1930337,Entregas Finalizadas Fora de Manaus,8,-,-,2025-09-08 17:16:00,08/09/2025 17:16,-,-,-,-,-,-,-
1930310,Entregas Finalizadas Fora de Manaus,8,-,-,2025-09-08 17:58:00,08/09/2025 17:58,-,-,-,-,-,-,-
1930209,Canceladas,X,lojaedu@mondellebrasil.com.br,-,2025-09-08 09:49:08,08/09/2025 09:49,-,-,-,-,-,-,-
1929734,Entregas Finalizadas Manaus,6,-,-,2025-09-10 16:41:35,10/09/2025 16:41,-,-,-,-,-,-,-
1929674,Entregas Finalizadas Manaus,6,-,-,2025-09-06 14:02:34,06/09/2025 14:02,-,-,-,-,-,-,-
1929666,Entregas Finalizadas Fora de Manaus,8,-,-,2025-09-07 12:28:21,07/09/2025 12:28,-,-,-,-,-,-,-
1929658,Entregas Finalizadas Manaus,6,-,-,2025-09-06 13:43:38,06/09/2025 13:43,-,-,-,-,-,-,-
1929637,Entregas Finalizadas Manaus,6,-,-,2025-09-06 17:12:14,06/09/2025 17:12,-,-,-,-,-,-,-
1929609,Entregas Finalizadas Fora de Manaus,8,-,-,2025-09-09 12:53:29,09/09/2025 12:53,-,-,-,-,-,-,-
1929604,Entregas Finalizadas Manaus,6,-,-,2025-09-06 14:50:30,06/09/2025 14:50,-,-,-,-,-,-,-
1929598,Entregas Finalizadas Fora de Manaus,8,-,-,2025-09-06 12:44:04,06/09/2025 12:44,-,-,-,-,-,-,-
1929586,Entregas Finalizadas Manaus,6,-,-,2025-09-06 13:14:38,06/09/2025 13:14,-,-,-,-,-,-,-
1929584,Entregas Finalizadas Fora de Manaus,8,-,-,2025-09-07 12:25:49,07/09/2025 12:25,-,-,-,-,-,-,-
1928720,Entregas Finalizadas Fora de Manaus,8,-,-,2025-09-06 12:57:00,06/09/2025 12:57,-,-,-,-,-,-,-
1928715,Entregas Finalizadas Fora de Manaus,8,-,-,2025-09-08 17:53:53,08/09/2025 17:53,-,-,-,-,-,-,-
1928567,Entregas Finalizadas Fora de Manaus,8,-,-,2025-09-06 12:47:32,06/09/2025 12:47,-,-,-,-,-,-,-
1928553,Entregas Finalizadas Manaus,6,-,-,2025-09-05 13:40:25,05/09/2025 13:40,-,-,-,-,-,-,-
1928533,Entregas Finalizadas Manaus,6,-,-,2025-09-05 13:04:13,05/09/2025 13:04,-,-,-,-,-,-,-
1928521,Entregas Finalizadas Manaus,6,-,-,2025-09-05 19:24:41,05/09/2025 19:24,-,-,-,-,-,-,-
1928505,Entregas Finalizadas Manaus,6,-,-,2025-09-05 13:22:25,05/09/2025 13:22,-,-,-,-,-,-,-
1928478,Entregas Finalizadas Manaus,6,-,-,2025-09-06 13:22:54,06/09/2025 13:22,-,-,-,-,-,-,-
1928460,Entregas Finalizadas Fora de Manaus,8,-,-,2025-09-06 11:37:58,06/09/2025 11:37,-,-,-,-,-,-,-
1928446,Entregas Finalizadas Fora de Manaus,8,-,-,2025-09-08 11:51:31,08/09/2025 11:51,-,-,-,-,-,-,-
1928301,Entregas Finalizadas Fora de Manaus,8,-,-,2025-09-05 20:42:57,05/09/2025 20:42,-,-,-,-,-,-,-
1928292,Entregas Finalizadas Fora de Manaus,8,-,-,2025-09-05 13:50:11,05/09/2025 13:50,-,-,-,-,-,-,-
1928280,Entregas Finalizadas Fora de Manaus,8,-,-,2025-09-05 13:22:38,05/09/2025 13:22,-,-,-,-,-,-,-
1927930,Entregas Finalizadas Fora de Manaus,8,-,-,2025-09-08 20:31:59,08/09/2025 20:31,-,-,-,-,-,-,-
1927926,Vendedor - Nova Encomenda,1,-,-,2025-09-04 18:52:26,04/09/2025 18:52,-,-,-,-,-,-,-
1927909,Entregas Finalizadas Fora de Manaus,8,-,-,2025-09-06 12:46:24,06/09/2025 12:46,-,-,-,-,-,-,-
1927907,Vendedor - Nova Encomenda,1,-,-,2025-09-04 18:26:47,04/09/2025 18:26,-,-,-,-,-,-,-
1927904,Entregas Finalizadas Fora de Manaus,8,-,-,2025-09-08 13:26:45,08/09/2025 13:26,-,-,-,-,-,-,-
1927900,Entregas Finalizadas Manaus,6,-,-,2025-09-05 12:47:29,05/09/2025 12:47,-,-,-,-,-,-,-
1927898,Entregas Finalizadas Fora de Manaus,8,-,-,2025-09-08 17:40:10,08/09/2025 17:40,-,-,-,-,-,-,-
1927893,Vendedor - Nova Encomenda,1,-,-,2025-09-04 18:18:54,04/09/2025 18:18,-,-,-,-,-,-,-
1927867,Entregas Finalizadas Fora de Manaus,8,-,-,2025-09-06 13:15:02,06/09/2025 13:15,-,-,-,-,-,-,-
1927862,Entregas Finalizadas Fora de Manaus,8,-,-,2025-09-05 12:20:57,05/09/2025 12:20,-,-,-,-,-,-,-
1927857,Vendedor - Nova Encomenda,1,-,-,2025-09-04 17:48:24,04/09/2025 17:48,-,-,-,-,-,-,-
1927840,Entregas Finalizadas Fora de Manaus,8,-,-,2025-09-08 13:19:05,08/09/2025 13:19,-,-,-,-,-,-,-
1927830,Vendedor - Nova Encomenda,1,-,-,2025-09-04 17:29:14,04/09/2025 17:29,-,-,-,-,-,-,-
1927817,Entregas Finalizadas Fora de Manaus,8,-,-,2025-09-05 20:44:39,05/09/2025 20:44,-,-,-,-,-,-,-
1927795,Entregas Finalizadas Fora de Manaus,8,-,-,2025-09-05 12:22:07,05/09/2025 12:22,-,-,-,-,-,-,-
1927779,Entregas Finalizadas Fora de Manaus,8,-,-,2025-09-05 20:46:36,05/09/2025 20:46,-,-,-,-,-,-,-
1927734,Entregas Finalizadas Fora de Manaus,8,-,-,2025-09-08 20:30:07,08/09/2025 20:30,-,-,-,-,-,-,-
1927712,Entregas Finalizadas Fora de Manaus,8,-,-,2025-09-05 20:53:40,05/09/2025 20:53,-,-,-,-,-,-,-
1927710,Entregas Finalizadas Fora de Manaus,8,-,-,2025-09-08 16:54:28,08/09/2025 16:54,-,-,-,-,-,-,-
1927648,Entregas Finalizadas Manaus,6,-,-,2025-09-05 12:57:58,05/09/2025 12:57,-,-,-,-,-,-,-
1927552,Entregas Finalizadas Fora de Manaus,8,-,-,2025-09-05 13:48:51,05/09/2025 13:48,-,-,-,-,-,-,-
1927496,Entregas Finalizadas Fora de Manaus,8,-,-,2025-09-05 20:40:37,05/09/2025 20:40,-,-,-,-,-,-,-
1927491,Entregas Finalizadas Manaus,6,-,-,2025-09-06 15:39:21,06/09/2025 15:39,-,-,-,-,-,-,-
1927470,Entregas Finalizadas Fora de Manaus,8,-,-,2025-09-05 13:23:29,05/09/2025 13:23,-,-,-,-,-,-,-
1927441,Entregas Finalizadas Manaus,6,-,-,2025-09-04 17:15:49,04/09/2025 17:15,-,-,-,-,-,-,-
1927414,Entregas Finalizadas Manaus,6,-,-,2025-09-05 12:38:20,05/09/2025 12:38,-,-,-,-,-,-,-
1927381,Entregas Finalizadas Fora de Manaus,8,-,-,2025-09-04 17:13:47,04/09/2025 17:13,-,-,-,-,-,-,-
1927308,Entregas Finalizadas Manaus,6,-,-,2025-09-04 17:40:55,04/09/2025 17:40,-,-,-,-,-,-,-
1927006,Entregas Finalizadas Manaus,6,-,-,2025-09-05 20:48:15,05/09/2025 20:48,-,-,-,-,-,-,-
1927004,Vendedor - Nova Encomenda,1,-,-,2025-09-04 13:17:45,04/09/2025 13:17,-,-,-,-,-,-,-
1926991,Entregas Finalizadas Fora de Manaus,8,-,-,2025-09-04 17:48:53,04/09/2025 17:48,-,-,-,-,-,-,-
1926966,Entregas Finalizadas Manaus,6,-,-,2025-09-04 17:50:49,04/09/2025 17:50,-,-,-,-,-,-,-
1926959,Entregas Finalizadas Fora de Manaus,8,-,-,2025-09-04 18:02:49,04/09/2025 18:02,-,-,-,-,-,-,-
1926916,Entregas Finalizadas Fora de Manaus,8,-,-,2025-09-08 17:43:16,08/09/2025 17:43,-,-,-,-,-,-,-
1926882,Entregas Finalizadas Manaus,6,-,-,2025-09-04 18:53:25,04/09/2025 18:53,-,-,-,-,-,-,-
1926866,Entregas Finalizadas Manaus,6,-,-,2025-09-04 18:51:50,04/09/2025 18:51,-,-,-,-,-,-,-
1926858,Entregas Finalizadas Manaus,6,-,-,2025-09-04 18:02:34,04/09/2025 18:02,-,-,-,-,-,-,-
1926855,Entregas Finalizadas Fora de Manaus,8,-,-,2025-09-04 17:23:29,04/09/2025 17:23,-,-,-,-,-,-,-
1926847,Entregas Finalizadas Manaus,6,-,-,2025-09-05 10:43:36,05/09/2025 10:43,-,-,-,-,-,-,-
1926759,Entregas Finalizadas Manaus,6,-,-,2025-09-04 17:32:43,04/09/2025 17:32,-,-,-,-,-,-,-
1926734,Entregas Finalizadas Manaus,6,-,-,2025-09-04 17:25:29,04/09/2025 17:25,-,-,-,-,-,-,-
1926729,Entregas Finalizadas Manaus,6,-,-,2025-09-04 14:05:10,04/09/2025 14:05,-,-,-,-,-,-,-
1926670,Vendedor - Nova Encomenda,1,-,-,2025-09-04 10:55:33,04/09/2025 10:55,-,-,-,-,-,-,-
1926619,Entregas Finalizadas Fora de Manaus,8,-,-,2025-09-08 14:37:10,08/09/2025 14:37,-,-,-,-,-,-,-
1926613,Entregas Finalizadas Manaus,6,-,-,2025-09-04 16:38:04,04/09/2025 16:38,-,-,-,-,-,-,-
1926577,Entregas Finalizadas Fora de Manaus,8,-,-,2025-09-05 13:21:37,05/09/2025 13:21,-,-,-,-,-,-,-
1926573,Entregas Finalizadas Fora de Manaus,8,-,-,2025-09-09 15:33:40,09/09/2025 15:33,-,-,-,-,-,-,-
1926529,Entregas Finalizadas Manaus,6,-,-,2025-09-04 13:41:08,04/09/2025 13:41,-,-,-,-,-,-,-
1926084,Entregas Finalizadas Manaus,6,-,-,2025-09-05 13:25:47,05/09/2025 13:25,-,-,-,-,-,-,-
1925997,Entregas Finalizadas Manaus,6,-,-,2025-09-04 18:39:04,04/09/2025 18:39,-,-,-,-,-,-,-
1925995,Entregas Finalizadas Fora de Manaus,8,-,-,2025-09-06 13:13:24,06/09/2025 13:13,-,-,-,-,-,-,-
1925987,Entregas Finalizadas Manaus,6,-,-,2025-09-04 17:58:07,04/09/2025 17:58,-,-,-,-,-,-,-
1925977,Entregas Finalizadas Fora de Manaus,8,-,-,2025-09-04 13:24:54,04/09/2025 13:24,-,-,-,-,-,-,-
1925974,Entregas Finalizadas Fora de Manaus,8,-,-,2025-09-09 13:33:07,09/09/2025 13:33,-,-,-,-,-,-,-
1925972,Entregas Finalizadas Manaus,6,-,-,2025-09-04 14:42:46,04/09/2025 14:42,-,-,-,-,-,-,-
1925953,Entregas Finalizadas Fora de Manaus,8,-,-,2025-09-04 17:46:30,04/09/2025 17:46,-,-,-,-,-,-,-
1925950,Vendedor - Nova Encomenda,1,-,-,2025-09-03 17:40:13,03/09/2025 17:40,-,-,-,-,-,-,-
1925947,Entregas Finalizadas Fora de Manaus,8,-,-,2025-09-04 17:27:29,04/09/2025 17:27,-,-,-,-,-,-,-
1925712,Vendedor - Nova Encomenda,1,-,-,2025-09-03 15:44:04,03/09/2025 15:44,-,-,-,-,-,-,-
1925651,Entregas Finalizadas Fora de Manaus,8,-,-,2025-09-04 15:42:11,04/09/2025 15:42,-,-,-,-,-,-,-
1925557,Entregas Finalizadas Fora de Manaus,8,-,-,2025-09-03 17:16:50,03/09/2025 17:16,-,-,-,-,-,-,-
1925443,Entregas Finalizadas Fora de Manaus,8,-,-,2025-09-05 20:56:19,05/09/2025 20:56,-,-,-,-,-,-,-
1925441,Entregas Finalizadas Manaus,6,-,-,2025-09-03 21:25:59,03/09/2025 21:25,-,-,-,-,-,-,-
1925434,Entregas Finalizadas Manaus,6,-,-,2025-09-03 17:14:11,03/09/2025 17:14,-,-,-,-,-,-,-
1925134,Entregas Finalizadas Fora de Manaus,8,-,-,2025-09-03 17:24:47,03/09/2025 17:24,-,-,-,-,-,-,-
1924569,Entregas Finalizadas Manaus,6,-,-,2025-09-03 17:21:10,03/09/2025 17:21,-,-,-,-,-,-,-
1924545,Vendedor - Nova Encomenda,1,-,-,2025-09-03 12:50:36,03/09/2025 12:50,-,-,-,-,-,-,-
1924542,Entregas Finalizadas Fora de Manaus,8,-,-,2025-09-03 16:36:55,03/09/2025 16:36,-,-,-,-,-,-,-
1924537,Vendedor - Nova Encomenda,1,-,-,2025-09-03 12:42:08,03/09/2025 12:42,-,-,-,-,-,-,-
1924520,Entregas Finalizadas Fora de Manaus,8,-,-,2025-09-03 18:09:40,03/09/2025 18:09,-,-,-,-,-,-,-
1924503,Vendedor - Nova Encomenda,1,-,-,2025-09-03 12:16:33,03/09/2025 12:16,-,-,-,-,-,-,-
1924498,Vendedor - Nova Encomenda,1,-,-,2025-09-03 12:11:03,03/09/2025 12:11,-,-,-,-,-,-,-
1924443,Entregas Finalizadas Fora de Manaus,8,-,-,2025-09-03 17:10:59,03/09/2025 17:10,-,-,-,-,-,-,-
1924440,Entregas Finalizadas Fora de Manaus,8,-,-,2025-09-03 15:40:40,03/09/2025 15:40,-,-,-,-,-,-,-
1924418,Vendedor - Nova Encomenda,1,-,-,2025-09-03 11:39:07,03/09/2025 11:39,-,-,-,-,-,-,-
1924401,Entregas Finalizadas Fora de Manaus,8,-,-,2025-09-03 16:38:16,03/09/2025 16:38,-,-,-,-,-,-,-
1924371,Entregas Finalizadas Fora de Manaus,8,-,-,2025-09-03 16:44:46,03/09/2025 16:44,-,-,-,-,-,-,-
1923729,Entregas Finalizadas Manaus,6,-,-,2025-09-03 15:14:25,03/09/2025 15:14,-,-,-,-,-,-,-
1923715,Entregas Finalizadas Fora de Manaus,8,-,-,2025-09-03 15:32:27,03/09/2025 15:32,-,-,-,-,-,-,-
1923651,Entregas Finalizadas Fora de Manaus,8,-,-,2025-09-03 15:36:07,03/09/2025 15:36,-,-,-,-,-,-,-
1923520,Entregas Finalizadas Manaus,6,-,-,2025-09-03 14:51:44,03/09/2025 14:51,-,-,-,-,-,-,-
1923503,Entregas Finalizadas Fora de Manaus,8,-,-,2025-09-03 15:54:28,03/09/2025 15:54,-,-,-,-,-,-,-
1923373,Vendedor - Nova Encomenda,1,-,-,2025-09-02 21:27:24,02/09/2025 21:27,-,-,-,-,-,-,-
1923347,Vendedor - Nova Encomenda,1,-,-,2025-09-02 20:38:28,02/09/2025 20:38,-,-,-,-,-,-,-
1923276,Entregas Finalizadas Fora de Manaus,8,-,-,2025-09-03 17:37:25,03/09/2025 17:37,-,-,-,-,-,-,-
1923266,Vendedor - Nova Encomenda,1,-,-,2025-09-02 18:08:42,02/09/2025 18:08,-,-,-,-,-,-,-
1923264,Entregas Finalizadas Manaus,6,-,-,2025-09-03 17:40:41,03/09/2025 17:40,-,-,-,-,-,-,-
1923257,Vendedor - Nova Encomenda,1,-,-,2025-09-02 18:04:23,02/09/2025 18:04,-,-,-,-,-,-,-
1923230,Entregas Finalizadas Fora de Manaus,8,-,-,2025-09-03 15:39:03,03/09/2025 15:39,-,-,-,-,-,-,-
1923180,Entregas Finalizadas Fora de Manaus,8,-,-,2025-09-04 17:09:44,04/09/2025 17:09,-,-,-,-,-,-,-
1923168,Entregas Finalizadas Manaus,6,-,-,2025-09-03 14:32:02,03/09/2025 14:32,-,-,-,-,-,-,-
1923143,Vendedor - Nova Encomenda,1,-,-,2025-09-02 16:54:00,02/09/2025 16:54,-,-,-,-,-,-,-
1923136,Entregas Finalizadas Fora de Manaus,8,-,-,2025-09-03 17:15:19,03/09/2025 17:15,-,-,-,-,-,-,-
1923123,Entregas Finalizadas Fora de Manaus,8,-,-,2025-09-03 16:40:56,03/09/2025 16:40,-,-,-,-,-,-,-
1923114,Entregas Finalizadas Fora de Manaus,8,-,-,2025-09-08 17:50:34,08/09/2025 17:50,-,-,-,-,-,-,-
1923081,Entregas Finalizadas Manaus,6,-,-,2025-09-02 17:05:09,02/09/2025 17:05,-,-,-,-,-,-,-
1923073,Entregas Finalizadas Fora de Manaus,8,-,-,2025-09-03 15:52:13,03/09/2025 15:52,-,-,-,-,-,-,-
1923064,Vendedor - Nova Encomenda,1,-,-,2025-09-02 16:17:37,02/09/2025 16:17,-,-,-,-,-,-,-
1923026,Entregas Finalizadas Fora de Manaus,8,-,-,2025-09-03 15:45:28,03/09/2025 15:45,-,-,-,-,-,-,-
1923005,Entregas Finalizadas Fora de Manaus,8,-,-,2025-09-03 13:51:37,03/09/2025 13:51,-,-,-,-,-,-,-
1922889,Entregas Finalizadas Fora de Manaus,8,-,-,2025-09-02 16:57:38,02/09/2025 16:57,-,-,-,-,-,-,-
1922887,Entregas Finalizadas Fora de Manaus,8,-,-,2025-09-02 17:12:51,02/09/2025 17:12,-,-,-,-,-,-,-
1922617,Vendedor - Nova Encomenda,1,-,-,2025-09-02 14:13:46,02/09/2025 14:13,-,-,-,-,-,-,-
1922555,Entregas Finalizadas Fora de Manaus,8,-,-,2025-09-02 17:53:42,02/09/2025 17:53,-,-,-,-,-,-,-
1922410,Entregas Finalizadas Manaus,6,-,-,2025-09-02 16:44:46,02/09/2025 16:44,-,-,-,-,-,-,-
1922407,Entregas Finalizadas Fora de Manaus,8,-,-,2025-09-03 13:08:55,03/09/2025 13:08,-,-,-,-,-,-,-
1922404,Entregas Finalizadas Fora de Manaus,8,-,-,2025-09-02 20:04:51,02/09/2025 20:04,-,-,-,-,-,-,-
1922400,Entregas Finalizadas Fora de Manaus,8,-,-,2025-09-02 17:16:56,02/09/2025 17:16,-,-,-,-,-,-,-
1922370,Entregas Finalizadas Fora de Manaus,8,-,-,2025-09-03 15:50:09,03/09/2025 15:50,-,-,-,-,-,-,-
1922368,Entregas Finalizadas Fora de Manaus,8,-,-,2025-09-03 21:24:26,03/09/2025 21:24,-,-,-,-,-,-,-
1922360,Vendedor - Nova Encomenda,1,-,-,2025-09-02 12:36:53,02/09/2025 12:36,-,-,-,-,-,-,-
1922357,Entregas Finalizadas Manaus,6,-,-,2025-09-02 16:52:23,02/09/2025 16:52,-,-,-,-,-,-,-
1922342,Entregas Finalizadas Manaus,6,-,-,2025-09-02 15:27:06,02/09/2025 15:27,-,-,-,-,-,-,-
1922337,Entregas Finalizadas Fora de Manaus,8,-,-,2025-09-08 17:19:16,08/09/2025 17:19,-,-,-,-,-,-,-
1922324,Entregas Finalizadas Fora de Manaus,8,-,-,2025-09-02 15:32:43,02/09/2025 15:32,-,-,-,-,-,-,-
1922301,Entregas Finalizadas Fora de Manaus,8,-,-,2025-09-03 16:48:15,03/09/2025 16:48,-,-,-,-,-,-,-
1922290,Entregas Finalizadas Manaus,6,-,-,2025-09-02 14:48:37,02/09/2025 14:48,-,-,-,-,-,-,-
1922283,Entregas Finalizadas Fora de Manaus,8,-,-,2025-09-08 13:29:16,08/09/2025 13:29,-,-,-,-,-,-,-
1922254,Entregas Finalizadas Fora de Manaus,8,-,-,2025-09-02 20:18:38,02/09/2025 20:18,-,-,-,-,-,-,-
1922247,Entregas Finalizadas Fora de Manaus,8,-,-,2025-09-02 16:58:37,02/09/2025 16:58,-,-,-,-,-,-,-
1922211,Entregas Finalizadas Manaus,6,-,-,2025-09-02 17:19:48,02/09/2025 17:19,-,-,-,-,-,-,-
1922204,Entregas Finalizadas Fora de Manaus,8,-,-,2025-09-02 20:06:16,02/09/2025 20:06,-,-,-,-,-,-,-
1922197,Entregas Finalizadas Manaus,6,-,-,2025-09-02 19:50:33,02/09/2025 19:50,-,-,-,-,-,-,-
1922177,Entregas Finalizadas Manaus,6,-,-,2025-09-02 17:45:30,02/09/2025 17:45,-,-,-,-,-,-,-
1922166,Entregas Finalizadas Manaus,6,-,-,2025-09-03 14:47:46,03/09/2025 14:47,-,-,-,-,-,-,-
1922100,Entregas Finalizadas Manaus,6,-,-,2025-09-02 17:03:34,02/09/2025 17:03,-,-,-,-,-,-,-
1922098,Vendedor - Nova Encomenda,1,-,-,2025-09-02 10:40:07,02/09/2025 10:40,-,-,-,-,-,-,-
1922094,Entregas Finalizadas Fora de Manaus,8,-,-,2025-09-02 20:23:28,02/09/2025 20:23,-,-,-,-,-,-,-
1922085,Entregas Finalizadas Fora de Manaus,8,-,-,2025-09-02 18:16:25,02/09/2025 18:16,-,-,-,-,-,-,-
1921892,Entregas Finalizadas Manaus,6,-,-,2025-09-02 20:00:59,02/09/2025 20:00,-,-,-,-,-,-,-
1921875,Entregas Finalizadas Fora de Manaus,8,-,-,2025-09-02 21:08:50,02/09/2025 21:08,-,-,-,-,-,-,-
1921778,Entregas Finalizadas Manaus,6,-,-,2025-09-02 13:55:15,02/09/2025 13:55,-,-,-,-,-,-,-
1921696,Entregas Finalizadas Fora de Manaus,8,-,-,2025-09-02 12:44:05,02/09/2025 12:44,-,-,-,-,-,-,-
1921691,Entregas Finalizadas Fora de Manaus,8,-,-,2025-09-02 20:51:40,02/09/2025 20:51,-,-,-,-,-,-,-
1921690,Entregas Finalizadas Fora de Manaus,8,-,-,2025-09-02 20:41:05,02/09/2025 20:41,-,-,-,-,-,-,-
1921674,Entregas Finalizadas Fora de Manaus,8,-,-,2025-09-02 20:38:08,02/09/2025 20:38,-,-,-,-,-,-,-
1921658,Entregas Finalizadas Fora de Manaus,8,-,-,2025-09-02 20:35:23,02/09/2025 20:35,-,-,-,-,-,-,-
1921641,Entregas Finalizadas Fora de Manaus,8,-,-,2025-09-04 16:58:38,04/09/2025 16:58,-,-,-,-,-,-,-
1921632,Vendedor - Nova Encomenda,1,-,-,2025-09-01 17:35:13,01/09/2025 17:35,-,-,-,-,-,-,-
1921601,Entregas Finalizadas Fora de Manaus,8,-,-,2025-09-01 17:38:50,01/09/2025 17:38,-,-,-,-,-,-,-
1921590,Entregas Finalizadas Fora de Manaus,8,-,-,2025-09-02 12:15:05,02/09/2025 12:15,-,-,-,-,-,-,-
1921572,Entregas Finalizadas Fora de Manaus,8,-,-,2025-09-01 21:16:28,01/09/2025 21:16,-,-,-,-,-,-,-
1921564,Entregas Finalizadas Fora de Manaus,8,-,-,2025-09-02 14:50:47,02/09/2025 14:50,-,-,-,-,-,-,-
1921547,Entregas Finalizadas Manaus,6,-,-,2025-09-02 18:17:46,02/09/2025 18:17,-,-,-,-,-,-,-
1921536,Entregas Finalizadas Fora de Manaus,8,-,-,2025-09-02 20:56:54,02/09/2025 20:56,-,-,-,-,-,-,-
1921254,Entregas Finalizadas Fora de Manaus,8,-,-,2025-09-03 15:27:55,03/09/2025 15:27,-,-,-,-,-,-,-
1920792,Entregas Finalizadas Fora de Manaus,8,-,-,2025-09-01 17:48:21,01/09/2025 17:48,-,-,-,-,-,-,-
1920159,Entregas Finalizadas Fora de Manaus,8,-,-,2025-09-02 20:07:39,02/09/2025 20:07,-,-,-,-,-,-,-
1919596,Vendedor - Nova Encomenda,1,-,-,2025-09-01 14:31:12,01/09/2025 14:31,-,-,-,-,-,-,-
1919381,Entregas Finalizadas Fora de Manaus,8,-,-,2025-09-01 21:35:02,01/09/2025 21:35,-,-,-,-,-,-,-
1919310,Entregas Finalizadas Fora de Manaus,8,-,-,2025-09-03 15:33:52,03/09/2025 15:33,-,-,-,-,-,-,-
1919158,Entregas Finalizadas Fora de Manaus,8,-,-,2025-09-01 17:58:58,01/09/2025 17:58,-,-,-,-,-,-,-
1919150,Vendedor - Nova Encomenda,1,-,-,2025-09-01 13:34:26,01/09/2025 13:34,-,-,-,-,-,-,-
1919037,Entregas Finalizadas Fora de Manaus,8,-,-,2025-09-02 21:04:01,02/09/2025 21:04,-,-,-,-,-,-,-
1918952,Entregas Finalizadas Fora de Manaus,8,-,-,2025-09-01 21:22:25,01/09/2025 21:22,-,-,-,-,-,-,-
1918820,Entregas Finalizadas Fora de Manaus,8,-,-,2025-09-02 21:02:34,02/09/2025 21:02,-,-,-,-,-,-,-
1918801,Vendedor - Nova Encomenda,1,-,-,2025-09-01 12:56:33,01/09/2025 12:56,-,-,-,-,-,-,-
1918799,Vendedor - Nova Encomenda,1,-,-,2025-09-01 12:56:08,01/09/2025 12:56,-,-,-,-,-,-,-
1918792,Vendedor - Nova Encomenda,1,-,-,2025-09-01 12:53:00,01/09/2025 12:53,-,-,-,-,-,-,-
1918786,Entregas Finalizadas Fora de Manaus,8,-,-,2025-09-01 17:42:42,01/09/2025 17:42,-,-,-,-,-,-,-
1918775,Entregas Finalizadas Manaus,6,-,-,2025-09-01 17:35:55,01/09/2025 17:35,-,-,-,-,-,-,-
1918773,Vendedor - Nova Encomenda,1,-,-,2025-09-01 12:41:56,01/09/2025 12:41,-,-,-,-,-,-,-
1918763,Entregas Finalizadas Fora de Manaus,8,-,-,2025-09-01 18:12:22,01/09/2025 18:12,-,-,-,-,-,-,-
1918750,Entregas Finalizadas Fora de Manaus,8,-,-,2025-09-01 13:45:08,01/09/2025 13:45,-,-,-,-,-,-,-
1918731,Entregas Finalizadas Fora de Manaus,8,-,-,2025-09-01 21:25:32,01/09/2025 21:25,-,-,-,-,-,-,-
1918726,Entregas Finalizadas Manaus,6,-,-,2025-09-01 15:03:05,01/09/2025 15:03,-,-,-,-,-,-,-
1918711,Entregas Finalizadas Fora de Manaus,8,-,-,2025-09-01 13:43:11,01/09/2025 13:43,-,-,-,-,-,-,-
1918708,Entregas Finalizadas Fora de Manaus,8,-,-,2025-09-01 17:45:49,01/09/2025 17:45,-,-,-,-,-,-,-
1918658,Entregas Finalizadas Fora de Manaus,8,-,-,2025-09-02 12:16:21,02/09/2025 12:16,-,-,-,-,-,-,-
1918646,Entregas Finalizadas Manaus,6,-,-,2025-09-01 14:49:20,01/09/2025 14:49,-,-,-,-,-,-,-
1918635,Entregas Finalizadas Manaus,6,-,-,2025-09-02 09:30:33,02/09/2025 09:30,-,-,-,-,-,-,-
1918621,Entregas Finalizadas Fora de Manaus,8,-,-,2025-09-01 14:48:01,01/09/2025 14:48,-,-,-,-,-,-,-
1918618,Vendedor - Nova Encomenda,1,-,-,2025-09-01 11:22:58,01/09/2025 11:22,-,-,-,-,-,-,-
1918614,Vendedor - Nova Encomenda,1,-,-,2025-09-01 11:21:48,01/09/2025 11:21,-,-,-,-,-,-,-
1918584,Vendedor - Nova Encomenda,1,-,-,2025-09-01 11:09:54,01/09/2025 11:09,-,-,-,-,-,-,-
1918571,Entregas Finalizadas Fora de Manaus,8,-,-,2025-09-01 17:56:36,01/09/2025 17:56,-,-,-,-,-,-,-
1918560,Entregas Finalizadas Fora de Manaus,8,-,-,2025-09-02 13:29:25,02/09/2025 13:29,-,-,-,-,-,-,-
1918554,Entregas Finalizadas Fora de Manaus,8,-,-,2025-09-02 13:31:42,02/09/2025 13:31,-,-,-,-,-,-,-
1918533,Entregas Finalizadas Fora de Manaus,8,-,-,2025-09-01 18:17:18,01/09/2025 18:17,-,-,-,-,-,-,-
1918527,Logística - Despacho da Encomenda,2,-,00:00 Horas,2025-09-01 16:15:53,01/09/2025 16:15,-,01/09/2025 16:15,-,-,-,-,-
1918279,Entregas Finalizadas Fora de Manaus,8,-,-,2025-09-01 13:36:32,01/09/2025 13:36,-,-,-,-,-,-,-
1918218,Entregas Finalizadas Fora de Manaus,8,-,-,2025-09-03 15:30:55,03/09/2025 15:30,-,-,-,-,-,-,-
1918160,Entregas Finalizadas Fora de Manaus,8,-,-,2025-09-02 19:56:01,02/09/2025 19:56,-,-,-,-,-,-,-
1918112,Entregas Finalizadas Fora de Manaus,8,-,-,2025-09-01 13:32:14,01/09/2025 13:32,-,-,-,-,-,-,-
1918010,Entregas Finalizadas Fora de Manaus,8,-,-,2025-09-02 19:51:34,02/09/2025 19:51,-,-,-,-,-,-,-
1918002,Entregas Finalizadas Fora de Manaus,8,-,-,2025-09-02 17:55:13,02/09/2025 17:55,-,-,-,-,-,-,-
1917991,Vendedor - Nova Encomenda,1,-,-,2025-09-01 09:35:12,01/09/2025 09:35,-,-,-,-,-,-,-
1917973,Entregas Finalizadas Fora de Manaus,8,-,-,2025-09-02 20:49:36,02/09/2025 20:49,-,-,-,-,-,-,-
1917971,Entregas Finalizadas Fora de Manaus,8,-,-,2025-09-01 14:18:10,01/09/2025 14:18,-,-,-,-,-,-,-
1917968,Vendedor - Nova Encomenda,1,-,-,2025-09-01 09:23:49,01/09/2025 09:23,-,-,-,-,-,-,-
1917946,Entregas Finalizadas Fora de Manaus,8,-,-,2025-09-01 13:46:15,01/09/2025 13:46,-,-,-,-,-,-,-
1917938,Entregas Finalizadas Fora de Manaus,8,-,-,2025-09-01 13:10:52,01/09/2025 13:10,-,-,-,-,-,-,-
1916833,Entregas Finalizadas Fora de Manaus,8,-,-,2025-09-02 20:45:10,02/09/2025 20:45,-,-,-,-,-,-,-
1916637,Entregas Finalizadas Fora de Manaus,8,-,-,2025-09-01 14:53:13,01/09/2025 14:53,-,-,-,-,-,-,-
1916635,Entregas Finalizadas Fora de Manaus,8,-,-,2025-09-02 21:06:44,02/09/2025 21:06,-,-,-,-,-,-,-
1916632,Entregas Finalizadas Fora de Manaus,8,-,-,2025-09-01 13:25:40,01/09/2025 13:25,-,-,-,-,-,-,-
1916627,Entregas Finalizadas Fora de Manaus,8,-,-,2025-09-01 14:30:07,01/09/2025 14:30,-,-,-,-,-,-,-
1916622,Entregas Finalizadas Fora de Manaus,8,-,-,2025-09-02 20:59:30,02/09/2025 20:59,-,-,-,-,-,-,-
1916614,Entregas Finalizadas Fora de Manaus,8,-,-,2025-09-01 21:45:55,01/09/2025 21:45,-,-,-,-,-,-,-
1916601,Entregas Finalizadas Fora de Manaus,8,-,-,2025-09-01 17:12:33,01/09/2025 17:12,-,-,-,-,-,-,-
1916585,Entregas Finalizadas Fora de Manaus,8,-,-,2025-09-01 14:28:15,01/09/2025 14:28,-,-,-,-,-,-,-
1916583,Entregas Finalizadas Fora de Manaus,8,-,-,2025-09-01 13:26:53,01/09/2025 13:26,-,-,-,-,-,-,-
1916546,Entregas Finalizadas Fora de Manaus,8,-,-,2025-09-01 17:15:28,01/09/2025 17:15,-,-,-,-,-,-,-
1916510,Entregas Finalizadas Fora de Manaus,8,-,-,2025-09-01 13:47:49,01/09/2025 13:47,-,-,-,-,-,-,-
1916500,Entregas Finalizadas Manaus,6,-,-,2025-08-30 12:45:21,30/08/2025 12:45,-,-,-,-,-,-,-
1916485,Entregas Finalizadas Fora de Manaus,8,-,-,2025-09-02 09:25:19,02/09/2025 09:25,-,-,-,-,-,-,-
1916468,Entregas Finalizadas Manaus,6,-,-,2025-08-30 13:40:11,30/08/2025 13:40,-,-,-,-,-,-,-
1916464,Vendedor - Nova Encomenda,1,-,-,2025-08-30 11:40:41,30/08/2025 11:40,-,-,-,-,-,-,-
1916462,Entregas Finalizadas Fora de Manaus,8,-,-,2025-09-01 21:53:15,01/09/2025 21:53,-,-,-,-,-,-,-
1916447,Entregas Finalizadas Fora de Manaus,8,-,-,2025-09-01 17:56:35,01/09/2025 17:56,-,-,-,-,-,-,-
1916429,Entregas Finalizadas Fora de Manaus,8,-,-,2025-08-30 13:47:21,30/08/2025 13:47,-,-,-,-,-,-,-
1916421,Entregas Finalizadas Fora de Manaus,8,-,-,2025-09-02 12:37:58,02/09/2025 12:37,-,-,-,-,-,-,-
1916412,Entregas Finalizadas Manaus,6,-,-,2025-08-30 15:09:21,30/08/2025 15:09,-,-,-,-,-,-,-
1916409,Entregas Finalizadas Manaus,6,-,-,2025-08-30 14:49:40,30/08/2025 14:49,-,-,-,-,-,-,-
1916406,Entregas Finalizadas Fora de Manaus,8,-,-,2025-09-02 21:17:47,02/09/2025 21:17,-,-,-,-,-,-,-
1916404,Entregas Finalizadas Fora de Manaus,8,-,-,2025-08-30 14:19:03,30/08/2025 14:19,-,-,-,-,-,-,-
1916399,Entregas Finalizadas Fora de Manaus,8,-,-,2025-09-02 17:57:23,02/09/2025 17:57,-,-,-,-,-,-,-
1916397,Entregas Finalizadas Fora de Manaus,8,-,-,2025-09-01 21:41:17,01/09/2025 21:41,-,-,-,-,-,-,-
1916393,Entregas Finalizadas Manaus,6,-,-,2025-08-30 14:25:35,30/08/2025 14:25,-,-,-,-,-,-,-
1916390,Entregas Finalizadas Fora de Manaus,8,-,-,2025-08-30 14:09:16,30/08/2025 14:09,-,-,-,-,-,-,-
1916387,Entregas Finalizadas Fora de Manaus,8,-,-,2025-08-30 15:23:50,30/08/2025 15:23,-,-,-,-,-,-,-
1916382,Entregas Finalizadas Fora de Manaus,8,-,-,2025-08-30 15:37:30,30/08/2025 15:37,-,-,-,-,-,-,-
1916379,Entregas Finalizadas Fora de Manaus,8,-,-,2025-09-01 13:38:00,01/09/2025 13:38,-,-,-,-,-,-,-
1916375,Entregas Finalizadas Fora de Manaus,8,-,-,2025-09-01 14:26:48,01/09/2025 14:26,-,-,-,-,-,-,-
1916373,Entregas Finalizadas Fora de Manaus,8,-,-,2025-08-30 15:16:28,30/08/2025 15:16,-,-,-,-,-,-,-
1916240,Entregas Finalizadas Fora de Manaus,8,-,-,2025-09-01 14:51:36,01/09/2025 14:51,-,-,-,-,-,-,-
1916238,Entregas Finalizadas Fora de Manaus,8,-,-,2025-08-30 15:18:36,30/08/2025 15:18,-,-,-,-,-,-,-
1916210,Entregas Finalizadas Fora de Manaus,8,-,-,2025-09-01 13:24:33,01/09/2025 13:24,-,-,-,-,-,-,-
1916206,Entregas Finalizadas Fora de Manaus,8,-,-,2025-08-30 13:11:38,30/08/2025 13:11,-,-,-,-,-,-,-
1916173,Entregas Finalizadas Manaus,6,-,-,2025-08-30 12:53:09,30/08/2025 12:53,-,-,-,-,-,-,-
1916162,Vendedor - Nova Encomenda,1,logistica@rommanelmanaus.com.br,-,2025-08-30 12:59:24,30/08/2025 12:59,-,-,-,-,-,-,-
1916159,Canceladas,X,logistica@rommanelmanaus.com.br,-,2025-08-30 13:02:14,30/08/2025 13:02,-,-,-,-,-,-,-
1916154,Entregas Finalizadas Fora de Manaus,8,-,-,2025-09-01 21:32:19,01/09/2025 21:32,-,-,-,-,-,-,-
1916153,Entregas Finalizadas Fora de Manaus,8,-,-,2025-09-02 20:20:15,02/09/2025 20:20,-,-,-,-,-,-,-
1916144,Vendedor - Nova Encomenda,1,-,-,2025-08-29 17:25:18,29/08/2025 17:25,-,-,-,-,-,-,-
1916143,Entregas Finalizadas Manaus,6,-,-,2025-08-30 13:03:34,30/08/2025 13:03,-,-,-,-,-,-,-
1916139,Entregas Finalizadas Manaus,6,-,-,2025-08-30 15:15:11,30/08/2025 15:15,-,-,-,-,-,-,-
1916124,Entregas Finalizadas Fora de Manaus,8,-,-,2025-08-30 15:13:57,30/08/2025 15:13,-,-,-,-,-,-,-
1916031,Entregas Finalizadas Fora de Manaus,8,-,-,2025-08-30 15:33:11,30/08/2025 15:33,-,-,-,-,-,-,-
1915942,Entregas Finalizadas Fora de Manaus,8,-,-,2025-09-01 13:39:46,01/09/2025 13:39,-,-,-,-,-,-,-
1915785,Entregas Finalizadas Manaus,6,-,-,2025-08-30 13:52:26,30/08/2025 13:52,-,-,-,-,-,-,-
1915745,Entregas Finalizadas Fora de Manaus,8,-,-,2025-09-02 21:13:18,02/09/2025 21:13,-,-,-,-,-,-,-
1915715,Entregas Finalizadas Manaus,6,-,-,2025-08-30 15:23:50,30/08/2025 15:23,-,-,-,-,-,-,-
1915683,Vendedor - Nova Encomenda,1,-,-,2025-08-29 16:27:55,29/08/2025 16:27,-,-,-,-,-,-,-
1915151,Entregas Finalizadas Manaus,6,-,-,2025-08-30 15:36:53,30/08/2025 15:36,-,-,-,-,-,-,-
1915135,Entregas Finalizadas Fora de Manaus,8,-,-,2025-08-29 20:37:58,29/08/2025 20:37,-,-,-,-,-,-,-
1914740,Entregas Finalizadas Fora de Manaus,8,-,-,2025-08-29 21:07:39,29/08/2025 21:07,-,-,-,-,-,-,-
1914648,Entregas Finalizadas Fora de Manaus,8,-,-,2025-08-30 10:19:10,30/08/2025 10:19,-,-,-,-,-,-,-
1914619,Entregas Finalizadas Manaus,6,-,-,2025-09-02 15:52:09,02/09/2025 15:52,-,-,-,-,-,-,-
1914568,Entregas Finalizadas Fora de Manaus,8,-,-,2025-08-30 10:25:45,30/08/2025 10:25,-,-,-,-,-,-,-
1914561,Entregas Finalizadas Fora de Manaus,8,-,-,2025-08-29 17:18:31,29/08/2025 17:18,-,-,-,-,-,-,-
1914505,Entregas Finalizadas Fora de Manaus,8,-,-,2025-08-30 15:39:01,30/08/2025 15:39,-,-,-,-,-,-,-
1914498,Entregas Finalizadas Fora de Manaus,8,-,-,2025-09-03 16:52:05,03/09/2025 16:52,-,-,-,-,-,-,-
1914496,Entregas Finalizadas Manaus,6,-,-,2025-08-29 17:49:21,29/08/2025 17:49,-,-,-,-,-,-,-
1914449,Entregas Finalizadas Fora de Manaus,8,-,-,2025-08-30 09:21:23,30/08/2025 09:21,-,-,-,-,-,-,-
1914445,Entregas Finalizadas Manaus,6,-,-,2025-08-29 13:42:37,29/08/2025 13:42,-,-,-,-,-,-,-
1914443,Entregas Finalizadas Manaus,6,-,-,2025-09-03 14:13:38,03/09/2025 14:13,-,-,-,-,-,-,-
1914440,Entregas Finalizadas Fora de Manaus,8,-,-,2025-08-29 20:53:50,29/08/2025 20:53,-,-,-,-,-,-,-
1914428,Entregas Finalizadas Manaus,6,-,-,2025-08-29 18:09:19,29/08/2025 18:09,-,-,-,-,-,-,-
1914425,Entregas Finalizadas Fora de Manaus,8,-,-,2025-08-29 20:32:40,29/08/2025 20:32,-,-,-,-,-,-,-
1914422,Entregas Finalizadas Fora de Manaus,8,-,-,2025-08-29 21:23:23,29/08/2025 21:23,-,-,-,-,-,-,-
1914420,Entregas Finalizadas Fora de Manaus,8,-,-,2025-08-29 21:05:50,29/08/2025 21:05,-,-,-,-,-,-,-
1914382,Entregas Finalizadas Fora de Manaus,8,-,-,2025-08-29 21:03:08,29/08/2025 21:03,-,-,-,-,-,-,-
1914366,Entregas Finalizadas Fora de Manaus,8,-,-,2025-09-05 13:25:03,05/09/2025 13:25,-,-,-,-,-,-,-
1914314,Entregas Finalizadas Fora de Manaus,8,-,-,2025-09-01 14:23:31,01/09/2025 14:23,-,-,-,-,-,-,-
1914311,Entregas Finalizadas Manaus,6,-,-,2025-08-29 19:03:30,29/08/2025 19:03,-,-,-,-,-,-,-
1914301,Entregas Finalizadas Fora de Manaus,8,-,-,2025-09-01 12:46:24,01/09/2025 12:46,-,-,-,-,-,-,-
1914284,Entregas Finalizadas Manaus,6,-,-,2025-08-29 18:10:53,29/08/2025 18:10,-,-,-,-,-,-,-
1914279,Entregas Finalizadas Manaus,6,-,-,2025-08-30 13:27:47,30/08/2025 13:27,-,-,-,-,-,-,-
1914273,Entregas Finalizadas Fora de Manaus,8,-,-,2025-08-29 13:11:01,29/08/2025 13:11,-,-,-,-,-,-,-
1914265,Entregas Finalizadas Manaus,6,-,-,2025-08-29 14:38:32,29/08/2025 14:38,-,-,-,-,-,-,-
1914244,Entregas Finalizadas Fora de Manaus,8,-,-,2025-08-29 20:16:41,29/08/2025 20:16,-,-,-,-,-,-,-
1914233,Entregas Finalizadas Manaus,6,-,-,2025-08-29 17:50:34,29/08/2025 17:50,-,-,-,-,-,-,-
1914231,Entregas Finalizadas Fora de Manaus,8,-,-,2025-08-29 20:42:03,29/08/2025 20:42,-,-,-,-,-,-,-
1914158,Entregas Finalizadas Fora de Manaus,8,-,-,2025-08-30 10:22:21,30/08/2025 10:22,-,-,-,-,-,-,-
1914152,Entregas Finalizadas Fora de Manaus,8,-,-,2025-08-29 20:47:54,29/08/2025 20:47,-,-,-,-,-,-,-
1914143,Entregas Finalizadas Fora de Manaus,8,-,-,2025-08-29 20:59:06,29/08/2025 20:59,-,-,-,-,-,-,-
1914138,Entregas Finalizadas Fora de Manaus,8,-,-,2025-08-29 20:44:15,29/08/2025 20:44,-,-,-,-,-,-,-
1914122,Entregas Finalizadas Fora de Manaus,8,-,-,2025-08-30 15:21:58,30/08/2025 15:21,-,-,-,-,-,-,-
1914118,Entregas Finalizadas Fora de Manaus,8,-,-,2025-08-29 13:00:33,29/08/2025 13:00,-,-,-,-,-,-,-
1914091,Entregas Finalizadas Fora de Manaus,8,-,-,2025-08-29 14:09:06,29/08/2025 14:09,-,-,-,-,-,-,-
1914084,Entregas Finalizadas Fora de Manaus,8,-,-,2025-08-29 20:55:38,29/08/2025 20:55,-,-,-,-,-,-,-
1914027,Entregas Finalizadas Fora de Manaus,8,-,-,2025-08-29 15:24:21,29/08/2025 15:24,-,-,-,-,-,-,-
1913790,Entregas Finalizadas Manaus,6,-,-,2025-08-29 18:22:28,29/08/2025 18:22,-,-,-,-,-,-,-
1913784,Entregas Finalizadas Fora de Manaus,8,-,-,2025-08-29 13:01:54,29/08/2025 13:01,-,-,-,-,-,-,-
1913780,Entregas Finalizadas Fora de Manaus,8,-,-,2025-08-29 20:57:14,29/08/2025 20:57,-,-,-,-,-,-,-
1913778,Entregas Finalizadas Fora de Manaus,8,-,-,2025-09-01 12:41:32,01/09/2025 12:41,-,-,-,-,-,-,-
1913765,Entregas Finalizadas Fora de Manaus,8,-,-,2025-09-01 16:06:51,01/09/2025 16:06,-,-,-,-,-,-,-
1913760,Entregas Finalizadas Fora de Manaus,8,-,-,2025-08-29 14:46:03,29/08/2025 14:46,-,-,-,-,-,-,-
1913756,Entregas Finalizadas Fora de Manaus,8,-,-,2025-08-29 14:37:19,29/08/2025 14:37,-,-,-,-,-,-,-
1913751,Entregas Finalizadas Fora de Manaus,8,-,-,2025-08-29 21:01:06,29/08/2025 21:01,-,-,-,-,-,-,-
1913746,Entregas Finalizadas Fora de Manaus,8,-,-,2025-08-29 13:59:46,29/08/2025 13:59,-,-,-,-,-,-,-
1913744,Entregas Finalizadas Fora de Manaus,8,-,-,2025-08-29 21:12:48,29/08/2025 21:12,-,-,-,-,-,-,-
1913741,Entregas Finalizadas Fora de Manaus,8,-,-,2025-08-29 14:48:08,29/08/2025 14:48,-,-,-,-,-,-,-
1913711,Entregas Finalizadas Manaus,6,-,-,2025-08-29 18:53:38,29/08/2025 18:53,-,-,-,-,-,-,-
1913703,Entregas Finalizadas Fora de Manaus,8,-,-,2025-09-01 21:42:47,01/09/2025 21:42,-,-,-,-,-,-,-
1913700,Entregas Finalizadas Fora de Manaus,8,-,-,2025-08-29 13:37:25,29/08/2025 13:37,-,-,-,-,-,-,-
1913688,Entregas Finalizadas Manaus,6,-,-,2025-08-29 18:45:19,29/08/2025 18:45,-,-,-,-,-,-,-
1913653,Entregas Finalizadas Fora de Manaus,8,-,-,2025-08-29 13:47:36,29/08/2025 13:47,-,-,-,-,-,-,-
1913638,Entregas Finalizadas Fora de Manaus,8,-,-,2025-08-29 12:59:01,29/08/2025 12:59,-,-,-,-,-,-,-
1913574,Entregas Finalizadas Fora de Manaus,8,-,-,2025-08-29 13:12:58,29/08/2025 13:12,-,-,-,-,-,-,-
1913507,Entregas Finalizadas Fora de Manaus,8,-,-,2025-08-29 20:40:19,29/08/2025 20:40,-,-,-,-,-,-,-
1913501,Entregas Finalizadas Fora de Manaus,8,-,-,2025-08-29 14:05:27,29/08/2025 14:05,-,-,-,-,-,-,-
1913482,Entregas Finalizadas Manaus,6,-,-,2025-08-28 16:50:41,28/08/2025 16:50,-,-,-,-,-,-,-
1913446,Entregas Finalizadas Manaus,6,-,-,2025-08-28 19:48:54,28/08/2025 19:48,-,-,-,-,-,-,-
1913441,Entregas Finalizadas Fora de Manaus,8,-,-,2025-08-28 17:47:48,28/08/2025 17:47,-,-,-,-,-,-,-
1913433,Entregas Finalizadas Manaus,6,-,-,2025-08-28 17:51:18,28/08/2025 17:51,-,-,-,-,-,-,-
1913419,Entregas Finalizadas Fora de Manaus,8,-,-,2025-08-28 17:00:38,28/08/2025 17:00,-,-,-,-,-,-,-
1913410,Entregas Finalizadas Fora de Manaus,8,-,-,2025-08-30 11:57:05,30/08/2025 11:57,-,-,-,-,-,-,-
1913407,Entregas Finalizadas Fora de Manaus,8,-,-,2025-08-28 16:58:55,28/08/2025 16:58,-,-,-,-,-,-,-
1913404,Entregas Finalizadas Manaus,6,-,-,2025-08-28 17:36:10,28/08/2025 17:36,-,-,-,-,-,-,-
1913401,Entregas Finalizadas Manaus,6,-,-,2025-08-29 13:27:04,29/08/2025 13:27,-,-,-,-,-,-,-
1913392,Entregas Finalizadas Fora de Manaus,8,-,-,2025-08-28 17:43:05,28/08/2025 17:43,-,-,-,-,-,-,-
1913384,Entregas Finalizadas Manaus,6,-,-,2025-08-28 17:59:55,28/08/2025 17:59,-,-,-,-,-,-,-
1913376,Entregas Finalizadas Manaus,6,-,-,2025-08-28 17:21:08,28/08/2025 17:21,-,-,-,-,-,-,-
1913288,Vendedor - Nova Encomenda,1,-,-,2025-08-28 13:23:04,28/08/2025 13:23,-,-,-,-,-,-,-
1913275,Entregas Finalizadas Manaus,6,-,-,2025-08-28 17:50:05,28/08/2025 17:50,-,-,-,-,-,-,-
1913259,Entregas Finalizadas Manaus,6,-,-,2025-08-28 15:22:18,28/08/2025 15:22,-,-,-,-,-,-,-
1913242,Entregas Finalizadas Manaus,6,-,-,2025-08-28 17:36:45,28/08/2025 17:36,-,-,-,-,-,-,-
1913238,Entregas Finalizadas Manaus,6,-,-,2025-08-28 18:10:36,28/08/2025 18:10,-,-,-,-,-,-,-
1913227,Entregas Finalizadas Fora de Manaus,8,-,-,2025-08-28 17:57:10,28/08/2025 17:57,-,-,-,-,-,-,-
1913206,Entregas Finalizadas Manaus,6,-,-,2025-08-28 17:02:02,28/08/2025 17:02,-,-,-,-,-,-,-
1913197,Entregas Finalizadas Fora de Manaus,8,-,-,2025-08-29 13:36:03,29/08/2025 13:36,-,-,-,-,-,-,-
1912995,Vendedor - Nova Encomenda,1,-,-,2025-08-28 10:57:14,28/08/2025 10:57,-,-,-,-,-,-,-
1912847,Entregas Finalizadas Fora de Manaus,8,-,-,2025-08-28 13:10:58,28/08/2025 13:10,-,-,-,-,-,-,-
1912800,Entregas Finalizadas Manaus,6,-,-,2025-08-28 17:04:49,28/08/2025 17:04,-,-,-,-,-,-,-
1912766,Entregas Finalizadas Fora de Manaus,8,-,-,2025-08-29 11:15:21,29/08/2025 11:15,-,-,-,-,-,-,-
1912764,Entregas Finalizadas Fora de Manaus,8,-,-,2025-08-28 15:37:39,28/08/2025 15:37,-,-,-,-,-,-,-
1912755,Entregas Finalizadas Fora de Manaus,8,-,-,2025-08-28 12:29:15,28/08/2025 12:29,-,-,-,-,-,-,-
1912753,Entregas Finalizadas Fora de Manaus,8,-,-,2025-08-28 17:58:33,28/08/2025 17:58,-,-,-,-,-,-,-
1912745,Entregas Finalizadas Fora de Manaus,8,-,-,2025-08-28 13:39:56,28/08/2025 13:39,-,-,-,-,-,-,-
1912578,Entregas Finalizadas Fora de Manaus,8,-,-,2025-08-28 17:28:50,28/08/2025 17:28,-,-,-,-,-,-,-
1912576,Entregas Finalizadas Manaus,6,-,-,2025-08-29 14:36:17,29/08/2025 14:36,-,-,-,-,-,-,-
1912569,Entregas Finalizadas Fora de Manaus,8,-,-,2025-08-29 13:46:14,29/08/2025 13:46,-,-,-,-,-,-,-
1912525,Entregas Finalizadas Fora de Manaus,8,-,-,2025-08-28 12:20:06,28/08/2025 12:20,-,-,-,-,-,-,-
1912523,Entregas Finalizadas Fora de Manaus,8,-,-,2025-08-28 13:41:59,28/08/2025 13:41,-,-,-,-,-,-,-
1912511,Entregas Finalizadas Fora de Manaus,8,-,-,2025-08-29 14:06:57,29/08/2025 14:06,-,-,-,-,-,-,-
1912447,Entregas Finalizadas Fora de Manaus,8,-,-,2025-08-28 17:39:51,28/08/2025 17:39,-,-,-,-,-,-,-
1912419,Vendedor - Nova Encomenda,1,-,-,2025-08-27 16:28:23,27/08/2025 16:28,-,-,-,-,-,-,-
1912360,Vendedor - Nova Encomenda,1,-,-,2025-08-27 15:59:31,27/08/2025 15:59,-,-,-,-,-,-,-
1912301,Vendedor - Nova Encomenda,1,-,-,2025-08-27 15:23:42,27/08/2025 15:23,-,-,-,-,-,-,-
1912289,Vendedor - Nova Encomenda,1,-,-,2025-08-27 15:17:14,27/08/2025 15:17,-,-,-,-,-,-,-
1912229,Entregas Finalizadas Fora de Manaus,8,-,-,2025-08-28 11:02:56,28/08/2025 11:02,-,-,-,-,-,-,-
1912172,Entregas Finalizadas Manaus,6,-,-,2025-08-27 18:56:22,27/08/2025 18:56,-,-,-,-,-,-,-
1912135,Entregas Finalizadas Manaus,6,-,-,2025-08-27 17:38:23,27/08/2025 17:38,-,-,-,-,-,-,-
1912050,Entregas Finalizadas Fora de Manaus,8,-,-,2025-08-27 17:27:22,27/08/2025 17:27,-,-,-,-,-,-,-
1912037,Entregas Finalizadas Manaus,6,-,-,2025-08-27 17:14:15,27/08/2025 17:14,-,-,-,-,-,-,-
1912017,Entregas Finalizadas Fora de Manaus,8,-,-,2025-08-28 15:07:55,28/08/2025 15:07,-,-,-,-,-,-,-
1912012,Entregas Finalizadas Fora de Manaus,8,-,-,2025-08-27 17:52:08,27/08/2025 17:52,-,-,-,-,-,-,-
1912001,Entregas Finalizadas Fora de Manaus,8,-,-,2025-08-28 14:08:51,28/08/2025 14:08,-,-,-,-,-,-,-
1911981,Entregas Finalizadas Manaus,6,-,-,2025-08-27 17:43:41,27/08/2025 17:43,-,-,-,-,-,-,-
1911962,Entregas Finalizadas Manaus,6,-,-,2025-08-27 18:29:25,27/08/2025 18:29,-,-,-,-,-,-,-
1911958,Vendedor - Nova Encomenda,1,-,-,2025-08-27 12:31:26,27/08/2025 12:31,-,-,-,-,-,-,-
1911943,Entregas Finalizadas Fora de Manaus,8,-,-,2025-08-28 17:56:12,28/08/2025 17:56,-,-,-,-,-,-,-
1911936,Entregas Finalizadas Manaus,6,-,-,2025-08-27 17:32:48,27/08/2025 17:32,-,-,-,-,-,-,-
1911872,Entregas Finalizadas Manaus,6,-,-,2025-08-27 18:06:27,27/08/2025 18:06,-,-,-,-,-,-,-
1911801,Entregas Finalizadas Manaus,6,-,-,2025-08-27 16:18:35,27/08/2025 16:18,-,-,-,-,-,-,-
1911786,Entregas Finalizadas Fora de Manaus,8,-,-,2025-08-28 14:05:10,28/08/2025 14:05,-,-,-,-,-,-,-
1911756,Entregas Finalizadas Fora de Manaus,8,-,-,2025-08-27 14:32:56,27/08/2025 14:32,-,-,-,-,-,-,-
1911742,Entregas Finalizadas Fora de Manaus,8,-,-,2025-08-28 13:34:09,28/08/2025 13:34,-,-,-,-,-,-,-
1911615,Entregas Finalizadas Fora de Manaus,8,-,-,2025-08-29 14:05:22,29/08/2025 14:05,-,-,-,-,-,-,-
1911610,Entregas Finalizadas Manaus,6,-,-,2025-08-27 18:59:29,27/08/2025 18:59,-,-,-,-,-,-,-
1911607,Entregas Finalizadas Fora de Manaus,8,-,-,2025-08-27 13:36:35,27/08/2025 13:36,-,-,-,-,-,-,-
1911605,Entregas Finalizadas Fora de Manaus,8,-,-,2025-08-28 15:10:11,28/08/2025 15:10,-,-,-,-,-,-,-
1911565,Entregas Finalizadas Fora de Manaus,8,-,-,2025-08-29 12:51:04,29/08/2025 12:51,-,-,-,-,-,-,-
1911555,Entregas Finalizadas Fora de Manaus,8,-,-,2025-08-27 11:19:01,27/08/2025 11:19,-,-,-,-,-,-,-
1911527,Entregas Finalizadas Fora de Manaus,8,-,-,2025-08-27 18:07:04,27/08/2025 18:07,-,-,-,-,-,-,-
1911489,Entregas Finalizadas Fora de Manaus,8,-,-,2025-08-28 09:40:28,28/08/2025 09:40,-,-,-,-,-,-,-
1911388,Entregas Finalizadas Manaus,6,-,-,2025-08-27 18:47:14,27/08/2025 18:47,-,-,-,-,-,-,-
1911252,Entregas Finalizadas Fora de Manaus,8,-,-,2025-08-29 13:03:25,29/08/2025 13:03,-,-,-,-,-,-,-
1911238,Entregas Finalizadas Fora de Manaus,8,-,-,2025-08-27 13:35:32,27/08/2025 13:35,-,-,-,-,-,-,-
1911220,Entregas Finalizadas Fora de Manaus,8,-,-,2025-08-27 13:40:40,27/08/2025 13:40,-,-,-,-,-,-,-
1911202,Entregas Finalizadas Manaus,6,-,-,2025-08-27 16:59:49,27/08/2025 16:59,-,-,-,-,-,-,-
1911192,Entregas Finalizadas Fora de Manaus,8,-,-,2025-08-27 11:22:40,27/08/2025 11:22,-,-,-,-,-,-,-
1911148,Entregas Finalizadas Fora de Manaus,8,-,-,2025-08-27 13:37:57,27/08/2025 13:37,-,-,-,-,-,-,-
1911025,Entregas Finalizadas Fora de Manaus,8,-,-,2025-08-27 17:24:58,27/08/2025 17:24,-,-,-,-,-,-,-
1911001,Entregas Finalizadas Manaus,6,-,-,2025-08-27 18:30:31,27/08/2025 18:30,-,-,-,-,-,-,-
1910930,Entregas Finalizadas Fora de Manaus,8,-,-,2025-08-27 13:34:12,27/08/2025 13:34,-,-,-,-,-,-,-
1910925,Entregas Finalizadas Fora de Manaus,8,-,-,2025-08-27 13:31:41,27/08/2025 13:31,-,-,-,-,-,-,-
1910899,Entregas Finalizadas Manaus,6,-,-,2025-08-26 19:49:48,26/08/2025 19:49,-,-,-,-,-,-,-
1910880,Entregas Finalizadas Manaus,6,-,-,2025-08-26 18:13:33,26/08/2025 18:13,-,-,-,-,-,-,-
1910871,Entregas Finalizadas Manaus,6,-,-,2025-08-26 17:42:59,26/08/2025 17:42,-,-,-,-,-,-,-
1910862,Entregas Finalizadas Fora de Manaus,8,-,-,2025-08-27 13:43:35,27/08/2025 13:43,-,-,-,-,-,-,-
1910860,Vendedor - Nova Encomenda,1,-,-,2025-08-26 15:03:58,26/08/2025 15:03,-,-,-,-,-,-,-
1910855,Vendedor - Nova Encomenda,1,-,-,2025-08-26 15:02:37,26/08/2025 15:02,-,-,-,-,-,-,-
1910830,Entregas Finalizadas Fora de Manaus,8,-,-,2025-08-26 17:30:31,26/08/2025 17:30,-,-,-,-,-,-,-
1910820,Entregas Finalizadas Manaus,6,-,-,2025-08-26 18:03:51,26/08/2025 18:03,-,-,-,-,-,-,-
1910793,Entregas Finalizadas Manaus,6,-,-,2025-08-26 17:41:52,26/08/2025 17:41,-,-,-,-,-,-,-
1910776,Vendedor - Nova Encomenda,1,-,-,2025-08-26 14:25:29,26/08/2025 14:25,-,-,-,-,-,-,-
1910750,Entregas Finalizadas Manaus,6,-,-,2025-08-26 17:45:16,26/08/2025 17:45,-,-,-,-,-,-,-
1910708,Vendedor - Nova Encomenda,1,-,-,2025-08-26 13:53:04,26/08/2025 13:53,-,-,-,-,-,-,-
1910705,Entregas Finalizadas Manaus,6,-,-,2025-08-26 21:00:40,26/08/2025 21:00,-,-,-,-,-,-,-
1910682,Entregas Finalizadas Fora de Manaus,8,-,-,2025-08-28 13:32:58,28/08/2025 13:32,-,-,-,-,-,-,-
1910666,Entregas Finalizadas Fora de Manaus,8,-,-,2025-08-27 14:15:41,27/08/2025 14:15,-,-,-,-,-,-,-
1910661,Entregas Finalizadas Manaus,6,-,-,2025-08-26 20:35:59,26/08/2025 20:35,-,-,-,-,-,-,-
1910651,Entregas Finalizadas Fora de Manaus,8,-,-,2025-08-29 11:24:01,29/08/2025 11:24,-,-,-,-,-,-,-
1910643,Entregas Finalizadas Manaus,6,-,-,2025-08-26 18:59:46,26/08/2025 18:59,-,-,-,-,-,-,-
1910637,Entregas Finalizadas Fora de Manaus,8,-,-,2025-08-26 18:22:17,26/08/2025 18:22,-,-,-,-,-,-,-
1910621,Vendedor - Nova Encomenda,1,-,-,2025-08-26 13:07:33,26/08/2025 13:07,-,-,-,-,-,-,-
1910607,Entregas Finalizadas Manaus,6,-,-,2025-08-26 19:12:15,26/08/2025 19:12,-,-,-,-,-,-,-
1910543,Entregas Finalizadas Fora de Manaus,8,-,-,2025-08-26 18:16:36,26/08/2025 18:16,-,-,-,-,-,-,-
1910526,Logística - Despacho da Encomenda,2,-,00:00 Horas,2025-08-29 16:11:56,29/08/2025 16:11,-,29/08/2025 16:11,-,-,-,-,-
1910514,Entregas Finalizadas Fora de Manaus,8,-,-,2025-08-26 17:38:54,26/08/2025 17:38,-,-,-,-,-,-,-
1910465,Entregas Finalizadas Fora de Manaus,8,-,-,2025-08-26 17:27:19,26/08/2025 17:27,-,-,-,-,-,-,-
1910447,Entregas Finalizadas Fora de Manaus,8,-,-,2025-08-27 16:58:44,27/08/2025 16:58,-,-,-,-,-,-,-
1910439,Logística - Despacho da Encomenda,2,-,00:00 Horas,2025-08-26 15:41:55,26/08/2025 15:41,-,26/08/2025 15:41,-,-,-,-,-
1910359,Vendedor - Nova Encomenda,1,-,-,2025-08-26 11:06:28,26/08/2025 11:06,-,-,-,-,-,-,-
1910322,Vendedor - Nova Encomenda,1,-,-,2025-08-26 10:43:30,26/08/2025 10:43,-,-,-,-,-,-,-
1909961,Entregas Finalizadas Fora de Manaus,8,-,-,2025-08-26 14:54:11,26/08/2025 14:54,-,-,-,-,-,-,-
1909771,Entregas Finalizadas Fora de Manaus,8,-,-,2025-08-26 14:52:55,26/08/2025 14:52,-,-,-,-,-,-,-
1909737,Entregas Finalizadas Fora de Manaus,8,-,-,2025-08-26 13:33:59,26/08/2025 13:33,-,-,-,-,-,-,-
1909523,Vendedor - Nova Encomenda,1,-,-,2025-08-26 09:42:39,26/08/2025 09:42,-,-,-,-,-,-,-
1909354,Vendedor - Nova Encomenda,1,-,-,2025-08-26 09:26:43,26/08/2025 09:26,-,-,-,-,-,-,-
1909345,Entregas Finalizadas Fora de Manaus,8,-,-,2025-08-26 12:45:19,26/08/2025 12:45,-,-,-,-,-,-,-
1909067,Entregas Finalizadas Fora de Manaus,8,-,-,2025-08-26 10:56:57,26/08/2025 10:56,-,-,-,-,-,-,-
1909063,Entregas Finalizadas Fora de Manaus,8,-,-,2025-08-26 13:26:40,26/08/2025 13:26,-,-,-,-,-,-,-
1908929,Vendedor - Nova Encomenda,1,-,-,2025-08-25 20:10:23,25/08/2025 20:10,-,-,-,-,-,-,-
1908925,Vendedor - Nova Encomenda,1,-,-,2025-08-25 20:05:27,25/08/2025 20:05,-,-,-,-,-,-,-
1908856,Entregas Finalizadas Manaus,6,-,-,2025-08-26 20:10:35,26/08/2025 20:10,-,-,-,-,-,-,-
1908829,Logística - Despacho da Encomenda,2,-,00:00 Horas,2025-08-25 18:35:53,25/08/2025 18:35,-,25/08/2025 18:35,-,-,-,-,-
1908725,Entregas Finalizadas Fora de Manaus,8,-,-,2025-08-26 12:30:02,26/08/2025 12:30,-,-,-,-,-,-,-
1908714,Entregas Finalizadas Manaus,6,-,-,2025-08-26 19:26:51,26/08/2025 19:26,-,-,-,-,-,-,-
1908712,Entregas Finalizadas Fora de Manaus,8,-,-,2025-08-26 13:29:43,26/08/2025 13:29,-,-,-,-,-,-,-
1908684,Entregas Finalizadas Fora de Manaus,8,-,-,2025-08-27 11:31:43,27/08/2025 11:31,-,-,-,-,-,-,-
1908682,Entregas Finalizadas Fora de Manaus,8,-,-,2025-08-26 10:59:48,26/08/2025 10:59,-,-,-,-,-,-,-
1908633,Entregas Finalizadas Manaus,6,-,-,2025-08-26 19:05:37,26/08/2025 19:05,-,-,-,-,-,-,-
1908609,Entregas Finalizadas Fora de Manaus,8,-,-,2025-08-26 17:28:40,26/08/2025 17:28,-,-,-,-,-,-,-
1908595,Entregas Finalizadas Fora de Manaus,8,-,-,2025-08-29 11:10:20,29/08/2025 11:10,-,-,-,-,-,-,-
1908582,Entregas Finalizadas Fora de Manaus,8,-,-,2025-08-26 12:33:00,26/08/2025 12:33,-,-,-,-,-,-,-
1908520,Vendedor - Nova Encomenda,1,-,-,2025-08-25 16:31:58,25/08/2025 16:31,-,-,-,-,-,-,-
1908426,Entregas Finalizadas Manaus,6,-,-,2025-08-25 16:54:43,25/08/2025 16:54,-,-,-,-,-,-,-
1908353,Entregas Finalizadas Fora de Manaus,8,-,-,2025-08-26 12:43:39,26/08/2025 12:43,-,-,-,-,-,-,-
1908255,Entregas Finalizadas Manaus,6,-,-,2025-08-25 18:36:33,25/08/2025 18:36,-,-,-,-,-,-,-
1908234,Entregas Finalizadas Fora de Manaus,8,-,-,2025-08-25 19:29:43,25/08/2025 19:29,-,-,-,-,-,-,-
1908112,Entregas Finalizadas Manaus,6,-,-,2025-08-25 18:01:01,25/08/2025 18:01,-,-,-,-,-,-,-
1908049,Vendedor - Nova Encomenda,1,-,-,2025-08-25 14:28:13,25/08/2025 14:28,-,-,-,-,-,-,-
1908046,Entregas Finalizadas Fora de Manaus,8,-,-,2025-08-25 19:18:41,25/08/2025 19:18,-,-,-,-,-,-,-
1907921,Entregas Finalizadas Manaus,6,-,-,2025-08-25 18:58:26,25/08/2025 18:58,-,-,-,-,-,-,-
1907878,Entregas Finalizadas Manaus,6,-,-,2025-08-25 17:59:11,25/08/2025 17:59,-,-,-,-,-,-,-
1907871,Entregas Finalizadas Fora de Manaus,8,-,-,2025-08-26 13:28:02,26/08/2025 13:28,-,-,-,-,-,-,-
1907857,Entregas Finalizadas Manaus,6,-,-,2025-08-25 17:28:29,25/08/2025 17:28,-,-,-,-,-,-,-
1907735,Entregas Finalizadas Manaus,6,-,-,2025-08-25 18:15:56,25/08/2025 18:15,-,-,-,-,-,-,-
1907637,Entregas Finalizadas Fora de Manaus,8,-,-,2025-08-25 19:13:52,25/08/2025 19:13,-,-,-,-,-,-,-
1907615,Entregas Finalizadas Fora de Manaus,8,-,-,2025-08-25 19:26:19,25/08/2025 19:26,-,-,-,-,-,-,-
1907425,Entregas Finalizadas Fora de Manaus,8,-,-,2025-08-25 14:39:45,25/08/2025 14:39,-,-,-,-,-,-,-
1907376,Entregas Finalizadas Fora de Manaus,8,-,-,2025-08-26 10:52:57,26/08/2025 10:52,-,-,-,-,-,-,-
1907367,Entregas Finalizadas Fora de Manaus,8,-,-,2025-08-26 13:31:05,26/08/2025 13:31,-,-,-,-,-,-,-
1907352,Entregas Finalizadas Fora de Manaus,8,-,-,2025-08-26 13:29:13,26/08/2025 13:29,-,-,-,-,-,-,-
1907347,Entregas Finalizadas Fora de Manaus,8,-,-,2025-08-25 17:11:37,25/08/2025 17:11,-,-,-,-,-,-,-
1907327,Entregas Finalizadas Fora de Manaus,8,-,-,2025-08-25 19:23:36,25/08/2025 19:23,-,-,-,-,-,-,-
1907289,Entregas Finalizadas Fora de Manaus,8,-,-,2025-08-25 14:47:35,25/08/2025 14:47,-,-,-,-,-,-,-
1906898,Vendedor - Nova Encomenda,1,-,-,2025-08-23 19:49:10,23/08/2025 19:49,-,-,-,-,-,-,-
1906797,Entregas Finalizadas Fora de Manaus,8,-,-,2025-08-25 14:51:52,25/08/2025 14:51,-,-,-,-,-,-,-
1906727,Entregas Finalizadas Fora de Manaus,8,-,-,2025-08-25 14:45:15,25/08/2025 14:45,-,-,-,-,-,-,-
1906722,Vendedor - Nova Encomenda,1,-,-,2025-08-23 13:06:24,23/08/2025 13:06,-,-,-,-,-,-,-
1906695,Entregas Finalizadas Manaus,6,-,-,2025-08-23 12:50:47,23/08/2025 12:50,-,-,-,-,-,-,-
1906659,Vendedor - Nova Encomenda,1,-,-,2025-08-23 11:38:22,23/08/2025 11:38,-,-,-,-,-,-,-
1906651,Entregas Finalizadas Fora de Manaus,8,-,-,2025-08-23 14:13:49,23/08/2025 14:13,-,-,-,-,-,-,-
1906630,Entregas Finalizadas Fora de Manaus,8,-,-,2025-08-23 12:53:59,23/08/2025 12:53,-,-,-,-,-,-,-
1906628,Entregas Finalizadas Manaus,6,-,-,2025-08-23 13:19:09,23/08/2025 13:19,-,-,-,-,-,-,-
1906624,Vendedor - Nova Encomenda,1,-,-,2025-08-23 10:29:04,23/08/2025 10:29,-,-,-,-,-,-,-
1906622,Entregas Finalizadas Fora de Manaus,8,-,-,2025-08-23 12:47:43,23/08/2025 12:47,-,-,-,-,-,-,-
1906620,Vendedor - Nova Encomenda,1,-,-,2025-08-23 10:24:31,23/08/2025 10:24,-,-,-,-,-,-,-
1906618,Entregas Finalizadas Manaus,6,-,-,2025-08-23 13:58:34,23/08/2025 13:58,-,-,-,-,-,-,-
1906614,Entregas Finalizadas Fora de Manaus,8,-,-,2025-08-23 12:35:29,23/08/2025 12:35,-,-,-,-,-,-,-
1906608,Entregas Finalizadas Fora de Manaus,8,-,-,2025-08-23 14:12:03,23/08/2025 14:12,-,-,-,-,-,-,-
1906599,Entregas Finalizadas Manaus,6,-,-,2025-08-23 13:13:25,23/08/2025 13:13,-,-,-,-,-,-,-
1906554,Entregas Finalizadas Manaus,6,-,-,2025-08-23 14:31:20,23/08/2025 14:31,-,-,-,-,-,-,-
1906552,Entregas Finalizadas Manaus,6,-,-,2025-08-23 12:27:32,23/08/2025 12:27,-,-,-,-,-,-,-
1906402,Entregas Finalizadas Manaus,6,-,-,2025-08-23 14:19:02,23/08/2025 14:19,-,-,-,-,-,-,-
1906397,Entregas Finalizadas Fora de Manaus,8,-,-,2025-08-26 13:23:19,26/08/2025 13:23,-,-,-,-,-,-,-
1906388,Entregas Finalizadas Fora de Manaus,8,-,-,2025-08-23 14:07:52,23/08/2025 14:07,-,-,-,-,-,-,-
1906357,Entregas Finalizadas Manaus,6,-,-,2025-08-23 13:07:45,23/08/2025 13:07,-,-,-,-,-,-,-
1906235,Entregas Finalizadas Manaus,6,-,-,2025-08-23 14:00:59,23/08/2025 14:00,-,-,-,-,-,-,-
1906222,Entregas Finalizadas Manaus,6,-,-,2025-08-22 17:14:35,22/08/2025 17:14,-,-,-,-,-,-,-
1906157,Entregas Finalizadas Manaus,6,-,-,2025-08-22 17:40:29,22/08/2025 17:40,-,-,-,-,-,-,-
1906149,Entregas Finalizadas Manaus,6,-,-,2025-08-22 16:47:17,22/08/2025 16:47,-,-,-,-,-,-,-
1906147,Entregas Finalizadas Manaus,6,-,-,2025-08-22 17:11:59,22/08/2025 17:11,-,-,-,-,-,-,-
1906089,Entregas Finalizadas Fora de Manaus,8,-,-,2025-08-22 17:46:36,22/08/2025 17:46,-,-,-,-,-,-,-
1906062,Entregas Finalizadas Fora de Manaus,8,-,-,2025-08-22 17:48:20,22/08/2025 17:48,-,-,-,-,-,-,-
1906054,Vendedor - Nova Encomenda,1,-,-,2025-08-22 14:40:52,22/08/2025 14:40,-,-,-,-,-,-,-
1905982,Vendedor - Nova Encomenda,1,-,-,2025-08-22 13:57:21,22/08/2025 13:57,-,-,-,-,-,-,-
1905929,Entregas Finalizadas Fora de Manaus,8,-,-,2025-08-22 17:57:37,22/08/2025 17:57,-,-,-,-,-,-,-
1905833,Entregas Finalizadas Fora de Manaus,8,-,-,2025-08-22 17:54:54,22/08/2025 17:54,-,-,-,-,-,-,-
1905830,Vendedor - Nova Encomenda,1,-,-,2025-08-22 12:19:37,22/08/2025 12:19,-,-,-,-,-,-,-
1905826,Entregas Finalizadas Manaus,6,-,-,2025-08-22 17:32:01,22/08/2025 17:32,-,-,-,-,-,-,-
1905822,Entregas Finalizadas Manaus,6,-,-,2025-08-22 17:15:37,22/08/2025 17:15,-,-,-,-,-,-,-
1905799,Entregas Finalizadas Manaus,6,-,-,2025-08-22 17:01:53,22/08/2025 17:01,-,-,-,-,-,-,-
1905770,Entregas Finalizadas Manaus,6,-,-,2025-08-22 17:44:33,22/08/2025 17:44,-,-,-,-,-,-,-
1905716,Entregas Finalizadas Manaus,6,-,-,2025-08-23 09:17:51,23/08/2025 09:17,-,-,-,-,-,-,-
1905697,Logística - Despacho da Encomenda,2,-,00:00 Horas,2025-08-23 11:49:04,23/08/2025 11:49,-,23/08/2025 11:49,-,-,-,-,-
1905684,Entregas Finalizadas Fora de Manaus,8,-,-,2025-08-22 16:29:25,22/08/2025 16:29,-,-,-,-,-,-,-
1905670,Entregas Finalizadas Fora de Manaus,8,-,-,2025-08-22 13:33:45,22/08/2025 13:33,-,-,-,-,-,-,-
1905651,Entregas Finalizadas Fora de Manaus,8,-,-,2025-08-22 14:54:25,22/08/2025 14:54,-,-,-,-,-,-,-
1905646,Entregas Finalizadas Fora de Manaus,8,-,-,2025-08-22 14:56:39,22/08/2025 14:56,-,-,-,-,-,-,-
1905632,Entregas Finalizadas Fora de Manaus,8,-,-,2025-08-22 17:51:12,22/08/2025 17:51,-,-,-,-,-,-,-
1905547,Entregas Finalizadas Fora de Manaus,8,-,-,2025-08-22 16:21:43,22/08/2025 16:21,-,-,-,-,-,-,-
1905545,Entregas Finalizadas Fora de Manaus,8,-,-,2025-08-22 12:53:29,22/08/2025 12:53,-,-,-,-,-,-,-
1905522,Entregas Finalizadas Fora de Manaus,8,-,-,2025-08-22 14:49:58,22/08/2025 14:49,-,-,-,-,-,-,-
1905504,Entregas Finalizadas Fora de Manaus,8,-,-,2025-08-22 16:16:52,22/08/2025 16:16,-,-,-,-,-,-,-
1905471,Entregas Finalizadas Fora de Manaus,8,-,-,2025-08-22 12:56:39,22/08/2025 12:56,-,-,-,-,-,-,-
1905468,Entregas Finalizadas Fora de Manaus,8,-,-,2025-08-22 15:05:18,22/08/2025 15:05,-,-,-,-,-,-,-
1905462,Entregas Finalizadas Fora de Manaus,8,-,-,2025-08-22 14:51:50,22/08/2025 14:51,-,-,-,-,-,-,-
1905458,Entregas Finalizadas Fora de Manaus,8,-,-,2025-08-22 16:19:16,22/08/2025 16:19,-,-,-,-,-,-,-
1905284,Entregas Finalizadas Fora de Manaus,8,-,-,2025-08-22 13:19:14,22/08/2025 13:19,-,-,-,-,-,-,-
1905225,Entregas Finalizadas Fora de Manaus,8,-,-,2025-08-22 14:45:43,22/08/2025 14:45,-,-,-,-,-,-,-
1905213,Entregas Finalizadas Fora de Manaus,8,-,-,2025-08-22 15:14:29,22/08/2025 15:14,-,-,-,-,-,-,-
1905204,Entregas Finalizadas Manaus,6,-,-,2025-08-22 14:02:32,22/08/2025 14:02,-,-,-,-,-,-,-
1905191,Entregas Finalizadas Fora de Manaus,8,-,-,2025-08-22 15:07:30,22/08/2025 15:07,-,-,-,-,-,-,-
1905189,Entregas Finalizadas Manaus,6,-,-,2025-08-22 13:25:53,22/08/2025 13:25,-,-,-,-,-,-,-
1905179,Entregas Finalizadas Fora de Manaus,8,-,-,2025-08-22 18:01:39,22/08/2025 18:01,-,-,-,-,-,-,-
1905162,Entregas Finalizadas Manaus,6,-,-,2025-08-22 18:05:37,22/08/2025 18:05,-,-,-,-,-,-,-
1904932,Entregas Finalizadas Fora de Manaus,8,-,-,2025-08-22 17:53:06,22/08/2025 17:53,-,-,-,-,-,-,-
1904469,Entregas Finalizadas Manaus,6,-,-,2025-08-21 19:58:05,21/08/2025 19:58,-,-,-,-,-,-,-
1904454,Entregas Finalizadas Manaus,6,-,-,2025-08-21 17:46:02,21/08/2025 17:46,-,-,-,-,-,-,-
1904213,Vendedor - Nova Encomenda,1,-,-,2025-08-21 14:55:58,21/08/2025 14:55,-,-,-,-,-,-,-
1904112,Entregas Finalizadas Manaus,6,-,-,2025-08-21 17:15:27,21/08/2025 17:15,-,-,-,-,-,-,-
1904093,Vendedor - Nova Encomenda,1,-,-,2025-08-21 14:34:06,21/08/2025 14:34,-,-,-,-,-,-,-
1904033,Entregas Finalizadas Fora de Manaus,8,-,-,2025-08-21 20:11:54,21/08/2025 20:11,-,-,-,-,-,-,-
1903948,Entregas Finalizadas Fora de Manaus,8,-,-,2025-08-21 18:23:58,21/08/2025 18:23,-,-,-,-,-,-,-
1903938,Entregas Finalizadas Fora de Manaus,8,-,-,2025-08-21 18:28:10,21/08/2025 18:28,-,-,-,-,-,-,-
1903929,Entregas Finalizadas Manaus,6,-,-,2025-08-21 17:00:09,21/08/2025 17:00,-,-,-,-,-,-,-
1903888,Entregas Finalizadas Manaus,6,-,-,2025-08-21 17:07:21,21/08/2025 17:07,-,-,-,-,-,-,-
1903885,Entregas Finalizadas Fora de Manaus,8,-,-,2025-08-22 15:11:11,22/08/2025 15:11,-,-,-,-,-,-,-
1903874,Entregas Finalizadas Manaus,6,-,-,2025-08-21 18:09:45,21/08/2025 18:09,-,-,-,-,-,-,-
1903866,Vendedor - Nova Encomenda,1,-,-,2025-08-21 12:58:19,21/08/2025 12:58,-,-,-,-,-,-,-
1903841,Vendedor - Nova Encomenda,1,-,-,2025-08-21 12:43:23,21/08/2025 12:43,-,-,-,-,-,-,-
1903794,Entregas Finalizadas Fora de Manaus,8,-,-,2025-08-22 14:43:20,22/08/2025 14:43,-,-,-,-,-,-,-
1903786,Entregas Finalizadas Manaus,6,-,-,2025-08-21 16:44:07,21/08/2025 16:44,-,-,-,-,-,-,-
1903770,Entregas Finalizadas Fora de Manaus,8,-,-,2025-08-21 19:04:50,21/08/2025 19:04,-,-,-,-,-,-,-
1903720,Entregas Finalizadas Manaus,6,-,-,2025-08-21 17:22:45,21/08/2025 17:22,-,-,-,-,-,-,-
1903678,Entregas Finalizadas Manaus,6,-,-,2025-08-21 17:29:59,21/08/2025 17:29,-,-,-,-,-,-,-
1903674,Vendedor - Nova Encomenda,1,-,-,2025-08-21 11:06:51,21/08/2025 11:06,-,-,-,-,-,-,-
1903667,Entregas Finalizadas Fora de Manaus,8,-,-,2025-08-21 18:40:16,21/08/2025 18:40,-,-,-,-,-,-,-
1903650,Vendedor - Nova Encomenda,1,-,-,2025-08-21 10:56:29,21/08/2025 10:56,-,-,-,-,-,-,-
1903617,Entregas Finalizadas Fora de Manaus,8,-,-,2025-08-21 13:50:21,21/08/2025 13:50,-,-,-,-,-,-,-
1903610,Entregas Finalizadas Fora de Manaus,8,-,-,2025-08-21 13:01:08,21/08/2025 13:01,-,-,-,-,-,-,-
1903501,Entregas Finalizadas Fora de Manaus,8,-,-,2025-08-21 13:42:23,21/08/2025 13:42,-,-,-,-,-,-,-
1903456,Entregas Finalizadas Fora de Manaus,8,-,-,2025-08-21 16:42:44,21/08/2025 16:42,-,-,-,-,-,-,-
1903453,Entregas Finalizadas Fora de Manaus,8,-,-,2025-08-21 16:29:29,21/08/2025 16:29,-,-,-,-,-,-,-
1903378,Entregas Finalizadas Fora de Manaus,8,-,-,2025-08-21 13:03:40,21/08/2025 13:03,-,-,-,-,-,-,-
1903359,Entregas Finalizadas Fora de Manaus,8,-,-,2025-08-21 16:34:29,21/08/2025 16:34,-,-,-,-,-,-,-
1903149,Entregas Finalizadas Fora de Manaus,8,-,-,2025-08-21 13:02:34,21/08/2025 13:02,-,-,-,-,-,-,-
1901984,Vendedor - Nova Encomenda,1,-,-,2025-08-20 17:51:26,20/08/2025 17:51,-,-,-,-,-,-,-
1901948,Entregas Finalizadas Fora de Manaus,8,-,-,2025-08-21 17:57:39,21/08/2025 17:57,-,-,-,-,-,-,-
1901908,Entregas Finalizadas Fora de Manaus,8,-,-,2025-08-21 17:02:54,21/08/2025 17:02,-,-,-,-,-,-,-
1901902,Logística - Despacho da Encomenda,2,-,00:00 Horas,2025-08-20 18:03:26,20/08/2025 18:03,-,20/08/2025 18:03,-,-,-,-,-
1901891,Vendedor - Nova Encomenda,1,-,-,2025-08-20 17:01:07,20/08/2025 17:01,-,-,-,-,-,-,-
1901887,Entregas Finalizadas Fora de Manaus,8,-,-,2025-08-21 13:40:45,21/08/2025 13:40,-,-,-,-,-,-,-
1901869,Entregas Finalizadas Manaus,6,-,-,2025-08-20 17:33:14,20/08/2025 17:33,-,-,-,-,-,-,-
1901662,Vendedor - Nova Encomenda,1,-,-,2025-08-20 16:34:47,20/08/2025 16:34,-,-,-,-,-,-,-
1901241,Entregas Finalizadas Fora de Manaus,8,-,-,2025-08-25 10:51:27,25/08/2025 10:51,-,-,-,-,-,-,-
1901090,Entregas Finalizadas Manaus,6,-,-,2025-08-20 18:49:22,20/08/2025 18:49,-,-,-,-,-,-,-
1900409,Entregas Finalizadas Fora de Manaus,8,-,-,2025-08-21 18:41:32,21/08/2025 18:41,-,-,-,-,-,-,-
1900098,Entregas Finalizadas Fora de Manaus,8,-,-,2025-08-20 18:53:02,20/08/2025 18:53,-,-,-,-,-,-,-
1899853,Entregas Finalizadas Manaus,6,-,-,2025-08-20 15:49:21,20/08/2025 15:49,-,-,-,-,-,-,-
1899665,Entregas Finalizadas Fora de Manaus,8,-,-,2025-08-21 13:23:26,21/08/2025 13:23,-,-,-,-,-,-,-
1898966,Entregas Finalizadas Manaus,6,-,-,2025-08-20 17:27:12,20/08/2025 17:27,-,-,-,-,-,-,-
1898874,Vendedor - Nova Encomenda,1,-,-,2025-08-20 13:16:45,20/08/2025 13:16,-,-,-,-,-,-,-
1898864,Entregas Finalizadas Fora de Manaus,8,-,-,2025-08-21 12:35:40,21/08/2025 12:35,-,-,-,-,-,-,-
1898858,Entregas Finalizadas Fora de Manaus,8,-,-,2025-08-20 17:50:59,20/08/2025 17:50,-,-,-,-,-,-,-
1898774,Vendedor - Nova Encomenda,1,-,-,2025-08-20 13:01:56,20/08/2025 13:01,-,-,-,-,-,-,-
1898634,Entregas Finalizadas Manaus,6,-,-,2025-08-20 18:39:38,20/08/2025 18:39,-,-,-,-,-,-,-
1898526,Entregas Finalizadas Manaus,6,-,-,2025-08-20 17:45:52,20/08/2025 17:45,-,-,-,-,-,-,-
1898270,Entregas Finalizadas Manaus,6,-,-,2025-08-20 14:03:53,20/08/2025 14:03,-,-,-,-,-,-,-
1897993,Entregas Finalizadas Manaus,6,-,-,2025-08-20 18:40:44,20/08/2025 18:40,-,-,-,-,-,-,-
1897672,Entregas Finalizadas Fora de Manaus,8,-,-,2025-08-20 13:49:28,20/08/2025 13:49,-,-,-,-,-,-,-
1897410,Entregas Finalizadas Fora de Manaus,8,-,-,2025-08-20 13:28:57,20/08/2025 13:28,-,-,-,-,-,-,-
1897402,Entregas Finalizadas Fora de Manaus,8,-,-,2025-08-21 13:15:54,21/08/2025 13:15,-,-,-,-,-,-,-
1897367,Entregas Finalizadas Fora de Manaus,8,-,-,2025-08-20 13:35:29,20/08/2025 13:35,-,-,-,-,-,-,-
1897038,Vendedor - Nova Encomenda,1,-,-,2025-08-20 10:10:22,20/08/2025 10:10,-,-,-,-,-,-,-
1896938,Entregas Finalizadas Manaus,6,-,-,2025-08-20 14:08:52,20/08/2025 14:08,-,-,-,-,-,-,-
1896810,Entregas Finalizadas Fora de Manaus,8,-,-,2025-08-20 12:54:52,20/08/2025 12:54,-,-,-,-,-,-,-
1896798,Entregas Finalizadas Fora de Manaus,8,-,-,2025-08-20 13:29:01,20/08/2025 13:29,-,-,-,-,-,-,-
1896622,Entregas Finalizadas Fora de Manaus,8,-,-,2025-08-21 12:57:39,21/08/2025 12:57,-,-,-,-,-,-,-
1896466,Entregas Finalizadas Fora de Manaus,8,-,-,2025-08-20 13:14:59,20/08/2025 13:14,-,-,-,-,-,-,-
1896464,Vendedor - Nova Encomenda,1,-,-,2025-08-20 09:44:08,20/08/2025 09:44,-,-,-,-,-,-,-
1896385,Entregas Finalizadas Fora de Manaus,8,-,-,2025-08-20 17:06:21,20/08/2025 17:06,-,-,-,-,-,-,-
1895817,Entregas Finalizadas Fora de Manaus,8,-,-,2025-08-20 12:36:15,20/08/2025 12:36,-,-,-,-,-,-,-
1895236,Vendedor - Nova Encomenda,1,-,-,2025-08-19 20:06:25,19/08/2025 20:06,-,-,-,-,-,-,-
1895231,Vendedor - Nova Encomenda,1,-,-,2025-08-19 19:58:17,19/08/2025 19:58,-,-,-,-,-,-,-
1895200,Vendedor - Nova Encomenda,1,-,-,2025-08-19 19:11:10,19/08/2025 19:11,-,-,-,-,-,-,-
1895197,Vendedor - Nova Encomenda,1,-,-,2025-08-19 19:07:36,19/08/2025 19:07,-,-,-,-,-,-,-
1895173,Entregas Finalizadas Fora de Manaus,8,-,-,2025-08-20 13:51:13,20/08/2025 13:51,-,-,-,-,-,-,-
1895144,Entregas Finalizadas Fora de Manaus,8,-,-,2025-08-20 18:20:14,20/08/2025 18:20,-,-,-,-,-,-,-
1895140,Entregas Finalizadas Fora de Manaus,8,-,-,2025-08-20 13:33:34,20/08/2025 13:33,-,-,-,-,-,-,-
1895111,Entregas Finalizadas Manaus,6,-,-,2025-08-20 14:23:02,20/08/2025 14:23,-,-,-,-,-,-,-
1895039,Entregas Finalizadas Fora de Manaus,8,-,-,2025-08-20 13:54:25,20/08/2025 13:54,-,-,-,-,-,-,-
1895025,Entregas Finalizadas Fora de Manaus,8,-,-,2025-08-20 13:39:30,20/08/2025 13:39,-,-,-,-,-,-,-
1894960,Vendedor - Nova Encomenda,1,-,-,2025-08-19 16:24:11,19/08/2025 16:24,-,-,-,-,-,-,-
1894715,Entregas Finalizadas Fora de Manaus,8,-,-,2025-08-21 13:17:09,21/08/2025 13:17,-,-,-,-,-,-,-
1894588,Entregas Finalizadas Fora de Manaus,8,-,-,2025-08-20 12:58:06,20/08/2025 12:58,-,-,-,-,-,-,-
1894561,Entregas Finalizadas Fora de Manaus,8,-,-,2025-08-19 16:34:29,19/08/2025 16:34,-,-,-,-,-,-,-
1894512,Vendedor - Nova Encomenda,1,-,-,2025-08-19 15:49:19,19/08/2025 15:49,-,-,-,-,-,-,-
1894376,Entregas Finalizadas Fora de Manaus,8,-,-,2025-08-21 13:52:04,21/08/2025 13:52,-,-,-,-,-,-,-
1894282,Entregas Finalizadas Fora de Manaus,8,-,-,2025-08-19 16:56:36,19/08/2025 16:56,-,-,-,-,-,-,-
1894210,Entregas Finalizadas Manaus,6,-,-,2025-08-19 17:07:18,19/08/2025 17:07,-,-,-,-,-,-,-
1894191,Entregas Finalizadas Manaus,6,-,-,2025-08-19 17:07:10,19/08/2025 17:07,-,-,-,-,-,-,-
1894108,Vendedor - Nova Encomenda,1,-,-,2025-08-19 14:21:42,19/08/2025 14:21,-,-,-,-,-,-,-
1894104,Entregas Finalizadas Manaus,6,-,-,2025-08-19 17:23:14,19/08/2025 17:23,-,-,-,-,-,-,-
1893841,Entregas Finalizadas Fora de Manaus,8,-,-,2025-08-19 17:08:48,19/08/2025 17:08,-,-,-,-,-,-,-
1893309,Vendedor - Nova Encomenda,1,-,-,2025-08-19 12:26:42,19/08/2025 12:26,-,-,-,-,-,-,-
1893258,Entregas Finalizadas Manaus,6,-,-,2025-08-19 16:54:51,19/08/2025 16:54,-,-,-,-,-,-,-
1893217,Entregas Finalizadas Fora de Manaus,8,-,-,2025-08-20 13:37:37,20/08/2025 13:37,-,-,-,-,-,-,-
1893186,Entregas Finalizadas Manaus,6,-,-,2025-08-19 16:53:46,19/08/2025 16:53,-,-,-,-,-,-,-
1893173,Entregas Finalizadas Fora de Manaus,8,-,-,2025-08-19 17:36:04,19/08/2025 17:36,-,-,-,-,-,-,-
1893166,Entregas Finalizadas Fora de Manaus,8,-,-,2025-08-19 16:53:04,19/08/2025 16:53,-,-,-,-,-,-,-
1892790,Entregas Finalizadas Fora de Manaus,8,-,-,2025-08-20 14:00:58,20/08/2025 14:00,-,-,-,-,-,-,-
1892735,Entregas Finalizadas Fora de Manaus,8,-,-,2025-08-19 18:09:58,19/08/2025 18:09,-,-,-,-,-,-,-
1892633,Entregas Finalizadas Fora de Manaus,8,-,-,2025-08-20 13:36:27,20/08/2025 13:36,-,-,-,-,-,-,-
1892587,Vendedor - Nova Encomenda,1,-,-,2025-08-19 10:30:18,19/08/2025 10:30,-,-,-,-,-,-,-
1892477,Entregas Finalizadas Fora de Manaus,8,-,-,2025-08-19 17:37:03,19/08/2025 17:37,-,-,-,-,-,-,-
1892353,Entregas Finalizadas Manaus,6,-,-,2025-08-19 14:31:29,19/08/2025 14:31,-,-,-,-,-,-,-
1892267,Entregas Finalizadas Fora de Manaus,8,-,-,2025-08-20 19:06:51,20/08/2025 19:06,-,-,-,-,-,-,-
1892080,Entregas Finalizadas Fora de Manaus,8,-,-,2025-08-19 17:38:25,19/08/2025 17:38,-,-,-,-,-,-,-
1891996,Entregas Finalizadas Fora de Manaus,8,-,-,2025-08-19 13:18:48,19/08/2025 13:18,-,-,-,-,-,-,-
1891976,Entregas Finalizadas Fora de Manaus,8,-,-,2025-08-19 17:13:11,19/08/2025 17:13,-,-,-,-,-,-,-
1891407,Entregas Finalizadas Fora de Manaus,8,-,-,2025-08-19 18:16:30,19/08/2025 18:16,-,-,-,-,-,-,-
1891071,Entregas Finalizadas Fora de Manaus,8,-,-,2025-08-19 14:54:36,19/08/2025 14:54,-,-,-,-,-,-,-
1891047,Entregas Finalizadas Fora de Manaus,8,-,-,2025-08-19 16:51:51,19/08/2025 16:51,-,-,-,-,-,-,-
1891030,Entregas Finalizadas Manaus,6,-,-,2025-08-19 14:24:57,19/08/2025 14:24,-,-,-,-,-,-,-
1891010,Entregas Finalizadas Fora de Manaus,8,-,-,2025-08-20 13:54:44,20/08/2025 13:54,-,-,-,-,-,-,-
1890919,Entregas Finalizadas Fora de Manaus,8,-,-,2025-08-19 13:17:44,19/08/2025 13:17,-,-,-,-,-,-,-
1890917,Entregas Finalizadas Fora de Manaus,8,-,-,2025-08-19 17:29:15,19/08/2025 17:29,-,-,-,-,-,-,-
1890607,Vendedor - Nova Encomenda,1,-,-,2025-08-18 16:09:59,18/08/2025 16:09,-,-,-,-,-,-,-
1890439,Vendedor - Nova Encomenda,1,-,-,2025-08-18 15:48:16,18/08/2025 15:48,-,-,-,-,-,-,-
1890085,Vendedor - Nova Encomenda,1,-,-,2025-08-18 15:19:24,18/08/2025 15:19,-,-,-,-,-,-,-
1889972,Entregas Finalizadas Fora de Manaus,8,-,-,2025-08-18 20:03:51,18/08/2025 20:03,-,-,-,-,-,-,-
1889624,Entregas Finalizadas Fora de Manaus,8,-,-,2025-08-19 18:12:02,19/08/2025 18:12,-,-,-,-,-,-,-
1889505,Entregas Finalizadas Manaus,6,-,-,2025-08-18 16:47:39,18/08/2025 16:47,-,-,-,-,-,-,-
1889332,Entregas Finalizadas Fora de Manaus,8,-,-,2025-08-18 18:05:54,18/08/2025 18:05,-,-,-,-,-,-,-
1889309,Entregas Finalizadas Fora de Manaus,8,-,-,2025-08-19 14:49:06,19/08/2025 14:49,-,-,-,-,-,-,-
1889207,Entregas Finalizadas Manaus,6,-,-,2025-08-18 17:32:57,18/08/2025 17:32,-,-,-,-,-,-,-
1889019,Entregas Finalizadas Manaus,6,-,-,2025-08-18 18:16:51,18/08/2025 18:16,-,-,-,-,-,-,-
1888912,Entregas Finalizadas Manaus,6,-,-,2025-08-18 17:46:14,18/08/2025 17:46,-,-,-,-,-,-,-
1888903,Entregas Finalizadas Manaus,6,-,-,2025-08-18 16:46:31,18/08/2025 16:46,-,-,-,-,-,-,-
1888899,Entregas Finalizadas Fora de Manaus,8,-,-,2025-08-19 18:29:40,19/08/2025 18:29,-,-,-,-,-,-,-
1888856,Entregas Finalizadas Fora de Manaus,8,-,-,2025-08-18 17:10:29,18/08/2025 17:10,-,-,-,-,-,-,-
1888848,Entregas Finalizadas Manaus,6,-,-,2025-08-18 17:50:59,18/08/2025 17:50,-,-,-,-,-,-,-
1888846,Entregas Finalizadas Manaus,6,-,-,2025-08-19 17:58:11,19/08/2025 17:58,-,-,-,-,-,-,-
1888818,Entregas Finalizadas Fora de Manaus,8,-,-,2025-08-19 14:03:27,19/08/2025 14:03,-,-,-,-,-,-,-
1888814,Entregas Finalizadas Fora de Manaus,8,-,-,2025-08-19 18:17:37,19/08/2025 18:17,-,-,-,-,-,-,-
1888786,Entregas Finalizadas Fora de Manaus,8,-,-,2025-08-18 22:07:59,18/08/2025 22:07,-,-,-,-,-,-,-
1888777,Vendedor - Nova Encomenda,1,-,-,2025-08-18 11:53:18,18/08/2025 11:53,-,-,-,-,-,-,-
1888754,Entregas Finalizadas Fora de Manaus,8,-,-,2025-08-18 16:38:22,18/08/2025 16:38,-,-,-,-,-,-,-
1888721,Logística - Despacho da Encomenda,2,-,00:00 Horas,2025-08-18 11:32:43,18/08/2025 11:32,-,18/08/2025 11:32,-,-,-,-,-
1888605,Entregas Finalizadas Fora de Manaus,8,-,-,2025-08-18 21:08:30,18/08/2025 21:08,-,-,-,-,-,-,-
1888570,Entregas Finalizadas Fora de Manaus,8,-,-,2025-08-18 20:07:17,18/08/2025 20:07,-,-,-,-,-,-,-
1888557,Entregas Finalizadas Fora de Manaus,8,-,-,2025-08-18 14:17:14,18/08/2025 14:17,-,-,-,-,-,-,-
1888514,Entregas Finalizadas Fora de Manaus,8,-,-,2025-08-18 21:01:28,18/08/2025 21:01,-,-,-,-,-,-,-
1888512,Entregas Finalizadas Fora de Manaus,8,-,-,2025-08-18 21:03:35,18/08/2025 21:03,-,-,-,-,-,-,-
1888464,Entregas Finalizadas Fora de Manaus,8,-,-,2025-08-18 22:13:35,18/08/2025 22:13,-,-,-,-,-,-,-
1888403,Entregas Finalizadas Fora de Manaus,8,-,-,2025-08-18 22:40:56,18/08/2025 22:40,-,-,-,-,-,-,-
1888307,Entregas Finalizadas Fora de Manaus,8,-,-,2025-08-18 13:19:58,18/08/2025 13:19,-,-,-,-,-,-,-
1888260,Entregas Finalizadas Fora de Manaus,8,-,-,2025-08-18 22:42:49,18/08/2025 22:42,-,-,-,-,-,-,-
1888005,Entregas Finalizadas Fora de Manaus,8,-,-,2025-08-18 20:16:31,18/08/2025 20:16,-,-,-,-,-,-,-
1887353,Vendedor - Nova Encomenda,1,-,-,2025-08-16 19:53:35,16/08/2025 19:53,-,-,-,-,-,-,-
1887219,Entregas Finalizadas Fora de Manaus,8,-,-,2025-08-18 21:06:31,18/08/2025 21:06,-,-,-,-,-,-,-
1887203,Entregas Finalizadas Fora de Manaus,8,-,-,2025-08-18 13:22:00,18/08/2025 13:22,-,-,-,-,-,-,-
1887196,Entregas Finalizadas Fora de Manaus,8,-,-,2025-08-19 14:16:52,19/08/2025 14:16,-,-,-,-,-,-,-
1887113,Entregas Finalizadas Fora de Manaus,8,-,-,2025-08-16 13:11:39,16/08/2025 13:11,-,-,-,-,-,-,-
1887107,Entregas Finalizadas Manaus,6,-,-,2025-08-16 17:53:53,16/08/2025 17:53,-,-,-,-,-,-,-
1887075,Entregas Finalizadas Fora de Manaus,8,-,-,2025-08-18 22:10:00,18/08/2025 22:10,-,-,-,-,-,-,-
1887055,Entregas Finalizadas Fora de Manaus,8,-,-,2025-08-16 12:24:28,16/08/2025 12:24,-,-,-,-,-,-,-
1887050,Entregas Finalizadas Manaus,6,-,-,2025-08-16 14:14:21,16/08/2025 14:14,-,-,-,-,-,-,-
1887041,Entregas Finalizadas Manaus,6,-,-,2025-08-16 13:32:51,16/08/2025 13:32,-,-,-,-,-,-,-
1887033,Vendedor - Nova Encomenda,1,-,-,2025-08-16 10:03:50,16/08/2025 10:03,-,-,-,-,-,-,-
1887023,Entregas Finalizadas Fora de Manaus,8,-,-,2025-08-18 20:37:26,18/08/2025 20:37,-,-,-,-,-,-,-
1887021,Entregas Finalizadas Manaus,6,-,-,2025-08-16 14:24:30,16/08/2025 14:24,-,-,-,-,-,-,-
1887015,Entregas Finalizadas Manaus,6,-,-,2025-08-16 13:19:43,16/08/2025 13:19,-,-,-,-,-,-,-
1886832,Vendedor - Nova Encomenda,1,-,-,2025-08-15 18:46:06,15/08/2025 18:46,-,-,-,-,-,-,-
1886826,Entregas Finalizadas Fora de Manaus,8,-,-,2025-08-16 13:45:55,16/08/2025 13:45,-,-,-,-,-,-,-
1886818,Entregas Finalizadas Fora de Manaus,8,-,-,2025-08-16 13:48:02,16/08/2025 13:48,-,-,-,-,-,-,-
1886812,Entregas Finalizadas Manaus,6,-,-,2025-08-16 12:55:28,16/08/2025 12:55,-,-,-,-,-,-,-
1886810,Entregas Finalizadas Fora de Manaus,8,-,-,2025-08-16 13:40:45,16/08/2025 13:40,-,-,-,-,-,-,-
1886783,Entregas Finalizadas Fora de Manaus,8,-,-,2025-08-18 20:48:56,18/08/2025 20:48,-,-,-,-,-,-,-
1886767,Entregas Finalizadas Manaus,6,-,-,2025-08-16 12:59:17,16/08/2025 12:59,-,-,-,-,-,-,-
1886709,Entregas Finalizadas Fora de Manaus,8,-,-,2025-08-18 22:11:45,18/08/2025 22:11,-,-,-,-,-,-,-
1886705,Entregas Finalizadas Fora de Manaus,8,-,-,2025-08-16 13:38:45,16/08/2025 13:38,-,-,-,-,-,-,-
1886672,Vendedor - Nova Encomenda,1,-,-,2025-08-15 16:42:21,15/08/2025 16:42,-,-,-,-,-,-,-
1886622,Entregas Finalizadas Fora de Manaus,8,-,-,2025-08-15 17:33:32,15/08/2025 17:33,-,-,-,-,-,-,-
1886597,Entregas Finalizadas Fora de Manaus,8,-,-,2025-08-16 12:37:22,16/08/2025 12:37,-,-,-,-,-,-,-
1886587,Entregas Finalizadas Fora de Manaus,8,-,-,2025-08-16 13:43:00,16/08/2025 13:43,-,-,-,-,-,-,-
1886579,Entregas Finalizadas Fora de Manaus,8,-,-,2025-08-15 16:23:40,15/08/2025 16:23,-,-,-,-,-,-,-
1886563,Vendedor - Nova Encomenda,1,-,-,2025-08-15 15:49:31,15/08/2025 15:49,-,-,-,-,-,-,-
1886557,Entregas Finalizadas Fora de Manaus,8,-,-,2025-08-18 14:13:21,18/08/2025 14:13,-,-,-,-,-,-,-
1886502,Entregas Finalizadas Fora de Manaus,8,-,-,2025-08-15 20:37:09,15/08/2025 20:37,-,-,-,-,-,-,-
1886465,Entregas Finalizadas Fora de Manaus,8,-,-,2025-08-15 17:55:56,15/08/2025 17:55,-,-,-,-,-,-,-
1886456,Entregas Finalizadas Fora de Manaus,8,-,-,2025-08-15 17:06:05,15/08/2025 17:06,-,-,-,-,-,-,-
1886453,Entregas Finalizadas Fora de Manaus,8,-,-,2025-08-15 17:39:28,15/08/2025 17:39,-,-,-,-,-,-,-
1886410,Entregas Finalizadas Manaus,6,-,-,2025-08-15 18:05:28,15/08/2025 18:05,-,-,-,-,-,-,-
1886339,Entregas Finalizadas Fora de Manaus,8,-,-,2025-08-15 20:29:07,15/08/2025 20:29,-,-,-,-,-,-,-
1886306,Entregas Finalizadas Fora de Manaus,8,-,-,2025-08-15 17:38:16,15/08/2025 17:38,-,-,-,-,-,-,-
1886243,Entregas Finalizadas Fora de Manaus,8,-,-,2025-08-15 17:00:53,15/08/2025 17:00,-,-,-,-,-,-,-
1886216,Entregas Finalizadas Fora de Manaus,8,-,-,2025-08-18 19:59:39,18/08/2025 19:59,-,-,-,-,-,-,-
1886152,Entregas Finalizadas Fora de Manaus,8,-,-,2025-08-18 20:02:07,18/08/2025 20:02,-,-,-,-,-,-,-
1886126,Vendedor - Nova Encomenda,1,-,-,2025-08-15 11:51:08,15/08/2025 11:51,-,-,-,-,-,-,-
1886109,Entregas Finalizadas Manaus,6,-,-,2025-08-15 17:46:35,15/08/2025 17:46,-,-,-,-,-,-,-
1886095,Entregas Finalizadas Manaus,6,-,-,2025-08-15 15:19:04,15/08/2025 15:19,-,-,-,-,-,-,-
1886074,Entregas Finalizadas Fora de Manaus,8,-,-,2025-08-15 20:41:55,15/08/2025 20:41,-,-,-,-,-,-,-
1886048,Entregas Finalizadas Fora de Manaus,8,-,-,2025-08-15 20:23:45,15/08/2025 20:23,-,-,-,-,-,-,-
1886046,Entregas Finalizadas Fora de Manaus,8,-,-,2025-08-15 20:43:35,15/08/2025 20:43,-,-,-,-,-,-,-
1886037,Entregas Finalizadas Manaus,6,-,-,2025-08-15 17:51:53,15/08/2025 17:51,-,-,-,-,-,-,-
1886035,Entregas Finalizadas Fora de Manaus,8,-,-,2025-08-15 20:14:45,15/08/2025 20:14,-,-,-,-,-,-,-
1885950,Entregas Finalizadas Fora de Manaus,8,-,-,2025-08-15 15:58:15,15/08/2025 15:58,-,-,-,-,-,-,-
1885934,Entregas Finalizadas Fora de Manaus,8,-,-,2025-08-15 13:16:25,15/08/2025 13:16,-,-,-,-,-,-,-
1885931,Entregas Finalizadas Fora de Manaus,8,-,-,2025-08-15 16:50:39,15/08/2025 16:50,-,-,-,-,-,-,-
1885924,Entregas Finalizadas Fora de Manaus,8,-,-,2025-08-15 17:23:37,15/08/2025 17:23,-,-,-,-,-,-,-
1885911,Entregas Finalizadas Fora de Manaus,8,-,-,2025-08-15 20:34:08,15/08/2025 20:34,-,-,-,-,-,-,-
1885909,Entregas Finalizadas Fora de Manaus,8,-,-,2025-08-15 13:20:59,15/08/2025 13:20,-,-,-,-,-,-,-
1885904,Entregas Finalizadas Fora de Manaus,8,-,-,2025-08-18 22:18:50,18/08/2025 22:18,-,-,-,-,-,-,-
1885894,Entregas Finalizadas Fora de Manaus,8,-,-,2025-08-18 22:44:25,18/08/2025 22:44,-,-,-,-,-,-,-
1885879,Entregas Finalizadas Fora de Manaus,8,-,-,2025-08-19 14:46:57,19/08/2025 14:46,-,-,-,-,-,-,-
1885836,Entregas Finalizadas Fora de Manaus,8,-,-,2025-08-18 22:23:27,18/08/2025 22:23,-,-,-,-,-,-,-
1885743,Entregas Finalizadas Manaus,6,-,-,2025-08-15 18:40:20,15/08/2025 18:40,-,-,-,-,-,-,-
1885642,Entregas Finalizadas Fora de Manaus,8,-,-,2025-08-15 20:21:30,15/08/2025 20:21,-,-,-,-,-,-,-
1885638,Entregas Finalizadas Manaus,6,-,-,2025-08-15 13:38:08,15/08/2025 13:38,-,-,-,-,-,-,-
1885479,Vendedor - Nova Encomenda,1,-,-,2025-08-14 16:43:18,14/08/2025 16:43,-,-,-,-,-,-,-
1885426,Entregas Finalizadas Fora de Manaus,8,-,-,2025-08-15 14:46:43,15/08/2025 14:46,-,-,-,-,-,-,-
1885416,Entregas Finalizadas Fora de Manaus,8,-,-,2025-08-15 16:51:54,15/08/2025 16:51,-,-,-,-,-,-,-
1885413,Entregas Finalizadas Fora de Manaus,8,-,-,2025-08-16 13:52:36,16/08/2025 13:52,-,-,-,-,-,-,-
1885325,Vendedor - Nova Encomenda,1,-,-,2025-08-14 15:32:23,14/08/2025 15:32,-,-,-,-,-,-,-
1885234,Entregas Finalizadas Manaus,6,-,-,2025-08-15 13:36:37,15/08/2025 13:36,-,-,-,-,-,-,-
1885227,Entregas Finalizadas Fora de Manaus,8,-,-,2025-08-15 20:47:43,15/08/2025 20:47,-,-,-,-,-,-,-
1885221,Entregas Finalizadas Fora de Manaus,8,-,-,2025-08-15 20:46:05,15/08/2025 20:46,-,-,-,-,-,-,-
1885209,Entregas Finalizadas Fora de Manaus,8,-,-,2025-08-14 15:12:08,14/08/2025 15:12,-,-,-,-,-,-,-
1885178,Vendedor - Nova Encomenda,1,-,-,2025-08-14 14:27:05,14/08/2025 14:27,-,-,-,-,-,-,-
1885176,Entregas Finalizadas Fora de Manaus,8,-,-,2025-08-18 22:35:53,18/08/2025 22:35,-,-,-,-,-,-,-
1885065,Entregas Finalizadas Manaus,6,-,-,2025-08-14 16:51:32,14/08/2025 16:51,-,-,-,-,-,-,-
1885031,Entregas Finalizadas Fora de Manaus,8,-,-,2025-08-15 00:20:54,15/08/2025 00:20,-,-,-,-,-,-,-
1885020,Entregas Finalizadas Manaus,6,-,-,2025-08-14 17:05:54,14/08/2025 17:05,-,-,-,-,-,-,-
1884965,Entregas Finalizadas Fora de Manaus,8,-,-,2025-08-15 00:16:31,15/08/2025 00:16,-,-,-,-,-,-,-
1884963,Entregas Finalizadas Fora de Manaus,8,-,-,2025-08-14 16:58:37,14/08/2025 16:58,-,-,-,-,-,-,-
1884951,Entregas Finalizadas Manaus,6,-,-,2025-08-14 17:29:41,14/08/2025 17:29,-,-,-,-,-,-,-
1884947,Entregas Finalizadas Fora de Manaus,8,-,-,2025-08-15 00:14:57,15/08/2025 00:14,-,-,-,-,-,-,-
1884897,Entregas Finalizadas Fora de Manaus,8,-,-,2025-08-15 00:13:09,15/08/2025 00:13,-,-,-,-,-,-,-
1884880,Entregas Finalizadas Fora de Manaus,8,-,-,2025-08-15 20:19:53,15/08/2025 20:19,-,-,-,-,-,-,-
1884867,Entregas Finalizadas Manaus,6,-,-,2025-08-14 17:54:42,14/08/2025 17:54,-,-,-,-,-,-,-
1884818,Entregas Finalizadas Fora de Manaus,8,-,-,2025-08-15 20:26:48,15/08/2025 20:26,-,-,-,-,-,-,-
1884763,Entregas Finalizadas Manaus,6,-,-,2025-08-14 17:56:29,14/08/2025 17:56,-,-,-,-,-,-,-
1884753,Entregas Finalizadas Fora de Manaus,8,-,-,2025-08-15 10:46:26,15/08/2025 10:46,-,-,-,-,-,-,-
1884734,Entregas Finalizadas Fora de Manaus,8,-,-,2025-08-15 00:18:24,15/08/2025 00:18,-,-,-,-,-,-,-
1884670,Entregas Finalizadas Manaus,6,-,-,2025-08-14 14:38:57,14/08/2025 14:38,-,-,-,-,-,-,-
1884660,Entregas Finalizadas Manaus,6,-,-,2025-08-14 18:22:16,14/08/2025 18:22,-,-,-,-,-,-,-
1884653,Entregas Finalizadas Fora de Manaus,8,-,-,2025-08-14 14:00:40,14/08/2025 14:00,-,-,-,-,-,-,-
1884642,Entregas Finalizadas Fora de Manaus,8,-,-,2025-08-14 13:05:17,14/08/2025 13:05,-,-,-,-,-,-,-
1884417,Entregas Finalizadas Fora de Manaus,8,-,-,2025-08-14 17:24:37,14/08/2025 17:24,-,-,-,-,-,-,-
1884328,Entregas Finalizadas Fora de Manaus,8,-,-,2025-08-16 12:39:31,16/08/2025 12:39,-,-,-,-,-,-,-
1884306,Entregas Finalizadas Fora de Manaus,8,-,-,2025-08-15 14:48:25,15/08/2025 14:48,-,-,-,-,-,-,-
1884282,Entregas Finalizadas Fora de Manaus,8,-,-,2025-08-14 15:36:58,14/08/2025 15:36,-,-,-,-,-,-,-
1884250,Vendedor - Nova Encomenda,1,-,-,2025-08-13 17:49:32,13/08/2025 17:49,-,-,-,-,-,-,-
1884243,Entregas Finalizadas Fora de Manaus,8,-,-,2025-08-14 10:58:31,14/08/2025 10:58,-,-,-,-,-,-,-
1884232,Vendedor - Nova Encomenda,1,-,-,2025-08-13 17:37:03,13/08/2025 17:37,-,-,-,-,-,-,-
1884226,Entregas Finalizadas Manaus,6,-,-,2025-08-14 14:40:02,14/08/2025 14:40,-,-,-,-,-,-,-
1884186,Vendedor - Nova Encomenda,1,-,-,2025-08-13 17:00:06,13/08/2025 17:00,-,-,-,-,-,-,-
1884136,Entregas Finalizadas Fora de Manaus,8,-,-,2025-08-13 19:54:12,13/08/2025 19:54,-,-,-,-,-,-,-
1884059,Logística - Despacho da Encomenda,2,-,00:00 Horas,2025-08-14 09:52:34,14/08/2025 09:52,-,14/08/2025 09:52,-,-,-,-,-
1884024,Entregas Finalizadas Fora de Manaus,8,-,-,2025-08-14 13:22:18,14/08/2025 13:22,-,-,-,-,-,-,-
1883981,Entregas Finalizadas Fora de Manaus,8,-,-,2025-08-13 17:03:52,13/08/2025 17:03,-,-,-,-,-,-,-
1883941,Entregas Finalizadas Fora de Manaus,8,-,-,2025-08-13 16:34:29,13/08/2025 16:34,-,-,-,-,-,-,-
1883925,Entregas Finalizadas Manaus,6,-,-,2025-08-13 16:48:19,13/08/2025 16:48,-,-,-,-,-,-,-
1883861,Entregas Finalizadas Fora de Manaus,8,-,-,2025-08-14 12:49:12,14/08/2025 12:49,-,-,-,-,-,-,-
1883855,Entregas Finalizadas Manaus,6,-,-,2025-08-13 18:07:16,13/08/2025 18:07,-,-,-,-,-,-,-
1883844,Logística - Despacho da Encomenda,2,-,00:00 Horas,2025-08-13 16:06:59,13/08/2025 16:06,-,13/08/2025 16:06,-,-,-,-,-
1883836,Logística - Despacho da Encomenda,2,-,00:00 Horas,2025-08-13 16:06:05,13/08/2025 16:06,-,13/08/2025 16:06,-,-,-,-,-
1883832,Entregas Finalizadas Fora de Manaus,8,-,-,2025-08-21 18:19:16,21/08/2025 18:19,-,-,-,-,-,-,-
1883792,Entregas Finalizadas Fora de Manaus,8,-,-,2025-08-15 20:39:27,15/08/2025 20:39,-,-,-,-,-,-,-
1883759,Entregas Finalizadas Manaus,6,-,-,2025-08-13 16:53:54,13/08/2025 16:53,-,-,-,-,-,-,-
1883687,Entregas Finalizadas Fora de Manaus,8,-,-,2025-08-15 15:56:35,15/08/2025 15:56,-,-,-,-,-,-,-
1883673,Entregas Finalizadas Fora de Manaus,8,-,-,2025-08-13 17:06:15,13/08/2025 17:06,-,-,-,-,-,-,-
1883569,Entregas Finalizadas Manaus,6,-,-,2025-08-13 17:32:40,13/08/2025 17:32,-,-,-,-,-,-,-
1883487,Entregas Finalizadas Fora de Manaus,8,-,-,2025-08-13 19:49:39,13/08/2025 19:49,-,-,-,-,-,-,-
1883285,Entregas Finalizadas Manaus,6,-,-,2025-08-13 14:21:30,13/08/2025 14:21,-,-,-,-,-,-,-
1883268,Entregas Finalizadas Fora de Manaus,8,-,-,2025-08-14 12:53:22,14/08/2025 12:53,-,-,-,-,-,-,-
1883157,Entregas Finalizadas Fora de Manaus,8,-,-,2025-08-13 20:38:46,13/08/2025 20:38,-,-,-,-,-,-,-
1883019,Entregas Finalizadas Fora de Manaus,8,-,-,2025-08-13 19:52:38,13/08/2025 19:52,-,-,-,-,-,-,-
1882886,Entregas Finalizadas Fora de Manaus,8,-,-,2025-08-15 20:17:12,15/08/2025 20:17,-,-,-,-,-,-,-
1882882,Entregas Finalizadas Fora de Manaus,8,-,-,2025-08-14 07:36:02,14/08/2025 07:36,-,-,-,-,-,-,-
1882878,Entregas Finalizadas Fora de Manaus,8,-,-,2025-08-14 07:38:50,14/08/2025 07:38,-,-,-,-,-,-,-
1882839,Entregas Finalizadas Manaus,6,-,-,2025-08-13 13:11:29,13/08/2025 13:11,-,-,-,-,-,-,-
1882824,Entregas Finalizadas Fora de Manaus,8,-,-,2025-08-14 14:10:53,14/08/2025 14:10,-,-,-,-,-,-,-
1882801,Entregas Finalizadas Fora de Manaus,8,-,-,2025-08-14 07:40:53,14/08/2025 07:40,-,-,-,-,-,-,-
1882778,Entregas Finalizadas Fora de Manaus,8,-,-,2025-08-18 22:27:53,18/08/2025 22:27,-,-,-,-,-,-,-
1882739,Entregas Finalizadas Fora de Manaus,8,-,-,2025-08-14 07:30:27,14/08/2025 07:30,-,-,-,-,-,-,-
1882618,Entregas Finalizadas Manaus,6,-,-,2025-08-12 16:57:23,12/08/2025 16:57,-,-,-,-,-,-,-
1882613,Vendedor - Nova Encomenda,1,-,-,2025-08-12 15:45:06,12/08/2025 15:45,-,-,-,-,-,-,-
1882580,Entregas Finalizadas Manaus,6,-,-,2025-08-13 15:41:56,13/08/2025 15:41,-,-,-,-,-,-,-
1882557,Entregas Finalizadas Fora de Manaus,8,-,-,2025-08-12 17:53:16,12/08/2025 17:53,-,-,-,-,-,-,-
1882555,Entregas Finalizadas Manaus,6,-,-,2025-08-12 17:23:38,12/08/2025 17:23,-,-,-,-,-,-,-
1882532,Entregas Finalizadas Manaus,6,-,-,2025-08-12 18:01:20,12/08/2025 18:01,-,-,-,-,-,-,-
1882334,Entregas Finalizadas Fora de Manaus,8,-,-,2025-08-13 19:57:59,13/08/2025 19:57,-,-,-,-,-,-,-
1882018,Entregas Finalizadas Fora de Manaus,8,-,-,2025-08-12 17:59:11,12/08/2025 17:59,-,-,-,-,-,-,-
1881929,Entregas Finalizadas Fora de Manaus,8,-,-,2025-08-15 00:24:05,15/08/2025 00:24,-,-,-,-,-,-,-
1881831,Entregas Finalizadas Fora de Manaus,8,-,-,2025-08-21 18:20:24,21/08/2025 18:20,-,-,-,-,-,-,-
1881572,Entregas Finalizadas Manaus,6,-,-,2025-08-12 17:34:22,12/08/2025 17:34,-,-,-,-,-,-,-
1881438,Vendedor - Nova Encomenda,1,-,-,2025-08-12 13:41:42,12/08/2025 13:41,-,-,-,-,-,-,-
1881286,Entregas Finalizadas Fora de Manaus,8,-,-,2025-08-15 00:22:40,15/08/2025 00:22,-,-,-,-,-,-,-
1881102,Entregas Finalizadas Fora de Manaus,8,-,-,2025-08-12 16:11:12,12/08/2025 16:11,-,-,-,-,-,-,-
1880618,Entregas Finalizadas Manaus,6,-,-,2025-08-12 14:20:08,12/08/2025 14:20,-,-,-,-,-,-,-
1880238,Entregas Finalizadas Manaus,6,-,-,2025-08-12 17:48:38,12/08/2025 17:48,-,-,-,-,-,-,-
1880224,Entregas Finalizadas Fora de Manaus,8,-,-,2025-08-12 17:57:24,12/08/2025 17:57,-,-,-,-,-,-,-
1880172,Entregas Finalizadas Manaus,6,-,-,2025-08-12 17:35:18,12/08/2025 17:35,-,-,-,-,-,-,-
1880171,Entregas Finalizadas Manaus,6,-,-,2025-08-13 14:02:04,13/08/2025 14:02,-,-,-,-,-,-,-
1880145,Entregas Finalizadas Fora de Manaus,8,-,-,2025-08-12 13:54:23,12/08/2025 13:54,-,-,-,-,-,-,-
1880034,Entregas Finalizadas Fora de Manaus,8,-,-,2025-08-15 00:25:27,15/08/2025 00:25,-,-,-,-,-,-,-
1879966,Entregas Finalizadas Fora de Manaus,8,-,-,2025-08-13 12:36:54,13/08/2025 12:36,-,-,-,-,-,-,-
1879954,Entregas Finalizadas Manaus,6,-,-,2025-08-12 18:24:20,12/08/2025 18:24,-,-,-,-,-,-,-
1879945,Entregas Finalizadas Fora de Manaus,8,-,-,2025-08-12 10:19:52,12/08/2025 10:19,-,-,-,-,-,-,-
1879936,Entregas Finalizadas Fora de Manaus,8,-,-,2025-08-13 20:40:20,13/08/2025 20:40,-,-,-,-,-,-,-
1879918,Entregas Finalizadas Fora de Manaus,8,-,-,2025-08-12 18:07:14,12/08/2025 18:07,-,-,-,-,-,-,-
1879909,Entregas Finalizadas Fora de Manaus,8,-,-,2025-08-12 17:15:04,12/08/2025 17:15,-,-,-,-,-,-,-
1879891,Entregas Finalizadas Fora de Manaus,8,-,-,2025-08-15 10:43:40,15/08/2025 10:43,-,-,-,-,-,-,-
1879683,Entregas Finalizadas Fora de Manaus,8,-,-,2025-08-12 13:35:47,12/08/2025 13:35,-,-,-,-,-,-,-
1879679,Vendedor - Nova Encomenda,1,-,-,2025-08-11 22:06:56,11/08/2025 22:06,-,-,-,-,-,-,-
1879570,Entregas Finalizadas Fora de Manaus,8,-,-,2025-08-12 13:41:14,12/08/2025 13:41,-,-,-,-,-,-,-
1879562,Entregas Finalizadas Fora de Manaus,8,-,-,2025-08-12 17:42:12,12/08/2025 17:42,-,-,-,-,-,-,-
1879560,Entregas Finalizadas Fora de Manaus,8,-,-,2025-08-12 17:08:26,12/08/2025 17:08,-,-,-,-,-,-,-
1879558,Entregas Finalizadas Fora de Manaus,8,-,-,2025-08-12 18:25:19,12/08/2025 18:25,-,-,-,-,-,-,-
1879515,Entregas Finalizadas Fora de Manaus,8,-,-,2025-08-12 18:08:58,12/08/2025 18:08,-,-,-,-,-,-,-
1879476,Vendedor - Nova Encomenda,1,-,-,2025-08-11 17:19:34,11/08/2025 17:19,-,-,-,-,-,-,-
1879472,Entregas Finalizadas Fora de Manaus,8,-,-,2025-08-12 17:21:57,12/08/2025 17:21,-,-,-,-,-,-,-
1879296,Vendedor - Nova Encomenda,1,-,-,2025-08-11 16:09:36,11/08/2025 16:09,-,-,-,-,-,-,-
1879169,Entregas Finalizadas Fora de Manaus,8,-,-,2025-08-14 13:20:11,14/08/2025 13:20,-,-,-,-,-,-,-
1878935,Entregas Finalizadas Fora de Manaus,8,-,-,2025-08-11 21:58:43,11/08/2025 21:58,-,-,-,-,-,-,-
1878616,Entregas Finalizadas Fora de Manaus,8,-,-,2025-08-11 22:10:02,11/08/2025 22:10,-,-,-,-,-,-,-
1878615,Entregas Finalizadas Fora de Manaus,8,-,-,2025-08-14 12:39:50,14/08/2025 12:39,-,-,-,-,-,-,-
1878612,Entregas Finalizadas Fora de Manaus,8,-,-,2025-08-11 16:58:02,11/08/2025 16:58,-,-,-,-,-,-,-
1878584,Entregas Finalizadas Fora de Manaus,8,-,-,2025-08-11 22:15:56,11/08/2025 22:15,-,-,-,-,-,-,-
1878565,Entregas Finalizadas Manaus,6,-,-,2025-08-11 13:48:23,11/08/2025 13:48,-,-,-,-,-,-,-
1878559,Entregas Finalizadas Fora de Manaus,8,-,-,2025-08-22 10:35:23,22/08/2025 10:35,-,-,-,-,-,-,-
1878363,Entregas Finalizadas Fora de Manaus,8,-,-,2025-08-11 22:18:00,11/08/2025 22:18,-,-,-,-,-,-,-
1878209,Entregas Finalizadas Fora de Manaus,8,-,-,2025-08-12 12:23:39,12/08/2025 12:23,-,-,-,-,-,-,-
1878126,Entregas Finalizadas Fora de Manaus,8,-,-,2025-08-11 22:06:17,11/08/2025 22:06,-,-,-,-,-,-,-
1878033,Entregas Finalizadas Fora de Manaus,8,-,-,2025-08-11 22:01:11,11/08/2025 22:01,-,-,-,-,-,-,-
1878029,Entregas Finalizadas Fora de Manaus,8,-,-,2025-08-11 22:12:32,11/08/2025 22:12,-,-,-,-,-,-,-
1878015,Vendedor - Nova Encomenda,1,-,-,2025-08-11 12:09:39,11/08/2025 12:09,-,-,-,-,-,-,-
1877927,Entregas Finalizadas Fora de Manaus,8,-,-,2025-08-11 15:03:58,11/08/2025 15:03,-,-,-,-,-,-,-
1877825,Entregas Finalizadas Fora de Manaus,8,-,-,2025-08-11 21:52:03,11/08/2025 21:52,-,-,-,-,-,-,-
1877672,Entregas Finalizadas Manaus,6,-,-,2025-08-11 17:49:19,11/08/2025 17:49,-,-,-,-,-,-,-
1877608,Entregas Finalizadas Fora de Manaus,8,-,-,2025-08-11 13:21:17,11/08/2025 13:21,-,-,-,-,-,-,-
1877110,Entregas Finalizadas Fora de Manaus,8,-,-,2025-08-11 22:23:20,11/08/2025 22:23,-,-,-,-,-,-,-
1876921,Entregas Finalizadas Fora de Manaus,8,-,-,2025-08-11 13:38:48,11/08/2025 13:38,-,-,-,-,-,-,-
1876750,Entregas Finalizadas Fora de Manaus,8,-,-,2025-08-11 17:05:21,11/08/2025 17:05,-,-,-,-,-,-,-
1876666,Entregas Finalizadas Fora de Manaus,8,-,-,2025-08-11 17:14:31,11/08/2025 17:14,-,-,-,-,-,-,-
1876659,Entregas Finalizadas Fora de Manaus,8,-,-,2025-08-11 17:23:32,11/08/2025 17:23,-,-,-,-,-,-,-
1876643,Entregas Finalizadas Fora de Manaus,8,-,-,2025-08-11 16:53:43,11/08/2025 16:53,-,-,-,-,-,-,-
1876638,Entregas Finalizadas Fora de Manaus,8,-,-,2025-08-11 22:20:53,11/08/2025 22:20,-,-,-,-,-,-,-
1876563,Entregas Finalizadas Manaus,6,-,-,2025-08-11 12:53:31,11/08/2025 12:53,-,-,-,-,-,-,-
1876412,Vendedor - Nova Encomenda,1,-,-,2025-08-11 09:15:50,11/08/2025 09:15,-,-,-,-,-,-,-
1876389,Entregas Finalizadas Fora de Manaus,8,-,-,2025-08-12 18:06:10,12/08/2025 18:06,-,-,-,-,-,-,-
1875908,Entregas Finalizadas Fora de Manaus,8,-,-,2025-08-11 15:08:10,11/08/2025 15:08,-,-,-,-,-,-,-
1875821,Entregas Finalizadas Fora de Manaus,8,-,-,2025-08-11 22:29:49,11/08/2025 22:29,-,-,-,-,-,-,-
1875813,Entregas Finalizadas Fora de Manaus,8,-,-,2025-08-11 22:33:32,11/08/2025 22:33,-,-,-,-,-,-,-
1875803,Entregas Finalizadas Fora de Manaus,8,-,-,2025-08-11 17:17:39,11/08/2025 17:17,-,-,-,-,-,-,-
1875766,Entregas Finalizadas Fora de Manaus,8,-,-,2025-08-11 22:35:59,11/08/2025 22:35,-,-,-,-,-,-,-
1875760,Entregas Finalizadas Fora de Manaus,8,-,-,2025-08-11 17:19:27,11/08/2025 17:19,-,-,-,-,-,-,-
1875750,Entregas Finalizadas Fora de Manaus,8,-,-,2025-08-11 22:25:38,11/08/2025 22:25,-,-,-,-,-,-,-
1875746,Entregas Finalizadas Fora de Manaus,8,-,-,2025-08-09 12:37:08,09/08/2025 12:37,-,-,-,-,-,-,-
1875729,Entregas Finalizadas Fora de Manaus,8,-,-,2025-08-09 13:09:31,09/08/2025 13:09,-,-,-,-,-,-,-
1875724,Entregas Finalizadas Manaus,6,-,-,2025-08-09 13:47:40,09/08/2025 13:47,-,-,-,-,-,-,-
1875721,Entregas Finalizadas Manaus,6,-,-,2025-08-09 14:12:03,09/08/2025 14:12,-,-,-,-,-,-,-
1875714,Entregas Finalizadas Manaus,6,-,-,2025-08-09 12:35:40,09/08/2025 12:35,-,-,-,-,-,-,-
1875712,Entregas Finalizadas Manaus,6,-,-,2025-08-09 16:13:23,09/08/2025 16:13,-,-,-,-,-,-,-
1875624,Vendedor - Nova Encomenda,1,-,-,2025-08-08 21:26:22,08/08/2025 21:26,-,-,-,-,-,-,-
1875581,Entregas Finalizadas Manaus,6,-,-,2025-08-09 16:12:46,09/08/2025 16:12,-,-,-,-,-,-,-
1875549,Entregas Finalizadas Fora de Manaus,8,-,-,2025-08-09 12:54:30,09/08/2025 12:54,-,-,-,-,-,-,-
1875542,Entregas Finalizadas Manaus,6,-,-,2025-08-09 16:26:39,09/08/2025 16:26,-,-,-,-,-,-,-
1875505,Entregas Finalizadas Fora de Manaus,8,-,-,2025-08-11 13:28:03,11/08/2025 13:28,-,-,-,-,-,-,-
1875499,Entregas Finalizadas Fora de Manaus,8,-,-,2025-08-09 13:07:57,09/08/2025 13:07,-,-,-,-,-,-,-
1875440,Entregas Finalizadas Fora de Manaus,8,-,-,2025-08-09 12:17:02,09/08/2025 12:17,-,-,-,-,-,-,-
1875438,Entregas Finalizadas Fora de Manaus,8,-,-,2025-08-12 17:31:57,12/08/2025 17:31,-,-,-,-,-,-,-
1875415,Entregas Finalizadas Fora de Manaus,8,-,-,2025-08-09 13:01:59,09/08/2025 13:01,-,-,-,-,-,-,-
1875271,Vendedor - Nova Encomenda,1,-,-,2025-08-08 15:52:49,08/08/2025 15:52,-,-,-,-,-,-,-
1875243,Entregas Finalizadas Fora de Manaus,8,-,-,2025-08-08 17:03:19,08/08/2025 17:03,-,-,-,-,-,-,-
1875221,Entregas Finalizadas Fora de Manaus,8,-,-,2025-08-09 10:16:27,09/08/2025 10:16,-,-,-,-,-,-,-
1875215,Vendedor - Nova Encomenda,1,-,-,2025-08-08 15:29:03,08/08/2025 15:29,-,-,-,-,-,-,-
1875207,Vendedor - Nova Encomenda,1,-,-,2025-08-08 15:22:43,08/08/2025 15:22,-,-,-,-,-,-,-
1875168,Entregas Finalizadas Manaus,6,-,-,2025-08-08 17:38:46,08/08/2025 17:38,-,-,-,-,-,-,-
1875130,Entregas Finalizadas Manaus,6,-,-,2025-08-08 19:45:49,08/08/2025 19:45,-,-,-,-,-,-,-
1875113,Entregas Finalizadas Manaus,6,-,-,2025-08-08 19:17:35,08/08/2025 19:17,-,-,-,-,-,-,-
1875098,Entregas Finalizadas Fora de Manaus,8,-,-,2025-08-08 19:59:38,08/08/2025 19:59,-,-,-,-,-,-,-
1875020,Entregas Finalizadas Manaus,6,-,-,2025-08-08 21:25:12,08/08/2025 21:25,-,-,-,-,-,-,-
1875004,Entregas Finalizadas Fora de Manaus,8,-,-,2025-08-08 20:04:18,08/08/2025 20:04,-,-,-,-,-,-,-
1874981,Entregas Finalizadas Manaus,6,-,-,2025-08-08 18:14:09,08/08/2025 18:14,-,-,-,-,-,-,-
1874930,Entregas Finalizadas Fora de Manaus,8,-,-,2025-08-08 17:41:11,08/08/2025 17:41,-,-,-,-,-,-,-
1874922,Entregas Finalizadas Fora de Manaus,8,-,-,2025-08-08 17:06:35,08/08/2025 17:06,-,-,-,-,-,-,-
1874864,Entregas Finalizadas Fora de Manaus,8,-,-,2025-08-08 17:13:05,08/08/2025 17:13,-,-,-,-,-,-,-
1874848,Entregas Finalizadas Manaus,6,-,-,2025-08-08 17:50:15,08/08/2025 17:50,-,-,-,-,-,-,-
1874828,Entregas Finalizadas Fora de Manaus,8,-,-,2025-08-08 18:37:17,08/08/2025 18:37,-,-,-,-,-,-,-
1874823,Entregas Finalizadas Fora de Manaus,8,-,-,2025-08-08 20:06:09,08/08/2025 20:06,-,-,-,-,-,-,-
1874806,Entregas Finalizadas Fora de Manaus,8,-,-,2025-08-09 13:12:34,09/08/2025 13:12,-,-,-,-,-,-,-
1874800,Logística - Despacho da Encomenda,2,-,00:00 Horas,2025-08-08 16:33:42,08/08/2025 16:33,-,08/08/2025 16:33,-,-,-,-,-
1874727,Entregas Finalizadas Manaus,6,-,-,2025-08-08 18:11:46,08/08/2025 18:11,-,-,-,-,-,-,-
1874718,Entregas Finalizadas Fora de Manaus,8,-,-,2025-08-11 17:21:48,11/08/2025 17:21,-,-,-,-,-,-,-
1874659,Entregas Finalizadas Manaus,6,-,-,2025-08-08 22:25:45,08/08/2025 22:25,-,-,-,-,-,-,-
1874622,Entregas Finalizadas Fora de Manaus,8,-,-,2025-08-08 17:19:29,08/08/2025 17:19,-,-,-,-,-,-,-
1874605,Entregas Finalizadas Fora de Manaus,8,-,-,2025-08-08 17:55:22,08/08/2025 17:55,-,-,-,-,-,-,-
1874596,Entregas Finalizadas Fora de Manaus,8,-,-,2025-08-08 17:34:32,08/08/2025 17:34,-,-,-,-,-,-,-
1874584,Vendedor - Nova Encomenda,1,-,-,2025-08-08 10:43:15,08/08/2025 10:43,-,-,-,-,-,-,-
1874577,Entregas Finalizadas Fora de Manaus,8,-,-,2025-08-09 13:06:10,09/08/2025 13:06,-,-,-,-,-,-,-
1874551,Entregas Finalizadas Manaus,6,-,-,2025-08-08 20:23:03,08/08/2025 20:23,-,-,-,-,-,-,-
1874529,Vendedor - Nova Encomenda,1,-,-,2025-08-08 10:21:10,08/08/2025 10:21,-,-,-,-,-,-,-
1874501,Entregas Finalizadas Manaus,6,-,-,2025-08-08 19:24:06,08/08/2025 19:24,-,-,-,-,-,-,-
1874499,Entregas Finalizadas Manaus,6,-,-,2025-08-08 21:30:01,08/08/2025 21:30,-,-,-,-,-,-,-
1874496,Entregas Finalizadas Fora de Manaus,8,-,-,2025-08-08 17:14:22,08/08/2025 17:14,-,-,-,-,-,-,-
1874481,Vendedor - Nova Encomenda,1,-,-,2025-08-08 10:10:22,08/08/2025 10:10,-,-,-,-,-,-,-
1874468,Vendedor - Nova Encomenda,1,-,-,2025-08-08 10:00:09,08/08/2025 10:00,-,-,-,-,-,-,-
1874460,Entregas Finalizadas Manaus,6,-,-,2025-08-08 18:13:44,08/08/2025 18:13,-,-,-,-,-,-,-
1874421,Entregas Finalizadas Fora de Manaus,8,-,-,2025-08-08 13:00:55,08/08/2025 13:00,-,-,-,-,-,-,-
1874417,Entregas Finalizadas Manaus,6,-,-,2025-08-08 14:37:32,08/08/2025 14:37,-,-,-,-,-,-,-
1874253,Entregas Finalizadas Manaus,6,-,-,2025-08-08 15:01:42,08/08/2025 15:01,-,-,-,-,-,-,-
1874237,Entregas Finalizadas Fora de Manaus,8,-,-,2025-08-08 17:24:08,08/08/2025 17:24,-,-,-,-,-,-,-
1874233,Entregas Finalizadas Manaus,6,-,-,2025-08-08 19:03:29,08/08/2025 19:03,-,-,-,-,-,-,-
1874231,Entregas Finalizadas Fora de Manaus,8,-,-,2025-08-08 14:08:15,08/08/2025 14:08,-,-,-,-,-,-,-
1874228,Entregas Finalizadas Fora de Manaus,8,-,-,2025-08-09 12:42:22,09/08/2025 12:42,-,-,-,-,-,-,-
1874226,Vendedor - Nova Encomenda,1,-,-,2025-08-07 18:17:31,07/08/2025 18:17,-,-,-,-,-,-,-
1874221,Entregas Finalizadas Manaus,6,-,-,2025-08-08 15:07:02,08/08/2025 15:07,-,-,-,-,-,-,-
1874219,Entregas Finalizadas Manaus,6,-,-,2025-08-08 19:16:25,08/08/2025 19:16,-,-,-,-,-,-,-
1874211,Entregas Finalizadas Fora de Manaus,8,-,-,2025-08-08 12:36:50,08/08/2025 12:36,-,-,-,-,-,-,-
1874207,Entregas Finalizadas Fora de Manaus,8,-,-,2025-08-15 20:25:47,15/08/2025 20:25,-,-,-,-,-,-,-
1874198,Entregas Finalizadas Fora de Manaus,8,-,-,2025-08-08 14:25:06,08/08/2025 14:25,-,-,-,-,-,-,-
1874111,Entregas Finalizadas Fora de Manaus,8,-,-,2025-08-08 17:21:31,08/08/2025 17:21,-,-,-,-,-,-,-
1874097,Entregas Finalizadas Manaus,6,-,-,2025-08-08 21:58:24,08/08/2025 21:58,-,-,-,-,-,-,-
1874039,Entregas Finalizadas Fora de Manaus,8,-,-,2025-08-07 17:20:40,07/08/2025 17:20,-,-,-,-,-,-,-
1874032,Entregas Finalizadas Fora de Manaus,8,-,-,2025-08-09 13:39:27,09/08/2025 13:39,-,-,-,-,-,-,-
1873946,Vendedor - Nova Encomenda,1,-,-,2025-08-07 15:32:33,07/08/2025 15:32,-,-,-,-,-,-,-
1873892,Entregas Finalizadas Manaus,6,-,-,2025-08-07 19:36:35,07/08/2025 19:36,-,-,-,-,-,-,-
1873813,Entregas Finalizadas Manaus,6,-,-,2025-08-07 18:34:54,07/08/2025 18:34,-,-,-,-,-,-,-
1873807,Entregas Finalizadas Fora de Manaus,8,-,-,2025-08-07 19:08:02,07/08/2025 19:08,-,-,-,-,-,-,-
1873787,Entregas Finalizadas Fora de Manaus,8,-,-,2025-08-07 17:09:06,07/08/2025 17:09,-,-,-,-,-,-,-
1873784,Entregas Finalizadas Fora de Manaus,8,-,-,2025-08-07 18:28:47,07/08/2025 18:28,-,-,-,-,-,-,-
1873765,Entregas Finalizadas Manaus,6,-,-,2025-08-08 09:13:38,08/08/2025 09:13,-,-,-,-,-,-,-
1873762,Entregas Finalizadas Manaus,6,-,-,2025-08-07 17:43:43,07/08/2025 17:43,-,-,-,-,-,-,-
1873734,Entregas Finalizadas Manaus,6,-,-,2025-08-07 17:30:48,07/08/2025 17:30,-,-,-,-,-,-,-
1873705,Entregas Finalizadas Manaus,6,-,-,2025-08-07 14:29:56,07/08/2025 14:29,-,-,-,-,-,-,-
1873701,Entregas Finalizadas Fora de Manaus,8,-,-,2025-08-08 10:47:18,08/08/2025 10:47,-,-,-,-,-,-,-
1873698,Entregas Finalizadas Fora de Manaus,8,-,-,2025-08-08 13:42:12,08/08/2025 13:42,-,-,-,-,-,-,-
1873670,Entregas Finalizadas Fora de Manaus,8,-,-,2025-08-07 17:15:32,07/08/2025 17:15,-,-,-,-,-,-,-
1873651,Entregas Finalizadas Fora de Manaus,8,-,-,2025-08-07 17:05:25,07/08/2025 17:05,-,-,-,-,-,-,-
1873645,Entregas Finalizadas Manaus,6,-,-,2025-08-07 15:24:49,07/08/2025 15:24,-,-,-,-,-,-,-
1873626,Entregas Finalizadas Fora de Manaus,8,-,-,2025-08-07 17:11:50,07/08/2025 17:11,-,-,-,-,-,-,-
1873612,Entregas Finalizadas Manaus,6,-,-,2025-08-07 18:08:37,07/08/2025 18:08,-,-,-,-,-,-,-
1873607,Vendedor - Nova Encomenda,1,-,-,2025-08-07 12:06:34,07/08/2025 12:06,-,-,-,-,-,-,-
1873594,Vendedor - Nova Encomenda,1,-,-,2025-08-07 12:00:26,07/08/2025 12:00,-,-,-,-,-,-,-
1873468,Entregas Finalizadas Fora de Manaus,8,-,-,2025-08-07 17:38:52,07/08/2025 17:38,-,-,-,-,-,-,-
1873448,Entregas Finalizadas Fora de Manaus,8,-,-,2025-08-07 13:37:38,07/08/2025 13:37,-,-,-,-,-,-,-
1873416,Entregas Finalizadas Fora de Manaus,8,-,-,2025-08-07 16:57:09,07/08/2025 16:57,-,-,-,-,-,-,-
1873331,Entregas Finalizadas Fora de Manaus,8,-,-,2025-08-07 19:11:54,07/08/2025 19:11,-,-,-,-,-,-,-
1873326,Entregas Finalizadas Fora de Manaus,8,-,-,2025-08-08 12:39:34,08/08/2025 12:39,-,-,-,-,-,-,-
1873305,Entregas Finalizadas Manaus,6,-,-,2025-08-07 18:44:02,07/08/2025 18:44,-,-,-,-,-,-,-
1873294,Entregas Finalizadas Fora de Manaus,8,-,-,2025-08-08 10:50:41,08/08/2025 10:50,-,-,-,-,-,-,-
1873292,Entregas Finalizadas Fora de Manaus,8,-,-,2025-08-11 13:03:29,11/08/2025 13:03,-,-,-,-,-,-,-
1873261,Entregas Finalizadas Fora de Manaus,8,-,-,2025-08-07 13:05:23,07/08/2025 13:05,-,-,-,-,-,-,-
1873253,Entregas Finalizadas Fora de Manaus,8,-,-,2025-08-07 17:33:23,07/08/2025 17:33,-,-,-,-,-,-,-
1873225,Entregas Finalizadas Fora de Manaus,8,-,-,2025-08-07 13:14:37,07/08/2025 13:14,-,-,-,-,-,-,-
1873118,Entregas Finalizadas Fora de Manaus,8,-,-,2025-08-07 13:08:07,07/08/2025 13:08,-,-,-,-,-,-,-
1873103,Entregas Finalizadas Fora de Manaus,8,-,-,2025-08-07 17:44:03,07/08/2025 17:44,-,-,-,-,-,-,-
1873047,Entregas Finalizadas Fora de Manaus,8,-,-,2025-08-07 17:51:32,07/08/2025 17:51,-,-,-,-,-,-,-
1873043,Entregas Finalizadas Fora de Manaus,8,-,-,2025-08-08 17:30:05,08/08/2025 17:30,-,-,-,-,-,-,-
1873041,Entregas Finalizadas Manaus,6,-,-,2025-08-07 13:16:23,07/08/2025 13:16,-,-,-,-,-,-,-
1873039,Entregas Finalizadas Fora de Manaus,8,-,-,2025-08-11 14:11:37,11/08/2025 14:11,-,-,-,-,-,-,-
1873034,Entregas Finalizadas Fora de Manaus,8,-,-,2025-08-08 13:43:22,08/08/2025 13:43,-,-,-,-,-,-,-
1873031,Entregas Finalizadas Fora de Manaus,8,-,-,2025-08-07 19:48:59,07/08/2025 19:48,-,-,-,-,-,-,-
1873029,Entregas Finalizadas Fora de Manaus,8,-,-,2025-08-11 14:09:37,11/08/2025 14:09,-,-,-,-,-,-,-
1873024,Entregas Finalizadas Fora de Manaus,8,-,-,2025-08-11 13:03:05,11/08/2025 13:03,-,-,-,-,-,-,-
1873015,Entregas Finalizadas Fora de Manaus,8,-,-,2025-08-07 14:25:38,07/08/2025 14:25,-,-,-,-,-,-,-
1872990,Entregas Finalizadas Manaus,6,-,-,2025-08-07 17:07:43,07/08/2025 17:07,-,-,-,-,-,-,-
1872941,Entregas Finalizadas Manaus,6,-,-,2025-08-07 13:33:54,07/08/2025 13:33,-,-,-,-,-,-,-
1872928,Entregas Finalizadas Fora de Manaus,8,-,-,2025-08-07 13:50:11,07/08/2025 13:50,-,-,-,-,-,-,-
1872906,Vendedor - Nova Encomenda,1,-,-,2025-08-06 16:45:05,06/08/2025 16:45,-,-,-,-,-,-,-
1872880,Entregas Finalizadas Fora de Manaus,8,-,-,2025-08-07 19:04:53,07/08/2025 19:04,-,-,-,-,-,-,-
1872867,Entregas Finalizadas Fora de Manaus,8,-,-,2025-08-06 17:45:02,06/08/2025 17:45,-,-,-,-,-,-,-
1872782,Entregas Finalizadas Fora de Manaus,8,-,-,2025-08-08 11:18:14,08/08/2025 11:18,-,-,-,-,-,-,-
1872753,Entregas Finalizadas Manaus,6,-,-,2025-08-07 12:49:54,07/08/2025 12:49,-,-,-,-,-,-,-
1872749,Vendedor - Nova Encomenda,1,-,-,2025-08-06 15:03:41,06/08/2025 15:03,-,-,-,-,-,-,-
1872731,Entregas Finalizadas Manaus,6,-,-,2025-08-06 19:21:20,06/08/2025 19:21,-,-,-,-,-,-,-
1872691,Entregas Finalizadas Fora de Manaus,8,-,-,2025-08-06 22:18:24,06/08/2025 22:18,-,-,-,-,-,-,-
1872663,Vendedor - Nova Encomenda,1,-,-,2025-08-06 14:09:41,06/08/2025 14:09,-,-,-,-,-,-,-
1872654,Entregas Finalizadas Fora de Manaus,8,-,-,2025-08-06 17:33:26,06/08/2025 17:33,-,-,-,-,-,-,-
1872578,Vendedor - Nova Encomenda,1,-,-,2025-08-06 13:25:36,06/08/2025 13:25,-,-,-,-,-,-,-
1872575,Entregas Finalizadas Fora de Manaus,8,-,-,2025-08-06 21:49:06,06/08/2025 21:49,-,-,-,-,-,-,-
1872565,Vendedor - Nova Encomenda,1,-,-,2025-08-06 13:15:49,06/08/2025 13:15,-,-,-,-,-,-,-
1872516,Entregas Finalizadas Fora de Manaus,8,-,-,2025-08-06 22:34:35,06/08/2025 22:34,-,-,-,-,-,-,-
1872513,Entregas Finalizadas Fora de Manaus,8,-,-,2025-08-06 22:22:13,06/08/2025 22:22,-,-,-,-,-,-,-
1872509,Entregas Finalizadas Manaus,6,-,-,2025-08-06 17:19:32,06/08/2025 17:19,-,-,-,-,-,-,-
1872506,Entregas Finalizadas Manaus,6,-,-,2025-08-06 15:35:44,06/08/2025 15:35,-,-,-,-,-,-,-
1872496,Entregas Finalizadas Manaus,6,-,-,2025-08-06 18:51:29,06/08/2025 18:51,-,-,-,-,-,-,-
1872471,Entregas Finalizadas Fora de Manaus,8,-,-,2025-08-07 13:39:05,07/08/2025 13:39,-,-,-,-,-,-,-
1872364,Entregas Finalizadas Fora de Manaus,8,-,-,2025-08-06 21:42:53,06/08/2025 21:42,-,-,-,-,-,-,-
1872328,Entregas Finalizadas Fora de Manaus,8,-,-,2025-08-06 21:51:25,06/08/2025 21:51,-,-,-,-,-,-,-
1872110,Entregas Finalizadas Fora de Manaus,8,-,-,2025-08-07 19:50:10,07/08/2025 19:50,-,-,-,-,-,-,-
1872044,Logística - Despacho da Encomenda,2,-,00:00 Horas,2025-08-06 16:48:09,06/08/2025 16:48,-,06/08/2025 16:48,-,-,-,-,-
1871983,Entregas Finalizadas Fora de Manaus,8,-,-,2025-08-06 22:31:22,06/08/2025 22:31,-,-,-,-,-,-,-
1871912,Entregas Finalizadas Manaus,6,-,-,2025-08-06 19:29:44,06/08/2025 19:29,-,-,-,-,-,-,-
1871879,Vendedor - Nova Encomenda,1,-,-,2025-08-06 11:17:55,06/08/2025 11:17,-,-,-,-,-,-,-
1871843,Entregas Finalizadas Fora de Manaus,8,-,-,2025-08-06 22:20:43,06/08/2025 22:20,-,-,-,-,-,-,-
1871837,Entregas Finalizadas Fora de Manaus,8,-,-,2025-08-06 17:14:41,06/08/2025 17:14,-,-,-,-,-,-,-
1871814,Entregas Finalizadas Fora de Manaus,8,-,-,2025-08-07 19:09:10,07/08/2025 19:09,-,-,-,-,-,-,-
1871790,Entregas Finalizadas Fora de Manaus,8,-,-,2025-08-06 21:45:51,06/08/2025 21:45,-,-,-,-,-,-,-
1871703,Entregas Finalizadas Fora de Manaus,8,-,-,2025-08-06 12:47:11,06/08/2025 12:47,-,-,-,-,-,-,-
1871700,Entregas Finalizadas Fora de Manaus,8,-,-,2025-08-08 11:13:04,08/08/2025 11:13,-,-,-,-,-,-,-
1871659,Entregas Finalizadas Fora de Manaus,8,-,-,2025-08-06 22:16:58,06/08/2025 22:16,-,-,-,-,-,-,-
1871605,Entregas Finalizadas Fora de Manaus,8,-,-,2025-08-06 20:38:52,06/08/2025 20:38,-,-,-,-,-,-,-
1871577,Entregas Finalizadas Manaus,6,-,-,2025-08-06 17:22:39,06/08/2025 17:22,-,-,-,-,-,-,-
1870953,Entregas Finalizadas Fora de Manaus,8,-,-,2025-08-06 15:48:21,06/08/2025 15:48,-,-,-,-,-,-,-
1870913,Entregas Finalizadas Fora de Manaus,8,-,-,2025-08-07 13:02:12,07/08/2025 13:02,-,-,-,-,-,-,-
1870795,Entregas Finalizadas Fora de Manaus,8,-,-,2025-08-08 10:15:01,08/08/2025 10:15,-,-,-,-,-,-,-
1870740,Vendedor - Nova Encomenda,1,-,-,2025-08-06 09:32:50,06/08/2025 09:32,-,-,-,-,-,-,-
1870650,Entregas Finalizadas Fora de Manaus,8,-,-,2025-08-08 10:56:19,08/08/2025 10:56,-,-,-,-,-,-,-
1870597,Entregas Finalizadas Fora de Manaus,8,-,-,2025-08-07 12:45:05,07/08/2025 12:45,-,-,-,-,-,-,-
1870564,Entregas Finalizadas Fora de Manaus,8,-,-,2025-08-06 17:28:02,06/08/2025 17:28,-,-,-,-,-,-,-
1870532,Vendedor - Nova Encomenda,1,-,-,2025-08-06 00:21:56,06/08/2025 00:21,-,-,-,-,-,-,-
1870528,Vendedor - Nova Encomenda,1,-,-,2025-08-06 00:14:40,06/08/2025 00:14,-,-,-,-,-,-,-
1870473,Entregas Finalizadas Manaus,6,-,-,2025-08-06 14:52:51,06/08/2025 14:52,-,-,-,-,-,-,-
1870467,Vendedor - Nova Encomenda,1,-,-,2025-08-05 21:11:11,05/08/2025 21:11,-,-,-,-,-,-,-
1870464,Vendedor - Nova Encomenda,1,-,-,2025-08-05 21:09:46,05/08/2025 21:09,-,-,-,-,-,-,-
1870435,Vendedor - Nova Encomenda,1,-,-,2025-08-05 20:19:27,05/08/2025 20:19,-,-,-,-,-,-,-
1870423,Vendedor - Nova Encomenda,1,-,-,2025-08-05 19:48:15,05/08/2025 19:48,-,-,-,-,-,-,-
1870409,Entregas Finalizadas Fora de Manaus,8,-,-,2025-08-06 12:48:42,06/08/2025 12:48,-,-,-,-,-,-,-
1870406,Entregas Finalizadas Fora de Manaus,8,-,-,2025-08-06 22:42:33,06/08/2025 22:42,-,-,-,-,-,-,-
1870381,Entregas Finalizadas Fora de Manaus,8,-,-,2025-08-06 12:45:03,06/08/2025 12:45,-,-,-,-,-,-,-
1870378,Entregas Finalizadas Fora de Manaus,8,-,-,2025-08-07 13:35:16,07/08/2025 13:35,-,-,-,-,-,-,-
1870372,Vendedor - Nova Encomenda,1,-,-,2025-08-05 18:19:41,05/08/2025 18:19,-,-,-,-,-,-,-
1870367,Entregas Finalizadas Fora de Manaus,8,-,-,2025-08-06 14:24:59,06/08/2025 14:24,-,-,-,-,-,-,-
1870365,Entregas Finalizadas Fora de Manaus,8,-,-,2025-08-06 13:28:39,06/08/2025 13:28,-,-,-,-,-,-,-
1870352,Entregas Finalizadas Fora de Manaus,8,-,-,2025-08-06 17:02:30,06/08/2025 17:02,-,-,-,-,-,-,-
1870332,Entregas Finalizadas Fora de Manaus,8,-,-,2025-08-06 14:19:07,06/08/2025 14:19,-,-,-,-,-,-,-
1870327,Entregas Finalizadas Fora de Manaus,8,-,-,2025-08-06 17:32:49,06/08/2025 17:32,-,-,-,-,-,-,-
1870272,Entregas Finalizadas Fora de Manaus,8,-,-,2025-08-06 13:24:49,06/08/2025 13:24,-,-,-,-,-,-,-
1870269,Entregas Finalizadas Manaus,6,-,-,2025-08-06 19:45:55,06/08/2025 19:45,-,-,-,-,-,-,-
1870260,Entregas Finalizadas Fora de Manaus,8,-,-,2025-08-07 14:26:46,07/08/2025 14:26,-,-,-,-,-,-,-
1870244,Entregas Finalizadas Fora de Manaus,8,-,-,2025-08-06 22:26:11,06/08/2025 22:26,-,-,-,-,-,-,-
1870223,Entregas Finalizadas Fora de Manaus,8,-,-,2025-08-08 13:56:07,08/08/2025 13:56,-,-,-,-,-,-,-
1870192,Entregas Finalizadas Fora de Manaus,8,-,-,2025-08-07 13:06:37,07/08/2025 13:06,-,-,-,-,-,-,-
1870140,Entregas Finalizadas Manaus,6,-,-,2025-08-06 20:36:21,06/08/2025 20:36,-,-,-,-,-,-,-
1870137,Entregas Finalizadas Manaus,6,-,-,2025-08-05 18:36:07,05/08/2025 18:36,-,-,-,-,-,-,-
1870131,Entregas Finalizadas Manaus,6,-,-,2025-08-06 19:07:18,06/08/2025 19:07,-,-,-,-,-,-,-
1870124,Entregas Finalizadas Fora de Manaus,8,-,-,2025-08-06 13:13:34,06/08/2025 13:13,-,-,-,-,-,-,-
1870097,Vendedor - Nova Encomenda,1,-,-,2025-08-05 15:42:13,05/08/2025 15:42,-,-,-,-,-,-,-
1870088,Entregas Finalizadas Fora de Manaus,8,-,-,2025-08-06 00:07:54,06/08/2025 00:07,-,-,-,-,-,-,-
1870055,Entregas Finalizadas Fora de Manaus,8,-,-,2025-08-05 23:56:59,05/08/2025 23:56,-,-,-,-,-,-,-
1870004,Entregas Finalizadas Fora de Manaus,8,-,-,2025-08-05 23:35:46,05/08/2025 23:35,-,-,-,-,-,-,-
1869969,Entregas Finalizadas Fora de Manaus,8,-,-,2025-08-06 22:44:22,06/08/2025 22:44,-,-,-,-,-,-,-
1869965,Vendedor - Nova Encomenda,1,-,-,2025-08-05 14:25:42,05/08/2025 14:25,-,-,-,-,-,-,-
1869958,Entregas Finalizadas Fora de Manaus,8,-,-,2025-08-05 18:57:31,05/08/2025 18:57,-,-,-,-,-,-,-
1869954,Entregas Finalizadas Manaus,6,-,-,2025-08-05 19:11:31,05/08/2025 19:11,-,-,-,-,-,-,-
1869900,Entregas Finalizadas Manaus,6,-,-,2025-08-05 18:07:01,05/08/2025 18:07,-,-,-,-,-,-,-
1869885,Entregas Finalizadas Fora de Manaus,8,-,-,2025-08-06 15:53:12,06/08/2025 15:53,-,-,-,-,-,-,-
1869882,Entregas Finalizadas Fora de Manaus,8,-,-,2025-08-05 17:57:19,05/08/2025 17:57,-,-,-,-,-,-,-
1869850,Entregas Finalizadas Fora de Manaus,8,-,-,2025-08-05 23:30:12,05/08/2025 23:30,-,-,-,-,-,-,-
1869835,Entregas Finalizadas Fora de Manaus,8,-,-,2025-08-05 23:47:41,05/08/2025 23:47,-,-,-,-,-,-,-
1869807,Entregas Finalizadas Fora de Manaus,8,-,-,2025-08-05 23:43:21,05/08/2025 23:43,-,-,-,-,-,-,-
1869787,Entregas Finalizadas Fora de Manaus,8,-,-,2025-08-05 23:51:29,05/08/2025 23:51,-,-,-,-,-,-,-
1869773,Entregas Finalizadas Manaus,6,-,-,2025-08-05 17:43:27,05/08/2025 17:43,-,-,-,-,-,-,-
1869761,Entregas Finalizadas Manaus,6,-,-,2025-08-05 18:18:21,05/08/2025 18:18,-,-,-,-,-,-,-
1869752,Entregas Finalizadas Fora de Manaus,8,-,-,2025-08-06 00:02:54,06/08/2025 00:02,-,-,-,-,-,-,-
1869749,Vendedor - Nova Encomenda,1,-,-,2025-08-05 12:24:46,05/08/2025 12:24,-,-,-,-,-,-,-
1869724,Entregas Finalizadas Fora de Manaus,8,-,-,2025-08-05 23:45:13,05/08/2025 23:45,-,-,-,-,-,-,-
1869708,Entregas Finalizadas Manaus,6,-,-,2025-08-05 17:48:17,05/08/2025 17:48,-,-,-,-,-,-,-
1869697,Entregas Finalizadas Manaus,6,-,-,2025-08-05 19:56:23,05/08/2025 19:56,-,-,-,-,-,-,-
1869673,Vendedor - Nova Encomenda,1,-,-,2025-08-05 11:31:44,05/08/2025 11:31,-,-,-,-,-,-,-
1869596,Entregas Finalizadas Fora de Manaus,8,-,-,2025-08-05 18:54:19,05/08/2025 18:54,-,-,-,-,-,-,-
1869567,Entregas Finalizadas Manaus,6,-,-,2025-08-05 16:06:19,05/08/2025 16:06,-,-,-,-,-,-,-
1869428,Entregas Finalizadas Fora de Manaus,8,-,-,2025-08-05 23:34:05,05/08/2025 23:34,-,-,-,-,-,-,-
1869423,Entregas Finalizadas Manaus,6,-,-,2025-08-05 17:26:18,05/08/2025 17:26,-,-,-,-,-,-,-
1869420,Vendedor - Nova Encomenda,1,-,-,2025-08-05 10:10:22,05/08/2025 10:10,-,-,-,-,-,-,-
1869412,Entregas Finalizadas Fora de Manaus,8,-,-,2025-08-05 17:37:28,05/08/2025 17:37,-,-,-,-,-,-,-
1869405,Entregas Finalizadas Fora de Manaus,8,-,-,2025-08-05 17:19:22,05/08/2025 17:19,-,-,-,-,-,-,-
1869383,Entregas Finalizadas Fora de Manaus,8,-,-,2025-08-05 14:18:30,05/08/2025 14:18,-,-,-,-,-,-,-
1869270,Entregas Finalizadas Fora de Manaus,8,-,-,2025-08-05 23:55:12,05/08/2025 23:55,-,-,-,-,-,-,-
1869166,Entregas Finalizadas Fora de Manaus,8,-,-,2025-08-06 14:01:58,06/08/2025 14:01,-,-,-,-,-,-,-
1869158,Vendedor - Nova Encomenda,1,-,-,2025-08-04 22:06:50,04/08/2025 22:06,-,-,-,-,-,-,-
1869067,Vendedor - Nova Encomenda,1,-,-,2025-08-04 18:43:59,04/08/2025 18:43,-,-,-,-,-,-,-
1869032,Entregas Finalizadas Fora de Manaus,8,-,-,2025-08-05 14:33:00,05/08/2025 14:33,-,-,-,-,-,-,-
1869008,Entregas Finalizadas Fora de Manaus,8,-,-,2025-08-08 18:36:07,08/08/2025 18:36,-,-,-,-,-,-,-
1869002,Vendedor - Nova Encomenda,1,-,-,2025-08-04 17:24:17,04/08/2025 17:24,-,-,-,-,-,-,-
1868983,Entregas Finalizadas Manaus,6,-,-,2025-08-06 14:56:15,06/08/2025 14:56,-,-,-,-,-,-,-
1868649,Entregas Finalizadas Manaus,6,-,-,2025-08-04 18:15:13,04/08/2025 18:15,-,-,-,-,-,-,-
1868626,Entregas Finalizadas Fora de Manaus,8,-,-,2025-08-04 17:45:02,04/08/2025 17:45,-,-,-,-,-,-,-
1868624,Vendedor - Nova Encomenda,1,-,-,2025-08-04 16:20:00,04/08/2025 16:20,-,-,-,-,-,-,-
1868367,Canceladas,X,logistica@rommanelmanaus.com.br,-,2025-08-04 15:47:37,04/08/2025 15:47,-,-,-,-,-,-,-
1868350,Entregas Finalizadas Manaus,6,-,-,2025-08-04 18:53:30,04/08/2025 18:53,-,-,-,-,-,-,-
1868263,Logística - Despacho da Encomenda,2,-,00:00 Horas,2025-08-04 15:57:06,04/08/2025 15:57,-,04/08/2025 15:57,-,-,-,-,-
1868216,Entregas Finalizadas Manaus,6,-,-,2025-08-04 19:22:31,04/08/2025 19:22,-,-,-,-,-,-,-
1868203,Entregas Finalizadas Fora de Manaus,8,-,-,2025-08-04 22:27:53,04/08/2025 22:27,-,-,-,-,-,-,-
1868181,Entregas Finalizadas Manaus,6,-,-,2025-08-05 17:03:43,05/08/2025 17:03,-,-,-,-,-,-,-
1868169,Entregas Finalizadas Fora de Manaus,8,-,-,2025-08-06 00:10:36,06/08/2025 00:10,-,-,-,-,-,-,-
1868158,Entregas Finalizadas Fora de Manaus,8,-,-,2025-08-04 22:54:23,04/08/2025 22:54,-,-,-,-,-,-,-
1868142,Entregas Finalizadas Fora de Manaus,8,-,-,2025-08-04 22:36:20,04/08/2025 22:36,-,-,-,-,-,-,-
1868135,Entregas Finalizadas Fora de Manaus,8,-,-,2025-08-06 00:06:16,06/08/2025 00:06,-,-,-,-,-,-,-
1868130,Entregas Finalizadas Fora de Manaus,8,-,-,2025-08-06 00:13:56,06/08/2025 00:13,-,-,-,-,-,-,-
1868053,Entregas Finalizadas Manaus,6,-,-,2025-08-04 18:11:56,04/08/2025 18:11,-,-,-,-,-,-,-
1868031,Entregas Finalizadas Manaus,6,-,-,2025-08-05 18:03:55,05/08/2025 18:03,-,-,-,-,-,-,-
1868010,Vendedor - Nova Encomenda,1,-,-,2025-08-04 12:24:51,04/08/2025 12:24,-,-,-,-,-,-,-
1867998,Entregas Finalizadas Manaus,6,-,-,2025-08-04 20:07:43,04/08/2025 20:07,-,-,-,-,-,-,-
1867948,Vendedor - Nova Encomenda,1,-,-,2025-08-04 11:47:27,04/08/2025 11:47,-,-,-,-,-,-,-
1867939,Entregas Finalizadas Manaus,6,-,-,2025-08-04 17:25:50,04/08/2025 17:25,-,-,-,-,-,-,-
1867837,Entregas Finalizadas Fora de Manaus,8,-,-,2025-08-04 22:42:33,04/08/2025 22:42,-,-,-,-,-,-,-
1867599,Entregas Finalizadas Manaus,6,-,-,2025-08-04 18:32:49,04/08/2025 18:32,-,-,-,-,-,-,-
1867593,Entregas Finalizadas Fora de Manaus,8,-,-,2025-08-06 00:18:25,06/08/2025 00:18,-,-,-,-,-,-,-
1867590,Entregas Finalizadas Manaus,6,-,-,2025-08-04 17:42:32,04/08/2025 17:42,-,-,-,-,-,-,-
1867566,Entregas Finalizadas Fora de Manaus,8,-,-,2025-08-05 14:16:26,05/08/2025 14:16,-,-,-,-,-,-,-
1867516,Entregas Finalizadas Fora de Manaus,8,-,-,2025-08-04 13:31:14,04/08/2025 13:31,-,-,-,-,-,-,-
1867440,Entregas Finalizadas Fora de Manaus,8,-,-,2025-08-04 14:47:13,04/08/2025 14:47,-,-,-,-,-,-,-
1867147,Entregas Finalizadas Fora de Manaus,8,-,-,2025-08-04 22:21:24,04/08/2025 22:21,-,-,-,-,-,-,-
1867138,Entregas Finalizadas Fora de Manaus,8,-,-,2025-08-04 15:34:31,04/08/2025 15:34,-,-,-,-,-,-,-
1867135,Vendedor - Nova Encomenda,1,-,-,2025-08-02 13:46:35,02/08/2025 13:46,-,-,-,-,-,-,-
1867129,Entregas Finalizadas Fora de Manaus,8,-,-,2025-08-04 22:32:06,04/08/2025 22:32,-,-,-,-,-,-,-
1867106,Entregas Finalizadas Fora de Manaus,8,-,-,2025-08-04 14:03:56,04/08/2025 14:03,-,-,-,-,-,-,-
1867099,Entregas Finalizadas Manaus,6,-,-,2025-08-04 20:28:42,04/08/2025 20:28,-,-,-,-,-,-,-
1867087,Entregas Finalizadas Manaus,6,-,-,2025-08-02 14:30:01,02/08/2025 14:30,-,-,-,-,-,-,-
1867078,Entregas Finalizadas Manaus,6,-,-,2025-08-04 18:37:06,04/08/2025 18:37,-,-,-,-,-,-,-
1867070,Entregas Finalizadas Fora de Manaus,8,-,-,2025-08-03 09:53:47,03/08/2025 09:53,-,-,-,-,-,-,-
1867068,Entregas Finalizadas Fora de Manaus,8,-,-,2025-08-02 12:42:30,02/08/2025 12:42,-,-,-,-,-,-,-
1867065,Vendedor - Nova Encomenda,1,-,-,2025-08-02 11:43:19,02/08/2025 11:43,-,-,-,-,-,-,-
1867057,Entregas Finalizadas Manaus,6,-,-,2025-08-02 14:53:19,02/08/2025 14:53,-,-,-,-,-,-,-
1867038,Entregas Finalizadas Manaus,6,-,-,2025-08-04 18:07:56,04/08/2025 18:07,-,-,-,-,-,-,-
1867035,Entregas Finalizadas Fora de Manaus,8,-,-,2025-08-02 13:33:10,02/08/2025 13:33,-,-,-,-,-,-,-
1867032,Vendedor - Nova Encomenda,1,-,-,2025-08-02 11:00:43,02/08/2025 11:00,-,-,-,-,-,-,-
1867025,Vendedor - Nova Encomenda,1,-,-,2025-08-02 10:48:26,02/08/2025 10:48,-,-,-,-,-,-,-
1867015,Logística - Despacho da Encomenda,2,-,00:00 Horas,2025-08-02 11:56:41,02/08/2025 11:56,-,02/08/2025 11:56,-,-,-,-,-
1867012,Entregas Finalizadas Fora de Manaus,8,-,-,2025-08-05 23:31:48,05/08/2025 23:31,-,-,-,-,-,-,-
1867008,Entregas Finalizadas Manaus,6,-,-,2025-08-02 13:46:18,02/08/2025 13:46,-,-,-,-,-,-,-
1867003,Entregas Finalizadas Fora de Manaus,8,-,-,2025-08-04 15:32:28,04/08/2025 15:32,-,-,-,-,-,-,-
1867000,Entregas Finalizadas Manaus,6,-,-,2025-08-02 15:07:41,02/08/2025 15:07,-,-,-,-,-,-,-
1866998,Entregas Finalizadas Fora de Manaus,8,-,-,2025-08-02 13:56:55,02/08/2025 13:56,-,-,-,-,-,-,-
1866995,Entregas Finalizadas Fora de Manaus,8,-,-,2025-08-04 15:54:37,04/08/2025 15:54,-,-,-,-,-,-,-
1866992,Vendedor - Nova Encomenda,1,-,-,2025-08-02 10:15:00,02/08/2025 10:15,-,-,-,-,-,-,-
1866986,Vendedor - Nova Encomenda,1,-,-,2025-08-02 10:03:02,02/08/2025 10:03,-,-,-,-,-,-,-
1866977,Entregas Finalizadas Fora de Manaus,8,-,-,2025-08-04 22:50:37,04/08/2025 22:50,-,-,-,-,-,-,-
1866884,Entregas Finalizadas Fora de Manaus,8,-,-,2025-08-04 17:57:04,04/08/2025 17:57,-,-,-,-,-,-,-
1866872,Vendedor - Nova Encomenda,1,-,-,2025-08-01 22:16:00,01/08/2025 22:16,-,-,-,-,-,-,-
1866871,Vendedor - Nova Encomenda,1,-,-,2025-08-01 22:15:58,01/08/2025 22:15,-,-,-,-,-,-,-
1866731,Logística - Despacho da Encomenda,2,-,00:00 Horas,2025-08-02 11:30:54,02/08/2025 11:30,-,02/08/2025 11:30,-,-,-,-,-
1866703,Entregas Finalizadas Fora de Manaus,8,-,-,2025-08-02 16:52:55,02/08/2025 16:52,-,-,-,-,-,-,-
1866669,Entregas Finalizadas Fora de Manaus,8,-,-,2025-08-02 16:55:13,02/08/2025 16:55,-,-,-,-,-,-,-
1866666,Entregas Finalizadas Fora de Manaus,8,-,-,2025-08-02 17:00:14,02/08/2025 17:00,-,-,-,-,-,-,-
1866657,Entregas Finalizadas Fora de Manaus,8,-,-,2025-08-04 15:40:31,04/08/2025 15:40,-,-,-,-,-,-,-
1866632,Entregas Finalizadas Fora de Manaus,8,-,-,2025-08-04 22:24:32,04/08/2025 22:24,-,-,-,-,-,-,-
1866630,Vendedor - Nova Encomenda,1,-,-,2025-08-01 16:50:51,01/08/2025 16:50,-,-,-,-,-,-,-
1866622,Vendedor - Nova Encomenda,1,-,-,2025-08-01 16:43:52,01/08/2025 16:43,-,-,-,-,-,-,-
1866614,Entregas Finalizadas Fora de Manaus,8,-,-,2025-08-04 16:00:44,04/08/2025 16:00,-,-,-,-,-,-,-
1866596,Entregas Finalizadas Fora de Manaus,8,-,-,2025-08-04 13:57:53,04/08/2025 13:57,-,-,-,-,-,-,-
1866583,Vendedor - Nova Encomenda,1,-,-,2025-08-01 16:25:50,01/08/2025 16:25,-,-,-,-,-,-,-
1866567,Entregas Finalizadas Fora de Manaus,8,-,-,2025-08-02 18:27:06,02/08/2025 18:27,-,-,-,-,-,-,-
1866525,Vendedor - Nova Encomenda,1,-,-,2025-08-01 15:56:55,01/08/2025 15:56,-,-,-,-,-,-,-
1866523,Entregas Finalizadas Manaus,6,-,-,2025-08-01 17:19:20,01/08/2025 17:19,-,-,-,-,-,-,-
1866513,Entregas Finalizadas Manaus,6,-,-,2025-08-01 19:50:13,01/08/2025 19:50,-,-,-,-,-,-,-
1866506,Entregas Finalizadas Fora de Manaus,8,-,-,2025-08-04 15:56:20,04/08/2025 15:56,-,-,-,-,-,-,-
1866504,Entregas Finalizadas Manaus,6,-,-,2025-08-01 17:02:34,01/08/2025 17:02,-,-,-,-,-,-,-
1866495,Entregas Finalizadas Fora de Manaus,8,-,-,2025-08-04 14:16:14,04/08/2025 14:16,-,-,-,-,-,-,-
1866488,Entregas Finalizadas Fora de Manaus,8,-,-,2025-08-01 23:03:58,01/08/2025 23:03,-,-,-,-,-,-,-
1866477,Entregas Finalizadas Fora de Manaus,8,-,-,2025-08-01 22:39:48,01/08/2025 22:39,-,-,-,-,-,-,-
1866465,Logística - Despacho da Encomenda,2,-,00:00 Horas,2025-08-01 16:05:22,01/08/2025 16:05,-,01/08/2025 16:05,-,-,-,-,-
1866456,Entregas Finalizadas Fora de Manaus,8,-,-,2025-08-01 23:10:56,01/08/2025 23:10,-,-,-,-,-,-,-
1866449,Entregas Finalizadas Fora de Manaus,8,-,-,2025-08-04 23:00:53,04/08/2025 23:00,-,-,-,-,-,-,-
1866440,Entregas Finalizadas Manaus,6,-,-,2025-08-01 17:36:17,01/08/2025 17:36,-,-,-,-,-,-,-
1866434,Entregas Finalizadas Fora de Manaus,8,-,-,2025-08-04 13:36:47,04/08/2025 13:36,-,-,-,-,-,-,-
1866418,Entregas Finalizadas Fora de Manaus,8,-,-,2025-08-02 18:25:22,02/08/2025 18:25,-,-,-,-,-,-,-
1866413,Entregas Finalizadas Fora de Manaus,8,-,-,2025-08-04 13:35:04,04/08/2025 13:35,-,-,-,-,-,-,-
1866410,Entregas Finalizadas Fora de Manaus,8,-,-,2025-08-01 23:27:44,01/08/2025 23:27,-,-,-,-,-,-,-
1866387,Entregas Finalizadas Fora de Manaus,8,-,-,2025-08-01 17:58:11,01/08/2025 17:58,-,-,-,-,-,-,-
1866374,Entregas Finalizadas Fora de Manaus,8,-,-,2025-08-01 22:52:18,01/08/2025 22:52,-,-,-,-,-,-,-
1866360,Entregas Finalizadas Manaus,6,-,-,2025-08-01 20:09:42,01/08/2025 20:09,-,-,-,-,-,-,-
1866347,Entregas Finalizadas Fora de Manaus,8,-,-,2025-08-01 23:02:23,01/08/2025 23:02,-,-,-,-,-,-,-
1866332,Entregas Finalizadas Fora de Manaus,8,-,-,2025-08-01 23:17:37,01/08/2025 23:17,-,-,-,-,-,-,-
1866322,Entregas Finalizadas Manaus,6,-,-,2025-08-01 17:04:30,01/08/2025 17:04,-,-,-,-,-,-,-
1866317,Entregas Finalizadas Fora de Manaus,8,-,-,2025-08-02 17:04:35,02/08/2025 17:04,-,-,-,-,-,-,-
1866305,Vendedor - Nova Encomenda,1,-,-,2025-08-01 14:10:40,01/08/2025 14:10,-,-,-,-,-,-,-
1866301,Entregas Finalizadas Manaus,6,-,-,2025-08-01 18:30:16,01/08/2025 18:30,-,-,-,-,-,-,-
1866293,Entregas Finalizadas Manaus,6,-,-,2025-08-01 18:33:34,01/08/2025 18:33,-,-,-,-,-,-,-
1866291,Entregas Finalizadas Fora de Manaus,8,-,-,2025-08-01 23:05:43,01/08/2025 23:05,-,-,-,-,-,-,-
1866284,Entregas Finalizadas Manaus,6,-,-,2025-08-01 18:51:00,01/08/2025 18:51,-,-,-,-,-,-,-
1866272,Entregas Finalizadas Fora de Manaus,8,-,-,2025-08-05 16:38:49,05/08/2025 16:38,-,-,-,-,-,-,-
1866262,Entregas Finalizadas Fora de Manaus,8,-,-,2025-08-02 16:47:40,02/08/2025 16:47,-,-,-,-,-,-,-
1866255,Entregas Finalizadas Fora de Manaus,8,-,-,2025-08-01 22:27:00,01/08/2025 22:27,-,-,-,-,-,-,-
1866234,Entregas Finalizadas Fora de Manaus,8,-,-,2025-08-04 10:17:52,04/08/2025 10:17,-,-,-,-,-,-,-
1866227,Entregas Finalizadas Fora de Manaus,8,-,-,2025-08-05 13:40:37,05/08/2025 13:40,-,-,-,-,-,-,-
1866216,Entregas Finalizadas Manaus,6,-,-,2025-08-01 19:54:48,01/08/2025 19:54,-,-,-,-,-,-,-
1866212,Entregas Finalizadas Fora de Manaus,8,-,-,2025-08-01 23:16:10,01/08/2025 23:16,-,-,-,-,-,-,-
1866206,Entregas Finalizadas Manaus,6,-,-,2025-08-01 17:26:33,01/08/2025 17:26,-,-,-,-,-,-,-
1866202,Vendedor - Nova Encomenda,1,-,-,2025-08-01 12:54:15,01/08/2025 12:54,-,-,-,-,-,-,-
1866195,Entregas Finalizadas Manaus,6,-,-,2025-08-01 14:37:28,01/08/2025 14:37,-,-,-,-,-,-,-
1866194,Entregas Finalizadas Fora de Manaus,8,-,-,2025-08-01 22:29:21,01/08/2025 22:29,-,-,-,-,-,-,-
1866187,Entregas Finalizadas Manaus,6,-,-,2025-08-01 18:17:22,01/08/2025 18:17,-,-,-,-,-,-,-
1866167,Vendedor - Nova Encomenda,1,-,-,2025-08-01 12:41:51,01/08/2025 12:41,-,-,-,-,-,-,-
1866154,Entregas Finalizadas Fora de Manaus,8,-,-,2025-08-02 12:45:21,02/08/2025 12:45,-,-,-,-,-,-,-
1866137,Entregas Finalizadas Fora de Manaus,8,-,-,2025-08-01 22:55:06,01/08/2025 22:55,-,-,-,-,-,-,-
1866134,Entregas Finalizadas Fora de Manaus,8,-,-,2025-08-04 22:39:43,04/08/2025 22:39,-,-,-,-,-,-,-
1866127,Entregas Finalizadas Manaus,6,-,-,2025-08-01 17:43:07,01/08/2025 17:43,-,-,-,-,-,-,-
1866121,Vendedor - Nova Encomenda,1,-,-,2025-08-01 12:12:04,01/08/2025 12:12,-,-,-,-,-,-,-
1866117,Entregas Finalizadas Fora de Manaus,8,-,-,2025-08-02 16:34:11,02/08/2025 16:34,-,-,-,-,-,-,-
1866104,Entregas Finalizadas Fora de Manaus,8,-,-,2025-08-22 09:29:37,22/08/2025 09:29,-,-,-,-,-,-,-
1866095,Vendedor - Nova Encomenda,1,-,-,2025-08-01 11:58:44,01/08/2025 11:58,-,-,-,-,-,-,-
1866055,Entregas Finalizadas Fora de Manaus,8,-,-,2025-08-01 23:23:55,01/08/2025 23:23,-,-,-,-,-,-,-
1866049,Entregas Finalizadas Fora de Manaus,8,-,-,2025-08-01 17:03:02,01/08/2025 17:03,-,-,-,-,-,-,-
1866041,Entregas Finalizadas Fora de Manaus,8,-,-,2025-08-02 13:55:05,02/08/2025 13:55,-,-,-,-,-,-,-
1866038,Entregas Finalizadas Fora de Manaus,8,-,-,2025-08-01 17:02:37,01/08/2025 17:02,-,-,-,-,-,-,-
1866032,Entregas Finalizadas Fora de Manaus,8,-,-,2025-08-01 23:20:29,01/08/2025 23:20,-,-,-,-,-,-,-
1866005,Entregas Finalizadas Fora de Manaus,8,-,-,2025-08-01 23:34:27,01/08/2025 23:34,-,-,-,-,-,-,-
1866001,Entregas Finalizadas Fora de Manaus,8,-,-,2025-08-04 15:59:32,04/08/2025 15:59,-,-,-,-,-,-,-
1865979,Entregas Finalizadas Manaus,6,-,-,2025-08-01 17:56:12,01/08/2025 17:56,-,-,-,-,-,-,-
1865971,Entregas Finalizadas Fora de Manaus,8,-,-,2025-08-01 22:48:58,01/08/2025 22:48,-,-,-,-,-,-,-
1865948,Entregas Finalizadas Fora de Manaus,8,-,-,2025-08-05 14:14:48,05/08/2025 14:14,-,-,-,-,-,-,-
1865934,Entregas Finalizadas Fora de Manaus,8,-,-,2025-08-02 16:49:25,02/08/2025 16:49,-,-,-,-,-,-,-
1865922,Entregas Finalizadas Fora de Manaus,8,-,-,2025-08-01 17:43:13,01/08/2025 17:43,-,-,-,-,-,-,-
1865918,Entregas Finalizadas Fora de Manaus,8,-,-,2025-08-02 16:50:54,02/08/2025 16:50,-,-,-,-,-,-,-
1865905,Entregas Finalizadas Fora de Manaus,8,-,-,2025-08-01 23:07:36,01/08/2025 23:07,-,-,-,-,-,-,-
1865899,Entregas Finalizadas Fora de Manaus,8,-,-,2025-08-01 17:49:38,01/08/2025 17:49,-,-,-,-,-,-,-
1865895,Entregas Finalizadas Fora de Manaus,8,-,-,2025-08-04 13:33:27,04/08/2025 13:33,-,-,-,-,-,-,-
1865889,Entregas Finalizadas Fora de Manaus,8,-,-,2025-08-04 10:21:23,04/08/2025 10:21,-,-,-,-,-,-,-
1865847,Entregas Finalizadas Manaus,6,-,-,2025-08-01 18:15:35,01/08/2025 18:15,-,-,-,-,-,-,-
1865785,Entregas Finalizadas Fora de Manaus,8,-,-,2025-08-01 22:19:22,01/08/2025 22:19,-,-,-,-,-,-,-
1865780,Entregas Finalizadas Fora de Manaus,8,-,-,2025-08-01 22:02:53,01/08/2025 22:02,-,-,-,-,-,-,-
1865770,Entregas Finalizadas Fora de Manaus,8,-,-,2025-08-07 19:19:22,07/08/2025 19:19,-,-,-,-,-,-,-
1865768,Entregas Finalizadas Fora de Manaus,8,-,-,2025-08-01 22:41:52,01/08/2025 22:41,-,-,-,-,-,-,-
1865762,Entregas Finalizadas Fora de Manaus,8,-,-,2025-08-01 14:07:42,01/08/2025 14:07,-,-,-,-,-,-,-
1865754,Entregas Finalizadas Fora de Manaus,8,-,-,2025-08-01 22:33:05,01/08/2025 22:33,-,-,-,-,-,-,-
1865739,Entregas Finalizadas Manaus,6,-,-,2025-08-01 14:54:57,01/08/2025 14:54,-,-,-,-,-,-,-
1865737,Entregas Finalizadas Fora de Manaus,8,-,-,2025-08-01 21:23:53,01/08/2025 21:23,-,-,-,-,-,-,-
1865731,Entregas Finalizadas Fora de Manaus,8,-,-,2025-08-01 22:21:44,01/08/2025 22:21,-,-,-,-,-,-,-
1865729,Entregas Finalizadas Fora de Manaus,8,-,-,2025-08-02 16:22:50,02/08/2025 16:22,-,-,-,-,-,-,-
1865720,Entregas Finalizadas Fora de Manaus,8,-,-,2025-08-01 17:46:36,01/08/2025 17:46,-,-,-,-,-,-,-
1865691,Entregas Finalizadas Fora de Manaus,8,-,-,2025-08-05 23:49:40,05/08/2025 23:49,-,-,-,-,-,-,-
1865588,Entregas Finalizadas Fora de Manaus,8,-,-,2025-08-04 22:18:11,04/08/2025 22:18,-,-,-,-,-,-,-
1865563,Entregas Finalizadas Fora de Manaus,8,-,-,2025-08-01 21:30:23,01/08/2025 21:30,-,-,-,-,-,-,-
1865531,Entregas Finalizadas Fora de Manaus,8,-,-,2025-08-04 22:44:36,04/08/2025 22:44,-,-,-,-,-,-,-
1865525,Entregas Finalizadas Manaus,6,-,-,2025-08-01 18:14:41,01/08/2025 18:14,-,-,-,-,-,-,-
1865508,Entregas Finalizadas Fora de Manaus,8,-,-,2025-08-06 22:40:34,06/08/2025 22:40,-,-,-,-,-,-,-
1865504,Entregas Finalizadas Fora de Manaus,8,-,-,2025-08-01 12:46:29,01/08/2025 12:46,-,-,-,-,-,-,-
1865487,Entregas Finalizadas Fora de Manaus,8,-,-,2025-08-01 21:40:23,01/08/2025 21:40,-,-,-,-,-,-,-
1865474,Entregas Finalizadas Fora de Manaus,8,-,-,2025-08-01 22:36:52,01/08/2025 22:36,-,-,-,-,-,-,-
1865468,Entregas Finalizadas Fora de Manaus,8,-,-,2025-08-01 21:45:37,01/08/2025 21:45,-,-,-,-,-,-,-
1865457,Entregas Finalizadas Fora de Manaus,8,-,-,2025-08-02 10:04:38,02/08/2025 10:04,-,-,-,-,-,-,-
1865433,Entregas Finalizadas Manaus,6,-,-,2025-08-01 19:53:40,01/08/2025 19:53,-,-,-,-,-,-,-
1865426,Entregas Finalizadas Fora de Manaus,8,-,-,2025-08-01 12:43:17,01/08/2025 12:43,-,-,-,-,-,-,-
1865405,Entregas Finalizadas Fora de Manaus,8,-,-,2025-08-01 22:08:19,01/08/2025 22:08,-,-,-,-,-,-,-
1865399,Entregas Finalizadas Fora de Manaus,8,-,-,2025-08-01 22:00:42,01/08/2025 22:00,-,-,-,-,-,-,-
1865394,Entregas Finalizadas Fora de Manaus,8,-,-,2025-08-01 12:41:21,01/08/2025 12:41,-,-,-,-,-,-,-
1865360,Entregas Finalizadas Manaus,6,-,-,2025-08-01 13:21:37,01/08/2025 13:21,-,-,-,-,-,-,-
1865237,Entregas Finalizadas Fora de Manaus,8,-,-,2025-08-01 13:29:40,01/08/2025 13:29,-,-,-,-,-,-,-
1865216,Entregas Finalizadas Fora de Manaus,8,-,-,2025-08-01 21:38:15,01/08/2025 21:38,-,-,-,-,-,-,-
1865192,Entregas Finalizadas Fora de Manaus,8,-,-,2025-07-31 21:42:51,31/07/2025 21:42,-,-,-,-,-,-,-
1865144,Entregas Finalizadas Manaus,6,-,-,2025-07-31 18:50:21,31/07/2025 18:50,-,-,-,-,-,-,-
1865137,Vendedor - Nova Encomenda,1,-,-,2025-07-31 15:11:41,31/07/2025 15:11,-,-,-,-,-,-,-
1865130,Entregas Finalizadas Manaus,6,-,-,2025-07-31 20:11:56,31/07/2025 20:11,-,-,-,-,-,-,-
1865123,Entregas Finalizadas Fora de Manaus,8,-,-,2025-08-04 11:18:11,04/08/2025 11:18,-,-,-,-,-,-,-
1865119,Entregas Finalizadas Fora de Manaus,8,-,-,2025-08-01 12:00:42,01/08/2025 12:00,-,-,-,-,-,-,-
1865099,Entregas Finalizadas Manaus,6,-,-,2025-07-31 18:38:41,31/07/2025 18:38,-,-,-,-,-,-,-
1865086,Entregas Finalizadas Manaus,6,-,-,2025-07-31 18:22:23,31/07/2025 18:22,-,-,-,-,-,-,-
1865053,Entregas Finalizadas Manaus,6,-,-,2025-07-31 17:34:26,31/07/2025 17:34,-,-,-,-,-,-,-
1865033,Entregas Finalizadas Fora de Manaus,8,-,-,2025-07-31 21:04:24,31/07/2025 21:04,-,-,-,-,-,-,-
1865031,Entregas Finalizadas Fora de Manaus,8,-,-,2025-07-31 18:22:42,31/07/2025 18:22,-,-,-,-,-,-,-
1865028,Entregas Finalizadas Manaus,6,-,-,2025-07-31 20:25:51,31/07/2025 20:25,-,-,-,-,-,-,-
1865016,Vendedor - Nova Encomenda,1,-,-,2025-07-31 13:45:38,31/07/2025 13:45,-,-,-,-,-,-,-
1865012,Entregas Finalizadas Fora de Manaus,8,-,-,2025-08-01 21:48:56,01/08/2025 21:48,-,-,-,-,-,-,-
1865000,Entregas Finalizadas Fora de Manaus,8,-,-,2025-07-31 21:14:03,31/07/2025 21:14,-,-,-,-,-,-,-
1864970,Entregas Finalizadas Fora de Manaus,8,-,-,2025-08-01 21:57:44,01/08/2025 21:57,-,-,-,-,-,-,-
1864964,Entregas Finalizadas Fora de Manaus,8,-,-,2025-07-31 20:52:26,31/07/2025 20:52,-,-,-,-,-,-,-
1864956,Entregas Finalizadas Manaus,6,-,-,2025-08-01 09:58:21,01/08/2025 09:58,-,-,-,-,-,-,-
1864952,Entregas Finalizadas Fora de Manaus,8,-,-,2025-07-31 17:40:04,31/07/2025 17:40,-,-,-,-,-,-,-
1864949,Entregas Finalizadas Fora de Manaus,8,-,-,2025-08-01 11:07:05,01/08/2025 11:07,-,-,-,-,-,-,-
1864922,Vendedor - Nova Encomenda,1,-,-,2025-07-31 12:59:52,31/07/2025 12:59,-,-,-,-,-,-,-
1864911,Entregas Finalizadas Fora de Manaus,8,-,-,2025-08-01 23:13:11,01/08/2025 23:13,-,-,-,-,-,-,-
1864890,Entregas Finalizadas Manaus,6,-,-,2025-08-01 19:52:10,01/08/2025 19:52,-,-,-,-,-,-,-
1864883,Entregas Finalizadas Fora de Manaus,8,-,-,2025-08-01 13:32:07,01/08/2025 13:32,-,-,-,-,-,-,-
1864878,Entregas Finalizadas Fora de Manaus,8,-,-,2025-07-31 17:41:18,31/07/2025 17:41,-,-,-,-,-,-,-
1864862,Entregas Finalizadas Manaus,6,-,-,2025-07-31 17:56:37,31/07/2025 17:56,-,-,-,-,-,-,-
1864850,Entregas Finalizadas Fora de Manaus,8,-,-,2025-08-01 21:42:34,01/08/2025 21:42,-,-,-,-,-,-,-
1864844,Entregas Finalizadas Fora de Manaus,8,-,-,2025-07-31 18:06:06,31/07/2025 18:06,-,-,-,-,-,-,-
1864827,Entregas Finalizadas Fora de Manaus,8,-,-,2025-08-01 21:52:03,01/08/2025 21:52,-,-,-,-,-,-,-
1864815,Entregas Finalizadas Fora de Manaus,8,-,-,2025-07-31 21:34:58,31/07/2025 21:34,-,-,-,-,-,-,-
1864810,Entregas Finalizadas Fora de Manaus,8,-,-,2025-08-01 12:45:07,01/08/2025 12:45,-,-,-,-,-,-,-
1864803,Vendedor - Nova Encomenda,1,-,-,2025-07-31 11:51:15,31/07/2025 11:51,-,-,-,-,-,-,-
1864801,Entregas Finalizadas Manaus,6,-,-,2025-08-01 17:12:42,01/08/2025 17:12,-,-,-,-,-,-,-
1864781,Entregas Finalizadas Fora de Manaus,8,-,-,2025-07-31 21:37:17,31/07/2025 21:37,-,-,-,-,-,-,-
1864747,Vendedor - Nova Encomenda,1,-,-,2025-07-31 11:33:48,31/07/2025 11:33,-,-,-,-,-,-,-
1864660,Entregas Finalizadas Fora de Manaus,8,-,-,2025-07-31 17:33:34,31/07/2025 17:33,-,-,-,-,-,-,-
1864653,Vendedor - Nova Encomenda,1,-,-,2025-07-31 11:03:42,31/07/2025 11:03,-,-,-,-,-,-,-
1864640,Entregas Finalizadas Fora de Manaus,8,-,-,2025-07-31 21:45:25,31/07/2025 21:45,-,-,-,-,-,-,-
1864635,Entregas Finalizadas Fora de Manaus,8,-,-,2025-07-31 20:49:59,31/07/2025 20:49,-,-,-,-,-,-,-
1864578,Entregas Finalizadas Manaus,6,-,-,2025-07-31 13:02:28,31/07/2025 13:02,-,-,-,-,-,-,-
1864558,Entregas Finalizadas Fora de Manaus,8,-,-,2025-07-31 18:23:41,31/07/2025 18:23,-,-,-,-,-,-,-
1864455,Entregas Finalizadas Manaus,6,-,-,2025-07-31 12:55:55,31/07/2025 12:55,-,-,-,-,-,-,-
1864444,Vendedor - Nova Encomenda,1,-,-,2025-07-31 10:16:11,31/07/2025 10:16,-,-,-,-,-,-,-
1864431,Entregas Finalizadas Manaus,6,-,-,2025-07-31 20:46:42,31/07/2025 20:46,-,-,-,-,-,-,-
1864420,Entregas Finalizadas Fora de Manaus,8,-,-,2025-08-01 12:48:35,01/08/2025 12:48,-,-,-,-,-,-,-
1864414,Entregas Finalizadas Fora de Manaus,8,-,-,2025-07-31 21:41:19,31/07/2025 21:41,-,-,-,-,-,-,-
1864380,Entregas Finalizadas Fora de Manaus,8,-,-,2025-07-31 14:46:48,31/07/2025 14:46,-,-,-,-,-,-,-
1864377,Entregas Finalizadas Fora de Manaus,8,-,-,2025-07-31 12:31:04,31/07/2025 12:31,-,-,-,-,-,-,-
1864371,Entregas Finalizadas Fora de Manaus,8,-,-,2025-07-31 12:11:33,31/07/2025 12:11,-,-,-,-,-,-,-
1864356,Entregas Finalizadas Fora de Manaus,8,-,-,2025-07-31 17:34:52,31/07/2025 17:34,-,-,-,-,-,-,-
1864333,Entregas Finalizadas Fora de Manaus,8,-,-,2025-08-01 22:15:35,01/08/2025 22:15,-,-,-,-,-,-,-
1864319,Entregas Finalizadas Fora de Manaus,8,-,-,2025-08-02 16:56:56,02/08/2025 16:56,-,-,-,-,-,-,-
1864305,Entregas Finalizadas Fora de Manaus,8,-,-,2025-08-02 16:39:35,02/08/2025 16:39,-,-,-,-,-,-,-
1864249,Entregas Finalizadas Manaus,6,-,-,2025-07-31 17:18:25,31/07/2025 17:18,-,-,-,-,-,-,-
1864192,Entregas Finalizadas Fora de Manaus,8,-,-,2025-07-31 12:32:25,31/07/2025 12:32,-,-,-,-,-,-,-
1864188,Entregas Finalizadas Fora de Manaus,8,-,-,2025-07-31 17:31:24,31/07/2025 17:31,-,-,-,-,-,-,-
1864186,Entregas Finalizadas Fora de Manaus,8,-,-,2025-07-31 12:23:01,31/07/2025 12:23,-,-,-,-,-,-,-
1864171,Entregas Finalizadas Fora de Manaus,8,-,-,2025-07-31 12:24:52,31/07/2025 12:24,-,-,-,-,-,-,-
1864167,Entregas Finalizadas Fora de Manaus,8,-,-,2025-07-31 12:53:47,31/07/2025 12:53,-,-,-,-,-,-,-
1864142,Entregas Finalizadas Fora de Manaus,8,-,-,2025-08-02 16:45:09,02/08/2025 16:45,-,-,-,-,-,-,-
1864139,Entregas Finalizadas Fora de Manaus,8,-,-,2025-07-31 12:52:32,31/07/2025 12:52,-,-,-,-,-,-,-
1864103,Vendedor - Nova Encomenda,1,-,-,2025-07-30 17:49:12,30/07/2025 17:49,-,-,-,-,-,-,-
1863957,Entregas Finalizadas Fora de Manaus,8,-,-,2025-08-04 22:48:38,04/08/2025 22:48,-,-,-,-,-,-,-
1863933,Entregas Finalizadas Manaus,6,-,-,2025-07-30 18:22:03,30/07/2025 18:22,-,-,-,-,-,-,-
1863925,Vendedor - Nova Encomenda,1,-,-,2025-07-30 16:05:10,30/07/2025 16:05,-,-,-,-,-,-,-
1863897,Entregas Finalizadas Manaus,6,-,-,2025-07-30 17:00:09,30/07/2025 17:00,-,-,-,-,-,-,-
1863886,Entregas Finalizadas Fora de Manaus,8,-,-,2025-07-31 18:07:06,31/07/2025 18:07,-,-,-,-,-,-,-
1863865,Entregas Finalizadas Fora de Manaus,8,-,-,2025-07-31 13:21:50,31/07/2025 13:21,-,-,-,-,-,-,-
1863781,Entregas Finalizadas Manaus,6,-,-,2025-07-30 18:54:17,30/07/2025 18:54,-,-,-,-,-,-,-
1863754,Entregas Finalizadas Manaus,6,-,-,2025-07-30 18:31:00,30/07/2025 18:31,-,-,-,-,-,-,-
1863723,Entregas Finalizadas Manaus,6,-,-,2025-07-30 18:03:05,30/07/2025 18:03,-,-,-,-,-,-,-
1863720,Entregas Finalizadas Manaus,6,-,-,2025-07-30 17:39:50,30/07/2025 17:39,-,-,-,-,-,-,-
1863708,Entregas Finalizadas Manaus,6,-,-,2025-07-30 18:16:58,30/07/2025 18:16,-,-,-,-,-,-,-
1863673,Vendedor - Nova Encomenda,1,-,-,2025-07-30 13:54:24,30/07/2025 13:54,-,-,-,-,-,-,-
1863659,Entregas Finalizadas Fora de Manaus,8,-,-,2025-07-30 17:36:26,30/07/2025 17:36,-,-,-,-,-,-,-
1863604,Entregas Finalizadas Fora de Manaus,8,-,-,2025-07-30 17:34:22,30/07/2025 17:34,-,-,-,-,-,-,-
1863601,Entregas Finalizadas Manaus,6,-,-,2025-07-31 10:26:40,31/07/2025 10:26,-,-,-,-,-,-,-
1863576,Entregas Finalizadas Fora de Manaus,8,-,-,2025-07-30 17:35:52,30/07/2025 17:35,-,-,-,-,-,-,-
1863543,Entregas Finalizadas Manaus,6,-,-,2025-07-30 18:05:51,30/07/2025 18:05,-,-,-,-,-,-,-
1863518,Entregas Finalizadas Fora de Manaus,8,-,-,2025-07-30 17:30:41,30/07/2025 17:30,-,-,-,-,-,-,-
1863472,Entregas Finalizadas Fora de Manaus,8,-,-,2025-07-31 21:18:47,31/07/2025 21:18,-,-,-,-,-,-,-
1863457,Entregas Finalizadas Fora de Manaus,8,-,-,2025-08-04 12:28:21,04/08/2025 12:28,-,-,-,-,-,-,-
1863430,Entregas Finalizadas Fora de Manaus,8,-,-,2025-08-04 10:59:12,04/08/2025 10:59,-,-,-,-,-,-,-
1863377,Entregas Finalizadas Fora de Manaus,8,-,-,2025-07-30 15:56:40,30/07/2025 15:56,-,-,-,-,-,-,-
1863234,Entregas Finalizadas Manaus,6,-,-,2025-07-30 14:21:58,30/07/2025 14:21,-,-,-,-,-,-,-
1863223,Entregas Finalizadas Fora de Manaus,8,-,-,2025-07-30 17:28:45,30/07/2025 17:28,-,-,-,-,-,-,-
1863207,Vendedor - Nova Encomenda,1,-,-,2025-07-30 09:49:30,30/07/2025 09:49,-,-,-,-,-,-,-
1863191,Entregas Finalizadas Fora de Manaus,8,-,-,2025-07-30 21:22:01,30/07/2025 21:22,-,-,-,-,-,-,-
1863180,Entregas Finalizadas Fora de Manaus,8,-,-,2025-07-30 21:45:10,30/07/2025 21:45,-,-,-,-,-,-,-
1863123,Entregas Finalizadas Fora de Manaus,8,-,-,2025-07-30 21:34:50,30/07/2025 21:34,-,-,-,-,-,-,-
1863020,Entregas Finalizadas Manaus,6,-,-,2025-07-30 18:44:46,30/07/2025 18:44,-,-,-,-,-,-,-
1863007,Vendedor - Nova Encomenda,1,-,-,2025-07-29 21:38:52,29/07/2025 21:38,-,-,-,-,-,-,-
1862981,Vendedor - Nova Encomenda,1,-,-,2025-07-29 21:19:35,29/07/2025 21:19,-,-,-,-,-,-,-
1862929,Entregas Finalizadas Fora de Manaus,8,-,-,2025-07-30 17:33:55,30/07/2025 17:33,-,-,-,-,-,-,-
1862927,Entregas Finalizadas Fora de Manaus,8,-,-,2025-07-30 13:12:56,30/07/2025 13:12,-,-,-,-,-,-,-
1862919,Entregas Finalizadas Fora de Manaus,8,-,-,2025-07-30 17:40:45,30/07/2025 17:40,-,-,-,-,-,-,-
1862911,Entregas Finalizadas Fora de Manaus,8,-,-,2025-07-30 21:51:27,30/07/2025 21:51,-,-,-,-,-,-,-
1862857,Entregas Finalizadas Fora de Manaus,8,-,-,2025-07-30 13:14:15,30/07/2025 13:14,-,-,-,-,-,-,-
1862795,Entregas Finalizadas Fora de Manaus,8,-,-,2025-07-30 13:17:31,30/07/2025 13:17,-,-,-,-,-,-,-
1862734,Entregas Finalizadas Fora de Manaus,8,-,-,2025-07-31 09:32:22,31/07/2025 09:32,-,-,-,-,-,-,-
1862723,Entregas Finalizadas Fora de Manaus,8,-,-,2025-07-30 21:55:50,30/07/2025 21:55,-,-,-,-,-,-,-
1862694,Entregas Finalizadas Fora de Manaus,8,-,-,2025-07-31 21:39:28,31/07/2025 21:39,-,-,-,-,-,-,-
1862663,Entregas Finalizadas Fora de Manaus,8,-,-,2025-07-29 21:24:12,29/07/2025 21:24,-,-,-,-,-,-,-
1862658,Entregas Finalizadas Fora de Manaus,8,-,-,2025-07-31 12:41:51,31/07/2025 12:41,-,-,-,-,-,-,-
1862631,Entregas Finalizadas Fora de Manaus,8,-,-,2025-07-30 21:36:43,30/07/2025 21:36,-,-,-,-,-,-,-
1862620,Entregas Finalizadas Fora de Manaus,8,-,-,2025-07-29 18:29:49,29/07/2025 18:29,-,-,-,-,-,-,-
1862585,Entregas Finalizadas Manaus,6,-,-,2025-07-29 17:58:41,29/07/2025 17:58,-,-,-,-,-,-,-
1862576,Entregas Finalizadas Manaus,6,-,-,2025-07-30 18:45:59,30/07/2025 18:45,-,-,-,-,-,-,-
1862559,Entregas Finalizadas Fora de Manaus,8,-,-,2025-07-30 21:39:42,30/07/2025 21:39,-,-,-,-,-,-,-
1862557,Entregas Finalizadas Fora de Manaus,8,-,-,2025-07-29 21:02:43,29/07/2025 21:02,-,-,-,-,-,-,-
1862538,Logística - Despacho da Encomenda,2,-,00:00 Horas,2025-07-29 15:53:47,29/07/2025 15:53,-,29/07/2025 15:53,-,-,-,-,-
1862523,Entregas Finalizadas Fora de Manaus,8,-,-,2025-07-30 21:53:08,30/07/2025 21:53,-,-,-,-,-,-,-
1862508,Entregas Finalizadas Manaus,6,-,-,2025-07-29 20:58:10,29/07/2025 20:58,-,-,-,-,-,-,-
1862496,Entregas Finalizadas Fora de Manaus,8,-,-,2025-07-29 21:17:50,29/07/2025 21:17,-,-,-,-,-,-,-
1862477,Entregas Finalizadas Fora de Manaus,8,-,-,2025-07-31 13:03:56,31/07/2025 13:03,-,-,-,-,-,-,-
1862464,Entregas Finalizadas Fora de Manaus,8,-,-,2025-07-31 14:34:05,31/07/2025 14:34,-,-,-,-,-,-,-
1862412,Vendedor - Nova Encomenda,1,-,-,2025-07-29 14:13:39,29/07/2025 14:13,-,-,-,-,-,-,-
1862403,Entregas Finalizadas Manaus,6,-,-,2025-07-29 20:20:15,29/07/2025 20:20,-,-,-,-,-,-,-
1862388,Entregas Finalizadas Manaus,6,-,-,2025-07-29 17:54:38,29/07/2025 17:54,-,-,-,-,-,-,-
1862336,Entregas Finalizadas Manaus,6,-,-,2025-07-29 22:09:36,29/07/2025 22:09,-,-,-,-,-,-,-
1862332,Entregas Finalizadas Fora de Manaus,8,-,-,2025-07-29 17:22:13,29/07/2025 17:22,-,-,-,-,-,-,-
1862301,Entregas Finalizadas Fora de Manaus,8,-,-,2025-07-29 21:27:19,29/07/2025 21:27,-,-,-,-,-,-,-
1862288,Entregas Finalizadas Fora de Manaus,8,-,-,2025-07-29 21:31:17,29/07/2025 21:31,-,-,-,-,-,-,-
1862253,Entregas Finalizadas Fora de Manaus,8,-,-,2025-07-29 21:20:00,29/07/2025 21:20,-,-,-,-,-,-,-
1862205,Entregas Finalizadas Manaus,6,-,-,2025-07-30 09:15:58,30/07/2025 09:15,-,-,-,-,-,-,-
1862181,Entregas Finalizadas Fora de Manaus,8,-,-,2025-07-29 18:03:06,29/07/2025 18:03,-,-,-,-,-,-,-
1862139,Entregas Finalizadas Manaus,6,-,-,2025-07-29 20:29:51,29/07/2025 20:29,-,-,-,-,-,-,-
1862126,Entregas Finalizadas Manaus,6,-,-,2025-07-30 17:23:44,30/07/2025 17:23,-,-,-,-,-,-,-
1862095,Entregas Finalizadas Fora de Manaus,8,-,-,2025-07-31 21:11:19,31/07/2025 21:11,-,-,-,-,-,-,-
1862009,Entregas Finalizadas Fora de Manaus,8,-,-,2025-07-29 21:21:46,29/07/2025 21:21,-,-,-,-,-,-,-
1861896,Entregas Finalizadas Fora de Manaus,8,-,-,2025-07-30 13:15:32,30/07/2025 13:15,-,-,-,-,-,-,-
1861878,Entregas Finalizadas Manaus,6,-,-,2025-07-29 19:15:18,29/07/2025 19:15,-,-,-,-,-,-,-
1861873,Entregas Finalizadas Manaus,6,-,-,2025-07-29 14:31:29,29/07/2025 14:31,-,-,-,-,-,-,-
1861859,Entregas Finalizadas Fora de Manaus,8,-,-,2025-07-29 21:25:50,29/07/2025 21:25,-,-,-,-,-,-,-
1861848,Entregas Finalizadas Fora de Manaus,8,-,-,2025-07-29 18:53:26,29/07/2025 18:53,-,-,-,-,-,-,-
1861840,Entregas Finalizadas Fora de Manaus,8,-,-,2025-07-31 14:32:10,31/07/2025 14:32,-,-,-,-,-,-,-
1861833,Vendedor - Nova Encomenda,1,-,-,2025-07-29 09:45:02,29/07/2025 09:45,-,-,-,-,-,-,-
1861824,Entregas Finalizadas Fora de Manaus,8,-,-,2025-07-29 21:28:51,29/07/2025 21:28,-,-,-,-,-,-,-
1861812,Entregas Finalizadas Fora de Manaus,8,-,-,2025-07-29 13:55:17,29/07/2025 13:55,-,-,-,-,-,-,-
1861810,Entregas Finalizadas Fora de Manaus,8,-,-,2025-08-01 21:20:05,01/08/2025 21:20,-,-,-,-,-,-,-
1861799,Entregas Finalizadas Fora de Manaus,8,-,-,2025-07-29 15:57:08,29/07/2025 15:57,-,-,-,-,-,-,-
1861645,Entregas Finalizadas Manaus,6,-,-,2025-07-29 12:57:13,29/07/2025 12:57,-,-,-,-,-,-,-
1861640,Entregas Finalizadas Manaus,6,-,-,2025-07-30 13:45:41,30/07/2025 13:45,-,-,-,-,-,-,-
1861619,Entregas Finalizadas Manaus,6,-,-,2025-07-29 20:36:36,29/07/2025 20:36,-,-,-,-,-,-,-
1861582,Logística - Despacho da Encomenda,2,-,00:00 Horas,2025-07-29 10:40:41,29/07/2025 10:40,-,29/07/2025 10:40,-,-,-,-,-
1861545,Entregas Finalizadas Fora de Manaus,8,-,-,2025-07-29 21:42:45,29/07/2025 21:42,-,-,-,-,-,-,-
1861530,Entregas Finalizadas Fora de Manaus,8,-,-,2025-07-29 17:35:13,29/07/2025 17:35,-,-,-,-,-,-,-
1861524,Entregas Finalizadas Fora de Manaus,8,-,-,2025-07-29 13:56:54,29/07/2025 13:56,-,-,-,-,-,-,-
1861517,Entregas Finalizadas Fora de Manaus,8,-,-,2025-07-30 17:37:02,30/07/2025 17:37,-,-,-,-,-,-,-
1861478,Entregas Finalizadas Fora de Manaus,8,-,-,2025-07-29 21:37:44,29/07/2025 21:37,-,-,-,-,-,-,-
1861471,Entregas Finalizadas Fora de Manaus,8,-,-,2025-07-29 16:00:13,29/07/2025 16:00,-,-,-,-,-,-,-
1861463,Vendedor - Nova Encomenda,1,-,-,2025-07-28 17:37:33,28/07/2025 17:37,-,-,-,-,-,-,-
1861454,Entregas Finalizadas Fora de Manaus,8,-,-,2025-07-29 17:10:39,29/07/2025 17:10,-,-,-,-,-,-,-
1861451,Entregas Finalizadas Fora de Manaus,8,-,-,2025-07-29 18:24:37,29/07/2025 18:24,-,-,-,-,-,-,-
1861442,Entregas Finalizadas Manaus,6,-,-,2025-07-29 17:45:55,29/07/2025 17:45,-,-,-,-,-,-,-
1861424,Entregas Finalizadas Fora de Manaus,8,-,-,2025-07-29 18:51:54,29/07/2025 18:51,-,-,-,-,-,-,-
1861421,Entregas Finalizadas Fora de Manaus,8,-,-,2025-07-31 14:35:17,31/07/2025 14:35,-,-,-,-,-,-,-
1861418,Entregas Finalizadas Manaus,6,-,-,2025-07-29 21:23:27,29/07/2025 21:23,-,-,-,-,-,-,-
1861407,Entregas Finalizadas Fora de Manaus,8,-,-,2025-07-29 21:36:15,29/07/2025 21:36,-,-,-,-,-,-,-
1861364,Entregas Finalizadas Fora de Manaus,8,-,-,2025-07-29 16:03:15,29/07/2025 16:03,-,-,-,-,-,-,-
1861225,Entregas Finalizadas Manaus,6,-,-,2025-07-28 17:07:00,28/07/2025 17:07,-,-,-,-,-,-,-
1861130,Entregas Finalizadas Manaus,6,-,-,2025-07-28 18:25:37,28/07/2025 18:25,-,-,-,-,-,-,-
1861096,Vendedor - Nova Encomenda,1,-,-,2025-07-28 14:38:25,28/07/2025 14:38,-,-,-,-,-,-,-
1861023,Entregas Finalizadas Manaus,6,-,-,2025-07-28 17:43:44,28/07/2025 17:43,-,-,-,-,-,-,-
1861009,Entregas Finalizadas Manaus,6,-,-,2025-07-28 17:40:55,28/07/2025 17:40,-,-,-,-,-,-,-
1860997,Entregas Finalizadas Fora de Manaus,8,-,-,2025-07-28 17:58:58,28/07/2025 17:58,-,-,-,-,-,-,-
1860979,Entregas Finalizadas Manaus,6,-,-,2025-07-28 18:00:18,28/07/2025 18:00,-,-,-,-,-,-,-
1860943,Entregas Finalizadas Fora de Manaus,8,-,-,2025-07-28 23:04:57,28/07/2025 23:04,-,-,-,-,-,-,-
1860925,Entregas Finalizadas Fora de Manaus,8,-,-,2025-07-29 21:15:49,29/07/2025 21:15,-,-,-,-,-,-,-
1860918,Entregas Finalizadas Fora de Manaus,8,-,-,2025-07-28 22:50:46,28/07/2025 22:50,-,-,-,-,-,-,-
1860913,Entregas Finalizadas Fora de Manaus,8,-,-,2025-07-28 22:43:04,28/07/2025 22:43,-,-,-,-,-,-,-
1860893,Entregas Finalizadas Manaus,6,-,-,2025-07-28 17:04:16,28/07/2025 17:04,-,-,-,-,-,-,-
1860880,Entregas Finalizadas Fora de Manaus,8,-,-,2025-07-28 16:13:37,28/07/2025 16:13,-,-,-,-,-,-,-
1860856,Entregas Finalizadas Manaus,6,-,-,2025-07-28 18:19:12,28/07/2025 18:19,-,-,-,-,-,-,-
1860846,Entregas Finalizadas Manaus,6,-,-,2025-07-28 20:02:31,28/07/2025 20:02,-,-,-,-,-,-,-
1860815,Entregas Finalizadas Manaus,6,-,-,2025-07-28 18:41:32,28/07/2025 18:41,-,-,-,-,-,-,-
1860801,Entregas Finalizadas Manaus,6,-,-,2025-07-28 17:42:35,28/07/2025 17:42,-,-,-,-,-,-,-
1860699,Entregas Finalizadas Fora de Manaus,8,-,-,2025-07-29 16:01:56,29/07/2025 16:01,-,-,-,-,-,-,-
1860697,Entregas Finalizadas Fora de Manaus,8,-,-,2025-07-29 21:39:34,29/07/2025 21:39,-,-,-,-,-,-,-
1860679,Entregas Finalizadas Manaus,6,-,-,2025-07-28 18:51:02,28/07/2025 18:51,-,-,-,-,-,-,-
1860674,Entregas Finalizadas Fora de Manaus,8,-,-,2025-07-28 22:46:54,28/07/2025 22:46,-,-,-,-,-,-,-
1860668,Entregas Finalizadas Manaus,6,-,-,2025-07-28 17:31:30,28/07/2025 17:31,-,-,-,-,-,-,-
1860586,Entregas Finalizadas Fora de Manaus,8,-,-,2025-07-28 22:48:29,28/07/2025 22:48,-,-,-,-,-,-,-
1860465,Entregas Finalizadas Fora de Manaus,8,-,-,2025-07-29 12:33:30,29/07/2025 12:33,-,-,-,-,-,-,-
1860457,Entregas Finalizadas Fora de Manaus,8,-,-,2025-07-28 13:54:14,28/07/2025 13:54,-,-,-,-,-,-,-
1860042,Entregas Finalizadas Fora de Manaus,8,-,-,2025-07-28 22:38:14,28/07/2025 22:38,-,-,-,-,-,-,-
1859877,Entregas Finalizadas Manaus,6,-,-,2025-07-28 13:34:09,28/07/2025 13:34,-,-,-,-,-,-,-
1859788,Entregas Finalizadas Fora de Manaus,8,-,-,2025-07-28 16:10:55,28/07/2025 16:10,-,-,-,-,-,-,-
1859784,Entregas Finalizadas Fora de Manaus,8,-,-,2025-07-28 15:15:46,28/07/2025 15:15,-,-,-,-,-,-,-
1859732,Entregas Finalizadas Fora de Manaus,8,-,-,2025-07-29 21:41:34,29/07/2025 21:41,-,-,-,-,-,-,-
1859728,Entregas Finalizadas Manaus,6,-,-,2025-07-28 18:20:50,28/07/2025 18:20,-,-,-,-,-,-,-
1859687,Entregas Finalizadas Fora de Manaus,8,-,-,2025-07-29 13:58:18,29/07/2025 13:58,-,-,-,-,-,-,-
1859628,Entregas Finalizadas Fora de Manaus,8,-,-,2025-07-28 15:04:53,28/07/2025 15:04,-,-,-,-,-,-,-
1859431,Vendedor - Nova Encomenda,1,-,-,2025-07-28 09:24:26,28/07/2025 09:24,-,-,-,-,-,-,-
1859222,Vendedor - Nova Encomenda,1,-,-,2025-07-27 21:18:40,27/07/2025 21:18,-,-,-,-,-,-,-
1859219,Vendedor - Nova Encomenda,1,-,-,2025-07-27 21:02:46,27/07/2025 21:02,-,-,-,-,-,-,-
1858858,Entregas Finalizadas Fora de Manaus,8,-,-,2025-07-28 22:57:57,28/07/2025 22:57,-,-,-,-,-,-,-
1858843,Entregas Finalizadas Manaus,6,-,-,2025-07-28 19:10:18,28/07/2025 19:10,-,-,-,-,-,-,-
1858839,Entregas Finalizadas Fora de Manaus,8,-,-,2025-07-28 15:19:52,28/07/2025 15:19,-,-,-,-,-,-,-
1858773,Vendedor - Nova Encomenda,1,-,-,2025-07-26 11:41:09,26/07/2025 11:41,-,-,-,-,-,-,-
1858765,Logística - Despacho da Encomenda,2,-,00:00 Horas,2025-07-26 12:11:25,26/07/2025 12:11,-,26/07/2025 12:11,-,-,-,-,-
1858751,Entregas Finalizadas Fora de Manaus,8,-,-,2025-07-26 15:40:45,26/07/2025 15:40,-,-,-,-,-,-,-
1858733,Entregas Finalizadas Fora de Manaus,8,-,-,2025-07-26 11:13:57,26/07/2025 11:13,-,-,-,-,-,-,-
1858728,Entregas Finalizadas Fora de Manaus,8,-,-,2025-07-26 15:42:12,26/07/2025 15:42,-,-,-,-,-,-,-
1858724,Entregas Finalizadas Fora de Manaus,8,-,-,2025-07-26 15:43:30,26/07/2025 15:43,-,-,-,-,-,-,-
1858717,Entregas Finalizadas Fora de Manaus,8,-,-,2025-07-26 14:04:19,26/07/2025 14:04,-,-,-,-,-,-,-
1858715,Entregas Finalizadas Fora de Manaus,8,-,-,2025-07-28 12:54:27,28/07/2025 12:54,-,-,-,-,-,-,-
1858692,Entregas Finalizadas Manaus,6,-,-,2025-07-26 15:06:58,26/07/2025 15:06,-,-,-,-,-,-,-
1858634,Entregas Finalizadas Fora de Manaus,8,-,-,2025-07-26 14:06:00,26/07/2025 14:06,-,-,-,-,-,-,-
1858535,Entregas Finalizadas Fora de Manaus,8,-,-,2025-07-26 15:37:42,26/07/2025 15:37,-,-,-,-,-,-,-
1858514,Entregas Finalizadas Fora de Manaus,8,-,-,2025-07-26 15:48:35,26/07/2025 15:48,-,-,-,-,-,-,-
1858461,Entregas Finalizadas Fora de Manaus,8,-,-,2025-07-28 22:56:03,28/07/2025 22:56,-,-,-,-,-,-,-
1858448,Vendedor - Nova Encomenda,1,-,-,2025-07-25 17:31:29,25/07/2025 17:31,-,-,-,-,-,-,-
1858440,Entregas Finalizadas Fora de Manaus,8,-,-,2025-07-26 15:05:27,26/07/2025 15:05,-,-,-,-,-,-,-
1858434,Entregas Finalizadas Fora de Manaus,8,-,-,2025-07-28 15:07:18,28/07/2025 15:07,-,-,-,-,-,-,-
1858431,Entregas Finalizadas Fora de Manaus,8,-,-,2025-07-26 15:34:17,26/07/2025 15:34,-,-,-,-,-,-,-
1858418,Entregas Finalizadas Fora de Manaus,8,-,-,2025-07-26 15:28:58,26/07/2025 15:28,-,-,-,-,-,-,-
1858415,Entregas Finalizadas Fora de Manaus,8,-,-,2025-07-28 22:53:50,28/07/2025 22:53,-,-,-,-,-,-,-
1858331,Entregas Finalizadas Fora de Manaus,8,-,-,2025-07-28 22:35:30,28/07/2025 22:35,-,-,-,-,-,-,-
1858311,Entregas Finalizadas Manaus,6,-,-,2025-07-25 17:55:22,25/07/2025 17:55,-,-,-,-,-,-,-
1858304,Entregas Finalizadas Fora de Manaus,8,-,-,2025-07-25 18:18:14,25/07/2025 18:18,-,-,-,-,-,-,-
1858271,Entregas Finalizadas Manaus,6,-,-,2025-07-25 15:49:09,25/07/2025 15:49,-,-,-,-,-,-,-
1858246,Entregas Finalizadas Fora de Manaus,8,-,-,2025-07-26 12:51:21,26/07/2025 12:51,-,-,-,-,-,-,-
1858244,Entregas Finalizadas Fora de Manaus,8,-,-,2025-07-28 14:38:50,28/07/2025 14:38,-,-,-,-,-,-,-
1858232,Vendedor - Nova Encomenda,1,-,-,2025-07-25 15:05:36,25/07/2025 15:05,-,-,-,-,-,-,-
1858199,Entregas Finalizadas Fora de Manaus,8,-,-,2025-07-25 20:20:34,25/07/2025 20:20,-,-,-,-,-,-,-
1858180,Entregas Finalizadas Manaus,6,-,-,2025-07-25 17:22:41,25/07/2025 17:22,-,-,-,-,-,-,-
1858138,Entregas Finalizadas Manaus,6,-,-,2025-07-25 17:35:10,25/07/2025 17:35,-,-,-,-,-,-,-
1858109,Entregas Finalizadas Fora de Manaus,8,-,-,2025-07-25 20:26:12,25/07/2025 20:26,-,-,-,-,-,-,-
1858101,Entregas Finalizadas Fora de Manaus,8,-,-,2025-07-25 20:28:32,25/07/2025 20:28,-,-,-,-,-,-,-
1858078,Entregas Finalizadas Fora de Manaus,8,-,-,2025-07-25 17:12:52,25/07/2025 17:12,-,-,-,-,-,-,-
1858036,Vendedor - Nova Encomenda,1,-,-,2025-07-25 13:02:56,25/07/2025 13:02,-,-,-,-,-,-,-
1858016,Entregas Finalizadas Fora de Manaus,8,-,-,2025-07-28 10:16:55,28/07/2025 10:16,-,-,-,-,-,-,-
1857989,Entregas Finalizadas Fora de Manaus,8,-,-,2025-07-25 17:47:36,25/07/2025 17:47,-,-,-,-,-,-,-
1857907,Entregas Finalizadas Fora de Manaus,8,-,-,2025-07-25 20:22:11,25/07/2025 20:22,-,-,-,-,-,-,-
1857899,Entregas Finalizadas Manaus,6,-,-,2025-07-25 14:57:19,25/07/2025 14:57,-,-,-,-,-,-,-
1857439,Entregas Finalizadas Fora de Manaus,8,-,-,2025-07-25 20:32:26,25/07/2025 20:32,-,-,-,-,-,-,-
1857120,Entregas Finalizadas Fora de Manaus,8,-,-,2025-07-25 20:33:59,25/07/2025 20:33,-,-,-,-,-,-,-
1857089,Entregas Finalizadas Fora de Manaus,8,-,-,2025-07-25 15:11:44,25/07/2025 15:11,-,-,-,-,-,-,-
1857081,Entregas Finalizadas Manaus,6,-,-,2025-07-25 16:55:24,25/07/2025 16:55,-,-,-,-,-,-,-
1857028,Entregas Finalizadas Fora de Manaus,8,-,-,2025-07-29 16:39:43,29/07/2025 16:39,-,-,-,-,-,-,-
1857020,Entregas Finalizadas Fora de Manaus,8,-,-,2025-07-28 14:40:35,28/07/2025 14:40,-,-,-,-,-,-,-
1856878,Entregas Finalizadas Manaus,6,-,-,2025-07-25 13:35:53,25/07/2025 13:35,-,-,-,-,-,-,-
1856649,Entregas Finalizadas Fora de Manaus,8,-,-,2025-07-25 15:14:59,25/07/2025 15:14,-,-,-,-,-,-,-
1855836,Entregas Finalizadas Fora de Manaus,8,-,-,2025-07-25 14:54:09,25/07/2025 14:54,-,-,-,-,-,-,-
1855828,Entregas Finalizadas Fora de Manaus,8,-,-,2025-07-25 23:17:20,25/07/2025 23:17,-,-,-,-,-,-,-
1855823,Entregas Finalizadas Fora de Manaus,8,-,-,2025-07-25 15:17:30,25/07/2025 15:17,-,-,-,-,-,-,-
1855821,Vendedor - Nova Encomenda,1,-,-,2025-07-24 18:47:58,24/07/2025 18:47,-,-,-,-,-,-,-
1855810,Entregas Finalizadas Fora de Manaus,8,-,-,2025-07-25 23:19:08,25/07/2025 23:19,-,-,-,-,-,-,-
1855791,Entregas Finalizadas Fora de Manaus,8,-,-,2025-07-26 15:45:28,26/07/2025 15:45,-,-,-,-,-,-,-
1855786,Entregas Finalizadas Fora de Manaus,8,-,-,2025-07-26 15:41:49,26/07/2025 15:41,-,-,-,-,-,-,-
1855772,Entregas Finalizadas Fora de Manaus,8,-,-,2025-07-25 14:31:23,25/07/2025 14:31,-,-,-,-,-,-,-
1855765,Entregas Finalizadas Fora de Manaus,8,-,-,2025-07-25 17:30:43,25/07/2025 17:30,-,-,-,-,-,-,-
1855757,Entregas Finalizadas Fora de Manaus,8,-,-,2025-07-28 10:20:10,28/07/2025 10:20,-,-,-,-,-,-,-
1855725,Entregas Finalizadas Fora de Manaus,8,-,-,2025-07-24 22:32:22,24/07/2025 22:32,-,-,-,-,-,-,-
1855717,Vendedor - Nova Encomenda,1,-,-,2025-07-24 17:40:33,24/07/2025 17:40,-,-,-,-,-,-,-
1855680,Entregas Finalizadas Fora de Manaus,8,-,-,2025-07-25 12:42:53,25/07/2025 12:42,-,-,-,-,-,-,-
1855668,Vendedor - Nova Encomenda,1,-,-,2025-07-24 17:17:57,24/07/2025 17:17,-,-,-,-,-,-,-
1855643,Entregas Finalizadas Fora de Manaus,8,-,-,2025-07-28 17:52:13,28/07/2025 17:52,-,-,-,-,-,-,-
1855602,Vendedor - Nova Encomenda,1,-,-,2025-07-24 16:33:14,24/07/2025 16:33,-,-,-,-,-,-,-
1855597,Vendedor - Nova Encomenda,1,-,-,2025-07-24 16:31:58,24/07/2025 16:31,-,-,-,-,-,-,-
1855592,Entregas Finalizadas Fora de Manaus,8,-,-,2025-07-25 12:59:26,25/07/2025 12:59,-,-,-,-,-,-,-
1855558,Entregas Finalizadas Fora de Manaus,8,-,-,2025-07-25 13:01:46,25/07/2025 13:01,-,-,-,-,-,-,-
1855554,Vendedor - Nova Encomenda,1,-,-,2025-07-24 16:15:59,24/07/2025 16:15,-,-,-,-,-,-,-
1855548,Entregas Finalizadas Fora de Manaus,8,-,-,2025-07-24 18:23:03,24/07/2025 18:23,-,-,-,-,-,-,-
1855373,Entregas Finalizadas Fora de Manaus,8,-,-,2025-07-25 13:00:32,25/07/2025 13:00,-,-,-,-,-,-,-
1855238,Entregas Finalizadas Fora de Manaus,8,-,-,2025-07-25 12:48:37,25/07/2025 12:48,-,-,-,-,-,-,-
1855188,Entregas Finalizadas Fora de Manaus,8,-,-,2025-07-25 23:22:16,25/07/2025 23:22,-,-,-,-,-,-,-
1855046,Entregas Finalizadas Fora de Manaus,8,-,-,2025-07-25 12:51:23,25/07/2025 12:51,-,-,-,-,-,-,-
1854748,Vendedor - Nova Encomenda,1,-,-,2025-07-24 15:24:55,24/07/2025 15:24,-,-,-,-,-,-,-
1854746,Entregas Finalizadas Fora de Manaus,8,-,-,2025-07-24 17:45:42,24/07/2025 17:45,-,-,-,-,-,-,-
1854448,Entregas Finalizadas Fora de Manaus,8,-,-,2025-07-25 20:24:08,25/07/2025 20:24,-,-,-,-,-,-,-
1854425,Entregas Finalizadas Manaus,6,-,-,2025-07-24 17:09:38,24/07/2025 17:09,-,-,-,-,-,-,-
1854412,Vendedor - Nova Encomenda,1,-,-,2025-07-24 15:04:42,24/07/2025 15:04,-,-,-,-,-,-,-
1854132,Vendedor - Nova Encomenda,1,-,-,2025-07-24 14:38:07,24/07/2025 14:38,24/07/2025 16:31,-,0.08 dias,-,-,-,-
1854132,Logística - Despacho da Encomenda,2,-,00:00 Horas,2025-07-24 16:31:55,24/07/2025 16:31,24/07/2025 17:57,24/07/2025 16:31,0.06 dias,0.02 dias,Atrasado,85.94,28.07
1854132,Entregas Finalizadas Fora de Manaus,8,-,-,2025-07-24 17:57:51,24/07/2025 17:57,-,-,-,-,-,-,-
1853944,Vendedor - Nova Encomenda,1,-,-,2025-07-24 14:25:08,24/07/2025 14:25,24/07/2025 16:30,-,0.09 dias,-,-,-,-
1853944,Logística - Despacho da Encomenda,2,-,00:00 Horas,2025-07-24 16:30:05,24/07/2025 16:30,24/07/2025 20:59,24/07/2025 16:30,0.19 dias,0.02 dias,Atrasado,269.68,29.9
1853944,Entregas Finalizadas Manaus,6,-,-,2025-07-24 20:59:46,24/07/2025 20:59,-,-,-,-,-,-,-
1853796,Entregas Finalizadas Fora de Manaus,8,-,-,2025-07-25 12:49:47,25/07/2025 12:49,-,-,-,-,-,-,-
1853651,Entregas Finalizadas Fora de Manaus,8,-,-,2025-07-24 17:44:45,24/07/2025 17:44,-,-,-,-,-,-,-
1853552,Entregas Finalizadas Fora de Manaus,8,-,-,2025-07-24 17:49:06,24/07/2025 17:49,-,-,-,-,-,-,-
1853504,Entregas Finalizadas Fora de Manaus,8,-,-,2025-07-24 16:45:37,24/07/2025 16:45,-,-,-,-,-,-,-
1853425,Entregas Finalizadas Fora de Manaus,8,-,-,2025-07-24 17:08:53,24/07/2025 17:08,-,-,-,-,-,-,-
1853410,Entregas Finalizadas Manaus,6,-,-,2025-07-24 19:09:18,24/07/2025 19:09,-,-,-,-,-,-,-
1853397,Entregas Finalizadas Manaus,6,-,-,2025-07-24 17:26:43,24/07/2025 17:26,-,-,-,-,-,-,-
1853370,Entregas Finalizadas Fora de Manaus,8,-,-,2025-07-24 17:52:25,24/07/2025 17:52,-,-,-,-,-,-,-
1853326,Vendedor - Nova Encomenda,1,-,-,2025-07-24 11:48:36,24/07/2025 11:48,-,-,-,-,-,-,-
1853315,Entregas Finalizadas Manaus,6,-,-,2025-07-24 20:20:29,24/07/2025 20:20,-,-,-,-,-,-,-
1853232,Entregas Finalizadas Fora de Manaus,8,-,-,2025-07-24 13:34:48,24/07/2025 13:34,-,-,-,-,-,-,-
1853177,Entregas Finalizadas Fora de Manaus,8,-,-,2025-07-24 17:42:39,24/07/2025 17:42,-,-,-,-,-,-,-
1852927,Entregas Finalizadas Fora de Manaus,8,-,-,2025-07-25 16:37:26,25/07/2025 16:37,-,-,-,-,-,-,-
1852917,Entregas Finalizadas Fora de Manaus,8,-,-,2025-07-25 15:10:01,25/07/2025 15:10,-,-,-,-,-,-,-
1852887,Entregas Finalizadas Fora de Manaus,8,-,-,2025-07-25 10:47:18,25/07/2025 10:47,-,-,-,-,-,-,-
1852862,Entregas Finalizadas Fora de Manaus,8,-,-,2025-07-24 16:47:18,24/07/2025 16:47,-,-,-,-,-,-,-
1852840,Entregas Finalizadas Fora de Manaus,8,-,-,2025-07-24 16:51:45,24/07/2025 16:51,-,-,-,-,-,-,-
1852795,Entregas Finalizadas Manaus,6,-,-,2025-07-24 19:07:24,24/07/2025 19:07,-,-,-,-,-,-,-
1852774,Entregas Finalizadas Fora de Manaus,8,-,-,2025-07-24 12:16:18,24/07/2025 12:16,-,-,-,-,-,-,-
1852740,Vendedor - Nova Encomenda,1,-,-,2025-07-24 09:06:28,24/07/2025 09:06,-,-,-,-,-,-,-
1852727,Entregas Finalizadas Fora de Manaus,8,-,-,2025-07-24 16:59:59,24/07/2025 16:59,-,-,-,-,-,-,-
1852588,Entregas Finalizadas Fora de Manaus,8,-,-,2025-07-25 20:30:52,25/07/2025 20:30,-,-,-,-,-,-,-
1852478,Entregas Finalizadas Fora de Manaus,8,-,-,2025-07-24 17:23:17,24/07/2025 17:23,-,-,-,-,-,-,-
1852473,Entregas Finalizadas Fora de Manaus,8,-,-,2025-07-25 14:57:15,25/07/2025 14:57,-,-,-,-,-,-,-
1852426,Entregas Finalizadas Fora de Manaus,8,-,-,2025-07-24 17:26:55,24/07/2025 17:26,-,-,-,-,-,-,-
1852422,Entregas Finalizadas Fora de Manaus,8,-,-,2025-07-25 08:59:30,25/07/2025 08:59,-,-,-,-,-,-,-
1852408,Entregas Finalizadas Fora de Manaus,8,-,-,2025-07-24 13:38:12,24/07/2025 13:38,-,-,-,-,-,-,-
1852351,Entregas Finalizadas Fora de Manaus,8,-,-,2025-07-24 12:18:36,24/07/2025 12:18,-,-,-,-,-,-,-
1852154,Entregas Finalizadas Manaus,6,-,-,2025-07-23 17:28:46,23/07/2025 17:28,-,-,-,-,-,-,-
1852119,Entregas Finalizadas Manaus,6,-,-,2025-07-23 17:44:12,23/07/2025 17:44,-,-,-,-,-,-,-
1852079,Vendedor - Nova Encomenda,1,-,-,2025-07-23 15:38:06,23/07/2025 15:38,-,-,-,-,-,-,-
1852059,Entregas Finalizadas Manaus,6,-,-,2025-07-24 13:47:26,24/07/2025 13:47,-,-,-,-,-,-,-
1852057,Entregas Finalizadas Fora de Manaus,8,-,-,2025-07-23 17:25:00,23/07/2025 17:25,-,-,-,-,-,-,-
1852047,Entregas Finalizadas Manaus,6,-,-,2025-07-23 19:26:43,23/07/2025 19:26,-,-,-,-,-,-,-
1852034,Entregas Finalizadas Manaus,6,-,-,2025-07-23 18:36:12,23/07/2025 18:36,-,-,-,-,-,-,-
1852030,Entregas Finalizadas Manaus,6,-,-,2025-07-23 16:55:31,23/07/2025 16:55,-,-,-,-,-,-,-
1852018,Entregas Finalizadas Fora de Manaus,8,-,-,2025-07-23 20:04:07,23/07/2025 20:04,-,-,-,-,-,-,-
1852000,Entregas Finalizadas Fora de Manaus,8,-,-,2025-07-24 13:07:32,24/07/2025 13:07,-,-,-,-,-,-,-
1851992,Entregas Finalizadas Fora de Manaus,8,-,-,2025-07-24 13:05:58,24/07/2025 13:05,-,-,-,-,-,-,-
1851970,Entregas Finalizadas Manaus,6,-,-,2025-07-23 18:03:32,23/07/2025 18:03,-,-,-,-,-,-,-
1851951,Entregas Finalizadas Fora de Manaus,8,-,-,2025-07-23 17:30:12,23/07/2025 17:30,-,-,-,-,-,-,-
1851931,Entregas Finalizadas Fora de Manaus,8,-,-,2025-07-23 17:16:23,23/07/2025 17:16,-,-,-,-,-,-,-
1851912,Entregas Finalizadas Fora de Manaus,8,-,-,2025-07-23 17:30:55,23/07/2025 17:30,-,-,-,-,-,-,-
1851873,Entregas Finalizadas Fora de Manaus,8,-,-,2025-07-23 18:29:25,23/07/2025 18:29,-,-,-,-,-,-,-
1851813,Entregas Finalizadas Manaus,6,-,-,2025-07-23 20:05:02,23/07/2025 20:05,-,-,-,-,-,-,-
1851793,Entregas Finalizadas Manaus,6,-,-,2025-07-23 17:37:31,23/07/2025 17:37,-,-,-,-,-,-,-
1851775,Entregas Finalizadas Manaus,6,-,-,2025-07-24 10:16:57,24/07/2025 10:16,-,-,-,-,-,-,-
1851769,Entregas Finalizadas Manaus,6,-,-,2025-07-23 17:18:12,23/07/2025 17:18,-,-,-,-,-,-,-
1851730,Entregas Finalizadas Fora de Manaus,8,-,-,2025-07-23 17:47:28,23/07/2025 17:47,-,-,-,-,-,-,-
1851713,Entregas Finalizadas Manaus,6,-,-,2025-07-23 18:32:08,23/07/2025 18:32,-,-,-,-,-,-,-
1851697,Entregas Finalizadas Manaus,6,-,-,2025-07-23 16:47:21,23/07/2025 16:47,-,-,-,-,-,-,-
1851660,Entregas Finalizadas Manaus,6,-,-,2025-07-23 14:01:41,23/07/2025 14:01,-,-,-,-,-,-,-
1851627,Entregas Finalizadas Fora de Manaus,8,-,-,2025-07-23 18:12:32,23/07/2025 18:12,-,-,-,-,-,-,-
1851626,Entregas Finalizadas Fora de Manaus,8,-,-,2025-07-23 18:06:08,23/07/2025 18:06,-,-,-,-,-,-,-
1851620,Entregas Finalizadas Fora de Manaus,8,-,-,2025-07-23 17:22:04,23/07/2025 17:22,-,-,-,-,-,-,-
1851618,Vendedor - Nova Encomenda,1,-,-,2025-07-23 11:48:48,23/07/2025 11:48,-,-,-,-,-,-,-
1851440,Entregas Finalizadas Fora de Manaus,8,-,-,2025-07-24 16:44:39,24/07/2025 16:44,-,-,-,-,-,-,-
1851417,Entregas Finalizadas Manaus,6,-,-,2025-07-23 17:01:29,23/07/2025 17:01,-,-,-,-,-,-,-
1851319,Entregas Finalizadas Fora de Manaus,8,-,-,2025-07-23 13:27:14,23/07/2025 13:27,-,-,-,-,-,-,-
1851290,Entregas Finalizadas Fora de Manaus,8,-,-,2025-07-23 13:58:30,23/07/2025 13:58,-,-,-,-,-,-,-
1851257,Entregas Finalizadas Fora de Manaus,8,-,-,2025-07-23 17:34:38,23/07/2025 17:34,-,-,-,-,-,-,-
1851255,Entregas Finalizadas Fora de Manaus,8,-,-,2025-07-23 17:36:38,23/07/2025 17:36,-,-,-,-,-,-,-
1851197,Vendedor - Nova Encomenda,1,-,-,2025-07-23 09:20:12,23/07/2025 09:20,-,-,-,-,-,-,-
1850990,Vendedor - Nova Encomenda,1,-,-,2025-07-22 19:38:43,22/07/2025 19:38,-,-,-,-,-,-,-
1850971,Entregas Finalizadas Fora de Manaus,8,-,-,2025-07-23 16:58:11,23/07/2025 16:58,-,-,-,-,-,-,-
1850942,Entregas Finalizadas Fora de Manaus,8,-,-,2025-07-23 13:36:48,23/07/2025 13:36,-,-,-,-,-,-,-
1850938,Entregas Finalizadas Fora de Manaus,8,-,-,2025-07-24 13:04:46,24/07/2025 13:04,-,-,-,-,-,-,-
1850922,Entregas Finalizadas Manaus,6,-,-,2025-07-23 17:43:27,23/07/2025 17:43,-,-,-,-,-,-,-
1850899,Entregas Finalizadas Fora de Manaus,8,-,-,2025-07-23 12:52:48,23/07/2025 12:52,-,-,-,-,-,-,-
1850887,Entregas Finalizadas Fora de Manaus,8,-,-,2025-07-24 13:13:58,24/07/2025 13:13,-,-,-,-,-,-,-
1850875,Entregas Finalizadas Fora de Manaus,8,-,-,2025-07-23 13:46:33,23/07/2025 13:46,-,-,-,-,-,-,-
1850868,Entregas Finalizadas Fora de Manaus,8,-,-,2025-07-23 12:18:32,23/07/2025 12:18,-,-,-,-,-,-,-
1850860,Entregas Finalizadas Fora de Manaus,8,-,-,2025-07-25 15:26:42,25/07/2025 15:26,-,-,-,-,-,-,-
1850856,Entregas Finalizadas Fora de Manaus,8,-,-,2025-07-23 17:17:38,23/07/2025 17:17,-,-,-,-,-,-,-
1850847,Entregas Finalizadas Fora de Manaus,8,-,-,2025-07-23 16:56:53,23/07/2025 16:56,-,-,-,-,-,-,-
1850841,Entregas Finalizadas Fora de Manaus,8,-,-,2025-07-23 20:02:55,23/07/2025 20:02,-,-,-,-,-,-,-
1850819,Entregas Finalizadas Fora de Manaus,8,-,-,2025-07-23 16:58:19,23/07/2025 16:58,-,-,-,-,-,-,-
1850758,Entregas Finalizadas Fora de Manaus,8,-,-,2025-07-24 17:57:27,24/07/2025 17:57,-,-,-,-,-,-,-
1850727,Vendedor - Nova Encomenda,1,-,-,2025-07-22 16:47:07,22/07/2025 16:47,-,-,-,-,-,-,-
1850709,Entregas Finalizadas Fora de Manaus,8,-,-,2025-07-23 12:43:58,23/07/2025 12:43,-,-,-,-,-,-,-
1850704,Entregas Finalizadas Manaus,6,-,-,2025-07-23 15:49:30,23/07/2025 15:49,-,-,-,-,-,-,-
1850701,Vendedor - Nova Encomenda,1,-,-,2025-07-22 16:36:16,22/07/2025 16:36,-,-,-,-,-,-,-
1850624,Entregas Finalizadas Manaus,6,-,-,2025-07-24 20:51:23,24/07/2025 20:51,-,-,-,-,-,-,-
1850608,Entregas Finalizadas Fora de Manaus,8,-,-,2025-07-23 17:32:36,23/07/2025 17:32,-,-,-,-,-,-,-
1850596,Entregas Finalizadas Fora de Manaus,8,-,-,2025-07-22 20:51:04,22/07/2025 20:51,-,-,-,-,-,-,-
1850589,Vendedor - Nova Encomenda,1,-,-,2025-07-22 15:44:11,22/07/2025 15:44,-,-,-,-,-,-,-
1850569,Vendedor - Nova Encomenda,1,-,-,2025-07-22 15:32:05,22/07/2025 15:32,-,-,-,-,-,-,-
1850555,Entregas Finalizadas Fora de Manaus,8,-,-,2025-07-22 22:24:54,22/07/2025 22:24,-,-,-,-,-,-,-
1850553,Entregas Finalizadas Fora de Manaus,8,-,-,2025-07-23 17:18:56,23/07/2025 17:18,-,-,-,-,-,-,-
1850543,Entregas Finalizadas Manaus,6,-,-,2025-07-22 18:52:36,22/07/2025 18:52,-,-,-,-,-,-,-
1850537,Entregas Finalizadas Manaus,6,-,-,2025-07-22 21:37:40,22/07/2025 21:37,-,-,-,-,-,-,-
1850469,Entregas Finalizadas Fora de Manaus,8,-,-,2025-07-23 17:04:10,23/07/2025 17:04,-,-,-,-,-,-,-
1850455,Entregas Finalizadas Fora de Manaus,8,-,-,2025-07-22 16:22:38,22/07/2025 16:22,-,-,-,-,-,-,-
1850392,Entregas Finalizadas Manaus,6,-,-,2025-07-22 18:32:09,22/07/2025 18:32,-,-,-,-,-,-,-
1850322,Entregas Finalizadas Manaus,6,-,-,2025-07-22 18:02:43,22/07/2025 18:02,-,-,-,-,-,-,-
1850306,Vendedor - Nova Encomenda,1,-,-,2025-07-22 13:27:55,22/07/2025 13:27,-,-,-,-,-,-,-
1850299,Entregas Finalizadas Fora de Manaus,8,-,-,2025-07-23 13:02:53,23/07/2025 13:02,-,-,-,-,-,-,-
1850280,Entregas Finalizadas Manaus,6,-,-,2025-07-22 22:41:07,22/07/2025 22:41,-,-,-,-,-,-,-
1850271,Entregas Finalizadas Fora de Manaus,8,-,-,2025-07-23 13:20:26,23/07/2025 13:20,-,-,-,-,-,-,-
1850251,Entregas Finalizadas Fora de Manaus,8,-,-,2025-07-22 22:05:56,22/07/2025 22:05,-,-,-,-,-,-,-
1850190,Entregas Finalizadas Fora de Manaus,8,-,-,2025-07-22 21:12:14,22/07/2025 21:12,-,-,-,-,-,-,-
1850183,Entregas Finalizadas Fora de Manaus,8,-,-,2025-07-23 16:55:51,23/07/2025 16:55,-,-,-,-,-,-,-
1850174,Entregas Finalizadas Manaus,6,-,-,2025-07-22 17:35:34,22/07/2025 17:35,-,-,-,-,-,-,-
1850171,Entregas Finalizadas Fora de Manaus,8,-,-,2025-07-23 20:06:43,23/07/2025 20:06,-,-,-,-,-,-,-
1850159,Entregas Finalizadas Fora de Manaus,8,-,-,2025-07-23 13:25:09,23/07/2025 13:25,-,-,-,-,-,-,-
1850154,Entregas Finalizadas Fora de Manaus,8,-,-,2025-07-22 20:53:40,22/07/2025 20:53,-,-,-,-,-,-,-
1850124,Entregas Finalizadas Manaus,6,-,-,2025-07-22 20:35:54,22/07/2025 20:35,-,-,-,-,-,-,-
1850106,Entregas Finalizadas Fora de Manaus,8,-,-,2025-07-22 17:47:57,22/07/2025 17:47,-,-,-,-,-,-,-
1850101,Entregas Finalizadas Fora de Manaus,8,-,-,2025-07-23 13:22:15,23/07/2025 13:22,-,-,-,-,-,-,-
1850054,Entregas Finalizadas Fora de Manaus,8,-,-,2025-07-23 17:17:30,23/07/2025 17:17,-,-,-,-,-,-,-
1850010,Entregas Finalizadas Fora de Manaus,8,-,-,2025-07-22 20:55:50,22/07/2025 20:55,-,-,-,-,-,-,-
1849998,Entregas Finalizadas Manaus,6,-,-,2025-07-22 17:36:41,22/07/2025 17:36,-,-,-,-,-,-,-
1849874,Entregas Finalizadas Fora de Manaus,8,-,-,2025-07-23 19:59:31,23/07/2025 19:59,-,-,-,-,-,-,-
1849701,Logística - Despacho da Encomenda,2,-,00:00 Horas,2025-07-30 11:49:38,30/07/2025 11:49,-,30/07/2025 11:49,-,-,-,-,-
1849690,Entregas Finalizadas Fora de Manaus,8,-,-,2025-07-22 23:05:00,22/07/2025 23:05,-,-,-,-,-,-,-
1849656,Entregas Finalizadas Fora de Manaus,8,-,-,2025-07-22 13:42:49,22/07/2025 13:42,-,-,-,-,-,-,-
1849580,Entregas Finalizadas Fora de Manaus,8,-,-,2025-07-22 21:49:03,22/07/2025 21:49,-,-,-,-,-,-,-
1849549,Entregas Finalizadas Fora de Manaus,8,-,-,2025-07-22 22:30:33,22/07/2025 22:30,-,-,-,-,-,-,-
1849453,Logística - Despacho da Encomenda,2,-,00:00 Horas,2025-07-22 12:41:00,22/07/2025 12:41,-,22/07/2025 12:41,-,-,-,-,-
1849449,Entregas Finalizadas Manaus,6,-,-,2025-07-22 18:33:06,22/07/2025 18:33,-,-,-,-,-,-,-
1849445,Entregas Finalizadas Manaus,6,-,-,2025-07-23 11:53:03,23/07/2025 11:53,-,-,-,-,-,-,-
1849346,Entregas Finalizadas Fora de Manaus,8,-,-,2025-07-22 21:52:00,22/07/2025 21:52,-,-,-,-,-,-,-
1849257,Entregas Finalizadas Fora de Manaus,8,-,-,2025-07-22 22:46:33,22/07/2025 22:46,-,-,-,-,-,-,-
1849255,Entregas Finalizadas Fora de Manaus,8,-,-,2025-07-22 21:07:49,22/07/2025 21:07,-,-,-,-,-,-,-
1849182,Entregas Finalizadas Fora de Manaus,8,-,-,2025-07-23 13:37:04,23/07/2025 13:37,-,-,-,-,-,-,-
1849141,Entregas Finalizadas Fora de Manaus,8,-,-,2025-07-22 21:35:24,22/07/2025 21:35,-,-,-,-,-,-,-
1849012,Entregas Finalizadas Fora de Manaus,8,-,-,2025-07-22 18:20:15,22/07/2025 18:20,-,-,-,-,-,-,-
1848944,Entregas Finalizadas Fora de Manaus,8,-,-,2025-07-22 10:12:17,22/07/2025 10:12,-,-,-,-,-,-,-
1848563,Entregas Finalizadas Fora de Manaus,8,-,-,2025-07-23 14:13:18,23/07/2025 14:13,-,-,-,-,-,-,-
1848538,Entregas Finalizadas Manaus,6,-,-,2025-07-23 17:13:51,23/07/2025 17:13,-,-,-,-,-,-,-
1848525,Vendedor - Nova Encomenda,1,-,-,2025-07-21 18:22:51,21/07/2025 18:22,-,-,-,-,-,-,-
1848512,Entregas Finalizadas Fora de Manaus,8,-,-,2025-07-22 13:41:29,22/07/2025 13:41,-,-,-,-,-,-,-
1848510,Vendedor - Nova Encomenda,1,-,-,2025-07-21 18:12:16,21/07/2025 18:12,-,-,-,-,-,-,-
1848508,Vendedor - Nova Encomenda,1,-,-,2025-07-21 18:12:07,21/07/2025 18:12,-,-,-,-,-,-,-
1848502,Entregas Finalizadas Fora de Manaus,8,-,-,2025-07-22 20:57:45,22/07/2025 20:57,-,-,-,-,-,-,-
1848499,Entregas Finalizadas Fora de Manaus,8,-,-,2025-07-22 23:21:48,22/07/2025 23:21,-,-,-,-,-,-,-
1848495,Vendedor - Nova Encomenda,1,-,-,2025-07-21 18:03:48,21/07/2025 18:03,-,-,-,-,-,-,-
1848487,Vendedor - Nova Encomenda,1,-,-,2025-07-21 17:54:00,21/07/2025 17:54,-,-,-,-,-,-,-
1848482,Entregas Finalizadas Manaus,6,-,-,2025-07-22 17:58:10,22/07/2025 17:58,-,-,-,-,-,-,-
1848479,Vendedor - Nova Encomenda,1,-,-,2025-07-21 17:51:02,21/07/2025 17:51,-,-,-,-,-,-,-
1848467,Entregas Finalizadas Fora de Manaus,8,-,-,2025-07-24 12:20:14,24/07/2025 12:20,-,-,-,-,-,-,-
1848458,Entregas Finalizadas Fora de Manaus,8,-,-,2025-07-22 18:17:17,22/07/2025 18:17,-,-,-,-,-,-,-
1848456,Vendedor - Nova Encomenda,1,-,-,2025-07-21 17:39:37,21/07/2025 17:39,-,-,-,-,-,-,-
1848443,Entregas Finalizadas Fora de Manaus,8,-,-,2025-07-22 13:30:02,22/07/2025 13:30,-,-,-,-,-,-,-
1848437,Entregas Finalizadas Fora de Manaus,8,-,-,2025-07-22 23:07:29,22/07/2025 23:07,-,-,-,-,-,-,-
1848422,Entregas Finalizadas Fora de Manaus,8,-,-,2025-07-23 13:36:42,23/07/2025 13:36,-,-,-,-,-,-,-
1848414,Logística - Despacho da Encomenda,2,-,00:00 Horas,2025-07-21 17:49:42,21/07/2025 17:49,-,21/07/2025 17:49,-,-,-,-,-
1848404,Entregas Finalizadas Fora de Manaus,8,-,-,2025-07-22 21:53:31,22/07/2025 21:53,-,-,-,-,-,-,-
1848401,Entregas Finalizadas Fora de Manaus,8,-,-,2025-07-24 13:53:14,24/07/2025 13:53,-,-,-,-,-,-,-
1848375,Entregas Finalizadas Fora de Manaus,8,-,-,2025-07-21 22:26:33,21/07/2025 22:26,-,-,-,-,-,-,-
1848372,Entregas Finalizadas Fora de Manaus,8,-,-,2025-07-22 22:22:53,22/07/2025 22:22,-,-,-,-,-,-,-
1848367,Vendedor - Nova Encomenda,1,-,-,2025-07-21 17:07:02,21/07/2025 17:07,-,-,-,-,-,-,-
1848352,Entregas Finalizadas Fora de Manaus,8,-,-,2025-07-21 23:36:22,21/07/2025 23:36,-,-,-,-,-,-,-
1848343,Entregas Finalizadas Manaus,6,-,-,2025-07-22 18:30:45,22/07/2025 18:30,-,-,-,-,-,-,-
1848339,Entregas Finalizadas Fora de Manaus,8,-,-,2025-07-21 22:32:35,21/07/2025 22:32,-,-,-,-,-,-,-
1848324,Entregas Finalizadas Fora de Manaus,8,-,-,2025-07-22 13:32:40,22/07/2025 13:32,-,-,-,-,-,-,-
1848321,Entregas Finalizadas Fora de Manaus,8,-,-,2025-07-22 22:40:27,22/07/2025 22:40,-,-,-,-,-,-,-
1848312,Entregas Finalizadas Fora de Manaus,8,-,-,2025-07-22 22:51:51,22/07/2025 22:51,-,-,-,-,-,-,-
1848261,Entregas Finalizadas Manaus,6,-,-,2025-07-22 17:55:40,22/07/2025 17:55,-,-,-,-,-,-,-
1848253,Vendedor - Nova Encomenda,1,-,-,2025-07-21 16:26:58,21/07/2025 16:26,-,-,-,-,-,-,-
1848251,Entregas Finalizadas Fora de Manaus,8,-,-,2025-07-22 10:08:30,22/07/2025 10:08,-,-,-,-,-,-,-
1848223,Vendedor - Nova Encomenda,1,-,-,2025-07-21 16:14:21,21/07/2025 16:14,-,-,-,-,-,-,-
1848221,Entregas Finalizadas Manaus,6,-,-,2025-07-22 15:45:47,22/07/2025 15:45,-,-,-,-,-,-,-
1848200,Entregas Finalizadas Fora de Manaus,8,-,-,2025-07-22 22:18:56,22/07/2025 22:18,-,-,-,-,-,-,-
1848194,Entregas Finalizadas Manaus,6,-,-,2025-07-21 19:26:30,21/07/2025 19:26,-,-,-,-,-,-,-
1848156,Entregas Finalizadas Manaus,6,-,-,2025-07-22 18:31:52,22/07/2025 18:31,-,-,-,-,-,-,-
1848106,Entregas Finalizadas Fora de Manaus,8,-,-,2025-07-22 21:06:32,22/07/2025 21:06,-,-,-,-,-,-,-
1848099,Vendedor - Nova Encomenda,1,-,-,2025-07-21 15:26:37,21/07/2025 15:26,-,-,-,-,-,-,-
1848091,Entregas Finalizadas Manaus,6,-,-,2025-07-21 20:22:19,21/07/2025 20:22,-,-,-,-,-,-,-
1848086,Entregas Finalizadas Fora de Manaus,8,-,-,2025-07-22 22:09:20,22/07/2025 22:09,-,-,-,-,-,-,-
1848084,Entregas Finalizadas Manaus,6,-,-,2025-07-22 18:56:04,22/07/2025 18:56,-,-,-,-,-,-,-
1848080,Entregas Finalizadas Manaus,6,-,-,2025-07-21 17:40:11,21/07/2025 17:40,-,-,-,-,-,-,-
1848075,Vendedor - Nova Encomenda,1,-,-,2025-07-21 15:19:41,21/07/2025 15:19,-,-,-,-,-,-,-
1848041,Entregas Finalizadas Fora de Manaus,8,-,-,2025-07-22 22:44:05,22/07/2025 22:44,-,-,-,-,-,-,-
1848033,Entregas Finalizadas Manaus,6,-,-,2025-07-21 21:24:19,21/07/2025 21:24,-,-,-,-,-,-,-
1847998,Entregas Finalizadas Manaus,6,-,-,2025-07-21 16:21:30,21/07/2025 16:21,-,-,-,-,-,-,-
1847956,Vendedor - Nova Encomenda,1,-,-,2025-07-21 14:29:04,21/07/2025 14:29,-,-,-,-,-,-,-
1847954,Vendedor - Nova Encomenda,1,-,-,2025-07-21 14:28:23,21/07/2025 14:28,-,-,-,-,-,-,-
1847941,Entregas Finalizadas Manaus,6,-,-,2025-07-21 22:10:38,21/07/2025 22:10,-,-,-,-,-,-,-
1847930,Entregas Finalizadas Fora de Manaus,8,-,-,2025-07-22 21:31:32,22/07/2025 21:31,-,-,-,-,-,-,-
1847915,Entregas Finalizadas Manaus,6,-,-,2025-07-21 21:52:19,21/07/2025 21:52,-,-,-,-,-,-,-
1847880,Entregas Finalizadas Manaus,6,-,-,2025-07-21 19:17:43,21/07/2025 19:17,-,-,-,-,-,-,-
1847870,Entregas Finalizadas Manaus,6,-,-,2025-07-22 10:10:19,22/07/2025 10:10,-,-,-,-,-,-,-
1847862,Entregas Finalizadas Manaus,6,-,-,2025-07-21 18:15:12,21/07/2025 18:15,-,-,-,-,-,-,-
1847838,Entregas Finalizadas Fora de Manaus,8,-,-,2025-07-22 17:52:43,22/07/2025 17:52,-,-,-,-,-,-,-
1847833,Entregas Finalizadas Fora de Manaus,8,-,-,2025-07-21 22:34:52,21/07/2025 22:34,-,-,-,-,-,-,-
1847829,Entregas Finalizadas Manaus,6,-,-,2025-07-21 18:57:17,21/07/2025 18:57,-,-,-,-,-,-,-
1847824,Entregas Finalizadas Manaus,6,-,-,2025-07-21 17:58:22,21/07/2025 17:58,-,-,-,-,-,-,-
1847812,Entregas Finalizadas Fora de Manaus,8,-,-,2025-07-22 13:55:07,22/07/2025 13:55,-,-,-,-,-,-,-
1847800,Entregas Finalizadas Fora de Manaus,8,-,-,2025-07-22 13:34:17,22/07/2025 13:34,-,-,-,-,-,-,-
1847787,Entregas Finalizadas Fora de Manaus,8,-,-,2025-07-22 21:16:43,22/07/2025 21:16,-,-,-,-,-,-,-
1847779,Entregas Finalizadas Fora de Manaus,8,-,-,2025-07-22 17:52:31,22/07/2025 17:52,-,-,-,-,-,-,-
1847771,Entregas Finalizadas Fora de Manaus,8,-,-,2025-07-22 21:27:47,22/07/2025 21:27,-,-,-,-,-,-,-
1847734,Entregas Finalizadas Fora de Manaus,8,-,-,2025-07-22 21:29:14,22/07/2025 21:29,-,-,-,-,-,-,-
1847705,Vendedor - Nova Encomenda,1,-,-,2025-07-21 12:43:30,21/07/2025 12:43,-,-,-,-,-,-,-
1847689,Entregas Finalizadas Fora de Manaus,8,-,-,2025-07-22 22:42:22,22/07/2025 22:42,-,-,-,-,-,-,-
1847683,Vendedor - Nova Encomenda,1,-,-,2025-07-21 12:40:05,21/07/2025 12:40,-,-,-,-,-,-,-
1847649,Entregas Finalizadas Fora de Manaus,8,-,-,2025-07-22 22:58:04,22/07/2025 22:58,-,-,-,-,-,-,-
1847586,Entregas Finalizadas Fora de Manaus,8,-,-,2025-07-22 21:26:22,22/07/2025 21:26,-,-,-,-,-,-,-
1847523,Entregas Finalizadas Fora de Manaus,8,-,-,2025-07-21 22:56:43,21/07/2025 22:56,-,-,-,-,-,-,-
1847521,Entregas Finalizadas Fora de Manaus,8,-,-,2025-07-22 13:56:54,22/07/2025 13:56,-,-,-,-,-,-,-
1847441,Entregas Finalizadas Fora de Manaus,8,-,-,2025-07-23 17:58:00,23/07/2025 17:58,-,-,-,-,-,-,-
1847385,Vendedor - Nova Encomenda,1,-,-,2025-07-21 12:11:14,21/07/2025 12:11,-,-,-,-,-,-,-
1847378,Entregas Finalizadas Fora de Manaus,8,-,-,2025-07-21 23:10:19,21/07/2025 23:10,-,-,-,-,-,-,-
1847374,Entregas Finalizadas Fora de Manaus,8,-,-,2025-07-21 23:46:17,21/07/2025 23:46,-,-,-,-,-,-,-
1847371,Vendedor - Nova Encomenda,1,-,-,2025-07-21 12:06:31,21/07/2025 12:06,-,-,-,-,-,-,-
1847368,Entregas Finalizadas Fora de Manaus,8,-,-,2025-07-22 09:32:51,22/07/2025 09:32,-,-,-,-,-,-,-
1847352,Entregas Finalizadas Fora de Manaus,8,-,-,2025-07-21 14:57:49,21/07/2025 14:57,-,-,-,-,-,-,-
1847349,Entregas Finalizadas Manaus,6,-,-,2025-07-21 18:23:48,21/07/2025 18:23,-,-,-,-,-,-,-
1847223,Entregas Finalizadas Fora de Manaus,8,-,-,2025-07-21 22:43:54,21/07/2025 22:43,-,-,-,-,-,-,-
1847153,Entregas Finalizadas Manaus,6,-,-,2025-07-22 15:33:49,22/07/2025 15:33,-,-,-,-,-,-,-
1847151,Entregas Finalizadas Manaus,6,-,-,2025-07-21 22:04:49,21/07/2025 22:04,-,-,-,-,-,-,-
1847144,Vendedor - Nova Encomenda,1,-,-,2025-07-21 11:45:39,21/07/2025 11:45,-,-,-,-,-,-,-
1847134,Entregas Finalizadas Manaus,6,-,-,2025-07-21 18:49:42,21/07/2025 18:49,-,-,-,-,-,-,-
1847131,Entregas Finalizadas Fora de Manaus,8,-,-,2025-07-22 23:00:29,22/07/2025 23:00,-,-,-,-,-,-,-
1847127,Vendedor - Nova Encomenda,1,-,-,2025-07-21 11:40:43,21/07/2025 11:40,-,-,-,-,-,-,-
1847115,Entregas Finalizadas Fora de Manaus,8,-,-,2025-07-21 18:09:07,21/07/2025 18:09,-,-,-,-,-,-,-
1847103,Entregas Finalizadas Fora de Manaus,8,-,-,2025-07-21 13:40:56,21/07/2025 13:40,-,-,-,-,-,-,-
1847091,Entregas Finalizadas Manaus,6,-,-,2025-07-21 17:53:57,21/07/2025 17:53,-,-,-,-,-,-,-
1847087,Entregas Finalizadas Fora de Manaus,8,-,-,2025-07-22 23:17:49,22/07/2025 23:17,-,-,-,-,-,-,-
1847077,Entregas Finalizadas Manaus,6,-,-,2025-07-21 19:05:11,21/07/2025 19:05,-,-,-,-,-,-,-
1846971,Entregas Finalizadas Manaus,6,-,-,2025-07-21 21:43:27,21/07/2025 21:43,-,-,-,-,-,-,-
1846962,Entregas Finalizadas Fora de Manaus,8,-,-,2025-07-21 23:31:45,21/07/2025 23:31,-,-,-,-,-,-,-
1846902,Entregas Finalizadas Fora de Manaus,8,-,-,2025-07-21 15:30:25,21/07/2025 15:30,-,-,-,-,-,-,-
1846900,Entregas Finalizadas Fora de Manaus,8,-,-,2025-07-24 16:49:10,24/07/2025 16:49,-,-,-,-,-,-,-
1846891,Entregas Finalizadas Manaus,6,-,-,2025-07-21 14:15:48,21/07/2025 14:15,-,-,-,-,-,-,-
1846889,Entregas Finalizadas Fora de Manaus,8,-,-,2025-07-21 23:12:06,21/07/2025 23:12,-,-,-,-,-,-,-
1846883,Entregas Finalizadas Fora de Manaus,8,-,-,2025-07-22 21:09:15,22/07/2025 21:09,-,-,-,-,-,-,-
1846881,Entregas Finalizadas Fora de Manaus,8,-,-,2025-07-22 00:45:24,22/07/2025 00:45,-,-,-,-,-,-,-
1846878,Vendedor - Nova Encomenda,1,-,-,2025-07-21 11:03:10,21/07/2025 11:03,-,-,-,-,-,-,-
1846875,Entregas Finalizadas Fora de Manaus,8,-,-,2025-07-21 22:42:19,21/07/2025 22:42,-,-,-,-,-,-,-
1846869,Entregas Finalizadas Fora de Manaus,8,-,-,2025-07-21 21:55:08,21/07/2025 21:55,-,-,-,-,-,-,-
1846868,Entregas Finalizadas Fora de Manaus,8,-,-,2025-07-23 13:57:02,23/07/2025 13:57,-,-,-,-,-,-,-
1846862,Entregas Finalizadas Fora de Manaus,8,-,-,2025-07-22 00:05:23,22/07/2025 00:05,-,-,-,-,-,-,-
1846859,Entregas Finalizadas Fora de Manaus,8,-,-,2025-07-21 13:39:53,21/07/2025 13:39,-,-,-,-,-,-,-
1846857,Entregas Finalizadas Manaus,6,-,-,2025-07-23 12:39:21,23/07/2025 12:39,-,-,-,-,-,-,-
1846851,Entregas Finalizadas Fora de Manaus,8,-,-,2025-07-21 14:54:38,21/07/2025 14:54,-,-,-,-,-,-,-
1846836,Vendedor - Nova Encomenda,1,-,-,2025-07-21 10:52:12,21/07/2025 10:52,-,-,-,-,-,-,-
1846727,Entregas Finalizadas Fora de Manaus,8,-,-,2025-07-22 00:02:44,22/07/2025 00:02,-,-,-,-,-,-,-
1846698,Entregas Finalizadas Fora de Manaus,8,-,-,2025-07-22 23:14:03,22/07/2025 23:14,-,-,-,-,-,-,-
1846651,Entregas Finalizadas Manaus,6,-,-,2025-07-21 18:51:23,21/07/2025 18:51,-,-,-,-,-,-,-
1846643,Entregas Finalizadas Fora de Manaus,8,-,-,2025-07-22 13:34:40,22/07/2025 13:34,-,-,-,-,-,-,-
1846631,Entregas Finalizadas Manaus,6,-,-,2025-07-21 20:21:02,21/07/2025 20:21,-,-,-,-,-,-,-
1846602,Entregas Finalizadas Fora de Manaus,8,-,-,2025-07-21 23:30:18,21/07/2025 23:30,-,-,-,-,-,-,-
1846585,Entregas Finalizadas Fora de Manaus,8,-,-,2025-07-22 22:15:33,22/07/2025 22:15,-,-,-,-,-,-,-
1846531,Entregas Finalizadas Fora de Manaus,8,-,-,2025-07-21 13:37:01,21/07/2025 13:37,-,-,-,-,-,-,-
1846514,Entregas Finalizadas Fora de Manaus,8,-,-,2025-07-22 22:12:06,22/07/2025 22:12,-,-,-,-,-,-,-
1846475,Entregas Finalizadas Manaus,6,-,-,2025-07-21 21:12:38,21/07/2025 21:12,-,-,-,-,-,-,-
1846300,Entregas Finalizadas Fora de Manaus,8,-,-,2025-07-21 23:50:17,21/07/2025 23:50,-,-,-,-,-,-,-
1846296,Entregas Finalizadas Fora de Manaus,8,-,-,2025-07-22 23:10:16,22/07/2025 23:10,-,-,-,-,-,-,-
1846056,Entregas Finalizadas Fora de Manaus,8,-,-,2025-07-21 22:41:01,21/07/2025 22:41,-,-,-,-,-,-,-
1846009,Entregas Finalizadas Manaus,6,-,-,2025-07-21 18:37:11,21/07/2025 18:37,-,-,-,-,-,-,-
1846005,Entregas Finalizadas Fora de Manaus,8,-,-,2025-07-21 15:27:30,21/07/2025 15:27,-,-,-,-,-,-,-
1845938,Entregas Finalizadas Fora de Manaus,8,-,-,2025-07-21 23:16:02,21/07/2025 23:16,-,-,-,-,-,-,-
1845918,Entregas Finalizadas Fora de Manaus,8,-,-,2025-07-21 22:54:15,21/07/2025 22:54,-,-,-,-,-,-,-
1845886,Entregas Finalizadas Fora de Manaus,8,-,-,2025-07-21 22:20:18,21/07/2025 22:20,-,-,-,-,-,-,-
1845815,Entregas Finalizadas Fora de Manaus,8,-,-,2025-07-21 22:58:37,21/07/2025 22:58,-,-,-,-,-,-,-
1845809,Entregas Finalizadas Fora de Manaus,8,-,-,2025-07-21 14:59:38,21/07/2025 14:59,-,-,-,-,-,-,-
1845790,Entregas Finalizadas Fora de Manaus,8,-,-,2025-07-22 09:46:01,22/07/2025 09:46,-,-,-,-,-,-,-
1845655,Entregas Finalizadas Fora de Manaus,8,-,-,2025-07-23 14:22:22,23/07/2025 14:22,-,-,-,-,-,-,-
1845586,Entregas Finalizadas Fora de Manaus,8,-,-,2025-07-21 22:13:56,21/07/2025 22:13,-,-,-,-,-,-,-
1845542,Entregas Finalizadas Manaus,6,-,-,2025-07-21 20:38:05,21/07/2025 20:38,-,-,-,-,-,-,-
1845459,Logística - Despacho da Encomenda,2,-,00:00 Horas,2025-07-22 18:20:55,22/07/2025 18:20,-,22/07/2025 18:20,-,-,-,-,-
1845443,Entregas Finalizadas Fora de Manaus,8,-,-,2025-07-22 23:19:15,22/07/2025 23:19,-,-,-,-,-,-,-
1845425,Entregas Finalizadas Fora de Manaus,8,-,-,2025-07-22 21:04:50,22/07/2025 21:04,-,-,-,-,-,-,-
1845100,Entregas Finalizadas Fora de Manaus,8,-,-,2025-07-22 00:07:45,22/07/2025 00:07,-,-,-,-,-,-,-
1844955,Vendedor - Nova Encomenda,1,-,-,2025-07-20 20:31:11,20/07/2025 20:31,-,-,-,-,-,-,-
1844612,Vendedor - Nova Encomenda,1,-,-,2025-07-19 19:41:08,19/07/2025 19:41,-,-,-,-,-,-,-
1844600,Entregas Finalizadas Fora de Manaus,8,-,-,2025-07-22 13:36:45,22/07/2025 13:36,-,-,-,-,-,-,-
1844597,Entregas Finalizadas Fora de Manaus,8,-,-,2025-07-21 23:48:28,21/07/2025 23:48,-,-,-,-,-,-,-
1844587,Vendedor - Nova Encomenda,1,-,-,2025-07-19 18:32:03,19/07/2025 18:32,-,-,-,-,-,-,-
1844582,Vendedor - Nova Encomenda,1,-,-,2025-07-19 18:11:44,19/07/2025 18:11,-,-,-,-,-,-,-
1844407,Logística - Despacho da Encomenda,2,-,00:00 Horas,2025-07-19 13:31:50,19/07/2025 13:31,-,19/07/2025 13:31,-,-,-,-,-
1844401,Entregas Finalizadas Manaus,6,-,-,2025-07-21 21:27:04,21/07/2025 21:27,-,-,-,-,-,-,-
1844394,Vendedor - Nova Encomenda,1,-,-,2025-07-19 12:56:38,19/07/2025 12:56,-,-,-,-,-,-,-
1844385,Entregas Finalizadas Manaus,6,-,-,2025-07-19 13:52:44,19/07/2025 13:52,-,-,-,-,-,-,-
1844381,Vendedor - Nova Encomenda,1,-,-,2025-07-19 12:38:36,19/07/2025 12:38,-,-,-,-,-,-,-
1844376,Entregas Finalizadas Manaus,6,-,-,2025-07-21 14:27:26,21/07/2025 14:27,-,-,-,-,-,-,-
1844352,Vendedor - Nova Encomenda,1,-,-,2025-07-19 12:25:13,19/07/2025 12:25,-,-,-,-,-,-,-
1844340,Entregas Finalizadas Manaus,6,-,-,2025-07-22 20:35:02,22/07/2025 20:35,-,-,-,-,-,-,-
1844337,Entregas Finalizadas Fora de Manaus,8,-,-,2025-07-19 13:43:23,19/07/2025 13:43,-,-,-,-,-,-,-
1844332,Logística - Despacho da Encomenda,2,-,00:00 Horas,2025-07-19 12:55:25,19/07/2025 12:55,-,19/07/2025 12:55,-,-,-,-,-
1844320,Entregas Finalizadas Fora de Manaus,8,-,-,2025-07-23 18:13:48,23/07/2025 18:13,-,-,-,-,-,-,-
1844315,Vendedor - Nova Encomenda,1,-,-,2025-07-19 11:56:20,19/07/2025 11:56,-,-,-,-,-,-,-
1844290,Entregas Finalizadas Manaus,6,-,-,2025-07-19 14:21:39,19/07/2025 14:21,-,-,-,-,-,-,-
1844276,Vendedor - Nova Encomenda,1,-,-,2025-07-19 11:34:06,19/07/2025 11:34,-,-,-,-,-,-,-
1844264,Entregas Finalizadas Fora de Manaus,8,-,-,2025-07-19 19:56:41,19/07/2025 19:56,-,-,-,-,-,-,-
1844260,Entregas Finalizadas Fora de Manaus,8,-,-,2025-07-22 23:02:09,22/07/2025 23:02,-,-,-,-,-,-,-
1844252,Entregas Finalizadas Manaus,6,-,-,2025-07-19 14:25:46,19/07/2025 14:25,-,-,-,-,-,-,-
1844248,Entregas Finalizadas Fora de Manaus,8,-,-,2025-07-19 12:17:34,19/07/2025 12:17,-,-,-,-,-,-,-
1844241,Vendedor - Nova Encomenda,1,-,-,2025-07-19 10:39:34,19/07/2025 10:39,-,-,-,-,-,-,-
1844239,Entregas Finalizadas Manaus,6,-,-,2025-07-19 14:13:15,19/07/2025 14:13,-,-,-,-,-,-,-
1844236,Entregas Finalizadas Fora de Manaus,8,-,-,2025-07-22 00:14:14,22/07/2025 00:14,-,-,-,-,-,-,-
1844222,Entregas Finalizadas Manaus,6,-,-,2025-07-19 13:06:24,19/07/2025 13:06,-,-,-,-,-,-,-
1844215,Entregas Finalizadas Fora de Manaus,8,-,-,2025-07-19 19:58:52,19/07/2025 19:58,-,-,-,-,-,-,-
1844211,Entregas Finalizadas Manaus,6,-,-,2025-07-19 16:00:41,19/07/2025 16:00,-,-,-,-,-,-,-
1844206,Entregas Finalizadas Fora de Manaus,8,-,-,2025-07-21 23:42:49,21/07/2025 23:42,-,-,-,-,-,-,-
1844201,Entregas Finalizadas Fora de Manaus,8,-,-,2025-07-21 22:59:55,21/07/2025 22:59,-,-,-,-,-,-,-
1844193,Entregas Finalizadas Manaus,6,-,-,2025-07-19 14:03:23,19/07/2025 14:03,-,-,-,-,-,-,-
1844041,Entregas Finalizadas Manaus,6,-,-,2025-07-21 15:36:42,21/07/2025 15:36,-,-,-,-,-,-,-
1844010,Entregas Finalizadas Manaus,6,-,-,2025-07-19 09:08:55,19/07/2025 09:08,-,-,-,-,-,-,-
1843967,Entregas Finalizadas Fora de Manaus,8,-,-,2025-07-19 19:50:31,19/07/2025 19:50,-,-,-,-,-,-,-
1843950,Entregas Finalizadas Fora de Manaus,8,-,-,2025-07-19 19:45:06,19/07/2025 19:45,-,-,-,-,-,-,-
1843925,Entregas Finalizadas Fora de Manaus,8,-,-,2025-07-22 13:33:24,22/07/2025 13:33,-,-,-,-,-,-,-
1843921,Vendedor - Nova Encomenda,1,-,-,2025-07-18 18:33:03,18/07/2025 18:33,-,-,-,-,-,-,-
1843896,Entregas Finalizadas Fora de Manaus,8,-,-,2025-07-22 00:19:17,22/07/2025 00:19,-,-,-,-,-,-,-
1843888,Entregas Finalizadas Fora de Manaus,8,-,-,2025-07-19 13:50:09,19/07/2025 13:50,-,-,-,-,-,-,-
1843881,Entregas Finalizadas Fora de Manaus,8,-,-,2025-07-19 13:19:34,19/07/2025 13:19,-,-,-,-,-,-,-
1843879,Entregas Finalizadas Manaus,6,-,-,2025-07-19 13:44:59,19/07/2025 13:44,-,-,-,-,-,-,-
1843871,Entregas Finalizadas Fora de Manaus,8,-,-,2025-07-22 23:24:20,22/07/2025 23:24,-,-,-,-,-,-,-
1843864,Entregas Finalizadas Fora de Manaus,8,-,-,2025-07-22 00:42:02,22/07/2025 00:42,-,-,-,-,-,-,-
1843860,Entregas Finalizadas Fora de Manaus,8,-,-,2025-07-19 13:51:17,19/07/2025 13:51,-,-,-,-,-,-,-
1843845,Entregas Finalizadas Fora de Manaus,8,-,-,2025-07-19 12:11:34,19/07/2025 12:11,-,-,-,-,-,-,-
1843836,Entregas Finalizadas Fora de Manaus,8,-,-,2025-07-22 22:56:09,22/07/2025 22:56,-,-,-,-,-,-,-
1843829,Entregas Finalizadas Fora de Manaus,8,-,-,2025-07-22 22:13:53,22/07/2025 22:13,-,-,-,-,-,-,-
1843825,Entregas Finalizadas Fora de Manaus,8,-,-,2025-07-22 22:49:23,22/07/2025 22:49,-,-,-,-,-,-,-
1843792,Entregas Finalizadas Fora de Manaus,8,-,-,2025-07-22 00:32:50,22/07/2025 00:32,-,-,-,-,-,-,-
1843788,Entregas Finalizadas Fora de Manaus,8,-,-,2025-07-18 17:56:44,18/07/2025 17:56,-,-,-,-,-,-,-
1843784,Entregas Finalizadas Fora de Manaus,8,-,-,2025-07-19 12:31:54,19/07/2025 12:31,-,-,-,-,-,-,-
1843776,Entregas Finalizadas Fora de Manaus,8,-,-,2025-07-18 17:59:38,18/07/2025 17:59,-,-,-,-,-,-,-
1843742,Entregas Finalizadas Fora de Manaus,8,-,-,2025-07-19 13:53:34,19/07/2025 13:53,-,-,-,-,-,-,-
1843738,Entregas Finalizadas Fora de Manaus,8,-,-,2025-07-21 21:53:36,21/07/2025 21:53,-,-,-,-,-,-,-
1843731,Vendedor - Nova Encomenda,1,-,-,2025-07-18 16:52:18,18/07/2025 16:52,-,-,-,-,-,-,-
1843660,Logística - Despacho da Encomenda,2,-,00:00 Horas,2025-07-19 11:17:47,19/07/2025 11:17,-,19/07/2025 11:17,-,-,-,-,-
1843653,Entregas Finalizadas Fora de Manaus,8,-,-,2025-07-18 23:21:19,18/07/2025 23:21,-,-,-,-,-,-,-
1843648,Entregas Finalizadas Fora de Manaus,8,-,-,2025-07-18 17:58:20,18/07/2025 17:58,-,-,-,-,-,-,-
1843635,Entregas Finalizadas Fora de Manaus,8,-,-,2025-07-18 23:14:42,18/07/2025 23:14,-,-,-,-,-,-,-
1843578,Entregas Finalizadas Fora de Manaus,8,-,-,2025-07-18 17:53:28,18/07/2025 17:53,-,-,-,-,-,-,-
1843565,Entregas Finalizadas Manaus,6,-,-,2025-07-19 20:46:20,19/07/2025 20:46,-,-,-,-,-,-,-
1843501,Entregas Finalizadas Fora de Manaus,8,-,-,2025-07-18 17:48:36,18/07/2025 17:48,-,-,-,-,-,-,-
1843492,Entregas Finalizadas Fora de Manaus,8,-,-,2025-07-18 23:23:39,18/07/2025 23:23,-,-,-,-,-,-,-
1843470,Entregas Finalizadas Manaus,6,-,-,2025-07-19 14:00:15,19/07/2025 14:00,-,-,-,-,-,-,-
1843459,Entregas Finalizadas Fora de Manaus,8,-,-,2025-07-18 23:33:49,18/07/2025 23:33,-,-,-,-,-,-,-
1843452,Entregas Finalizadas Manaus,6,-,-,2025-07-18 19:13:56,18/07/2025 19:13,-,-,-,-,-,-,-
1843438,Entregas Finalizadas Manaus,6,-,-,2025-07-19 10:22:58,19/07/2025 10:22,-,-,-,-,-,-,-
1843375,Entregas Finalizadas Manaus,6,-,-,2025-07-18 17:12:28,18/07/2025 17:12,-,-,-,-,-,-,-
1843359,Vendedor - Nova Encomenda,1,-,-,2025-07-18 14:29:23,18/07/2025 14:29,-,-,-,-,-,-,-
1843348,Entregas Finalizadas Fora de Manaus,8,-,-,2025-07-19 10:20:35,19/07/2025 10:20,-,-,-,-,-,-,-
1843337,Entregas Finalizadas Manaus,6,-,-,2025-07-19 12:08:37,19/07/2025 12:08,-,-,-,-,-,-,-
1843335,Entregas Finalizadas Fora de Manaus,8,-,-,2025-07-18 23:18:07,18/07/2025 23:18,-,-,-,-,-,-,-
1843181,Entregas Finalizadas Manaus,6,-,-,2025-07-19 20:47:40,19/07/2025 20:47,-,-,-,-,-,-,-
1843133,Entregas Finalizadas Manaus,6,-,-,2025-07-18 20:10:09,18/07/2025 20:10,-,-,-,-,-,-,-
1843123,Entregas Finalizadas Fora de Manaus,8,-,-,2025-07-18 23:03:51,18/07/2025 23:03,-,-,-,-,-,-,-
1843102,Entregas Finalizadas Fora de Manaus,8,-,-,2025-07-18 16:55:15,18/07/2025 16:55,-,-,-,-,-,-,-
1843074,Entregas Finalizadas Manaus,6,-,-,2025-07-19 20:44:38,19/07/2025 20:44,-,-,-,-,-,-,-
1843058,Entregas Finalizadas Manaus,6,-,-,2025-07-18 17:18:57,18/07/2025 17:18,-,-,-,-,-,-,-
1843054,Entregas Finalizadas Manaus,6,-,-,2025-07-18 17:27:55,18/07/2025 17:27,-,-,-,-,-,-,-
1843040,Entregas Finalizadas Fora de Manaus,8,-,-,2025-07-18 23:16:27,18/07/2025 23:16,-,-,-,-,-,-,-
1843008,Entregas Finalizadas Fora de Manaus,8,-,-,2025-07-18 23:19:48,18/07/2025 23:19,-,-,-,-,-,-,-
1842999,Entregas Finalizadas Fora de Manaus,8,-,-,2025-07-22 00:10:58,22/07/2025 00:10,-,-,-,-,-,-,-
1842929,Entregas Finalizadas Manaus,6,-,-,2025-07-19 15:03:36,19/07/2025 15:03,-,-,-,-,-,-,-
1842818,Entregas Finalizadas Manaus,6,-,-,2025-07-18 19:27:06,18/07/2025 19:27,-,-,-,-,-,-,-
1842806,Entregas Finalizadas Manaus,6,-,-,2025-07-25 18:00:16,25/07/2025 18:00,-,-,-,-,-,-,-
1842708,Entregas Finalizadas Manaus,6,-,-,2025-07-18 18:07:34,18/07/2025 18:07,-,-,-,-,-,-,-
1842672,Entregas Finalizadas Manaus,6,-,-,2025-07-18 14:02:00,18/07/2025 14:02,-,-,-,-,-,-,-
1842551,Entregas Finalizadas Fora de Manaus,8,-,-,2025-07-21 22:46:22,21/07/2025 22:46,-,-,-,-,-,-,-
1842517,Entregas Finalizadas Fora de Manaus,8,-,-,2025-07-18 13:36:45,18/07/2025 13:36,-,-,-,-,-,-,-
1842508,Vendedor - Nova Encomenda,1,-,-,2025-07-18 11:33:27,18/07/2025 11:33,-,-,-,-,-,-,-
1842429,Entregas Finalizadas Fora de Manaus,8,-,-,2025-07-18 13:39:27,18/07/2025 13:39,-,-,-,-,-,-,-
1842361,Entregas Finalizadas Fora de Manaus,8,-,-,2025-07-18 17:29:47,18/07/2025 17:29,-,-,-,-,-,-,-
1842338,Vendedor - Nova Encomenda,1,-,-,2025-07-18 11:23:03,18/07/2025 11:23,-,-,-,-,-,-,-
1842290,Entregas Finalizadas Fora de Manaus,8,-,-,2025-07-18 23:57:18,18/07/2025 23:57,-,-,-,-,-,-,-
1842284,Entregas Finalizadas Fora de Manaus,8,-,-,2025-07-18 22:48:46,18/07/2025 22:48,-,-,-,-,-,-,-
1842280,Logística - Despacho da Encomenda,2,-,00:00 Horas,2025-07-18 13:00:43,18/07/2025 13:00,-,18/07/2025 13:00,-,-,-,-,-
1842242,Entregas Finalizadas Manaus,6,-,-,2025-07-18 14:52:43,18/07/2025 14:52,-,-,-,-,-,-,-
1842227,Entregas Finalizadas Fora de Manaus,8,-,-,2025-07-18 23:48:06,18/07/2025 23:48,-,-,-,-,-,-,-
1842221,Entregas Finalizadas Fora de Manaus,8,-,-,2025-07-18 23:38:57,18/07/2025 23:38,-,-,-,-,-,-,-
1842115,Vendedor - Nova Encomenda,1,-,-,2025-07-18 10:55:40,18/07/2025 10:55,-,-,-,-,-,-,-
1842062,Vendedor - Nova Encomenda,1,-,-,2025-07-18 10:51:24,18/07/2025 10:51,-,-,-,-,-,-,-
1841952,Entregas Finalizadas Fora de Manaus,8,-,-,2025-07-25 12:55:47,25/07/2025 12:55,-,-,-,-,-,-,-
1841862,Entregas Finalizadas Manaus,6,-,-,2025-07-18 17:50:46,18/07/2025 17:50,-,-,-,-,-,-,-
1841785,Entregas Finalizadas Fora de Manaus,8,-,-,2025-07-18 13:35:24,18/07/2025 13:35,-,-,-,-,-,-,-
1841783,Logística - Despacho da Encomenda,2,-,00:00 Horas,2025-07-18 13:34:16,18/07/2025 13:34,-,18/07/2025 13:34,-,-,-,-,-
1841765,Entregas Finalizadas Fora de Manaus,8,-,-,2025-07-18 22:52:11,18/07/2025 22:52,-,-,-,-,-,-,-
1841760,Entregas Finalizadas Fora de Manaus,8,-,-,2025-07-23 12:16:08,23/07/2025 12:16,-,-,-,-,-,-,-
1841746,Logística - Despacho da Encomenda,2,-,00:00 Horas,2025-07-18 13:34:52,18/07/2025 13:34,-,18/07/2025 13:34,-,-,-,-,-
1841727,Entregas Finalizadas Manaus,6,-,-,2025-07-18 12:20:34,18/07/2025 12:20,-,-,-,-,-,-,-
1841725,Entregas Finalizadas Fora de Manaus,8,-,-,2025-07-18 13:29:00,18/07/2025 13:29,-,-,-,-,-,-,-
1841714,Entregas Finalizadas Fora de Manaus,8,-,-,2025-07-18 13:30:10,18/07/2025 13:30,-,-,-,-,-,-,-
1841704,Entregas Finalizadas Fora de Manaus,8,-,-,2025-07-18 23:59:03,18/07/2025 23:59,-,-,-,-,-,-,-
1841700,Entregas Finalizadas Fora de Manaus,8,-,-,2025-07-22 22:53:49,22/07/2025 22:53,-,-,-,-,-,-,-
1841694,Entregas Finalizadas Fora de Manaus,8,-,-,2025-07-18 22:59:31,18/07/2025 22:59,-,-,-,-,-,-,-
1841691,Entregas Finalizadas Fora de Manaus,8,-,-,2025-07-18 22:55:40,18/07/2025 22:55,-,-,-,-,-,-,-
1841678,Entregas Finalizadas Fora de Manaus,8,-,-,2025-07-18 23:30:26,18/07/2025 23:30,-,-,-,-,-,-,-
1841670,Entregas Finalizadas Fora de Manaus,8,-,-,2025-07-21 23:59:20,21/07/2025 23:59,-,-,-,-,-,-,-
1841656,Logística - Despacho da Encomenda,2,-,00:00 Horas,2025-07-18 10:54:27,18/07/2025 10:54,-,18/07/2025 10:54,-,-,-,-,-
1841650,Entregas Finalizadas Fora de Manaus,8,-,-,2025-07-18 14:24:08,18/07/2025 14:24,-,-,-,-,-,-,-
1841638,Entregas Finalizadas Fora de Manaus,8,-,-,2025-07-18 23:12:23,18/07/2025 23:12,-,-,-,-,-,-,-
1841288,Entregas Finalizadas Fora de Manaus,8,-,-,2025-07-22 00:40:07,22/07/2025 00:40,-,-,-,-,-,-,-
1841276,Entregas Finalizadas Manaus,6,-,-,2025-07-18 18:55:52,18/07/2025 18:55,-,-,-,-,-,-,-
1841269,Entregas Finalizadas Fora de Manaus,8,-,-,2025-07-18 22:50:21,18/07/2025 22:50,-,-,-,-,-,-,-
1841247,Entregas Finalizadas Fora de Manaus,8,-,-,2025-07-20 10:34:53,20/07/2025 10:34,-,-,-,-,-,-,-
1841210,Entregas Finalizadas Manaus,6,-,-,2025-07-18 18:32:03,18/07/2025 18:32,-,-,-,-,-,-,-
1841204,Entregas Finalizadas Fora de Manaus,8,-,-,2025-07-18 17:36:35,18/07/2025 17:36,-,-,-,-,-,-,-
1841185,Vendedor - Nova Encomenda,1,-,-,2025-07-17 18:14:51,17/07/2025 18:14,-,-,-,-,-,-,-
1841182,Entregas Finalizadas Manaus,6,-,-,2025-07-18 19:22:19,18/07/2025 19:22,-,-,-,-,-,-,-
1841149,Entregas Finalizadas Manaus,6,-,-,2025-07-18 19:43:39,18/07/2025 19:43,-,-,-,-,-,-,-
1841133,Vendedor - Nova Encomenda,1,-,-,2025-07-17 17:35:06,17/07/2025 17:35,-,-,-,-,-,-,-
1841091,Vendedor - Nova Encomenda,1,-,-,2025-07-17 17:14:10,17/07/2025 17:14,-,-,-,-,-,-,-
1840777,Entregas Finalizadas Manaus,6,-,-,2025-07-19 20:42:59,19/07/2025 20:42,-,-,-,-,-,-,-
1840738,Entregas Finalizadas Fora de Manaus,8,-,-,2025-07-18 13:12:19,18/07/2025 13:12,-,-,-,-,-,-,-
1840621,Entregas Finalizadas Fora de Manaus,8,-,-,2025-07-17 18:02:42,17/07/2025 18:02,-,-,-,-,-,-,-
1840570,Entregas Finalizadas Fora de Manaus,8,-,-,2025-07-17 20:47:57,17/07/2025 20:47,-,-,-,-,-,-,-
1840467,Entregas Finalizadas Manaus,6,-,-,2025-07-17 18:19:02,17/07/2025 18:19,-,-,-,-,-,-,-
1840461,Entregas Finalizadas Manaus,6,-,-,2025-07-17 17:51:10,17/07/2025 17:51,-,-,-,-,-,-,-
1840388,Entregas Finalizadas Manaus,6,-,-,2025-07-17 18:14:29,17/07/2025 18:14,-,-,-,-,-,-,-
1840164,Entregas Finalizadas Fora de Manaus,8,-,-,2025-07-17 21:19:41,17/07/2025 21:19,-,-,-,-,-,-,-
1840069,Entregas Finalizadas Manaus,6,-,-,2025-07-17 19:06:15,17/07/2025 19:06,-,-,-,-,-,-,-
1839948,Entregas Finalizadas Manaus,6,-,-,2025-07-17 17:27:59,17/07/2025 17:27,-,-,-,-,-,-,-
1839925,Vendedor - Nova Encomenda,1,-,-,2025-07-17 15:06:19,17/07/2025 15:06,-,-,-,-,-,-,-
1839850,Vendedor - Nova Encomenda,1,-,-,2025-07-17 14:58:29,17/07/2025 14:58,-,-,-,-,-,-,-
1839802,Entregas Finalizadas Fora de Manaus,8,-,-,2025-07-18 23:43:45,18/07/2025 23:43,-,-,-,-,-,-,-
1839723,Entregas Finalizadas Fora de Manaus,8,-,-,2025-07-18 17:00:32,18/07/2025 17:00,-,-,-,-,-,-,-
1839661,Entregas Finalizadas Manaus,6,-,-,2025-07-17 18:35:49,17/07/2025 18:35,-,-,-,-,-,-,-
1839602,Entregas Finalizadas Fora de Manaus,8,-,-,2025-07-17 21:08:28,17/07/2025 21:08,-,-,-,-,-,-,-
1839329,Entregas Finalizadas Fora de Manaus,8,-,-,2025-07-18 23:52:32,18/07/2025 23:52,-,-,-,-,-,-,-
1839070,Entregas Finalizadas Fora de Manaus,8,-,-,2025-07-22 00:38:38,22/07/2025 00:38,-,-,-,-,-,-,-
1839065,Entregas Finalizadas Fora de Manaus,8,-,-,2025-07-24 10:00:30,24/07/2025 10:00,-,-,-,-,-,-,-
1839054,Entregas Finalizadas Manaus,6,-,-,2025-07-17 15:39:01,17/07/2025 15:39,-,-,-,-,-,-,-
1839017,Entregas Finalizadas Manaus,6,-,-,2025-07-17 18:08:57,17/07/2025 18:08,-,-,-,-,-,-,-
1838840,Entregas Finalizadas Manaus,6,-,-,2025-07-17 19:41:02,17/07/2025 19:41,-,-,-,-,-,-,-
1838825,Entregas Finalizadas Manaus,6,-,-,2025-07-17 21:03:09,17/07/2025 21:03,-,-,-,-,-,-,-
1838812,Vendedor - Nova Encomenda,1,-,-,2025-07-17 12:56:35,17/07/2025 12:56,-,-,-,-,-,-,-
1838767,Entregas Finalizadas Fora de Manaus,8,-,-,2025-07-18 12:44:11,18/07/2025 12:44,-,-,-,-,-,-,-
1838747,Entregas Finalizadas Manaus,6,-,-,2025-07-17 18:15:55,17/07/2025 18:15,-,-,-,-,-,-,-
1838711,Entregas Finalizadas Fora de Manaus,8,-,-,2025-07-18 13:13:31,18/07/2025 13:13,-,-,-,-,-,-,-
1838650,Entregas Finalizadas Fora de Manaus,8,-,-,2025-07-17 14:01:03,17/07/2025 14:01,-,-,-,-,-,-,-
1838530,Vendedor - Nova Encomenda,1,-,-,2025-07-17 11:52:53,17/07/2025 11:52,-,-,-,-,-,-,-
1838434,Entregas Finalizadas Fora de Manaus,8,-,-,2025-07-18 13:14:54,18/07/2025 13:14,-,-,-,-,-,-,-
1838246,Entregas Finalizadas Fora de Manaus,8,-,-,2025-07-18 11:27:38,18/07/2025 11:27,-,-,-,-,-,-,-
1837786,Entregas Finalizadas Manaus,6,-,-,2025-07-17 13:59:23,17/07/2025 13:59,-,-,-,-,-,-,-
1837692,Vendedor - Nova Encomenda,1,-,-,2025-07-17 10:52:23,17/07/2025 10:52,-,-,-,-,-,-,-
1837603,Entregas Finalizadas Fora de Manaus,8,-,-,2025-07-18 22:57:52,18/07/2025 22:57,-,-,-,-,-,-,-
1837587,Entregas Finalizadas Fora de Manaus,8,-,-,2025-07-17 21:03:41,17/07/2025 21:03,-,-,-,-,-,-,-
1837489,Entregas Finalizadas Fora de Manaus,8,-,-,2025-07-18 22:53:50,18/07/2025 22:53,-,-,-,-,-,-,-
1837187,Entregas Finalizadas Fora de Manaus,8,-,-,2025-07-17 21:14:22,17/07/2025 21:14,-,-,-,-,-,-,-
1837183,Entregas Finalizadas Fora de Manaus,8,-,-,2025-07-18 23:50:58,18/07/2025 23:50,-,-,-,-,-,-,-
1837164,Entregas Finalizadas Fora de Manaus,8,-,-,2025-07-17 13:24:34,17/07/2025 13:24,-,-,-,-,-,-,-
1837157,Entregas Finalizadas Fora de Manaus,8,-,-,2025-07-17 20:53:30,17/07/2025 20:53,-,-,-,-,-,-,-
1837140,Entregas Finalizadas Fora de Manaus,8,-,-,2025-07-17 21:47:02,17/07/2025 21:47,-,-,-,-,-,-,-
1837112,Entregas Finalizadas Fora de Manaus,8,-,-,2025-07-17 20:59:32,17/07/2025 20:59,-,-,-,-,-,-,-
1837027,Entregas Finalizadas Fora de Manaus,8,-,-,2025-07-17 21:49:21,17/07/2025 21:49,-,-,-,-,-,-,-
1837021,Entregas Finalizadas Fora de Manaus,8,-,-,2025-07-17 13:23:03,17/07/2025 13:23,-,-,-,-,-,-,-
1836929,Canceladas,X,lojaedu@mondellebrasil.com.br,-,2025-07-17 09:46:07,17/07/2025 09:46,-,-,-,-,-,-,-
1836922,Entregas Finalizadas Fora de Manaus,8,-,-,2025-07-17 22:11:41,17/07/2025 22:11,-,-,-,-,-,-,-
1836905,Entregas Finalizadas Fora de Manaus,8,-,-,2025-07-17 14:47:00,17/07/2025 14:47,-,-,-,-,-,-,-
1836898,Entregas Finalizadas Fora de Manaus,8,-,-,2025-07-17 22:15:41,17/07/2025 22:15,-,-,-,-,-,-,-
1836830,Entregas Finalizadas Fora de Manaus,8,-,-,2025-07-17 20:58:03,17/07/2025 20:58,-,-,-,-,-,-,-
1836782,Entregas Finalizadas Fora de Manaus,8,-,-,2025-07-17 22:17:21,17/07/2025 22:17,-,-,-,-,-,-,-
1836737,Entregas Finalizadas Fora de Manaus,8,-,-,2025-07-17 21:39:43,17/07/2025 21:39,-,-,-,-,-,-,-
1836735,Entregas Finalizadas Fora de Manaus,8,-,-,2025-07-17 20:46:40,17/07/2025 20:46,-,-,-,-,-,-,-
1836630,Entregas Finalizadas Fora de Manaus,8,-,-,2025-07-17 21:37:09,17/07/2025 21:37,-,-,-,-,-,-,-
1836163,Entregas Finalizadas Fora de Manaus,8,-,-,2025-07-17 22:22:29,17/07/2025 22:22,-,-,-,-,-,-,-
1836046,Entregas Finalizadas Fora de Manaus,8,-,-,2025-07-17 22:09:32,17/07/2025 22:09,-,-,-,-,-,-,-
1836044,Entregas Finalizadas Fora de Manaus,8,-,-,2025-07-17 22:13:24,17/07/2025 22:13,-,-,-,-,-,-,-
1836037,Vendedor - Nova Encomenda,1,-,-,2025-07-16 19:04:59,16/07/2025 19:04,-,-,-,-,-,-,-
1836025,Entregas Finalizadas Fora de Manaus,8,-,-,2025-07-18 23:54:12,18/07/2025 23:54,-,-,-,-,-,-,-
1836021,Vendedor - Nova Encomenda,1,-,-,2025-07-16 18:43:15,16/07/2025 18:43,-,-,-,-,-,-,-
1836018,Entregas Finalizadas Manaus,6,-,-,2025-07-17 17:44:46,17/07/2025 17:44,-,-,-,-,-,-,-
1836006,Entregas Finalizadas Manaus,6,-,-,2025-07-18 17:28:18,18/07/2025 17:28,-,-,-,-,-,-,-
1836002,Entregas Finalizadas Fora de Manaus,8,-,-,2025-07-18 23:25:54,18/07/2025 23:25,-,-,-,-,-,-,-
1835996,Entregas Finalizadas Manaus,6,-,-,2025-07-17 16:07:18,17/07/2025 16:07,-,-,-,-,-,-,-
1835994,Entregas Finalizadas Fora de Manaus,8,-,-,2025-07-17 21:05:40,17/07/2025 21:05,-,-,-,-,-,-,-
1835938,Entregas Finalizadas Manaus,6,-,-,2025-07-17 19:14:43,17/07/2025 19:14,-,-,-,-,-,-,-
1835920,Entregas Finalizadas Manaus,6,-,-,2025-07-16 18:03:57,16/07/2025 18:03,-,-,-,-,-,-,-
1835902,Entregas Finalizadas Manaus,6,-,-,2025-07-16 18:58:02,16/07/2025 18:58,-,-,-,-,-,-,-
1835886,Entregas Finalizadas Manaus,6,-,-,2025-07-17 16:00:28,17/07/2025 16:00,-,-,-,-,-,-,-
1835880,Entregas Finalizadas Manaus,6,-,-,2025-07-17 15:09:05,17/07/2025 15:09,-,-,-,-,-,-,-
1835585,Entregas Finalizadas Manaus,6,-,-,2025-07-16 18:16:44,16/07/2025 18:16,-,-,-,-,-,-,-
1835567,Entregas Finalizadas Manaus,6,-,-,2025-07-16 17:15:31,16/07/2025 17:15,-,-,-,-,-,-,-
1835464,Entregas Finalizadas Manaus,6,-,-,2025-07-16 18:58:51,16/07/2025 18:58,-,-,-,-,-,-,-
1835433,Entregas Finalizadas Manaus,6,-,-,2025-07-16 18:17:36,16/07/2025 18:17,-,-,-,-,-,-,-
1835426,Entregas Finalizadas Manaus,6,-,-,2025-07-16 17:43:21,16/07/2025 17:43,-,-,-,-,-,-,-
1835414,Vendedor - Nova Encomenda,1,-,-,2025-07-16 15:06:09,16/07/2025 15:06,-,-,-,-,-,-,-
1835401,Entregas Finalizadas Manaus,6,-,-,2025-07-16 18:39:20,16/07/2025 18:39,-,-,-,-,-,-,-
1835399,Vendedor - Nova Encomenda,1,-,-,2025-07-16 14:59:34,16/07/2025 14:59,-,-,-,-,-,-,-
1835352,Entregas Finalizadas Fora de Manaus,8,-,-,2025-07-16 23:45:48,16/07/2025 23:45,-,-,-,-,-,-,-
1835350,Entregas Finalizadas Manaus,6,-,-,2025-07-16 17:11:57,16/07/2025 17:11,-,-,-,-,-,-,-
1835342,Entregas Finalizadas Fora de Manaus,8,-,-,2025-07-16 16:44:14,16/07/2025 16:44,-,-,-,-,-,-,-
1835335,Entregas Finalizadas Fora de Manaus,8,-,-,2025-07-16 17:56:11,16/07/2025 17:56,-,-,-,-,-,-,-
1835294,Entregas Finalizadas Fora de Manaus,8,-,-,2025-07-16 23:38:58,16/07/2025 23:38,-,-,-,-,-,-,-
1835275,Entregas Finalizadas Manaus,6,-,-,2025-07-16 18:30:58,16/07/2025 18:30,-,-,-,-,-,-,-
1835265,Entregas Finalizadas Fora de Manaus,8,-,-,2025-07-16 23:36:42,16/07/2025 23:36,-,-,-,-,-,-,-
1835258,Vendedor - Nova Encomenda,1,-,-,2025-07-16 14:13:22,16/07/2025 14:13,-,-,-,-,-,-,-
1835245,Entregas Finalizadas Manaus,6,-,-,2025-07-17 14:19:16,17/07/2025 14:19,-,-,-,-,-,-,-
1835237,Entregas Finalizadas Manaus,6,-,-,2025-07-16 17:51:53,16/07/2025 17:51,-,-,-,-,-,-,-
1835211,Entregas Finalizadas Fora de Manaus,8,-,-,2025-07-22 00:23:20,22/07/2025 00:23,-,-,-,-,-,-,-
1835206,Entregas Finalizadas Fora de Manaus,8,-,-,2025-07-17 17:56:56,17/07/2025 17:56,-,-,-,-,-,-,-
1835186,Entregas Finalizadas Manaus,6,-,-,2025-07-16 17:01:10,16/07/2025 17:01,-,-,-,-,-,-,-
1835152,Entregas Finalizadas Fora de Manaus,8,-,-,2025-07-16 23:50:04,16/07/2025 23:50,-,-,-,-,-,-,-
1835140,Entregas Finalizadas Fora de Manaus,8,-,-,2025-07-16 17:26:14,16/07/2025 17:26,-,-,-,-,-,-,-
1835138,Entregas Finalizadas Fora de Manaus,8,-,-,2025-07-17 20:55:57,17/07/2025 20:55,-,-,-,-,-,-,-
1835132,Entregas Finalizadas Fora de Manaus,8,-,-,2025-07-16 23:54:29,16/07/2025 23:54,-,-,-,-,-,-,-
1835120,Vendedor - Nova Encomenda,1,-,-,2025-07-16 13:21:57,16/07/2025 13:21,-,-,-,-,-,-,-
1835113,Entregas Finalizadas Fora de Manaus,8,-,-,2025-07-16 16:46:24,16/07/2025 16:46,-,-,-,-,-,-,-
1835084,Entregas Finalizadas Manaus,6,-,-,2025-07-16 17:15:02,16/07/2025 17:15,-,-,-,-,-,-,-
1835073,Entregas Finalizadas Fora de Manaus,8,-,-,2025-07-17 20:50:37,17/07/2025 20:50,-,-,-,-,-,-,-
1835051,Entregas Finalizadas Manaus,6,-,-,2025-07-16 18:19:08,16/07/2025 18:19,-,-,-,-,-,-,-
1835044,Entregas Finalizadas Manaus,6,-,-,2025-07-16 18:27:37,16/07/2025 18:27,-,-,-,-,-,-,-
1835018,Logística - Despacho da Encomenda,2,-,00:00 Horas,2025-07-17 11:02:54,17/07/2025 11:02,-,17/07/2025 11:02,-,-,-,-,-
1835015,Entregas Finalizadas Fora de Manaus,8,-,-,2025-07-16 23:48:12,16/07/2025 23:48,-,-,-,-,-,-,-
1834999,Entregas Finalizadas Fora de Manaus,8,-,-,2025-07-17 21:33:59,17/07/2025 21:33,-,-,-,-,-,-,-
1834997,Entregas Finalizadas Fora de Manaus,8,-,-,2025-07-16 23:11:13,16/07/2025 23:11,-,-,-,-,-,-,-
1834992,Entregas Finalizadas Fora de Manaus,8,-,-,2025-07-16 12:54:46,16/07/2025 12:54,-,-,-,-,-,-,-
1834990,Vendedor - Nova Encomenda,1,-,-,2025-07-16 12:06:45,16/07/2025 12:06,-,-,-,-,-,-,-
1834980,Vendedor - Nova Encomenda,1,-,-,2025-07-16 12:03:14,16/07/2025 12:03,-,-,-,-,-,-,-
1834974,Entregas Finalizadas Fora de Manaus,8,-,-,2025-07-16 23:33:14,16/07/2025 23:33,-,-,-,-,-,-,-
1834964,Entregas Finalizadas Manaus,6,-,-,2025-07-16 13:58:41,16/07/2025 13:58,-,-,-,-,-,-,-
1834957,Entregas Finalizadas Fora de Manaus,8,-,-,2025-07-16 23:27:31,16/07/2025 23:27,-,-,-,-,-,-,-
1834937,Vendedor - Nova Encomenda,1,-,-,2025-07-16 11:47:45,16/07/2025 11:47,-,-,-,-,-,-,-
1834930,Entregas Finalizadas Manaus,6,-,-,2025-07-16 14:37:05,16/07/2025 14:37,-,-,-,-,-,-,-
1834861,Entregas Finalizadas Fora de Manaus,8,-,-,2025-07-16 23:41:52,16/07/2025 23:41,-,-,-,-,-,-,-
1834851,Entregas Finalizadas Fora de Manaus,8,-,-,2025-07-16 23:17:04,16/07/2025 23:17,-,-,-,-,-,-,-
1834809,Entregas Finalizadas Fora de Manaus,8,-,-,2025-07-16 23:12:58,16/07/2025 23:12,-,-,-,-,-,-,-
1834807,Entregas Finalizadas Manaus,6,-,-,2025-07-16 13:05:26,16/07/2025 13:05,-,-,-,-,-,-,-
1834788,Entregas Finalizadas Fora de Manaus,8,-,-,2025-07-17 21:11:54,17/07/2025 21:11,-,-,-,-,-,-,-
1834782,Entregas Finalizadas Fora de Manaus,8,-,-,2025-07-16 23:43:56,16/07/2025 23:43,-,-,-,-,-,-,-
1834729,Vendedor - Nova Encomenda,1,-,-,2025-07-16 10:27:11,16/07/2025 10:27,-,-,-,-,-,-,-
1834667,Entregas Finalizadas Fora de Manaus,8,-,-,2025-07-17 14:06:15,17/07/2025 14:06,-,-,-,-,-,-,-
1834662,Entregas Finalizadas Fora de Manaus,8,-,-,2025-07-16 23:35:05,16/07/2025 23:35,-,-,-,-,-,-,-
1834653,Logística - Despacho da Encomenda,2,-,00:00 Horas,2025-07-16 10:39:58,16/07/2025 10:39,-,16/07/2025 10:39,-,-,-,-,-
1834649,Entregas Finalizadas Fora de Manaus,8,-,-,2025-07-16 17:27:35,16/07/2025 17:27,-,-,-,-,-,-,-
1834581,Vendedor - Nova Encomenda,1,-,-,2025-07-16 09:40:30,16/07/2025 09:40,-,-,-,-,-,-,-
1834572,Vendedor - Nova Encomenda,1,-,-,2025-07-16 09:37:09,16/07/2025 09:37,-,-,-,-,-,-,-
1834527,Vendedor - Nova Encomenda,1,-,-,2025-07-16 09:23:24,16/07/2025 09:23,-,-,-,-,-,-,-
1834521,Vendedor - Nova Encomenda,1,-,-,2025-07-16 09:22:20,16/07/2025 09:22,-,-,-,-,-,-,-
1834495,Vendedor - Nova Encomenda,1,-,-,2025-07-16 09:12:20,16/07/2025 09:12,-,-,-,-,-,-,-
1834429,Vendedor - Nova Encomenda,1,-,-,2025-07-16 08:46:25,16/07/2025 08:46,-,-,-,-,-,-,-
1834275,Entregas Finalizadas Manaus,6,-,-,2025-07-16 09:37:36,16/07/2025 09:37,-,-,-,-,-,-,-
1834173,Entregas Finalizadas Fora de Manaus,8,-,-,2025-07-16 23:21:38,16/07/2025 23:21,-,-,-,-,-,-,-
1834163,Entregas Finalizadas Fora de Manaus,8,-,-,2025-07-16 23:55:47,16/07/2025 23:55,-,-,-,-,-,-,-
1834151,Vendedor - Nova Encomenda,1,-,-,2025-07-15 18:51:59,15/07/2025 18:51,-,-,-,-,-,-,-
1834133,Entregas Finalizadas Fora de Manaus,8,-,-,2025-07-16 12:28:40,16/07/2025 12:28,-,-,-,-,-,-,-
1834130,Entregas Finalizadas Fora de Manaus,8,-,-,2025-07-16 13:00:01,16/07/2025 13:00,-,-,-,-,-,-,-
1834107,Entregas Finalizadas Fora de Manaus,8,-,-,2025-07-18 23:28:02,18/07/2025 23:28,-,-,-,-,-,-,-
1834102,Entregas Finalizadas Manaus,6,-,-,2025-07-16 09:47:43,16/07/2025 09:47,-,-,-,-,-,-,-
1834038,Vendedor - Nova Encomenda,1,-,-,2025-07-15 17:37:01,15/07/2025 17:37,-,-,-,-,-,-,-
1833963,Entregas Finalizadas Fora de Manaus,8,-,-,2025-07-16 13:16:08,16/07/2025 13:16,-,-,-,-,-,-,-
1833952,Entregas Finalizadas Manaus,6,-,-,2025-07-16 09:27:04,16/07/2025 09:27,-,-,-,-,-,-,-
1833943,Entregas Finalizadas Manaus,6,-,-,2025-07-16 09:11:29,16/07/2025 09:11,-,-,-,-,-,-,-
1833916,Entregas Finalizadas Fora de Manaus,8,-,-,2025-07-16 12:57:51,16/07/2025 12:57,-,-,-,-,-,-,-
1833872,Entregas Finalizadas Manaus,6,-,-,2025-07-16 09:41:43,16/07/2025 09:41,-,-,-,-,-,-,-
1833834,Entregas Finalizadas Fora de Manaus,8,-,-,2025-07-16 13:28:14,16/07/2025 13:28,-,-,-,-,-,-,-
1833651,Entregas Finalizadas Manaus,6,-,-,2025-07-16 09:57:12,16/07/2025 09:57,-,-,-,-,-,-,-
1833238,Entregas Finalizadas Fora de Manaus,8,-,-,2025-07-15 22:26:53,15/07/2025 22:26,-,-,-,-,-,-,-
1833206,Entregas Finalizadas Fora de Manaus,8,-,-,2025-07-16 12:30:18,16/07/2025 12:30,-,-,-,-,-,-,-
1833022,Entregas Finalizadas Fora de Manaus,8,-,-,2025-07-15 17:38:51,15/07/2025 17:38,-,-,-,-,-,-,-
1832983,Vendedor - Nova Encomenda,1,-,-,2025-07-15 15:04:04,15/07/2025 15:04,-,-,-,-,-,-,-
1832873,Entregas Finalizadas Fora de Manaus,8,-,-,2025-07-15 22:23:47,15/07/2025 22:23,-,-,-,-,-,-,-
1832862,Entregas Finalizadas Fora de Manaus,8,-,-,2025-07-16 14:27:28,16/07/2025 14:27,-,-,-,-,-,-,-
1832763,Entregas Finalizadas Fora de Manaus,8,-,-,2025-07-24 18:02:03,24/07/2025 18:02,-,-,-,-,-,-,-
1832650,Entregas Finalizadas Fora de Manaus,8,-,-,2025-07-15 18:34:41,15/07/2025 18:34,-,-,-,-,-,-,-
1832624,Vendedor - Nova Encomenda,1,-,-,2025-07-15 14:31:28,15/07/2025 14:31,-,-,-,-,-,-,-
1832567,Entregas Finalizadas Fora de Manaus,8,-,-,2025-07-16 23:53:02,16/07/2025 23:53,-,-,-,-,-,-,-
1832552,Entregas Finalizadas Manaus,6,-,-,2025-07-15 18:07:36,15/07/2025 18:07,-,-,-,-,-,-,-
1832521,Entregas Finalizadas Fora de Manaus,8,-,-,2025-07-15 22:28:36,15/07/2025 22:28,-,-,-,-,-,-,-
1832519,Entregas Finalizadas Manaus,6,-,-,2025-07-15 15:42:16,15/07/2025 15:42,-,-,-,-,-,-,-
1832512,Entregas Finalizadas Manaus,6,-,-,2025-07-15 18:00:30,15/07/2025 18:00,-,-,-,-,-,-,-
1832471,Entregas Finalizadas Manaus,6,-,-,2025-07-15 18:16:47,15/07/2025 18:16,-,-,-,-,-,-,-
1832434,Entregas Finalizadas Fora de Manaus,8,-,-,2025-07-16 23:19:42,16/07/2025 23:19,-,-,-,-,-,-,-
1832430,Entregas Finalizadas Manaus,6,-,-,2025-07-15 14:17:43,15/07/2025 14:17,-,-,-,-,-,-,-
1832428,Entregas Finalizadas Fora de Manaus,8,-,-,2025-07-15 21:46:33,15/07/2025 21:46,-,-,-,-,-,-,-
1832424,Vendedor - Nova Encomenda,1,-,-,2025-07-15 13:54:03,15/07/2025 13:54,-,-,-,-,-,-,-
1832418,Entregas Finalizadas Fora de Manaus,8,-,-,2025-07-15 17:33:38,15/07/2025 17:33,-,-,-,-,-,-,-
1832405,Entregas Finalizadas Fora de Manaus,8,-,-,2025-07-15 22:46:13,15/07/2025 22:46,-,-,-,-,-,-,-
1832388,Entregas Finalizadas Fora de Manaus,8,-,-,2025-07-17 21:23:55,17/07/2025 21:23,-,-,-,-,-,-,-
1832376,Entregas Finalizadas Fora de Manaus,8,-,-,2025-07-16 14:23:51,16/07/2025 14:23,-,-,-,-,-,-,-
1832374,Entregas Finalizadas Fora de Manaus,8,-,-,2025-07-16 14:01:12,16/07/2025 14:01,-,-,-,-,-,-,-
1832372,Entregas Finalizadas Manaus,6,-,-,2025-07-16 09:22:55,16/07/2025 09:22,-,-,-,-,-,-,-
1832367,Entregas Finalizadas Fora de Manaus,8,-,-,2025-07-15 22:31:36,15/07/2025 22:31,-,-,-,-,-,-,-
1832246,Entregas Finalizadas Fora de Manaus,8,-,-,2025-07-15 21:37:00,15/07/2025 21:37,-,-,-,-,-,-,-
1832238,Entregas Finalizadas Fora de Manaus,8,-,-,2025-07-15 22:20:42,15/07/2025 22:20,-,-,-,-,-,-,-
1832110,Entregas Finalizadas Fora de Manaus,8,-,-,2025-07-15 22:19:04,15/07/2025 22:19,-,-,-,-,-,-,-
1832072,Entregas Finalizadas Fora de Manaus,8,-,-,2025-07-15 13:05:43,15/07/2025 13:05,-,-,-,-,-,-,-
1832064,Entregas Finalizadas Fora de Manaus,8,-,-,2025-07-15 17:37:36,15/07/2025 17:37,-,-,-,-,-,-,-
1832027,Entregas Finalizadas Fora de Manaus,8,-,-,2025-07-22 00:26:52,22/07/2025 00:26,-,-,-,-,-,-,-
1832020,Entregas Finalizadas Fora de Manaus,8,-,-,2025-07-16 12:55:54,16/07/2025 12:55,-,-,-,-,-,-,-
1832014,Entregas Finalizadas Manaus,6,-,-,2025-07-15 12:46:59,15/07/2025 12:46,-,-,-,-,-,-,-
1831985,Entregas Finalizadas Fora de Manaus,8,-,-,2025-07-15 22:06:22,15/07/2025 22:06,-,-,-,-,-,-,-
1831973,Entregas Finalizadas Fora de Manaus,8,-,-,2025-07-15 22:36:29,15/07/2025 22:36,-,-,-,-,-,-,-
1831955,Entregas Finalizadas Fora de Manaus,8,-,-,2025-07-21 22:48:46,21/07/2025 22:48,-,-,-,-,-,-,-
1831927,Entregas Finalizadas Fora de Manaus,8,-,-,2025-07-22 00:31:11,22/07/2025 00:31,-,-,-,-,-,-,-
1831912,Entregas Finalizadas Fora de Manaus,8,-,-,2025-07-17 21:42:26,17/07/2025 21:42,-,-,-,-,-,-,-
1831910,Vendedor - Nova Encomenda,1,-,-,2025-07-15 10:16:35,15/07/2025 10:16,-,-,-,-,-,-,-
1831898,Entregas Finalizadas Fora de Manaus,8,-,-,2025-07-15 13:45:41,15/07/2025 13:45,-,-,-,-,-,-,-
1831892,Entregas Finalizadas Fora de Manaus,8,-,-,2025-07-15 22:50:58,15/07/2025 22:50,-,-,-,-,-,-,-
1831843,Entregas Finalizadas Fora de Manaus,8,-,-,2025-07-15 13:56:19,15/07/2025 13:56,-,-,-,-,-,-,-
1831837,Entregas Finalizadas Fora de Manaus,8,-,-,2025-07-16 13:25:11,16/07/2025 13:25,-,-,-,-,-,-,-
1831833,Entregas Finalizadas Fora de Manaus,8,-,-,2025-07-15 22:09:02,15/07/2025 22:09,-,-,-,-,-,-,-
1831824,Entregas Finalizadas Fora de Manaus,8,-,-,2025-07-15 22:22:30,15/07/2025 22:22,-,-,-,-,-,-,-
1831812,Entregas Finalizadas Fora de Manaus,8,-,-,2025-07-17 21:28:00,17/07/2025 21:28,-,-,-,-,-,-,-
1831789,Entregas Finalizadas Fora de Manaus,8,-,-,2025-07-15 13:16:36,15/07/2025 13:16,-,-,-,-,-,-,-
1831786,Entregas Finalizadas Manaus,6,-,-,2025-07-15 13:47:32,15/07/2025 13:47,-,-,-,-,-,-,-
1831436,Entregas Finalizadas Fora de Manaus,8,-,-,2025-07-15 21:49:15,15/07/2025 21:49,-,-,-,-,-,-,-
1831433,Entregas Finalizadas Fora de Manaus,8,-,-,2025-07-15 21:56:46,15/07/2025 21:56,-,-,-,-,-,-,-
1831419,Entregas Finalizadas Fora de Manaus,8,-,-,2025-07-15 22:41:52,15/07/2025 22:41,-,-,-,-,-,-,-
1831409,Entregas Finalizadas Fora de Manaus,8,-,-,2025-07-15 21:52:28,15/07/2025 21:52,-,-,-,-,-,-,-
1831365,Vendedor - Nova Encomenda,1,-,-,2025-07-14 17:53:08,14/07/2025 17:53,-,-,-,-,-,-,-
1831323,Vendedor - Nova Encomenda,1,-,-,2025-07-14 17:31:41,14/07/2025 17:31,-,-,-,-,-,-,-
1831292,Entregas Finalizadas Fora de Manaus,8,-,-,2025-07-15 13:54:34,15/07/2025 13:54,-,-,-,-,-,-,-
1831279,Entregas Finalizadas Fora de Manaus,8,-,-,2025-07-16 12:54:10,16/07/2025 12:54,-,-,-,-,-,-,-
1831268,Vendedor - Nova Encomenda,1,-,-,2025-07-14 17:01:24,14/07/2025 17:01,-,-,-,-,-,-,-
1831265,Entregas Finalizadas Fora de Manaus,8,-,-,2025-07-15 22:33:08,15/07/2025 22:33,-,-,-,-,-,-,-
1831215,Entregas Finalizadas Fora de Manaus,8,-,-,2025-07-15 12:53:52,15/07/2025 12:53,-,-,-,-,-,-,-
1831200,Entregas Finalizadas Fora de Manaus,8,-,-,2025-07-15 22:39:14,15/07/2025 22:39,-,-,-,-,-,-,-
1831190,Entregas Finalizadas Manaus,6,-,-,2025-07-14 19:31:36,14/07/2025 19:31,-,-,-,-,-,-,-
1831178,Entregas Finalizadas Manaus,6,-,-,2025-07-14 18:25:15,14/07/2025 18:25,-,-,-,-,-,-,-
1831142,Entregas Finalizadas Manaus,6,-,-,2025-07-14 17:17:47,14/07/2025 17:17,-,-,-,-,-,-,-
1831127,Entregas Finalizadas Manaus,6,-,-,2025-07-14 17:41:23,14/07/2025 17:41,-,-,-,-,-,-,-
1831109,Entregas Finalizadas Manaus,6,-,-,2025-07-14 18:03:55,14/07/2025 18:03,-,-,-,-,-,-,-
1831097,Entregas Finalizadas Manaus,6,-,-,2025-07-14 18:44:34,14/07/2025 18:44,-,-,-,-,-,-,-
1831078,Entregas Finalizadas Manaus,6,-,-,2025-07-15 20:08:36,15/07/2025 20:08,-,-,-,-,-,-,-
1831049,Entregas Finalizadas Fora de Manaus,8,-,-,2025-07-15 01:37:39,15/07/2025 01:37,-,-,-,-,-,-,-
1831041,Entregas Finalizadas Manaus,6,-,-,2025-07-14 18:45:43,14/07/2025 18:45,-,-,-,-,-,-,-
1830998,Entregas Finalizadas Fora de Manaus,8,-,-,2025-07-15 08:47:29,15/07/2025 08:47,-,-,-,-,-,-,-
1830985,Entregas Finalizadas Fora de Manaus,8,-,-,2025-07-15 01:43:45,15/07/2025 01:43,-,-,-,-,-,-,-
1830967,Entregas Finalizadas Manaus,6,-,-,2025-07-14 17:41:14,14/07/2025 17:41,-,-,-,-,-,-,-
1830824,Entregas Finalizadas Fora de Manaus,8,-,-,2025-07-15 12:51:49,15/07/2025 12:51,-,-,-,-,-,-,-
1830727,Entregas Finalizadas Manaus,6,-,-,2025-07-14 16:48:40,14/07/2025 16:48,-,-,-,-,-,-,-
1830710,Entregas Finalizadas Fora de Manaus,8,-,-,2025-07-15 08:42:23,15/07/2025 08:42,-,-,-,-,-,-,-
1830643,Entregas Finalizadas Fora de Manaus,8,-,-,2025-07-14 16:48:36,14/07/2025 16:48,-,-,-,-,-,-,-
1830613,Entregas Finalizadas Fora de Manaus,8,-,-,2025-07-15 08:43:52,15/07/2025 08:43,-,-,-,-,-,-,-
1830574,Entregas Finalizadas Manaus,6,-,-,2025-07-15 19:35:42,15/07/2025 19:35,-,-,-,-,-,-,-
1830547,Vendedor - Nova Encomenda,1,-,-,2025-07-14 12:11:10,14/07/2025 12:11,-,-,-,-,-,-,-
1830504,Entregas Finalizadas Manaus,6,-,-,2025-07-14 13:46:40,14/07/2025 13:46,-,-,-,-,-,-,-
1830491,Entregas Finalizadas Fora de Manaus,8,-,-,2025-07-14 12:56:08,14/07/2025 12:56,-,-,-,-,-,-,-
1830489,Entregas Finalizadas Fora de Manaus,8,-,-,2025-07-15 01:19:25,15/07/2025 01:19,-,-,-,-,-,-,-
1830485,Entregas Finalizadas Fora de Manaus,8,-,-,2025-07-15 22:03:02,15/07/2025 22:03,-,-,-,-,-,-,-
1830406,Entregas Finalizadas Fora de Manaus,8,-,-,2025-07-15 08:18:25,15/07/2025 08:18,-,-,-,-,-,-,-
1830345,Entregas Finalizadas Manaus,6,-,-,2025-07-14 19:18:26,14/07/2025 19:18,-,-,-,-,-,-,-
1830342,Entregas Finalizadas Fora de Manaus,8,-,-,2025-07-15 01:21:27,15/07/2025 01:21,-,-,-,-,-,-,-
1830334,Entregas Finalizadas Fora de Manaus,8,-,-,2025-07-15 21:59:50,15/07/2025 21:59,-,-,-,-,-,-,-
1830127,Entregas Finalizadas Fora de Manaus,8,-,-,2025-07-14 14:00:21,14/07/2025 14:00,-,-,-,-,-,-,-
1830120,Entregas Finalizadas Fora de Manaus,8,-,-,2025-07-15 13:58:10,15/07/2025 13:58,-,-,-,-,-,-,-
1830118,Entregas Finalizadas Fora de Manaus,8,-,-,2025-07-15 21:25:51,15/07/2025 21:25,-,-,-,-,-,-,-
1830072,Entregas Finalizadas Fora de Manaus,8,-,-,2025-07-15 08:21:41,15/07/2025 08:21,-,-,-,-,-,-,-
1829910,Entregas Finalizadas Fora de Manaus,8,-,-,2025-07-14 14:59:01,14/07/2025 14:59,-,-,-,-,-,-,-
1829888,Vendedor - Nova Encomenda,1,-,-,2025-07-14 09:25:09,14/07/2025 09:25,-,-,-,-,-,-,-
1829866,Entregas Finalizadas Fora de Manaus,8,-,-,2025-07-15 09:40:46,15/07/2025 09:40,-,-,-,-,-,-,-
1829783,Entregas Finalizadas Fora de Manaus,8,-,-,2025-07-15 08:45:25,15/07/2025 08:45,-,-,-,-,-,-,-
1829697,Entregas Finalizadas Manaus,6,-,-,2025-07-14 14:20:00,14/07/2025 14:20,-,-,-,-,-,-,-
1829678,Entregas Finalizadas Fora de Manaus,8,-,-,2025-07-15 22:48:51,15/07/2025 22:48,-,-,-,-,-,-,-
1829674,Entregas Finalizadas Fora de Manaus,8,-,-,2025-07-14 13:46:05,14/07/2025 13:46,-,-,-,-,-,-,-
1829329,Entregas Finalizadas Fora de Manaus,8,-,-,2025-07-14 13:59:43,14/07/2025 13:59,-,-,-,-,-,-,-
1828616,Entregas Finalizadas Fora de Manaus,8,-,-,2025-07-12 16:48:28,12/07/2025 16:48,-,-,-,-,-,-,-
1828498,Entregas Finalizadas Fora de Manaus,8,-,-,2025-07-15 01:26:01,15/07/2025 01:26,-,-,-,-,-,-,-
1828490,Entregas Finalizadas Manaus,6,-,-,2025-07-12 15:40:58,12/07/2025 15:40,-,-,-,-,-,-,-
1828468,Entregas Finalizadas Manaus,6,-,-,2025-07-12 14:32:02,12/07/2025 14:32,-,-,-,-,-,-,-
1828453,Vendedor - Nova Encomenda,1,-,-,2025-07-12 11:47:10,12/07/2025 11:47,-,-,-,-,-,-,-
1828449,Vendedor - Nova Encomenda,1,-,-,2025-07-12 11:45:13,12/07/2025 11:45,-,-,-,-,-,-,-
1828434,Entregas Finalizadas Fora de Manaus,8,-,-,2025-07-15 08:31:04,15/07/2025 08:31,-,-,-,-,-,-,-
1828426,Entregas Finalizadas Manaus,6,-,-,2025-07-12 13:34:31,12/07/2025 13:34,-,-,-,-,-,-,-
1828424,Entregas Finalizadas Fora de Manaus,8,-,-,2025-07-12 13:15:38,12/07/2025 13:15,-,-,-,-,-,-,-
1828418,Entregas Finalizadas Fora de Manaus,8,-,-,2025-07-12 12:13:59,12/07/2025 12:13,-,-,-,-,-,-,-
1828412,Entregas Finalizadas Fora de Manaus,8,-,-,2025-07-14 14:27:38,14/07/2025 14:27,-,-,-,-,-,-,-
1828402,Entregas Finalizadas Manaus,6,-,-,2025-07-12 11:36:14,12/07/2025 11:36,-,-,-,-,-,-,-
1828398,Entregas Finalizadas Fora de Manaus,8,-,-,2025-07-14 10:12:21,14/07/2025 10:12,-,-,-,-,-,-,-
1828352,Entregas Finalizadas Fora de Manaus,8,-,-,2025-07-14 14:56:47,14/07/2025 14:56,-,-,-,-,-,-,-
1828349,Entregas Finalizadas Manaus,6,-,-,2025-07-12 13:59:12,12/07/2025 13:59,-,-,-,-,-,-,-
1828338,Entregas Finalizadas Manaus,6,-,-,2025-07-12 11:27:33,12/07/2025 11:27,-,-,-,-,-,-,-
1828329,Entregas Finalizadas Fora de Manaus,8,-,-,2025-07-14 14:29:19,14/07/2025 14:29,-,-,-,-,-,-,-
1828327,Entregas Finalizadas Fora de Manaus,8,-,-,2025-07-12 13:21:48,12/07/2025 13:21,-,-,-,-,-,-,-
1828236,Vendedor - Nova Encomenda,1,-,-,2025-07-11 22:29:49,11/07/2025 22:29,-,-,-,-,-,-,-
1828162,Entregas Finalizadas Manaus,6,-,-,2025-07-12 09:38:07,12/07/2025 09:38,-,-,-,-,-,-,-
1828143,Entregas Finalizadas Manaus,6,-,-,2025-07-12 09:12:35,12/07/2025 09:12,-,-,-,-,-,-,-
1828126,Entregas Finalizadas Manaus,6,-,-,2025-07-12 14:47:07,12/07/2025 14:47,-,-,-,-,-,-,-
1828108,Entregas Finalizadas Manaus,6,-,-,2025-07-12 16:45:15,12/07/2025 16:45,-,-,-,-,-,-,-
1828103,Entregas Finalizadas Fora de Manaus,8,-,-,2025-07-14 14:43:38,14/07/2025 14:43,-,-,-,-,-,-,-
1828097,Entregas Finalizadas Manaus,6,-,-,2025-07-12 16:06:42,12/07/2025 16:06,-,-,-,-,-,-,-
1828089,Entregas Finalizadas Fora de Manaus,8,-,-,2025-07-14 14:57:58,14/07/2025 14:57,-,-,-,-,-,-,-
1828069,Entregas Finalizadas Fora de Manaus,8,-,-,2025-07-15 17:29:28,15/07/2025 17:29,-,-,-,-,-,-,-
1828026,Entregas Finalizadas Manaus,6,-,-,2025-07-11 19:46:31,11/07/2025 19:46,-,-,-,-,-,-,-
1828001,Entregas Finalizadas Fora de Manaus,8,-,-,2025-07-14 15:10:24,14/07/2025 15:10,-,-,-,-,-,-,-
1827993,Logística - Despacho da Encomenda,2,-,00:00 Horas,2025-07-12 12:00:51,12/07/2025 12:00,-,12/07/2025 12:00,-,-,-,-,-
1827985,Entregas Finalizadas Fora de Manaus,8,-,-,2025-07-15 22:53:26,15/07/2025 22:53,-,-,-,-,-,-,-
1827861,Entregas Finalizadas Manaus,6,-,-,2025-07-12 14:22:28,12/07/2025 14:22,-,-,-,-,-,-,-
1827784,Entregas Finalizadas Manaus,6,-,-,2025-07-12 13:50:46,12/07/2025 13:50,-,-,-,-,-,-,-
1827674,Entregas Finalizadas Manaus,6,-,-,2025-07-11 18:06:24,11/07/2025 18:06,-,-,-,-,-,-,-
1827657,Entregas Finalizadas Fora de Manaus,8,-,-,2025-07-15 21:40:42,15/07/2025 21:40,-,-,-,-,-,-,-
1827610,Entregas Finalizadas Fora de Manaus,8,-,-,2025-07-15 22:30:23,15/07/2025 22:30,-,-,-,-,-,-,-
1827595,Entregas Finalizadas Fora de Manaus,8,-,-,2025-07-12 10:21:24,12/07/2025 10:21,-,-,-,-,-,-,-
1827572,Entregas Finalizadas Fora de Manaus,8,-,-,2025-07-11 21:49:46,11/07/2025 21:49,-,-,-,-,-,-,-
1827555,Entregas Finalizadas Fora de Manaus,8,-,-,2025-07-11 21:47:29,11/07/2025 21:47,-,-,-,-,-,-,-
1827551,Vendedor - Nova Encomenda,1,-,-,2025-07-11 14:19:32,11/07/2025 14:19,-,-,-,-,-,-,-
1827537,Entregas Finalizadas Manaus,6,-,-,2025-07-11 17:48:54,11/07/2025 17:48,-,-,-,-,-,-,-
1827523,Entregas Finalizadas Fora de Manaus,8,-,-,2025-07-14 13:21:38,14/07/2025 13:21,-,-,-,-,-,-,-
1827503,Entregas Finalizadas Fora de Manaus,8,-,-,2025-07-11 21:42:02,11/07/2025 21:42,-,-,-,-,-,-,-
1827481,Entregas Finalizadas Fora de Manaus,8,-,-,2025-07-11 17:24:27,11/07/2025 17:24,-,-,-,-,-,-,-
1827458,Entregas Finalizadas Fora de Manaus,8,-,-,2025-07-15 17:26:50,15/07/2025 17:26,-,-,-,-,-,-,-
1827455,Entregas Finalizadas Fora de Manaus,8,-,-,2025-07-11 22:06:39,11/07/2025 22:06,-,-,-,-,-,-,-
1827426,Entregas Finalizadas Fora de Manaus,8,-,-,2025-07-11 17:13:48,11/07/2025 17:13,-,-,-,-,-,-,-
1827386,Entregas Finalizadas Fora de Manaus,8,-,-,2025-07-11 17:04:28,11/07/2025 17:04,-,-,-,-,-,-,-
1827384,Entregas Finalizadas Manaus,6,-,-,2025-07-11 17:05:27,11/07/2025 17:05,-,-,-,-,-,-,-
1827376,Entregas Finalizadas Fora de Manaus,8,-,-,2025-07-22 00:36:40,22/07/2025 00:36,-,-,-,-,-,-,-
1827371,Entregas Finalizadas Fora de Manaus,8,-,-,2025-07-12 10:27:21,12/07/2025 10:27,-,-,-,-,-,-,-
1827350,Entregas Finalizadas Fora de Manaus,8,-,-,2025-07-12 15:27:08,12/07/2025 15:27,-,-,-,-,-,-,-
1827280,Entregas Finalizadas Fora de Manaus,8,-,-,2025-07-11 18:24:49,11/07/2025 18:24,-,-,-,-,-,-,-
1827274,Entregas Finalizadas Fora de Manaus,8,-,-,2025-07-11 13:25:25,11/07/2025 13:25,-,-,-,-,-,-,-
1827227,Entregas Finalizadas Fora de Manaus,8,-,-,2025-07-11 21:25:58,11/07/2025 21:25,-,-,-,-,-,-,-
1827216,Entregas Finalizadas Fora de Manaus,8,-,-,2025-07-11 21:57:15,11/07/2025 21:57,-,-,-,-,-,-,-
1827006,Vendedor - Nova Encomenda,1,-,-,2025-07-11 10:53:29,11/07/2025 10:53,-,-,-,-,-,-,-
1826969,Entregas Finalizadas Fora de Manaus,8,-,-,2025-07-12 08:49:34,12/07/2025 08:49,-,-,-,-,-,-,-
1826771,Entregas Finalizadas Manaus,6,-,-,2025-07-11 15:43:38,11/07/2025 15:43,-,-,-,-,-,-,-
1826619,Entregas Finalizadas Manaus,6,-,-,2025-07-11 18:20:15,11/07/2025 18:20,-,-,-,-,-,-,-
1826445,Entregas Finalizadas Fora de Manaus,8,-,-,2025-07-11 22:05:16,11/07/2025 22:05,-,-,-,-,-,-,-
1826434,Entregas Finalizadas Fora de Manaus,8,-,-,2025-07-14 13:08:14,14/07/2025 13:08,-,-,-,-,-,-,-
1826281,Vendedor - Nova Encomenda,1,-,-,2025-07-11 09:16:24,11/07/2025 09:16,-,-,-,-,-,-,-
1826201,Entregas Finalizadas Fora de Manaus,8,-,-,2025-07-11 21:58:45,11/07/2025 21:58,-,-,-,-,-,-,-
1826194,Entregas Finalizadas Fora de Manaus,8,-,-,2025-07-11 21:32:11,11/07/2025 21:32,-,-,-,-,-,-,-
1826071,Entregas Finalizadas Manaus,6,-,-,2025-07-11 13:27:03,11/07/2025 13:27,-,-,-,-,-,-,-
1825919,Entregas Finalizadas Fora de Manaus,8,-,-,2025-07-11 13:58:24,11/07/2025 13:58,-,-,-,-,-,-,-
1825901,Entregas Finalizadas Manaus,6,-,-,2025-07-11 17:03:11,11/07/2025 17:03,-,-,-,-,-,-,-
1825894,Entregas Finalizadas Fora de Manaus,8,-,-,2025-07-11 13:57:09,11/07/2025 13:57,-,-,-,-,-,-,-
1825892,Entregas Finalizadas Fora de Manaus,8,-,-,2025-07-11 21:45:39,11/07/2025 21:45,-,-,-,-,-,-,-
1825889,Entregas Finalizadas Fora de Manaus,8,-,-,2025-07-11 21:39:54,11/07/2025 21:39,-,-,-,-,-,-,-
1825887,Entregas Finalizadas Fora de Manaus,8,-,-,2025-07-15 08:33:16,15/07/2025 08:33,-,-,-,-,-,-,-
1825876,Entregas Finalizadas Fora de Manaus,8,-,-,2025-07-11 13:02:53,11/07/2025 13:02,-,-,-,-,-,-,-
1825777,Entregas Finalizadas Fora de Manaus,8,-,-,2025-07-11 09:19:28,11/07/2025 09:19,-,-,-,-,-,-,-
1825763,Vendedor - Nova Encomenda,1,-,-,2025-07-10 17:24:48,10/07/2025 17:24,-,-,-,-,-,-,-
1825718,Entregas Finalizadas Fora de Manaus,8,-,-,2025-07-11 14:01:53,11/07/2025 14:01,-,-,-,-,-,-,-
1825686,Entregas Finalizadas Fora de Manaus,8,-,-,2025-07-11 13:08:37,11/07/2025 13:08,-,-,-,-,-,-,-
1825678,Entregas Finalizadas Manaus,6,-,-,2025-07-10 18:58:41,10/07/2025 18:58,-,-,-,-,-,-,-
1825675,Entregas Finalizadas Fora de Manaus,8,-,-,2025-07-10 17:54:41,10/07/2025 17:54,-,-,-,-,-,-,-
1825605,Entregas Finalizadas Manaus,6,-,-,2025-07-11 14:54:42,11/07/2025 14:54,-,-,-,-,-,-,-
1825342,Entregas Finalizadas Manaus,6,-,-,2025-07-10 18:37:09,10/07/2025 18:37,-,-,-,-,-,-,-
1825320,Entregas Finalizadas Manaus,6,-,-,2025-07-10 18:07:03,10/07/2025 18:07,-,-,-,-,-,-,-
1825287,Entregas Finalizadas Fora de Manaus,8,-,-,2025-07-10 18:59:10,10/07/2025 18:59,-,-,-,-,-,-,-
1825210,Entregas Finalizadas Fora de Manaus,8,-,-,2025-07-11 13:47:02,11/07/2025 13:47,-,-,-,-,-,-,-
1825120,Entregas Finalizadas Fora de Manaus,8,-,-,2025-07-11 21:35:35,11/07/2025 21:35,-,-,-,-,-,-,-
1825053,Entregas Finalizadas Manaus,6,-,-,2025-07-11 18:04:22,11/07/2025 18:04,-,-,-,-,-,-,-
1825038,Entregas Finalizadas Manaus,6,-,-,2025-07-10 19:33:26,10/07/2025 19:33,-,-,-,-,-,-,-
1824923,Entregas Finalizadas Fora de Manaus,8,-,-,2025-07-11 14:00:02,11/07/2025 14:00,-,-,-,-,-,-,-
1824817,Entregas Finalizadas Manaus,6,-,-,2025-07-10 17:31:44,10/07/2025 17:31,-,-,-,-,-,-,-
1824777,Entregas Finalizadas Manaus,6,-,-,2025-07-11 09:35:45,11/07/2025 09:35,-,-,-,-,-,-,-
1824674,Entregas Finalizadas Manaus,6,-,-,2025-07-11 13:57:54,11/07/2025 13:57,-,-,-,-,-,-,-
1824653,Entregas Finalizadas Fora de Manaus,8,-,-,2025-07-10 18:49:14,10/07/2025 18:49,-,-,-,-,-,-,-
1824633,Entregas Finalizadas Fora de Manaus,8,-,-,2025-07-10 19:14:03,10/07/2025 19:14,-,-,-,-,-,-,-
1824613,Entregas Finalizadas Manaus,6,-,-,2025-07-10 14:06:20,10/07/2025 14:06,-,-,-,-,-,-,-
1824597,Vendedor - Nova Encomenda,1,-,-,2025-07-10 12:13:01,10/07/2025 12:13,-,-,-,-,-,-,-
1824543,Entregas Finalizadas Fora de Manaus,8,-,-,2025-07-10 18:38:54,10/07/2025 18:38,-,-,-,-,-,-,-
1824537,Entregas Finalizadas Manaus,6,-,-,2025-07-10 20:28:05,10/07/2025 20:28,-,-,-,-,-,-,-
1824508,Entregas Finalizadas Fora de Manaus,8,-,-,2025-07-10 18:56:55,10/07/2025 18:56,-,-,-,-,-,-,-
1824391,Entregas Finalizadas Fora de Manaus,8,-,-,2025-07-10 17:52:49,10/07/2025 17:52,-,-,-,-,-,-,-
1824303,Entregas Finalizadas Fora de Manaus,8,-,-,2025-07-10 13:47:33,10/07/2025 13:47,-,-,-,-,-,-,-
1824137,Entregas Finalizadas Fora de Manaus,8,-,-,2025-07-10 14:03:18,10/07/2025 14:03,-,-,-,-,-,-,-
1824046,Entregas Finalizadas Fora de Manaus,8,-,-,2025-07-11 13:42:45,11/07/2025 13:42,-,-,-,-,-,-,-
1823977,Entregas Finalizadas Manaus,6,-,-,2025-07-10 19:34:38,10/07/2025 19:34,-,-,-,-,-,-,-
1823801,Entregas Finalizadas Fora de Manaus,8,-,-,2025-07-10 18:05:28,10/07/2025 18:05,-,-,-,-,-,-,-
1823729,Entregas Finalizadas Fora de Manaus,8,-,-,2025-07-10 18:03:43,10/07/2025 18:03,-,-,-,-,-,-,-
1823714,Entregas Finalizadas Fora de Manaus,8,-,-,2025-07-11 14:03:51,11/07/2025 14:03,-,-,-,-,-,-,-
1823646,Entregas Finalizadas Fora de Manaus,8,-,-,2025-07-10 17:53:51,10/07/2025 17:53,-,-,-,-,-,-,-
1823620,Entregas Finalizadas Fora de Manaus,8,-,-,2025-07-10 12:23:26,10/07/2025 12:23,-,-,-,-,-,-,-
1823607,Entregas Finalizadas Fora de Manaus,8,-,-,2025-07-10 18:43:43,10/07/2025 18:43,-,-,-,-,-,-,-
1823496,Entregas Finalizadas Fora de Manaus,8,-,-,2025-07-10 17:57:33,10/07/2025 17:57,-,-,-,-,-,-,-
1823093,Vendedor - Nova Encomenda,1,-,-,2025-07-09 21:39:01,09/07/2025 21:39,-,-,-,-,-,-,-
1823011,Entregas Finalizadas Fora de Manaus,8,-,-,2025-07-10 18:01:43,10/07/2025 18:01,-,-,-,-,-,-,-
1823004,Entregas Finalizadas Fora de Manaus,8,-,-,2025-07-11 22:09:08,11/07/2025 22:09,-,-,-,-,-,-,-
1822998,Entregas Finalizadas Fora de Manaus,8,-,-,2025-07-11 22:10:50,11/07/2025 22:10,-,-,-,-,-,-,-
1822996,Entregas Finalizadas Manaus,6,-,-,2025-07-11 13:33:27,11/07/2025 13:33,-,-,-,-,-,-,-
1822989,Entregas Finalizadas Fora de Manaus,8,-,-,2025-07-10 18:15:52,10/07/2025 18:15,-,-,-,-,-,-,-
1822983,Entregas Finalizadas Fora de Manaus,8,-,-,2025-07-10 17:58:46,10/07/2025 17:58,-,-,-,-,-,-,-
1822978,Entregas Finalizadas Fora de Manaus,8,-,-,2025-07-10 19:32:02,10/07/2025 19:32,-,-,-,-,-,-,-
1822961,Entregas Finalizadas Fora de Manaus,8,-,-,2025-07-15 21:22:17,15/07/2025 21:22,-,-,-,-,-,-,-
1822940,Entregas Finalizadas Fora de Manaus,8,-,-,2025-07-11 22:12:34,11/07/2025 22:12,-,-,-,-,-,-,-
1822932,Entregas Finalizadas Manaus,6,-,-,2025-07-11 09:13:44,11/07/2025 09:13,-,-,-,-,-,-,-
1822924,Entregas Finalizadas Fora de Manaus,8,-,-,2025-07-17 22:19:24,17/07/2025 22:19,-,-,-,-,-,-,-
1822915,Entregas Finalizadas Fora de Manaus,8,-,-,2025-07-19 13:58:23,19/07/2025 13:58,-,-,-,-,-,-,-
1822909,Entregas Finalizadas Fora de Manaus,8,-,-,2025-07-14 16:46:39,14/07/2025 16:46,-,-,-,-,-,-,-
1822902,Entregas Finalizadas Fora de Manaus,8,-,-,2025-07-11 22:19:33,11/07/2025 22:19,-,-,-,-,-,-,-
1822894,Entregas Finalizadas Fora de Manaus,8,-,-,2025-07-10 11:50:50,10/07/2025 11:50,-,-,-,-,-,-,-
1822881,Entregas Finalizadas Manaus,6,-,-,2025-07-10 14:29:09,10/07/2025 14:29,-,-,-,-,-,-,-
1822843,Vendedor - Nova Encomenda,1,-,-,2025-07-09 17:13:16,09/07/2025 17:13,-,-,-,-,-,-,-
1822839,Vendedor - Nova Encomenda,1,-,-,2025-07-09 17:10:37,09/07/2025 17:10,-,-,-,-,-,-,-
1822831,Entregas Finalizadas Fora de Manaus,8,-,-,2025-07-09 17:42:17,09/07/2025 17:42,-,-,-,-,-,-,-
1822768,Entregas Finalizadas Fora de Manaus,8,-,-,2025-07-11 22:15:49,11/07/2025 22:15,-,-,-,-,-,-,-
1822682,Entregas Finalizadas Fora de Manaus,8,-,-,2025-07-09 17:28:58,09/07/2025 17:28,-,-,-,-,-,-,-
1822553,Entregas Finalizadas Fora de Manaus,8,-,-,2025-07-11 22:17:56,11/07/2025 22:17,-,-,-,-,-,-,-
1822453,Entregas Finalizadas Manaus,6,-,-,2025-07-11 09:15:06,11/07/2025 09:15,-,-,-,-,-,-,-
1822383,Entregas Finalizadas Fora de Manaus,8,-,-,2025-07-09 17:34:02,09/07/2025 17:34,-,-,-,-,-,-,-
1822256,Entregas Finalizadas Manaus,6,-,-,2025-07-09 18:16:32,09/07/2025 18:16,-,-,-,-,-,-,-
1822107,Vendedor - Nova Encomenda,1,-,-,2025-07-09 15:32:57,09/07/2025 15:32,-,-,-,-,-,-,-
1822074,Entregas Finalizadas Fora de Manaus,8,-,-,2025-07-10 18:45:29,10/07/2025 18:45,-,-,-,-,-,-,-
1822049,Entregas Finalizadas Fora de Manaus,8,-,-,2025-07-09 21:50:28,09/07/2025 21:50,-,-,-,-,-,-,-
1822042,Entregas Finalizadas Manaus,6,-,-,2025-07-09 19:43:56,09/07/2025 19:43,-,-,-,-,-,-,-
1822036,Entregas Finalizadas Fora de Manaus,8,-,-,2025-07-10 18:00:10,10/07/2025 18:00,-,-,-,-,-,-,-
1822027,Entregas Finalizadas Manaus,6,-,-,2025-07-09 19:18:18,09/07/2025 19:18,-,-,-,-,-,-,-
1821998,Entregas Finalizadas Manaus,6,-,-,2025-07-10 15:39:11,10/07/2025 15:39,-,-,-,-,-,-,-
1821918,Entregas Finalizadas Fora de Manaus,8,-,-,2025-07-09 21:48:53,09/07/2025 21:48,-,-,-,-,-,-,-
1821902,Entregas Finalizadas Manaus,6,-,-,2025-07-10 14:56:41,10/07/2025 14:56,-,-,-,-,-,-,-
1821855,Entregas Finalizadas Fora de Manaus,8,-,-,2025-07-10 18:50:19,10/07/2025 18:50,-,-,-,-,-,-,-
1821847,Entregas Finalizadas Manaus,6,-,-,2025-07-09 17:43:06,09/07/2025 17:43,-,-,-,-,-,-,-
1821820,Entregas Finalizadas Fora de Manaus,8,-,-,2025-07-10 18:20:24,10/07/2025 18:20,-,-,-,-,-,-,-
1821814,Logística - Despacho da Encomenda,2,-,00:00 Horas,2025-07-09 16:17:48,09/07/2025 16:17,-,09/07/2025 16:17,-,-,-,-,-
1821741,Entregas Finalizadas Fora de Manaus,8,-,-,2025-07-17 16:40:11,17/07/2025 16:40,-,-,-,-,-,-,-
1821732,Entregas Finalizadas Fora de Manaus,8,-,-,2025-07-09 21:58:40,09/07/2025 21:58,-,-,-,-,-,-,-
1821719,Entregas Finalizadas Fora de Manaus,8,-,-,2025-07-09 23:11:01,09/07/2025 23:11,-,-,-,-,-,-,-
1821714,Entregas Finalizadas Fora de Manaus,8,-,-,2025-07-09 23:14:37,09/07/2025 23:14,-,-,-,-,-,-,-
1821669,Entregas Finalizadas Fora de Manaus,8,-,-,2025-07-09 21:55:58,09/07/2025 21:55,-,-,-,-,-,-,-
1821651,Entregas Finalizadas Fora de Manaus,8,-,-,2025-07-09 21:53:34,09/07/2025 21:53,-,-,-,-,-,-,-
1821644,Entregas Finalizadas Manaus,6,-,-,2025-07-09 19:31:13,09/07/2025 19:31,-,-,-,-,-,-,-
1821611,Vendedor - Nova Encomenda,1,-,-,2025-07-09 09:31:08,09/07/2025 09:31,-,-,-,-,-,-,-
1821606,Entregas Finalizadas Fora de Manaus,8,-,-,2025-07-10 17:52:24,10/07/2025 17:52,-,-,-,-,-,-,-
1821591,Entregas Finalizadas Manaus,6,-,-,2025-07-09 14:15:57,09/07/2025 14:15,-,-,-,-,-,-,-
1821375,Entregas Finalizadas Fora de Manaus,8,-,-,2025-07-09 22:00:18,09/07/2025 22:00,-,-,-,-,-,-,-
1821343,Entregas Finalizadas Fora de Manaus,8,-,-,2025-07-09 21:52:02,09/07/2025 21:52,-,-,-,-,-,-,-
1821324,Vendedor - Nova Encomenda,1,-,-,2025-07-08 18:17:22,08/07/2025 18:17,-,-,-,-,-,-,-
1821311,Entregas Finalizadas Manaus,6,-,-,2025-07-09 10:04:49,09/07/2025 10:04,-,-,-,-,-,-,-
1821297,Entregas Finalizadas Fora de Manaus,8,-,-,2025-07-09 23:08:47,09/07/2025 23:08,-,-,-,-,-,-,-
1821023,Entregas Finalizadas Fora de Manaus,8,-,-,2025-07-09 15:03:55,09/07/2025 15:03,-,-,-,-,-,-,-
1821010,Entregas Finalizadas Manaus,6,-,-,2025-07-09 12:42:53,09/07/2025 12:42,-,-,-,-,-,-,-
1820961,Entregas Finalizadas Fora de Manaus,8,-,-,2025-07-08 17:15:41,08/07/2025 17:15,-,-,-,-,-,-,-
1820933,Entregas Finalizadas Manaus,6,-,-,2025-07-08 17:34:02,08/07/2025 17:34,-,-,-,-,-,-,-
1820738,Entregas Finalizadas Fora de Manaus,8,-,-,2025-07-08 18:20:15,08/07/2025 18:20,-,-,-,-,-,-,-
1820692,Entregas Finalizadas Fora de Manaus,8,-,-,2025-07-08 18:15:28,08/07/2025 18:15,-,-,-,-,-,-,-
1820658,Entregas Finalizadas Fora de Manaus,8,-,-,2025-07-08 17:32:01,08/07/2025 17:32,-,-,-,-,-,-,-
1820647,Entregas Finalizadas Fora de Manaus,8,-,-,2025-07-08 17:20:10,08/07/2025 17:20,-,-,-,-,-,-,-
1820635,Entregas Finalizadas Manaus,6,-,-,2025-07-08 18:09:52,08/07/2025 18:09,-,-,-,-,-,-,-
1820587,Entregas Finalizadas Fora de Manaus,8,-,-,2025-07-08 16:45:32,08/07/2025 16:45,-,-,-,-,-,-,-
1820546,Entregas Finalizadas Manaus,6,-,-,2025-07-08 18:39:37,08/07/2025 18:39,-,-,-,-,-,-,-
1820510,Entregas Finalizadas Manaus,6,-,-,2025-07-08 17:12:41,08/07/2025 17:12,-,-,-,-,-,-,-
1820469,Entregas Finalizadas Fora de Manaus,8,-,-,2025-07-08 17:11:45,08/07/2025 17:11,-,-,-,-,-,-,-
1820409,Vendedor - Nova Encomenda,1,-,-,2025-07-08 12:05:50,08/07/2025 12:05,-,-,-,-,-,-,-
1820394,Entregas Finalizadas Manaus,6,-,-,2025-07-08 13:21:07,08/07/2025 13:21,-,-,-,-,-,-,-
1820391,Entregas Finalizadas Fora de Manaus,8,-,-,2025-07-11 21:37:36,11/07/2025 21:37,-,-,-,-,-,-,-
1820383,Vendedor - Nova Encomenda,1,-,-,2025-07-08 11:53:38,08/07/2025 11:53,-,-,-,-,-,-,-
1820347,Entregas Finalizadas Fora de Manaus,8,-,-,2025-07-08 17:21:42,08/07/2025 17:21,-,-,-,-,-,-,-
1820338,Entregas Finalizadas Fora de Manaus,8,-,-,2025-07-08 12:37:07,08/07/2025 12:37,-,-,-,-,-,-,-
1820303,Entregas Finalizadas Fora de Manaus,8,-,-,2025-07-08 17:14:10,08/07/2025 17:14,-,-,-,-,-,-,-
1820284,Entregas Finalizadas Fora de Manaus,8,-,-,2025-07-09 22:10:25,09/07/2025 22:10,-,-,-,-,-,-,-
1820275,Entregas Finalizadas Fora de Manaus,8,-,-,2025-07-08 17:42:28,08/07/2025 17:42,-,-,-,-,-,-,-
1820264,Entregas Finalizadas Fora de Manaus,8,-,-,2025-07-09 17:39:25,09/07/2025 17:39,-,-,-,-,-,-,-
1820212,Entregas Finalizadas Fora de Manaus,8,-,-,2025-07-08 14:29:31,08/07/2025 14:29,-,-,-,-,-,-,-
1820128,Entregas Finalizadas Manaus,6,-,-,2025-07-08 13:18:02,08/07/2025 13:18,-,-,-,-,-,-,-
1820120,Entregas Finalizadas Manaus,6,-,-,2025-07-08 13:42:59,08/07/2025 13:42,-,-,-,-,-,-,-
1819753,Entregas Finalizadas Fora de Manaus,8,-,-,2025-07-08 17:57:26,08/07/2025 17:57,-,-,-,-,-,-,-
1819751,Vendedor - Nova Encomenda,1,-,-,2025-07-07 18:42:08,07/07/2025 18:42,-,-,-,-,-,-,-
1819747,Entregas Finalizadas Fora de Manaus,8,-,-,2025-07-08 17:52:32,08/07/2025 17:52,-,-,-,-,-,-,-
1819743,Entregas Finalizadas Fora de Manaus,8,-,-,2025-07-08 17:54:41,08/07/2025 17:54,-,-,-,-,-,-,-
1819738,Entregas Finalizadas Fora de Manaus,8,-,-,2025-07-08 17:45:29,08/07/2025 17:45,-,-,-,-,-,-,-
1819734,Entregas Finalizadas Fora de Manaus,8,-,-,2025-07-08 14:51:45,08/07/2025 14:51,-,-,-,-,-,-,-
1819732,Entregas Finalizadas Fora de Manaus,8,-,-,2025-07-08 17:50:42,08/07/2025 17:50,-,-,-,-,-,-,-
1819729,Entregas Finalizadas Fora de Manaus,8,-,-,2025-07-09 23:07:08,09/07/2025 23:07,-,-,-,-,-,-,-
1819727,Entregas Finalizadas Fora de Manaus,8,-,-,2025-07-08 18:38:19,08/07/2025 18:38,-,-,-,-,-,-,-
1819698,Entregas Finalizadas Fora de Manaus,8,-,-,2025-07-08 16:53:16,08/07/2025 16:53,-,-,-,-,-,-,-
1819656,Entregas Finalizadas Manaus,6,-,-,2025-07-08 19:08:59,08/07/2025 19:08,-,-,-,-,-,-,-
1819577,Entregas Finalizadas Fora de Manaus,8,-,-,2025-07-08 18:09:15,08/07/2025 18:09,-,-,-,-,-,-,-
1819566,Entregas Finalizadas Fora de Manaus,8,-,-,2025-07-17 22:24:58,17/07/2025 22:24,-,-,-,-,-,-,-
1819552,Vendedor - Nova Encomenda,1,-,-,2025-07-07 16:44:03,07/07/2025 16:44,-,-,-,-,-,-,-
1819448,Entregas Finalizadas Manaus,6,-,-,2025-07-07 17:01:35,07/07/2025 17:01,-,-,-,-,-,-,-
1819439,Entregas Finalizadas Fora de Manaus,8,-,-,2025-07-08 17:47:38,08/07/2025 17:47,-,-,-,-,-,-,-
1819349,Entregas Finalizadas Fora de Manaus,8,-,-,2025-07-07 22:54:14,07/07/2025 22:54,-,-,-,-,-,-,-
1819344,Entregas Finalizadas Fora de Manaus,8,-,-,2025-07-07 22:31:24,07/07/2025 22:31,-,-,-,-,-,-,-
1819319,Entregas Finalizadas Fora de Manaus,8,-,-,2025-07-07 17:24:00,07/07/2025 17:24,-,-,-,-,-,-,-
1819294,Entregas Finalizadas Manaus,6,-,-,2025-07-07 20:28:27,07/07/2025 20:28,-,-,-,-,-,-,-
1819245,Entregas Finalizadas Manaus,6,-,-,2025-07-07 17:17:42,07/07/2025 17:17,-,-,-,-,-,-,-
1819224,Entregas Finalizadas Manaus,6,-,-,2025-07-07 17:57:27,07/07/2025 17:57,-,-,-,-,-,-,-
1819177,Entregas Finalizadas Manaus,6,-,-,2025-07-07 17:47:38,07/07/2025 17:47,-,-,-,-,-,-,-
1819142,Entregas Finalizadas Fora de Manaus,8,-,-,2025-07-16 23:30:32,16/07/2025 23:30,-,-,-,-,-,-,-
1819131,Entregas Finalizadas Fora de Manaus,8,-,-,2025-07-07 17:15:36,07/07/2025 17:15,-,-,-,-,-,-,-
1819101,Vendedor - Nova Encomenda,1,-,-,2025-07-07 13:58:49,07/07/2025 13:58,-,-,-,-,-,-,-
1819096,Entregas Finalizadas Fora de Manaus,8,-,-,2025-07-07 23:00:54,07/07/2025 23:00,-,-,-,-,-,-,-
1819088,Entregas Finalizadas Fora de Manaus,8,-,-,2025-07-07 17:16:56,07/07/2025 17:16,-,-,-,-,-,-,-
1819082,Entregas Finalizadas Manaus,6,-,-,2025-07-09 09:38:24,09/07/2025 09:38,-,-,-,-,-,-,-
1819071,Entregas Finalizadas Fora de Manaus,8,-,-,2025-07-09 21:34:52,09/07/2025 21:34,-,-,-,-,-,-,-
1819052,Entregas Finalizadas Manaus,6,-,-,2025-07-07 18:16:28,07/07/2025 18:16,-,-,-,-,-,-,-
1819042,Entregas Finalizadas Manaus,6,-,-,2025-07-07 17:54:03,07/07/2025 17:54,-,-,-,-,-,-,-
1819011,Entregas Finalizadas Fora de Manaus,8,-,-,2025-07-07 22:55:42,07/07/2025 22:55,-,-,-,-,-,-,-
1818961,Entregas Finalizadas Manaus,6,-,-,2025-07-07 18:49:53,07/07/2025 18:49,-,-,-,-,-,-,-
1818941,Logística - Despacho da Encomenda,2,-,00:00 Horas,2025-07-07 15:05:08,07/07/2025 15:05,-,07/07/2025 15:05,-,-,-,-,-
1818937,Entregas Finalizadas Fora de Manaus,8,-,-,2025-07-10 11:49:15,10/07/2025 11:49,-,-,-,-,-,-,-
1818861,Vendedor - Nova Encomenda,1,-,-,2025-07-07 11:40:23,07/07/2025 11:40,-,-,-,-,-,-,-
1818829,Entregas Finalizadas Fora de Manaus,8,-,-,2025-07-08 17:09:37,08/07/2025 17:09,-,-,-,-,-,-,-
1818821,Entregas Finalizadas Fora de Manaus,8,-,-,2025-07-07 23:15:10,07/07/2025 23:15,-,-,-,-,-,-,-
1818814,Vendedor - Nova Encomenda,1,-,-,2025-07-07 11:14:10,07/07/2025 11:14,-,-,-,-,-,-,-
1818800,Vendedor - Nova Encomenda,1,-,-,2025-07-07 11:06:38,07/07/2025 11:06,-,-,-,-,-,-,-
1818770,Entregas Finalizadas Fora de Manaus,8,-,-,2025-07-07 13:27:58,07/07/2025 13:27,-,-,-,-,-,-,-
1818763,Vendedor - Nova Encomenda,1,-,-,2025-07-07 10:48:58,07/07/2025 10:48,-,-,-,-,-,-,-
1818710,Vendedor - Nova Encomenda,1,-,-,2025-07-07 10:39:06,07/07/2025 10:39,-,-,-,-,-,-,-
1818656,Entregas Finalizadas Manaus,6,-,-,2025-07-07 17:27:42,07/07/2025 17:27,-,-,-,-,-,-,-
1818624,Entregas Finalizadas Fora de Manaus,8,-,-,2025-07-07 23:05:48,07/07/2025 23:05,-,-,-,-,-,-,-
1818465,Entregas Finalizadas Fora de Manaus,8,-,-,2025-07-07 13:20:39,07/07/2025 13:20,-,-,-,-,-,-,-
1818230,Entregas Finalizadas Fora de Manaus,8,-,-,2025-07-07 22:19:07,07/07/2025 22:19,-,-,-,-,-,-,-
1818197,Entregas Finalizadas Fora de Manaus,8,-,-,2025-07-07 15:36:33,07/07/2025 15:36,-,-,-,-,-,-,-
1818152,Entregas Finalizadas Fora de Manaus,8,-,-,2025-07-07 22:57:58,07/07/2025 22:57,-,-,-,-,-,-,-
1818093,Entregas Finalizadas Fora de Manaus,8,-,-,2025-07-07 22:34:17,07/07/2025 22:34,-,-,-,-,-,-,-
1818064,Entregas Finalizadas Fora de Manaus,8,-,-,2025-07-07 22:11:27,07/07/2025 22:11,-,-,-,-,-,-,-
1818031,Entregas Finalizadas Fora de Manaus,8,-,-,2025-07-07 23:17:15,07/07/2025 23:17,-,-,-,-,-,-,-
1817870,Entregas Finalizadas Fora de Manaus,8,-,-,2025-07-07 22:29:49,07/07/2025 22:29,-,-,-,-,-,-,-
1817280,Vendedor - Nova Encomenda,1,-,-,2025-07-05 13:12:47,05/07/2025 13:12,-,-,-,-,-,-,-
1817275,Vendedor - Nova Encomenda,1,-,-,2025-07-05 13:07:28,05/07/2025 13:07,-,-,-,-,-,-,-
1817272,Entregas Finalizadas Fora de Manaus,8,-,-,2025-07-07 15:37:55,07/07/2025 15:37,-,-,-,-,-,-,-
1817266,Entregas Finalizadas Fora de Manaus,8,-,-,2025-07-05 14:29:34,05/07/2025 14:29,-,-,-,-,-,-,-
1817256,Entregas Finalizadas Manaus,6,-,-,2025-07-05 14:16:15,05/07/2025 14:16,-,-,-,-,-,-,-
1817218,Entregas Finalizadas Fora de Manaus,8,-,-,2025-07-09 23:13:12,09/07/2025 23:13,-,-,-,-,-,-,-
1817186,Entregas Finalizadas Fora de Manaus,8,-,-,2025-07-05 13:26:59,05/07/2025 13:26,-,-,-,-,-,-,-
1817180,Entregas Finalizadas Fora de Manaus,8,-,-,2025-07-05 14:31:36,05/07/2025 14:31,-,-,-,-,-,-,-
1817172,Vendedor - Nova Encomenda,1,-,-,2025-07-05 09:38:35,05/07/2025 09:38,-,-,-,-,-,-,-
1817170,Entregas Finalizadas Fora de Manaus,8,-,-,2025-07-05 14:33:01,05/07/2025 14:33,-,-,-,-,-,-,-
1817166,Entregas Finalizadas Fora de Manaus,8,-,-,2025-07-07 22:28:36,07/07/2025 22:28,-,-,-,-,-,-,-
1817106,Vendedor - Nova Encomenda,1,-,-,2025-07-04 21:20:11,04/07/2025 21:20,-,-,-,-,-,-,-
1817098,Vendedor - Nova Encomenda,1,-,-,2025-07-04 20:44:27,04/07/2025 20:44,-,-,-,-,-,-,-
1817096,Vendedor - Nova Encomenda,1,-,-,2025-07-04 20:43:29,04/07/2025 20:43,-,-,-,-,-,-,-
1817035,Entregas Finalizadas Manaus,6,-,-,2025-07-09 09:58:08,09/07/2025 09:58,-,-,-,-,-,-,-
1817031,Vendedor - Nova Encomenda,1,-,-,2025-07-04 19:19:36,04/07/2025 19:19,-,-,-,-,-,-,-
1816996,Vendedor - Nova Encomenda,1,-,-,2025-07-04 18:38:04,04/07/2025 18:38,-,-,-,-,-,-,-
1816982,Entregas Finalizadas Fora de Manaus,8,-,-,2025-07-08 09:49:23,08/07/2025 09:49,-,-,-,-,-,-,-
1816974,Entregas Finalizadas Fora de Manaus,8,-,-,2025-07-07 22:09:16,07/07/2025 22:09,-,-,-,-,-,-,-
1816949,Entregas Finalizadas Manaus,6,-,-,2025-07-05 14:02:10,05/07/2025 14:02,-,-,-,-,-,-,-
1816943,Vendedor - Nova Encomenda,1,-,-,2025-07-04 17:52:41,04/07/2025 17:52,-,-,-,-,-,-,-
1816905,Entregas Finalizadas Fora de Manaus,8,-,-,2025-07-05 13:25:57,05/07/2025 13:25,-,-,-,-,-,-,-
1816901,Entregas Finalizadas Fora de Manaus,8,-,-,2025-07-07 22:12:57,07/07/2025 22:12,-,-,-,-,-,-,-
1816887,Entregas Finalizadas Manaus,6,-,-,2025-07-05 14:52:23,05/07/2025 14:52,-,-,-,-,-,-,-
1816866,Entregas Finalizadas Manaus,6,-,-,2025-07-09 09:47:25,09/07/2025 09:47,-,-,-,-,-,-,-
1816861,Entregas Finalizadas Manaus,6,-,-,2025-07-05 15:42:50,05/07/2025 15:42,-,-,-,-,-,-,-
1816814,Entregas Finalizadas Fora de Manaus,8,-,-,2025-07-08 12:39:54,08/07/2025 12:39,-,-,-,-,-,-,-
1816788,Vendedor - Nova Encomenda,1,-,-,2025-07-04 16:19:03,04/07/2025 16:19,-,-,-,-,-,-,-
1816784,Vendedor - Nova Encomenda,1,-,-,2025-07-04 16:17:55,04/07/2025 16:17,-,-,-,-,-,-,-
1816768,Vendedor - Nova Encomenda,1,-,-,2025-07-04 16:13:20,04/07/2025 16:13,-,-,-,-,-,-,-
1816719,Entregas Finalizadas Fora de Manaus,8,-,-,2025-07-07 23:11:32,07/07/2025 23:11,-,-,-,-,-,-,-
1816681,Entregas Finalizadas Fora de Manaus,8,-,-,2025-07-04 16:45:36,04/07/2025 16:45,-,-,-,-,-,-,-
1816670,Entregas Finalizadas Fora de Manaus,8,-,-,2025-07-07 22:15:37,07/07/2025 22:15,-,-,-,-,-,-,-
1816611,Entregas Finalizadas Manaus,6,-,-,2025-07-04 16:09:22,04/07/2025 16:09,-,-,-,-,-,-,-
1816594,Entregas Finalizadas Manaus,6,-,-,2025-07-07 18:34:31,07/07/2025 18:34,-,-,-,-,-,-,-
1816590,Entregas Finalizadas Manaus,6,-,-,2025-07-05 15:28:01,05/07/2025 15:28,-,-,-,-,-,-,-
1816526,Entregas Finalizadas Fora de Manaus,8,-,-,2025-07-07 11:22:49,07/07/2025 11:22,-,-,-,-,-,-,-
1816519,Entregas Finalizadas Manaus,6,-,-,2025-07-04 18:00:13,04/07/2025 18:00,-,-,-,-,-,-,-
1816472,Entregas Finalizadas Fora de Manaus,8,-,-,2025-07-05 13:29:14,05/07/2025 13:29,-,-,-,-,-,-,-
1816453,Entregas Finalizadas Manaus,6,-,-,2025-07-04 17:12:48,04/07/2025 17:12,-,-,-,-,-,-,-
1816416,Entregas Finalizadas Fora de Manaus,8,-,-,2025-07-05 13:23:35,05/07/2025 13:23,-,-,-,-,-,-,-
1816363,Entregas Finalizadas Fora de Manaus,8,-,-,2025-07-04 13:09:42,04/07/2025 13:09,-,-,-,-,-,-,-
1816342,Entregas Finalizadas Fora de Manaus,8,-,-,2025-07-04 17:05:47,04/07/2025 17:05,-,-,-,-,-,-,-
1816308,Entregas Finalizadas Fora de Manaus,8,-,-,2025-07-04 16:58:48,04/07/2025 16:58,-,-,-,-,-,-,-
1816211,Entregas Finalizadas Fora de Manaus,8,-,-,2025-07-07 22:26:37,07/07/2025 22:26,-,-,-,-,-,-,-
1816154,Entregas Finalizadas Fora de Manaus,8,-,-,2025-07-04 13:06:16,04/07/2025 13:06,-,-,-,-,-,-,-
1816130,Entregas Finalizadas Manaus,6,-,-,2025-07-05 14:07:23,05/07/2025 14:07,-,-,-,-,-,-,-
1816116,Entregas Finalizadas Fora de Manaus,8,-,-,2025-07-07 23:22:47,07/07/2025 23:22,-,-,-,-,-,-,-
1816105,Canceladas,X,lojaedu@mondellebrasil.com.br,-,2025-07-04 09:57:56,04/07/2025 09:57,-,-,-,-,-,-,-
1816065,Entregas Finalizadas Fora de Manaus,8,-,-,2025-07-07 22:17:22,07/07/2025 22:17,-,-,-,-,-,-,-
1815917,Entregas Finalizadas Fora de Manaus,8,-,-,2025-07-04 13:23:12,04/07/2025 13:23,-,-,-,-,-,-,-
1815871,Entregas Finalizadas Fora de Manaus,8,-,-,2025-07-07 13:04:45,07/07/2025 13:04,-,-,-,-,-,-,-
1815864,Entregas Finalizadas Fora de Manaus,8,-,-,2025-07-04 13:25:14,04/07/2025 13:25,-,-,-,-,-,-,-
1815845,Entregas Finalizadas Fora de Manaus,8,-,-,2025-07-04 14:07:29,04/07/2025 14:07,-,-,-,-,-,-,-
1815788,Logística - Despacho da Encomenda,2,-,00:00 Horas,2025-07-04 12:05:47,04/07/2025 12:05,-,04/07/2025 12:05,-,-,-,-,-
1815729,Entregas Finalizadas Fora de Manaus,8,-,-,2025-07-03 17:43:11,03/07/2025 17:43,-,-,-,-,-,-,-
1815717,Entregas Finalizadas Manaus,6,-,-,2025-07-03 17:11:02,03/07/2025 17:11,-,-,-,-,-,-,-
1815686,Vendedor - Nova Encomenda,1,-,-,2025-07-03 16:11:44,03/07/2025 16:11,-,-,-,-,-,-,-
1815673,Entregas Finalizadas Fora de Manaus,8,-,-,2025-07-03 22:05:25,03/07/2025 22:05,-,-,-,-,-,-,-
1815611,Vendedor - Nova Encomenda,1,-,-,2025-07-03 15:34:25,03/07/2025 15:34,-,-,-,-,-,-,-
1815608,Entregas Finalizadas Manaus,6,-,-,2025-07-03 16:58:59,03/07/2025 16:58,-,-,-,-,-,-,-
1815539,Entregas Finalizadas Manaus,6,-,-,2025-07-03 18:03:34,03/07/2025 18:03,-,-,-,-,-,-,-
1815533,Entregas Finalizadas Fora de Manaus,8,-,-,2025-07-03 20:50:15,03/07/2025 20:50,-,-,-,-,-,-,-
1815448,Entregas Finalizadas Fora de Manaus,8,-,-,2025-07-07 23:30:54,07/07/2025 23:30,-,-,-,-,-,-,-
1815286,Entregas Finalizadas Fora de Manaus,8,-,-,2025-07-04 12:44:49,04/07/2025 12:44,-,-,-,-,-,-,-
1815084,Entregas Finalizadas Fora de Manaus,8,-,-,2025-07-03 18:33:53,03/07/2025 18:33,-,-,-,-,-,-,-
1814968,Entregas Finalizadas Fora de Manaus,8,-,-,2025-07-03 20:52:22,03/07/2025 20:52,-,-,-,-,-,-,-
1814913,Entregas Finalizadas Manaus,6,-,-,2025-07-03 20:18:08,03/07/2025 20:18,-,-,-,-,-,-,-
1814838,Entregas Finalizadas Fora de Manaus,8,-,-,2025-07-04 13:23:12,04/07/2025 13:23,-,-,-,-,-,-,-
1814239,Entregas Finalizadas Fora de Manaus,8,-,-,2025-07-03 21:53:20,03/07/2025 21:53,-,-,-,-,-,-,-
1814217,Entregas Finalizadas Fora de Manaus,8,-,-,2025-07-03 21:50:39,03/07/2025 21:50,-,-,-,-,-,-,-
1814198,Entregas Finalizadas Manaus,6,-,-,2025-07-03 13:57:16,03/07/2025 13:57,-,-,-,-,-,-,-
1814097,Entregas Finalizadas Fora de Manaus,8,-,-,2025-07-03 18:09:08,03/07/2025 18:09,-,-,-,-,-,-,-
1813407,Entregas Finalizadas Fora de Manaus,8,-,-,2025-07-03 21:58:43,03/07/2025 21:58,-,-,-,-,-,-,-
1813147,Entregas Finalizadas Fora de Manaus,8,-,-,2025-07-03 22:11:43,03/07/2025 22:11,-,-,-,-,-,-,-
1813104,Entregas Finalizadas Fora de Manaus,8,-,-,2025-07-03 13:23:18,03/07/2025 13:23,-,-,-,-,-,-,-
1813096,Entregas Finalizadas Fora de Manaus,8,-,-,2025-07-03 17:06:50,03/07/2025 17:06,-,-,-,-,-,-,-
1813082,Entregas Finalizadas Manaus,6,-,-,2025-07-03 18:36:16,03/07/2025 18:36,-,-,-,-,-,-,-
1813065,Entregas Finalizadas Fora de Manaus,8,-,-,2025-07-03 22:08:10,03/07/2025 22:08,-,-,-,-,-,-,-
1813054,Entregas Finalizadas Fora de Manaus,8,-,-,2025-07-03 22:15:17,03/07/2025 22:15,-,-,-,-,-,-,-
1812528,Vendedor - Nova Encomenda,1,-,-,2025-07-03 00:55:14,03/07/2025 00:55,-,-,-,-,-,-,-
1812519,Vendedor - Nova Encomenda,1,-,-,2025-07-03 00:44:07,03/07/2025 00:44,-,-,-,-,-,-,-
1812463,Entregas Finalizadas Fora de Manaus,8,-,-,2025-07-03 13:44:00,03/07/2025 13:44,-,-,-,-,-,-,-
1812449,Entregas Finalizadas Manaus,6,-,-,2025-07-03 14:48:02,03/07/2025 14:48,-,-,-,-,-,-,-
1812391,Entregas Finalizadas Fora de Manaus,8,-,-,2025-07-03 22:13:30,03/07/2025 22:13,-,-,-,-,-,-,-
1812345,Entregas Finalizadas Manaus,6,-,-,2025-07-03 17:19:05,03/07/2025 17:19,-,-,-,-,-,-,-
1812325,Entregas Finalizadas Fora de Manaus,8,-,-,2025-07-03 13:49:25,03/07/2025 13:49,-,-,-,-,-,-,-
1812262,Entregas Finalizadas Manaus,6,-,-,2025-07-03 18:08:37,03/07/2025 18:08,-,-,-,-,-,-,-
1812214,Entregas Finalizadas Fora de Manaus,8,-,-,2025-07-05 13:24:54,05/07/2025 13:24,-,-,-,-,-,-,-
1812207,Entregas Finalizadas Fora de Manaus,8,-,-,2025-07-03 18:28:06,03/07/2025 18:28,-,-,-,-,-,-,-
1812205,Vendedor - Nova Encomenda,1,-,-,2025-07-02 17:21:36,02/07/2025 17:21,-,-,-,-,-,-,-
1812196,Vendedor - Nova Encomenda,1,-,-,2025-07-02 17:19:40,02/07/2025 17:19,-,-,-,-,-,-,-
1812178,Entregas Finalizadas Fora de Manaus,8,-,-,2025-07-03 14:20:40,03/07/2025 14:20,-,-,-,-,-,-,-
1812149,Entregas Finalizadas Fora de Manaus,8,-,-,2025-07-03 13:21:01,03/07/2025 13:21,-,-,-,-,-,-,-
1811754,Entregas Finalizadas Manaus,6,-,-,2025-07-02 17:21:01,02/07/2025 17:21,-,-,-,-,-,-,-
1811464,Entregas Finalizadas Fora de Manaus,8,-,-,2025-07-02 16:42:03,02/07/2025 16:42,-,-,-,-,-,-,-
1811448,Entregas Finalizadas Fora de Manaus,8,-,-,2025-07-02 23:20:26,02/07/2025 23:20,-,-,-,-,-,-,-
1811445,Entregas Finalizadas Manaus,6,-,-,2025-07-02 16:56:10,02/07/2025 16:56,-,-,-,-,-,-,-
1811438,Entregas Finalizadas Fora de Manaus,8,-,-,2025-07-02 16:40:06,02/07/2025 16:40,-,-,-,-,-,-,-
1811314,Entregas Finalizadas Fora de Manaus,8,-,-,2025-07-02 23:18:23,02/07/2025 23:18,-,-,-,-,-,-,-
1810914,Vendedor - Nova Encomenda,1,-,-,2025-07-02 13:13:48,02/07/2025 13:13,-,-,-,-,-,-,-
1810666,Entregas Finalizadas Fora de Manaus,8,-,-,2025-07-02 23:23:37,02/07/2025 23:23,-,-,-,-,-,-,-
1810566,Entregas Finalizadas Fora de Manaus,8,-,-,2025-07-07 23:29:10,07/07/2025 23:29,-,-,-,-,-,-,-
1810525,Entregas Finalizadas Manaus,6,-,-,2025-07-04 16:54:05,04/07/2025 16:54,-,-,-,-,-,-,-
1810433,Entregas Finalizadas Fora de Manaus,8,-,-,2025-07-03 22:09:32,03/07/2025 22:09,-,-,-,-,-,-,-
1810270,Entregas Finalizadas Manaus,6,-,-,2025-07-02 16:51:53,02/07/2025 16:51,-,-,-,-,-,-,-
1810143,Entregas Finalizadas Fora de Manaus,8,-,-,2025-07-03 22:00:45,03/07/2025 22:00,-,-,-,-,-,-,-
1810124,Entregas Finalizadas Manaus,6,-,-,2025-07-02 18:50:26,02/07/2025 18:50,-,-,-,-,-,-,-
1810077,Vendedor - Nova Encomenda,1,-,-,2025-07-02 12:06:33,02/07/2025 12:06,-,-,-,-,-,-,-
1810029,Entregas Finalizadas Fora de Manaus,8,-,-,2025-07-02 23:27:23,02/07/2025 23:27,-,-,-,-,-,-,-
1809719,Entregas Finalizadas Fora de Manaus,8,-,-,2025-07-03 00:17:06,03/07/2025 00:17,-,-,-,-,-,-,-
1809486,Entregas Finalizadas Manaus,6,-,-,2025-07-03 17:33:54,03/07/2025 17:33,-,-,-,-,-,-,-
1809374,Entregas Finalizadas Manaus,6,-,-,2025-07-02 18:39:42,02/07/2025 18:39,-,-,-,-,-,-,-
1809365,Entregas Finalizadas Fora de Manaus,8,-,-,2025-07-07 14:11:27,07/07/2025 14:11,-,-,-,-,-,-,-
1809247,Entregas Finalizadas Fora de Manaus,8,-,-,2025-07-03 22:03:53,03/07/2025 22:03,-,-,-,-,-,-,-
1809167,Entregas Finalizadas Fora de Manaus,8,-,-,2025-07-08 12:47:32,08/07/2025 12:47,-,-,-,-,-,-,-
1809069,Entregas Finalizadas Fora de Manaus,8,-,-,2025-07-02 23:25:31,02/07/2025 23:25,-,-,-,-,-,-,-
1808830,Entregas Finalizadas Fora de Manaus,8,-,-,2025-07-02 23:39:52,02/07/2025 23:39,-,-,-,-,-,-,-
1808751,Entregas Finalizadas Fora de Manaus,8,-,-,2025-07-02 17:22:46,02/07/2025 17:22,-,-,-,-,-,-,-
1808641,Entregas Finalizadas Fora de Manaus,8,-,-,2025-07-02 23:10:32,02/07/2025 23:10,-,-,-,-,-,-,-
1808339,Entregas Finalizadas Manaus,6,-,-,2025-07-02 17:37:16,02/07/2025 17:37,-,-,-,-,-,-,-
1808321,Entregas Finalizadas Fora de Manaus,8,-,-,2025-07-03 00:28:24,03/07/2025 00:28,-,-,-,-,-,-,-
1807939,Entregas Finalizadas Fora de Manaus,8,-,-,2025-07-03 21:57:01,03/07/2025 21:57,-,-,-,-,-,-,-
1807936,Entregas Finalizadas Fora de Manaus,8,-,-,2025-07-03 18:29:25,03/07/2025 18:29,-,-,-,-,-,-,-
1807909,Entregas Finalizadas Fora de Manaus,8,-,-,2025-07-07 13:03:02,07/07/2025 13:03,-,-,-,-,-,-,-
1807905,Entregas Finalizadas Fora de Manaus,8,-,-,2025-07-03 21:48:22,03/07/2025 21:48,-,-,-,-,-,-,-
1807896,Entregas Finalizadas Fora de Manaus,8,-,-,2025-07-03 00:51:34,03/07/2025 00:51,-,-,-,-,-,-,-
1807872,Entregas Finalizadas Fora de Manaus,8,-,-,2025-07-02 14:22:43,02/07/2025 14:22,-,-,-,-,-,-,-
1807723,Entregas Finalizadas Fora de Manaus,8,-,-,2025-07-02 17:46:48,02/07/2025 17:46,-,-,-,-,-,-,-
1807720,Entregas Finalizadas Manaus,6,-,-,2025-07-02 09:06:49,02/07/2025 09:06,-,-,-,-,-,-,-
1807716,Entregas Finalizadas Manaus,6,-,-,2025-07-02 09:48:18,02/07/2025 09:48,-,-,-,-,-,-,-
1807707,Entregas Finalizadas Fora de Manaus,8,-,-,2025-07-02 17:48:33,02/07/2025 17:48,-,-,-,-,-,-,-
1807619,Entregas Finalizadas Fora de Manaus,8,-,-,2025-07-03 00:25:22,03/07/2025 00:25,-,-,-,-,-,-,-
1807616,Entregas Finalizadas Manaus,6,-,-,2025-07-02 15:02:34,02/07/2025 15:02,-,-,-,-,-,-,-
1807613,Entregas Finalizadas Fora de Manaus,8,-,-,2025-07-03 00:47:55,03/07/2025 00:47,-,-,-,-,-,-,-
1807592,Vendedor - Nova Encomenda,1,-,-,2025-07-01 17:44:59,01/07/2025 17:44,-,-,-,-,-,-,-
1807513,Entregas Finalizadas Manaus,6,-,-,2025-07-01 18:54:27,01/07/2025 18:54,-,-,-,-,-,-,-
1807509,Entregas Finalizadas Fora de Manaus,8,-,-,2025-07-08 12:40:07,08/07/2025 12:40,-,-,-,-,-,-,-
1807371,Entregas Finalizadas Fora de Manaus,8,-,-,2025-07-03 00:37:52,03/07/2025 00:37,-,-,-,-,-,-,-
1807250,Vendedor - Nova Encomenda,1,-,-,2025-07-01 16:16:21,01/07/2025 16:16,-,-,-,-,-,-,-
1807017,Entregas Finalizadas Manaus,6,-,-,2025-07-01 17:30:03,01/07/2025 17:30,-,-,-,-,-,-,-
1806964,Entregas Finalizadas Fora de Manaus,8,-,-,2025-07-01 17:19:08,01/07/2025 17:19,-,-,-,-,-,-,-
1806809,Vendedor - Nova Encomenda,1,-,-,2025-07-01 15:35:43,01/07/2025 15:35,-,-,-,-,-,-,-
1806718,Entregas Finalizadas Fora de Manaus,8,-,-,2025-07-02 23:32:49,02/07/2025 23:32,-,-,-,-,-,-,-
1806670,Entregas Finalizadas Fora de Manaus,8,-,-,2025-07-02 22:51:04,02/07/2025 22:51,-,-,-,-,-,-,-
1806540,Entregas Finalizadas Manaus,6,-,-,2025-07-01 19:20:43,01/07/2025 19:20,-,-,-,-,-,-,-
1806530,Vendedor - Nova Encomenda,1,-,-,2025-07-01 15:09:38,01/07/2025 15:09,-,-,-,-,-,-,-
1806486,Entregas Finalizadas Fora de Manaus,8,-,-,2025-07-02 22:57:28,02/07/2025 22:57,-,-,-,-,-,-,-
1806462,Vendedor - Nova Encomenda,1,-,-,2025-07-01 15:00:21,01/07/2025 15:00,-,-,-,-,-,-,-
1806424,Entregas Finalizadas Manaus,6,-,-,2025-07-01 21:28:42,01/07/2025 21:28,-,-,-,-,-,-,-
1806417,Entregas Finalizadas Fora de Manaus,8,-,-,2025-07-02 15:31:45,02/07/2025 15:31,-,-,-,-,-,-,-
1806371,Vendedor - Nova Encomenda,1,-,-,2025-07-01 14:42:58,01/07/2025 14:42,-,-,-,-,-,-,-
1806366,Entregas Finalizadas Manaus,6,-,-,2025-07-01 20:09:21,01/07/2025 20:09,-,-,-,-,-,-,-
1806199,Entregas Finalizadas Fora de Manaus,8,-,-,2025-07-01 18:22:59,01/07/2025 18:22,-,-,-,-,-,-,-
1806172,Entregas Finalizadas Fora de Manaus,8,-,-,2025-07-02 14:51:15,02/07/2025 14:51,-,-,-,-,-,-,-
1806167,Entregas Finalizadas Fora de Manaus,8,-,-,2025-07-01 22:29:14,01/07/2025 22:29,-,-,-,-,-,-,-
1806163,Entregas Finalizadas Fora de Manaus,8,-,-,2025-07-03 18:05:09,03/07/2025 18:05,-,-,-,-,-,-,-
1806118,Entregas Finalizadas Fora de Manaus,8,-,-,2025-07-02 23:37:57,02/07/2025 23:37,-,-,-,-,-,-,-
1806076,Entregas Finalizadas Manaus,6,-,-,2025-07-01 18:02:26,01/07/2025 18:02,-,-,-,-,-,-,-
1806068,Entregas Finalizadas Manaus,6,-,-,2025-07-01 20:24:46,01/07/2025 20:24,-,-,-,-,-,-,-
1806023,Entregas Finalizadas Fora de Manaus,8,-,-,2025-07-02 23:52:31,02/07/2025 23:52,-,-,-,-,-,-,-
1805946,Entregas Finalizadas Fora de Manaus,8,-,-,2025-07-07 22:24:44,07/07/2025 22:24,-,-,-,-,-,-,-
1805936,Entregas Finalizadas Fora de Manaus,8,-,-,2025-07-01 22:57:23,01/07/2025 22:57,-,-,-,-,-,-,-
1805904,Entregas Finalizadas Fora de Manaus,8,-,-,2025-07-02 23:45:05,02/07/2025 23:45,-,-,-,-,-,-,-
1805898,Entregas Finalizadas Fora de Manaus,8,-,-,2025-07-01 18:17:12,01/07/2025 18:17,-,-,-,-,-,-,-
1805788,Entregas Finalizadas Fora de Manaus,8,-,-,2025-07-22 21:18:14,22/07/2025 21:18,-,-,-,-,-,-,-
1805672,Entregas Finalizadas Manaus,6,-,-,2025-07-01 17:44:20,01/07/2025 17:44,-,-,-,-,-,-,-
1805523,Entregas Finalizadas Fora de Manaus,8,-,-,2025-07-03 00:54:41,03/07/2025 00:54,-,-,-,-,-,-,-
1805507,Entregas Finalizadas Fora de Manaus,8,-,-,2025-07-01 17:20:41,01/07/2025 17:20,-,-,-,-,-,-,-
1805441,Entregas Finalizadas Fora de Manaus,8,-,-,2025-07-02 23:50:15,02/07/2025 23:50,-,-,-,-,-,-,-
1805369,Entregas Finalizadas Fora de Manaus,8,-,-,2025-07-02 23:41:47,02/07/2025 23:41,-,-,-,-,-,-,-
1805338,Vendedor - Nova Encomenda,1,-,-,2025-07-01 13:02:34,01/07/2025 13:02,-,-,-,-,-,-,-
1805302,Entregas Finalizadas Manaus,6,-,-,2025-07-01 21:56:08,01/07/2025 21:56,-,-,-,-,-,-,-
1805287,Entregas Finalizadas Fora de Manaus,8,-,-,2025-07-01 22:54:08,01/07/2025 22:54,-,-,-,-,-,-,-
1805271,Entregas Finalizadas Fora de Manaus,8,-,-,2025-07-03 00:44:01,03/07/2025 00:44,-,-,-,-,-,-,-
1805181,Entregas Finalizadas Fora de Manaus,8,-,-,2025-07-01 22:43:04,01/07/2025 22:43,-,-,-,-,-,-,-
1805175,Entregas Finalizadas Fora de Manaus,8,-,-,2025-07-01 22:49:30,01/07/2025 22:49,-,-,-,-,-,-,-
1805077,Vendedor - Nova Encomenda,1,-,-,2025-07-01 12:17:58,01/07/2025 12:17,-,-,-,-,-,-,-
1805074,Entregas Finalizadas Fora de Manaus,8,-,-,2025-07-03 00:53:26,03/07/2025 00:53,-,-,-,-,-,-,-
1805065,Entregas Finalizadas Fora de Manaus,8,-,-,2025-07-01 22:31:57,01/07/2025 22:31,-,-,-,-,-,-,-
1805002,Entregas Finalizadas Fora de Manaus,8,-,-,2025-07-03 01:03:19,03/07/2025 01:03,-,-,-,-,-,-,-
1804975,Entregas Finalizadas Fora de Manaus,8,-,-,2025-07-01 23:24:34,01/07/2025 23:24,-,-,-,-,-,-,-
1804922,Entregas Finalizadas Manaus,6,-,-,2025-07-01 20:06:02,01/07/2025 20:06,-,-,-,-,-,-,-
1804870,Entregas Finalizadas Fora de Manaus,8,-,-,2025-07-01 22:35:27,01/07/2025 22:35,-,-,-,-,-,-,-
1804859,Vendedor - Nova Encomenda,1,-,-,2025-07-01 11:34:50,01/07/2025 11:34,-,-,-,-,-,-,-
1804851,Vendedor - Nova Encomenda,1,-,-,2025-07-01 11:34:14,01/07/2025 11:34,-,-,-,-,-,-,-
1804723,Vendedor - Nova Encomenda,1,-,-,2025-07-01 11:24:32,01/07/2025 11:24,-,-,-,-,-,-,-
1804704,Logística - Despacho da Encomenda,2,-,00:00 Horas,2025-07-01 12:47:26,01/07/2025 12:47,-,01/07/2025 12:47,-,-,-,-,-
1804673,Entregas Finalizadas Fora de Manaus,8,-,-,2025-07-03 14:10:34,03/07/2025 14:10,-,-,-,-,-,-,-
1804661,Entregas Finalizadas Fora de Manaus,8,-,-,2025-07-04 13:03:14,04/07/2025 13:03,-,-,-,-,-,-,-
1804633,Entregas Finalizadas Fora de Manaus,8,-,-,2025-07-01 13:46:18,01/07/2025 13:46,-,-,-,-,-,-,-
1804623,Vendedor - Nova Encomenda,1,-,-,2025-07-01 11:08:46,01/07/2025 11:08,-,-,-,-,-,-,-
1804597,Entregas Finalizadas Fora de Manaus,8,-,-,2025-07-07 23:13:03,07/07/2025 23:13,-,-,-,-,-,-,-
1804591,Entregas Finalizadas Fora de Manaus,8,-,-,2025-07-02 16:36:18,02/07/2025 16:36,-,-,-,-,-,-,-
1804584,Entregas Finalizadas Fora de Manaus,8,-,-,2025-07-01 22:45:26,01/07/2025 22:45,-,-,-,-,-,-,-
1804564,Entregas Finalizadas Fora de Manaus,8,-,-,2025-07-07 13:28:55,07/07/2025 13:28,-,-,-,-,-,-,-
1804558,Vendedor - Nova Encomenda,1,-,-,2025-07-01 11:00:24,01/07/2025 11:00,-,-,-,-,-,-,-
1804556,Entregas Finalizadas Fora de Manaus,8,-,-,2025-07-01 14:25:09,01/07/2025 14:25,-,-,-,-,-,-,-
1804549,Entregas Finalizadas Manaus,6,-,-,2025-07-02 10:52:14,02/07/2025 10:52,-,-,-,-,-,-,-
1804543,Entregas Finalizadas Fora de Manaus,8,-,-,2025-07-01 13:27:49,01/07/2025 13:27,-,-,-,-,-,-,-
1804536,Vendedor - Nova Encomenda,1,-,-,2025-07-01 10:55:10,01/07/2025 10:55,-,-,-,-,-,-,-
1804534,Entregas Finalizadas Manaus,6,-,-,2025-07-01 17:51:20,01/07/2025 17:51,-,-,-,-,-,-,-
1804526,Entregas Finalizadas Fora de Manaus,8,-,-,2025-07-01 22:47:51,01/07/2025 22:47,-,-,-,-,-,-,-
1804514,Entregas Finalizadas Fora de Manaus,8,-,-,2025-07-03 17:49:31,03/07/2025 17:49,-,-,-,-,-,-,-
1804507,Entregas Finalizadas Fora de Manaus,8,-,-,2025-07-01 18:24:54,01/07/2025 18:24,-,-,-,-,-,-,-
1804506,Entregas Finalizadas Fora de Manaus,8,-,-,2025-07-01 23:01:46,01/07/2025 23:01,-,-,-,-,-,-,-
1804500,Entregas Finalizadas Fora de Manaus,8,-,-,2025-07-01 23:06:37,01/07/2025 23:06,-,-,-,-,-,-,-
1804493,Entregas Finalizadas Fora de Manaus,8,-,-,2025-07-01 23:20:42,01/07/2025 23:20,-,-,-,-,-,-,-
1804487,Vendedor - Nova Encomenda,1,-,-,2025-07-01 10:39:42,01/07/2025 10:39,-,-,-,-,-,-,-
1804485,Entregas Finalizadas Fora de Manaus,8,-,-,2025-07-02 14:29:38,02/07/2025 14:29,-,-,-,-,-,-,-
1804475,Entregas Finalizadas Fora de Manaus,8,-,-,2025-07-02 22:25:10,02/07/2025 22:25,-,-,-,-,-,-,-
1804471,Entregas Finalizadas Fora de Manaus,8,-,-,2025-07-03 13:26:07,03/07/2025 13:26,-,-,-,-,-,-,-
1804469,Entregas Finalizadas Fora de Manaus,8,-,-,2025-07-01 13:24:21,01/07/2025 13:24,-,-,-,-,-,-,-
1804460,Entregas Finalizadas Fora de Manaus,8,-,-,2025-07-01 22:38:04,01/07/2025 22:38,-,-,-,-,-,-,-
1804458,Entregas Finalizadas Fora de Manaus,8,-,-,2025-07-03 17:45:01,03/07/2025 17:45,-,-,-,-,-,-,-
1804454,Entregas Finalizadas Fora de Manaus,8,-,-,2025-07-01 23:28:11,01/07/2025 23:28,-,-,-,-,-,-,-
1804447,Entregas Finalizadas Fora de Manaus,8,-,-,2025-07-04 13:20:17,04/07/2025 13:20,-,-,-,-,-,-,-
1804349,Entregas Finalizadas Fora de Manaus,8,-,-,2025-07-01 13:28:59,01/07/2025 13:28,-,-,-,-,-,-,-
1804336,Entregas Finalizadas Manaus,6,-,-,2025-07-01 19:06:10,01/07/2025 19:06,-,-,-,-,-,-,-
1804333,Entregas Finalizadas Fora de Manaus,8,-,-,2025-07-02 14:24:27,02/07/2025 14:24,-,-,-,-,-,-,-
1804322,Entregas Finalizadas Manaus,6,-,-,2025-07-02 09:34:38,02/07/2025 09:34,-,-,-,-,-,-,-
1804319,Entregas Finalizadas Fora de Manaus,8,-,-,2025-07-02 12:33:46,02/07/2025 12:33,-,-,-,-,-,-,-
1804311,Vendedor - Nova Encomenda,1,-,-,2025-07-01 10:10:18,01/07/2025 10:10,-,-,-,-,-,-,-
1804308,Entregas Finalizadas Fora de Manaus,8,-,-,2025-07-03 00:34:19,03/07/2025 00:34,-,-,-,-,-,-,-
1804302,Entregas Finalizadas Manaus,6,-,-,2025-07-02 09:20:19,02/07/2025 09:20,-,-,-,-,-,-,-
1804282,Entregas Finalizadas Fora de Manaus,8,-,-,2025-07-02 22:19:07,02/07/2025 22:19,-,-,-,-,-,-,-
1804280,Entregas Finalizadas Fora de Manaus,8,-,-,2025-07-01 13:26:16,01/07/2025 13:26,-,-,-,-,-,-,-
1804277,Entregas Finalizadas Fora de Manaus,8,-,-,2025-07-01 23:10:06,01/07/2025 23:10,-,-,-,-,-,-,-
1804265,Entregas Finalizadas Fora de Manaus,8,-,-,2025-07-02 14:47:47,02/07/2025 14:47,-,-,-,-,-,-,-
1804261,Entregas Finalizadas Fora de Manaus,8,-,-,2025-07-01 13:29:58,01/07/2025 13:29,-,-,-,-,-,-,-
1804259,Entregas Finalizadas Fora de Manaus,8,-,-,2025-07-01 23:17:22,01/07/2025 23:17,-,-,-,-,-,-,-
1804248,Entregas Finalizadas Fora de Manaus,8,-,-,2025-07-01 22:59:38,01/07/2025 22:59,-,-,-,-,-,-,-
1804246,Entregas Finalizadas Manaus,6,-,-,2025-07-01 18:25:38,01/07/2025 18:25,-,-,-,-,-,-,-
1804240,Entregas Finalizadas Fora de Manaus,8,-,-,2025-07-03 00:19:19,03/07/2025 00:19,-,-,-,-,-,-,-
1804232,Entregas Finalizadas Fora de Manaus,8,-,-,2025-07-02 14:53:31,02/07/2025 14:53,-,-,-,-,-,-,-
1804218,Entregas Finalizadas Fora de Manaus,8,-,-,2025-07-03 14:21:48,03/07/2025 14:21,-,-,-,-,-,-,-
1804213,Entregas Finalizadas Fora de Manaus,8,-,-,2025-07-11 12:59:38,11/07/2025 12:59,-,-,-,-,-,-,-
1804205,Entregas Finalizadas Fora de Manaus,8,-,-,2025-07-03 00:49:45,03/07/2025 00:49,-,-,-,-,-,-,-
1804203,Entregas Finalizadas Fora de Manaus,8,-,-,2025-07-01 17:48:47,01/07/2025 17:48,-,-,-,-,-,-,-
1804190,Entregas Finalizadas Manaus,6,-,-,2025-07-01 21:18:07,01/07/2025 21:18,-,-,-,-,-,-,-
1804188,Entregas Finalizadas Fora de Manaus,8,-,-,2025-07-02 11:55:36,02/07/2025 11:55,-,-,-,-,-,-,-
1804185,Entregas Finalizadas Fora de Manaus,8,-,-,2025-07-01 22:52:30,01/07/2025 22:52,-,-,-,-,-,-,-
1804157,Canceladas,X,lojarui@mondellebrasil.com.br,-,2025-07-01 09:07:51,01/07/2025 09:07,-,-,-,-,-,-,-
1804127,Canceladas,X,lojarui@mondellebrasil.com.br,-,2025-07-01 09:02:04,01/07/2025 09:02,-,-,-,-,-,-,-
1804116,Entregas Finalizadas Fora de Manaus,8,-,-,2025-07-01 23:13:27,01/07/2025 23:13,-,-,-,-,-,-,-
1804098,Entregas Finalizadas Fora de Manaus,8,-,-,2025-07-03 00:15:16,03/07/2025 00:15,-,-,-,-,-,-,-
1804019,Entregas Finalizadas Fora de Manaus,8,-,-,2025-07-04 21:31:09,04/07/2025 21:31,-,-,-,-,-,-,-
1803997,Entregas Finalizadas Fora de Manaus,8,-,-,2025-07-02 22:30:17,02/07/2025 22:30,-,-,-,-,-,-,-
1803995,Entregas Finalizadas Fora de Manaus,8,-,-,2025-07-03 17:32:27,03/07/2025 17:32,-,-,-,-,-,-,-
1803981,Vendedor - Nova Encomenda,1,-,-,2025-06-30 19:25:21,30/06/2025 19:25,-,-,-,-,-,-,-
1803971,Vendedor - Nova Encomenda,1,-,-,2025-06-30 19:18:11,30/06/2025 19:18,-,-,-,-,-,-,-
1803938,Entregas Finalizadas Manaus,6,-,-,2025-07-01 20:59:19,01/07/2025 20:59,-,-,-,-,-,-,-
1803928,Vendedor - Nova Encomenda,1,-,-,2025-06-30 18:37:56,30/06/2025 18:37,-,-,-,-,-,-,-
1803920,Entregas Finalizadas Fora de Manaus,8,-,-,2025-07-02 11:58:45,02/07/2025 11:58,-,-,-,-,-,-,-
1803918,Entregas Finalizadas Fora de Manaus,8,-,-,2025-07-01 23:15:28,01/07/2025 23:15,-,-,-,-,-,-,-
1803916,Entregas Finalizadas Fora de Manaus,8,-,-,2025-07-01 13:17:36,01/07/2025 13:17,-,-,-,-,-,-,-
1803900,Entregas Finalizadas Fora de Manaus,8,-,-,2025-07-01 13:20:33,01/07/2025 13:20,-,-,-,-,-,-,-
1803892,Entregas Finalizadas Fora de Manaus,8,-,-,2025-07-02 22:27:48,02/07/2025 22:27,-,-,-,-,-,-,-
1803881,Entregas Finalizadas Fora de Manaus,8,-,-,2025-07-02 22:35:30,02/07/2025 22:35,-,-,-,-,-,-,-
1803873,Entregas Finalizadas Fora de Manaus,8,-,-,2025-07-01 17:36:42,01/07/2025 17:36,-,-,-,-,-,-,-
1803860,Entregas Finalizadas Fora de Manaus,8,-,-,2025-07-01 13:36:08,01/07/2025 13:36,-,-,-,-,-,-,-
1803849,Entregas Finalizadas Fora de Manaus,8,-,-,2025-07-03 00:40:35,03/07/2025 00:40,-,-,-,-,-,-,-
1803846,Entregas Finalizadas Fora de Manaus,8,-,-,2025-07-02 22:22:24,02/07/2025 22:22,-,-,-,-,-,-,-
1803776,Entregas Finalizadas Manaus,6,-,-,2025-07-01 17:26:47,01/07/2025 17:26,-,-,-,-,-,-,-
1803770,Entregas Finalizadas Manaus,6,-,-,2025-06-30 17:25:56,30/06/2025 17:25,-,-,-,-,-,-,-
1803764,Vendedor - Nova Encomenda,1,-,-,2025-06-30 16:27:22,30/06/2025 16:27,-,-,-,-,-,-,-
1803737,Entregas Finalizadas Fora de Manaus,8,-,-,2025-07-03 00:23:10,03/07/2025 00:23,-,-,-,-,-,-,-
1803261,Entregas Finalizadas Manaus,6,-,-,2025-06-30 17:14:33,30/06/2025 17:14,-,-,-,-,-,-,-
1803031,Entregas Finalizadas Fora de Manaus,8,-,-,2025-06-30 15:41:50,30/06/2025 15:41,-,-,-,-,-,-,-
1802943,Entregas Finalizadas Fora de Manaus,8,-,-,2025-06-30 17:27:02,30/06/2025 17:27,-,-,-,-,-,-,-
1802869,Entregas Finalizadas Manaus,6,-,-,2025-06-30 17:14:19,30/06/2025 17:14,-,-,-,-,-,-,-
1802762,Entregas Finalizadas Fora de Manaus,8,-,-,2025-07-07 22:21:01,07/07/2025 22:21,-,-,-,-,-,-,-
1802167,Entregas Finalizadas Manaus,6,-,-,2025-06-30 18:19:41,30/06/2025 18:19,-,-,-,-,-,-,-
1802061,Entregas Finalizadas Fora de Manaus,8,-,-,2025-06-30 19:15:26,30/06/2025 19:15,-,-,-,-,-,-,-
1801979,Vendedor - Nova Encomenda,1,-,-,2025-06-30 11:13:39,30/06/2025 11:13,-,-,-,-,-,-,-
1801697,Entregas Finalizadas Fora de Manaus,8,-,-,2025-07-03 17:39:59,03/07/2025 17:39,-,-,-,-,-,-,-
1801475,Entregas Finalizadas Manaus,6,-,-,2025-06-30 12:57:20,30/06/2025 12:57,-,-,-,-,-,-,-
1801403,Entregas Finalizadas Manaus,6,-,-,2025-06-30 17:04:22,30/06/2025 17:04,-,-,-,-,-,-,-
1801313,Entregas Finalizadas Fora de Manaus,8,-,-,2025-06-30 15:02:09,30/06/2025 15:02,-,-,-,-,-,-,-
1801269,Vendedor - Nova Encomenda,1,-,-,2025-06-30 10:29:59,30/06/2025 10:29,-,-,-,-,-,-,-
1801244,Entregas Finalizadas Fora de Manaus,8,-,-,2025-06-30 23:21:51,30/06/2025 23:21,-,-,-,-,-,-,-
1801240,Entregas Finalizadas Manaus,6,-,-,2025-06-30 14:13:08,30/06/2025 14:13,-,-,-,-,-,-,-
1801143,Entregas Finalizadas Fora de Manaus,8,-,-,2025-07-01 12:57:22,01/07/2025 12:57,-,-,-,-,-,-,-
1801081,Entregas Finalizadas Fora de Manaus,8,-,-,2025-07-03 13:42:37,03/07/2025 13:42,-,-,-,-,-,-,-
1800961,Entregas Finalizadas Fora de Manaus,8,-,-,2025-06-30 17:15:34,30/06/2025 17:15,-,-,-,-,-,-,-
1800716,Entregas Finalizadas Fora de Manaus,8,-,-,2025-07-02 22:16:13,02/07/2025 22:16,-,-,-,-,-,-,-
1800627,Entregas Finalizadas Fora de Manaus,8,-,-,2025-06-30 22:50:27,30/06/2025 22:50,-,-,-,-,-,-,-
1800488,Entregas Finalizadas Fora de Manaus,8,-,-,2025-06-30 23:01:09,30/06/2025 23:01,-,-,-,-,-,-,-
1800304,Entregas Finalizadas Fora de Manaus,8,-,-,2025-06-30 23:03:14,30/06/2025 23:03,-,-,-,-,-,-,-
1800294,Entregas Finalizadas Fora de Manaus,8,-,-,2025-06-30 23:32:20,30/06/2025 23:32,-,-,-,-,-,-,-
1800293,Vendedor - Nova Encomenda,1,-,-,2025-06-30 09:40:50,30/06/2025 09:40,-,-,-,-,-,-,-
1800282,Entregas Finalizadas Fora de Manaus,8,-,-,2025-07-04 12:47:20,04/07/2025 12:47,-,-,-,-,-,-,-
1800272,Entregas Finalizadas Fora de Manaus,8,-,-,2025-06-30 22:48:24,30/06/2025 22:48,-,-,-,-,-,-,-
1800251,Entregas Finalizadas Manaus,6,-,-,2025-06-30 19:07:56,30/06/2025 19:07,-,-,-,-,-,-,-
1800232,Entregas Finalizadas Fora de Manaus,8,-,-,2025-06-30 23:27:40,30/06/2025 23:27,-,-,-,-,-,-,-
1799831,Vendedor - Nova Encomenda,1,-,-,2025-06-28 15:24:13,28/06/2025 15:24,-,-,-,-,-,-,-
1799827,Vendedor - Nova Encomenda,1,-,-,2025-06-28 15:21:55,28/06/2025 15:21,-,-,-,-,-,-,-
1799823,Entregas Finalizadas Fora de Manaus,8,-,-,2025-06-30 23:13:23,30/06/2025 23:13,-,-,-,-,-,-,-
1799819,Entregas Finalizadas Fora de Manaus,8,-,-,2025-06-30 23:30:05,30/06/2025 23:30,-,-,-,-,-,-,-
1799812,Entregas Finalizadas Fora de Manaus,8,-,-,2025-07-01 14:18:31,01/07/2025 14:18,-,-,-,-,-,-,-
1799806,Entregas Finalizadas Fora de Manaus,8,-,-,2025-06-30 23:15:31,30/06/2025 23:15,-,-,-,-,-,-,-
1799791,Entregas Finalizadas Fora de Manaus,8,-,-,2025-07-02 23:14:36,02/07/2025 23:14,-,-,-,-,-,-,-
1799782,Entregas Finalizadas Fora de Manaus,8,-,-,2025-07-01 13:53:54,01/07/2025 13:53,-,-,-,-,-,-,-
1799775,Entregas Finalizadas Fora de Manaus,8,-,-,2025-07-03 00:12:50,03/07/2025 00:12,-,-,-,-,-,-,-
1799717,Entregas Finalizadas Fora de Manaus,8,-,-,2025-06-28 13:04:22,28/06/2025 13:04,-,-,-,-,-,-,-
1799707,Entregas Finalizadas Manaus,6,-,-,2025-06-30 13:34:52,30/06/2025 13:34,-,-,-,-,-,-,-
1799703,Entregas Finalizadas Manaus,6,-,-,2025-06-28 13:38:03,28/06/2025 13:38,-,-,-,-,-,-,-
1799680,Entregas Finalizadas Fora de Manaus,8,-,-,2025-06-30 22:53:41,30/06/2025 22:53,-,-,-,-,-,-,-
1799648,Entregas Finalizadas Fora de Manaus,8,-,-,2025-06-30 23:11:02,30/06/2025 23:11,-,-,-,-,-,-,-
1799646,Entregas Finalizadas Fora de Manaus,8,-,-,2025-06-28 13:17:34,28/06/2025 13:17,-,-,-,-,-,-,-
1799644,Entregas Finalizadas Fora de Manaus,8,-,-,2025-06-28 12:24:27,28/06/2025 12:24,-,-,-,-,-,-,-
1799641,Entregas Finalizadas Fora de Manaus,8,-,-,2025-06-28 12:37:30,28/06/2025 12:37,-,-,-,-,-,-,-
1799619,Entregas Finalizadas Fora de Manaus,8,-,-,2025-06-28 13:08:39,28/06/2025 13:08,-,-,-,-,-,-,-
1799614,Entregas Finalizadas Fora de Manaus,8,-,-,2025-07-01 13:16:09,01/07/2025 13:16,-,-,-,-,-,-,-
1799483,Entregas Finalizadas Manaus,6,-,-,2025-06-28 09:28:16,28/06/2025 09:28,-,-,-,-,-,-,-
1799451,Entregas Finalizadas Fora de Manaus,8,-,-,2025-06-28 13:02:18,28/06/2025 13:02,-,-,-,-,-,-,-
1799441,Entregas Finalizadas Manaus,6,-,-,2025-06-28 09:04:34,28/06/2025 09:04,-,-,-,-,-,-,-
1799432,Entregas Finalizadas Fora de Manaus,8,-,-,2025-06-28 13:00:16,28/06/2025 13:00,-,-,-,-,-,-,-
1799428,Vendedor - Nova Encomenda,1,-,-,2025-06-27 20:26:10,27/06/2025 20:26,-,-,-,-,-,-,-
1799378,Entregas Finalizadas Fora de Manaus,8,-,-,2025-06-28 13:27:31,28/06/2025 13:27,-,-,-,-,-,-,-
1799365,Entregas Finalizadas Fora de Manaus,8,-,-,2025-06-28 12:40:50,28/06/2025 12:40,-,-,-,-,-,-,-
1799363,Entregas Finalizadas Fora de Manaus,8,-,-,2025-07-01 14:38:47,01/07/2025 14:38,-,-,-,-,-,-,-
1799348,Entregas Finalizadas Manaus,6,-,-,2025-06-28 12:36:52,28/06/2025 12:36,-,-,-,-,-,-,-
1799334,Entregas Finalizadas Fora de Manaus,8,-,-,2025-06-28 13:37:57,28/06/2025 13:37,-,-,-,-,-,-,-
1799314,Entregas Finalizadas Fora de Manaus,8,-,-,2025-06-28 13:07:12,28/06/2025 13:07,-,-,-,-,-,-,-
1799311,Logística - Despacho da Encomenda,2,-,00:00 Horas,2025-06-28 11:59:47,28/06/2025 11:59,-,28/06/2025 11:59,-,-,-,-,-
1799292,Vendedor - Nova Encomenda,1,-,-,2025-06-27 17:42:19,27/06/2025 17:42,-,-,-,-,-,-,-
1799287,Vendedor - Nova Encomenda,1,-,-,2025-06-27 17:37:25,27/06/2025 17:37,-,-,-,-,-,-,-
1799223,Entregas Finalizadas Fora de Manaus,8,-,-,2025-06-30 22:57:55,30/06/2025 22:57,-,-,-,-,-,-,-
1799219,Entregas Finalizadas Manaus,6,-,-,2025-06-28 09:22:11,28/06/2025 09:22,-,-,-,-,-,-,-
1799189,Entregas Finalizadas Fora de Manaus,8,-,-,2025-06-27 17:31:11,27/06/2025 17:31,-,-,-,-,-,-,-
1799180,Entregas Finalizadas Manaus,6,-,-,2025-06-27 17:57:36,27/06/2025 17:57,-,-,-,-,-,-,-
1799093,Entregas Finalizadas Fora de Manaus,8,-,-,2025-06-28 01:17:29,28/06/2025 01:17,-,-,-,-,-,-,-
1798945,Entregas Finalizadas Fora de Manaus,8,-,-,2025-06-27 22:29:31,27/06/2025 22:29,-,-,-,-,-,-,-
1798918,Entregas Finalizadas Fora de Manaus,8,-,-,2025-06-28 12:53:51,28/06/2025 12:53,-,-,-,-,-,-,-
1798902,Entregas Finalizadas Fora de Manaus,8,-,-,2025-06-27 17:35:29,27/06/2025 17:35,-,-,-,-,-,-,-
1798896,Entregas Finalizadas Manaus,6,-,-,2025-06-27 18:40:48,27/06/2025 18:40,-,-,-,-,-,-,-
1798841,Entregas Finalizadas Manaus,6,-,-,2025-06-27 17:38:31,27/06/2025 17:38,-,-,-,-,-,-,-
1798837,Entregas Finalizadas Fora de Manaus,8,-,-,2025-06-27 17:28:30,27/06/2025 17:28,-,-,-,-,-,-,-
1798805,Entregas Finalizadas Fora de Manaus,8,-,-,2025-06-27 17:13:34,27/06/2025 17:13,-,-,-,-,-,-,-
1798789,Entregas Finalizadas Manaus,6,-,-,2025-06-27 15:22:39,27/06/2025 15:22,-,-,-,-,-,-,-
1798752,Entregas Finalizadas Manaus,6,-,-,2025-06-27 17:26:48,27/06/2025 17:26,-,-,-,-,-,-,-
1798746,Entregas Finalizadas Fora de Manaus,8,-,-,2025-06-27 15:08:08,27/06/2025 15:08,-,-,-,-,-,-,-
1798714,Entregas Finalizadas Fora de Manaus,8,-,-,2025-06-27 22:47:56,27/06/2025 22:47,-,-,-,-,-,-,-
1798694,Entregas Finalizadas Manaus,6,-,-,2025-06-27 13:43:38,27/06/2025 13:43,-,-,-,-,-,-,-
1798692,Entregas Finalizadas Manaus,6,-,-,2025-06-27 18:10:56,27/06/2025 18:10,-,-,-,-,-,-,-
1798689,Entregas Finalizadas Manaus,6,-,-,2025-06-27 21:55:42,27/06/2025 21:55,-,-,-,-,-,-,-
1798665,Entregas Finalizadas Fora de Manaus,8,-,-,2025-07-02 16:14:44,02/07/2025 16:14,-,-,-,-,-,-,-
1798661,Entregas Finalizadas Manaus,6,-,-,2025-06-27 16:53:10,27/06/2025 16:53,-,-,-,-,-,-,-
1798644,Entregas Finalizadas Manaus,6,-,-,2025-06-27 17:03:32,27/06/2025 17:03,-,-,-,-,-,-,-
1798637,Entregas Finalizadas Fora de Manaus,8,-,-,2025-06-27 22:40:44,27/06/2025 22:40,-,-,-,-,-,-,-
1798628,Entregas Finalizadas Fora de Manaus,8,-,-,2025-06-27 21:36:25,27/06/2025 21:36,-,-,-,-,-,-,-
1798625,Entregas Finalizadas Manaus,6,-,-,2025-06-27 18:11:51,27/06/2025 18:11,-,-,-,-,-,-,-
1798623,Entregas Finalizadas Fora de Manaus,8,-,-,2025-06-28 01:13:43,28/06/2025 01:13,-,-,-,-,-,-,-
1798617,Entregas Finalizadas Fora de Manaus,8,-,-,2025-06-27 17:32:42,27/06/2025 17:32,-,-,-,-,-,-,-
1798609,Entregas Finalizadas Fora de Manaus,8,-,-,2025-06-27 21:29:35,27/06/2025 21:29,-,-,-,-,-,-,-
1798601,Vendedor - Nova Encomenda,1,-,-,2025-06-27 12:08:01,27/06/2025 12:08,-,-,-,-,-,-,-
1798591,Entregas Finalizadas Fora de Manaus,8,-,-,2025-06-27 23:01:07,27/06/2025 23:01,-,-,-,-,-,-,-
1798544,Entregas Finalizadas Fora de Manaus,8,-,-,2025-06-27 22:44:16,27/06/2025 22:44,-,-,-,-,-,-,-
1798539,Entregas Finalizadas Fora de Manaus,8,-,-,2025-06-27 22:09:31,27/06/2025 22:09,-,-,-,-,-,-,-
1798523,Entregas Finalizadas Fora de Manaus,8,-,-,2025-06-28 12:15:50,28/06/2025 12:15,-,-,-,-,-,-,-
1798515,Entregas Finalizadas Fora de Manaus,8,-,-,2025-06-27 15:12:45,27/06/2025 15:12,-,-,-,-,-,-,-
1798450,Vendedor - Nova Encomenda,1,-,-,2025-06-27 11:13:24,27/06/2025 11:13,-,-,-,-,-,-,-
1798447,Entregas Finalizadas Fora de Manaus,8,-,-,2025-07-01 14:23:25,01/07/2025 14:23,-,-,-,-,-,-,-
1798435,Entregas Finalizadas Fora de Manaus,8,-,-,2025-06-27 22:57:10,27/06/2025 22:57,-,-,-,-,-,-,-
1798426,Entregas Finalizadas Fora de Manaus,8,-,-,2025-06-27 22:17:49,27/06/2025 22:17,-,-,-,-,-,-,-
1798424,Vendedor - Nova Encomenda,1,-,-,2025-06-27 11:04:00,27/06/2025 11:04,-,-,-,-,-,-,-
1798419,Entregas Finalizadas Manaus,6,-,-,2025-06-27 13:11:51,27/06/2025 13:11,-,-,-,-,-,-,-
1798377,Entregas Finalizadas Fora de Manaus,8,-,-,2025-06-27 22:27:09,27/06/2025 22:27,-,-,-,-,-,-,-
1798369,Entregas Finalizadas Fora de Manaus,8,-,-,2025-06-27 12:43:14,27/06/2025 12:43,-,-,-,-,-,-,-
1798251,Entregas Finalizadas Fora de Manaus,8,-,-,2025-06-28 01:25:59,28/06/2025 01:25,-,-,-,-,-,-,-
1798247,Vendedor - Nova Encomenda,1,-,-,2025-06-27 10:12:03,27/06/2025 10:12,-,-,-,-,-,-,-
1798234,Entregas Finalizadas Fora de Manaus,8,-,-,2025-06-27 21:31:02,27/06/2025 21:31,-,-,-,-,-,-,-
1798225,Entregas Finalizadas Fora de Manaus,8,-,-,2025-06-27 22:52:38,27/06/2025 22:52,-,-,-,-,-,-,-
1798205,Entregas Finalizadas Fora de Manaus,8,-,-,2025-06-27 23:08:32,27/06/2025 23:08,-,-,-,-,-,-,-
1798203,Entregas Finalizadas Fora de Manaus,8,-,-,2025-06-27 21:41:48,27/06/2025 21:41,-,-,-,-,-,-,-
1798189,Entregas Finalizadas Fora de Manaus,8,-,-,2025-06-27 13:42:10,27/06/2025 13:42,-,-,-,-,-,-,-
1798183,Entregas Finalizadas Fora de Manaus,8,-,-,2025-06-27 21:38:31,27/06/2025 21:38,-,-,-,-,-,-,-
1798173,Entregas Finalizadas Fora de Manaus,8,-,-,2025-06-27 22:23:47,27/06/2025 22:23,-,-,-,-,-,-,-
1798159,Entregas Finalizadas Fora de Manaus,8,-,-,2025-06-27 23:06:58,27/06/2025 23:06,-,-,-,-,-,-,-
1798140,Entregas Finalizadas Fora de Manaus,8,-,-,2025-06-30 23:07:56,30/06/2025 23:07,-,-,-,-,-,-,-
1797912,Entregas Finalizadas Fora de Manaus,8,-,-,2025-06-27 17:38:10,27/06/2025 17:38,-,-,-,-,-,-,-
1797315,Entregas Finalizadas Fora de Manaus,8,-,-,2025-06-27 22:36:01,27/06/2025 22:36,-,-,-,-,-,-,-
1797277,Entregas Finalizadas Fora de Manaus,8,-,-,2025-06-27 23:13:33,27/06/2025 23:13,-,-,-,-,-,-,-
1797275,Vendedor - Nova Encomenda,1,-,-,2025-06-26 19:02:47,26/06/2025 19:02,-,-,-,-,-,-,-
1797258,Entregas Finalizadas Fora de Manaus,8,-,-,2025-07-01 12:55:06,01/07/2025 12:55,-,-,-,-,-,-,-
1797255,Entregas Finalizadas Fora de Manaus,8,-,-,2025-06-27 23:04:50,27/06/2025 23:04,-,-,-,-,-,-,-
1797250,Entregas Finalizadas Fora de Manaus,8,-,-,2025-06-27 22:04:38,27/06/2025 22:04,-,-,-,-,-,-,-
1797246,Entregas Finalizadas Fora de Manaus,8,-,-,2025-06-30 23:24:53,30/06/2025 23:24,-,-,-,-,-,-,-
1797232,Entregas Finalizadas Fora de Manaus,8,-,-,2025-06-27 22:51:01,27/06/2025 22:51,-,-,-,-,-,-,-
1797217,Entregas Finalizadas Fora de Manaus,8,-,-,2025-07-01 14:01:43,01/07/2025 14:01,-,-,-,-,-,-,-
1797205,Entregas Finalizadas Fora de Manaus,8,-,-,2025-06-27 23:15:33,27/06/2025 23:15,-,-,-,-,-,-,-
1797194,Entregas Finalizadas Fora de Manaus,8,-,-,2025-06-27 22:20:18,27/06/2025 22:20,-,-,-,-,-,-,-
1797190,Entregas Finalizadas Fora de Manaus,8,-,-,2025-06-27 21:40:12,27/06/2025 21:40,-,-,-,-,-,-,-
1797103,Entregas Finalizadas Fora de Manaus,8,-,-,2025-06-27 11:44:20,27/06/2025 11:44,-,-,-,-,-,-,-
1797083,Entregas Finalizadas Manaus,6,-,-,2025-06-27 16:41:23,27/06/2025 16:41,-,-,-,-,-,-,-
1797011,Vendedor - Nova Encomenda,1,-,-,2025-06-26 16:20:16,26/06/2025 16:20,-,-,-,-,-,-,-
1796802,Vendedor - Nova Encomenda,1,-,-,2025-06-26 15:35:26,26/06/2025 15:35,-,-,-,-,-,-,-
1796382,Entregas Finalizadas Manaus,6,-,-,2025-06-26 18:22:35,26/06/2025 18:22,-,-,-,-,-,-,-
1796044,Vendedor - Nova Encomenda,1,-,-,2025-06-26 14:46:44,26/06/2025 14:46,-,-,-,-,-,-,-
1795864,Entregas Finalizadas Manaus,6,-,-,2025-06-26 17:46:34,26/06/2025 17:46,-,-,-,-,-,-,-
1795820,Entregas Finalizadas Fora de Manaus,8,-,-,2025-06-27 16:59:44,27/06/2025 16:59,-,-,-,-,-,-,-
1795791,Entregas Finalizadas Manaus,6,-,-,2025-06-26 18:12:52,26/06/2025 18:12,-,-,-,-,-,-,-
1795732,Entregas Finalizadas Fora de Manaus,8,-,-,2025-06-26 16:19:18,26/06/2025 16:19,-,-,-,-,-,-,-
1795667,Entregas Finalizadas Fora de Manaus,8,-,-,2025-06-26 17:45:46,26/06/2025 17:45,-,-,-,-,-,-,-
1794923,Entregas Finalizadas Fora de Manaus,8,-,-,2025-06-26 18:14:19,26/06/2025 18:14,-,-,-,-,-,-,-
1794866,Entregas Finalizadas Manaus,6,-,-,2025-06-26 17:27:28,26/06/2025 17:27,-,-,-,-,-,-,-
1794669,Entregas Finalizadas Manaus,6,-,-,2025-06-26 19:17:08,26/06/2025 19:17,-,-,-,-,-,-,-
1794624,Entregas Finalizadas Manaus,6,-,-,2025-06-26 17:15:59,26/06/2025 17:15,-,-,-,-,-,-,-
1794510,Entregas Finalizadas Manaus,6,-,-,2025-06-26 17:24:47,26/06/2025 17:24,-,-,-,-,-,-,-
1794398,Entregas Finalizadas Fora de Manaus,8,-,-,2025-06-28 11:11:39,28/06/2025 11:11,-,-,-,-,-,-,-
1794379,Entregas Finalizadas Fora de Manaus,8,-,-,2025-07-02 22:32:07,02/07/2025 22:32,-,-,-,-,-,-,-
1794373,Entregas Finalizadas Fora de Manaus,8,-,-,2025-06-26 17:54:45,26/06/2025 17:54,-,-,-,-,-,-,-
1794309,Entregas Finalizadas Manaus,6,-,-,2025-06-26 13:56:03,26/06/2025 13:56,-,-,-,-,-,-,-
1794298,Entregas Finalizadas Manaus,6,-,-,2025-06-26 18:10:30,26/06/2025 18:10,-,-,-,-,-,-,-
1794288,Vendedor - Nova Encomenda,1,-,-,2025-06-26 12:04:28,26/06/2025 12:04,-,-,-,-,-,-,-
1794282,Entregas Finalizadas Fora de Manaus,8,-,-,2025-06-26 17:15:37,26/06/2025 17:15,-,-,-,-,-,-,-
1794271,Entregas Finalizadas Fora de Manaus,8,-,-,2025-06-26 16:56:24,26/06/2025 16:56,-,-,-,-,-,-,-
1794254,Entregas Finalizadas Fora de Manaus,8,-,-,2025-06-26 17:29:12,26/06/2025 17:29,-,-,-,-,-,-,-
1794249,Entregas Finalizadas Manaus,6,-,-,2025-06-26 18:00:46,26/06/2025 18:00,-,-,-,-,-,-,-
1794173,Entregas Finalizadas Fora de Manaus,8,-,-,2025-07-07 23:19:13,07/07/2025 23:19,-,-,-,-,-,-,-
1794170,Entregas Finalizadas Fora de Manaus,8,-,-,2025-06-26 18:20:52,26/06/2025 18:20,-,-,-,-,-,-,-
1793966,Entregas Finalizadas Fora de Manaus,8,-,-,2025-06-26 17:21:24,26/06/2025 17:21,-,-,-,-,-,-,-
1793847,Entregas Finalizadas Fora de Manaus,8,-,-,2025-06-26 17:18:47,26/06/2025 17:18,-,-,-,-,-,-,-
1793410,Entregas Finalizadas Fora de Manaus,8,-,-,2025-06-26 15:15:26,26/06/2025 15:15,-,-,-,-,-,-,-
1793334,Entregas Finalizadas Fora de Manaus,8,-,-,2025-06-26 13:07:19,26/06/2025 13:07,-,-,-,-,-,-,-
1793241,Entregas Finalizadas Manaus,6,-,-,2025-06-26 15:03:13,26/06/2025 15:03,-,-,-,-,-,-,-
1793132,Entregas Finalizadas Fora de Manaus,8,-,-,2025-06-26 16:23:39,26/06/2025 16:23,-,-,-,-,-,-,-
1792943,Entregas Finalizadas Fora de Manaus,8,-,-,2025-06-26 14:03:17,26/06/2025 14:03,-,-,-,-,-,-,-
1792939,Entregas Finalizadas Fora de Manaus,8,-,-,2025-06-26 13:33:06,26/06/2025 13:33,-,-,-,-,-,-,-
1792933,Entregas Finalizadas Manaus,6,-,-,2025-06-26 14:41:39,26/06/2025 14:41,-,-,-,-,-,-,-
1792920,Entregas Finalizadas Fora de Manaus,8,-,-,2025-06-26 14:21:54,26/06/2025 14:21,-,-,-,-,-,-,-
1792906,Entregas Finalizadas Fora de Manaus,8,-,-,2025-06-26 12:51:48,26/06/2025 12:51,-,-,-,-,-,-,-
1792634,Entregas Finalizadas Manaus,6,-,-,2025-06-25 17:13:56,25/06/2025 17:13,-,-,-,-,-,-,-
1792628,Vendedor - Nova Encomenda,1,-,-,2025-06-25 15:47:58,25/06/2025 15:47,-,-,-,-,-,-,-
1792521,Entregas Finalizadas Manaus,6,-,-,2025-06-25 16:44:59,25/06/2025 16:44,-,-,-,-,-,-,-
1792445,Entregas Finalizadas Manaus,6,-,-,2025-06-25 18:09:11,25/06/2025 18:09,-,-,-,-,-,-,-
1792431,Vendedor - Nova Encomenda,1,-,-,2025-06-25 14:03:45,25/06/2025 14:03,-,-,-,-,-,-,-
1792395,Entregas Finalizadas Fora de Manaus,8,-,-,2025-06-25 16:45:05,25/06/2025 16:45,-,-,-,-,-,-,-
1792365,Vendedor - Nova Encomenda,1,-,-,2025-06-25 13:31:48,25/06/2025 13:31,-,-,-,-,-,-,-
1792303,Entregas Finalizadas Fora de Manaus,8,-,-,2025-06-25 17:08:25,25/06/2025 17:08,-,-,-,-,-,-,-
1792272,Entregas Finalizadas Fora de Manaus,8,-,-,2025-06-27 22:59:00,27/06/2025 22:59,-,-,-,-,-,-,-
1792270,Entregas Finalizadas Manaus,6,-,-,2025-06-25 13:20:38,25/06/2025 13:20,-,-,-,-,-,-,-
1792247,Entregas Finalizadas Manaus,6,-,-,2025-06-25 17:01:52,25/06/2025 17:01,-,-,-,-,-,-,-
1792211,Entregas Finalizadas Fora de Manaus,8,-,-,2025-06-26 14:11:50,26/06/2025 14:11,-,-,-,-,-,-,-
1792207,Entregas Finalizadas Manaus,6,-,-,2025-06-25 14:49:02,25/06/2025 14:49,-,-,-,-,-,-,-
1792192,Vendedor - Nova Encomenda,1,-,-,2025-06-25 12:13:50,25/06/2025 12:13,-,-,-,-,-,-,-
1792188,Entregas Finalizadas Fora de Manaus,8,-,-,2025-06-25 16:43:25,25/06/2025 16:43,-,-,-,-,-,-,-
1792181,Entregas Finalizadas Fora de Manaus,8,-,-,2025-06-25 16:44:37,25/06/2025 16:44,-,-,-,-,-,-,-
1792179,Vendedor - Nova Encomenda,1,-,-,2025-06-25 12:07:51,25/06/2025 12:07,-,-,-,-,-,-,-
1792165,Vendedor - Nova Encomenda,1,-,-,2025-06-25 11:59:19,25/06/2025 11:59,-,-,-,-,-,-,-
1792139,Entregas Finalizadas Fora de Manaus,8,-,-,2025-07-02 22:54:37,02/07/2025 22:54,-,-,-,-,-,-,-
1792120,Vendedor - Nova Encomenda,1,-,-,2025-06-25 11:33:05,25/06/2025 11:33,-,-,-,-,-,-,-
1792091,Entregas Finalizadas Manaus,6,-,-,2025-06-26 13:31:01,26/06/2025 13:31,-,-,-,-,-,-,-
1792081,Entregas Finalizadas Fora de Manaus,8,-,-,2025-06-26 14:05:18,26/06/2025 14:05,-,-,-,-,-,-,-
1792073,Vendedor - Nova Encomenda,1,-,-,2025-06-25 11:10:43,25/06/2025 11:10,-,-,-,-,-,-,-
1792056,Vendedor - Nova Encomenda,1,-,-,2025-06-25 11:04:10,25/06/2025 11:04,-,-,-,-,-,-,-
1792008,Entregas Finalizadas Fora de Manaus,8,-,-,2025-06-25 12:59:33,25/06/2025 12:59,-,-,-,-,-,-,-
1792003,Entregas Finalizadas Fora de Manaus,8,-,-,2025-06-25 12:37:00,25/06/2025 12:37,-,-,-,-,-,-,-
1791915,Entregas Finalizadas Fora de Manaus,8,-,-,2025-06-25 16:38:26,25/06/2025 16:38,-,-,-,-,-,-,-
1791888,Entregas Finalizadas Fora de Manaus,8,-,-,2025-06-25 13:01:30,25/06/2025 13:01,-,-,-,-,-,-,-
1791851,Entregas Finalizadas Manaus,6,-,-,2025-06-25 14:34:20,25/06/2025 14:34,-,-,-,-,-,-,-
1791826,Entregas Finalizadas Fora de Manaus,8,-,-,2025-06-25 12:31:54,25/06/2025 12:31,-,-,-,-,-,-,-
1791809,Entregas Finalizadas Fora de Manaus,8,-,-,2025-06-25 17:12:14,25/06/2025 17:12,-,-,-,-,-,-,-
1791788,Vendedor - Nova Encomenda,1,-,-,2025-06-25 09:19:08,25/06/2025 09:19,-,-,-,-,-,-,-
1791640,Entregas Finalizadas Manaus,6,-,-,2025-06-25 13:29:46,25/06/2025 13:29,-,-,-,-,-,-,-
1791563,Entregas Finalizadas Manaus,6,-,-,2025-06-25 09:25:06,25/06/2025 09:25,-,-,-,-,-,-,-
1791488,Entregas Finalizadas Fora de Manaus,8,-,-,2025-06-25 13:42:43,25/06/2025 13:42,-,-,-,-,-,-,-
1791486,Entregas Finalizadas Fora de Manaus,8,-,-,2025-06-25 13:23:33,25/06/2025 13:23,-,-,-,-,-,-,-
1791442,Entregas Finalizadas Fora de Manaus,8,-,-,2025-06-25 12:40:36,25/06/2025 12:40,-,-,-,-,-,-,-
1791427,Entregas Finalizadas Fora de Manaus,8,-,-,2025-07-02 22:53:13,02/07/2025 22:53,-,-,-,-,-,-,-
1791264,Entregas Finalizadas Fora de Manaus,8,-,-,2025-06-24 17:05:56,24/06/2025 17:05,-,-,-,-,-,-,-
1791199,Entregas Finalizadas Manaus,6,-,-,2025-06-24 17:21:54,24/06/2025 17:21,-,-,-,-,-,-,-
1791190,Entregas Finalizadas Manaus,6,-,-,2025-06-25 09:38:36,25/06/2025 09:38,-,-,-,-,-,-,-
1791132,Entregas Finalizadas Fora de Manaus,8,-,-,2025-06-24 16:50:52,24/06/2025 16:50,-,-,-,-,-,-,-
1791106,Entregas Finalizadas Fora de Manaus,8,-,-,2025-06-25 22:01:10,25/06/2025 22:01,-,-,-,-,-,-,-
1791084,Entregas Finalizadas Manaus,6,-,-,2025-06-24 19:48:45,24/06/2025 19:48,-,-,-,-,-,-,-
1791081,Entregas Finalizadas Fora de Manaus,8,-,-,2025-06-25 13:46:51,25/06/2025 13:46,-,-,-,-,-,-,-
1791023,Entregas Finalizadas Manaus,6,-,-,2025-06-24 19:38:35,24/06/2025 19:38,-,-,-,-,-,-,-
1791015,Entregas Finalizadas Manaus,6,-,-,2025-06-25 09:56:58,25/06/2025 09:56,-,-,-,-,-,-,-
1790985,Entregas Finalizadas Manaus,6,-,-,2025-06-24 17:11:31,24/06/2025 17:11,-,-,-,-,-,-,-
1790882,Entregas Finalizadas Manaus,6,-,-,2025-06-24 13:56:11,24/06/2025 13:56,-,-,-,-,-,-,-
1790867,Entregas Finalizadas Fora de Manaus,8,-,-,2025-06-24 16:30:41,24/06/2025 16:30,-,-,-,-,-,-,-
1790829,Entregas Finalizadas Fora de Manaus,8,-,-,2025-06-24 17:43:49,24/06/2025 17:43,-,-,-,-,-,-,-
1790827,Entregas Finalizadas Fora de Manaus,8,-,-,2025-06-24 16:41:23,24/06/2025 16:41,-,-,-,-,-,-,-
1790748,Entregas Finalizadas Fora de Manaus,8,-,-,2025-06-24 17:29:11,24/06/2025 17:29,-,-,-,-,-,-,-
1790743,Vendedor - Nova Encomenda,1,-,-,2025-06-24 11:34:41,24/06/2025 11:34,-,-,-,-,-,-,-
1790730,Entregas Finalizadas Fora de Manaus,8,-,-,2025-06-24 17:09:28,24/06/2025 17:09,-,-,-,-,-,-,-
1790668,Entregas Finalizadas Fora de Manaus,8,-,-,2025-06-24 17:55:16,24/06/2025 17:55,-,-,-,-,-,-,-
1790637,Entregas Finalizadas Fora de Manaus,8,-,-,2025-06-26 14:33:54,26/06/2025 14:33,-,-,-,-,-,-,-
1790491,Entregas Finalizadas Fora de Manaus,8,-,-,2025-06-25 22:03:20,25/06/2025 22:03,-,-,-,-,-,-,-
1790481,Entregas Finalizadas Fora de Manaus,8,-,-,2025-06-25 10:28:08,25/06/2025 10:28,-,-,-,-,-,-,-
1790471,Entregas Finalizadas Fora de Manaus,8,-,-,2025-06-24 14:20:36,24/06/2025 14:20,-,-,-,-,-,-,-
1790439,Entregas Finalizadas Fora de Manaus,8,-,-,2025-06-26 14:20:26,26/06/2025 14:20,-,-,-,-,-,-,-
1790435,Entregas Finalizadas Fora de Manaus,8,-,-,2025-06-25 00:08:46,25/06/2025 00:08,-,-,-,-,-,-,-
1790412,Entregas Finalizadas Fora de Manaus,8,-,-,2025-06-24 13:21:39,24/06/2025 13:21,-,-,-,-,-,-,-
1790406,Entregas Finalizadas Fora de Manaus,8,-,-,2025-06-24 13:28:38,24/06/2025 13:28,-,-,-,-,-,-,-
1790203,Entregas Finalizadas Fora de Manaus,8,-,-,2025-06-24 12:56:55,24/06/2025 12:56,-,-,-,-,-,-,-
1790171,Entregas Finalizadas Fora de Manaus,8,-,-,2025-06-24 07:21:00,24/06/2025 07:21,-,-,-,-,-,-,-
1790153,Entregas Finalizadas Fora de Manaus,8,-,-,2025-06-24 10:09:20,24/06/2025 10:09,-,-,-,-,-,-,-
1790129,Entregas Finalizadas Fora de Manaus,8,-,-,2025-06-24 13:44:09,24/06/2025 13:44,-,-,-,-,-,-,-
1790118,Entregas Finalizadas Manaus,6,-,-,2025-06-24 14:04:06,24/06/2025 14:04,-,-,-,-,-,-,-
1790113,Vendedor - Nova Encomenda,1,-,-,2025-06-23 18:10:57,23/06/2025 18:10,-,-,-,-,-,-,-
1790069,Entregas Finalizadas Manaus,6,-,-,2025-06-24 18:01:11,24/06/2025 18:01,-,-,-,-,-,-,-
1790041,Entregas Finalizadas Fora de Manaus,8,-,-,2025-06-24 16:36:50,24/06/2025 16:36,-,-,-,-,-,-,-
1790035,Entregas Finalizadas Fora de Manaus,8,-,-,2025-06-24 16:51:13,24/06/2025 16:51,-,-,-,-,-,-,-
1790022,Entregas Finalizadas Fora de Manaus,8,-,-,2025-06-24 13:15:17,24/06/2025 13:15,-,-,-,-,-,-,-
1789956,Entregas Finalizadas Manaus,6,-,-,2025-06-23 18:39:33,23/06/2025 18:39,-,-,-,-,-,-,-
1789938,Logística - Despacho da Encomenda,2,-,00:00 Horas,2025-06-23 16:56:39,23/06/2025 16:56,-,23/06/2025 16:56,-,-,-,-,-
1789928,Entregas Finalizadas Manaus,6,-,-,2025-06-24 14:16:06,24/06/2025 14:16,-,-,-,-,-,-,-
1789868,Entregas Finalizadas Manaus,6,-,-,2025-06-24 14:47:03,24/06/2025 14:47,-,-,-,-,-,-,-
1789855,Entregas Finalizadas Fora de Manaus,8,-,-,2025-06-23 21:30:30,23/06/2025 21:30,-,-,-,-,-,-,-
1789840,Entregas Finalizadas Fora de Manaus,8,-,-,2025-06-23 18:39:13,23/06/2025 18:39,-,-,-,-,-,-,-
1789808,Entregas Finalizadas Fora de Manaus,8,-,-,2025-06-23 21:36:53,23/06/2025 21:36,-,-,-,-,-,-,-
1789777,Entregas Finalizadas Manaus,6,-,-,2025-06-23 18:58:26,23/06/2025 18:58,-,-,-,-,-,-,-
1789770,Vendedor - Nova Encomenda,1,-,-,2025-06-23 15:32:56,23/06/2025 15:32,-,-,-,-,-,-,-
1789752,Entregas Finalizadas Fora de Manaus,8,-,-,2025-06-25 13:29:59,25/06/2025 13:29,-,-,-,-,-,-,-
1789719,Entregas Finalizadas Manaus,6,-,-,2025-06-23 18:22:51,23/06/2025 18:22,-,-,-,-,-,-,-
1789706,Entregas Finalizadas Manaus,6,-,-,2025-06-23 18:28:04,23/06/2025 18:28,-,-,-,-,-,-,-
1789696,Entregas Finalizadas Fora de Manaus,8,-,-,2025-06-24 11:22:56,24/06/2025 11:22,-,-,-,-,-,-,-
1789671,Entregas Finalizadas Fora de Manaus,8,-,-,2025-06-24 11:16:08,24/06/2025 11:16,-,-,-,-,-,-,-
1789620,Entregas Finalizadas Manaus,6,-,-,2025-06-23 18:03:52,23/06/2025 18:03,-,-,-,-,-,-,-
1789589,Entregas Finalizadas Fora de Manaus,8,-,-,2025-06-25 00:25:11,25/06/2025 00:25,-,-,-,-,-,-,-
1789558,Entregas Finalizadas Manaus,6,-,-,2025-06-23 19:18:25,23/06/2025 19:18,-,-,-,-,-,-,-
1789492,Entregas Finalizadas Fora de Manaus,8,-,-,2025-06-24 13:05:59,24/06/2025 13:05,-,-,-,-,-,-,-
1789426,Entregas Finalizadas Manaus,6,-,-,2025-06-23 15:06:19,23/06/2025 15:06,-,-,-,-,-,-,-
1789414,Entregas Finalizadas Manaus,6,-,-,2025-06-23 18:19:25,23/06/2025 18:19,-,-,-,-,-,-,-
1789293,Entregas Finalizadas Fora de Manaus,8,-,-,2025-06-24 07:23:34,24/06/2025 07:23,-,-,-,-,-,-,-
1789272,Entregas Finalizadas Manaus,6,-,-,2025-06-23 19:05:09,23/06/2025 19:05,-,-,-,-,-,-,-
1789252,Entregas Finalizadas Manaus,6,-,-,2025-06-23 14:24:30,23/06/2025 14:24,-,-,-,-,-,-,-
1789242,Entregas Finalizadas Manaus,6,-,-,2025-06-23 19:39:34,23/06/2025 19:39,-,-,-,-,-,-,-
1789227,Entregas Finalizadas Manaus,6,-,-,2025-06-23 22:06:36,23/06/2025 22:06,-,-,-,-,-,-,-
1789220,Entregas Finalizadas Fora de Manaus,8,-,-,2025-07-04 13:21:13,04/07/2025 13:21,-,-,-,-,-,-,-
1789207,Entregas Finalizadas Manaus,6,-,-,2025-06-23 19:25:11,23/06/2025 19:25,-,-,-,-,-,-,-
1789140,Entregas Finalizadas Fora de Manaus,8,-,-,2025-06-23 13:41:27,23/06/2025 13:41,-,-,-,-,-,-,-
1789098,Vendedor - Nova Encomenda,1,-,-,2025-06-23 11:43:08,23/06/2025 11:43,-,-,-,-,-,-,-
1789078,Entregas Finalizadas Fora de Manaus,8,-,-,2025-06-23 13:51:35,23/06/2025 13:51,-,-,-,-,-,-,-
1789056,Entregas Finalizadas Fora de Manaus,8,-,-,2025-06-23 13:57:53,23/06/2025 13:57,-,-,-,-,-,-,-
1789018,Entregas Finalizadas Fora de Manaus,8,-,-,2025-06-25 00:22:16,25/06/2025 00:22,-,-,-,-,-,-,-
1789007,Logística - Despacho da Encomenda,2,-,00:00 Horas,2025-06-24 09:27:11,24/06/2025 09:27,-,24/06/2025 09:27,-,-,-,-,-
1788964,Entregas Finalizadas Fora de Manaus,8,-,-,2025-06-23 21:34:53,23/06/2025 21:34,-,-,-,-,-,-,-
1788947,Entregas Finalizadas Fora de Manaus,8,-,-,2025-06-23 13:53:34,23/06/2025 13:53,-,-,-,-,-,-,-
1788824,Entregas Finalizadas Fora de Manaus,8,-,-,2025-06-25 00:17:59,25/06/2025 00:17,-,-,-,-,-,-,-
1788820,Vendedor - Nova Encomenda,1,-,-,2025-06-23 10:45:24,23/06/2025 10:45,-,-,-,-,-,-,-
1788802,Entregas Finalizadas Fora de Manaus,8,-,-,2025-06-24 13:13:34,24/06/2025 13:13,-,-,-,-,-,-,-
1788713,Entregas Finalizadas Fora de Manaus,8,-,-,2025-06-23 21:18:55,23/06/2025 21:18,-,-,-,-,-,-,-
1788666,Entregas Finalizadas Fora de Manaus,8,-,-,2025-06-25 09:42:58,25/06/2025 09:42,-,-,-,-,-,-,-
1788390,Entregas Finalizadas Fora de Manaus,8,-,-,2025-06-23 21:17:15,23/06/2025 21:17,-,-,-,-,-,-,-
1788330,Entregas Finalizadas Fora de Manaus,8,-,-,2025-06-25 22:04:50,25/06/2025 22:04,-,-,-,-,-,-,-
1788300,Entregas Finalizadas Fora de Manaus,8,-,-,2025-06-26 10:50:48,26/06/2025 10:50,-,-,-,-,-,-,-
1788218,Entregas Finalizadas Fora de Manaus,8,-,-,2025-06-27 22:01:13,27/06/2025 22:01,-,-,-,-,-,-,-
1788140,Entregas Finalizadas Fora de Manaus,8,-,-,2025-06-24 13:26:44,24/06/2025 13:26,-,-,-,-,-,-,-
1788125,Entregas Finalizadas Fora de Manaus,8,-,-,2025-06-23 15:52:04,23/06/2025 15:52,-,-,-,-,-,-,-
1788091,Entregas Finalizadas Fora de Manaus,8,-,-,2025-06-23 15:48:35,23/06/2025 15:48,-,-,-,-,-,-,-
1787898,Entregas Finalizadas Fora de Manaus,8,-,-,2025-06-23 15:50:51,23/06/2025 15:50,-,-,-,-,-,-,-
1787857,Entregas Finalizadas Fora de Manaus,8,-,-,2025-06-23 19:22:36,23/06/2025 19:22,-,-,-,-,-,-,-
1787839,Entregas Finalizadas Fora de Manaus,8,-,-,2025-06-23 15:46:30,23/06/2025 15:46,-,-,-,-,-,-,-
1787324,Entregas Finalizadas Fora de Manaus,8,-,-,2025-06-23 21:32:42,23/06/2025 21:32,-,-,-,-,-,-,-
1787313,Entregas Finalizadas Fora de Manaus,8,-,-,2025-06-22 11:18:31,22/06/2025 11:18,-,-,-,-,-,-,-
1787310,Entregas Finalizadas Fora de Manaus,8,-,-,2025-06-25 09:39:31,25/06/2025 09:39,-,-,-,-,-,-,-
1787243,Entregas Finalizadas Fora de Manaus,8,-,-,2025-06-30 14:37:13,30/06/2025 14:37,-,-,-,-,-,-,-
1787238,Entregas Finalizadas Manaus,6,-,-,2025-06-21 13:36:12,21/06/2025 13:36,-,-,-,-,-,-,-
1787234,Vendedor - Nova Encomenda,1,-,-,2025-06-21 12:18:27,21/06/2025 12:18,-,-,-,-,-,-,-
1787231,Entregas Finalizadas Fora de Manaus,8,-,-,2025-06-21 12:49:49,21/06/2025 12:49,-,-,-,-,-,-,-
1787226,Entregas Finalizadas Manaus,6,-,-,2025-06-21 12:59:20,21/06/2025 12:59,-,-,-,-,-,-,-
1787224,Vendedor - Nova Encomenda,1,-,-,2025-06-21 12:09:21,21/06/2025 12:09,-,-,-,-,-,-,-
1787203,Entregas Finalizadas Fora de Manaus,8,-,-,2025-06-21 15:29:10,21/06/2025 15:29,-,-,-,-,-,-,-
1787197,Vendedor - Nova Encomenda,1,-,-,2025-06-21 11:49:45,21/06/2025 11:49,-,-,-,-,-,-,-
1787182,Entregas Finalizadas Fora de Manaus,8,-,-,2025-06-21 12:50:50,21/06/2025 12:50,-,-,-,-,-,-,-
1787175,Entregas Finalizadas Fora de Manaus,8,-,-,2025-06-24 10:54:38,24/06/2025 10:54,-,-,-,-,-,-,-
1787173,Entregas Finalizadas Fora de Manaus,8,-,-,2025-06-23 21:14:09,23/06/2025 21:14,-,-,-,-,-,-,-
1787159,Entregas Finalizadas Fora de Manaus,8,-,-,2025-06-25 09:53:05,25/06/2025 09:53,-,-,-,-,-,-,-
1787151,Entregas Finalizadas Fora de Manaus,8,-,-,2025-06-21 14:50:44,21/06/2025 14:50,-,-,-,-,-,-,-
1787149,Entregas Finalizadas Fora de Manaus,8,-,-,2025-06-21 12:30:03,21/06/2025 12:30,-,-,-,-,-,-,-
1787143,Entregas Finalizadas Manaus,6,-,-,2025-06-21 17:22:23,21/06/2025 17:22,-,-,-,-,-,-,-
1787134,Entregas Finalizadas Fora de Manaus,8,-,-,2025-06-24 10:56:05,24/06/2025 10:56,-,-,-,-,-,-,-
1787131,Entregas Finalizadas Manaus,6,-,-,2025-06-23 13:30:18,23/06/2025 13:30,-,-,-,-,-,-,-
1787126,Entregas Finalizadas Fora de Manaus,8,-,-,2025-06-21 16:02:25,21/06/2025 16:02,-,-,-,-,-,-,-
1787120,Entregas Finalizadas Manaus,6,-,-,2025-06-21 12:42:06,21/06/2025 12:42,-,-,-,-,-,-,-
1787106,Entregas Finalizadas Fora de Manaus,8,-,-,2025-06-23 21:24:16,23/06/2025 21:24,-,-,-,-,-,-,-
1787098,Entregas Finalizadas Fora de Manaus,8,-,-,2025-06-23 13:57:43,23/06/2025 13:57,-,-,-,-,-,-,-
1787094,Entregas Finalizadas Fora de Manaus,8,-,-,2025-06-23 21:38:07,23/06/2025 21:38,-,-,-,-,-,-,-
1786874,Entregas Finalizadas Fora de Manaus,8,-,-,2025-06-24 16:44:20,24/06/2025 16:44,-,-,-,-,-,-,-
1786872,Entregas Finalizadas Fora de Manaus,8,-,-,2025-06-24 12:55:36,24/06/2025 12:55,-,-,-,-,-,-,-
1786863,Entregas Finalizadas Fora de Manaus,8,-,-,2025-06-23 21:28:34,23/06/2025 21:28,-,-,-,-,-,-,-
1786854,Entregas Finalizadas Fora de Manaus,8,-,-,2025-06-23 13:05:35,23/06/2025 13:05,-,-,-,-,-,-,-
1786826,Entregas Finalizadas Fora de Manaus,8,-,-,2025-06-21 14:49:05,21/06/2025 14:49,-,-,-,-,-,-,-
1786821,Entregas Finalizadas Fora de Manaus,8,-,-,2025-06-25 00:15:38,25/06/2025 00:15,-,-,-,-,-,-,-
1786782,Entregas Finalizadas Manaus,6,-,-,2025-06-21 12:29:40,21/06/2025 12:29,-,-,-,-,-,-,-
1786775,Entregas Finalizadas Manaus,6,-,-,2025-06-21 09:46:48,21/06/2025 09:46,-,-,-,-,-,-,-
1786766,Entregas Finalizadas Fora de Manaus,8,-,-,2025-06-23 21:26:30,23/06/2025 21:26,-,-,-,-,-,-,-
1786691,Entregas Finalizadas Fora de Manaus,8,-,-,2025-06-20 17:22:13,20/06/2025 17:22,-,-,-,-,-,-,-
1786609,Entregas Finalizadas Fora de Manaus,8,-,-,2025-06-21 14:06:22,21/06/2025 14:06,-,-,-,-,-,-,-
1786602,Vendedor - Nova Encomenda,1,-,-,2025-06-20 16:03:11,20/06/2025 16:03,-,-,-,-,-,-,-
1786591,Vendedor - Nova Encomenda,1,-,-,2025-06-20 15:59:13,20/06/2025 15:59,-,-,-,-,-,-,-
1786581,Entregas Finalizadas Fora de Manaus,8,-,-,2025-06-20 17:47:01,20/06/2025 17:47,-,-,-,-,-,-,-
1786579,Entregas Finalizadas Manaus,6,-,-,2025-06-20 17:39:56,20/06/2025 17:39,-,-,-,-,-,-,-
1786552,Entregas Finalizadas Fora de Manaus,8,-,-,2025-06-20 17:47:35,20/06/2025 17:47,-,-,-,-,-,-,-
1786528,Entregas Finalizadas Manaus,6,-,-,2025-06-20 21:24:16,20/06/2025 21:24,-,-,-,-,-,-,-
1786517,Entregas Finalizadas Fora de Manaus,8,-,-,2025-06-20 17:06:26,20/06/2025 17:06,-,-,-,-,-,-,-
1786490,Entregas Finalizadas Fora de Manaus,8,-,-,2025-06-20 17:04:03,20/06/2025 17:04,-,-,-,-,-,-,-
1786461,Entregas Finalizadas Manaus,6,-,-,2025-06-20 17:53:34,20/06/2025 17:53,-,-,-,-,-,-,-
1786418,Entregas Finalizadas Fora de Manaus,8,-,-,2025-06-21 14:52:09,21/06/2025 14:52,-,-,-,-,-,-,-
1786292,Entregas Finalizadas Fora de Manaus,8,-,-,2025-06-20 18:18:06,20/06/2025 18:18,-,-,-,-,-,-,-
1786271,Entregas Finalizadas Fora de Manaus,8,-,-,2025-06-20 18:27:31,20/06/2025 18:27,-,-,-,-,-,-,-
1786259,Entregas Finalizadas Fora de Manaus,8,-,-,2025-06-23 13:22:41,23/06/2025 13:22,-,-,-,-,-,-,-
1786241,Entregas Finalizadas Manaus,6,-,-,2025-06-20 18:11:11,20/06/2025 18:11,-,-,-,-,-,-,-
1786214,Vendedor - Nova Encomenda,1,-,-,2025-06-20 12:57:39,20/06/2025 12:57,-,-,-,-,-,-,-
1786188,Entregas Finalizadas Manaus,6,-,-,2025-06-20 17:28:37,20/06/2025 17:28,-,-,-,-,-,-,-
1786137,Entregas Finalizadas Manaus,6,-,-,2025-06-20 13:35:17,20/06/2025 13:35,-,-,-,-,-,-,-
1786131,Entregas Finalizadas Manaus,6,-,-,2025-06-20 18:25:10,20/06/2025 18:25,-,-,-,-,-,-,-
1786120,Entregas Finalizadas Manaus,6,-,-,2025-06-20 20:58:47,20/06/2025 20:58,-,-,-,-,-,-,-
1786099,Entregas Finalizadas Fora de Manaus,8,-,-,2025-06-20 18:01:51,20/06/2025 18:01,-,-,-,-,-,-,-
1786044,Entregas Finalizadas Fora de Manaus,8,-,-,2025-06-20 12:47:28,20/06/2025 12:47,-,-,-,-,-,-,-
1786039,Entregas Finalizadas Fora de Manaus,8,-,-,2025-06-21 12:51:03,21/06/2025 12:51,-,-,-,-,-,-,-
1786030,Entregas Finalizadas Fora de Manaus,8,-,-,2025-06-20 18:11:59,20/06/2025 18:11,-,-,-,-,-,-,-
1786017,Entregas Finalizadas Fora de Manaus,8,-,-,2025-06-21 12:52:20,21/06/2025 12:52,-,-,-,-,-,-,-
1785997,Entregas Finalizadas Manaus,6,-,-,2025-06-20 18:03:32,20/06/2025 18:03,-,-,-,-,-,-,-
1785978,Entregas Finalizadas Fora de Manaus,8,-,-,2025-06-20 18:14:44,20/06/2025 18:14,-,-,-,-,-,-,-
1785967,Vendedor - Nova Encomenda,1,-,-,2025-06-20 10:50:26,20/06/2025 10:50,-,-,-,-,-,-,-
1785942,Entregas Finalizadas Fora de Manaus,8,-,-,2025-06-26 12:53:30,26/06/2025 12:53,-,-,-,-,-,-,-
1785939,Entregas Finalizadas Fora de Manaus,8,-,-,2025-06-20 18:50:24,20/06/2025 18:50,-,-,-,-,-,-,-
1785899,Entregas Finalizadas Fora de Manaus,8,-,-,2025-06-20 18:28:52,20/06/2025 18:28,-,-,-,-,-,-,-
1785894,Entregas Finalizadas Fora de Manaus,8,-,-,2025-06-20 12:43:15,20/06/2025 12:43,-,-,-,-,-,-,-
1785859,Entregas Finalizadas Fora de Manaus,8,-,-,2025-06-20 14:35:24,20/06/2025 14:35,-,-,-,-,-,-,-
1785838,Entregas Finalizadas Fora de Manaus,8,-,-,2025-06-20 14:33:47,20/06/2025 14:33,-,-,-,-,-,-,-
1785834,Entregas Finalizadas Fora de Manaus,8,-,-,2025-06-23 14:18:10,23/06/2025 14:18,-,-,-,-,-,-,-
1785832,Entregas Finalizadas Fora de Manaus,8,-,-,2025-06-20 12:43:10,20/06/2025 12:43,-,-,-,-,-,-,-
1785686,Entregas Finalizadas Manaus,6,-,-,2025-06-20 17:29:48,20/06/2025 17:29,-,-,-,-,-,-,-
1781918,Vendedor - Nova Encomenda,1,-,-,2025-06-18 18:36:04,18/06/2025 18:36,-,-,-,-,-,-,-
1781899,Entregas Finalizadas Fora de Manaus,8,-,-,2025-06-20 14:47:50,20/06/2025 14:47,-,-,-,-,-,-,-
1781897,Entregas Finalizadas Fora de Manaus,8,-,-,2025-06-20 13:31:27,20/06/2025 13:31,-,-,-,-,-,-,-
1781883,Entregas Finalizadas Fora de Manaus,8,-,-,2025-06-20 14:01:24,20/06/2025 14:01,-,-,-,-,-,-,-
1781809,Entregas Finalizadas Fora de Manaus,8,-,-,2025-06-23 21:12:33,23/06/2025 21:12,-,-,-,-,-,-,-
1781608,Entregas Finalizadas Fora de Manaus,8,-,-,2025-06-20 13:16:45,20/06/2025 13:16,-,-,-,-,-,-,-
1781596,Entregas Finalizadas Fora de Manaus,8,-,-,2025-06-20 13:48:10,20/06/2025 13:48,-,-,-,-,-,-,-
1781439,Vendedor - Nova Encomenda,1,-,-,2025-06-18 16:05:46,18/06/2025 16:05,-,-,-,-,-,-,-
1781419,Entregas Finalizadas Manaus,6,-,-,2025-06-20 16:26:30,20/06/2025 16:26,-,-,-,-,-,-,-
1781381,Entregas Finalizadas Fora de Manaus,8,-,-,2025-06-20 14:12:42,20/06/2025 14:12,-,-,-,-,-,-,-
1781333,Entregas Finalizadas Manaus,6,-,-,2025-06-20 23:30:37,20/06/2025 23:30,-,-,-,-,-,-,-
1781123,Entregas Finalizadas Manaus,6,-,-,2025-06-20 23:17:23,20/06/2025 23:17,-,-,-,-,-,-,-
1781026,Entregas Finalizadas Fora de Manaus,8,-,-,2025-06-18 16:40:33,18/06/2025 16:40,-,-,-,-,-,-,-
1781024,Entregas Finalizadas Fora de Manaus,8,-,-,2025-06-20 23:23:34,20/06/2025 23:23,-,-,-,-,-,-,-
1781020,Logística - Despacho da Encomenda,2,logistica@rommanelmanaus.com.br,00:00 Horas,2025-06-23 10:40:21,23/06/2025 10:40,-,23/06/2025 10:40,-,-,-,-,-
1781001,Entregas Finalizadas Fora de Manaus,8,-,-,2025-06-19 09:55:35,19/06/2025 09:55,-,-,-,-,-,-,-
1780996,Vendedor - Nova Encomenda,1,-,-,2025-06-18 14:24:27,18/06/2025 14:24,-,-,-,-,-,-,-
1780976,Entregas Finalizadas Fora de Manaus,8,-,-,2025-06-18 22:22:34,18/06/2025 22:22,-,-,-,-,-,-,-
1780963,Entregas Finalizadas Fora de Manaus,8,-,-,2025-06-18 22:26:40,18/06/2025 22:26,-,-,-,-,-,-,-
1780957,Entregas Finalizadas Fora de Manaus,8,-,-,2025-06-20 23:25:55,20/06/2025 23:25,-,-,-,-,-,-,-
1780948,Entregas Finalizadas Manaus,6,-,-,2025-06-20 23:20:19,20/06/2025 23:20,-,-,-,-,-,-,-
1780890,Entregas Finalizadas Manaus,6,-,-,2025-06-20 23:32:25,20/06/2025 23:32,-,-,-,-,-,-,-
1780775,Entregas Finalizadas Fora de Manaus,8,-,-,2025-06-18 22:28:13,18/06/2025 22:28,-,-,-,-,-,-,-
1780533,Entregas Finalizadas Manaus,6,-,-,2025-06-20 13:17:22,20/06/2025 13:17,-,-,-,-,-,-,-
1780454,Entregas Finalizadas Fora de Manaus,8,-,-,2025-06-19 09:54:36,19/06/2025 09:54,-,-,-,-,-,-,-
1780423,Entregas Finalizadas Fora de Manaus,8,-,-,2025-06-18 16:54:36,18/06/2025 16:54,-,-,-,-,-,-,-
1780282,Entregas Finalizadas Fora de Manaus,8,-,-,2025-06-18 22:39:51,18/06/2025 22:39,-,-,-,-,-,-,-
1780268,Entregas Finalizadas Fora de Manaus,8,-,-,2025-06-18 22:10:44,18/06/2025 22:10,-,-,-,-,-,-,-
1780184,Logística - Despacho da Encomenda,2,-,00:00 Horas,2025-06-18 16:21:59,18/06/2025 16:21,-,18/06/2025 16:21,-,-,-,-,-
1780135,Entregas Finalizadas Manaus,6,-,-,2025-06-18 16:57:22,18/06/2025 16:57,-,-,-,-,-,-,-
1780021,Logística - Despacho da Encomenda,2,-,00:00 Horas,2025-06-18 16:16:36,18/06/2025 16:16,-,18/06/2025 16:16,-,-,-,-,-
1779987,Entregas Finalizadas Fora de Manaus,8,-,-,2025-06-18 17:25:32,18/06/2025 17:25,-,-,-,-,-,-,-
1779695,Entregas Finalizadas Fora de Manaus,8,-,-,2025-06-20 23:27:58,20/06/2025 23:27,-,-,-,-,-,-,-
1779677,Vendedor - Nova Encomenda,1,-,-,2025-06-18 11:47:10,18/06/2025 11:47,-,-,-,-,-,-,-
1779657,Entregas Finalizadas Fora de Manaus,8,-,-,2025-06-18 22:31:52,18/06/2025 22:31,-,-,-,-,-,-,-
1779503,Entregas Finalizadas Fora de Manaus,8,-,-,2025-06-18 13:49:37,18/06/2025 13:49,-,-,-,-,-,-,-
1779078,Vendedor - Nova Encomenda,1,-,-,2025-06-18 10:42:16,18/06/2025 10:42,-,-,-,-,-,-,-
1779001,Entregas Finalizadas Fora de Manaus,8,-,-,2025-06-18 14:04:43,18/06/2025 14:04,-,-,-,-,-,-,-
1778601,Entregas Finalizadas Fora de Manaus,8,-,-,2025-06-20 18:37:21,20/06/2025 18:37,-,-,-,-,-,-,-
1778557,Entregas Finalizadas Fora de Manaus,8,-,-,2025-06-18 13:05:21,18/06/2025 13:05,-,-,-,-,-,-,-
1778526,Entregas Finalizadas Fora de Manaus,8,-,-,2025-06-18 22:30:25,18/06/2025 22:30,-,-,-,-,-,-,-
1778456,Entregas Finalizadas Fora de Manaus,8,-,-,2025-06-18 22:07:46,18/06/2025 22:07,-,-,-,-,-,-,-
1778356,Entregas Finalizadas Manaus,6,-,-,2025-06-18 13:32:14,18/06/2025 13:32,-,-,-,-,-,-,-
1778330,Entregas Finalizadas Fora de Manaus,8,-,-,2025-06-18 13:51:46,18/06/2025 13:51,-,-,-,-,-,-,-
1778319,Entregas Finalizadas Manaus,6,-,-,2025-06-18 12:39:42,18/06/2025 12:39,-,-,-,-,-,-,-
1778231,Entregas Finalizadas Fora de Manaus,8,-,-,2025-06-18 12:16:07,18/06/2025 12:16,-,-,-,-,-,-,-
1778032,Entregas Finalizadas Manaus,6,-,-,2025-06-18 14:21:15,18/06/2025 14:21,-,-,-,-,-,-,-
1778027,Entregas Finalizadas Manaus,6,-,-,2025-06-18 14:26:39,18/06/2025 14:26,-,-,-,-,-,-,-
1777961,Entregas Finalizadas Fora de Manaus,8,-,-,2025-06-18 14:02:52,18/06/2025 14:02,-,-,-,-,-,-,-
1777959,Vendedor - Nova Encomenda,1,-,-,2025-06-17 19:14:46,17/06/2025 19:14,-,-,-,-,-,-,-
1777949,Entregas Finalizadas Fora de Manaus,8,-,-,2025-06-18 13:38:49,18/06/2025 13:38,-,-,-,-,-,-,-
1777944,Entregas Finalizadas Fora de Manaus,8,-,-,2025-06-18 13:04:04,18/06/2025 13:04,-,-,-,-,-,-,-
1777943,Entregas Finalizadas Fora de Manaus,8,-,-,2025-06-18 22:41:31,18/06/2025 22:41,-,-,-,-,-,-,-
1777933,Entregas Finalizadas Fora de Manaus,8,-,-,2025-06-18 13:29:28,18/06/2025 13:29,-,-,-,-,-,-,-
1777924,Entregas Finalizadas Fora de Manaus,8,-,-,2025-06-18 22:20:36,18/06/2025 22:20,-,-,-,-,-,-,-
1777905,Entregas Finalizadas Fora de Manaus,8,-,-,2025-06-18 22:37:52,18/06/2025 22:37,-,-,-,-,-,-,-
1777861,Entregas Finalizadas Manaus,6,-,-,2025-06-18 12:38:46,18/06/2025 12:38,-,-,-,-,-,-,-
1777820,Entregas Finalizadas Fora de Manaus,8,-,-,2025-06-19 10:42:22,19/06/2025 10:42,-,-,-,-,-,-,-
1777764,Entregas Finalizadas Manaus,6,-,-,2025-06-18 14:47:27,18/06/2025 14:47,-,-,-,-,-,-,-
1777742,Entregas Finalizadas Fora de Manaus,8,-,-,2025-06-17 18:14:21,17/06/2025 18:14,-,-,-,-,-,-,-
1777676,Entregas Finalizadas Manaus,6,-,-,2025-06-18 14:38:31,18/06/2025 14:38,-,-,-,-,-,-,-
1777630,Entregas Finalizadas Fora de Manaus,8,-,-,2025-06-17 23:49:33,17/06/2025 23:49,-,-,-,-,-,-,-
1777614,Entregas Finalizadas Fora de Manaus,8,-,-,2025-06-17 17:04:06,17/06/2025 17:04,-,-,-,-,-,-,-
1777612,Logística - Despacho da Encomenda,2,-,00:00 Horas,2025-06-18 11:47:47,18/06/2025 11:47,-,18/06/2025 11:47,-,-,-,-,-
1777590,Entregas Finalizadas Manaus,6,-,-,2025-06-17 17:33:29,17/06/2025 17:33,-,-,-,-,-,-,-
1777579,Entregas Finalizadas Fora de Manaus,8,-,-,2025-06-17 23:21:16,17/06/2025 23:21,-,-,-,-,-,-,-
1777575,Canceladas,X,lojarui@mondellebrasil.com.br,-,2025-06-17 15:30:25,17/06/2025 15:30,-,-,-,-,-,-,-
1777559,Entregas Finalizadas Manaus,6,-,-,2025-06-17 17:49:21,17/06/2025 17:49,-,-,-,-,-,-,-
1777486,Vendedor - Nova Encomenda,1,-,-,2025-06-17 14:44:07,17/06/2025 14:44,-,-,-,-,-,-,-
1777481,Entregas Finalizadas Manaus,6,-,-,2025-06-17 18:19:29,17/06/2025 18:19,-,-,-,-,-,-,-
1777478,Entregas Finalizadas Fora de Manaus,8,-,-,2025-06-17 23:51:51,17/06/2025 23:51,-,-,-,-,-,-,-
1777458,Entregas Finalizadas Fora de Manaus,8,-,-,2025-06-17 23:54:40,17/06/2025 23:54,-,-,-,-,-,-,-
1777349,Entregas Finalizadas Fora de Manaus,8,-,-,2025-06-17 17:05:46,17/06/2025 17:05,-,-,-,-,-,-,-
1777341,Entregas Finalizadas Fora de Manaus,8,-,-,2025-06-18 15:52:05,18/06/2025 15:52,-,-,-,-,-,-,-
1777338,Entregas Finalizadas Manaus,6,-,-,2025-06-17 17:36:58,17/06/2025 17:36,-,-,-,-,-,-,-
1777333,Entregas Finalizadas Manaus,6,-,-,2025-06-17 18:08:59,17/06/2025 18:08,-,-,-,-,-,-,-
1777312,Entregas Finalizadas Manaus,6,-,-,2025-06-17 17:38:55,17/06/2025 17:38,-,-,-,-,-,-,-
1777310,Entregas Finalizadas Fora de Manaus,8,-,-,2025-06-17 23:40:33,17/06/2025 23:40,-,-,-,-,-,-,-
1777290,Entregas Finalizadas Fora de Manaus,8,-,-,2025-06-17 17:42:37,17/06/2025 17:42,-,-,-,-,-,-,-
1777288,Entregas Finalizadas Manaus,6,-,-,2025-06-17 17:21:39,17/06/2025 17:21,-,-,-,-,-,-,-
1777250,Entregas Finalizadas Fora de Manaus,8,-,-,2025-06-17 23:31:07,17/06/2025 23:31,-,-,-,-,-,-,-
1777238,Entregas Finalizadas Fora de Manaus,8,-,-,2025-06-17 23:47:47,17/06/2025 23:47,-,-,-,-,-,-,-
1777202,Entregas Finalizadas Fora de Manaus,8,-,-,2025-06-18 22:18:46,18/06/2025 22:18,-,-,-,-,-,-,-
1777179,Entregas Finalizadas Fora de Manaus,8,-,-,2025-06-17 23:35:40,17/06/2025 23:35,-,-,-,-,-,-,-
1777172,Entregas Finalizadas Manaus,6,-,-,2025-06-17 18:10:24,17/06/2025 18:10,-,-,-,-,-,-,-
1777168,Entregas Finalizadas Fora de Manaus,8,-,-,2025-06-17 23:33:18,17/06/2025 23:33,-,-,-,-,-,-,-
1777048,Entregas Finalizadas Manaus,6,-,-,2025-06-17 17:30:41,17/06/2025 17:30,-,-,-,-,-,-,-
1776916,Entregas Finalizadas Fora de Manaus,8,-,-,2025-06-18 13:14:02,18/06/2025 13:14,-,-,-,-,-,-,-
1776557,Entregas Finalizadas Fora de Manaus,8,-,-,2025-06-18 14:21:36,18/06/2025 14:21,-,-,-,-,-,-,-
1776060,Entregas Finalizadas Manaus,6,-,-,2025-06-17 14:43:38,17/06/2025 14:43,-,-,-,-,-,-,-
1776057,Entregas Finalizadas Fora de Manaus,8,-,-,2025-06-17 23:53:37,17/06/2025 23:53,-,-,-,-,-,-,-
1775921,Entregas Finalizadas Fora de Manaus,8,-,-,2025-06-18 16:38:38,18/06/2025 16:38,-,-,-,-,-,-,-
1775912,Entregas Finalizadas Fora de Manaus,8,-,-,2025-06-17 15:10:11,17/06/2025 15:10,-,-,-,-,-,-,-
1775889,Entregas Finalizadas Fora de Manaus,8,-,-,2025-06-17 15:51:28,17/06/2025 15:51,-,-,-,-,-,-,-
1775879,Entregas Finalizadas Fora de Manaus,8,-,-,2025-06-17 23:43:43,17/06/2025 23:43,-,-,-,-,-,-,-
1775870,Entregas Finalizadas Fora de Manaus,8,-,-,2025-06-18 14:18:55,18/06/2025 14:18,-,-,-,-,-,-,-
1775868,Entregas Finalizadas Fora de Manaus,8,-,-,2025-06-17 13:09:59,17/06/2025 13:09,-,-,-,-,-,-,-
1775852,Entregas Finalizadas Manaus,6,-,-,2025-06-18 10:28:03,18/06/2025 10:28,-,-,-,-,-,-,-
1775850,Entregas Finalizadas Fora de Manaus,8,-,-,2025-06-17 23:26:04,17/06/2025 23:26,-,-,-,-,-,-,-
1775847,Entregas Finalizadas Fora de Manaus,8,-,-,2025-06-17 15:59:47,17/06/2025 15:59,-,-,-,-,-,-,-
1775801,Entregas Finalizadas Fora de Manaus,8,-,-,2025-06-18 22:35:53,18/06/2025 22:35,-,-,-,-,-,-,-
1775791,Vendedor - Nova Encomenda,1,-,-,2025-06-16 17:22:58,16/06/2025 17:22,-,-,-,-,-,-,-
1775784,Entregas Finalizadas Fora de Manaus,8,-,-,2025-06-17 23:38:17,17/06/2025 23:38,-,-,-,-,-,-,-
1775702,Entregas Finalizadas Manaus,6,-,-,2025-06-17 14:45:26,17/06/2025 14:45,-,-,-,-,-,-,-
1775682,Entregas Finalizadas Fora de Manaus,8,-,-,2025-06-17 15:53:43,17/06/2025 15:53,-,-,-,-,-,-,-
1775607,Entregas Finalizadas Manaus,6,-,-,2025-06-16 20:53:22,16/06/2025 20:53,-,-,-,-,-,-,-
1775592,Entregas Finalizadas Fora de Manaus,8,-,-,2025-06-16 20:20:18,16/06/2025 20:20,-,-,-,-,-,-,-
1775546,Entregas Finalizadas Manaus,6,-,-,2025-06-16 18:36:13,16/06/2025 18:36,-,-,-,-,-,-,-
1775498,Entregas Finalizadas Fora de Manaus,8,-,-,2025-06-16 20:51:08,16/06/2025 20:51,-,-,-,-,-,-,-
1775491,Entregas Finalizadas Manaus,6,-,-,2025-06-16 19:13:47,16/06/2025 19:13,-,-,-,-,-,-,-
1775478,Vendedor - Nova Encomenda,1,-,-,2025-06-16 15:07:22,16/06/2025 15:07,-,-,-,-,-,-,-
1775467,Entregas Finalizadas Fora de Manaus,8,-,-,2025-06-18 22:13:09,18/06/2025 22:13,-,-,-,-,-,-,-
1775442,Entregas Finalizadas Manaus,6,-,-,2025-06-16 17:56:39,16/06/2025 17:56,-,-,-,-,-,-,-
1775440,Entregas Finalizadas Fora de Manaus,8,-,-,2025-06-16 20:48:49,16/06/2025 20:48,-,-,-,-,-,-,-
1775432,Entregas Finalizadas Manaus,6,-,-,2025-06-16 20:17:32,16/06/2025 20:17,-,-,-,-,-,-,-
1775423,Entregas Finalizadas Fora de Manaus,8,-,-,2025-06-16 20:56:01,16/06/2025 20:56,-,-,-,-,-,-,-
1775393,Entregas Finalizadas Manaus,6,-,-,2025-06-18 11:44:20,18/06/2025 11:44,-,-,-,-,-,-,-
1775255,Entregas Finalizadas Fora de Manaus,8,-,-,2025-06-16 18:06:42,16/06/2025 18:06,-,-,-,-,-,-,-
1775160,Entregas Finalizadas Fora de Manaus,8,-,-,2025-06-18 22:44:02,18/06/2025 22:44,-,-,-,-,-,-,-
1775062,Entregas Finalizadas Manaus,6,-,-,2025-06-16 19:28:31,16/06/2025 19:28,-,-,-,-,-,-,-
1775013,Entregas Finalizadas Manaus,6,-,-,2025-06-16 20:16:24,16/06/2025 20:16,-,-,-,-,-,-,-
1774975,Vendedor - Nova Encomenda,1,-,-,2025-06-16 11:25:23,16/06/2025 11:25,-,-,-,-,-,-,-
1774971,Entregas Finalizadas Fora de Manaus,8,-,-,2025-06-17 17:12:05,17/06/2025 17:12,-,-,-,-,-,-,-
1774969,Entregas Finalizadas Manaus,6,-,-,2025-06-16 18:04:06,16/06/2025 18:04,-,-,-,-,-,-,-
1774962,Entregas Finalizadas Fora de Manaus,8,-,-,2025-06-16 13:47:36,16/06/2025 13:47,-,-,-,-,-,-,-
1774948,Entregas Finalizadas Fora de Manaus,8,-,-,2025-06-19 18:06:34,19/06/2025 18:06,-,-,-,-,-,-,-
1774938,Entregas Finalizadas Fora de Manaus,8,-,-,2025-06-17 13:15:30,17/06/2025 13:15,-,-,-,-,-,-,-
1774727,Vendedor - Nova Encomenda,1,-,-,2025-06-16 10:10:05,16/06/2025 10:10,-,-,-,-,-,-,-
1774709,Entregas Finalizadas Fora de Manaus,8,-,-,2025-06-17 23:57:17,17/06/2025 23:57,-,-,-,-,-,-,-
1774678,Entregas Finalizadas Fora de Manaus,8,-,-,2025-06-17 13:10:34,17/06/2025 13:10,-,-,-,-,-,-,-
1774408,Vendedor - Nova Encomenda,1,-,-,2025-06-15 12:31:47,15/06/2025 12:31,-,-,-,-,-,-,-
1774388,Vendedor - Nova Encomenda,1,-,-,2025-06-15 11:33:55,15/06/2025 11:33,-,-,-,-,-,-,-
1774252,Vendedor - Nova Encomenda,1,-,-,2025-06-14 18:09:45,14/06/2025 18:09,-,-,-,-,-,-,-
1774229,Vendedor - Nova Encomenda,1,-,-,2025-06-14 17:17:35,14/06/2025 17:17,-,-,-,-,-,-,-
1774204,Vendedor - Nova Encomenda,1,-,-,2025-06-14 16:41:29,14/06/2025 16:41,-,-,-,-,-,-,-
1774183,Vendedor - Nova Encomenda,1,-,-,2025-06-14 15:44:06,14/06/2025 15:44,-,-,-,-,-,-,-
1774167,Vendedor - Nova Encomenda,1,-,-,2025-06-14 14:42:12,14/06/2025 14:42,-,-,-,-,-,-,-
1774126,Entregas Finalizadas Fora de Manaus,8,-,-,2025-06-16 21:17:51,16/06/2025 21:17,-,-,-,-,-,-,-
1774124,Entregas Finalizadas Fora de Manaus,8,-,-,2025-06-17 12:29:51,17/06/2025 12:29,-,-,-,-,-,-,-
1774118,Vendedor - Nova Encomenda,1,-,-,2025-06-14 13:54:08,14/06/2025 13:54,-,-,-,-,-,-,-
1774111,Vendedor - Nova Encomenda,1,-,-,2025-06-14 13:46:58,14/06/2025 13:46,-,-,-,-,-,-,-
1774108,Vendedor - Nova Encomenda,1,-,-,2025-06-14 13:42:14,14/06/2025 13:42,-,-,-,-,-,-,-
1774101,Entregas Finalizadas Fora de Manaus,8,-,-,2025-06-16 13:27:47,16/06/2025 13:27,-,-,-,-,-,-,-
1774099,Entregas Finalizadas Fora de Manaus,8,-,-,2025-06-16 21:32:24,16/06/2025 21:32,-,-,-,-,-,-,-
1774094,Entregas Finalizadas Fora de Manaus,8,-,-,2025-06-16 21:23:33,16/06/2025 21:23,-,-,-,-,-,-,-
1774089,Entregas Finalizadas Fora de Manaus,8,-,-,2025-06-19 10:55:55,19/06/2025 10:55,-,-,-,-,-,-,-
1774082,Entregas Finalizadas Fora de Manaus,8,-,-,2025-06-18 22:45:39,18/06/2025 22:45,-,-,-,-,-,-,-
1774074,Entregas Finalizadas Fora de Manaus,8,-,-,2025-06-16 21:21:18,16/06/2025 21:21,-,-,-,-,-,-,-
1774068,Entregas Finalizadas Fora de Manaus,8,-,-,2025-06-16 20:58:24,16/06/2025 20:58,-,-,-,-,-,-,-
1774063,Entregas Finalizadas Fora de Manaus,8,-,-,2025-06-16 21:08:21,16/06/2025 21:08,-,-,-,-,-,-,-
1774024,Logística - Despacho da Encomenda,2,-,00:00 Horas,2025-06-14 12:38:35,14/06/2025 12:38,-,14/06/2025 12:38,-,-,-,-,-
1774014,Entregas Finalizadas Fora de Manaus,8,-,-,2025-06-14 17:04:41,14/06/2025 17:04,-,-,-,-,-,-,-
1774004,Entregas Finalizadas Fora de Manaus,8,-,-,2025-06-16 21:25:50,16/06/2025 21:25,-,-,-,-,-,-,-
1773997,Logística - Despacho da Encomenda,2,-,00:00 Horas,2025-06-14 13:02:34,14/06/2025 13:02,-,14/06/2025 13:02,-,-,-,-,-
1773982,Entregas Finalizadas Manaus,6,-,-,2025-06-14 14:07:40,14/06/2025 14:07,-,-,-,-,-,-,-
1773973,Entregas Finalizadas Fora de Manaus,8,-,-,2025-06-14 13:23:17,14/06/2025 13:23,-,-,-,-,-,-,-
1773964,Entregas Finalizadas Fora de Manaus,8,-,-,2025-06-17 15:57:35,17/06/2025 15:57,-,-,-,-,-,-,-
1773956,Logística - Despacho da Encomenda,2,-,00:00 Horas,2025-06-14 12:10:26,14/06/2025 12:10,-,14/06/2025 12:10,-,-,-,-,-
1773954,Entregas Finalizadas Fora de Manaus,8,-,-,2025-06-16 21:37:55,16/06/2025 21:37,-,-,-,-,-,-,-
1773952,Entregas Finalizadas Fora de Manaus,8,-,-,2025-06-16 18:44:40,16/06/2025 18:44,-,-,-,-,-,-,-
1773950,Entregas Finalizadas Fora de Manaus,8,-,-,2025-06-14 17:03:14,14/06/2025 17:03,-,-,-,-,-,-,-
1773947,Entregas Finalizadas Fora de Manaus,8,-,-,2025-06-16 21:29:19,16/06/2025 21:29,-,-,-,-,-,-,-
1773941,Entregas Finalizadas Fora de Manaus,8,-,-,2025-06-14 16:50:10,14/06/2025 16:50,-,-,-,-,-,-,-
1773936,Entregas Finalizadas Fora de Manaus,8,-,-,2025-06-17 16:01:52,17/06/2025 16:01,-,-,-,-,-,-,-
1773829,Entregas Finalizadas Fora de Manaus,8,-,-,2025-06-16 15:20:11,16/06/2025 15:20,-,-,-,-,-,-,-
1773810,Entregas Finalizadas Manaus,6,-,-,2025-06-16 21:12:55,16/06/2025 21:12,-,-,-,-,-,-,-
1773807,Entregas Finalizadas Manaus,6,-,-,2025-06-16 21:24:37,16/06/2025 21:24,-,-,-,-,-,-,-
1773712,Entregas Finalizadas Fora de Manaus,8,-,-,2025-06-14 17:10:37,14/06/2025 17:10,-,-,-,-,-,-,-
1773685,Vendedor - Nova Encomenda,1,-,-,2025-06-13 18:28:20,13/06/2025 18:28,-,-,-,-,-,-,-
1773683,Entregas Finalizadas Fora de Manaus,8,-,-,2025-06-14 17:08:56,14/06/2025 17:08,-,-,-,-,-,-,-
1773679,Entregas Finalizadas Fora de Manaus,8,-,-,2025-06-14 16:56:25,14/06/2025 16:56,-,-,-,-,-,-,-
1773676,Entregas Finalizadas Fora de Manaus,8,-,-,2025-06-16 20:53:07,16/06/2025 20:53,-,-,-,-,-,-,-
1773667,Vendedor - Nova Encomenda,1,-,-,2025-06-13 18:14:03,13/06/2025 18:14,-,-,-,-,-,-,-
1773643,Entregas Finalizadas Manaus,6,-,-,2025-06-14 21:32:43,14/06/2025 21:32,-,-,-,-,-,-,-
1773561,Entregas Finalizadas Manaus,6,-,-,2025-06-16 09:48:17,16/06/2025 09:48,-,-,-,-,-,-,-
1773549,Entregas Finalizadas Fora de Manaus,8,-,-,2025-06-14 17:12:01,14/06/2025 17:12,-,-,-,-,-,-,-
1773545,Entregas Finalizadas Fora de Manaus,8,-,-,2025-06-16 21:27:49,16/06/2025 21:27,-,-,-,-,-,-,-
1773537,Entregas Finalizadas Fora de Manaus,8,-,-,2025-06-13 17:59:12,13/06/2025 17:59,-,-,-,-,-,-,-
1773375,Entregas Finalizadas Fora de Manaus,8,-,-,2025-06-19 10:02:19,19/06/2025 10:02,-,-,-,-,-,-,-
1773365,Entregas Finalizadas Fora de Manaus,8,-,-,2025-06-16 21:09:59,16/06/2025 21:09,-,-,-,-,-,-,-
1773340,Logística - Despacho da Encomenda,2,-,00:00 Horas,2025-06-13 17:02:48,13/06/2025 17:02,-,13/06/2025 17:02,-,-,-,-,-
1773326,Logística - Despacho da Encomenda,2,-,00:00 Horas,2025-06-13 16:37:42,13/06/2025 16:37,-,13/06/2025 16:37,-,-,-,-,-
1773312,Entregas Finalizadas Fora de Manaus,8,-,-,2025-06-17 09:59:14,17/06/2025 09:59,-,-,-,-,-,-,-
1773292,Entregas Finalizadas Manaus,6,-,-,2025-06-13 19:51:17,13/06/2025 19:51,-,-,-,-,-,-,-
1773284,Entregas Finalizadas Fora de Manaus,8,-,-,2025-06-17 13:16:03,17/06/2025 13:16,-,-,-,-,-,-,-
1773276,Logística - Despacho da Encomenda,2,-,00:00 Horas,2025-06-13 16:41:50,13/06/2025 16:41,-,13/06/2025 16:41,-,-,-,-,-
1773260,Entregas Finalizadas Fora de Manaus,8,-,-,2025-06-17 12:24:26,17/06/2025 12:24,-,-,-,-,-,-,-
1773236,Entregas Finalizadas Fora de Manaus,8,-,-,2025-06-18 12:51:58,18/06/2025 12:51,-,-,-,-,-,-,-
1773170,Entregas Finalizadas Manaus,6,-,-,2025-06-13 19:53:03,13/06/2025 19:53,-,-,-,-,-,-,-
1773163,Entregas Finalizadas Manaus,6,-,-,2025-06-13 19:10:29,13/06/2025 19:10,-,-,-,-,-,-,-
1773157,Entregas Finalizadas Fora de Manaus,8,-,-,2025-06-14 13:28:15,14/06/2025 13:28,-,-,-,-,-,-,-
1773136,Entregas Finalizadas Fora de Manaus,8,-,-,2025-06-13 21:11:11,13/06/2025 21:11,-,-,-,-,-,-,-
1773129,Entregas Finalizadas Fora de Manaus,8,-,-,2025-06-13 18:48:29,13/06/2025 18:48,-,-,-,-,-,-,-
1773127,Vendedor - Nova Encomenda,1,-,-,2025-06-13 13:57:05,13/06/2025 13:57,-,-,-,-,-,-,-
1773111,Entregas Finalizadas Fora de Manaus,8,-,-,2025-06-18 14:20:46,18/06/2025 14:20,-,-,-,-,-,-,-
1773108,Entregas Finalizadas Fora de Manaus,8,-,-,2025-06-14 17:07:32,14/06/2025 17:07,-,-,-,-,-,-,-
1773073,Entregas Finalizadas Manaus,6,-,-,2025-06-13 20:14:02,13/06/2025 20:14,-,-,-,-,-,-,-
1773053,Entregas Finalizadas Fora de Manaus,8,-,-,2025-06-13 21:31:50,13/06/2025 21:31,-,-,-,-,-,-,-
1773035,Entregas Finalizadas Fora de Manaus,8,-,-,2025-06-13 21:26:10,13/06/2025 21:26,-,-,-,-,-,-,-
1773007,Entregas Finalizadas Fora de Manaus,8,-,-,2025-06-14 16:58:39,14/06/2025 16:58,-,-,-,-,-,-,-
1772999,Entregas Finalizadas Manaus,6,-,-,2025-06-14 21:35:03,14/06/2025 21:35,-,-,-,-,-,-,-
1772990,Entregas Finalizadas Fora de Manaus,8,-,-,2025-06-14 16:52:24,14/06/2025 16:52,-,-,-,-,-,-,-
1772984,Entregas Finalizadas Fora de Manaus,8,-,-,2025-06-14 16:47:33,14/06/2025 16:47,-,-,-,-,-,-,-
1772933,Vendedor - Nova Encomenda,1,-,-,2025-06-13 11:55:51,13/06/2025 11:55,-,-,-,-,-,-,-
1772915,Entregas Finalizadas Manaus,6,-,-,2025-06-13 14:19:16,13/06/2025 14:19,-,-,-,-,-,-,-
1772911,Entregas Finalizadas Fora de Manaus,8,-,-,2025-06-14 16:45:44,14/06/2025 16:45,-,-,-,-,-,-,-
1772905,Logística - Despacho da Encomenda,2,-,00:00 Horas,2025-06-13 15:32:50,13/06/2025 15:32,-,13/06/2025 15:32,-,-,-,-,-
1772899,Logística - Despacho da Encomenda,2,-,00:00 Horas,2025-06-13 12:40:31,13/06/2025 12:40,-,13/06/2025 12:40,-,-,-,-,-
1772866,Entregas Finalizadas Fora de Manaus,8,-,-,2025-06-14 11:15:10,14/06/2025 11:15,-,-,-,-,-,-,-
1772862,Entregas Finalizadas Fora de Manaus,8,-,-,2025-06-13 22:08:38,13/06/2025 22:08,-,-,-,-,-,-,-
1772859,Entregas Finalizadas Fora de Manaus,8,-,-,2025-06-13 20:54:07,13/06/2025 20:54,-,-,-,-,-,-,-
1772854,Entregas Finalizadas Fora de Manaus,8,-,-,2025-06-13 17:07:26,13/06/2025 17:07,-,-,-,-,-,-,-
1772848,Entregas Finalizadas Fora de Manaus,8,-,-,2025-06-13 20:57:00,13/06/2025 20:57,-,-,-,-,-,-,-
1772796,Entregas Finalizadas Fora de Manaus,8,-,-,2025-06-14 17:00:43,14/06/2025 17:00,-,-,-,-,-,-,-
1772775,Entregas Finalizadas Fora de Manaus,8,-,-,2025-06-13 18:22:48,13/06/2025 18:22,-,-,-,-,-,-,-
1772773,Vendedor - Nova Encomenda,1,-,-,2025-06-13 10:38:45,13/06/2025 10:38,-,-,-,-,-,-,-
1772765,Entregas Finalizadas Manaus,6,-,-,2025-06-13 19:24:09,13/06/2025 19:24,-,-,-,-,-,-,-
1772752,Entregas Finalizadas Manaus,6,-,-,2025-06-13 14:45:49,13/06/2025 14:45,-,-,-,-,-,-,-
1772744,Entregas Finalizadas Manaus,6,-,-,2025-06-13 15:41:48,13/06/2025 15:41,-,-,-,-,-,-,-
1772597,Entregas Finalizadas Manaus,6,-,-,2025-06-13 13:38:55,13/06/2025 13:38,-,-,-,-,-,-,-
1772587,Entregas Finalizadas Fora de Manaus,8,-,-,2025-06-13 21:27:39,13/06/2025 21:27,-,-,-,-,-,-,-
1772584,Entregas Finalizadas Fora de Manaus,8,-,-,2025-06-13 17:17:55,13/06/2025 17:17,-,-,-,-,-,-,-
1772582,Entregas Finalizadas Fora de Manaus,8,-,-,2025-06-13 14:34:29,13/06/2025 14:34,-,-,-,-,-,-,-
1772579,Logística - Despacho da Encomenda,2,-,00:00 Horas,2025-06-13 11:29:38,13/06/2025 11:29,-,13/06/2025 11:29,-,-,-,-,-
1772568,Entregas Finalizadas Fora de Manaus,8,-,-,2025-06-13 16:42:58,13/06/2025 16:42,-,-,-,-,-,-,-
1772560,Entregas Finalizadas Fora de Manaus,8,-,-,2025-06-16 21:06:52,16/06/2025 21:06,-,-,-,-,-,-,-
1772551,Entregas Finalizadas Fora de Manaus,8,-,-,2025-06-16 21:14:51,16/06/2025 21:14,-,-,-,-,-,-,-
1772550,Entregas Finalizadas Fora de Manaus,8,-,-,2025-06-16 21:03:23,16/06/2025 21:03,-,-,-,-,-,-,-
1772536,Entregas Finalizadas Fora de Manaus,8,-,-,2025-06-13 21:22:31,13/06/2025 21:22,-,-,-,-,-,-,-
1772523,Entregas Finalizadas Fora de Manaus,8,-,-,2025-06-14 16:42:35,14/06/2025 16:42,-,-,-,-,-,-,-
1772515,Entregas Finalizadas Fora de Manaus,8,-,-,2025-06-13 19:07:07,13/06/2025 19:07,-,-,-,-,-,-,-
1772505,Entregas Finalizadas Fora de Manaus,8,-,-,2025-06-16 21:36:31,16/06/2025 21:36,-,-,-,-,-,-,-
1772472,Entregas Finalizadas Manaus,6,-,-,2025-06-13 18:13:24,13/06/2025 18:13,-,-,-,-,-,-,-
1772460,Entregas Finalizadas Fora de Manaus,8,-,-,2025-06-13 21:42:34,13/06/2025 21:42,-,-,-,-,-,-,-
1772394,Logística - Despacho da Encomenda,2,-,00:00 Horas,2025-06-13 12:43:13,13/06/2025 12:43,-,13/06/2025 12:43,-,-,-,-,-
1772383,Entregas Finalizadas Fora de Manaus,8,-,-,2025-06-13 17:56:12,13/06/2025 17:56,-,-,-,-,-,-,-
1772294,Vendedor - Nova Encomenda,1,-,-,2025-06-12 19:21:35,12/06/2025 19:21,-,-,-,-,-,-,-
1772281,Entregas Finalizadas Manaus,6,-,-,2025-06-13 13:01:40,13/06/2025 13:01,-,-,-,-,-,-,-
1772278,Entregas Finalizadas Manaus,6,-,-,2025-06-13 14:44:20,13/06/2025 14:44,-,-,-,-,-,-,-
1772271,Logística - Despacho da Encomenda,2,-,00:00 Horas,2025-06-13 12:41:52,13/06/2025 12:41,-,13/06/2025 12:41,-,-,-,-,-
1772266,Entregas Finalizadas Fora de Manaus,8,-,-,2025-06-13 22:07:18,13/06/2025 22:07,-,-,-,-,-,-,-
1772254,Entregas Finalizadas Fora de Manaus,8,-,-,2025-06-13 21:00:12,13/06/2025 21:00,-,-,-,-,-,-,-
1772252,Entregas Finalizadas Fora de Manaus,8,-,-,2025-06-13 21:30:01,13/06/2025 21:30,-,-,-,-,-,-,-
1772141,Entregas Finalizadas Manaus,6,-,-,2025-06-13 13:04:41,13/06/2025 13:04,-,-,-,-,-,-,-
1772114,Entregas Finalizadas Fora de Manaus,8,-,-,2025-06-16 21:00:02,16/06/2025 21:00,-,-,-,-,-,-,-
1772102,Entregas Finalizadas Manaus,6,-,-,2025-06-13 16:32:51,13/06/2025 16:32,-,-,-,-,-,-,-
1772070,Vendedor - Nova Encomenda,1,-,-,2025-06-12 15:59:34,12/06/2025 15:59,-,-,-,-,-,-,-
1772066,Entregas Finalizadas Manaus,6,-,-,2025-06-13 12:21:03,13/06/2025 12:21,-,-,-,-,-,-,-
1772031,Entregas Finalizadas Fora de Manaus,8,-,-,2025-06-12 20:49:24,12/06/2025 20:49,-,-,-,-,-,-,-
1772025,Entregas Finalizadas Fora de Manaus,8,-,-,2025-06-13 21:48:27,13/06/2025 21:48,-,-,-,-,-,-,-
1772022,Entregas Finalizadas Fora de Manaus,8,-,-,2025-06-12 20:57:06,12/06/2025 20:57,-,-,-,-,-,-,-
1772019,Entregas Finalizadas Fora de Manaus,8,-,-,2025-06-13 12:29:42,13/06/2025 12:29,-,-,-,-,-,-,-
1772011,Entregas Finalizadas Manaus,6,-,-,2025-06-12 19:55:21,12/06/2025 19:55,-,-,-,-,-,-,-
1771993,Entregas Finalizadas Manaus,6,-,-,2025-06-12 20:13:00,12/06/2025 20:13,-,-,-,-,-,-,-
1771981,Vendedor - Nova Encomenda,1,-,-,2025-06-12 15:15:04,12/06/2025 15:15,-,-,-,-,-,-,-
1771954,Entregas Finalizadas Fora de Manaus,8,-,-,2025-06-12 17:46:07,12/06/2025 17:46,-,-,-,-,-,-,-
1771903,Entregas Finalizadas Manaus,6,-,-,2025-06-12 19:08:27,12/06/2025 19:08,-,-,-,-,-,-,-
1771878,Entregas Finalizadas Manaus,6,-,-,2025-06-12 20:48:24,12/06/2025 20:48,-,-,-,-,-,-,-
1771866,Vendedor - Nova Encomenda,1,-,-,2025-06-12 14:14:07,12/06/2025 14:14,-,-,-,-,-,-,-
1771856,Entregas Finalizadas Manaus,6,-,-,2025-06-12 19:44:31,12/06/2025 19:44,-,-,-,-,-,-,-
1771842,Entregas Finalizadas Fora de Manaus,8,-,-,2025-06-12 18:26:07,12/06/2025 18:26,-,-,-,-,-,-,-
1771825,Entregas Finalizadas Manaus,6,-,-,2025-06-12 18:05:40,12/06/2025 18:05,-,-,-,-,-,-,-
1771813,Entregas Finalizadas Fora de Manaus,8,-,-,2025-06-13 22:15:03,13/06/2025 22:15,-,-,-,-,-,-,-
1771800,Entregas Finalizadas Fora de Manaus,8,-,-,2025-06-13 22:02:14,13/06/2025 22:02,-,-,-,-,-,-,-
1771788,Entregas Finalizadas Fora de Manaus,8,-,-,2025-06-13 11:16:24,13/06/2025 11:16,-,-,-,-,-,-,-
1771761,Entregas Finalizadas Manaus,6,-,-,2025-06-12 20:35:01,12/06/2025 20:35,-,-,-,-,-,-,-
1771755,Entregas Finalizadas Fora de Manaus,8,-,-,2025-06-12 20:46:41,12/06/2025 20:46,-,-,-,-,-,-,-
1771743,Entregas Finalizadas Manaus,6,-,-,2025-06-12 20:28:19,12/06/2025 20:28,-,-,-,-,-,-,-
1771733,Entregas Finalizadas Manaus,6,-,-,2025-06-12 21:06:38,12/06/2025 21:06,-,-,-,-,-,-,-
1771726,Entregas Finalizadas Fora de Manaus,8,-,-,2025-06-12 19:20:38,12/06/2025 19:20,-,-,-,-,-,-,-
1771711,Entregas Finalizadas Manaus,6,-,-,2025-06-12 20:14:14,12/06/2025 20:14,-,-,-,-,-,-,-
1771709,Entregas Finalizadas Manaus,6,-,-,2025-06-16 12:58:15,16/06/2025 12:58,-,-,-,-,-,-,-
1771699,Entregas Finalizadas Fora de Manaus,8,-,-,2025-06-13 22:09:53,13/06/2025 22:09,-,-,-,-,-,-,-
1771691,Entregas Finalizadas Manaus,6,-,-,2025-06-12 21:49:14,12/06/2025 21:49,-,-,-,-,-,-,-
1771676,Entregas Finalizadas Fora de Manaus,8,-,-,2025-06-13 16:20:48,13/06/2025 16:20,-,-,-,-,-,-,-
1771670,Entregas Finalizadas Fora de Manaus,8,-,-,2025-06-13 16:44:44,13/06/2025 16:44,-,-,-,-,-,-,-
1771668,Vendedor - Nova Encomenda,1,-,-,2025-06-12 12:20:29,12/06/2025 12:20,-,-,-,-,-,-,-
1771652,Entregas Finalizadas Manaus,6,-,-,2025-06-14 13:17:46,14/06/2025 13:17,-,-,-,-,-,-,-
1771647,Entregas Finalizadas Fora de Manaus,8,-,-,2025-06-13 21:51:01,13/06/2025 21:51,-,-,-,-,-,-,-
1771639,Vendedor - Nova Encomenda,1,-,-,2025-06-12 12:06:12,12/06/2025 12:06,-,-,-,-,-,-,-
1771610,Entregas Finalizadas Manaus,6,-,-,2025-06-12 20:05:00,12/06/2025 20:05,-,-,-,-,-,-,-
1771576,Entregas Finalizadas Manaus,6,-,-,2025-06-13 11:55:57,13/06/2025 11:55,-,-,-,-,-,-,-
1771569,Entregas Finalizadas Fora de Manaus,8,-,-,2025-06-16 21:12:30,16/06/2025 21:12,-,-,-,-,-,-,-
1771556,Entregas Finalizadas Fora de Manaus,8,-,-,2025-06-12 15:05:47,12/06/2025 15:05,-,-,-,-,-,-,-
1771545,Entregas Finalizadas Fora de Manaus,8,-,-,2025-06-13 22:05:29,13/06/2025 22:05,-,-,-,-,-,-,-
1771535,Entregas Finalizadas Fora de Manaus,8,-,-,2025-06-12 14:57:26,12/06/2025 14:57,-,-,-,-,-,-,-
1771527,Vendedor - Nova Encomenda,1,-,-,2025-06-12 10:57:19,12/06/2025 10:57,-,-,-,-,-,-,-
1771522,Entregas Finalizadas Manaus,6,-,-,2025-06-12 13:22:27,12/06/2025 13:22,-,-,-,-,-,-,-
1771513,Entregas Pendente - Retorno para Logística,4,logistica@rommanelmanaus.com.br,-,2025-06-18 13:35:38,18/06/2025 13:35,-,-,-,-,-,-,-
1771488,Entregas Finalizadas Fora de Manaus,8,-,-,2025-06-13 11:24:58,13/06/2025 11:24,-,-,-,-,-,-,-
1771486,Entregas Finalizadas Fora de Manaus,8,-,-,2025-06-12 18:10:35,12/06/2025 18:10,-,-,-,-,-,-,-
1771479,Entregas Finalizadas Fora de Manaus,8,-,-,2025-06-13 14:49:46,13/06/2025 14:49,-,-,-,-,-,-,-
1771473,Entregas Finalizadas Fora de Manaus,8,-,-,2025-06-12 14:59:52,12/06/2025 14:59,-,-,-,-,-,-,-
1771455,Entregas Finalizadas Fora de Manaus,8,-,-,2025-06-13 11:20:16,13/06/2025 11:20,-,-,-,-,-,-,-
1771408,Entregas Finalizadas Fora de Manaus,8,-,-,2025-06-13 17:11:26,13/06/2025 17:11,-,-,-,-,-,-,-
1771403,Entregas Finalizadas Manaus,6,-,-,2025-06-12 20:27:23,12/06/2025 20:27,-,-,-,-,-,-,-
1771371,Entregas Finalizadas Fora de Manaus,8,-,-,2025-06-13 17:13:58,13/06/2025 17:13,-,-,-,-,-,-,-
1771368,Entregas Finalizadas Fora de Manaus,8,-,-,2025-06-12 18:07:26,12/06/2025 18:07,-,-,-,-,-,-,-
1771226,Entregas Finalizadas Fora de Manaus,8,-,-,2025-06-13 21:59:23,13/06/2025 21:59,-,-,-,-,-,-,-
1771172,Entregas Finalizadas Manaus,6,-,-,2025-06-12 21:29:49,12/06/2025 21:29,-,-,-,-,-,-,-
1771102,Entregas Finalizadas Fora de Manaus,8,-,-,2025-06-13 13:30:26,13/06/2025 13:30,-,-,-,-,-,-,-
1770903,Entregas Finalizadas Fora de Manaus,8,-,-,2025-06-12 20:45:04,12/06/2025 20:45,-,-,-,-,-,-,-
1770898,Entregas Finalizadas Fora de Manaus,8,-,-,2025-06-12 15:08:50,12/06/2025 15:08,-,-,-,-,-,-,-
1770890,Entregas Finalizadas Fora de Manaus,8,-,-,2025-06-12 15:13:56,12/06/2025 15:13,-,-,-,-,-,-,-
1770849,Entregas Finalizadas Fora de Manaus,8,-,-,2025-06-12 20:59:01,12/06/2025 20:59,-,-,-,-,-,-,-
1770825,Entregas Finalizadas Fora de Manaus,8,-,-,2025-06-12 13:22:13,12/06/2025 13:22,-,-,-,-,-,-,-
1770814,Entregas Finalizadas Fora de Manaus,8,-,-,2025-06-12 18:04:17,12/06/2025 18:04,-,-,-,-,-,-,-
1770804,Entregas Finalizadas Fora de Manaus,8,-,-,2025-06-12 13:47:13,12/06/2025 13:47,-,-,-,-,-,-,-
1770766,Entregas Finalizadas Fora de Manaus,8,-,-,2025-06-12 20:52:05,12/06/2025 20:52,-,-,-,-,-,-,-
1770668,Entregas Finalizadas Fora de Manaus,8,-,-,2025-06-13 21:40:40,13/06/2025 21:40,-,-,-,-,-,-,-
1770632,Entregas Finalizadas Manaus,6,-,-,2025-06-11 18:47:16,11/06/2025 18:47,-,-,-,-,-,-,-
1770617,Entregas Finalizadas Fora de Manaus,8,-,-,2025-06-12 18:58:51,12/06/2025 18:58,-,-,-,-,-,-,-
1770587,Entregas Finalizadas Fora de Manaus,8,-,-,2025-06-12 15:01:31,12/06/2025 15:01,-,-,-,-,-,-,-
1770576,Entregas Finalizadas Fora de Manaus,8,-,-,2025-06-12 08:06:41,12/06/2025 08:06,-,-,-,-,-,-,-
1770561,Entregas Finalizadas Fora de Manaus,8,-,-,2025-06-12 14:17:12,12/06/2025 14:17,-,-,-,-,-,-,-
1770556,Entregas Finalizadas Manaus,6,-,-,2025-06-12 13:26:14,12/06/2025 13:26,-,-,-,-,-,-,-
1770551,Entregas Finalizadas Manaus,6,-,-,2025-06-11 19:00:00,11/06/2025 19:00,-,-,-,-,-,-,-
1770532,Entregas Finalizadas Fora de Manaus,8,-,-,2025-06-11 18:24:33,11/06/2025 18:24,-,-,-,-,-,-,-
1770524,Vendedor - Nova Encomenda,1,-,-,2025-06-11 15:48:33,11/06/2025 15:48,-,-,-,-,-,-,-
1770505,Vendedor - Nova Encomenda,1,-,-,2025-06-11 15:43:32,11/06/2025 15:43,-,-,-,-,-,-,-
1770437,Entregas Finalizadas Manaus,6,-,-,2025-06-11 17:33:38,11/06/2025 17:33,-,-,-,-,-,-,-
1770428,Entregas Finalizadas Fora de Manaus,8,-,-,2025-06-11 17:57:28,11/06/2025 17:57,-,-,-,-,-,-,-
1770425,Entregas Finalizadas Fora de Manaus,8,-,-,2025-06-11 17:50:02,11/06/2025 17:50,-,-,-,-,-,-,-
1770381,Vendedor - Nova Encomenda,1,-,-,2025-06-11 15:06:51,11/06/2025 15:06,-,-,-,-,-,-,-
1770375,Entregas Finalizadas Fora de Manaus,8,-,-,2025-06-11 17:06:34,11/06/2025 17:06,-,-,-,-,-,-,-
1770322,Entregas Finalizadas Fora de Manaus,8,-,-,2025-06-11 23:08:43,11/06/2025 23:08,-,-,-,-,-,-,-
1770319,Entregas Finalizadas Manaus,6,-,-,2025-06-11 18:31:18,11/06/2025 18:31,-,-,-,-,-,-,-
1770291,Entregas Finalizadas Fora de Manaus,8,-,-,2025-06-11 18:14:43,11/06/2025 18:14,-,-,-,-,-,-,-
1770288,Entregas Finalizadas Fora de Manaus,8,-,-,2025-06-12 17:12:31,12/06/2025 17:12,-,-,-,-,-,-,-
1770268,Entregas Finalizadas Fora de Manaus,8,-,-,2025-06-13 22:03:48,13/06/2025 22:03,-,-,-,-,-,-,-
1770208,Entregas Finalizadas Fora de Manaus,8,-,-,2025-06-11 17:56:23,11/06/2025 17:56,-,-,-,-,-,-,-
1770201,Entregas Finalizadas Fora de Manaus,8,-,-,2025-06-12 20:55:35,12/06/2025 20:55,-,-,-,-,-,-,-
1770183,Entregas Finalizadas Manaus,6,-,-,2025-06-12 19:21:46,12/06/2025 19:21,-,-,-,-,-,-,-
1770173,Entregas Finalizadas Fora de Manaus,8,-,-,2025-06-13 13:27:34,13/06/2025 13:27,-,-,-,-,-,-,-
1770163,Entregas Finalizadas Fora de Manaus,8,-,-,2025-06-11 22:06:05,11/06/2025 22:06,-,-,-,-,-,-,-
1770151,Entregas Finalizadas Fora de Manaus,8,-,-,2025-06-11 17:05:12,11/06/2025 17:05,-,-,-,-,-,-,-
1770129,Entregas Finalizadas Manaus,6,-,-,2025-06-11 17:09:23,11/06/2025 17:09,-,-,-,-,-,-,-
1770121,Entregas Finalizadas Fora de Manaus,8,-,-,2025-06-11 14:26:54,11/06/2025 14:26,-,-,-,-,-,-,-
1770115,Entregas Finalizadas Fora de Manaus,8,-,-,2025-06-11 17:10:30,11/06/2025 17:10,-,-,-,-,-,-,-
1770081,Entregas Finalizadas Manaus,6,-,-,2025-06-11 18:23:30,11/06/2025 18:23,-,-,-,-,-,-,-
1770047,Entregas Finalizadas Fora de Manaus,8,-,-,2025-06-11 23:12:17,11/06/2025 23:12,-,-,-,-,-,-,-
1770045,Entregas Finalizadas Manaus,6,-,-,2025-06-11 14:58:06,11/06/2025 14:58,-,-,-,-,-,-,-
1770038,Entregas Finalizadas Manaus,6,-,-,2025-06-11 17:25:40,11/06/2025 17:25,-,-,-,-,-,-,-
1770025,Entregas Finalizadas Fora de Manaus,8,-,-,2025-06-12 14:26:58,12/06/2025 14:26,-,-,-,-,-,-,-
1770019,Entregas Finalizadas Manaus,6,-,-,2025-06-11 14:16:43,11/06/2025 14:16,-,-,-,-,-,-,-
1770011,Entregas Finalizadas Manaus,6,-,-,2025-06-11 14:39:25,11/06/2025 14:39,-,-,-,-,-,-,-
1769913,Entregas Finalizadas Fora de Manaus,8,-,-,2025-06-11 18:59:16,11/06/2025 18:59,-,-,-,-,-,-,-
1769909,Entregas Finalizadas Fora de Manaus,8,-,-,2025-06-12 13:21:00,12/06/2025 13:21,-,-,-,-,-,-,-
1769899,Entregas Finalizadas Manaus,6,-,-,2025-06-11 17:38:00,11/06/2025 17:38,-,-,-,-,-,-,-
1769884,Entregas Finalizadas Fora de Manaus,8,-,-,2025-06-11 17:59:00,11/06/2025 17:59,-,-,-,-,-,-,-
1769882,Entregas Finalizadas Fora de Manaus,8,-,-,2025-06-11 23:06:40,11/06/2025 23:06,-,-,-,-,-,-,-
1769755,Entregas Finalizadas Fora de Manaus,8,-,-,2025-06-11 23:10:50,11/06/2025 23:10,-,-,-,-,-,-,-
1769643,Entregas Finalizadas Fora de Manaus,8,-,-,2025-06-11 23:04:45,11/06/2025 23:04,-,-,-,-,-,-,-
1769623,Entregas Finalizadas Fora de Manaus,8,-,-,2025-06-11 23:23:57,11/06/2025 23:23,-,-,-,-,-,-,-
1769564,Entregas Finalizadas Manaus,6,-,-,2025-06-11 15:44:52,11/06/2025 15:44,-,-,-,-,-,-,-
1769558,Entregas Finalizadas Fora de Manaus,8,-,-,2025-06-11 12:24:01,11/06/2025 12:24,-,-,-,-,-,-,-
1769547,Entregas Finalizadas Fora de Manaus,8,-,-,2025-06-12 20:53:36,12/06/2025 20:53,-,-,-,-,-,-,-
1769344,Entregas Finalizadas Fora de Manaus,8,-,-,2025-06-11 19:02:39,11/06/2025 19:02,-,-,-,-,-,-,-
1769158,Logística - Despacho da Encomenda,2,-,00:00 Horas,2025-06-12 08:01:00,12/06/2025 08:01,-,12/06/2025 08:01,-,-,-,-,-
1768979,Entregas Finalizadas Fora de Manaus,8,-,-,2025-06-11 23:58:40,11/06/2025 23:58,-,-,-,-,-,-,-
1768890,Vendedor - Nova Encomenda,1,-,-,2025-06-11 09:45:39,11/06/2025 09:45,-,-,-,-,-,-,-
1768882,Entregas Finalizadas Fora de Manaus,8,-,-,2025-06-11 12:20:14,11/06/2025 12:20,-,-,-,-,-,-,-
1768861,Entregas Finalizadas Fora de Manaus,8,-,-,2025-06-11 15:24:19,11/06/2025 15:24,-,-,-,-,-,-,-
1768807,Entregas Finalizadas Fora de Manaus,8,-,-,2025-06-11 23:16:11,11/06/2025 23:16,-,-,-,-,-,-,-
1768768,Entregas Finalizadas Fora de Manaus,8,-,-,2025-06-11 14:02:51,11/06/2025 14:02,-,-,-,-,-,-,-
1768760,Entregas Finalizadas Fora de Manaus,8,-,-,2025-06-11 23:47:19,11/06/2025 23:47,-,-,-,-,-,-,-
1768552,Entregas Finalizadas Fora de Manaus,8,-,-,2025-06-11 13:33:42,11/06/2025 13:33,-,-,-,-,-,-,-
1768501,Entregas Finalizadas Fora de Manaus,8,-,-,2025-06-11 23:44:55,11/06/2025 23:44,-,-,-,-,-,-,-
1768456,Entregas Finalizadas Fora de Manaus,8,-,-,2025-06-11 14:31:20,11/06/2025 14:31,-,-,-,-,-,-,-
1768433,Entregas Finalizadas Fora de Manaus,8,-,-,2025-06-12 14:24:58,12/06/2025 14:24,-,-,-,-,-,-,-
1768430,Entregas Finalizadas Fora de Manaus,8,-,-,2025-06-11 18:56:53,11/06/2025 18:56,-,-,-,-,-,-,-
1768414,Entregas Finalizadas Fora de Manaus,8,-,-,2025-06-11 14:00:37,11/06/2025 14:00,-,-,-,-,-,-,-
1768393,Entregas Finalizadas Fora de Manaus,8,-,-,2025-06-11 23:31:07,11/06/2025 23:31,-,-,-,-,-,-,-
1768283,Entregas Finalizadas Manaus,6,-,-,2025-06-11 15:36:45,11/06/2025 15:36,-,-,-,-,-,-,-
1768269,Logística - Despacho da Encomenda,2,-,00:00 Horas,2025-06-13 13:14:03,13/06/2025 13:14,-,13/06/2025 13:14,-,-,-,-,-
1768258,Entregas Finalizadas Manaus,6,-,-,2025-06-11 15:54:34,11/06/2025 15:54,-,-,-,-,-,-,-
1768255,Entregas Finalizadas Manaus,6,-,-,2025-06-11 15:10:59,11/06/2025 15:10,-,-,-,-,-,-,-
1768186,Entregas Finalizadas Fora de Manaus,8,-,-,2025-06-11 23:39:49,11/06/2025 23:39,-,-,-,-,-,-,-
1768180,Entregas Finalizadas Fora de Manaus,8,-,-,2025-06-11 23:25:58,11/06/2025 23:25,-,-,-,-,-,-,-
1768178,Entregas Finalizadas Fora de Manaus,8,-,-,2025-06-13 21:45:44,13/06/2025 21:45,-,-,-,-,-,-,-
1768172,Entregas Finalizadas Fora de Manaus,8,-,-,2025-06-11 23:18:57,11/06/2025 23:18,-,-,-,-,-,-,-
1768152,Vendedor - Nova Encomenda,1,-,-,2025-06-10 18:31:43,10/06/2025 18:31,-,-,-,-,-,-,-
1768134,Entregas Finalizadas Fora de Manaus,8,-,-,2025-06-12 13:56:45,12/06/2025 13:56,-,-,-,-,-,-,-
1768113,Entregas Finalizadas Manaus,6,-,-,2025-06-11 15:25:02,11/06/2025 15:25,-,-,-,-,-,-,-
1768086,Entregas Finalizadas Fora de Manaus,8,-,-,2025-06-10 21:54:35,10/06/2025 21:54,-,-,-,-,-,-,-
1767978,Entregas Finalizadas Fora de Manaus,8,-,-,2025-06-11 13:13:08,11/06/2025 13:13,-,-,-,-,-,-,-
1767972,Entregas Finalizadas Manaus,6,-,-,2025-06-10 20:08:17,10/06/2025 20:08,-,-,-,-,-,-,-
1767920,Vendedor - Nova Encomenda,1,-,-,2025-06-10 16:39:43,10/06/2025 16:39,-,-,-,-,-,-,-
1767917,Entregas Finalizadas Manaus,6,-,-,2025-06-10 19:18:12,10/06/2025 19:18,-,-,-,-,-,-,-
1767892,Entregas Finalizadas Manaus,6,-,-,2025-06-10 22:13:53,10/06/2025 22:13,-,-,-,-,-,-,-
1767890,Entregas Finalizadas Fora de Manaus,8,-,-,2025-06-11 23:50:10,11/06/2025 23:50,-,-,-,-,-,-,-
1767887,Entregas Finalizadas Manaus,6,-,-,2025-06-10 18:33:37,10/06/2025 18:33,-,-,-,-,-,-,-
1767877,Entregas Finalizadas Fora de Manaus,8,-,-,2025-06-11 10:41:16,11/06/2025 10:41,-,-,-,-,-,-,-
1767798,Entregas Finalizadas Manaus,6,-,-,2025-06-11 15:32:46,11/06/2025 15:32,-,-,-,-,-,-,-
1767767,Entregas Finalizadas Manaus,6,-,-,2025-06-11 13:07:47,11/06/2025 13:07,-,-,-,-,-,-,-
1767753,Entregas Finalizadas Fora de Manaus,8,-,-,2025-06-10 17:47:02,10/06/2025 17:47,-,-,-,-,-,-,-
1767680,Vendedor - Nova Encomenda,1,-,-,2025-06-10 15:26:35,10/06/2025 15:26,-,-,-,-,-,-,-
1767605,Entregas Finalizadas Manaus,6,-,-,2025-06-10 17:54:46,10/06/2025 17:54,-,-,-,-,-,-,-
1767442,Entregas Finalizadas Fora de Manaus,8,-,-,2025-06-10 23:18:51,10/06/2025 23:18,-,-,-,-,-,-,-
1767439,Entregas Finalizadas Fora de Manaus,8,-,-,2025-06-10 23:16:26,10/06/2025 23:16,-,-,-,-,-,-,-
1767296,Entregas Finalizadas Fora de Manaus,8,-,-,2025-06-11 22:57:09,11/06/2025 22:57,-,-,-,-,-,-,-
1767291,Logística - Despacho da Encomenda,2,-,00:00 Horas,2025-06-10 17:14:48,10/06/2025 17:14,-,10/06/2025 17:14,-,-,-,-,-
1767283,Entregas Finalizadas Manaus,6,-,-,2025-06-10 21:44:16,10/06/2025 21:44,-,-,-,-,-,-,-
1767237,Entregas Finalizadas Manaus,6,-,-,2025-06-10 19:26:13,10/06/2025 19:26,-,-,-,-,-,-,-
1767174,Entregas Finalizadas Manaus,6,-,-,2025-06-10 17:55:34,10/06/2025 17:55,-,-,-,-,-,-,-
1767127,Entregas Finalizadas Fora de Manaus,8,-,-,2025-06-10 23:09:45,10/06/2025 23:09,-,-,-,-,-,-,-
1767048,Entregas Finalizadas Manaus,6,-,-,2025-06-10 19:37:50,10/06/2025 19:37,-,-,-,-,-,-,-
1766992,Entregas Finalizadas Manaus,6,-,-,2025-06-10 18:11:34,10/06/2025 18:11,-,-,-,-,-,-,-
1766930,Entregas Finalizadas Fora de Manaus,8,-,-,2025-06-11 08:26:42,11/06/2025 08:26,-,-,-,-,-,-,-
1766926,Entregas Finalizadas Manaus,6,-,-,2025-06-10 19:27:47,10/06/2025 19:27,-,-,-,-,-,-,-
1766922,Entregas Finalizadas Fora de Manaus,8,-,-,2025-06-11 12:52:34,11/06/2025 12:52,-,-,-,-,-,-,-
1766912,Entregas Finalizadas Fora de Manaus,8,-,-,2025-06-10 23:31:55,10/06/2025 23:31,-,-,-,-,-,-,-
1766830,Entregas Finalizadas Fora de Manaus,8,-,-,2025-06-10 23:06:04,10/06/2025 23:06,-,-,-,-,-,-,-
1766817,Entregas Finalizadas Fora de Manaus,8,-,-,2025-06-11 08:24:58,11/06/2025 08:24,-,-,-,-,-,-,-
1766783,Entregas Finalizadas Manaus,6,-,-,2025-06-10 21:54:28,10/06/2025 21:54,-,-,-,-,-,-,-
1766766,Entregas Finalizadas Manaus,6,-,-,2025-06-10 20:45:50,10/06/2025 20:45,-,-,-,-,-,-,-
1766707,Entregas Finalizadas Fora de Manaus,8,-,-,2025-06-11 23:32:57,11/06/2025 23:32,-,-,-,-,-,-,-
1766703,Entregas Finalizadas Fora de Manaus,8,-,-,2025-06-10 17:44:58,10/06/2025 17:44,-,-,-,-,-,-,-
1766697,Entregas Finalizadas Fora de Manaus,8,-,-,2025-06-10 23:04:20,10/06/2025 23:04,-,-,-,-,-,-,-
1766678,Entregas Finalizadas Manaus,6,-,-,2025-06-10 19:47:25,10/06/2025 19:47,-,-,-,-,-,-,-
1766652,Entregas Finalizadas Fora de Manaus,8,-,-,2025-06-10 23:43:11,10/06/2025 23:43,-,-,-,-,-,-,-
1766642,Entregas Finalizadas Manaus,6,-,-,2025-06-11 10:41:20,11/06/2025 10:41,-,-,-,-,-,-,-
1766640,Entregas Finalizadas Fora de Manaus,8,-,-,2025-06-11 22:54:30,11/06/2025 22:54,-,-,-,-,-,-,-
1766590,Entregas Finalizadas Fora de Manaus,8,-,-,2025-06-10 23:48:15,10/06/2025 23:48,-,-,-,-,-,-,-
1766583,Entregas Finalizadas Fora de Manaus,8,-,-,2025-06-13 11:41:30,13/06/2025 11:41,-,-,-,-,-,-,-
1766574,Entregas Finalizadas Fora de Manaus,8,-,-,2025-06-10 18:20:47,10/06/2025 18:20,-,-,-,-,-,-,-
1766561,Entregas Finalizadas Manaus,6,-,-,2025-06-10 18:45:48,10/06/2025 18:45,-,-,-,-,-,-,-
1766554,Entregas Finalizadas Manaus,6,-,-,2025-06-10 21:03:38,10/06/2025 21:03,-,-,-,-,-,-,-
1766534,Entregas Finalizadas Fora de Manaus,8,-,-,2025-06-10 23:12:39,10/06/2025 23:12,-,-,-,-,-,-,-
1766497,Entregas Finalizadas Manaus,6,-,-,2025-06-10 17:22:30,10/06/2025 17:22,-,-,-,-,-,-,-
1766471,Entregas Finalizadas Manaus,6,-,-,2025-06-10 18:01:48,10/06/2025 18:01,-,-,-,-,-,-,-
1766456,Entregas Finalizadas Manaus,6,-,-,2025-06-11 09:21:24,11/06/2025 09:21,-,-,-,-,-,-,-
1766448,Entregas Finalizadas Manaus,6,-,-,2025-06-12 21:56:17,12/06/2025 21:56,-,-,-,-,-,-,-
1766362,Entregas Finalizadas Fora de Manaus,8,-,-,2025-06-10 23:28:44,10/06/2025 23:28,-,-,-,-,-,-,-
1765973,Entregas Finalizadas Manaus,6,-,-,2025-06-10 18:33:31,10/06/2025 18:33,-,-,-,-,-,-,-
1765968,Entregas Finalizadas Fora de Manaus,8,-,-,2025-06-11 00:09:23,11/06/2025 00:09,-,-,-,-,-,-,-
1765936,Vendedor - Nova Encomenda,1,-,-,2025-06-10 10:00:19,10/06/2025 10:00,-,-,-,-,-,-,-
1765918,Entregas Finalizadas Fora de Manaus,8,-,-,2025-06-11 00:17:30,11/06/2025 00:17,-,-,-,-,-,-,-
1765914,Entregas Finalizadas Fora de Manaus,8,-,-,2025-06-11 00:20:56,11/06/2025 00:20,-,-,-,-,-,-,-
1765912,Entregas Finalizadas Manaus,6,-,-,2025-06-10 19:55:41,10/06/2025 19:55,-,-,-,-,-,-,-
1765907,Entregas Finalizadas Manaus,6,-,-,2025-06-10 14:34:32,10/06/2025 14:34,-,-,-,-,-,-,-
1765903,Entregas Finalizadas Fora de Manaus,8,-,-,2025-06-10 23:35:23,10/06/2025 23:35,-,-,-,-,-,-,-
1765827,Entregas Finalizadas Manaus,6,-,-,2025-06-10 14:33:20,10/06/2025 14:33,-,-,-,-,-,-,-
1765822,Entregas Finalizadas Fora de Manaus,8,-,-,2025-06-11 00:19:10,11/06/2025 00:19,-,-,-,-,-,-,-
1765813,Logística - Despacho da Encomenda,2,-,00:00 Horas,2025-06-10 11:57:09,10/06/2025 11:57,-,10/06/2025 11:57,-,-,-,-,-
1765811,Entregas Finalizadas Fora de Manaus,8,-,-,2025-06-11 00:11:31,11/06/2025 00:11,-,-,-,-,-,-,-
1765760,Entregas Finalizadas Fora de Manaus,8,-,-,2025-06-11 13:00:55,11/06/2025 13:00,-,-,-,-,-,-,-
1765709,Entregas Finalizadas Manaus,6,-,-,2025-06-10 13:27:19,10/06/2025 13:27,-,-,-,-,-,-,-
1765651,Entregas Finalizadas Manaus,6,-,-,2025-06-10 22:06:17,10/06/2025 22:06,-,-,-,-,-,-,-
1765514,Entregas Finalizadas Fora de Manaus,8,-,-,2025-06-10 22:01:44,10/06/2025 22:01,-,-,-,-,-,-,-
1765511,Entregas Finalizadas Fora de Manaus,8,-,-,2025-06-11 12:57:02,11/06/2025 12:57,-,-,-,-,-,-,-
1765508,Entregas Finalizadas Fora de Manaus,8,-,-,2025-06-11 14:04:48,11/06/2025 14:04,-,-,-,-,-,-,-
1765489,Entregas Finalizadas Fora de Manaus,8,-,-,2025-06-10 13:05:56,10/06/2025 13:05,-,-,-,-,-,-,-
1765478,Entregas Finalizadas Fora de Manaus,8,-,-,2025-06-10 23:40:22,10/06/2025 23:40,-,-,-,-,-,-,-
1765370,Entregas Finalizadas Fora de Manaus,8,-,-,2025-06-10 23:51:12,10/06/2025 23:51,-,-,-,-,-,-,-
1765353,Entregas Finalizadas Manaus,6,-,-,2025-06-10 21:24:32,10/06/2025 21:24,-,-,-,-,-,-,-
1765126,Entregas Finalizadas Manaus,6,-,-,2025-06-09 16:49:22,09/06/2025 16:49,-,-,-,-,-,-,-
1764762,Entregas Finalizadas Manaus,6,-,-,2025-06-09 16:47:50,09/06/2025 16:47,-,-,-,-,-,-,-
1764760,Entregas Finalizadas Manaus,6,-,-,2025-06-09 17:17:58,09/06/2025 17:17,-,-,-,-,-,-,-
1764717,Entregas Finalizadas Manaus,6,-,-,2025-06-09 17:19:37,09/06/2025 17:19,-,-,-,-,-,-,-
1764667,Entregas Finalizadas Manaus,6,-,-,2025-06-10 14:02:27,10/06/2025 14:02,-,-,-,-,-,-,-
1764510,Entregas Finalizadas Fora de Manaus,8,-,-,2025-06-09 16:49:33,09/06/2025 16:49,-,-,-,-,-,-,-
1764398,Entregas Finalizadas Manaus,6,-,-,2025-06-10 13:03:35,10/06/2025 13:03,-,-,-,-,-,-,-
1764240,Entregas Finalizadas Fora de Manaus,8,-,-,2025-06-09 17:01:21,09/06/2025 17:01,-,-,-,-,-,-,-
1764214,Entregas Finalizadas Fora de Manaus,8,-,-,2025-06-11 16:16:19,11/06/2025 16:16,-,-,-,-,-,-,-
1764159,Entregas Finalizadas Fora de Manaus,8,-,-,2025-06-10 23:53:04,10/06/2025 23:53,-,-,-,-,-,-,-
1763960,Entregas Finalizadas Fora de Manaus,8,-,-,2025-06-09 16:57:35,09/06/2025 16:57,-,-,-,-,-,-,-
1763794,Entregas Finalizadas Fora de Manaus,8,-,-,2025-06-09 17:24:35,09/06/2025 17:24,-,-,-,-,-,-,-
1763698,Vendedor - Nova Encomenda,1,-,-,2025-06-09 12:51:10,09/06/2025 12:51,-,-,-,-,-,-,-
1763661,Entregas Finalizadas Manaus,6,-,-,2025-06-09 14:59:07,09/06/2025 14:59,-,-,-,-,-,-,-
1763618,Vendedor - Nova Encomenda,1,-,-,2025-06-09 12:46:42,09/06/2025 12:46,-,-,-,-,-,-,-
1763604,Vendedor - Nova Encomenda,1,-,-,2025-06-09 12:46:08,09/06/2025 12:46,-,-,-,-,-,-,-
1763251,Entregas Finalizadas Fora de Manaus,8,-,-,2025-06-09 17:03:31,09/06/2025 17:03,-,-,-,-,-,-,-
1763200,Vendedor - Nova Encomenda,1,-,-,2025-06-09 12:20:59,09/06/2025 12:20,-,-,-,-,-,-,-
1763165,Entregas Finalizadas Fora de Manaus,8,-,-,2025-06-10 11:13:02,10/06/2025 11:13,-,-,-,-,-,-,-
1763135,Entregas Finalizadas Fora de Manaus,8,-,-,2025-06-11 23:28:13,11/06/2025 23:28,-,-,-,-,-,-,-
1763115,Entregas Finalizadas Fora de Manaus,8,-,-,2025-06-12 15:17:12,12/06/2025 15:17,-,-,-,-,-,-,-
1762989,Entregas Finalizadas Fora de Manaus,8,-,-,2025-06-10 23:59:36,10/06/2025 23:59,-,-,-,-,-,-,-
1762959,Entregas Finalizadas Fora de Manaus,8,-,-,2025-06-11 00:14:02,11/06/2025 00:14,-,-,-,-,-,-,-
1761620,Entregas Finalizadas Fora de Manaus,8,-,-,2025-06-10 11:35:13,10/06/2025 11:35,-,-,-,-,-,-,-
1761617,Entregas Finalizadas Fora de Manaus,8,-,-,2025-06-09 17:20:50,09/06/2025 17:20,-,-,-,-,-,-,-
1761157,Entregas Finalizadas Fora de Manaus,8,-,-,2025-06-09 13:04:06,09/06/2025 13:04,-,-,-,-,-,-,-
1761016,Entregas Finalizadas Fora de Manaus,8,-,-,2025-06-11 13:24:29,11/06/2025 13:24,-,-,-,-,-,-,-
1760965,Entregas Finalizadas Manaus,6,-,-,2025-06-09 13:37:34,09/06/2025 13:37,-,-,-,-,-,-,-
1760950,Entregas Finalizadas Fora de Manaus,8,-,-,2025-06-09 17:26:54,09/06/2025 17:26,-,-,-,-,-,-,-
1760907,Entregas Finalizadas Fora de Manaus,8,-,-,2025-06-09 13:09:28,09/06/2025 13:09,-,-,-,-,-,-,-
1760384,Entregas Finalizadas Manaus,6,-,-,2025-06-10 12:57:21,10/06/2025 12:57,-,-,-,-,-,-,-
1760278,Entregas Finalizadas Fora de Manaus,8,-,-,2025-06-07 17:36:51,07/06/2025 17:36,-,-,-,-,-,-,-
1760267,Entregas Finalizadas Fora de Manaus,8,-,-,2025-06-09 13:11:25,09/06/2025 13:11,-,-,-,-,-,-,-
1760258,Entregas Finalizadas Manaus,6,-,-,2025-06-07 13:46:06,07/06/2025 13:46,-,-,-,-,-,-,-
1760254,Vendedor - Nova Encomenda,1,-,-,2025-06-07 10:45:46,07/06/2025 10:45,-,-,-,-,-,-,-
1760244,Entregas Finalizadas Fora de Manaus,8,-,-,2025-06-07 13:16:08,07/06/2025 13:16,-,-,-,-,-,-,-
1760240,Entregas Finalizadas Manaus,6,-,-,2025-06-07 14:21:15,07/06/2025 14:21,-,-,-,-,-,-,-
1760235,Entregas Finalizadas Fora de Manaus,8,-,-,2025-06-07 13:14:53,07/06/2025 13:14,-,-,-,-,-,-,-
1760231,Entregas Finalizadas Manaus,6,-,-,2025-06-07 13:07:42,07/06/2025 13:07,-,-,-,-,-,-,-
1760228,Entregas Finalizadas Manaus,6,-,-,2025-06-07 21:05:13,07/06/2025 21:05,-,-,-,-,-,-,-
1760225,Entregas Finalizadas Fora de Manaus,8,-,-,2025-06-09 14:02:09,09/06/2025 14:02,-,-,-,-,-,-,-
1760219,Entregas Finalizadas Fora de Manaus,8,-,-,2025-06-07 17:38:58,07/06/2025 17:38,-,-,-,-,-,-,-
1760201,Vendedor - Nova Encomenda,1,-,-,2025-06-07 09:31:15,07/06/2025 09:31,-,-,-,-,-,-,-
1760134,Logística - Despacho da Encomenda,2,-,00:00 Horas,2025-06-07 08:38:06,07/06/2025 08:38,-,07/06/2025 08:38,-,-,-,-,-
1760128,Entregas Finalizadas Manaus,6,-,-,2025-06-07 09:28:02,07/06/2025 09:28,-,-,-,-,-,-,-
1760124,Logística - Despacho da Encomenda,2,-,00:00 Horas,2025-06-07 08:37:27,07/06/2025 08:37,-,07/06/2025 08:37,-,-,-,-,-
1760121,Entregas Finalizadas Fora de Manaus,8,-,-,2025-06-07 09:10:09,07/06/2025 09:10,-,-,-,-,-,-,-
1760118,Logística - Despacho da Encomenda,2,-,00:00 Horas,2025-06-07 08:35:07,07/06/2025 08:35,-,07/06/2025 08:35,-,-,-,-,-
1760102,Vendedor - Nova Encomenda,1,-,-,2025-06-06 20:53:22,06/06/2025 20:53,-,-,-,-,-,-,-
1760098,Entregas Finalizadas Manaus,6,-,-,2025-06-07 10:40:26,07/06/2025 10:40,-,-,-,-,-,-,-
1760045,Vendedor - Nova Encomenda,1,-,-,2025-06-06 19:10:57,06/06/2025 19:10,-,-,-,-,-,-,-
1760028,Vendedor - Nova Encomenda,1,-,-,2025-06-06 18:58:00,06/06/2025 18:58,-,-,-,-,-,-,-
1760016,Entregas Finalizadas Fora de Manaus,8,-,-,2025-06-07 17:26:46,07/06/2025 17:26,-,-,-,-,-,-,-
1760005,Entregas Finalizadas Fora de Manaus,8,-,-,2025-06-07 17:29:49,07/06/2025 17:29,-,-,-,-,-,-,-
1759992,Entregas Finalizadas Manaus,6,-,-,2025-06-07 13:17:55,07/06/2025 13:17,-,-,-,-,-,-,-
1759979,Entregas Finalizadas Fora de Manaus,8,-,-,2025-06-07 17:16:37,07/06/2025 17:16,-,-,-,-,-,-,-
1759853,Entregas Finalizadas Fora de Manaus,8,-,-,2025-06-07 16:53:33,07/06/2025 16:53,-,-,-,-,-,-,-
1759752,Entregas Finalizadas Fora de Manaus,8,-,-,2025-06-09 14:22:03,09/06/2025 14:22,-,-,-,-,-,-,-
1759712,Entregas Finalizadas Fora de Manaus,8,-,-,2025-06-09 16:50:51,09/06/2025 16:50,-,-,-,-,-,-,-
1759689,Entregas Finalizadas Manaus,6,-,-,2025-06-06 20:15:17,06/06/2025 20:15,-,-,-,-,-,-,-
1759683,Entregas Finalizadas Fora de Manaus,8,-,-,2025-06-06 17:47:59,06/06/2025 17:47,-,-,-,-,-,-,-
1759668,Entregas Finalizadas Fora de Manaus,8,-,-,2025-06-07 16:57:14,07/06/2025 16:57,-,-,-,-,-,-,-
1759656,Entregas Finalizadas Fora de Manaus,8,-,-,2025-06-07 11:23:21,07/06/2025 11:23,-,-,-,-,-,-,-
1759640,Entregas Finalizadas Fora de Manaus,8,-,-,2025-06-09 13:27:04,09/06/2025 13:27,-,-,-,-,-,-,-
1759624,Entregas Finalizadas Fora de Manaus,8,-,-,2025-06-06 17:45:59,06/06/2025 17:45,-,-,-,-,-,-,-
1759609,Entregas Finalizadas Fora de Manaus,8,-,-,2025-06-11 00:06:44,11/06/2025 00:06,-,-,-,-,-,-,-
1759604,Entregas Finalizadas Manaus,6,-,-,2025-06-06 18:44:25,06/06/2025 18:44,-,-,-,-,-,-,-
1759597,Entregas Finalizadas Manaus,6,-,-,2025-06-06 18:10:10,06/06/2025 18:10,-,-,-,-,-,-,-
1759581,Entregas Finalizadas Fora de Manaus,8,-,-,2025-06-07 19:46:41,07/06/2025 19:46,-,-,-,-,-,-,-
1759579,Entregas Finalizadas Fora de Manaus,8,-,-,2025-06-07 16:49:50,07/06/2025 16:49,-,-,-,-,-,-,-
1759532,Entregas Finalizadas Manaus,6,-,-,2025-06-07 10:35:50,07/06/2025 10:35,-,-,-,-,-,-,-
1759491,Entregas Finalizadas Fora de Manaus,8,-,-,2025-06-06 20:29:21,06/06/2025 20:29,-,-,-,-,-,-,-
1759477,Entregas Finalizadas Fora de Manaus,8,-,-,2025-06-07 17:09:24,07/06/2025 17:09,-,-,-,-,-,-,-
1759461,Entregas Finalizadas Manaus,6,-,-,2025-06-06 19:22:50,06/06/2025 19:22,-,-,-,-,-,-,-
1759441,Entregas Finalizadas Fora de Manaus,8,-,-,2025-06-06 17:19:52,06/06/2025 17:19,-,-,-,-,-,-,-
1759373,Entregas Finalizadas Fora de Manaus,8,-,-,2025-06-09 13:23:15,09/06/2025 13:23,-,-,-,-,-,-,-
1759311,Entregas Finalizadas Fora de Manaus,8,-,-,2025-06-06 20:30:53,06/06/2025 20:30,-,-,-,-,-,-,-
1759298,Entregas Finalizadas Fora de Manaus,8,-,-,2025-06-06 20:27:13,06/06/2025 20:27,-,-,-,-,-,-,-
1759292,Entregas Finalizadas Manaus,6,-,-,2025-06-06 18:25:31,06/06/2025 18:25,-,-,-,-,-,-,-
1759288,Entregas Finalizadas Fora de Manaus,8,-,-,2025-06-10 13:30:58,10/06/2025 13:30,-,-,-,-,-,-,-
1759283,Entregas Finalizadas Fora de Manaus,8,-,-,2025-06-07 17:34:07,07/06/2025 17:34,-,-,-,-,-,-,-
1759273,Entregas Finalizadas Manaus,6,-,-,2025-06-06 17:34:52,06/06/2025 17:34,-,-,-,-,-,-,-
1759270,Entregas Finalizadas Fora de Manaus,8,-,-,2025-06-06 20:38:35,06/06/2025 20:38,-,-,-,-,-,-,-
1759253,Entregas Finalizadas Manaus,6,-,-,2025-06-06 19:21:54,06/06/2025 19:21,-,-,-,-,-,-,-
1759176,Entregas Finalizadas Manaus,6,-,-,2025-06-06 19:40:45,06/06/2025 19:40,-,-,-,-,-,-,-
1759169,Entregas Finalizadas Fora de Manaus,8,-,-,2025-06-07 11:24:36,07/06/2025 11:24,-,-,-,-,-,-,-
1759144,Entregas Finalizadas Fora de Manaus,8,-,-,2025-06-06 12:47:13,06/06/2025 12:47,-,-,-,-,-,-,-
1759042,Entregas Finalizadas Fora de Manaus,8,-,-,2025-06-11 18:44:01,11/06/2025 18:44,-,-,-,-,-,-,-
1759035,Entregas Finalizadas Fora de Manaus,8,-,-,2025-06-07 11:21:53,07/06/2025 11:21,-,-,-,-,-,-,-
1759015,Entregas Finalizadas Fora de Manaus,8,-,-,2025-06-06 20:40:53,06/06/2025 20:40,-,-,-,-,-,-,-
1759005,Vendedor - Nova Encomenda,1,-,-,2025-06-06 11:08:47,06/06/2025 11:08,-,-,-,-,-,-,-
1758981,Entregas Finalizadas Fora de Manaus,8,-,-,2025-06-07 12:51:32,07/06/2025 12:51,-,-,-,-,-,-,-
1758962,Logística - Despacho da Encomenda,2,-,00:00 Horas,2025-06-06 16:42:43,06/06/2025 16:42,-,06/06/2025 16:42,-,-,-,-,-
1758952,Entregas Finalizadas Manaus,6,-,-,2025-06-06 17:26:10,06/06/2025 17:26,-,-,-,-,-,-,-
1758949,Entregas Finalizadas Fora de Manaus,8,-,-,2025-06-06 15:30:42,06/06/2025 15:30,-,-,-,-,-,-,-
1758945,Entregas Finalizadas Manaus,6,-,-,2025-06-06 13:42:39,06/06/2025 13:42,-,-,-,-,-,-,-
1758941,Canceladas,X,lojarui@mondellebrasil.com.br,-,2025-06-06 10:41:44,06/06/2025 10:41,-,-,-,-,-,-,-
1758933,Entregas Finalizadas Manaus,6,-,-,2025-06-06 15:16:38,06/06/2025 15:16,-,-,-,-,-,-,-
1758928,Entregas Finalizadas Manaus,6,-,-,2025-06-06 13:54:08,06/06/2025 13:54,-,-,-,-,-,-,-
1758920,Entregas Finalizadas Fora de Manaus,8,-,-,2025-06-07 17:24:27,07/06/2025 17:24,-,-,-,-,-,-,-
1758905,Entregas Finalizadas Fora de Manaus,8,-,-,2025-06-06 20:18:25,06/06/2025 20:18,-,-,-,-,-,-,-
1758888,Entregas Finalizadas Fora de Manaus,8,-,-,2025-06-06 17:15:40,06/06/2025 17:15,-,-,-,-,-,-,-
1758869,Entregas Finalizadas Fora de Manaus,8,-,-,2025-06-06 15:15:05,06/06/2025 15:15,-,-,-,-,-,-,-
1758855,Entregas Finalizadas Fora de Manaus,8,-,-,2025-06-06 20:35:13,06/06/2025 20:35,-,-,-,-,-,-,-
1758846,Entregas Finalizadas Fora de Manaus,8,-,-,2025-06-06 12:28:27,06/06/2025 12:28,-,-,-,-,-,-,-
1758844,Entregas Finalizadas Fora de Manaus,8,-,-,2025-06-06 20:51:15,06/06/2025 20:51,-,-,-,-,-,-,-
1758840,Entregas Finalizadas Fora de Manaus,8,-,-,2025-06-06 15:11:29,06/06/2025 15:11,-,-,-,-,-,-,-
1758814,Entregas Finalizadas Manaus,6,-,-,2025-06-06 15:46:40,06/06/2025 15:46,-,-,-,-,-,-,-
1758616,Vendedor - Nova Encomenda,1,-,-,2025-06-05 22:46:40,05/06/2025 22:46,-,-,-,-,-,-,-
1758607,Vendedor - Nova Encomenda,1,-,-,2025-06-05 22:24:10,05/06/2025 22:24,-,-,-,-,-,-,-
1758572,Entregas Finalizadas Fora de Manaus,8,-,-,2025-06-07 17:07:44,07/06/2025 17:07,-,-,-,-,-,-,-
1758567,Entregas Finalizadas Fora de Manaus,8,-,-,2025-06-09 13:00:52,09/06/2025 13:00,-,-,-,-,-,-,-
1758565,Entregas Finalizadas Manaus,6,-,-,2025-06-09 11:27:01,09/06/2025 11:27,-,-,-,-,-,-,-
1758559,Entregas Finalizadas Fora de Manaus,8,-,-,2025-06-06 17:46:27,06/06/2025 17:46,-,-,-,-,-,-,-
1758554,Vendedor - Nova Encomenda,1,-,-,2025-06-05 19:30:36,05/06/2025 19:30,-,-,-,-,-,-,-
1758550,Entregas Finalizadas Fora de Manaus,8,-,-,2025-06-06 21:48:46,06/06/2025 21:48,-,-,-,-,-,-,-
1758546,Entregas Finalizadas Fora de Manaus,8,-,-,2025-06-06 13:21:22,06/06/2025 13:21,-,-,-,-,-,-,-
1758544,Entregas Finalizadas Fora de Manaus,8,-,-,2025-06-06 17:18:06,06/06/2025 17:18,-,-,-,-,-,-,-
1758529,Entregas Finalizadas Fora de Manaus,8,-,-,2025-06-09 13:07:32,09/06/2025 13:07,-,-,-,-,-,-,-
1758510,Entregas Finalizadas Fora de Manaus,8,-,-,2025-06-08 15:19:13,08/06/2025 15:19,-,-,-,-,-,-,-
1758491,Entregas Finalizadas Fora de Manaus,8,-,-,2025-06-06 15:16:15,06/06/2025 15:16,-,-,-,-,-,-,-
1758450,Entregas Finalizadas Manaus,6,-,-,2025-06-06 13:59:26,06/06/2025 13:59,-,-,-,-,-,-,-
1758446,Entregas Finalizadas Fora de Manaus,8,-,-,2025-06-06 09:41:45,06/06/2025 09:41,-,-,-,-,-,-,-
1758435,Entregas Finalizadas Fora de Manaus,8,-,-,2025-06-06 12:35:02,06/06/2025 12:35,-,-,-,-,-,-,-
1758406,Entregas Finalizadas Fora de Manaus,8,-,-,2025-06-06 21:50:34,06/06/2025 21:50,-,-,-,-,-,-,-
1758394,Entregas Finalizadas Fora de Manaus,8,-,-,2025-06-06 13:57:47,06/06/2025 13:57,-,-,-,-,-,-,-
1758366,Entregas Finalizadas Manaus,6,-,-,2025-06-06 06:27:41,06/06/2025 06:27,-,-,-,-,-,-,-
1758362,Entregas Finalizadas Fora de Manaus,8,-,-,2025-06-06 15:13:17,06/06/2025 15:13,-,-,-,-,-,-,-
1758358,Entregas Finalizadas Manaus,6,-,-,2025-06-06 14:17:05,06/06/2025 14:17,-,-,-,-,-,-,-
1758292,Entregas Finalizadas Fora de Manaus,8,-,-,2025-06-07 17:06:16,07/06/2025 17:06,-,-,-,-,-,-,-
1758135,Entregas Finalizadas Manaus,6,-,-,2025-06-05 18:11:23,05/06/2025 18:11,-,-,-,-,-,-,-
1758109,Entregas Finalizadas Manaus,6,-,-,2025-06-05 17:11:50,05/06/2025 17:11,-,-,-,-,-,-,-
1758107,Entregas Finalizadas Fora de Manaus,8,-,-,2025-06-07 17:03:45,07/06/2025 17:03,-,-,-,-,-,-,-
1758097,Entregas Finalizadas Fora de Manaus,8,-,-,2025-06-08 15:14:53,08/06/2025 15:14,-,-,-,-,-,-,-
1758088,Vendedor - Nova Encomenda,1,-,-,2025-06-05 15:32:32,05/06/2025 15:32,-,-,-,-,-,-,-
1758079,Entregas Finalizadas Fora de Manaus,8,-,-,2025-06-08 15:17:33,08/06/2025 15:17,-,-,-,-,-,-,-
1757935,Entregas Finalizadas Fora de Manaus,8,-,-,2025-06-06 13:15:16,06/06/2025 13:15,-,-,-,-,-,-,-
1757841,Entregas Finalizadas Fora de Manaus,8,-,-,2025-06-06 13:29:59,06/06/2025 13:29,-,-,-,-,-,-,-
1757835,Entregas Finalizadas Fora de Manaus,8,-,-,2025-06-05 17:18:47,05/06/2025 17:18,-,-,-,-,-,-,-
1757812,Entregas Finalizadas Fora de Manaus,8,-,-,2025-06-05 17:41:50,05/06/2025 17:41,-,-,-,-,-,-,-
1757747,Entregas Finalizadas Manaus,6,-,-,2025-06-06 13:17:20,06/06/2025 13:17,-,-,-,-,-,-,-
1757652,Vendedor - Nova Encomenda,1,-,-,2025-06-05 14:34:17,05/06/2025 14:34,-,-,-,-,-,-,-
1757650,Entregas Finalizadas Fora de Manaus,8,-,-,2025-06-06 11:51:30,06/06/2025 11:51,-,-,-,-,-,-,-
1757532,Entregas Finalizadas Fora de Manaus,8,-,-,2025-06-05 22:29:53,05/06/2025 22:29,-,-,-,-,-,-,-
1757514,Entregas Finalizadas Fora de Manaus,8,-,-,2025-06-05 22:23:59,05/06/2025 22:23,-,-,-,-,-,-,-
1757506,Entregas Finalizadas Manaus,6,-,-,2025-06-05 18:32:46,05/06/2025 18:32,-,-,-,-,-,-,-
1757501,Entregas Finalizadas Fora de Manaus,8,-,-,2025-06-06 10:58:18,06/06/2025 10:58,-,-,-,-,-,-,-
1757334,Entregas Finalizadas Fora de Manaus,8,-,-,2025-06-05 17:24:37,05/06/2025 17:24,-,-,-,-,-,-,-
1757291,Entregas Finalizadas Fora de Manaus,8,-,-,2025-06-05 17:30:00,05/06/2025 17:30,-,-,-,-,-,-,-
1757287,Entregas Finalizadas Fora de Manaus,8,-,-,2025-06-06 11:47:22,06/06/2025 11:47,-,-,-,-,-,-,-
1757282,Entregas Finalizadas Manaus,6,-,-,2025-06-05 15:22:07,05/06/2025 15:22,-,-,-,-,-,-,-
1757280,Entregas Finalizadas Manaus,6,-,-,2025-06-06 15:07:26,06/06/2025 15:07,-,-,-,-,-,-,-
1757276,Vendedor - Nova Encomenda,1,-,-,2025-06-05 12:48:22,05/06/2025 12:48,-,-,-,-,-,-,-
1757251,Entregas Finalizadas Manaus,6,-,-,2025-06-05 18:35:57,05/06/2025 18:35,-,-,-,-,-,-,-
1757234,Entregas Finalizadas Fora de Manaus,8,-,-,2025-06-05 22:22:35,05/06/2025 22:22,-,-,-,-,-,-,-
1757228,Entregas Finalizadas Fora de Manaus,8,-,-,2025-06-05 22:32:11,05/06/2025 22:32,-,-,-,-,-,-,-
1757225,Canceladas,X,lojarui@mondellebrasil.com.br,-,2025-06-05 12:18:26,05/06/2025 12:18,-,-,-,-,-,-,-
1757221,Entregas Finalizadas Fora de Manaus,8,-,-,2025-06-06 13:22:10,06/06/2025 13:22,-,-,-,-,-,-,-
1757217,Entregas Finalizadas Fora de Manaus,8,-,-,2025-06-06 11:32:31,06/06/2025 11:32,-,-,-,-,-,-,-
1757214,Logística - Despacho da Encomenda,2,-,00:00 Horas,2025-06-05 15:36:18,05/06/2025 15:36,-,05/06/2025 15:36,-,-,-,-,-
1757209,Entregas Finalizadas Fora de Manaus,8,-,-,2025-06-06 12:22:59,06/06/2025 12:22,-,-,-,-,-,-,-
1757200,Entregas Finalizadas Fora de Manaus,8,-,-,2025-06-06 13:45:11,06/06/2025 13:45,-,-,-,-,-,-,-
1757122,Entregas Finalizadas Fora de Manaus,8,-,-,2025-06-07 16:59:42,07/06/2025 16:59,-,-,-,-,-,-,-
1757092,Entregas Finalizadas Manaus,6,-,-,2025-06-06 16:05:47,06/06/2025 16:05,-,-,-,-,-,-,-
1756798,Entregas Finalizadas Fora de Manaus,8,-,-,2025-06-06 11:34:46,06/06/2025 11:34,-,-,-,-,-,-,-
1756717,Entregas Finalizadas Fora de Manaus,8,-,-,2025-06-06 11:42:02,06/06/2025 11:42,-,-,-,-,-,-,-
1756713,Entregas Finalizadas Fora de Manaus,8,-,-,2025-06-06 13:23:22,06/06/2025 13:23,-,-,-,-,-,-,-
1756590,Logística - Despacho da Encomenda,2,-,00:00 Horas,2025-06-05 16:44:52,05/06/2025 16:44,-,05/06/2025 16:44,-,-,-,-,-
1756486,Entregas Finalizadas Manaus,6,-,-,2025-06-05 18:17:15,05/06/2025 18:17,-,-,-,-,-,-,-
1756400,Entregas Finalizadas Fora de Manaus,8,-,-,2025-06-11 23:35:00,11/06/2025 23:35,-,-,-,-,-,-,-
1756378,Entregas Finalizadas Fora de Manaus,8,-,-,2025-06-06 21:26:01,06/06/2025 21:26,-,-,-,-,-,-,-
1756377,Entregas Finalizadas Fora de Manaus,8,-,-,2025-06-06 20:53:34,06/06/2025 20:53,-,-,-,-,-,-,-
1756115,Entregas Finalizadas Fora de Manaus,8,-,-,2025-06-06 21:01:53,06/06/2025 21:01,-,-,-,-,-,-,-
1756088,Logística - Despacho da Encomenda,2,-,00:00 Horas,2025-06-05 12:26:38,05/06/2025 12:26,-,05/06/2025 12:26,-,-,-,-,-
1756080,Entregas Finalizadas Fora de Manaus,8,-,-,2025-06-06 11:44:21,06/06/2025 11:44,-,-,-,-,-,-,-
1755871,Vendedor - Nova Encomenda,1,-,-,2025-06-04 22:45:29,04/06/2025 22:45,-,-,-,-,-,-,-
1755861,Entregas Finalizadas Fora de Manaus,8,-,-,2025-06-11 00:03:16,11/06/2025 00:03,-,-,-,-,-,-,-
1755830,Vendedor - Nova Encomenda,1,-,-,2025-06-04 21:16:06,04/06/2025 21:16,-,-,-,-,-,-,-
1755792,Entregas Finalizadas Fora de Manaus,8,-,-,2025-06-06 11:38:57,06/06/2025 11:38,-,-,-,-,-,-,-
1755447,Vendedor - Nova Encomenda,1,-,-,2025-06-04 19:39:41,04/06/2025 19:39,-,-,-,-,-,-,-
1755403,Entregas Finalizadas Fora de Manaus,8,-,-,2025-06-06 12:26:26,06/06/2025 12:26,-,-,-,-,-,-,-
1755398,Vendedor - Nova Encomenda,1,-,-,2025-06-04 18:34:06,04/06/2025 18:34,-,-,-,-,-,-,-
1755396,Vendedor - Nova Encomenda,1,-,-,2025-06-04 18:32:11,04/06/2025 18:32,-,-,-,-,-,-,-
1755364,Vendedor - Nova Encomenda,1,-,-,2025-06-04 18:14:16,04/06/2025 18:14,-,-,-,-,-,-,-
1755354,Entregas Finalizadas Fora de Manaus,8,-,-,2025-06-06 20:33:07,06/06/2025 20:33,-,-,-,-,-,-,-
1755351,Vendedor - Nova Encomenda,1,-,-,2025-06-04 18:06:10,04/06/2025 18:06,-,-,-,-,-,-,-
1755321,Entregas Finalizadas Fora de Manaus,8,-,-,2025-06-04 18:17:17,04/06/2025 18:17,-,-,-,-,-,-,-
1755311,Entregas Finalizadas Fora de Manaus,8,-,-,2025-06-06 21:05:41,06/06/2025 21:05,-,-,-,-,-,-,-
1755309,Entregas Finalizadas Fora de Manaus,8,-,-,2025-06-04 18:15:23,04/06/2025 18:15,-,-,-,-,-,-,-
1755297,Vendedor - Nova Encomenda,1,-,-,2025-06-04 17:27:39,04/06/2025 17:27,-,-,-,-,-,-,-
1755264,Entregas Finalizadas Fora de Manaus,8,-,-,2025-06-06 11:00:54,06/06/2025 11:00,-,-,-,-,-,-,-
1755259,Vendedor - Nova Encomenda,1,-,-,2025-06-04 17:07:02,04/06/2025 17:07,-,-,-,-,-,-,-
1755250,Vendedor - Nova Encomenda,1,-,-,2025-06-04 17:05:20,04/06/2025 17:05,-,-,-,-,-,-,-
1755133,Entregas Finalizadas Manaus,6,-,-,2025-06-04 17:07:12,04/06/2025 17:07,-,-,-,-,-,-,-
1755108,Entregas Finalizadas Fora de Manaus,8,-,-,2025-06-04 22:52:28,04/06/2025 22:52,-,-,-,-,-,-,-
1755071,Entregas Finalizadas Fora de Manaus,8,-,-,2025-06-06 21:11:55,06/06/2025 21:11,-,-,-,-,-,-,-
1755018,Entregas Finalizadas Manaus,6,-,-,2025-06-04 17:54:23,04/06/2025 17:54,-,-,-,-,-,-,-
1755008,Entregas Finalizadas Fora de Manaus,8,-,-,2025-06-04 22:50:23,04/06/2025 22:50,-,-,-,-,-,-,-
1755003,Entregas Finalizadas Fora de Manaus,8,-,-,2025-06-04 17:25:17,04/06/2025 17:25,-,-,-,-,-,-,-
1754987,Entregas Finalizadas Fora de Manaus,8,-,-,2025-06-04 17:27:11,04/06/2025 17:27,-,-,-,-,-,-,-
1754978,Entregas Finalizadas Fora de Manaus,8,-,-,2025-06-17 18:30:05,17/06/2025 18:30,-,-,-,-,-,-,-
1754973,Entregas Finalizadas Fora de Manaus,8,-,-,2025-06-07 13:46:09,07/06/2025 13:46,-,-,-,-,-,-,-
1754959,Entregas Finalizadas Fora de Manaus,8,-,-,2025-06-04 23:12:13,04/06/2025 23:12,-,-,-,-,-,-,-
1754927,Entregas Finalizadas Manaus,6,-,-,2025-06-04 18:33:39,04/06/2025 18:33,-,-,-,-,-,-,-
1754905,Entregas Finalizadas Manaus,6,-,-,2025-06-04 17:41:42,04/06/2025 17:41,-,-,-,-,-,-,-
1754880,Entregas Finalizadas Manaus,6,-,-,2025-06-04 17:50:13,04/06/2025 17:50,-,-,-,-,-,-,-
1754875,Entregas Finalizadas Fora de Manaus,8,-,-,2025-06-04 18:30:41,04/06/2025 18:30,-,-,-,-,-,-,-
1754867,Entregas Finalizadas Manaus,6,-,-,2025-06-04 18:29:58,04/06/2025 18:29,-,-,-,-,-,-,-
1754854,Entregas Finalizadas Manaus,6,-,-,2025-06-04 16:57:27,04/06/2025 16:57,-,-,-,-,-,-,-
1754814,Entregas Finalizadas Manaus,6,-,-,2025-06-04 18:42:41,04/06/2025 18:42,-,-,-,-,-,-,-
1754801,Entregas Finalizadas Fora de Manaus,8,-,-,2025-06-04 23:16:55,04/06/2025 23:16,-,-,-,-,-,-,-
1754656,Entregas Finalizadas Fora de Manaus,8,-,-,2025-06-06 11:43:21,06/06/2025 11:43,-,-,-,-,-,-,-
1754598,Entregas Finalizadas Manaus,6,-,-,2025-06-04 17:35:47,04/06/2025 17:35,-,-,-,-,-,-,-
1754579,Entregas Finalizadas Fora de Manaus,8,-,-,2025-06-04 22:54:22,04/06/2025 22:54,-,-,-,-,-,-,-
1754508,Entregas Finalizadas Fora de Manaus,8,-,-,2025-06-04 13:36:58,04/06/2025 13:36,-,-,-,-,-,-,-
1754504,Entregas Finalizadas Fora de Manaus,8,-,-,2025-06-04 23:26:38,04/06/2025 23:26,-,-,-,-,-,-,-
1754422,Entregas Finalizadas Fora de Manaus,8,-,-,2025-06-04 23:07:01,04/06/2025 23:07,-,-,-,-,-,-,-
1754420,Vendedor - Nova Encomenda,1,-,-,2025-06-04 09:58:58,04/06/2025 09:58,-,-,-,-,-,-,-
1754405,Entregas Finalizadas Fora de Manaus,8,-,-,2025-06-04 23:28:48,04/06/2025 23:28,-,-,-,-,-,-,-
1754385,Entregas Finalizadas Fora de Manaus,8,-,-,2025-06-06 11:36:38,06/06/2025 11:36,-,-,-,-,-,-,-
1754237,Entregas Finalizadas Manaus,6,-,-,2025-06-04 20:13:37,04/06/2025 20:13,-,-,-,-,-,-,-
1754228,Vendedor - Nova Encomenda,1,-,-,2025-06-03 21:35:47,03/06/2025 21:35,-,-,-,-,-,-,-
1754187,Vendedor - Nova Encomenda,1,-,-,2025-06-03 19:32:53,03/06/2025 19:32,-,-,-,-,-,-,-
1754169,Vendedor - Nova Encomenda,1,-,-,2025-06-03 19:11:41,03/06/2025 19:11,-,-,-,-,-,-,-
1754162,Entregas Finalizadas Fora de Manaus,8,-,-,2025-06-05 16:25:47,05/06/2025 16:25,-,-,-,-,-,-,-
1754136,Entregas Finalizadas Fora de Manaus,8,-,-,2025-06-04 23:36:34,04/06/2025 23:36,-,-,-,-,-,-,-
1754123,Entregas Finalizadas Fora de Manaus,8,-,-,2025-06-06 21:13:54,06/06/2025 21:13,-,-,-,-,-,-,-
1754097,Logística - Despacho da Encomenda,2,logistica@rommanelmanaus.com.br,00:00 Horas,2025-06-04 12:01:19,04/06/2025 12:01,-,04/06/2025 12:01,-,-,-,-,-
1754085,Entregas Finalizadas Fora de Manaus,8,-,-,2025-06-06 21:54:01,06/06/2025 21:54,-,-,-,-,-,-,-
1754012,Vendedor - Nova Encomenda,1,-,-,2025-06-03 16:29:28,03/06/2025 16:29,-,-,-,-,-,-,-
1753948,Entregas Finalizadas Fora de Manaus,8,-,-,2025-06-05 12:25:21,05/06/2025 12:25,-,-,-,-,-,-,-
1753909,Vendedor - Nova Encomenda,1,-,-,2025-06-03 15:40:09,03/06/2025 15:40,-,-,-,-,-,-,-
1753905,Entregas Finalizadas Fora de Manaus,8,-,-,2025-06-05 11:49:41,05/06/2025 11:49,-,-,-,-,-,-,-
1753881,Entregas Finalizadas Fora de Manaus,8,-,-,2025-06-04 23:20:58,04/06/2025 23:20,-,-,-,-,-,-,-
1753781,Entregas Finalizadas Manaus,6,-,-,2025-06-03 17:11:57,03/06/2025 17:11,-,-,-,-,-,-,-
1753768,Entregas Finalizadas Manaus,6,-,-,2025-06-03 18:53:55,03/06/2025 18:53,-,-,-,-,-,-,-
1753759,Entregas Finalizadas Fora de Manaus,8,-,-,2025-06-06 11:49:15,06/06/2025 11:49,-,-,-,-,-,-,-
1753750,Entregas Finalizadas Fora de Manaus,8,-,-,2025-06-04 23:33:54,04/06/2025 23:33,-,-,-,-,-,-,-
1753729,Entregas Finalizadas Manaus,6,-,-,2025-06-03 19:12:09,03/06/2025 19:12,-,-,-,-,-,-,-
1753726,Entregas Finalizadas Manaus,6,-,-,2025-06-03 18:11:36,03/06/2025 18:11,-,-,-,-,-,-,-
1753679,Entregas Finalizadas Manaus,6,-,-,2025-06-03 19:24:22,03/06/2025 19:24,-,-,-,-,-,-,-
1753656,Vendedor - Nova Encomenda,1,-,-,2025-06-03 13:31:16,03/06/2025 13:31,-,-,-,-,-,-,-
1753634,Entregas Finalizadas Fora de Manaus,8,-,-,2025-06-04 14:09:37,04/06/2025 14:09,-,-,-,-,-,-,-
1753624,Vendedor - Nova Encomenda,1,-,-,2025-06-03 13:05:58,03/06/2025 13:05,-,-,-,-,-,-,-
1753618,Entregas Finalizadas Manaus,6,-,-,2025-06-03 19:22:14,03/06/2025 19:22,-,-,-,-,-,-,-
1753613,Entregas Finalizadas Manaus,6,-,-,2025-06-03 19:19:20,03/06/2025 19:19,-,-,-,-,-,-,-
1753608,Entregas Finalizadas Fora de Manaus,8,-,-,2025-06-04 17:17:24,04/06/2025 17:17,-,-,-,-,-,-,-
1753576,Entregas Finalizadas Fora de Manaus,8,-,-,2025-06-04 00:36:20,04/06/2025 00:36,-,-,-,-,-,-,-
1753561,Entregas Finalizadas Fora de Manaus,8,-,-,2025-06-04 00:26:17,04/06/2025 00:26,-,-,-,-,-,-,-
1753559,Logística - Despacho da Encomenda,2,-,00:00 Horas,2025-06-03 16:03:47,03/06/2025 16:03,-,03/06/2025 16:03,-,-,-,-,-
1753558,Entregas Finalizadas Fora de Manaus,8,-,-,2025-06-04 23:01:02,04/06/2025 23:01,-,-,-,-,-,-,-
1753550,Entregas Finalizadas Manaus,6,-,-,2025-06-03 18:45:37,03/06/2025 18:45,-,-,-,-,-,-,-
1753545,Entregas Finalizadas Manaus,6,-,-,2025-06-03 19:22:28,03/06/2025 19:22,-,-,-,-,-,-,-
1753541,Entregas Finalizadas Fora de Manaus,8,-,-,2025-06-05 11:42:14,05/06/2025 11:42,-,-,-,-,-,-,-
1753539,Vendedor - Nova Encomenda,1,-,-,2025-06-03 12:02:08,03/06/2025 12:02,-,-,-,-,-,-,-
1753536,Entregas Finalizadas Fora de Manaus,8,-,-,2025-06-03 23:39:06,03/06/2025 23:39,-,-,-,-,-,-,-
1753529,Vendedor - Nova Encomenda,1,-,-,2025-06-03 11:53:53,03/06/2025 11:53,-,-,-,-,-,-,-
1753520,Entregas Finalizadas Fora de Manaus,8,-,-,2025-06-03 23:30:23,03/06/2025 23:30,-,-,-,-,-,-,-
1753518,Entregas Finalizadas Fora de Manaus,8,-,-,2025-06-03 17:55:34,03/06/2025 17:55,-,-,-,-,-,-,-
1753514,Entregas Finalizadas Manaus,6,-,-,2025-06-03 19:15:57,03/06/2025 19:15,-,-,-,-,-,-,-
1753505,Entregas Finalizadas Manaus,6,-,-,2025-06-03 18:49:55,03/06/2025 18:49,-,-,-,-,-,-,-
1753500,Entregas Finalizadas Fora de Manaus,8,-,-,2025-06-03 23:25:09,03/06/2025 23:25,-,-,-,-,-,-,-
1753486,Entregas Finalizadas Fora de Manaus,8,-,-,2025-06-03 23:40:33,03/06/2025 23:40,-,-,-,-,-,-,-
1753421,Entregas Finalizadas Fora de Manaus,8,-,-,2025-06-03 12:47:45,03/06/2025 12:47,-,-,-,-,-,-,-
1753412,Entregas Finalizadas Fora de Manaus,8,-,-,2025-06-03 23:33:21,03/06/2025 23:33,-,-,-,-,-,-,-
1753403,Entregas Finalizadas Fora de Manaus,8,-,-,2025-06-04 00:28:51,04/06/2025 00:28,-,-,-,-,-,-,-
1753386,Entregas Finalizadas Fora de Manaus,8,-,-,2025-06-04 13:31:49,04/06/2025 13:31,-,-,-,-,-,-,-
1753383,Entregas Finalizadas Fora de Manaus,8,-,-,2025-06-09 10:59:53,09/06/2025 10:59,-,-,-,-,-,-,-
1753377,Entregas Finalizadas Fora de Manaus,8,-,-,2025-06-03 23:59:05,03/06/2025 23:59,-,-,-,-,-,-,-
1753367,Entregas Finalizadas Fora de Manaus,8,-,-,2025-06-06 21:21:17,06/06/2025 21:21,-,-,-,-,-,-,-
1753360,Entregas Finalizadas Fora de Manaus,8,-,-,2025-06-04 13:25:55,04/06/2025 13:25,-,-,-,-,-,-,-
1753352,Entregas Finalizadas Fora de Manaus,8,-,-,2025-06-04 18:59:09,04/06/2025 18:59,-,-,-,-,-,-,-
1753348,Vendedor - Nova Encomenda,1,-,-,2025-06-03 10:57:40,03/06/2025 10:57,-,-,-,-,-,-,-
1753321,Entregas Finalizadas Fora de Manaus,8,-,-,2025-06-03 23:42:26,03/06/2025 23:42,-,-,-,-,-,-,-
1753317,Entregas Finalizadas Fora de Manaus,8,-,-,2025-06-04 14:50:06,04/06/2025 14:50,-,-,-,-,-,-,-
1753310,Entregas Finalizadas Fora de Manaus,8,-,-,2025-06-04 23:08:26,04/06/2025 23:08,-,-,-,-,-,-,-
1753288,Entregas Finalizadas Fora de Manaus,8,-,-,2025-06-04 00:32:54,04/06/2025 00:32,-,-,-,-,-,-,-
1753286,Entregas Finalizadas Manaus,6,-,-,2025-06-03 12:56:10,03/06/2025 12:56,-,-,-,-,-,-,-
1753283,Entregas Finalizadas Fora de Manaus,8,-,-,2025-06-05 11:37:09,05/06/2025 11:37,-,-,-,-,-,-,-
1753273,Entregas Finalizadas Fora de Manaus,8,-,-,2025-06-06 13:20:06,06/06/2025 13:20,-,-,-,-,-,-,-
1753257,Entregas Finalizadas Fora de Manaus,8,-,-,2025-06-03 23:36:02,03/06/2025 23:36,-,-,-,-,-,-,-
1753253,Entregas Finalizadas Fora de Manaus,8,-,-,2025-06-04 00:01:13,04/06/2025 00:01,-,-,-,-,-,-,-
1753103,Entregas Finalizadas Fora de Manaus,8,-,-,2025-06-04 00:17:32,04/06/2025 00:17,-,-,-,-,-,-,-
1753099,Vendedor - Nova Encomenda,1,-,-,2025-06-03 10:18:26,03/06/2025 10:18,-,-,-,-,-,-,-
1753097,Entregas Finalizadas Fora de Manaus,8,-,-,2025-06-04 00:38:27,04/06/2025 00:38,-,-,-,-,-,-,-
1753044,Entregas Finalizadas Fora de Manaus,8,-,-,2025-06-04 00:47:28,04/06/2025 00:47,-,-,-,-,-,-,-
1752849,Entregas Finalizadas Manaus,6,-,-,2025-06-03 14:09:18,03/06/2025 14:09,-,-,-,-,-,-,-
1752847,Vendedor - Nova Encomenda,1,-,-,2025-06-02 22:06:32,02/06/2025 22:06,-,-,-,-,-,-,-
1752840,Entregas Finalizadas Manaus,6,-,-,2025-06-03 14:01:25,03/06/2025 14:01,-,-,-,-,-,-,-
1752756,Vendedor - Nova Encomenda,1,-,-,2025-06-02 19:18:27,02/06/2025 19:18,-,-,-,-,-,-,-
1752753,Entregas Finalizadas Fora de Manaus,8,-,-,2025-06-03 23:49:54,03/06/2025 23:49,-,-,-,-,-,-,-
1752739,Entregas Finalizadas Fora de Manaus,8,-,-,2025-06-06 21:19:35,06/06/2025 21:19,-,-,-,-,-,-,-
1752676,Entregas Finalizadas Fora de Manaus,8,-,-,2025-06-04 00:03:50,04/06/2025 00:03,-,-,-,-,-,-,-
1752658,Entregas Finalizadas Fora de Manaus,8,-,-,2025-06-05 18:16:08,05/06/2025 18:16,-,-,-,-,-,-,-
1752640,Entregas Finalizadas Fora de Manaus,8,-,-,2025-06-06 13:16:44,06/06/2025 13:16,-,-,-,-,-,-,-
1752637,Entregas Finalizadas Fora de Manaus,8,-,-,2025-06-04 00:40:43,04/06/2025 00:40,-,-,-,-,-,-,-
1752613,Entregas Finalizadas Fora de Manaus,8,-,-,2025-06-04 19:02:35,04/06/2025 19:02,-,-,-,-,-,-,-
1752607,Entregas Finalizadas Fora de Manaus,8,-,-,2025-06-04 00:44:49,04/06/2025 00:44,-,-,-,-,-,-,-
1752532,Vendedor - Nova Encomenda,1,-,-,2025-06-02 16:22:01,02/06/2025 16:22,-,-,-,-,-,-,-
1752505,Entregas Finalizadas Fora de Manaus,8,-,-,2025-06-02 20:47:26,02/06/2025 20:47,-,-,-,-,-,-,-
1752491,Entregas Finalizadas Fora de Manaus,8,-,-,2025-06-03 15:44:19,03/06/2025 15:44,-,-,-,-,-,-,-
1752478,Entregas Finalizadas Fora de Manaus,8,-,-,2025-06-02 21:11:57,02/06/2025 21:11,-,-,-,-,-,-,-
1752462,Entregas Finalizadas Manaus,6,-,-,2025-06-02 19:36:18,02/06/2025 19:36,-,-,-,-,-,-,-
1752363,Entregas Finalizadas Fora de Manaus,8,-,-,2025-06-04 23:14:54,04/06/2025 23:14,-,-,-,-,-,-,-
1752329,Entregas Finalizadas Manaus,6,-,-,2025-06-02 21:37:55,02/06/2025 21:37,-,-,-,-,-,-,-
1752268,Entregas Finalizadas Fora de Manaus,8,-,-,2025-06-02 21:10:23,02/06/2025 21:10,-,-,-,-,-,-,-
1752259,Entregas Finalizadas Fora de Manaus,8,-,-,2025-06-02 20:34:01,02/06/2025 20:34,-,-,-,-,-,-,-
1752245,Entregas Finalizadas Fora de Manaus,8,-,-,2025-06-02 20:30:50,02/06/2025 20:30,-,-,-,-,-,-,-
1752236,Entregas Finalizadas Fora de Manaus,8,-,-,2025-06-04 22:58:42,04/06/2025 22:58,-,-,-,-,-,-,-
1752190,Entregas Finalizadas Manaus,6,-,-,2025-06-02 19:09:29,02/06/2025 19:09,-,-,-,-,-,-,-
1752160,Entregas Finalizadas Fora de Manaus,8,-,-,2025-06-02 21:14:09,02/06/2025 21:14,-,-,-,-,-,-,-
1752157,Entregas Finalizadas Fora de Manaus,8,-,-,2025-06-02 21:00:29,02/06/2025 21:00,-,-,-,-,-,-,-
1752147,Entregas Finalizadas Fora de Manaus,8,-,-,2025-06-04 00:11:16,04/06/2025 00:11,-,-,-,-,-,-,-
1752116,Entregas Finalizadas Fora de Manaus,8,-,-,2025-06-03 23:51:39,03/06/2025 23:51,-,-,-,-,-,-,-
1752095,Entregas Finalizadas Fora de Manaus,8,-,-,2025-06-02 20:49:02,02/06/2025 20:49,-,-,-,-,-,-,-
1752073,Vendedor - Nova Encomenda,1,-,-,2025-06-02 12:35:55,02/06/2025 12:35,-,-,-,-,-,-,-
1752059,Entregas Finalizadas Fora de Manaus,8,-,-,2025-06-03 13:28:20,03/06/2025 13:28,-,-,-,-,-,-,-
1751887,Entregas Finalizadas Fora de Manaus,8,-,-,2025-06-04 00:31:20,04/06/2025 00:31,-,-,-,-,-,-,-
1751370,Entregas Finalizadas Manaus,6,-,-,2025-06-02 19:21:17,02/06/2025 19:21,-,-,-,-,-,-,-
1751360,Entregas Finalizadas Fora de Manaus,8,-,-,2025-06-04 18:52:15,04/06/2025 18:52,-,-,-,-,-,-,-
1751329,Entregas Finalizadas Fora de Manaus,8,-,-,2025-06-03 23:47:58,03/06/2025 23:47,-,-,-,-,-,-,-
1750954,Entregas Finalizadas Fora de Manaus,8,-,-,2025-06-03 09:36:23,03/06/2025 09:36,-,-,-,-,-,-,-
1750934,Entregas Finalizadas Fora de Manaus,8,-,-,2025-06-03 23:56:47,03/06/2025 23:56,-,-,-,-,-,-,-
1750919,Entregas Finalizadas Fora de Manaus,8,-,-,2025-06-04 23:30:53,04/06/2025 23:30,-,-,-,-,-,-,-
1750708,Entregas Finalizadas Fora de Manaus,8,-,-,2025-06-02 20:39:04,02/06/2025 20:39,-,-,-,-,-,-,-
1750468,Entregas Finalizadas Fora de Manaus,8,-,-,2025-06-02 20:36:05,02/06/2025 20:36,-,-,-,-,-,-,-
1750346,Entregas Finalizadas Fora de Manaus,8,-,-,2025-06-02 21:02:54,02/06/2025 21:02,-,-,-,-,-,-,-
1750051,Entregas Finalizadas Fora de Manaus,8,-,-,2025-06-04 18:49:04,04/06/2025 18:49,-,-,-,-,-,-,-
1750042,Entregas Finalizadas Fora de Manaus,8,-,-,2025-06-02 18:25:34,02/06/2025 18:25,-,-,-,-,-,-,-
1749825,Entregas Finalizadas Fora de Manaus,8,-,-,2025-06-03 23:37:27,03/06/2025 23:37,-,-,-,-,-,-,-
1749756,Entregas Finalizadas Fora de Manaus,8,-,-,2025-06-02 20:58:33,02/06/2025 20:58,-,-,-,-,-,-,-
1749687,Entregas Finalizadas Fora de Manaus,8,-,-,2025-06-02 12:39:50,02/06/2025 12:39,-,-,-,-,-,-,-
1749668,Entregas Finalizadas Fora de Manaus,8,-,-,2025-06-03 23:44:41,03/06/2025 23:44,-,-,-,-,-,-,-
1749607,Entregas Finalizadas Fora de Manaus,8,-,-,2025-06-02 18:24:14,02/06/2025 18:24,-,-,-,-,-,-,-
1749272,Entregas Finalizadas Fora de Manaus,8,-,-,2025-06-03 17:17:53,03/06/2025 17:17,-,-,-,-,-,-,-
1749267,Entregas Finalizadas Fora de Manaus,8,-,-,2025-06-05 13:24:19,05/06/2025 13:24,-,-,-,-,-,-,-
1749264,Entregas Finalizadas Manaus,6,-,-,2025-06-02 18:18:22,02/06/2025 18:18,-,-,-,-,-,-,-
1749262,Entregas Finalizadas Fora de Manaus,8,-,-,2025-06-04 00:19:39,04/06/2025 00:19,-,-,-,-,-,-,-
1749260,Entregas Finalizadas Fora de Manaus,8,-,-,2025-06-03 17:14:46,03/06/2025 17:14,-,-,-,-,-,-,-
1749258,Entregas Finalizadas Fora de Manaus,8,-,-,2025-06-02 12:37:25,02/06/2025 12:37,-,-,-,-,-,-,-
1749249,Entregas Finalizadas Fora de Manaus,8,-,-,2025-06-02 20:43:08,02/06/2025 20:43,-,-,-,-,-,-,-
1749247,Entregas Finalizadas Fora de Manaus,8,-,-,2025-06-02 13:37:38,02/06/2025 13:37,-,-,-,-,-,-,-
1749240,Entregas Finalizadas Manaus,6,-,-,2025-06-02 17:55:47,02/06/2025 17:55,-,-,-,-,-,-,-
1749236,Entregas Finalizadas Fora de Manaus,8,-,-,2025-06-05 13:38:25,05/06/2025 13:38,-,-,-,-,-,-,-
1749231,Entregas Finalizadas Manaus,6,-,-,2025-06-02 14:54:12,02/06/2025 14:54,-,-,-,-,-,-,-
1749225,Entregas Finalizadas Fora de Manaus,8,-,-,2025-06-02 20:40:28,02/06/2025 20:40,-,-,-,-,-,-,-
1749195,Entregas Finalizadas Fora de Manaus,8,-,-,2025-06-02 12:38:22,02/06/2025 12:38,-,-,-,-,-,-,-
1749179,Entregas Finalizadas Fora de Manaus,8,-,-,2025-06-03 14:12:45,03/06/2025 14:12,-,-,-,-,-,-,-
1749145,Entregas Finalizadas Manaus,6,-,-,2025-06-02 17:45:17,02/06/2025 17:45,-,-,-,-,-,-,-
1749127,Entregas Finalizadas Manaus,6,-,-,2025-06-02 12:56:48,02/06/2025 12:56,-,-,-,-,-,-,-
1749080,Entregas Finalizadas Fora de Manaus,8,-,-,2025-06-04 15:14:48,04/06/2025 15:14,-,-,-,-,-,-,-
1749067,Entregas Finalizadas Manaus,6,-,-,2025-06-02 17:54:31,02/06/2025 17:54,-,-,-,-,-,-,-
1749012,Entregas Finalizadas Manaus,6,-,-,2025-05-31 13:26:14,31/05/2025 13:26,-,-,-,-,-,-,-
1748989,Entregas Finalizadas Manaus,6,-,-,2025-05-31 14:33:53,31/05/2025 14:33,-,-,-,-,-,-,-
1748979,Entregas Finalizadas Fora de Manaus,8,-,-,2025-05-31 16:16:12,31/05/2025 16:16,-,-,-,-,-,-,-
1748976,Entregas Finalizadas Fora de Manaus,8,-,-,2025-05-31 16:12:31,31/05/2025 16:12,-,-,-,-,-,-,-
1748970,Entregas Finalizadas Manaus,6,-,-,2025-05-31 13:36:35,31/05/2025 13:36,-,-,-,-,-,-,-
1748968,Entregas Finalizadas Fora de Manaus,8,-,-,2025-05-31 16:32:09,31/05/2025 16:32,-,-,-,-,-,-,-
1748962,Entregas Finalizadas Fora de Manaus,8,-,-,2025-05-31 15:54:43,31/05/2025 15:54,-,-,-,-,-,-,-
1748960,Vendedor - Nova Encomenda,1,-,-,2025-05-31 10:32:47,31/05/2025 10:32,-,-,-,-,-,-,-
1748956,Entregas Finalizadas Fora de Manaus,8,-,-,2025-05-31 16:44:18,31/05/2025 16:44,-,-,-,-,-,-,-
1748952,Entregas Finalizadas Fora de Manaus,8,-,-,2025-05-31 14:02:28,31/05/2025 14:02,-,-,-,-,-,-,-
1748942,Entregas Finalizadas Fora de Manaus,8,-,-,2025-06-04 23:18:39,04/06/2025 23:18,-,-,-,-,-,-,-
1748936,[Desativado],7,lojarui@mondellebrasil.com.br,-,2025-05-31 09:44:46,31/05/2025 09:44,-,-,-,-,-,-,-
1748934,Entregas Finalizadas Fora de Manaus,8,-,-,2025-05-31 16:25:02,31/05/2025 16:25,-,-,-,-,-,-,-
1748927,[Desativado],7,lojarui@mondellebrasil.com.br,-,2025-05-31 09:31:35,31/05/2025 09:31,31/05/2025 09:31,-,0.0 dias,-,-,-,-
1748927,Entregas Finalizadas Fora de Manaus,8,lojarui@mondellebrasil.com.br,-,2025-05-31 09:31:35,31/05/2025 09:31,31/05/2025 09:31,-,0.0 dias,-,-,-,-
1748927,[Desativado],7,lojarui@mondellebrasil.com.br,-,2025-05-31 09:31:35,31/05/2025 09:31,-,-,-,-,-,-,-
1748800,Entregas Finalizadas Manaus,6,-,-,2025-05-31 14:48:23,31/05/2025 14:48,-,-,-,-,-,-,-
1748768,Entregas Finalizadas Manaus,6,-,-,2025-05-31 15:33:27,31/05/2025 15:33,-,-,-,-,-,-,-
1748766,Entregas Finalizadas Fora de Manaus,8,-,-,2025-06-02 20:45:24,02/06/2025 20:45,-,-,-,-,-,-,-
1748751,Entregas Finalizadas Manaus,6,-,-,2025-05-31 08:49:46,31/05/2025 08:49,-,-,-,-,-,-,-
1748748,Entregas Finalizadas Fora de Manaus,8,-,-,2025-06-04 00:09:17,04/06/2025 00:09,-,-,-,-,-,-,-
1748745,Vendedor - Nova Encomenda,1,-,-,2025-05-30 19:23:02,30/05/2025 19:23,-,-,-,-,-,-,-
1748740,Entregas Finalizadas Manaus,6,-,-,2025-05-31 10:18:07,31/05/2025 10:18,-,-,-,-,-,-,-
1748732,Entregas Finalizadas Manaus,6,-,-,2025-06-05 13:26:58,05/06/2025 13:26,-,-,-,-,-,-,-
1748725,Entregas Finalizadas Fora de Manaus,8,-,-,2025-06-02 13:06:01,02/06/2025 13:06,-,-,-,-,-,-,-
1748722,Entregas Finalizadas Fora de Manaus,8,-,-,2025-06-02 13:54:42,02/06/2025 13:54,-,-,-,-,-,-,-
1748702,Entregas Finalizadas Fora de Manaus,8,-,-,2025-05-30 19:48:54,30/05/2025 19:48,-,-,-,-,-,-,-
1748698,Entregas Finalizadas Fora de Manaus,8,-,-,2025-06-02 13:49:53,02/06/2025 13:49,-,-,-,-,-,-,-
1748684,Entregas Finalizadas Fora de Manaus,8,-,-,2025-05-31 13:59:26,31/05/2025 13:59,-,-,-,-,-,-,-
1748650,Entregas Finalizadas Manaus,6,-,-,2025-05-31 09:05:48,31/05/2025 09:05,-,-,-,-,-,-,-
1748646,Entregas Finalizadas Fora de Manaus,8,-,-,2025-05-31 16:39:23,31/05/2025 16:39,-,-,-,-,-,-,-
1748641,Entregas Finalizadas Manaus,6,-,-,2025-06-02 13:04:26,02/06/2025 13:04,-,-,-,-,-,-,-
1748621,Entregas Finalizadas Manaus,6,-,-,2025-06-02 12:38:53,02/06/2025 12:38,-,-,-,-,-,-,-
1748529,Entregas Finalizadas Manaus,6,-,-,2025-06-02 12:43:27,02/06/2025 12:43,-,-,-,-,-,-,-
1748514,Entregas Finalizadas Fora de Manaus,8,-,-,2025-05-30 16:41:01,30/05/2025 16:41,-,-,-,-,-,-,-
1748498,Entregas Finalizadas Manaus,6,-,-,2025-05-30 17:58:53,30/05/2025 17:58,-,-,-,-,-,-,-
1748490,Entregas Finalizadas Manaus,6,-,-,2025-05-30 17:08:47,30/05/2025 17:08,-,-,-,-,-,-,-
1748486,Vendedor - Nova Encomenda,1,-,-,2025-05-30 15:38:44,30/05/2025 15:38,-,-,-,-,-,-,-
1748472,Entregas Finalizadas Fora de Manaus,8,-,-,2025-05-31 14:15:17,31/05/2025 14:15,-,-,-,-,-,-,-
1748454,Entregas Finalizadas Manaus,6,-,-,2025-05-30 18:16:00,30/05/2025 18:16,-,-,-,-,-,-,-
1748432,Entregas Finalizadas Manaus,6,-,-,2025-05-31 09:14:05,31/05/2025 09:14,-,-,-,-,-,-,-
1748397,Entregas Finalizadas Fora de Manaus,8,-,-,2025-05-30 17:22:11,30/05/2025 17:22,-,-,-,-,-,-,-
1748385,Entregas Finalizadas Manaus,6,-,-,2025-06-02 13:01:42,02/06/2025 13:01,-,-,-,-,-,-,-
1748370,Entregas Finalizadas Fora de Manaus,8,-,-,2025-05-30 21:50:47,30/05/2025 21:50,-,-,-,-,-,-,-
1748365,Entregas Finalizadas Fora de Manaus,8,-,-,2025-05-30 22:14:20,30/05/2025 22:14,-,-,-,-,-,-,-
1748172,Entregas Finalizadas Fora de Manaus,8,-,-,2025-05-30 19:51:22,30/05/2025 19:51,-,-,-,-,-,-,-
1748169,Entregas Finalizadas Manaus,6,-,-,2025-06-02 12:31:41,02/06/2025 12:31,-,-,-,-,-,-,-
1747974,Entregas Finalizadas Fora de Manaus,8,-,-,2025-05-30 22:00:24,30/05/2025 22:00,-,-,-,-,-,-,-
1747908,Entregas Finalizadas Manaus,6,-,-,2025-05-30 16:54:51,30/05/2025 16:54,-,-,-,-,-,-,-
1747897,Vendedor - Nova Encomenda,1,-,-,2025-05-30 14:14:13,30/05/2025 14:14,-,-,-,-,-,-,-
1747888,Entregas Finalizadas Fora de Manaus,8,-,-,2025-05-31 15:35:42,31/05/2025 15:35,-,-,-,-,-,-,-
1747849,Entregas Finalizadas Fora de Manaus,8,-,-,2025-05-30 22:25:16,30/05/2025 22:25,-,-,-,-,-,-,-
1747830,Entregas Finalizadas Fora de Manaus,8,-,-,2025-05-31 16:27:09,31/05/2025 16:27,-,-,-,-,-,-,-
1747824,Entregas Finalizadas Fora de Manaus,8,-,-,2025-05-31 16:19:06,31/05/2025 16:19,-,-,-,-,-,-,-
1747819,Entregas Finalizadas Fora de Manaus,8,-,-,2025-05-30 21:58:20,30/05/2025 21:58,-,-,-,-,-,-,-
1747382,Entregas Finalizadas Manaus,6,-,-,2025-05-30 17:30:05,30/05/2025 17:30,-,-,-,-,-,-,-
1747378,Vendedor - Nova Encomenda,1,-,-,2025-05-30 12:22:53,30/05/2025 12:22,-,-,-,-,-,-,-
1747376,Entregas Finalizadas Fora de Manaus,8,-,-,2025-05-30 22:43:20,30/05/2025 22:43,-,-,-,-,-,-,-
1747374,Entregas Finalizadas Fora de Manaus,8,-,-,2025-05-31 16:35:25,31/05/2025 16:35,-,-,-,-,-,-,-
1747363,Entregas Finalizadas Fora de Manaus,8,-,-,2025-06-05 18:21:21,05/06/2025 18:21,-,-,-,-,-,-,-
1747342,Entregas Finalizadas Fora de Manaus,8,-,-,2025-05-30 22:16:55,30/05/2025 22:16,-,-,-,-,-,-,-
1747236,Entregas Finalizadas Fora de Manaus,8,-,-,2025-05-31 16:28:39,31/05/2025 16:28,-,-,-,-,-,-,-
1747200,Entregas Finalizadas Fora de Manaus,8,-,-,2025-05-30 21:44:10,30/05/2025 21:44,-,-,-,-,-,-,-
1747111,Entregas Finalizadas Fora de Manaus,8,-,-,2025-05-30 22:45:23,30/05/2025 22:45,-,-,-,-,-,-,-
1747066,Entregas Finalizadas Fora de Manaus,8,-,-,2025-05-31 15:59:35,31/05/2025 15:59,-,-,-,-,-,-,-
1746735,Entregas Finalizadas Fora de Manaus,8,-,-,2025-06-03 14:12:06,03/06/2025 14:12,-,-,-,-,-,-,-
1746623,Entregas Finalizadas Fora de Manaus,8,-,-,2025-05-30 23:04:50,30/05/2025 23:04,-,-,-,-,-,-,-
1746504,Entregas Finalizadas Manaus,6,-,-,2025-05-30 17:00:28,30/05/2025 17:00,-,-,-,-,-,-,-
1746424,Vendedor - Nova Encomenda,1,-,-,2025-05-30 10:08:27,30/05/2025 10:08,-,-,-,-,-,-,-
1746315,Entregas Finalizadas Fora de Manaus,8,-,-,2025-05-30 22:41:46,30/05/2025 22:41,-,-,-,-,-,-,-
1746311,Entregas Finalizadas Manaus,6,-,-,2025-05-30 14:58:08,30/05/2025 14:58,-,-,-,-,-,-,-
1746252,Entregas Finalizadas Fora de Manaus,8,-,-,2025-06-05 18:25:31,05/06/2025 18:25,-,-,-,-,-,-,-
1746247,Entregas Finalizadas Fora de Manaus,8,-,-,2025-06-02 12:55:45,02/06/2025 12:55,-,-,-,-,-,-,-
1746157,Entregas Finalizadas Fora de Manaus,8,-,-,2025-06-02 14:35:01,02/06/2025 14:35,-,-,-,-,-,-,-
1746098,Entregas Finalizadas Fora de Manaus,8,-,-,2025-05-30 22:50:12,30/05/2025 22:50,-,-,-,-,-,-,-
1746007,Entregas Finalizadas Manaus,6,-,-,2025-05-30 18:28:28,30/05/2025 18:28,-,-,-,-,-,-,-
1745981,Entregas Finalizadas Fora de Manaus,8,-,-,2025-05-30 22:02:33,30/05/2025 22:02,-,-,-,-,-,-,-
1745946,Entregas Finalizadas Fora de Manaus,8,-,-,2025-05-30 23:11:58,30/05/2025 23:11,-,-,-,-,-,-,-
1745918,Entregas Finalizadas Fora de Manaus,8,-,-,2025-05-31 16:21:43,31/05/2025 16:21,-,-,-,-,-,-,-
1745911,Entregas Finalizadas Fora de Manaus,8,-,-,2025-06-04 00:05:39,04/06/2025 00:05,-,-,-,-,-,-,-
1745905,Entregas Finalizadas Fora de Manaus,8,-,-,2025-05-30 14:56:19,30/05/2025 14:56,-,-,-,-,-,-,-
1745812,Entregas Finalizadas Fora de Manaus,8,-,-,2025-06-02 20:32:34,02/06/2025 20:32,-,-,-,-,-,-,-
1745614,Entregas Finalizadas Fora de Manaus,8,-,-,2025-06-11 23:36:44,11/06/2025 23:36,-,-,-,-,-,-,-
1745335,Entregas Finalizadas Fora de Manaus,8,-,-,2025-05-30 16:43:28,30/05/2025 16:43,-,-,-,-,-,-,-
1745207,Entregas Finalizadas Fora de Manaus,8,-,-,2025-05-30 23:07:01,30/05/2025 23:07,-,-,-,-,-,-,-
1745204,Canceladas,X,lojarui@mondellebrasil.com.br,-,2025-05-30 08:23:18,30/05/2025 08:23,-,-,-,-,-,-,-
1745083,Entregas Finalizadas Fora de Manaus,8,-,-,2025-05-30 17:23:52,30/05/2025 17:23,-,-,-,-,-,-,-
1745072,Entregas Finalizadas Fora de Manaus,8,-,-,2025-05-30 22:19:40,30/05/2025 22:19,-,-,-,-,-,-,-
1745064,Entregas Finalizadas Fora de Manaus,8,-,-,2025-05-31 16:42:41,31/05/2025 16:42,-,-,-,-,-,-,-
1745056,Vendedor - Nova Encomenda,1,-,-,2025-05-29 18:54:53,29/05/2025 18:54,-,-,-,-,-,-,-
1745046,Entregas Finalizadas Fora de Manaus,8,-,-,2025-05-30 23:16:19,30/05/2025 23:16,-,-,-,-,-,-,-
1745010,Entregas Finalizadas Fora de Manaus,8,-,-,2025-05-31 14:16:42,31/05/2025 14:16,-,-,-,-,-,-,-
1745008,Entregas Finalizadas Fora de Manaus,8,-,-,2025-05-30 22:51:52,30/05/2025 22:51,-,-,-,-,-,-,-
1745005,Entregas Finalizadas Manaus,6,-,-,2025-05-29 19:28:06,29/05/2025 19:28,-,-,-,-,-,-,-
1744992,Entregas Finalizadas Fora de Manaus,8,-,-,2025-06-02 12:50:40,02/06/2025 12:50,-,-,-,-,-,-,-
1744972,Entregas Finalizadas Fora de Manaus,8,-,-,2025-05-30 16:53:25,30/05/2025 16:53,-,-,-,-,-,-,-
1744955,Entregas Finalizadas Manaus,6,-,-,2025-06-02 20:33:36,02/06/2025 20:33,-,-,-,-,-,-,-
1744941,Vendedor - Nova Encomenda,1,-,-,2025-05-29 17:21:34,29/05/2025 17:21,-,-,-,-,-,-,-
1744906,Vendedor - Nova Encomenda,1,-,-,2025-05-29 17:04:18,29/05/2025 17:04,-,-,-,-,-,-,-
1744874,Entregas Finalizadas Fora de Manaus,8,-,-,2025-05-30 22:40:13,30/05/2025 22:40,-,-,-,-,-,-,-
1744851,Entregas Finalizadas Fora de Manaus,8,-,-,2025-05-31 07:55:08,31/05/2025 07:55,-,-,-,-,-,-,-
1744804,Entregas Finalizadas Fora de Manaus,8,-,-,2025-05-29 21:19:49,29/05/2025 21:19,-,-,-,-,-,-,-
1744751,Entregas Finalizadas Fora de Manaus,8,-,-,2025-05-29 21:35:03,29/05/2025 21:35,-,-,-,-,-,-,-
1744612,Vendedor - Nova Encomenda,1,-,-,2025-05-29 15:46:45,29/05/2025 15:46,-,-,-,-,-,-,-
1744506,Entregas Finalizadas Fora de Manaus,8,-,-,2025-06-02 20:54:32,02/06/2025 20:54,-,-,-,-,-,-,-
1744393,Entregas Finalizadas Fora de Manaus,8,-,-,2025-06-03 10:32:07,03/06/2025 10:32,-,-,-,-,-,-,-
1744263,Entregas Finalizadas Fora de Manaus,8,-,-,2025-05-29 17:44:44,29/05/2025 17:44,-,-,-,-,-,-,-
1744200,Vendedor - Nova Encomenda,1,-,-,2025-05-29 15:10:46,29/05/2025 15:10,-,-,-,-,-,-,-
1744112,Entregas Finalizadas Manaus,6,-,-,2025-05-29 17:01:30,29/05/2025 17:01,-,-,-,-,-,-,-
1744100,Entregas Finalizadas Manaus,6,-,-,2025-05-29 19:59:26,29/05/2025 19:59,-,-,-,-,-,-,-
1744077,Entregas Finalizadas Fora de Manaus,8,-,-,2025-05-30 22:22:48,30/05/2025 22:22,-,-,-,-,-,-,-
1744064,Vendedor - Nova Encomenda,1,-,-,2025-05-29 14:36:33,29/05/2025 14:36,-,-,-,-,-,-,-
1744058,Vendedor - Nova Encomenda,1,-,-,2025-05-29 14:32:49,29/05/2025 14:32,-,-,-,-,-,-,-
1744056,Entregas Finalizadas Manaus,6,-,-,2025-05-29 17:24:00,29/05/2025 17:24,-,-,-,-,-,-,-
1744020,Entregas Finalizadas Fora de Manaus,8,-,-,2025-06-02 21:04:54,02/06/2025 21:04,-,-,-,-,-,-,-
1743991,Vendedor - Nova Encomenda,1,-,-,2025-05-29 14:22:04,29/05/2025 14:22,-,-,-,-,-,-,-
1743973,Entregas Finalizadas Manaus,6,-,-,2025-05-29 19:37:33,29/05/2025 19:37,-,-,-,-,-,-,-
1743902,Entregas Finalizadas Fora de Manaus,8,-,-,2025-05-29 21:48:25,29/05/2025 21:48,-,-,-,-,-,-,-
1743856,Entregas Finalizadas Fora de Manaus,8,-,-,2025-05-29 21:39:12,29/05/2025 21:39,-,-,-,-,-,-,-
1743830,Entregas Finalizadas Fora de Manaus,8,-,-,2025-05-29 21:27:02,29/05/2025 21:27,-,-,-,-,-,-,-
1743755,Entregas Finalizadas Manaus,6,-,-,2025-05-29 16:12:13,29/05/2025 16:12,-,-,-,-,-,-,-
1743730,Entregas Finalizadas Manaus,6,-,-,2025-05-29 18:19:26,29/05/2025 18:19,-,-,-,-,-,-,-
1743572,Entregas Finalizadas Fora de Manaus,8,-,-,2025-05-30 23:14:34,30/05/2025 23:14,-,-,-,-,-,-,-
1743564,Entregas Finalizadas Fora de Manaus,8,-,-,2025-05-29 21:49:58,29/05/2025 21:49,-,-,-,-,-,-,-
1743562,Vendedor - Nova Encomenda,1,-,-,2025-05-29 13:36:28,29/05/2025 13:36,-,-,-,-,-,-,-
1743559,Entregas Finalizadas Fora de Manaus,8,-,-,2025-05-29 17:38:57,29/05/2025 17:38,-,-,-,-,-,-,-
1743540,Entregas Finalizadas Fora de Manaus,8,-,-,2025-05-30 10:16:02,30/05/2025 10:16,-,-,-,-,-,-,-
1743509,Entregas Finalizadas Manaus,6,-,-,2025-05-29 20:25:26,29/05/2025 20:25,-,-,-,-,-,-,-
1743492,Entregas Finalizadas Manaus,6,-,-,2025-05-29 17:15:17,29/05/2025 17:15,-,-,-,-,-,-,-
1743490,Entregas Finalizadas Fora de Manaus,8,-,-,2025-06-02 12:54:37,02/06/2025 12:54,-,-,-,-,-,-,-
1743484,Entregas Finalizadas Manaus,6,-,-,2025-05-29 16:46:30,29/05/2025 16:46,-,-,-,-,-,-,-
1743471,Entregas Finalizadas Fora de Manaus,8,-,-,2025-05-30 23:23:58,30/05/2025 23:23,-,-,-,-,-,-,-
1743454,Entregas Finalizadas Manaus,6,-,-,2025-05-29 18:35:00,29/05/2025 18:35,-,-,-,-,-,-,-
1743452,Entregas Finalizadas Manaus,6,-,-,2025-05-29 18:03:32,29/05/2025 18:03,-,-,-,-,-,-,-
1743429,Entregas Finalizadas Fora de Manaus,8,-,-,2025-05-30 21:40:20,30/05/2025 21:40,-,-,-,-,-,-,-
1743420,Entregas Finalizadas Fora de Manaus,8,-,-,2025-05-30 23:22:34,30/05/2025 23:22,-,-,-,-,-,-,-
1743413,Vendedor - Nova Encomenda,1,-,-,2025-05-29 12:18:14,29/05/2025 12:18,-,-,-,-,-,-,-
1743408,Entregas Finalizadas Manaus,6,-,-,2025-05-29 17:13:57,29/05/2025 17:13,-,-,-,-,-,-,-
1743403,Entregas Finalizadas Fora de Manaus,8,-,-,2025-05-30 21:49:01,30/05/2025 21:49,-,-,-,-,-,-,-
1743392,Entregas Finalizadas Fora de Manaus,8,-,-,2025-05-29 21:45:03,29/05/2025 21:45,-,-,-,-,-,-,-
1743389,Entregas Finalizadas Manaus,6,-,-,2025-05-29 18:41:59,29/05/2025 18:41,-,-,-,-,-,-,-
1743385,Entregas Finalizadas Fora de Manaus,8,-,-,2025-05-30 23:09:29,30/05/2025 23:09,-,-,-,-,-,-,-
1743259,Entregas Finalizadas Manaus,6,-,-,2025-05-30 17:43:48,30/05/2025 17:43,-,-,-,-,-,-,-
1743171,Entregas Finalizadas Fora de Manaus,8,-,-,2025-05-30 12:38:30,30/05/2025 12:38,-,-,-,-,-,-,-
1743122,Vendedor - Nova Encomenda,1,-,-,2025-05-29 10:53:06,29/05/2025 10:53,-,-,-,-,-,-,-
1743114,Entregas Finalizadas Fora de Manaus,8,-,-,2025-05-29 14:02:49,29/05/2025 14:02,-,-,-,-,-,-,-
1743109,Entregas Finalizadas Fora de Manaus,8,-,-,2025-05-29 21:36:20,29/05/2025 21:36,-,-,-,-,-,-,-
1743089,Entregas Finalizadas Fora de Manaus,8,-,-,2025-05-29 21:52:42,29/05/2025 21:52,-,-,-,-,-,-,-
1743022,Entregas Finalizadas Fora de Manaus,8,-,-,2025-05-29 21:41:44,29/05/2025 21:41,-,-,-,-,-,-,-
1742964,Entregas Finalizadas Fora de Manaus,8,-,-,2025-05-29 17:36:38,29/05/2025 17:36,-,-,-,-,-,-,-
1742959,Entregas Finalizadas Fora de Manaus,8,-,-,2025-05-29 22:09:06,29/05/2025 22:09,-,-,-,-,-,-,-
1742951,Entregas Finalizadas Fora de Manaus,8,-,-,2025-05-29 14:46:07,29/05/2025 14:46,-,-,-,-,-,-,-
1742944,Entregas Finalizadas Fora de Manaus,8,-,-,2025-05-29 22:06:33,29/05/2025 22:06,-,-,-,-,-,-,-
1742937,Entregas Finalizadas Manaus,6,-,-,2025-05-29 19:39:49,29/05/2025 19:39,-,-,-,-,-,-,-
1742932,Entregas Finalizadas Fora de Manaus,8,-,-,2025-06-09 16:53:00,09/06/2025 16:53,-,-,-,-,-,-,-
1742930,Entregas Finalizadas Fora de Manaus,8,-,-,2025-05-29 17:24:48,29/05/2025 17:24,-,-,-,-,-,-,-
1742905,Entregas Finalizadas Manaus,6,-,-,2025-05-29 14:15:33,29/05/2025 14:15,-,-,-,-,-,-,-
1742896,Entregas Finalizadas Manaus,6,-,-,2025-05-29 18:33:20,29/05/2025 18:33,-,-,-,-,-,-,-
1742885,Entregas Finalizadas Fora de Manaus,8,-,-,2025-05-29 22:11:44,29/05/2025 22:11,-,-,-,-,-,-,-
1742879,Entregas Finalizadas Fora de Manaus,8,-,-,2025-05-29 22:00:42,29/05/2025 22:00,-,-,-,-,-,-,-
1742877,Entregas Finalizadas Manaus,6,-,-,2025-05-29 18:18:06,29/05/2025 18:18,-,-,-,-,-,-,-
1742860,Entregas Finalizadas Fora de Manaus,8,-,-,2025-05-29 21:55:12,29/05/2025 21:55,-,-,-,-,-,-,-
1742848,Entregas Finalizadas Fora de Manaus,8,-,-,2025-05-29 14:37:18,29/05/2025 14:37,-,-,-,-,-,-,-
1742844,Entregas Finalizadas Manaus,6,-,-,2025-05-29 18:49:55,29/05/2025 18:49,-,-,-,-,-,-,-
1742829,Entregas Finalizadas Fora de Manaus,8,-,-,2025-05-29 21:22:43,29/05/2025 21:22,-,-,-,-,-,-,-
1742777,Entregas Finalizadas Fora de Manaus,8,-,-,2025-05-30 22:48:15,30/05/2025 22:48,-,-,-,-,-,-,-
1742668,Entregas Finalizadas Manaus,6,-,-,2025-05-29 19:44:43,29/05/2025 19:44,-,-,-,-,-,-,-
1742659,Entregas Finalizadas Fora de Manaus,8,-,-,2025-05-30 22:12:57,30/05/2025 22:12,-,-,-,-,-,-,-
1742644,Entregas Finalizadas Fora de Manaus,8,-,-,2025-05-30 17:05:19,30/05/2025 17:05,-,-,-,-,-,-,-
1742606,Entregas Finalizadas Fora de Manaus,8,-,-,2025-05-30 21:38:59,30/05/2025 21:38,-,-,-,-,-,-,-
1742602,Entregas Finalizadas Fora de Manaus,8,-,-,2025-05-29 13:18:52,29/05/2025 13:18,-,-,-,-,-,-,-
1742598,Entregas Finalizadas Fora de Manaus,8,-,-,2025-05-31 15:32:04,31/05/2025 15:32,-,-,-,-,-,-,-
1742571,Entregas Finalizadas Fora de Manaus,8,-,-,2025-05-30 23:19:22,30/05/2025 23:19,-,-,-,-,-,-,-
1742564,Entregas Finalizadas Fora de Manaus,8,-,-,2025-05-29 21:08:35,29/05/2025 21:08,-,-,-,-,-,-,-
1742558,Vendedor - Nova Encomenda,1,-,-,2025-05-28 18:45:22,28/05/2025 18:45,-,-,-,-,-,-,-
1742553,Entregas Finalizadas Fora de Manaus,8,-,-,2025-05-29 17:28:15,29/05/2025 17:28,-,-,-,-,-,-,-
1742546,Vendedor - Nova Encomenda,1,-,-,2025-05-28 18:30:00,28/05/2025 18:30,-,-,-,-,-,-,-
1742199,Vendedor - Nova Encomenda,1,-,-,2025-05-28 16:32:48,28/05/2025 16:32,-,-,-,-,-,-,-
1742051,Vendedor - Nova Encomenda,1,-,-,2025-05-28 16:23:22,28/05/2025 16:23,-,-,-,-,-,-,-
1742048,Entregas Finalizadas Manaus,6,-,-,2025-05-28 17:26:17,28/05/2025 17:26,-,-,-,-,-,-,-
1741929,Vendedor - Nova Encomenda,1,-,-,2025-05-28 16:14:25,28/05/2025 16:14,-,-,-,-,-,-,-
1741858,Entregas Finalizadas Manaus,6,-,-,2025-05-28 17:59:00,28/05/2025 17:59,-,-,-,-,-,-,-
1741851,Entregas Finalizadas Manaus,6,-,-,2025-05-28 18:35:56,28/05/2025 18:35,-,-,-,-,-,-,-
1741834,Vendedor - Nova Encomenda,1,-,-,2025-05-28 15:31:14,28/05/2025 15:31,-,-,-,-,-,-,-
1741804,Entregas Finalizadas Fora de Manaus,8,-,-,2025-05-29 00:11:45,29/05/2025 00:11,-,-,-,-,-,-,-
1741764,Entregas Finalizadas Fora de Manaus,8,-,-,2025-06-02 21:07:27,02/06/2025 21:07,-,-,-,-,-,-,-
1741756,Entregas Finalizadas Manaus,6,-,-,2025-05-28 17:31:07,28/05/2025 17:31,-,-,-,-,-,-,-
1741732,Entregas Finalizadas Fora de Manaus,8,-,-,2025-05-28 21:26:55,28/05/2025 21:26,-,-,-,-,-,-,-
1741730,Entregas Finalizadas Manaus,6,-,-,2025-05-28 18:20:05,28/05/2025 18:20,-,-,-,-,-,-,-
1741727,Entregas Finalizadas Fora de Manaus,8,-,-,2025-05-28 17:43:36,28/05/2025 17:43,-,-,-,-,-,-,-
1741717,Entregas Finalizadas Manaus,6,-,-,2025-05-28 21:46:56,28/05/2025 21:46,-,-,-,-,-,-,-
1741668,Entregas Finalizadas Manaus,6,-,-,2025-05-28 17:43:47,28/05/2025 17:43,-,-,-,-,-,-,-
1741599,Entregas Finalizadas Fora de Manaus,8,-,-,2025-05-28 23:50:35,28/05/2025 23:50,-,-,-,-,-,-,-
1741570,Entregas Finalizadas Fora de Manaus,8,-,-,2025-05-28 21:22:34,28/05/2025 21:22,-,-,-,-,-,-,-
1741399,Entregas Finalizadas Fora de Manaus,8,-,-,2025-05-28 23:41:29,28/05/2025 23:41,-,-,-,-,-,-,-
1741396,Entregas Finalizadas Fora de Manaus,8,-,-,2025-05-29 21:57:36,29/05/2025 21:57,-,-,-,-,-,-,-
1741289,Entregas Finalizadas Fora de Manaus,8,-,-,2025-05-28 17:54:41,28/05/2025 17:54,-,-,-,-,-,-,-
1741235,Entregas Finalizadas Manaus,6,-,-,2025-05-28 18:54:09,28/05/2025 18:54,-,-,-,-,-,-,-
1741172,Entregas Finalizadas Manaus,6,-,-,2025-05-28 19:35:30,28/05/2025 19:35,-,-,-,-,-,-,-
1741146,Entregas Finalizadas Manaus,6,-,-,2025-05-28 18:08:18,28/05/2025 18:08,-,-,-,-,-,-,-
1741114,Entregas Finalizadas Fora de Manaus,8,-,-,2025-05-29 00:14:05,29/05/2025 00:14,-,-,-,-,-,-,-
1741105,Entregas Finalizadas Fora de Manaus,8,-,-,2025-05-29 21:43:12,29/05/2025 21:43,-,-,-,-,-,-,-
1741094,Entregas Finalizadas Fora de Manaus,8,-,-,2025-05-28 22:27:58,28/05/2025 22:27,-,-,-,-,-,-,-
1741080,Entregas Finalizadas Fora de Manaus,8,-,-,2025-05-28 23:39:57,28/05/2025 23:39,-,-,-,-,-,-,-
1741066,Entregas Finalizadas Fora de Manaus,8,-,-,2025-05-28 23:44:32,28/05/2025 23:44,-,-,-,-,-,-,-
1741033,Entregas Finalizadas Fora de Manaus,8,-,-,2025-05-28 23:37:34,28/05/2025 23:37,-,-,-,-,-,-,-
1741012,Entregas Finalizadas Manaus,6,-,-,2025-05-28 21:22:18,28/05/2025 21:22,-,-,-,-,-,-,-
1740964,Entregas Finalizadas Manaus,6,-,-,2025-05-28 17:43:21,28/05/2025 17:43,-,-,-,-,-,-,-
1740953,Entregas Finalizadas Fora de Manaus,8,-,-,2025-05-29 17:29:25,29/05/2025 17:29,-,-,-,-,-,-,-
1740917,Entregas Finalizadas Manaus,6,-,-,2025-05-28 17:23:32,28/05/2025 17:23,-,-,-,-,-,-,-
1740871,Entregas Finalizadas Manaus,6,-,-,2025-05-29 14:00:33,29/05/2025 14:00,-,-,-,-,-,-,-
1740838,Entregas Finalizadas Fora de Manaus,8,-,-,2025-06-02 12:49:13,02/06/2025 12:49,-,-,-,-,-,-,-
1740823,Entregas Finalizadas Fora de Manaus,8,-,-,2025-05-28 23:34:20,28/05/2025 23:34,-,-,-,-,-,-,-
1740775,Entregas Finalizadas Fora de Manaus,8,-,-,2025-05-28 22:30:40,28/05/2025 22:30,-,-,-,-,-,-,-
1740757,Entregas Finalizadas Fora de Manaus,8,-,-,2025-05-29 00:09:06,29/05/2025 00:09,-,-,-,-,-,-,-
1740715,Entregas Finalizadas Fora de Manaus,8,-,-,2025-05-29 00:17:38,29/05/2025 00:17,-,-,-,-,-,-,-
1740712,Entregas Finalizadas Fora de Manaus,8,-,-,2025-05-30 12:28:13,30/05/2025 12:28,-,-,-,-,-,-,-
1740687,Entregas Finalizadas Fora de Manaus,8,-,-,2025-05-29 00:38:02,29/05/2025 00:38,-,-,-,-,-,-,-
1740669,Entregas Finalizadas Fora de Manaus,8,-,-,2025-05-28 13:26:44,28/05/2025 13:26,-,-,-,-,-,-,-
1740392,Entregas Finalizadas Fora de Manaus,8,-,-,2025-05-29 10:33:07,29/05/2025 10:33,-,-,-,-,-,-,-
1740382,Entregas Finalizadas Fora de Manaus,8,-,-,2025-05-28 13:02:58,28/05/2025 13:02,-,-,-,-,-,-,-
1740368,Entregas Finalizadas Fora de Manaus,8,-,-,2025-05-28 12:58:04,28/05/2025 12:58,-,-,-,-,-,-,-
1740366,Entregas Finalizadas Manaus,6,-,-,2025-05-28 15:18:15,28/05/2025 15:18,-,-,-,-,-,-,-
1740346,Entregas Finalizadas Fora de Manaus,8,-,-,2025-05-29 00:32:19,29/05/2025 00:32,-,-,-,-,-,-,-
1740343,Entregas Finalizadas Fora de Manaus,8,-,-,2025-05-29 00:24:16,29/05/2025 00:24,-,-,-,-,-,-,-
1740320,Entregas Finalizadas Fora de Manaus,8,-,-,2025-05-28 17:45:13,28/05/2025 17:45,-,-,-,-,-,-,-
1740209,Entregas Finalizadas Fora de Manaus,8,-,-,2025-05-28 23:46:39,28/05/2025 23:46,-,-,-,-,-,-,-
1740203,Entregas Finalizadas Fora de Manaus,8,-,-,2025-05-29 00:34:17,29/05/2025 00:34,-,-,-,-,-,-,-
1740166,Entregas Finalizadas Fora de Manaus,8,-,-,2025-05-29 00:27:00,29/05/2025 00:27,-,-,-,-,-,-,-
1740079,Entregas Finalizadas Fora de Manaus,8,-,-,2025-05-27 17:07:55,27/05/2025 17:07,-,-,-,-,-,-,-
1740062,Entregas Finalizadas Manaus,6,-,-,2025-05-27 17:06:46,27/05/2025 17:06,-,-,-,-,-,-,-
1740040,Vendedor - Nova Encomenda,1,-,-,2025-05-27 15:23:49,27/05/2025 15:23,-,-,-,-,-,-,-
1740030,Entregas Finalizadas Fora de Manaus,8,-,-,2025-05-27 20:06:03,27/05/2025 20:06,-,-,-,-,-,-,-
1740023,Entregas Finalizadas Manaus,6,-,-,2025-05-28 15:13:52,28/05/2025 15:13,-,-,-,-,-,-,-
1740010,Vendedor - Nova Encomenda,1,-,-,2025-05-27 15:06:43,27/05/2025 15:06,-,-,-,-,-,-,-
1739994,Entregas Finalizadas Fora de Manaus,8,-,-,2025-05-27 17:42:50,27/05/2025 17:42,-,-,-,-,-,-,-
1739904,Entregas Finalizadas Fora de Manaus,8,-,-,2025-05-27 20:35:50,27/05/2025 20:35,-,-,-,-,-,-,-
1739870,Vendedor - Nova Encomenda,1,-,-,2025-05-27 14:22:44,27/05/2025 14:22,-,-,-,-,-,-,-
1739860,Entregas Finalizadas Fora de Manaus,8,-,-,2025-05-28 10:33:20,28/05/2025 10:33,-,-,-,-,-,-,-
1739857,Entregas Finalizadas Manaus,6,-,-,2025-05-27 17:59:00,27/05/2025 17:59,-,-,-,-,-,-,-
1739814,Entregas Finalizadas Manaus,6,-,-,2025-05-27 17:51:28,27/05/2025 17:51,-,-,-,-,-,-,-
1739812,Entregas Finalizadas Manaus,6,-,-,2025-05-27 17:26:05,27/05/2025 17:26,-,-,-,-,-,-,-
1739804,Entregas Finalizadas Manaus,6,-,-,2025-05-27 18:00:50,27/05/2025 18:00,-,-,-,-,-,-,-
1739792,Entregas Finalizadas Manaus,6,-,-,2025-05-27 18:11:30,27/05/2025 18:11,-,-,-,-,-,-,-
1739770,Entregas Finalizadas Fora de Manaus,8,-,-,2025-05-27 20:40:39,27/05/2025 20:40,-,-,-,-,-,-,-
1739762,Entregas Finalizadas Fora de Manaus,8,-,-,2025-05-27 20:43:07,27/05/2025 20:43,-,-,-,-,-,-,-
1739738,Entregas Finalizadas Fora de Manaus,8,-,-,2025-05-28 11:40:35,28/05/2025 11:40,-,-,-,-,-,-,-
1739730,Vendedor - Nova Encomenda,1,-,-,2025-05-27 13:15:43,27/05/2025 13:15,-,-,-,-,-,-,-
1739727,Entregas Finalizadas Fora de Manaus,8,-,-,2025-05-28 10:34:57,28/05/2025 10:34,-,-,-,-,-,-,-
1739702,Entregas Finalizadas Fora de Manaus,8,-,-,2025-05-27 21:19:38,27/05/2025 21:19,-,-,-,-,-,-,-
1739652,Entregas Finalizadas Manaus,6,-,-,2025-05-27 18:49:28,27/05/2025 18:49,-,-,-,-,-,-,-
1739501,Vendedor - Nova Encomenda,1,-,-,2025-05-27 12:56:28,27/05/2025 12:56,-,-,-,-,-,-,-
1739454,Entregas Finalizadas Fora de Manaus,8,-,-,2025-05-27 17:27:52,27/05/2025 17:27,-,-,-,-,-,-,-
1739441,Entregas Finalizadas Manaus,6,-,-,2025-05-27 17:46:11,27/05/2025 17:46,-,-,-,-,-,-,-
1739430,Entregas Finalizadas Fora de Manaus,8,-,-,2025-05-27 16:48:51,27/05/2025 16:48,-,-,-,-,-,-,-
1739264,Entregas Finalizadas Fora de Manaus,8,-,-,2025-05-28 10:31:34,28/05/2025 10:31,-,-,-,-,-,-,-
1739223,Entregas Finalizadas Fora de Manaus,8,-,-,2025-05-27 16:50:53,27/05/2025 16:50,-,-,-,-,-,-,-
1739211,Entregas Finalizadas Fora de Manaus,8,-,-,2025-05-29 00:21:37,29/05/2025 00:21,-,-,-,-,-,-,-
1739199,Entregas Finalizadas Fora de Manaus,8,-,-,2025-05-27 20:38:01,27/05/2025 20:38,-,-,-,-,-,-,-
1739195,Entregas Finalizadas Fora de Manaus,8,-,-,2025-05-27 21:44:16,27/05/2025 21:44,-,-,-,-,-,-,-
1739144,Entregas Finalizadas Fora de Manaus,8,-,-,2025-05-27 16:54:48,27/05/2025 16:54,-,-,-,-,-,-,-
1739136,Entregas Finalizadas Fora de Manaus,8,-,-,2025-05-27 22:25:12,27/05/2025 22:25,-,-,-,-,-,-,-
1739031,Entregas Finalizadas Fora de Manaus,8,-,-,2025-05-27 17:09:37,27/05/2025 17:09,-,-,-,-,-,-,-
1739024,Entregas Finalizadas Manaus,6,-,-,2025-05-27 17:03:30,27/05/2025 17:03,-,-,-,-,-,-,-
1739021,Entregas Finalizadas Fora de Manaus,8,-,-,2025-05-27 22:22:48,27/05/2025 22:22,-,-,-,-,-,-,-
1739015,Entregas Finalizadas Fora de Manaus,8,-,-,2025-05-27 22:20:34,27/05/2025 22:20,-,-,-,-,-,-,-
1739008,Entregas Finalizadas Fora de Manaus,8,-,-,2025-05-27 12:50:20,27/05/2025 12:50,-,-,-,-,-,-,-
1738992,Entregas Finalizadas Fora de Manaus,8,-,-,2025-05-27 13:44:21,27/05/2025 13:44,-,-,-,-,-,-,-
1738987,Entregas Finalizadas Fora de Manaus,8,-,-,2025-05-29 00:06:57,29/05/2025 00:06,-,-,-,-,-,-,-
1738974,Entregas Finalizadas Fora de Manaus,8,-,-,2025-05-27 21:57:29,27/05/2025 21:57,-,-,-,-,-,-,-
1738942,Vendedor - Nova Encomenda,1,-,-,2025-05-27 09:39:07,27/05/2025 09:39,-,-,-,-,-,-,-
1738879,Entregas Finalizadas Fora de Manaus,8,-,-,2025-05-27 21:46:37,27/05/2025 21:46,-,-,-,-,-,-,-
1738871,Entregas Finalizadas Fora de Manaus,8,-,-,2025-05-28 12:25:12,28/05/2025 12:25,-,-,-,-,-,-,-
1738848,Entregas Finalizadas Fora de Manaus,8,-,-,2025-05-27 20:31:52,27/05/2025 20:31,-,-,-,-,-,-,-
1738831,Entregas Finalizadas Fora de Manaus,8,-,-,2025-05-28 17:09:30,28/05/2025 17:09,-,-,-,-,-,-,-
1738810,Entregas Finalizadas Fora de Manaus,8,-,-,2025-05-27 17:24:05,27/05/2025 17:24,-,-,-,-,-,-,-
1738789,Entregas Finalizadas Fora de Manaus,8,-,-,2025-05-27 20:49:21,27/05/2025 20:49,-,-,-,-,-,-,-
1738679,Entregas Finalizadas Manaus,6,-,-,2025-05-27 13:33:02,27/05/2025 13:33,-,-,-,-,-,-,-
1738607,Entregas Finalizadas Manaus,6,-,-,2025-05-27 14:16:42,27/05/2025 14:16,-,-,-,-,-,-,-
1738552,Entregas Finalizadas Fora de Manaus,8,-,-,2025-05-27 20:18:05,27/05/2025 20:18,-,-,-,-,-,-,-
1738548,Entregas Finalizadas Fora de Manaus,8,-,-,2025-05-29 21:33:39,29/05/2025 21:33,-,-,-,-,-,-,-
1738486,Entregas Finalizadas Fora de Manaus,8,-,-,2025-05-27 20:08:35,27/05/2025 20:08,-,-,-,-,-,-,-
1738474,Vendedor - Nova Encomenda,1,-,-,2025-05-26 18:25:02,26/05/2025 18:25,-,-,-,-,-,-,-
1738470,Entregas Finalizadas Fora de Manaus,8,-,-,2025-05-27 21:50:41,27/05/2025 21:50,-,-,-,-,-,-,-
1738463,Entregas Finalizadas Fora de Manaus,8,-,-,2025-05-27 16:57:38,27/05/2025 16:57,-,-,-,-,-,-,-
1738453,Vendedor - Nova Encomenda,1,-,-,2025-05-26 18:08:57,26/05/2025 18:08,-,-,-,-,-,-,-
1738450,Entregas Finalizadas Fora de Manaus,8,-,-,2025-05-28 22:32:41,28/05/2025 22:32,-,-,-,-,-,-,-
1738424,Entregas Finalizadas Manaus,6,-,-,2025-05-27 14:22:37,27/05/2025 14:22,-,-,-,-,-,-,-
1738376,Entregas Finalizadas Manaus,6,-,-,2025-05-27 17:15:58,27/05/2025 17:15,-,-,-,-,-,-,-
1738357,Entregas Finalizadas Manaus,6,-,-,2025-05-26 18:24:51,26/05/2025 18:24,-,-,-,-,-,-,-
1738346,Vendedor - Nova Encomenda,1,-,-,2025-05-26 17:07:53,26/05/2025 17:07,-,-,-,-,-,-,-
1738303,Entregas Finalizadas Fora de Manaus,8,-,-,2025-05-26 18:02:43,26/05/2025 18:02,-,-,-,-,-,-,-
1738259,Entregas Finalizadas Fora de Manaus,8,-,-,2025-05-29 22:03:51,29/05/2025 22:03,-,-,-,-,-,-,-
1738248,Entregas Finalizadas Fora de Manaus,8,-,-,2025-05-27 20:15:13,27/05/2025 20:15,-,-,-,-,-,-,-
1738246,Entregas Finalizadas Manaus,6,-,-,2025-05-28 13:23:38,28/05/2025 13:23,-,-,-,-,-,-,-
1738050,Entregas Finalizadas Fora de Manaus,8,-,-,2025-05-27 22:13:20,27/05/2025 22:13,-,-,-,-,-,-,-
1738008,Entregas Finalizadas Fora de Manaus,8,-,-,2025-05-27 17:49:02,27/05/2025 17:49,-,-,-,-,-,-,-
1737998,Entregas Finalizadas Fora de Manaus,8,-,-,2025-05-27 20:04:22,27/05/2025 20:04,-,-,-,-,-,-,-
1737950,Entregas Finalizadas Fora de Manaus,8,-,-,2025-05-26 21:32:44,26/05/2025 21:32,-,-,-,-,-,-,-
1737885,Entregas Finalizadas Manaus,6,-,-,2025-05-26 17:38:04,26/05/2025 17:38,-,-,-,-,-,-,-
1737872,Entregas Finalizadas Fora de Manaus,8,-,-,2025-05-27 21:27:11,27/05/2025 21:27,-,-,-,-,-,-,-
1737848,Entregas Finalizadas Manaus,6,-,-,2025-05-26 21:57:04,26/05/2025 21:57,-,-,-,-,-,-,-
1737842,Entregas Finalizadas Fora de Manaus,8,-,-,2025-05-26 23:01:16,26/05/2025 23:01,-,-,-,-,-,-,-
1737834,Entregas Finalizadas Fora de Manaus,8,-,-,2025-05-27 22:14:39,27/05/2025 22:14,-,-,-,-,-,-,-
1737676,Entregas Finalizadas Fora de Manaus,8,-,-,2025-05-26 16:44:47,26/05/2025 16:44,-,-,-,-,-,-,-
1737661,Entregas Finalizadas Fora de Manaus,8,-,-,2025-05-26 16:46:27,26/05/2025 16:46,-,-,-,-,-,-,-
1737656,Entregas Finalizadas Fora de Manaus,8,-,-,2025-05-29 21:14:15,29/05/2025 21:14,-,-,-,-,-,-,-
1737647,Entregas Finalizadas Fora de Manaus,8,-,-,2025-05-27 21:42:15,27/05/2025 21:42,-,-,-,-,-,-,-
1737632,Entregas Finalizadas Fora de Manaus,8,-,-,2025-05-28 12:39:08,28/05/2025 12:39,-,-,-,-,-,-,-
1737630,Entregas Finalizadas Fora de Manaus,8,-,-,2025-05-27 17:25:36,27/05/2025 17:25,-,-,-,-,-,-,-
1737627,Entregas Finalizadas Fora de Manaus,8,-,-,2025-05-29 15:56:22,29/05/2025 15:56,-,-,-,-,-,-,-
1737618,Entregas Finalizadas Fora de Manaus,8,-,-,2025-05-27 21:30:28,27/05/2025 21:30,-,-,-,-,-,-,-
1737610,Entregas Finalizadas Fora de Manaus,8,-,-,2025-05-26 22:57:40,26/05/2025 22:57,-,-,-,-,-,-,-
1737603,Entregas Finalizadas Fora de Manaus,8,-,-,2025-05-27 13:29:51,27/05/2025 13:29,-,-,-,-,-,-,-
1737599,Entregas Finalizadas Fora de Manaus,8,-,-,2025-05-26 23:05:28,26/05/2025 23:05,-,-,-,-,-,-,-
1737591,Entregas Finalizadas Manaus,6,-,-,2025-05-26 15:34:29,26/05/2025 15:34,-,-,-,-,-,-,-
1737511,Entregas Finalizadas Fora de Manaus,8,-,-,2025-05-27 20:51:23,27/05/2025 20:51,-,-,-,-,-,-,-
1737420,Vendedor - Nova Encomenda,1,-,-,2025-05-26 10:59:40,26/05/2025 10:59,-,-,-,-,-,-,-
1737413,Entregas Finalizadas Fora de Manaus,8,-,-,2025-05-26 22:46:09,26/05/2025 22:46,-,-,-,-,-,-,-
1737395,Entregas Finalizadas Fora de Manaus,8,-,-,2025-05-27 21:33:05,27/05/2025 21:33,-,-,-,-,-,-,-
1737372,Entregas Finalizadas Manaus,6,-,-,2025-05-26 21:58:06,26/05/2025 21:58,-,-,-,-,-,-,-
1737365,Vendedor - Nova Encomenda,1,-,-,2025-05-26 10:44:56,26/05/2025 10:44,-,-,-,-,-,-,-
1737349,Vendedor - Nova Encomenda,1,-,-,2025-05-26 10:38:33,26/05/2025 10:38,-,-,-,-,-,-,-
1737341,Entregas Finalizadas Fora de Manaus,8,-,-,2025-05-28 11:37:42,28/05/2025 11:37,-,-,-,-,-,-,-
1737338,Entregas Finalizadas Fora de Manaus,8,-,-,2025-05-27 09:52:10,27/05/2025 09:52,-,-,-,-,-,-,-
1737311,Vendedor - Nova Encomenda,1,-,-,2025-05-26 10:30:32,26/05/2025 10:30,-,-,-,-,-,-,-
1737291,Entregas Finalizadas Manaus,6,-,-,2025-05-26 13:44:52,26/05/2025 13:44,-,-,-,-,-,-,-
1737286,Entregas Finalizadas Fora de Manaus,8,-,-,2025-05-27 17:25:48,27/05/2025 17:25,-,-,-,-,-,-,-
1737282,Vendedor - Nova Encomenda,1,-,-,2025-05-26 10:25:27,26/05/2025 10:25,-,-,-,-,-,-,-
1737280,Entregas Finalizadas Fora de Manaus,8,-,-,2025-05-29 17:37:18,29/05/2025 17:37,-,-,-,-,-,-,-
1737229,Entregas Finalizadas Fora de Manaus,8,-,-,2025-05-27 20:20:00,27/05/2025 20:20,-,-,-,-,-,-,-
1736962,Entregas Finalizadas Fora de Manaus,8,-,-,2025-05-26 23:30:37,26/05/2025 23:30,-,-,-,-,-,-,-
1736904,Entregas Finalizadas Fora de Manaus,8,-,-,2025-05-26 21:31:31,26/05/2025 21:31,-,-,-,-,-,-,-
1736902,Entregas Finalizadas Fora de Manaus,8,-,-,2025-05-26 13:44:27,26/05/2025 13:44,-,-,-,-,-,-,-
1736862,Entregas Finalizadas Fora de Manaus,8,-,-,2025-05-26 14:45:28,26/05/2025 14:45,-,-,-,-,-,-,-
1736597,Entregas Finalizadas Fora de Manaus,8,-,-,2025-05-26 21:30:13,26/05/2025 21:30,-,-,-,-,-,-,-
1736146,Entregas Finalizadas Fora de Manaus,8,-,-,2025-05-26 23:16:32,26/05/2025 23:16,-,-,-,-,-,-,-
1736115,Entregas Finalizadas Fora de Manaus,8,-,-,2025-05-26 22:49:17,26/05/2025 22:49,-,-,-,-,-,-,-
1735869,Entregas Finalizadas Fora de Manaus,8,-,-,2025-05-26 21:25:04,26/05/2025 21:25,-,-,-,-,-,-,-
1735847,Vendedor - Nova Encomenda,1,-,-,2025-05-24 14:01:53,24/05/2025 14:01,-,-,-,-,-,-,-
1735810,Entregas Finalizadas Fora de Manaus,8,-,-,2025-05-27 12:45:06,27/05/2025 12:45,-,-,-,-,-,-,-
1735768,Entregas Finalizadas Manaus,6,-,-,2025-05-24 14:13:39,24/05/2025 14:13,-,-,-,-,-,-,-
1735754,Entregas Finalizadas Fora de Manaus,8,-,-,2025-05-26 13:54:14,26/05/2025 13:54,-,-,-,-,-,-,-
1735752,Entregas Finalizadas Manaus,6,-,-,2025-05-24 13:22:35,24/05/2025 13:22,-,-,-,-,-,-,-
1735724,Vendedor - Nova Encomenda,1,-,-,2025-05-24 12:10:43,24/05/2025 12:10,-,-,-,-,-,-,-
1735688,Entregas Finalizadas Manaus,6,-,-,2025-05-24 14:01:18,24/05/2025 14:01,-,-,-,-,-,-,-
1735658,Entregas Finalizadas Fora de Manaus,8,-,-,2025-05-24 13:10:01,24/05/2025 13:10,-,-,-,-,-,-,-
1735651,Vendedor - Nova Encomenda,1,-,-,2025-05-24 11:28:31,24/05/2025 11:28,-,-,-,-,-,-,-
1735616,Entregas Finalizadas Fora de Manaus,8,-,-,2025-05-29 14:00:17,29/05/2025 14:00,-,-,-,-,-,-,-
1735606,Entregas Finalizadas Fora de Manaus,8,-,-,2025-05-24 13:49:51,24/05/2025 13:49,-,-,-,-,-,-,-
1735602,Vendedor - Nova Encomenda,1,-,-,2025-05-24 10:04:29,24/05/2025 10:04,-,-,-,-,-,-,-
1735596,Entregas Finalizadas Fora de Manaus,8,-,-,2025-05-24 13:12:32,24/05/2025 13:12,-,-,-,-,-,-,-
1735594,Entregas Finalizadas Fora de Manaus,8,-,-,2025-05-26 13:41:43,26/05/2025 13:41,-,-,-,-,-,-,-
1735466,Entregas Finalizadas Fora de Manaus,8,-,-,2025-05-24 13:39:58,24/05/2025 13:39,-,-,-,-,-,-,-
1735418,Entregas Finalizadas Manaus,6,-,-,2025-05-24 18:45:29,24/05/2025 18:45,-,-,-,-,-,-,-
1735369,Entregas Finalizadas Fora de Manaus,8,-,-,2025-05-24 12:50:09,24/05/2025 12:50,-,-,-,-,-,-,-
1735362,Entregas Finalizadas Manaus,6,-,-,2025-05-26 18:53:49,26/05/2025 18:53,-,-,-,-,-,-,-
1735360,Entregas Finalizadas Fora de Manaus,8,-,-,2025-05-27 09:32:50,27/05/2025 09:32,-,-,-,-,-,-,-
1735351,Entregas Finalizadas Fora de Manaus,8,-,-,2025-05-27 00:12:12,27/05/2025 00:12,-,-,-,-,-,-,-
1735342,Entregas Finalizadas Fora de Manaus,8,-,-,2025-05-27 20:47:19,27/05/2025 20:47,-,-,-,-,-,-,-
1735326,Entregas Finalizadas Fora de Manaus,8,-,-,2025-05-26 23:32:54,26/05/2025 23:32,-,-,-,-,-,-,-
1735322,Entregas Finalizadas Fora de Manaus,8,-,-,2025-05-24 13:13:57,24/05/2025 13:13,-,-,-,-,-,-,-
1735303,Entregas Finalizadas Manaus,6,-,-,2025-05-24 13:36:48,24/05/2025 13:36,-,-,-,-,-,-,-
1735285,Entregas Finalizadas Fora de Manaus,8,-,-,2025-05-26 23:52:08,26/05/2025 23:52,-,-,-,-,-,-,-
1735258,Entregas Finalizadas Fora de Manaus,8,-,-,2025-05-24 13:51:58,24/05/2025 13:51,-,-,-,-,-,-,-
1735243,Entregas Finalizadas Fora de Manaus,8,-,-,2025-05-26 23:36:37,26/05/2025 23:36,-,-,-,-,-,-,-
1735180,Vendedor - Nova Encomenda,1,-,-,2025-05-23 16:35:36,23/05/2025 16:35,-,-,-,-,-,-,-
1735177,Entregas Finalizadas Fora de Manaus,8,-,-,2025-05-26 16:52:08,26/05/2025 16:52,-,-,-,-,-,-,-
1735174,Entregas Finalizadas Fora de Manaus,8,-,-,2025-05-26 23:19:46,26/05/2025 23:19,-,-,-,-,-,-,-
1735142,Vendedor - Nova Encomenda,1,-,-,2025-05-23 16:18:52,23/05/2025 16:18,-,-,-,-,-,-,-
1735137,Vendedor - Nova Encomenda,1,-,-,2025-05-23 16:16:41,23/05/2025 16:16,-,-,-,-,-,-,-
1735127,Entregas Finalizadas Fora de Manaus,8,-,-,2025-05-23 18:12:22,23/05/2025 18:12,-,-,-,-,-,-,-
1735097,Vendedor - Nova Encomenda,1,-,-,2025-05-23 15:52:49,23/05/2025 15:52,-,-,-,-,-,-,-
1735093,Entregas Finalizadas Fora de Manaus,8,-,-,2025-05-23 17:36:14,23/05/2025 17:36,-,-,-,-,-,-,-
1735091,Entregas Finalizadas Manaus,6,-,-,2025-05-24 09:05:26,24/05/2025 09:05,-,-,-,-,-,-,-
1735057,Entregas Finalizadas Fora de Manaus,8,-,-,2025-05-23 22:12:08,23/05/2025 22:12,-,-,-,-,-,-,-
1735045,Entregas Finalizadas Manaus,6,-,-,2025-05-23 21:50:27,23/05/2025 21:50,-,-,-,-,-,-,-
1735039,Entregas Finalizadas Manaus,6,-,-,2025-05-26 12:51:58,26/05/2025 12:51,-,-,-,-,-,-,-
1735037,Entregas Finalizadas Fora de Manaus,8,-,-,2025-05-23 17:29:26,23/05/2025 17:29,-,-,-,-,-,-,-
1735027,Entregas Finalizadas Manaus,6,-,-,2025-05-23 19:58:31,23/05/2025 19:58,-,-,-,-,-,-,-
1735019,Vendedor - Nova Encomenda,1,-,-,2025-05-23 15:11:29,23/05/2025 15:11,-,-,-,-,-,-,-
1735004,Entregas Finalizadas Manaus,6,-,-,2025-05-24 13:01:09,24/05/2025 13:01,-,-,-,-,-,-,-
1734998,Logística - Despacho da Encomenda,2,-,00:00 Horas,2025-05-23 16:26:48,23/05/2025 16:26,-,23/05/2025 16:26,-,-,-,-,-
1734954,Vendedor - Nova Encomenda,1,-,-,2025-05-23 14:44:03,23/05/2025 14:44,-,-,-,-,-,-,-
1734952,Entregas Finalizadas Manaus,6,-,-,2025-05-23 18:20:51,23/05/2025 18:20,-,-,-,-,-,-,-
1734939,Entregas Finalizadas Fora de Manaus,8,-,-,2025-05-23 17:34:03,23/05/2025 17:34,-,-,-,-,-,-,-
1734922,Entregas Finalizadas Fora de Manaus,8,-,-,2025-05-23 21:52:34,23/05/2025 21:52,-,-,-,-,-,-,-
1734918,Entregas Finalizadas Manaus,6,-,-,2025-05-23 17:28:46,23/05/2025 17:28,-,-,-,-,-,-,-
1734908,Entregas Finalizadas Manaus,6,-,-,2025-05-23 18:32:35,23/05/2025 18:32,-,-,-,-,-,-,-
1734893,Entregas Finalizadas Fora de Manaus,8,-,-,2025-05-23 21:54:49,23/05/2025 21:54,-,-,-,-,-,-,-
1734890,Entregas Finalizadas Fora de Manaus,8,-,-,2025-05-23 17:32:24,23/05/2025 17:32,-,-,-,-,-,-,-
1734867,Vendedor - Nova Encomenda,1,-,-,2025-05-23 14:01:35,23/05/2025 14:01,-,-,-,-,-,-,-
1734854,Entregas Finalizadas Fora de Manaus,8,-,-,2025-05-23 22:15:21,23/05/2025 22:15,-,-,-,-,-,-,-
1734846,Entregas Finalizadas Fora de Manaus,8,-,-,2025-05-23 17:21:53,23/05/2025 17:21,-,-,-,-,-,-,-
1734816,Entregas Finalizadas Manaus,6,-,-,2025-05-23 22:43:16,23/05/2025 22:43,-,-,-,-,-,-,-
1734810,Entregas Finalizadas Manaus,6,-,-,2025-05-23 19:32:12,23/05/2025 19:32,-,-,-,-,-,-,-
1734791,Entregas Finalizadas Fora de Manaus,8,-,-,2025-05-23 17:35:15,23/05/2025 17:35,-,-,-,-,-,-,-
1734788,Entregas Finalizadas Manaus,6,-,-,2025-05-23 17:41:27,23/05/2025 17:41,-,-,-,-,-,-,-
1734786,Entregas Finalizadas Manaus,6,-,-,2025-05-23 23:11:48,23/05/2025 23:11,-,-,-,-,-,-,-
1734765,Entregas Finalizadas Fora de Manaus,8,-,-,2025-05-23 22:13:37,23/05/2025 22:13,-,-,-,-,-,-,-
1734759,Entregas Finalizadas Manaus,6,-,-,2025-05-23 18:52:11,23/05/2025 18:52,-,-,-,-,-,-,-
1734739,Entregas Finalizadas Manaus,6,-,-,2025-05-23 20:41:35,23/05/2025 20:41,-,-,-,-,-,-,-
1734720,Entregas Finalizadas Manaus,6,-,-,2025-05-23 21:42:31,23/05/2025 21:42,-,-,-,-,-,-,-
1734667,Entregas Finalizadas Manaus,6,-,-,2025-05-24 14:20:45,24/05/2025 14:20,-,-,-,-,-,-,-
1734643,Entregas Finalizadas Fora de Manaus,8,-,-,2025-05-27 11:51:51,27/05/2025 11:51,-,-,-,-,-,-,-
1734609,Entregas Finalizadas Manaus,6,-,-,2025-05-23 19:45:30,23/05/2025 19:45,-,-,-,-,-,-,-
1734600,Entregas Finalizadas Manaus,6,-,-,2025-05-23 19:20:27,23/05/2025 19:20,-,-,-,-,-,-,-
1734567,Entregas Finalizadas Fora de Manaus,8,-,-,2025-05-23 22:26:26,23/05/2025 22:26,-,-,-,-,-,-,-
1734528,Entregas Finalizadas Fora de Manaus,8,-,-,2025-05-26 21:26:24,26/05/2025 21:26,-,-,-,-,-,-,-
1734504,Entregas Finalizadas Fora de Manaus,8,-,-,2025-05-23 17:06:35,23/05/2025 17:06,-,-,-,-,-,-,-
1734488,Entregas Finalizadas Fora de Manaus,8,-,-,2025-05-26 21:27:37,26/05/2025 21:27,-,-,-,-,-,-,-
1734481,Entregas Finalizadas Fora de Manaus,8,-,-,2025-05-23 17:26:53,23/05/2025 17:26,-,-,-,-,-,-,-
1734479,Entregas Finalizadas Fora de Manaus,8,-,-,2025-05-23 13:15:39,23/05/2025 13:15,-,-,-,-,-,-,-
1734477,Entregas Finalizadas Fora de Manaus,8,-,-,2025-05-26 23:49:32,26/05/2025 23:49,-,-,-,-,-,-,-
1734470,Entregas Finalizadas Fora de Manaus,8,-,-,2025-05-23 13:13:51,23/05/2025 13:13,-,-,-,-,-,-,-
1734467,Entregas Finalizadas Fora de Manaus,8,-,-,2025-05-23 17:04:40,23/05/2025 17:04,-,-,-,-,-,-,-
1734386,Entregas Finalizadas Fora de Manaus,8,-,-,2025-05-26 23:11:53,26/05/2025 23:11,-,-,-,-,-,-,-
1734384,Entregas Finalizadas Fora de Manaus,8,-,-,2025-05-23 22:24:48,23/05/2025 22:24,-,-,-,-,-,-,-
1734381,Entregas Finalizadas Fora de Manaus,8,-,-,2025-05-23 13:25:42,23/05/2025 13:25,-,-,-,-,-,-,-
1734350,Entregas Finalizadas Fora de Manaus,8,-,-,2025-05-24 15:56:22,24/05/2025 15:56,-,-,-,-,-,-,-
1734334,Entregas Finalizadas Fora de Manaus,8,-,-,2025-05-23 14:59:32,23/05/2025 14:59,-,-,-,-,-,-,-
1734324,Entregas Finalizadas Fora de Manaus,8,-,-,2025-05-23 15:01:32,23/05/2025 15:01,-,-,-,-,-,-,-
1734316,Entregas Finalizadas Fora de Manaus,8,-,-,2025-05-24 11:45:44,24/05/2025 11:45,-,-,-,-,-,-,-
1734294,Entregas Finalizadas Fora de Manaus,8,-,-,2025-05-24 11:58:36,24/05/2025 11:58,-,-,-,-,-,-,-
1734278,Entregas Finalizadas Fora de Manaus,8,-,-,2025-05-24 15:53:55,24/05/2025 15:53,-,-,-,-,-,-,-
1734099,Entregas Finalizadas Fora de Manaus,8,-,-,2025-05-23 22:23:36,23/05/2025 22:23,-,-,-,-,-,-,-
1734087,Entregas Finalizadas Manaus,6,-,-,2025-05-23 21:08:52,23/05/2025 21:08,-,-,-,-,-,-,-
1734080,Vendedor - Nova Encomenda,1,-,-,2025-05-22 18:56:18,22/05/2025 18:56,-,-,-,-,-,-,-
1734055,Entregas Finalizadas Fora de Manaus,8,-,-,2025-05-23 15:04:09,23/05/2025 15:04,-,-,-,-,-,-,-
1734053,Entregas Finalizadas Fora de Manaus,8,-,-,2025-05-23 17:39:51,23/05/2025 17:39,-,-,-,-,-,-,-
1734048,Entregas Finalizadas Fora de Manaus,8,-,-,2025-05-23 22:29:09,23/05/2025 22:29,-,-,-,-,-,-,-
1734046,Entregas Finalizadas Fora de Manaus,8,-,-,2025-05-23 17:10:38,23/05/2025 17:10,-,-,-,-,-,-,-
1734042,Entregas Finalizadas Fora de Manaus,8,-,-,2025-05-23 18:18:21,23/05/2025 18:18,-,-,-,-,-,-,-
1734038,Entregas Finalizadas Fora de Manaus,8,-,-,2025-05-23 14:53:48,23/05/2025 14:53,-,-,-,-,-,-,-
1733989,Entregas Finalizadas Fora de Manaus,8,-,-,2025-05-26 23:59:37,26/05/2025 23:59,-,-,-,-,-,-,-
1733986,Vendedor - Nova Encomenda,1,-,-,2025-05-22 17:58:28,22/05/2025 17:58,-,-,-,-,-,-,-
1733972,Vendedor - Nova Encomenda,1,-,-,2025-05-22 17:48:21,22/05/2025 17:48,-,-,-,-,-,-,-
1733962,Entregas Finalizadas Manaus,6,-,-,2025-05-23 20:21:35,23/05/2025 20:21,-,-,-,-,-,-,-
1733932,Entregas Finalizadas Manaus,6,-,-,2025-05-23 15:12:42,23/05/2025 15:12,-,-,-,-,-,-,-
1733921,Vendedor - Nova Encomenda,1,-,-,2025-05-22 17:30:32,22/05/2025 17:30,-,-,-,-,-,-,-
1733880,Entregas Finalizadas Fora de Manaus,8,-,-,2025-06-03 17:15:54,03/06/2025 17:15,-,-,-,-,-,-,-
1733871,Entregas Finalizadas Fora de Manaus,8,-,-,2025-05-23 14:56:17,23/05/2025 14:56,-,-,-,-,-,-,-
1733722,Entregas Finalizadas Manaus,6,-,-,2025-05-22 17:46:39,22/05/2025 17:46,-,-,-,-,-,-,-
1733681,Entregas Finalizadas Fora de Manaus,8,-,-,2025-05-23 15:42:50,23/05/2025 15:42,-,-,-,-,-,-,-
1733649,Entregas Finalizadas Fora de Manaus,8,-,-,2025-05-27 00:02:37,27/05/2025 00:02,-,-,-,-,-,-,-
1733631,Entregas Finalizadas Fora de Manaus,8,-,-,2025-05-22 17:47:32,22/05/2025 17:47,-,-,-,-,-,-,-
1733629,Entregas Finalizadas Fora de Manaus,8,-,-,2025-05-23 15:45:17,23/05/2025 15:45,-,-,-,-,-,-,-
1733607,Entregas Finalizadas Manaus,6,-,-,2025-05-22 17:56:40,22/05/2025 17:56,-,-,-,-,-,-,-
1733603,Entregas Finalizadas Manaus,6,-,-,2025-05-22 17:11:36,22/05/2025 17:11,-,-,-,-,-,-,-
1733601,Entregas Finalizadas Manaus,6,-,-,2025-05-22 17:29:01,22/05/2025 17:29,-,-,-,-,-,-,-
1733599,Vendedor - Nova Encomenda,1,-,-,2025-05-22 15:04:28,22/05/2025 15:04,-,-,-,-,-,-,-
1733520,Entregas Finalizadas Fora de Manaus,8,-,-,2025-05-22 18:24:19,22/05/2025 18:24,-,-,-,-,-,-,-
1733506,Vendedor - Nova Encomenda,1,-,-,2025-05-22 14:17:21,22/05/2025 14:17,-,-,-,-,-,-,-
1733496,Entregas Finalizadas Manaus,6,-,-,2025-05-22 17:43:45,22/05/2025 17:43,-,-,-,-,-,-,-
1733473,Entregas Finalizadas Fora de Manaus,8,-,-,2025-05-22 17:50:13,22/05/2025 17:50,-,-,-,-,-,-,-
1733450,Entregas Finalizadas Fora de Manaus,8,-,-,2025-05-22 16:55:26,22/05/2025 16:55,-,-,-,-,-,-,-
1733447,Entregas Finalizadas Fora de Manaus,8,-,-,2025-05-22 16:55:27,22/05/2025 16:55,-,-,-,-,-,-,-
1733438,Canceladas,X,lojarui@mondellebrasil.com.br,-,2025-05-22 13:46:59,22/05/2025 13:46,-,-,-,-,-,-,-
1733418,Entregas Finalizadas Fora de Manaus,8,-,-,2025-05-22 17:25:01,22/05/2025 17:25,-,-,-,-,-,-,-
1733395,Entregas Finalizadas Fora de Manaus,8,-,-,2025-05-22 17:22:19,22/05/2025 17:22,-,-,-,-,-,-,-
1733390,Entregas Finalizadas Fora de Manaus,8,-,-,2025-05-22 18:26:44,22/05/2025 18:26,-,-,-,-,-,-,-
1733374,Entregas Finalizadas Fora de Manaus,8,-,-,2025-05-22 20:00:23,22/05/2025 20:00,-,-,-,-,-,-,-
1733335,Entregas Finalizadas Fora de Manaus,8,-,-,2025-05-22 17:20:15,22/05/2025 17:20,-,-,-,-,-,-,-
1733285,Entregas Finalizadas Fora de Manaus,8,-,-,2025-05-22 17:07:20,22/05/2025 17:07,-,-,-,-,-,-,-
1733271,Entregas Finalizadas Fora de Manaus,8,-,-,2025-05-22 17:56:33,22/05/2025 17:56,-,-,-,-,-,-,-
1733201,Entregas Finalizadas Manaus,6,-,-,2025-05-22 18:38:13,22/05/2025 18:38,-,-,-,-,-,-,-
1733163,Entregas Finalizadas Fora de Manaus,8,-,-,2025-05-22 20:04:55,22/05/2025 20:04,-,-,-,-,-,-,-
1733119,Entregas Finalizadas Fora de Manaus,8,-,-,2025-05-22 16:52:50,22/05/2025 16:52,-,-,-,-,-,-,-
1733106,Entregas Finalizadas Fora de Manaus,8,-,-,2025-05-22 17:23:44,22/05/2025 17:23,-,-,-,-,-,-,-
1733053,Entregas Finalizadas Fora de Manaus,8,-,-,2025-05-22 20:02:36,22/05/2025 20:02,-,-,-,-,-,-,-
1732996,Entregas Finalizadas Fora de Manaus,8,-,-,2025-05-22 17:44:03,22/05/2025 17:44,-,-,-,-,-,-,-
1732981,Entregas Finalizadas Manaus,6,-,-,2025-05-22 14:39:41,22/05/2025 14:39,-,-,-,-,-,-,-
1732964,Entregas Finalizadas Fora de Manaus,8,-,-,2025-05-22 20:07:37,22/05/2025 20:07,-,-,-,-,-,-,-
1732718,Entregas Finalizadas Fora de Manaus,8,-,-,2025-05-22 20:10:59,22/05/2025 20:10,-,-,-,-,-,-,-
1732688,Entregas Finalizadas Fora de Manaus,8,-,-,2025-05-22 12:57:52,22/05/2025 12:57,-,-,-,-,-,-,-
1732683,Entregas Finalizadas Fora de Manaus,8,-,-,2025-05-22 17:48:06,22/05/2025 17:48,-,-,-,-,-,-,-
1732664,Entregas Finalizadas Fora de Manaus,8,-,-,2025-05-22 12:33:07,22/05/2025 12:33,-,-,-,-,-,-,-
1732658,Entregas Finalizadas Manaus,6,-,-,2025-05-22 19:01:12,22/05/2025 19:01,-,-,-,-,-,-,-
1732642,Entregas Finalizadas Fora de Manaus,8,-,-,2025-05-22 16:33:06,22/05/2025 16:33,-,-,-,-,-,-,-
1732609,Entregas Finalizadas Fora de Manaus,8,-,-,2025-05-22 15:00:20,22/05/2025 15:00,-,-,-,-,-,-,-
1732607,Entregas Finalizadas Manaus,6,-,-,2025-05-23 13:53:02,23/05/2025 13:53,-,-,-,-,-,-,-
1732602,Entregas Finalizadas Fora de Manaus,8,-,-,2025-05-23 14:49:01,23/05/2025 14:49,-,-,-,-,-,-,-
1732594,Entregas Finalizadas Fora de Manaus,8,-,-,2025-05-22 20:09:03,22/05/2025 20:09,-,-,-,-,-,-,-
1732567,Entregas Finalizadas Manaus,6,-,-,2025-05-21 20:00:16,21/05/2025 20:00,-,-,-,-,-,-,-
1732382,Entregas Finalizadas Fora de Manaus,8,-,-,2025-05-22 17:00:20,22/05/2025 17:00,-,-,-,-,-,-,-
1732329,Entregas Finalizadas Manaus,6,-,-,2025-05-22 13:27:24,22/05/2025 13:27,-,-,-,-,-,-,-
1732231,Entregas Finalizadas Manaus,6,-,-,2025-05-21 19:40:32,21/05/2025 19:40,-,-,-,-,-,-,-
1732213,Entregas Finalizadas Fora de Manaus,8,-,-,2025-05-22 13:04:13,22/05/2025 13:04,-,-,-,-,-,-,-
1732150,Vendedor - Nova Encomenda,1,-,-,2025-05-21 16:01:17,21/05/2025 16:01,-,-,-,-,-,-,-
1732058,Entregas Finalizadas Fora de Manaus,8,-,-,2025-05-23 14:50:59,23/05/2025 14:50,-,-,-,-,-,-,-
1731779,Entregas Finalizadas Fora de Manaus,8,-,-,2025-05-22 12:56:00,22/05/2025 12:56,-,-,-,-,-,-,-
1731763,Entregas Finalizadas Fora de Manaus,8,-,-,2025-05-21 20:02:58,21/05/2025 20:02,-,-,-,-,-,-,-
1731686,Entregas Finalizadas Manaus,6,-,-,2025-05-21 18:40:07,21/05/2025 18:40,-,-,-,-,-,-,-
1731641,Entregas Finalizadas Fora de Manaus,8,-,-,2025-05-21 17:44:38,21/05/2025 17:44,-,-,-,-,-,-,-
1731583,Entregas Finalizadas Manaus,6,-,-,2025-05-21 17:58:29,21/05/2025 17:58,-,-,-,-,-,-,-
1731573,Vendedor - Nova Encomenda,1,-,-,2025-05-21 15:05:24,21/05/2025 15:05,-,-,-,-,-,-,-
1731554,Entregas Finalizadas Manaus,6,-,-,2025-05-21 19:35:19,21/05/2025 19:35,-,-,-,-,-,-,-
1731223,Entregas Finalizadas Fora de Manaus,8,-,-,2025-05-21 21:40:53,21/05/2025 21:40,-,-,-,-,-,-,-
1731156,Entregas Finalizadas Fora de Manaus,8,-,-,2025-05-21 21:51:57,21/05/2025 21:51,-,-,-,-,-,-,-
1730854,Entregas Finalizadas Manaus,6,-,-,2025-05-21 19:07:04,21/05/2025 19:07,-,-,-,-,-,-,-
1730735,Entregas Finalizadas Manaus,6,-,-,2025-05-21 16:58:55,21/05/2025 16:58,-,-,-,-,-,-,-
1730719,Vendedor - Nova Encomenda,1,-,-,2025-05-21 13:59:25,21/05/2025 13:59,-,-,-,-,-,-,-
1730712,Entregas Finalizadas Manaus,6,-,-,2025-05-21 18:42:00,21/05/2025 18:42,-,-,-,-,-,-,-
1730655,Entregas Finalizadas Manaus,6,-,-,2025-05-21 17:36:56,21/05/2025 17:36,-,-,-,-,-,-,-
1730653,Entregas Finalizadas Fora de Manaus,8,-,-,2025-05-22 15:22:43,22/05/2025 15:22,-,-,-,-,-,-,-
1730626,Entregas Finalizadas Manaus,6,-,-,2025-05-21 18:00:14,21/05/2025 18:00,-,-,-,-,-,-,-
1730544,Entregas Finalizadas Manaus,6,-,-,2025-05-21 19:28:10,21/05/2025 19:28,-,-,-,-,-,-,-
1730479,Entregas Finalizadas Fora de Manaus,8,-,-,2025-05-22 11:20:59,22/05/2025 11:20,-,-,-,-,-,-,-
1730372,Entregas Finalizadas Manaus,6,-,-,2025-05-21 14:02:12,21/05/2025 14:02,-,-,-,-,-,-,-
1730284,Entregas Finalizadas Manaus,6,-,-,2025-05-21 17:21:44,21/05/2025 17:21,-,-,-,-,-,-,-
1730209,Entregas Finalizadas Manaus,6,-,-,2025-05-22 11:01:33,22/05/2025 11:01,-,-,-,-,-,-,-
1730072,Entregas Finalizadas Fora de Manaus,8,-,-,2025-05-30 16:16:48,30/05/2025 16:16,-,-,-,-,-,-,-
1729978,Entregas Finalizadas Fora de Manaus,8,-,-,2025-05-21 21:37:22,21/05/2025 21:37,-,-,-,-,-,-,-
1729546,Entregas Finalizadas Fora de Manaus,8,-,-,2025-05-21 22:07:38,21/05/2025 22:07,-,-,-,-,-,-,-
1729458,Entregas Finalizadas Fora de Manaus,8,-,-,2025-05-23 14:57:52,23/05/2025 14:57,-,-,-,-,-,-,-
1729428,Entregas Finalizadas Manaus,6,-,-,2025-05-21 14:10:48,21/05/2025 14:10,-,-,-,-,-,-,-
1729329,Entregas Finalizadas Manaus,6,-,-,2025-05-21 17:46:37,21/05/2025 17:46,-,-,-,-,-,-,-
1729243,Entregas Finalizadas Fora de Manaus,8,-,-,2025-05-21 21:20:52,21/05/2025 21:20,-,-,-,-,-,-,-
1729121,Entregas Finalizadas Fora de Manaus,8,-,-,2025-05-21 20:05:34,21/05/2025 20:05,-,-,-,-,-,-,-
1729018,Entregas Finalizadas Fora de Manaus,8,-,-,2025-05-21 20:09:05,21/05/2025 20:09,-,-,-,-,-,-,-
1728841,Entregas Finalizadas Manaus,6,-,-,2025-05-21 13:30:43,21/05/2025 13:30,-,-,-,-,-,-,-
1728737,Entregas Finalizadas Fora de Manaus,8,-,-,2025-05-23 21:48:45,23/05/2025 21:48,-,-,-,-,-,-,-
1728672,Entregas Finalizadas Fora de Manaus,8,-,-,2025-05-21 13:26:59,21/05/2025 13:26,-,-,-,-,-,-,-
1728663,Entregas Finalizadas Fora de Manaus,8,-,-,2025-05-21 12:56:56,21/05/2025 12:56,-,-,-,-,-,-,-
1728606,Entregas Finalizadas Fora de Manaus,8,-,-,2025-05-22 17:04:59,22/05/2025 17:04,-,-,-,-,-,-,-
1728585,Entregas Finalizadas Fora de Manaus,8,-,-,2025-05-22 17:01:56,22/05/2025 17:01,-,-,-,-,-,-,-
1728581,Entregas Finalizadas Manaus,6,-,-,2025-05-21 11:59:08,21/05/2025 11:59,-,-,-,-,-,-,-
1728525,Entregas Finalizadas Fora de Manaus,8,-,-,2025-05-21 20:00:50,21/05/2025 20:00,-,-,-,-,-,-,-
1728524,Entregas Finalizadas Fora de Manaus,8,-,-,2025-05-21 21:32:30,21/05/2025 21:32,-,-,-,-,-,-,-
1728511,Entregas Finalizadas Fora de Manaus,8,-,-,2025-05-21 12:41:24,21/05/2025 12:41,-,-,-,-,-,-,-
1728452,Entregas Finalizadas Fora de Manaus,8,-,-,2025-05-21 12:40:13,21/05/2025 12:40,-,-,-,-,-,-,-
1728375,Entregas Finalizadas Fora de Manaus,8,-,-,2025-05-21 21:47:08,21/05/2025 21:47,-,-,-,-,-,-,-
1728232,Logística - Despacho da Encomenda,2,-,00:00 Horas,2025-05-21 11:47:49,21/05/2025 11:47,-,21/05/2025 11:47,-,-,-,-,-
1728181,Entregas Finalizadas Fora de Manaus,8,-,-,2025-05-22 17:32:57,22/05/2025 17:32,-,-,-,-,-,-,-
1728009,Entregas Finalizadas Fora de Manaus,8,-,-,2025-05-21 21:55:04,21/05/2025 21:55,-,-,-,-,-,-,-
1727884,Entregas Finalizadas Fora de Manaus,8,-,-,2025-05-21 13:20:02,21/05/2025 13:20,-,-,-,-,-,-,-
1727830,Vendedor - Nova Encomenda,1,-,-,2025-05-21 01:38:51,21/05/2025 01:38,-,-,-,-,-,-,-
1727701,Entregas Finalizadas Fora de Manaus,8,-,-,2025-05-21 13:03:57,21/05/2025 13:03,-,-,-,-,-,-,-
1727691,Entregas Finalizadas Fora de Manaus,8,-,-,2025-05-21 20:07:35,21/05/2025 20:07,-,-,-,-,-,-,-
1727672,Vendedor - Nova Encomenda,1,-,-,2025-05-20 18:17:20,20/05/2025 18:17,-,-,-,-,-,-,-
1727669,Entregas Finalizadas Fora de Manaus,8,-,-,2025-05-21 13:13:59,21/05/2025 13:13,-,-,-,-,-,-,-
1727665,Entregas Finalizadas Fora de Manaus,8,-,-,2025-05-22 18:29:41,22/05/2025 18:29,-,-,-,-,-,-,-
1727651,Entregas Finalizadas Fora de Manaus,8,-,-,2025-05-21 21:30:29,21/05/2025 21:30,-,-,-,-,-,-,-
1727634,Vendedor - Nova Encomenda,1,-,-,2025-05-20 17:48:40,20/05/2025 17:48,-,-,-,-,-,-,-
1727619,Entregas Finalizadas Fora de Manaus,8,-,-,2025-05-22 16:29:33,22/05/2025 16:29,-,-,-,-,-,-,-
1727386,Entregas Finalizadas Fora de Manaus,8,-,-,2025-05-20 17:27:55,20/05/2025 17:27,-,-,-,-,-,-,-
1727288,Entregas Finalizadas Manaus,6,-,-,2025-05-20 16:45:47,20/05/2025 16:45,-,-,-,-,-,-,-
1727195,Entregas Finalizadas Fora de Manaus,8,-,-,2025-05-21 18:18:11,21/05/2025 18:18,-,-,-,-,-,-,-
1727164,Entregas Finalizadas Fora de Manaus,8,-,-,2025-05-20 17:38:30,20/05/2025 17:38,-,-,-,-,-,-,-
1727075,Entregas Finalizadas Fora de Manaus,8,-,-,2025-05-20 17:42:21,20/05/2025 17:42,-,-,-,-,-,-,-
1727049,Entregas Finalizadas Manaus,6,-,-,2025-05-20 17:36:12,20/05/2025 17:36,-,-,-,-,-,-,-
1727036,Vendedor - Nova Encomenda,1,-,-,2025-05-20 14:01:48,20/05/2025 14:01,-,-,-,-,-,-,-
1727023,Entregas Finalizadas Fora de Manaus,8,-,-,2025-05-22 15:28:14,22/05/2025 15:28,-,-,-,-,-,-,-
1726922,Entregas Finalizadas Fora de Manaus,8,-,-,2025-05-20 17:19:45,20/05/2025 17:19,-,-,-,-,-,-,-
1726900,Entregas Finalizadas Fora de Manaus,8,-,-,2025-05-20 17:39:42,20/05/2025 17:39,-,-,-,-,-,-,-
1725668,Entregas Finalizadas Fora de Manaus,8,-,-,2025-05-20 17:40:58,20/05/2025 17:40,-,-,-,-,-,-,-
1725524,Entregas Finalizadas Manaus,6,-,-,2025-05-20 13:39:40,20/05/2025 13:39,-,-,-,-,-,-,-
1725493,Entregas Finalizadas Fora de Manaus,8,-,-,2025-05-20 18:00:09,20/05/2025 18:00,-,-,-,-,-,-,-
1725426,Entregas Finalizadas Fora de Manaus,8,-,-,2025-05-21 14:01:54,21/05/2025 14:01,-,-,-,-,-,-,-
1725052,Entregas Finalizadas Fora de Manaus,8,-,-,2025-05-20 18:05:06,20/05/2025 18:05,-,-,-,-,-,-,-
1725038,Entregas Finalizadas Fora de Manaus,8,-,-,2025-05-22 13:26:02,22/05/2025 13:26,-,-,-,-,-,-,-
1725031,Entregas Finalizadas Fora de Manaus,8,-,-,2025-05-21 20:33:08,21/05/2025 20:33,-,-,-,-,-,-,-
1724991,Entregas Finalizadas Manaus,6,-,-,2025-05-21 17:23:07,21/05/2025 17:23,-,-,-,-,-,-,-
1724922,Entregas Finalizadas Fora de Manaus,8,-,-,2025-05-21 01:29:48,21/05/2025 01:29,-,-,-,-,-,-,-
1724778,Entregas Finalizadas Fora de Manaus,8,-,-,2025-05-21 12:03:08,21/05/2025 12:03,-,-,-,-,-,-,-
1724773,Entregas Finalizadas Fora de Manaus,8,-,-,2025-05-20 18:17:15,20/05/2025 18:17,-,-,-,-,-,-,-
1724764,Entregas Finalizadas Fora de Manaus,8,-,-,2025-05-21 22:31:13,21/05/2025 22:31,-,-,-,-,-,-,-
1724687,Entregas Finalizadas Fora de Manaus,8,-,-,2025-05-21 22:34:05,21/05/2025 22:34,-,-,-,-,-,-,-
1724395,Entregas Finalizadas Fora de Manaus,8,-,-,2025-05-21 22:26:49,21/05/2025 22:26,-,-,-,-,-,-,-
1724392,Entregas Finalizadas Fora de Manaus,8,-,-,2025-05-22 18:22:07,22/05/2025 18:22,-,-,-,-,-,-,-
1724368,Entregas Finalizadas Manaus,6,-,-,2025-05-21 13:16:22,21/05/2025 13:16,-,-,-,-,-,-,-
1724338,Entregas Finalizadas Fora de Manaus,8,-,-,2025-05-20 12:35:19,20/05/2025 12:35,-,-,-,-,-,-,-
1724313,Entregas Finalizadas Manaus,6,-,-,2025-05-20 13:58:35,20/05/2025 13:58,-,-,-,-,-,-,-
1724303,Vendedor - Nova Encomenda,1,-,-,2025-05-19 17:56:05,19/05/2025 17:56,-,-,-,-,-,-,-
1724245,Entregas Finalizadas Fora de Manaus,8,-,-,2025-05-21 22:10:49,21/05/2025 22:10,-,-,-,-,-,-,-
1724239,Entregas Finalizadas Manaus,6,-,-,2025-05-20 18:11:31,20/05/2025 18:11,-,-,-,-,-,-,-
1724163,Entregas Finalizadas Fora de Manaus,8,-,-,2025-05-19 18:12:58,19/05/2025 18:12,-,-,-,-,-,-,-
1724160,Entregas Finalizadas Manaus,6,-,-,2025-05-20 18:03:21,20/05/2025 18:03,-,-,-,-,-,-,-
1724109,Entregas Finalizadas Fora de Manaus,8,-,-,2025-05-20 17:37:04,20/05/2025 17:37,-,-,-,-,-,-,-
1724077,Entregas Finalizadas Fora de Manaus,8,-,-,2025-05-20 18:18:36,20/05/2025 18:18,-,-,-,-,-,-,-
1723953,Entregas Finalizadas Fora de Manaus,8,-,-,2025-05-19 18:04:53,19/05/2025 18:04,-,-,-,-,-,-,-
1723931,Entregas Finalizadas Manaus,6,-,-,2025-05-19 17:46:20,19/05/2025 17:46,-,-,-,-,-,-,-
1723918,Entregas Finalizadas Fora de Manaus,8,-,-,2025-05-20 12:41:13,20/05/2025 12:41,-,-,-,-,-,-,-
1723910,Vendedor - Nova Encomenda,1,-,-,2025-05-19 15:31:59,19/05/2025 15:31,-,-,-,-,-,-,-
1723907,Vendedor - Nova Encomenda,1,-,-,2025-05-19 15:31:29,19/05/2025 15:31,-,-,-,-,-,-,-
1723883,Entregas Finalizadas Fora de Manaus,8,-,-,2025-05-20 12:39:47,20/05/2025 12:39,-,-,-,-,-,-,-
1723655,Entregas Finalizadas Manaus,6,-,-,2025-05-19 17:32:51,19/05/2025 17:32,-,-,-,-,-,-,-
1723629,Entregas Finalizadas Manaus,6,-,-,2025-05-19 17:10:05,19/05/2025 17:10,-,-,-,-,-,-,-
1723609,Entregas Finalizadas Manaus,6,-,-,2025-05-19 19:23:26,19/05/2025 19:23,-,-,-,-,-,-,-
1723601,Entregas Finalizadas Fora de Manaus,8,-,-,2025-05-19 17:10:46,19/05/2025 17:10,-,-,-,-,-,-,-
1723591,Entregas Finalizadas Fora de Manaus,8,-,-,2025-05-19 18:07:58,19/05/2025 18:07,-,-,-,-,-,-,-
1723412,Entregas Finalizadas Manaus,6,-,-,2025-05-19 18:17:42,19/05/2025 18:17,-,-,-,-,-,-,-
1723405,Entregas Finalizadas Fora de Manaus,8,-,-,2025-05-20 14:50:31,20/05/2025 14:50,-,-,-,-,-,-,-
1723378,Entregas Finalizadas Manaus,6,-,-,2025-05-19 18:04:21,19/05/2025 18:04,-,-,-,-,-,-,-
1723362,Entregas Finalizadas Manaus,6,-,-,2025-05-19 17:58:25,19/05/2025 17:58,-,-,-,-,-,-,-
1723343,Entregas Finalizadas Manaus,6,-,-,2025-05-19 21:51:21,19/05/2025 21:51,-,-,-,-,-,-,-
1723329,Entregas Finalizadas Fora de Manaus,8,-,-,2025-05-19 16:22:32,19/05/2025 16:22,-,-,-,-,-,-,-
1723172,Vendedor - Nova Encomenda,1,-,-,2025-05-19 11:19:24,19/05/2025 11:19,-,-,-,-,-,-,-
1723169,Entregas Finalizadas Manaus,6,-,-,2025-05-19 16:02:15,19/05/2025 16:02,-,-,-,-,-,-,-
1723143,Entregas Finalizadas Fora de Manaus,8,-,-,2025-05-19 14:16:04,19/05/2025 14:16,-,-,-,-,-,-,-
1723139,Entregas Finalizadas Fora de Manaus,8,-,-,2025-05-26 23:23:04,26/05/2025 23:23,-,-,-,-,-,-,-
1723123,Entregas Finalizadas Manaus,6,-,-,2025-05-19 16:58:08,19/05/2025 16:58,-,-,-,-,-,-,-
1723112,Entregas Finalizadas Manaus,6,-,-,2025-05-19 19:27:14,19/05/2025 19:27,-,-,-,-,-,-,-
1723059,Entregas Finalizadas Fora de Manaus,8,-,-,2025-05-19 13:32:30,19/05/2025 13:32,-,-,-,-,-,-,-
1722754,Entregas Finalizadas Fora de Manaus,8,-,-,2025-05-21 22:14:41,21/05/2025 22:14,-,-,-,-,-,-,-
1722282,Entregas Finalizadas Manaus,6,-,-,2025-05-19 18:53:03,19/05/2025 18:53,-,-,-,-,-,-,-
1722171,Entregas Finalizadas Fora de Manaus,8,-,-,2025-05-19 13:40:42,19/05/2025 13:40,-,-,-,-,-,-,-
1722052,Entregas Finalizadas Fora de Manaus,8,-,-,2025-05-19 14:02:03,19/05/2025 14:02,-,-,-,-,-,-,-
1721840,Entregas Finalizadas Fora de Manaus,8,-,-,2025-05-20 17:03:21,20/05/2025 17:03,-,-,-,-,-,-,-
1721394,Entregas Finalizadas Fora de Manaus,8,-,-,2025-05-21 01:28:09,21/05/2025 01:28,-,-,-,-,-,-,-
1721314,Vendedor - Nova Encomenda,1,-,-,2025-05-17 13:02:32,17/05/2025 13:02,-,-,-,-,-,-,-
1721308,Entregas Finalizadas Fora de Manaus,8,-,-,2025-05-17 13:32:35,17/05/2025 13:32,-,-,-,-,-,-,-
1721301,Entregas Finalizadas Fora de Manaus,8,-,-,2025-05-22 17:31:49,22/05/2025 17:31,-,-,-,-,-,-,-
1721219,Entregas Finalizadas Manaus,6,-,-,2025-05-17 12:26:50,17/05/2025 12:26,-,-,-,-,-,-,-
1721216,Entregas Finalizadas Fora de Manaus,8,-,-,2025-05-17 13:29:29,17/05/2025 13:29,-,-,-,-,-,-,-
1721207,Vendedor - Nova Encomenda,1,-,-,2025-05-17 11:32:28,17/05/2025 11:32,-,-,-,-,-,-,-
1721204,Entregas Finalizadas Manaus,6,-,-,2025-05-19 22:08:48,19/05/2025 22:08,-,-,-,-,-,-,-
1721200,Entregas Finalizadas Fora de Manaus,8,-,-,2025-05-19 14:30:34,19/05/2025 14:30,-,-,-,-,-,-,-
1721173,Entregas Finalizadas Manaus,6,-,-,2025-05-19 14:20:48,19/05/2025 14:20,-,-,-,-,-,-,-
1721168,Entregas Finalizadas Fora de Manaus,8,-,-,2025-05-17 12:49:12,17/05/2025 12:49,-,-,-,-,-,-,-
1721072,Entregas Finalizadas Fora de Manaus,8,-,-,2025-05-19 13:42:47,19/05/2025 13:42,-,-,-,-,-,-,-
1721061,Logística - Despacho da Encomenda,2,-,00:00 Horas,2025-05-17 12:10:33,17/05/2025 12:10,-,17/05/2025 12:10,-,-,-,-,-
1720993,Entregas Finalizadas Fora de Manaus,8,-,-,2025-05-17 12:27:18,17/05/2025 12:27,-,-,-,-,-,-,-
1720852,Entregas Finalizadas Fora de Manaus,8,-,-,2025-05-17 13:11:53,17/05/2025 13:11,-,-,-,-,-,-,-
1720807,Entregas Finalizadas Manaus,6,-,-,2025-05-19 21:56:36,19/05/2025 21:56,-,-,-,-,-,-,-
1720777,Entregas Finalizadas Fora de Manaus,8,-,-,2025-05-17 13:10:22,17/05/2025 13:10,-,-,-,-,-,-,-
1720767,Entregas Finalizadas Fora de Manaus,8,-,-,2025-05-17 18:32:04,17/05/2025 18:32,-,-,-,-,-,-,-
1720760,Vendedor - Nova Encomenda,1,-,-,2025-05-16 17:57:31,16/05/2025 17:57,-,-,-,-,-,-,-
1720751,Entregas Finalizadas Fora de Manaus,8,-,-,2025-05-16 18:32:06,16/05/2025 18:32,-,-,-,-,-,-,-
1720705,Entregas Finalizadas Fora de Manaus,8,-,-,2025-05-17 12:25:35,17/05/2025 12:25,-,-,-,-,-,-,-
1720704,Entregas Finalizadas Fora de Manaus,8,-,-,2025-05-17 18:28:52,17/05/2025 18:28,-,-,-,-,-,-,-
1720694,Entregas Finalizadas Manaus,6,-,-,2025-05-19 22:03:12,19/05/2025 22:03,-,-,-,-,-,-,-
1720685,Entregas Finalizadas Manaus,6,-,-,2025-05-19 12:16:16,19/05/2025 12:16,-,-,-,-,-,-,-
1720677,Entregas Finalizadas Fora de Manaus,8,-,-,2025-05-19 18:06:42,19/05/2025 18:06,-,-,-,-,-,-,-
1720675,Vendedor - Nova Encomenda,1,-,-,2025-05-16 17:12:16,16/05/2025 17:12,-,-,-,-,-,-,-
1720658,Vendedor - Nova Encomenda,1,-,-,2025-05-16 16:58:57,16/05/2025 16:58,-,-,-,-,-,-,-
1720650,Vendedor - Nova Encomenda,1,-,-,2025-05-16 16:54:03,16/05/2025 16:54,-,-,-,-,-,-,-
1720638,Entregas Finalizadas Fora de Manaus,8,-,-,2025-05-16 18:27:21,16/05/2025 18:27,-,-,-,-,-,-,-
1720629,Entregas Finalizadas Fora de Manaus,8,-,-,2025-05-17 12:23:00,17/05/2025 12:23,-,-,-,-,-,-,-
1720620,Entregas Finalizadas Fora de Manaus,8,-,-,2025-05-17 18:30:44,17/05/2025 18:30,-,-,-,-,-,-,-
1720604,Entregas Finalizadas Manaus,6,-,-,2025-05-19 21:54:38,19/05/2025 21:54,-,-,-,-,-,-,-
1720569,Entregas Finalizadas Fora de Manaus,8,-,-,2025-05-19 14:13:39,19/05/2025 14:13,-,-,-,-,-,-,-
1720564,Vendedor - Nova Encomenda,1,-,-,2025-05-16 16:22:34,16/05/2025 16:22,-,-,-,-,-,-,-
1720552,Entregas Finalizadas Manaus,6,-,-,2025-05-16 18:06:45,16/05/2025 18:06,-,-,-,-,-,-,-
1720493,Entregas Finalizadas Fora de Manaus,8,-,-,2025-05-19 18:30:05,19/05/2025 18:30,-,-,-,-,-,-,-
1720459,Entregas Finalizadas Manaus,6,-,-,2025-05-17 11:04:58,17/05/2025 11:04,-,-,-,-,-,-,-
1720452,Entregas Finalizadas Manaus,6,-,-,2025-05-16 17:34:06,16/05/2025 17:34,-,-,-,-,-,-,-
1720412,Entregas Finalizadas Fora de Manaus,8,-,-,2025-05-17 18:18:05,17/05/2025 18:18,-,-,-,-,-,-,-
1720396,Entregas Finalizadas Fora de Manaus,8,-,-,2025-05-19 12:03:06,19/05/2025 12:03,-,-,-,-,-,-,-
1720377,Entregas Finalizadas Fora de Manaus,8,-,-,2025-05-16 21:08:02,16/05/2025 21:08,-,-,-,-,-,-,-
1720359,Entregas Finalizadas Fora de Manaus,8,-,-,2025-05-16 21:20:12,16/05/2025 21:20,-,-,-,-,-,-,-
1720353,Entregas Finalizadas Fora de Manaus,8,-,-,2025-05-16 18:43:52,16/05/2025 18:43,-,-,-,-,-,-,-
1720351,Entregas Finalizadas Fora de Manaus,8,-,-,2025-05-16 21:29:44,16/05/2025 21:29,-,-,-,-,-,-,-
1720341,Entregas Finalizadas Fora de Manaus,8,-,-,2025-05-20 14:52:41,20/05/2025 14:52,-,-,-,-,-,-,-
1720300,Entregas Finalizadas Manaus,6,-,-,2025-05-17 12:40:09,17/05/2025 12:40,-,-,-,-,-,-,-
1720277,Canceladas,X,lojarui@mondellebrasil.com.br,-,2025-05-16 13:55:19,16/05/2025 13:55,-,-,-,-,-,-,-
1720271,Entregas Finalizadas Manaus,6,-,-,2025-05-16 17:58:15,16/05/2025 17:58,-,-,-,-,-,-,-
1720268,Entregas Finalizadas Fora de Manaus,8,-,-,2025-05-17 18:20:58,17/05/2025 18:20,-,-,-,-,-,-,-
1720255,Entregas Finalizadas Manaus,6,-,-,2025-05-16 18:27:10,16/05/2025 18:27,-,-,-,-,-,-,-
1720251,Entregas Finalizadas Fora de Manaus,8,-,-,2025-05-16 21:22:00,16/05/2025 21:22,-,-,-,-,-,-,-
1720190,Entregas Finalizadas Manaus,6,-,-,2025-05-16 18:34:20,16/05/2025 18:34,-,-,-,-,-,-,-
1720187,Entregas Finalizadas Fora de Manaus,8,-,-,2025-05-16 21:05:57,16/05/2025 21:05,-,-,-,-,-,-,-
1720155,Entregas Finalizadas Manaus,6,-,-,2025-05-16 17:31:22,16/05/2025 17:31,-,-,-,-,-,-,-
1720143,Entregas Finalizadas Manaus,6,-,-,2025-05-16 17:16:20,16/05/2025 17:16,-,-,-,-,-,-,-
1720115,Entregas Finalizadas Manaus,6,-,-,2025-05-16 14:29:59,16/05/2025 14:29,-,-,-,-,-,-,-
1720107,Entregas Finalizadas Fora de Manaus,8,-,-,2025-05-21 22:17:19,21/05/2025 22:17,-,-,-,-,-,-,-
1720103,Entregas Finalizadas Manaus,6,-,-,2025-05-16 18:56:48,16/05/2025 18:56,-,-,-,-,-,-,-
1720027,Entregas Finalizadas Fora de Manaus,8,-,-,2025-05-19 18:32:34,19/05/2025 18:32,-,-,-,-,-,-,-
1720002,Entregas Finalizadas Fora de Manaus,8,-,-,2025-05-19 12:12:02,19/05/2025 12:12,-,-,-,-,-,-,-
1719992,Entregas Finalizadas Fora de Manaus,8,-,-,2025-05-19 12:05:00,19/05/2025 12:05,-,-,-,-,-,-,-
1719966,Entregas Finalizadas Manaus,6,-,-,2025-05-19 18:01:10,19/05/2025 18:01,-,-,-,-,-,-,-
1719947,Entregas Finalizadas Fora de Manaus,8,-,-,2025-05-22 10:32:19,22/05/2025 10:32,-,-,-,-,-,-,-
1719943,Entregas Finalizadas Fora de Manaus,8,-,-,2025-05-16 21:25:43,16/05/2025 21:25,-,-,-,-,-,-,-
1719935,Entregas Finalizadas Fora de Manaus,8,-,-,2025-05-16 15:05:57,16/05/2025 15:05,-,-,-,-,-,-,-
1719933,Entregas Finalizadas Manaus,6,-,-,2025-05-16 17:44:18,16/05/2025 17:44,-,-,-,-,-,-,-
1719930,Entregas Finalizadas Manaus,6,-,-,2025-05-16 20:07:38,16/05/2025 20:07,-,-,-,-,-,-,-
1719903,Entregas Finalizadas Fora de Manaus,8,-,-,2025-05-16 13:25:20,16/05/2025 13:25,-,-,-,-,-,-,-
1719843,Entregas Finalizadas Fora de Manaus,8,-,-,2025-05-16 21:16:42,16/05/2025 21:16,-,-,-,-,-,-,-
1719793,Entregas Finalizadas Fora de Manaus,8,-,-,2025-05-16 21:24:00,16/05/2025 21:24,-,-,-,-,-,-,-
1719791,Vendedor - Nova Encomenda,1,-,-,2025-05-16 09:50:15,16/05/2025 09:50,-,-,-,-,-,-,-
1719783,Entregas Finalizadas Fora de Manaus,8,-,-,2025-05-16 18:42:45,16/05/2025 18:42,-,-,-,-,-,-,-
1719596,Entregas Finalizadas Manaus,6,-,-,2025-05-16 13:20:04,16/05/2025 13:20,-,-,-,-,-,-,-
1719515,Entregas Finalizadas Manaus,6,-,-,2025-05-16 10:26:58,16/05/2025 10:26,-,-,-,-,-,-,-
1719499,Entregas Finalizadas Fora de Manaus,8,-,-,2025-05-16 11:54:02,16/05/2025 11:54,-,-,-,-,-,-,-
1719474,Entregas Finalizadas Fora de Manaus,8,-,-,2025-05-16 12:56:10,16/05/2025 12:56,-,-,-,-,-,-,-
1719427,Entregas Finalizadas Fora de Manaus,8,-,-,2025-05-16 14:09:53,16/05/2025 14:09,-,-,-,-,-,-,-
1719420,Entregas Finalizadas Fora de Manaus,8,-,-,2025-05-16 14:01:42,16/05/2025 14:01,-,-,-,-,-,-,-
1719415,Entregas Finalizadas Fora de Manaus,8,-,-,2025-05-16 13:21:51,16/05/2025 13:21,-,-,-,-,-,-,-
1719414,Entregas Finalizadas Fora de Manaus,8,-,-,2025-05-17 18:25:59,17/05/2025 18:25,-,-,-,-,-,-,-
1719380,Entregas Finalizadas Fora de Manaus,8,-,-,2025-05-21 11:21:07,21/05/2025 11:21,-,-,-,-,-,-,-
1719332,Entregas Finalizadas Manaus,6,-,-,2025-05-16 19:16:53,16/05/2025 19:16,-,-,-,-,-,-,-
1719296,Vendedor - Nova Encomenda,1,-,-,2025-05-15 16:51:03,15/05/2025 16:51,-,-,-,-,-,-,-
1719282,Entregas Finalizadas Fora de Manaus,8,-,-,2025-05-16 21:10:14,16/05/2025 21:10,-,-,-,-,-,-,-
1719274,Entregas Finalizadas Fora de Manaus,8,-,-,2025-05-16 13:32:04,16/05/2025 13:32,-,-,-,-,-,-,-
1719262,Entregas Finalizadas Fora de Manaus,8,-,-,2025-05-16 21:12:08,16/05/2025 21:12,-,-,-,-,-,-,-
1719236,Vendedor - Nova Encomenda,1,-,-,2025-05-15 16:25:42,15/05/2025 16:25,-,-,-,-,-,-,-
1719232,Entregas Finalizadas Manaus,6,-,-,2025-05-19 17:59:15,19/05/2025 17:59,-,-,-,-,-,-,-
1719117,Vendedor - Nova Encomenda,1,-,-,2025-05-15 15:32:07,15/05/2025 15:32,-,-,-,-,-,-,-
1719051,Entregas Finalizadas Fora de Manaus,8,-,-,2025-05-15 16:50:51,15/05/2025 16:50,-,-,-,-,-,-,-
1719047,Entregas Finalizadas Fora de Manaus,8,-,-,2025-05-16 12:39:22,16/05/2025 12:39,-,-,-,-,-,-,-
1719045,Entregas Finalizadas Manaus,6,-,-,2025-05-15 18:09:39,15/05/2025 18:09,-,-,-,-,-,-,-
1718879,Entregas Finalizadas Fora de Manaus,8,-,-,2025-05-15 17:18:45,15/05/2025 17:18,-,-,-,-,-,-,-
1718873,Entregas Finalizadas Manaus,6,-,-,2025-05-15 19:18:46,15/05/2025 19:18,-,-,-,-,-,-,-
1718868,Entregas Finalizadas Fora de Manaus,8,-,-,2025-05-16 13:23:09,16/05/2025 13:23,-,-,-,-,-,-,-
1718820,Entregas Finalizadas Fora de Manaus,8,-,-,2025-05-16 13:28:22,16/05/2025 13:28,-,-,-,-,-,-,-
1718813,Entregas Finalizadas Manaus,6,-,-,2025-05-15 19:51:31,15/05/2025 19:51,-,-,-,-,-,-,-
1718779,Vendedor - Nova Encomenda,1,-,-,2025-05-15 12:25:40,15/05/2025 12:25,-,-,-,-,-,-,-
1718766,Entregas Finalizadas Manaus,6,-,-,2025-05-15 17:00:02,15/05/2025 17:00,-,-,-,-,-,-,-
1718741,Entregas Finalizadas Manaus,6,-,-,2025-05-19 17:57:50,19/05/2025 17:57,-,-,-,-,-,-,-
1718737,Entregas Finalizadas Manaus,6,-,-,2025-05-15 17:10:24,15/05/2025 17:10,-,-,-,-,-,-,-
1718672,Entregas Finalizadas Manaus,6,-,-,2025-05-15 18:16:47,15/05/2025 18:16,-,-,-,-,-,-,-
1718571,Entregas Finalizadas Fora de Manaus,8,-,-,2025-05-15 13:28:03,15/05/2025 13:28,-,-,-,-,-,-,-
1718556,Entregas Finalizadas Fora de Manaus,8,-,-,2025-05-16 21:13:49,16/05/2025 21:13,-,-,-,-,-,-,-
1718546,Entregas Finalizadas Fora de Manaus,8,-,-,2025-05-15 12:44:55,15/05/2025 12:44,-,-,-,-,-,-,-
1718411,Entregas Finalizadas Manaus,6,-,-,2025-05-16 14:56:22,16/05/2025 14:56,-,-,-,-,-,-,-
1718406,Entregas Finalizadas Fora de Manaus,8,-,-,2025-05-15 17:29:34,15/05/2025 17:29,-,-,-,-,-,-,-
1718393,Entregas Finalizadas Fora de Manaus,8,-,-,2025-05-15 18:05:35,15/05/2025 18:05,-,-,-,-,-,-,-
1718381,Vendedor - Nova Encomenda,1,-,-,2025-05-15 09:35:09,15/05/2025 09:35,-,-,-,-,-,-,-
1718352,Entregas Finalizadas Fora de Manaus,8,-,-,2025-05-15 13:06:10,15/05/2025 13:06,-,-,-,-,-,-,-
1718188,Entregas Finalizadas Fora de Manaus,8,-,-,2025-05-15 16:44:42,15/05/2025 16:44,-,-,-,-,-,-,-
1718066,Entregas Finalizadas Fora de Manaus,8,-,-,2025-05-15 16:58:08,15/05/2025 16:58,-,-,-,-,-,-,-
1718062,Entregas Finalizadas Fora de Manaus,8,-,-,2025-05-15 16:39:35,15/05/2025 16:39,-,-,-,-,-,-,-
1718014,Entregas Finalizadas Manaus,6,-,-,2025-05-15 20:17:19,15/05/2025 20:17,-,-,-,-,-,-,-
1717988,Entregas Finalizadas Fora de Manaus,8,-,-,2025-05-15 17:37:58,15/05/2025 17:37,-,-,-,-,-,-,-
1717974,Entregas Finalizadas Fora de Manaus,8,-,-,2025-05-19 13:51:57,19/05/2025 13:51,-,-,-,-,-,-,-
1717963,Entregas Finalizadas Manaus,6,-,-,2025-05-15 18:46:10,15/05/2025 18:46,-,-,-,-,-,-,-
1717960,Entregas Finalizadas Fora de Manaus,8,-,-,2025-05-15 14:57:10,15/05/2025 14:57,-,-,-,-,-,-,-
1717952,Entregas Finalizadas Manaus,6,-,-,2025-05-15 16:35:08,15/05/2025 16:35,-,-,-,-,-,-,-
1717912,Entregas Finalizadas Manaus,6,-,-,2025-05-15 16:46:59,15/05/2025 16:46,-,-,-,-,-,-,-
1717895,Vendedor - Nova Encomenda,1,-,-,2025-05-14 17:45:03,14/05/2025 17:45,-,-,-,-,-,-,-
1717888,Vendedor - Nova Encomenda,1,-,-,2025-05-14 17:42:51,14/05/2025 17:42,-,-,-,-,-,-,-
1717871,Entregas Finalizadas Fora de Manaus,8,-,-,2025-05-14 18:06:01,14/05/2025 18:06,-,-,-,-,-,-,-
1717868,Entregas Finalizadas Fora de Manaus,8,-,-,2025-05-14 17:59:21,14/05/2025 17:59,-,-,-,-,-,-,-
1717800,Entregas Finalizadas Fora de Manaus,8,-,-,2025-05-15 13:11:18,15/05/2025 13:11,-,-,-,-,-,-,-
1717777,Entregas Finalizadas Manaus,6,-,-,2025-05-15 19:56:22,15/05/2025 19:56,-,-,-,-,-,-,-
1717761,Entregas Finalizadas Manaus,6,-,-,2025-05-14 17:40:44,14/05/2025 17:40,-,-,-,-,-,-,-
1717671,Entregas Finalizadas Manaus,6,-,-,2025-05-14 16:57:05,14/05/2025 16:57,-,-,-,-,-,-,-
1717659,Entregas Finalizadas Manaus,6,-,-,2025-05-14 17:25:13,14/05/2025 17:25,-,-,-,-,-,-,-
1717647,Entregas Finalizadas Fora de Manaus,8,-,-,2025-05-15 16:45:43,15/05/2025 16:45,-,-,-,-,-,-,-
1717603,Entregas Finalizadas Fora de Manaus,8,-,-,2025-05-14 17:48:02,14/05/2025 17:48,-,-,-,-,-,-,-
1717585,Entregas Finalizadas Fora de Manaus,8,-,-,2025-05-14 17:50:03,14/05/2025 17:50,-,-,-,-,-,-,-
1717570,Entregas Finalizadas Manaus,6,-,-,2025-05-19 17:56:10,19/05/2025 17:56,-,-,-,-,-,-,-
1717560,Entregas Finalizadas Manaus,6,-,-,2025-05-14 17:05:08,14/05/2025 17:05,-,-,-,-,-,-,-
1717536,Entregas Finalizadas Manaus,6,-,-,2025-05-14 17:42:13,14/05/2025 17:42,-,-,-,-,-,-,-
1717502,Entregas Finalizadas Fora de Manaus,8,-,-,2025-05-14 17:49:03,14/05/2025 17:49,-,-,-,-,-,-,-
1717478,Entregas Finalizadas Fora de Manaus,8,-,-,2025-05-15 17:54:28,15/05/2025 17:54,-,-,-,-,-,-,-
1717462,Entregas Finalizadas Manaus,6,-,-,2025-05-14 18:10:52,14/05/2025 18:10,-,-,-,-,-,-,-
1717433,Entregas Finalizadas Manaus,6,-,-,2025-05-14 17:29:24,14/05/2025 17:29,-,-,-,-,-,-,-
1717418,Entregas Finalizadas Fora de Manaus,8,-,-,2025-05-14 16:01:11,14/05/2025 16:01,-,-,-,-,-,-,-
1717339,Entregas Finalizadas Fora de Manaus,8,-,-,2025-05-15 13:07:56,15/05/2025 13:07,-,-,-,-,-,-,-
1717301,Entregas Finalizadas Manaus,6,-,-,2025-05-14 19:45:15,14/05/2025 19:45,-,-,-,-,-,-,-
1717259,Entregas Finalizadas Manaus,6,-,-,2025-05-14 18:36:31,14/05/2025 18:36,-,-,-,-,-,-,-
1717227,Entregas Finalizadas Fora de Manaus,8,-,-,2025-05-14 21:49:11,14/05/2025 21:49,-,-,-,-,-,-,-
1717213,Entregas Finalizadas Fora de Manaus,8,-,-,2025-05-15 12:50:54,15/05/2025 12:50,-,-,-,-,-,-,-
1717178,Entregas Finalizadas Manaus,6,-,-,2025-05-14 17:21:01,14/05/2025 17:21,-,-,-,-,-,-,-
1717172,Entregas Finalizadas Manaus,6,-,-,2025-05-14 14:42:24,14/05/2025 14:42,-,-,-,-,-,-,-
1717160,Entregas Finalizadas Fora de Manaus,8,-,-,2025-05-14 21:33:55,14/05/2025 21:33,-,-,-,-,-,-,-
1717142,Entregas Finalizadas Manaus,6,-,-,2025-05-15 14:49:53,15/05/2025 14:49,-,-,-,-,-,-,-
1717126,Entregas Finalizadas Manaus,6,-,-,2025-05-14 14:53:10,14/05/2025 14:53,-,-,-,-,-,-,-
1717052,Entregas Finalizadas Fora de Manaus,8,-,-,2025-05-16 21:18:07,16/05/2025 21:18,-,-,-,-,-,-,-
1716987,Entregas Finalizadas Fora de Manaus,8,-,-,2025-05-14 21:20:30,14/05/2025 21:20,-,-,-,-,-,-,-
1716981,Entregas Finalizadas Manaus,6,-,-,2025-05-14 15:48:59,14/05/2025 15:48,-,-,-,-,-,-,-
1716975,Entregas Finalizadas Fora de Manaus,8,-,-,2025-05-14 11:59:59,14/05/2025 11:59,-,-,-,-,-,-,-
1716949,Entregas Finalizadas Fora de Manaus,8,-,-,2025-05-14 21:47:12,14/05/2025 21:47,-,-,-,-,-,-,-
1716940,Entregas Finalizadas Fora de Manaus,8,-,-,2025-05-14 13:50:50,14/05/2025 13:50,-,-,-,-,-,-,-
1716931,Entregas Finalizadas Fora de Manaus,8,-,-,2025-05-16 21:04:00,16/05/2025 21:04,-,-,-,-,-,-,-
1716906,Vendedor - Nova Encomenda,1,-,-,2025-05-14 10:38:53,14/05/2025 10:38,-,-,-,-,-,-,-
1716903,Entregas Finalizadas Fora de Manaus,8,-,-,2025-05-14 21:04:55,14/05/2025 21:04,-,-,-,-,-,-,-
1716895,Entregas Finalizadas Fora de Manaus,8,-,-,2025-05-15 13:14:14,15/05/2025 13:14,-,-,-,-,-,-,-
1716798,Entregas Finalizadas Fora de Manaus,8,-,-,2025-05-15 17:09:46,15/05/2025 17:09,-,-,-,-,-,-,-
1716767,Entregas Finalizadas Fora de Manaus,8,-,-,2025-05-14 21:09:14,14/05/2025 21:09,-,-,-,-,-,-,-
1716599,Entregas Finalizadas Fora de Manaus,8,-,-,2025-05-15 13:24:16,15/05/2025 13:24,-,-,-,-,-,-,-
1716470,Entregas Finalizadas Manaus,6,-,-,2025-05-14 18:40:04,14/05/2025 18:40,-,-,-,-,-,-,-
1716454,Entregas Finalizadas Fora de Manaus,8,-,-,2025-05-14 13:14:48,14/05/2025 13:14,-,-,-,-,-,-,-
1716450,Entregas Finalizadas Fora de Manaus,8,-,-,2025-05-14 21:11:30,14/05/2025 21:11,-,-,-,-,-,-,-
1716443,Entregas Finalizadas Fora de Manaus,8,-,-,2025-05-15 00:13:52,15/05/2025 00:13,-,-,-,-,-,-,-
1716399,Entregas Finalizadas Fora de Manaus,8,-,-,2025-05-14 14:30:23,14/05/2025 14:30,-,-,-,-,-,-,-
1716387,Entregas Finalizadas Fora de Manaus,8,-,-,2025-05-15 08:33:04,15/05/2025 08:33,-,-,-,-,-,-,-
1716384,Vendedor - Nova Encomenda,1,-,-,2025-05-13 17:34:55,13/05/2025 17:34,-,-,-,-,-,-,-
1716130,Entregas Finalizadas Fora de Manaus,8,-,-,2025-05-13 22:35:34,13/05/2025 22:35,-,-,-,-,-,-,-
1716088,Entregas Finalizadas Manaus,6,-,-,2025-05-13 17:51:31,13/05/2025 17:51,-,-,-,-,-,-,-
1716066,Entregas Finalizadas Manaus,6,-,-,2025-05-13 17:13:09,13/05/2025 17:13,-,-,-,-,-,-,-
1716015,Entregas Finalizadas Manaus,6,-,-,2025-05-13 17:05:40,13/05/2025 17:05,-,-,-,-,-,-,-
1715826,Entregas Finalizadas Fora de Manaus,8,-,-,2025-05-13 22:58:54,13/05/2025 22:58,-,-,-,-,-,-,-
1715821,Entregas Finalizadas Manaus,6,-,-,2025-05-13 17:19:00,13/05/2025 17:19,-,-,-,-,-,-,-
1715760,Entregas Finalizadas Fora de Manaus,8,-,-,2025-05-17 18:37:29,17/05/2025 18:37,-,-,-,-,-,-,-
1715727,Entregas Finalizadas Manaus,6,-,-,2025-05-13 14:11:01,13/05/2025 14:11,-,-,-,-,-,-,-
1715647,Entregas Finalizadas Manaus,6,-,-,2025-05-14 13:28:55,14/05/2025 13:28,-,-,-,-,-,-,-
1715639,Entregas Finalizadas Fora de Manaus,8,-,-,2025-05-14 21:39:59,14/05/2025 21:39,-,-,-,-,-,-,-
1715571,Entregas Finalizadas Fora de Manaus,8,-,-,2025-05-17 13:08:44,17/05/2025 13:08,-,-,-,-,-,-,-
1715502,Entregas Finalizadas Fora de Manaus,8,-,-,2025-05-14 22:11:50,14/05/2025 22:11,-,-,-,-,-,-,-
1715495,Entregas Finalizadas Fora de Manaus,8,-,-,2025-05-14 22:25:55,14/05/2025 22:25,-,-,-,-,-,-,-
1715476,Entregas Finalizadas Fora de Manaus,8,-,-,2025-05-13 23:21:25,13/05/2025 23:21,-,-,-,-,-,-,-
1715361,Entregas Finalizadas Manaus,6,-,-,2025-05-13 14:40:43,13/05/2025 14:40,-,-,-,-,-,-,-
1715328,Entregas Finalizadas Fora de Manaus,8,-,-,2025-05-13 19:46:40,13/05/2025 19:46,-,-,-,-,-,-,-
1715325,Entregas Finalizadas Fora de Manaus,8,-,-,2025-05-13 22:40:50,13/05/2025 22:40,-,-,-,-,-,-,-
1715297,Entregas Finalizadas Fora de Manaus,8,-,-,2025-05-13 22:33:48,13/05/2025 22:33,-,-,-,-,-,-,-
1715283,Entregas Finalizadas Fora de Manaus,8,-,-,2025-05-13 19:50:54,13/05/2025 19:50,-,-,-,-,-,-,-
1715278,Entregas Finalizadas Fora de Manaus,8,-,-,2025-05-14 13:55:10,14/05/2025 13:55,-,-,-,-,-,-,-
1715269,Entregas Finalizadas Manaus,6,-,-,2025-05-19 17:54:10,19/05/2025 17:54,-,-,-,-,-,-,-
1714976,Entregas Finalizadas Fora de Manaus,8,-,-,2025-05-15 12:32:13,15/05/2025 12:32,-,-,-,-,-,-,-
1714963,Entregas Finalizadas Fora de Manaus,8,-,-,2025-05-13 22:46:41,13/05/2025 22:46,-,-,-,-,-,-,-
1714952,Entregas Finalizadas Fora de Manaus,8,-,-,2025-05-13 23:28:31,13/05/2025 23:28,-,-,-,-,-,-,-
1714950,Entregas Finalizadas Fora de Manaus,8,-,-,2025-05-13 23:36:47,13/05/2025 23:36,-,-,-,-,-,-,-
1714933,Entregas Finalizadas Fora de Manaus,8,-,-,2025-05-13 23:33:42,13/05/2025 23:33,-,-,-,-,-,-,-
1714929,Logística - Despacho da Encomenda,2,-,00:00 Horas,2025-05-13 11:42:27,13/05/2025 11:42,-,13/05/2025 11:42,-,-,-,-,-
1714881,Entregas Finalizadas Fora de Manaus,8,-,-,2025-05-12 18:02:38,12/05/2025 18:02,-,-,-,-,-,-,-
1714869,Entregas Finalizadas Fora de Manaus,8,-,-,2025-05-14 21:31:10,14/05/2025 21:31,-,-,-,-,-,-,-
1714856,Entregas Finalizadas Fora de Manaus,8,-,-,2025-05-16 12:38:01,16/05/2025 12:38,-,-,-,-,-,-,-
1714642,Entregas Finalizadas Fora de Manaus,8,-,-,2025-05-12 16:46:36,12/05/2025 16:46,-,-,-,-,-,-,-
1714620,Entregas Finalizadas Manaus,6,-,-,2025-05-13 16:45:06,13/05/2025 16:45,-,-,-,-,-,-,-
1714539,Logística - Despacho da Encomenda,2,-,00:00 Horas,2025-05-12 15:45:40,12/05/2025 15:45,-,12/05/2025 15:45,-,-,-,-,-
1714490,Entregas Finalizadas Fora de Manaus,8,-,-,2025-05-14 22:31:09,14/05/2025 22:31,-,-,-,-,-,-,-
1714457,Entregas Finalizadas Manaus,6,-,-,2025-05-12 17:55:51,12/05/2025 17:55,-,-,-,-,-,-,-
1714445,Entregas Finalizadas Fora de Manaus,8,-,-,2025-05-13 19:53:35,13/05/2025 19:53,-,-,-,-,-,-,-
1714408,Entregas Finalizadas Fora de Manaus,8,-,-,2025-05-13 22:49:50,13/05/2025 22:49,-,-,-,-,-,-,-
1714397,Entregas Finalizadas Manaus,6,-,-,2025-05-12 17:20:27,12/05/2025 17:20,-,-,-,-,-,-,-
1714345,Entregas Finalizadas Fora de Manaus,8,-,-,2025-05-13 22:52:14,13/05/2025 22:52,-,-,-,-,-,-,-
1714342,Vendedor - Nova Encomenda,1,-,-,2025-05-12 14:24:05,12/05/2025 14:24,-,-,-,-,-,-,-
1714302,Entregas Finalizadas Manaus,6,-,-,2025-05-12 18:11:59,12/05/2025 18:11,-,-,-,-,-,-,-
1714283,Vendedor - Nova Encomenda,1,-,-,2025-05-12 14:02:13,12/05/2025 14:02,-,-,-,-,-,-,-
1714274,Entregas Finalizadas Fora de Manaus,8,-,-,2025-05-13 22:38:55,13/05/2025 22:38,-,-,-,-,-,-,-
1714253,Vendedor - Nova Encomenda,1,-,-,2025-05-12 13:53:09,12/05/2025 13:53,-,-,-,-,-,-,-
1714204,Entregas Finalizadas Fora de Manaus,8,-,-,2025-05-13 23:10:46,13/05/2025 23:10,-,-,-,-,-,-,-
1714195,Entregas Finalizadas Fora de Manaus,8,-,-,2025-05-12 20:51:56,12/05/2025 20:51,-,-,-,-,-,-,-
1714190,Entregas Finalizadas Fora de Manaus,8,-,-,2025-05-13 23:17:45,13/05/2025 23:17,-,-,-,-,-,-,-
1713971,Entregas Finalizadas Fora de Manaus,8,-,-,2025-05-13 23:19:15,13/05/2025 23:19,-,-,-,-,-,-,-
1713897,Entregas Finalizadas Fora de Manaus,8,-,-,2025-05-12 20:46:26,12/05/2025 20:46,-,-,-,-,-,-,-
1713719,Vendedor - Nova Encomenda,1,-,-,2025-05-12 12:05:28,12/05/2025 12:05,-,-,-,-,-,-,-
1713689,Entregas Finalizadas Fora de Manaus,8,-,-,2025-05-14 00:09:11,14/05/2025 00:09,-,-,-,-,-,-,-
1713256,Entregas Finalizadas Fora de Manaus,8,-,-,2025-05-12 13:24:30,12/05/2025 13:24,-,-,-,-,-,-,-
1713188,Entregas Finalizadas Fora de Manaus,8,-,-,2025-05-14 22:51:04,14/05/2025 22:51,-,-,-,-,-,-,-
1713158,Entregas Finalizadas Fora de Manaus,8,-,-,2025-05-14 00:10:44,14/05/2025 00:10,-,-,-,-,-,-,-
1712864,Entregas Finalizadas Manaus,6,-,-,2025-05-12 18:31:43,12/05/2025 18:31,-,-,-,-,-,-,-
1712861,Entregas Finalizadas Manaus,6,-,-,2025-05-19 12:09:03,19/05/2025 12:09,-,-,-,-,-,-,-
1712793,Entregas Finalizadas Fora de Manaus,8,-,-,2025-05-12 20:44:09,12/05/2025 20:44,-,-,-,-,-,-,-
1712526,Entregas Finalizadas Fora de Manaus,8,-,-,2025-05-13 23:31:52,13/05/2025 23:31,-,-,-,-,-,-,-
1712059,Entregas Finalizadas Fora de Manaus,8,-,-,2025-05-12 13:20:28,12/05/2025 13:20,-,-,-,-,-,-,-
1712039,Entregas Finalizadas Fora de Manaus,8,-,-,2025-05-12 20:47:54,12/05/2025 20:47,-,-,-,-,-,-,-
1712035,Entregas Finalizadas Fora de Manaus,8,-,-,2025-05-14 21:15:32,14/05/2025 21:15,-,-,-,-,-,-,-
1710940,Entregas Finalizadas Fora de Manaus,8,-,-,2025-05-12 20:55:35,12/05/2025 20:55,-,-,-,-,-,-,-
1710927,Entregas Finalizadas Manaus,6,-,-,2025-05-10 16:34:22,10/05/2025 16:34,-,-,-,-,-,-,-
1710853,Entregas Finalizadas Manaus,6,-,-,2025-05-16 21:04:39,16/05/2025 21:04,-,-,-,-,-,-,-
1710833,Entregas Finalizadas Manaus,6,-,-,2025-05-10 16:53:07,10/05/2025 16:53,-,-,-,-,-,-,-
1710816,Entregas Finalizadas Fora de Manaus,8,-,-,2025-05-12 16:44:02,12/05/2025 16:44,-,-,-,-,-,-,-
1710801,Entregas Finalizadas Manaus,6,-,-,2025-05-12 12:36:20,12/05/2025 12:36,-,-,-,-,-,-,-
1710790,Entregas Finalizadas Manaus,6,-,-,2025-05-16 21:02:11,16/05/2025 21:02,-,-,-,-,-,-,-
1710770,Entregas Finalizadas Manaus,6,-,-,2025-05-16 21:03:19,16/05/2025 21:03,-,-,-,-,-,-,-
1710758,Entregas Finalizadas Fora de Manaus,8,-,-,2025-05-16 20:56:49,16/05/2025 20:56,-,-,-,-,-,-,-
1710755,Entregas Finalizadas Manaus,6,-,-,2025-05-10 15:21:00,10/05/2025 15:21,-,-,-,-,-,-,-
1710745,Entregas Finalizadas Manaus,6,-,-,2025-05-10 14:19:17,10/05/2025 14:19,-,-,-,-,-,-,-
1710737,Entregas Finalizadas Manaus,6,-,-,2025-05-16 21:05:45,16/05/2025 21:05,-,-,-,-,-,-,-
1710726,Vendedor - Nova Encomenda,1,-,-,2025-05-10 11:45:53,10/05/2025 11:45,-,-,-,-,-,-,-
1710710,Entregas Finalizadas Manaus,6,-,-,2025-05-10 14:35:57,10/05/2025 14:35,-,-,-,-,-,-,-
1710680,Entregas Finalizadas Fora de Manaus,8,-,-,2025-05-10 20:08:46,10/05/2025 20:08,-,-,-,-,-,-,-
1710667,Entregas Finalizadas Manaus,6,-,-,2025-05-10 13:22:23,10/05/2025 13:22,-,-,-,-,-,-,-
1710663,Entregas Finalizadas Manaus,6,-,-,2025-05-10 13:18:25,10/05/2025 13:18,-,-,-,-,-,-,-
1710660,Entregas Finalizadas Fora de Manaus,8,-,-,2025-05-10 17:04:00,10/05/2025 17:04,-,-,-,-,-,-,-
1710653,Entregas Finalizadas Manaus,6,-,-,2025-05-10 13:33:01,10/05/2025 13:33,-,-,-,-,-,-,-
1710645,Entregas Finalizadas Manaus,6,-,-,2025-05-10 16:10:13,10/05/2025 16:10,-,-,-,-,-,-,-
1710637,Entregas Finalizadas Manaus,6,-,-,2025-05-10 13:36:46,10/05/2025 13:36,-,-,-,-,-,-,-
1710636,Entregas Finalizadas Fora de Manaus,8,-,-,2025-05-10 20:00:27,10/05/2025 20:00,-,-,-,-,-,-,-
1710630,Logística - Despacho da Encomenda,2,-,00:00 Horas,2025-05-10 12:11:16,10/05/2025 12:11,-,10/05/2025 12:11,-,-,-,-,-
1710614,Entregas Finalizadas Fora de Manaus,8,-,-,2025-05-14 21:28:57,14/05/2025 21:28,-,-,-,-,-,-,-
1710557,Entregas Finalizadas Fora de Manaus,8,-,-,2025-05-12 13:15:37,12/05/2025 13:15,-,-,-,-,-,-,-
1710456,Entregas Finalizadas Manaus,6,-,-,2025-05-10 14:00:28,10/05/2025 14:00,-,-,-,-,-,-,-
1710430,Entregas Finalizadas Manaus,6,-,-,2025-05-10 14:48:50,10/05/2025 14:48,-,-,-,-,-,-,-
1710414,Entregas Finalizadas Manaus,6,-,-,2025-05-10 17:06:57,10/05/2025 17:06,-,-,-,-,-,-,-
1710406,Entregas Finalizadas Manaus,6,-,-,2025-05-10 15:32:19,10/05/2025 15:32,-,-,-,-,-,-,-
1710403,Vendedor - Nova Encomenda,1,-,-,2025-05-09 19:07:09,09/05/2025 19:07,-,-,-,-,-,-,-
1710401,Vendedor - Nova Encomenda,1,-,-,2025-05-09 19:07:06,09/05/2025 19:07,-,-,-,-,-,-,-
1710398,Entregas Finalizadas Fora de Manaus,8,-,-,2025-05-10 20:12:03,10/05/2025 20:12,-,-,-,-,-,-,-
1710388,Entregas Finalizadas Fora de Manaus,8,-,-,2025-05-10 13:56:14,10/05/2025 13:56,-,-,-,-,-,-,-
1710385,Vendedor - Nova Encomenda,1,-,-,2025-05-09 18:55:01,09/05/2025 18:55,-,-,-,-,-,-,-
1710376,Entregas Finalizadas Manaus,6,-,-,2025-05-10 10:05:39,10/05/2025 10:05,-,-,-,-,-,-,-
1710367,Vendedor - Nova Encomenda,1,-,-,2025-05-09 18:35:50,09/05/2025 18:35,-,-,-,-,-,-,-
1710363,Vendedor - Nova Encomenda,1,-,-,2025-05-09 18:32:24,09/05/2025 18:32,-,-,-,-,-,-,-
1710357,Entregas Finalizadas Fora de Manaus,8,-,-,2025-05-13 15:05:24,13/05/2025 15:05,-,-,-,-,-,-,-
1710355,Entregas Finalizadas Manaus,6,-,-,2025-05-09 19:55:04,09/05/2025 19:55,-,-,-,-,-,-,-
1710352,Entregas Finalizadas Fora de Manaus,8,-,-,2025-05-12 13:18:07,12/05/2025 13:18,-,-,-,-,-,-,-
1710333,Entregas Finalizadas Fora de Manaus,8,-,-,2025-05-09 19:28:25,09/05/2025 19:28,-,-,-,-,-,-,-
1710322,Entregas Finalizadas Manaus,6,-,-,2025-05-09 19:08:38,09/05/2025 19:08,-,-,-,-,-,-,-
1710310,Entregas Finalizadas Manaus,6,-,-,2025-05-10 10:16:27,10/05/2025 10:16,-,-,-,-,-,-,-
1710306,Vendedor - Nova Encomenda,1,-,-,2025-05-09 17:53:25,09/05/2025 17:53,-,-,-,-,-,-,-
1710303,Vendedor - Nova Encomenda,1,-,-,2025-05-09 17:47:15,09/05/2025 17:47,-,-,-,-,-,-,-
1710299,Entregas Finalizadas Fora de Manaus,8,-,-,2025-05-09 19:22:54,09/05/2025 19:22,-,-,-,-,-,-,-
1710297,Vendedor - Nova Encomenda,1,-,-,2025-05-09 17:43:53,09/05/2025 17:43,-,-,-,-,-,-,-
1710261,Vendedor - Nova Encomenda,1,-,-,2025-05-09 17:21:37,09/05/2025 17:21,-,-,-,-,-,-,-
1710253,Entregas Finalizadas Fora de Manaus,8,-,-,2025-05-09 18:07:18,09/05/2025 18:07,-,-,-,-,-,-,-
1710237,Vendedor - Nova Encomenda,1,-,-,2025-05-09 17:12:16,09/05/2025 17:12,-,-,-,-,-,-,-
1710207,Entregas Finalizadas Fora de Manaus,8,-,-,2025-05-09 17:46:22,09/05/2025 17:46,-,-,-,-,-,-,-
1710174,Entregas Finalizadas Fora de Manaus,8,-,-,2025-05-10 13:24:07,10/05/2025 13:24,-,-,-,-,-,-,-
1710134,Entregas Finalizadas Fora de Manaus,8,-,-,2025-05-09 21:35:47,09/05/2025 21:35,-,-,-,-,-,-,-
1710044,Entregas Finalizadas Fora de Manaus,8,-,-,2025-05-09 21:04:36,09/05/2025 21:04,-,-,-,-,-,-,-
1710041,Entregas Finalizadas Manaus,6,-,-,2025-05-09 17:42:31,09/05/2025 17:42,-,-,-,-,-,-,-
1709985,Entregas Finalizadas Fora de Manaus,8,-,-,2025-05-09 21:12:25,09/05/2025 21:12,-,-,-,-,-,-,-
1709973,Entregas Finalizadas Manaus,6,-,-,2025-05-10 13:05:49,10/05/2025 13:05,-,-,-,-,-,-,-
1709964,Entregas Finalizadas Manaus,6,-,-,2025-05-09 19:54:21,09/05/2025 19:54,-,-,-,-,-,-,-
1709934,Entregas Finalizadas Manaus,6,-,-,2025-05-09 15:37:20,09/05/2025 15:37,-,-,-,-,-,-,-
1709927,Logística - Despacho da Encomenda,2,-,00:00 Horas,2025-05-09 16:31:37,09/05/2025 16:31,-,09/05/2025 16:31,-,-,-,-,-
1709915,Entregas Finalizadas Manaus,6,-,-,2025-05-09 17:19:02,09/05/2025 17:19,-,-,-,-,-,-,-
1709912,Entregas Finalizadas Fora de Manaus,8,-,-,2025-05-09 17:27:58,09/05/2025 17:27,-,-,-,-,-,-,-
1709860,Entregas Finalizadas Fora de Manaus,8,-,-,2025-05-10 20:02:57,10/05/2025 20:02,-,-,-,-,-,-,-
1709852,Entregas Finalizadas Fora de Manaus,8,-,-,2025-05-13 23:13:07,13/05/2025 23:13,-,-,-,-,-,-,-
1709848,Entregas Finalizadas Fora de Manaus,8,-,-,2025-05-09 17:29:08,09/05/2025 17:29,-,-,-,-,-,-,-
1709836,Entregas Finalizadas Manaus,6,-,-,2025-05-09 19:21:40,09/05/2025 19:21,-,-,-,-,-,-,-
1709829,Canceladas,X,lojamanoa@rommanelmanaus.com.br,-,2025-05-09 14:39:39,09/05/2025 14:39,-,-,-,-,-,-,-
1709826,Entregas Finalizadas Manaus,6,-,-,2025-05-09 14:17:34,09/05/2025 14:17,-,-,-,-,-,-,-
1709801,Entregas Finalizadas Manaus,6,-,-,2025-05-09 17:47:31,09/05/2025 17:47,-,-,-,-,-,-,-
1709798,Entregas Finalizadas Manaus,6,-,-,2025-05-09 18:26:40,09/05/2025 18:26,-,-,-,-,-,-,-
1709782,Vendedor - Nova Encomenda,1,-,-,2025-05-09 13:25:23,09/05/2025 13:25,-,-,-,-,-,-,-
1709761,Entregas Finalizadas Fora de Manaus,8,-,-,2025-05-10 11:19:55,10/05/2025 11:19,-,-,-,-,-,-,-
1709754,Entregas Finalizadas Manaus,6,-,-,2025-05-10 12:06:34,10/05/2025 12:06,-,-,-,-,-,-,-
1709732,Entregas Finalizadas Manaus,6,-,-,2025-05-10 16:00:14,10/05/2025 16:00,-,-,-,-,-,-,-
1709707,Entregas Finalizadas Manaus,6,-,-,2025-05-09 19:02:44,09/05/2025 19:02,-,-,-,-,-,-,-
1709678,Entregas Finalizadas Manaus,6,-,-,2025-05-09 19:45:58,09/05/2025 19:45,-,-,-,-,-,-,-
1709669,Entregas Finalizadas Fora de Manaus,8,-,-,2025-05-09 21:07:05,09/05/2025 21:07,-,-,-,-,-,-,-
1709559,Vendedor - Nova Encomenda,1,-,-,2025-05-09 11:48:06,09/05/2025 11:48,-,-,-,-,-,-,-
1709547,Entregas Finalizadas Fora de Manaus,8,-,-,2025-06-13 21:34:13,13/06/2025 21:34,-,-,-,-,-,-,-
1709524,Entregas Finalizadas Fora de Manaus,8,-,-,2025-05-09 21:33:32,09/05/2025 21:33,-,-,-,-,-,-,-
1709519,Entregas Finalizadas Fora de Manaus,8,-,-,2025-05-09 20:57:28,09/05/2025 20:57,-,-,-,-,-,-,-
1709508,Entregas Finalizadas Fora de Manaus,8,-,-,2025-05-09 17:30:21,09/05/2025 17:30,-,-,-,-,-,-,-
1709504,Vendedor - Nova Encomenda,1,-,-,2025-05-09 11:25:48,09/05/2025 11:25,-,-,-,-,-,-,-
1709499,Entregas Finalizadas Fora de Manaus,8,-,-,2025-05-09 12:36:24,09/05/2025 12:36,-,-,-,-,-,-,-
1709458,Entregas Finalizadas Fora de Manaus,8,-,-,2025-05-09 16:58:18,09/05/2025 16:58,-,-,-,-,-,-,-
1709431,Entregas Finalizadas Fora de Manaus,8,-,-,2025-05-09 12:59:31,09/05/2025 12:59,-,-,-,-,-,-,-
1709427,Vendedor - Nova Encomenda,1,-,-,2025-05-09 10:41:11,09/05/2025 10:41,-,-,-,-,-,-,-
1709420,Entregas Finalizadas Manaus,6,-,-,2025-05-09 17:09:41,09/05/2025 17:09,-,-,-,-,-,-,-
1709414,Entregas Finalizadas Manaus,6,-,-,2025-05-09 17:39:26,09/05/2025 17:39,-,-,-,-,-,-,-
1709408,Entregas Finalizadas Fora de Manaus,8,-,-,2025-05-09 21:41:04,09/05/2025 21:41,-,-,-,-,-,-,-
1709397,Vendedor - Nova Encomenda,1,-,-,2025-05-09 10:28:40,09/05/2025 10:28,-,-,-,-,-,-,-
1709394,Entregas Finalizadas Fora de Manaus,8,-,-,2025-05-09 14:59:08,09/05/2025 14:59,-,-,-,-,-,-,-
1709384,Entregas Finalizadas Fora de Manaus,8,-,-,2025-05-10 20:18:22,10/05/2025 20:18,-,-,-,-,-,-,-
1709374,Entregas Finalizadas Fora de Manaus,8,-,-,2025-05-09 21:39:32,09/05/2025 21:39,-,-,-,-,-,-,-
1709369,Entregas Finalizadas Fora de Manaus,8,-,-,2025-05-09 21:00:19,09/05/2025 21:00,-,-,-,-,-,-,-
1709359,Entregas Finalizadas Manaus,6,-,-,2025-05-09 15:35:07,09/05/2025 15:35,-,-,-,-,-,-,-
1709350,Entregas Finalizadas Fora de Manaus,8,-,-,2025-05-09 11:28:51,09/05/2025 11:28,-,-,-,-,-,-,-
1709348,Entregas Finalizadas Fora de Manaus,8,-,-,2025-05-09 21:14:30,09/05/2025 21:14,-,-,-,-,-,-,-
1709326,Entregas Finalizadas Fora de Manaus,8,-,-,2025-05-09 21:10:47,09/05/2025 21:10,-,-,-,-,-,-,-
1709322,Entregas Finalizadas Fora de Manaus,8,-,-,2025-05-09 13:04:55,09/05/2025 13:04,-,-,-,-,-,-,-
1709320,Entregas Finalizadas Fora de Manaus,8,-,-,2025-05-09 21:22:15,09/05/2025 21:22,-,-,-,-,-,-,-
1709317,Entregas Finalizadas Fora de Manaus,8,-,-,2025-05-09 20:55:41,09/05/2025 20:55,-,-,-,-,-,-,-
1709311,Entregas Finalizadas Fora de Manaus,8,-,-,2025-05-09 15:28:38,09/05/2025 15:28,-,-,-,-,-,-,-
1709306,Entregas Finalizadas Fora de Manaus,8,-,-,2025-05-09 21:19:11,09/05/2025 21:19,-,-,-,-,-,-,-
1709294,Entregas Finalizadas Manaus,6,-,-,2025-05-09 18:08:56,09/05/2025 18:08,-,-,-,-,-,-,-
1709290,Entregas Finalizadas Manaus,6,-,-,2025-05-09 18:30:18,09/05/2025 18:30,-,-,-,-,-,-,-
1709279,Entregas Finalizadas Fora de Manaus,8,-,-,2025-05-09 17:28:13,09/05/2025 17:28,-,-,-,-,-,-,-
1709266,Entregas Finalizadas Fora de Manaus,8,-,-,2025-05-09 11:33:11,09/05/2025 11:33,-,-,-,-,-,-,-
1709262,Entregas Finalizadas Fora de Manaus,8,-,-,2025-05-09 21:31:33,09/05/2025 21:31,-,-,-,-,-,-,-
1709238,Entregas Finalizadas Fora de Manaus,8,-,-,2025-05-09 21:24:26,09/05/2025 21:24,-,-,-,-,-,-,-
1709047,Vendedor - Nova Encomenda,1,-,-,2025-05-08 19:42:28,08/05/2025 19:42,-,-,-,-,-,-,-
1709008,Entregas Finalizadas Fora de Manaus,8,-,-,2025-05-09 08:48:16,09/05/2025 08:48,-,-,-,-,-,-,-
1709006,Vendedor - Nova Encomenda,1,-,-,2025-05-08 19:08:19,08/05/2025 19:08,-,-,-,-,-,-,-
1708987,Entregas Finalizadas Fora de Manaus,8,-,-,2025-05-09 08:45:20,09/05/2025 08:45,-,-,-,-,-,-,-
1708971,Entregas Finalizadas Fora de Manaus,8,-,-,2025-05-13 23:22:53,13/05/2025 23:22,-,-,-,-,-,-,-
1708968,Entregas Finalizadas Fora de Manaus,8,-,-,2025-05-09 12:54:22,09/05/2025 12:54,-,-,-,-,-,-,-
1708963,Entregas Finalizadas Fora de Manaus,8,-,-,2025-05-09 16:32:48,09/05/2025 16:32,-,-,-,-,-,-,-
1708961,Entregas Finalizadas Fora de Manaus,8,-,-,2025-05-09 15:40:32,09/05/2025 15:40,-,-,-,-,-,-,-
1708956,Entregas Finalizadas Fora de Manaus,8,-,-,2025-05-09 12:51:53,09/05/2025 12:51,-,-,-,-,-,-,-
1708946,Entregas Finalizadas Fora de Manaus,8,-,-,2025-05-10 20:13:26,10/05/2025 20:13,-,-,-,-,-,-,-
1708942,Entregas Finalizadas Manaus,6,-,-,2025-05-09 18:20:15,09/05/2025 18:20,-,-,-,-,-,-,-
1708926,Entregas Finalizadas Fora de Manaus,8,-,-,2025-05-09 15:36:12,09/05/2025 15:36,-,-,-,-,-,-,-
1708901,Entregas Finalizadas Fora de Manaus,8,-,-,2025-05-09 21:08:23,09/05/2025 21:08,-,-,-,-,-,-,-
1708891,Entregas Finalizadas Fora de Manaus,8,-,-,2025-05-08 17:57:20,08/05/2025 17:57,-,-,-,-,-,-,-
1708887,Vendedor - Nova Encomenda,1,-,-,2025-05-08 17:28:02,08/05/2025 17:28,-,-,-,-,-,-,-
1708778,Entregas Finalizadas Fora de Manaus,8,-,-,2025-05-10 17:33:20,10/05/2025 17:33,-,-,-,-,-,-,-
1708762,Entregas Finalizadas Fora de Manaus,8,-,-,2025-05-12 20:53:28,12/05/2025 20:53,-,-,-,-,-,-,-
1708733,Entregas Finalizadas Fora de Manaus,8,-,-,2025-05-08 22:55:24,08/05/2025 22:55,-,-,-,-,-,-,-
1708721,Entregas Finalizadas Manaus,6,-,-,2025-05-08 17:04:39,08/05/2025 17:04,-,-,-,-,-,-,-
1708704,Entregas Finalizadas Manaus,6,-,-,2025-05-08 20:10:11,08/05/2025 20:10,-,-,-,-,-,-,-
1708624,Entregas Finalizadas Fora de Manaus,8,-,-,2025-05-08 22:36:54,08/05/2025 22:36,-,-,-,-,-,-,-
1708621,Vendedor - Nova Encomenda,1,-,-,2025-05-08 15:32:07,08/05/2025 15:32,-,-,-,-,-,-,-
1708615,Entregas Finalizadas Manaus,6,-,-,2025-05-09 18:40:34,09/05/2025 18:40,-,-,-,-,-,-,-
1708608,Entregas Finalizadas Manaus,6,-,-,2025-05-19 17:51:39,19/05/2025 17:51,-,-,-,-,-,-,-
1708588,Entregas Finalizadas Manaus,6,-,-,2025-05-09 17:55:55,09/05/2025 17:55,-,-,-,-,-,-,-
1708584,Entregas Finalizadas Manaus,6,-,-,2025-05-08 16:49:08,08/05/2025 16:49,-,-,-,-,-,-,-
1708579,Entregas Finalizadas Fora de Manaus,8,-,-,2025-05-09 15:30:30,09/05/2025 15:30,-,-,-,-,-,-,-
1708563,Entregas Finalizadas Fora de Manaus,8,-,-,2025-05-09 21:26:53,09/05/2025 21:26,-,-,-,-,-,-,-
1708552,Entregas Finalizadas Fora de Manaus,8,-,-,2025-05-08 16:03:22,08/05/2025 16:03,-,-,-,-,-,-,-
1708545,Entregas Finalizadas Manaus,6,-,-,2025-05-08 17:20:28,08/05/2025 17:20,-,-,-,-,-,-,-
1708531,Entregas Finalizadas Manaus,6,-,-,2025-05-19 17:46:05,19/05/2025 17:46,-,-,-,-,-,-,-
1708528,Entregas Finalizadas Fora de Manaus,8,-,-,2025-05-08 17:29:05,08/05/2025 17:29,-,-,-,-,-,-,-
1708522,Entregas Finalizadas Fora de Manaus,8,-,-,2025-05-09 15:21:46,09/05/2025 15:21,-,-,-,-,-,-,-
1708504,Entregas Finalizadas Fora de Manaus,8,-,-,2025-05-09 21:42:29,09/05/2025 21:42,-,-,-,-,-,-,-
1708501,Entregas Finalizadas Fora de Manaus,8,-,-,2025-05-08 23:19:13,08/05/2025 23:19,-,-,-,-,-,-,-
1708481,Vendedor - Nova Encomenda,1,-,-,2025-05-08 14:34:20,08/05/2025 14:34,-,-,-,-,-,-,-
1708430,Entregas Finalizadas Manaus,6,-,-,2025-05-10 15:44:25,10/05/2025 15:44,-,-,-,-,-,-,-
1708417,Entregas Finalizadas Fora de Manaus,8,-,-,2025-05-08 23:05:36,08/05/2025 23:05,-,-,-,-,-,-,-
1708345,Entregas Finalizadas Manaus,6,-,-,2025-05-08 20:06:29,08/05/2025 20:06,-,-,-,-,-,-,-
1708303,Entregas Finalizadas Manaus,6,-,-,2025-05-08 17:43:53,08/05/2025 17:43,-,-,-,-,-,-,-
1708300,Entregas Finalizadas Fora de Manaus,8,-,-,2025-05-08 18:33:50,08/05/2025 18:33,-,-,-,-,-,-,-
1708295,Entregas Finalizadas Manaus,6,-,-,2025-05-08 18:02:19,08/05/2025 18:02,-,-,-,-,-,-,-
1708293,Entregas Finalizadas Fora de Manaus,8,-,-,2025-05-09 13:30:54,09/05/2025 13:30,-,-,-,-,-,-,-
1708249,Entregas Finalizadas Fora de Manaus,8,-,-,2025-05-09 21:37:42,09/05/2025 21:37,-,-,-,-,-,-,-
1708247,Entregas Finalizadas Fora de Manaus,8,-,-,2025-05-08 23:14:13,08/05/2025 23:14,-,-,-,-,-,-,-
1708067,Entregas Finalizadas Fora de Manaus,8,-,-,2025-05-09 21:59:10,09/05/2025 21:59,-,-,-,-,-,-,-
1708058,Entregas Finalizadas Fora de Manaus,8,-,-,2025-05-09 00:02:09,09/05/2025 00:02,-,-,-,-,-,-,-
1708030,Entregas Finalizadas Manaus,6,-,-,2025-05-08 17:40:53,08/05/2025 17:40,-,-,-,-,-,-,-
1708027,Entregas Finalizadas Fora de Manaus,8,-,-,2025-05-09 00:14:24,09/05/2025 00:14,-,-,-,-,-,-,-
1708022,Entregas Finalizadas Manaus,6,-,-,2025-05-19 17:43:13,19/05/2025 17:43,-,-,-,-,-,-,-
1707967,Entregas Finalizadas Fora de Manaus,8,-,-,2025-05-08 22:43:21,08/05/2025 22:43,-,-,-,-,-,-,-
1707962,Entregas Finalizadas Fora de Manaus,8,-,-,2025-05-08 22:30:26,08/05/2025 22:30,-,-,-,-,-,-,-
1707955,Vendedor - Nova Encomenda,1,-,-,2025-05-08 10:30:57,08/05/2025 10:30,-,-,-,-,-,-,-
1707953,Entregas Finalizadas Fora de Manaus,8,-,-,2025-05-08 23:50:57,08/05/2025 23:50,-,-,-,-,-,-,-
1707906,Logística - Despacho da Encomenda,2,-,00:00 Horas,2025-05-08 12:00:32,08/05/2025 12:00,-,08/05/2025 12:00,-,-,-,-,-
1707876,Entregas Finalizadas Fora de Manaus,8,-,-,2025-05-08 23:54:31,08/05/2025 23:54,-,-,-,-,-,-,-
1707870,Entregas Finalizadas Fora de Manaus,8,-,-,2025-05-08 10:54:46,08/05/2025 10:54,-,-,-,-,-,-,-
1707867,Entregas Finalizadas Fora de Manaus,8,-,-,2025-05-09 00:06:31,09/05/2025 00:06,-,-,-,-,-,-,-
1707846,Entregas Finalizadas Fora de Manaus,8,-,-,2025-05-10 17:05:26,10/05/2025 17:05,-,-,-,-,-,-,-
1707836,Vendedor - Nova Encomenda,1,-,-,2025-05-08 09:35:54,08/05/2025 09:35,-,-,-,-,-,-,-
1707824,Entregas Finalizadas Fora de Manaus,8,-,-,2025-05-09 21:17:36,09/05/2025 21:17,-,-,-,-,-,-,-
1707797,Vendedor - Nova Encomenda,1,-,-,2025-05-08 09:13:27,08/05/2025 09:13,-,-,-,-,-,-,-
1707776,Entregas Finalizadas Manaus,6,-,-,2025-05-10 09:36:40,10/05/2025 09:36,-,-,-,-,-,-,-
1707771,Vendedor - Nova Encomenda,1,-,-,2025-05-08 09:10:43,08/05/2025 09:10,-,-,-,-,-,-,-
1707629,Vendedor - Nova Encomenda,1,-,-,2025-05-07 20:50:52,07/05/2025 20:50,-,-,-,-,-,-,-
1707571,Entregas Finalizadas Fora de Manaus,8,-,-,2025-05-08 22:52:26,08/05/2025 22:52,-,-,-,-,-,-,-
1707554,Entregas Finalizadas Fora de Manaus,8,-,-,2025-05-08 23:32:54,08/05/2025 23:32,-,-,-,-,-,-,-
1707535,Entregas Finalizadas Fora de Manaus,8,-,-,2025-05-08 14:24:58,08/05/2025 14:24,-,-,-,-,-,-,-
1707520,Entregas Finalizadas Fora de Manaus,8,-,-,2025-05-08 23:07:57,08/05/2025 23:07,-,-,-,-,-,-,-
1707482,Entregas Finalizadas Fora de Manaus,8,-,-,2025-05-08 22:34:20,08/05/2025 22:34,-,-,-,-,-,-,-
1707476,Logística - Despacho da Encomenda,2,-,00:00 Horas,2025-05-08 11:47:33,08/05/2025 11:47,-,08/05/2025 11:47,-,-,-,-,-
1707462,Entregas Finalizadas Manaus,6,-,-,2025-05-07 20:29:15,07/05/2025 20:29,-,-,-,-,-,-,-
1707458,Entregas Finalizadas Fora de Manaus,8,-,-,2025-05-08 23:45:58,08/05/2025 23:45,-,-,-,-,-,-,-
1707438,Entregas Finalizadas Manaus,6,-,-,2025-05-08 15:17:50,08/05/2025 15:17,-,-,-,-,-,-,-
1707426,Vendedor - Nova Encomenda,1,-,-,2025-05-07 17:00:21,07/05/2025 17:00,-,-,-,-,-,-,-
1707030,Entregas Finalizadas Fora de Manaus,8,-,-,2025-05-07 17:06:35,07/05/2025 17:06,-,-,-,-,-,-,-
1707019,Vendedor - Nova Encomenda,1,-,-,2025-05-07 16:01:13,07/05/2025 16:01,-,-,-,-,-,-,-
1706949,Entregas Finalizadas Fora de Manaus,8,-,-,2025-05-07 16:55:53,07/05/2025 16:55,-,-,-,-,-,-,-
1706846,Entregas Finalizadas Fora de Manaus,8,-,-,2025-05-07 23:08:58,07/05/2025 23:08,-,-,-,-,-,-,-
1706826,Vendedor - Nova Encomenda,1,-,-,2025-05-07 15:25:21,07/05/2025 15:25,-,-,-,-,-,-,-
1706824,Entregas Finalizadas Manaus,6,-,-,2025-05-07 16:52:26,07/05/2025 16:52,-,-,-,-,-,-,-
1706784,Entregas Finalizadas Manaus,6,-,-,2025-05-07 18:03:20,07/05/2025 18:03,-,-,-,-,-,-,-
1706765,Entregas Finalizadas Manaus,6,-,-,2025-05-07 22:13:58,07/05/2025 22:13,-,-,-,-,-,-,-
1706640,Vendedor - Nova Encomenda,1,-,-,2025-05-07 15:10:04,07/05/2025 15:10,-,-,-,-,-,-,-
1706538,Entregas Finalizadas Fora de Manaus,8,-,-,2025-05-09 10:42:16,09/05/2025 10:42,-,-,-,-,-,-,-
1706473,Entregas Finalizadas Fora de Manaus,8,-,-,2025-05-07 16:40:03,07/05/2025 16:40,-,-,-,-,-,-,-
1706467,Vendedor - Nova Encomenda,1,-,-,2025-05-07 14:10:04,07/05/2025 14:10,-,-,-,-,-,-,-
1706452,Entregas Finalizadas Fora de Manaus,8,-,-,2025-05-07 22:20:36,07/05/2025 22:20,-,-,-,-,-,-,-
1706427,Entregas Finalizadas Fora de Manaus,8,-,-,2025-05-08 22:33:02,08/05/2025 22:33,-,-,-,-,-,-,-
1706412,Entregas Finalizadas Fora de Manaus,8,-,-,2025-05-07 22:58:26,07/05/2025 22:58,-,-,-,-,-,-,-
1706393,Entregas Finalizadas Fora de Manaus,8,-,-,2025-05-08 14:47:11,08/05/2025 14:47,-,-,-,-,-,-,-
1706379,Entregas Finalizadas Fora de Manaus,8,-,-,2025-05-07 16:41:06,07/05/2025 16:41,-,-,-,-,-,-,-
1706250,Entregas Finalizadas Fora de Manaus,8,-,-,2025-05-07 16:43:20,07/05/2025 16:43,-,-,-,-,-,-,-
1705921,Entregas Finalizadas Fora de Manaus,8,-,-,2025-05-07 15:46:52,07/05/2025 15:46,-,-,-,-,-,-,-
1705770,Entregas Finalizadas Fora de Manaus,8,-,-,2025-05-07 13:01:32,07/05/2025 13:01,-,-,-,-,-,-,-
1705759,Entregas Finalizadas Manaus,6,-,-,2025-05-07 17:42:15,07/05/2025 17:42,-,-,-,-,-,-,-
1705744,Entregas Finalizadas Fora de Manaus,8,-,-,2025-05-07 16:36:48,07/05/2025 16:36,-,-,-,-,-,-,-
1705722,Entregas Finalizadas Fora de Manaus,8,-,-,2025-05-07 16:42:12,07/05/2025 16:42,-,-,-,-,-,-,-
1705634,Entregas Finalizadas Fora de Manaus,8,-,-,2025-05-07 17:26:37,07/05/2025 17:26,-,-,-,-,-,-,-
1705444,Entregas Finalizadas Manaus,6,-,-,2025-05-07 18:03:39,07/05/2025 18:03,-,-,-,-,-,-,-
1705438,Vendedor - Nova Encomenda,1,-,-,2025-05-07 11:18:31,07/05/2025 11:18,-,-,-,-,-,-,-
1705421,Entregas Finalizadas Fora de Manaus,8,-,-,2025-05-07 14:16:22,07/05/2025 14:16,-,-,-,-,-,-,-
1705368,Entregas Finalizadas Fora de Manaus,8,-,-,2025-05-07 12:55:51,07/05/2025 12:55,-,-,-,-,-,-,-
1705366,Entregas Finalizadas Fora de Manaus,8,-,-,2025-05-09 00:12:00,09/05/2025 00:12,-,-,-,-,-,-,-
1705363,Entregas Finalizadas Manaus,6,-,-,2025-05-07 17:21:13,07/05/2025 17:21,-,-,-,-,-,-,-
1705357,Entregas Finalizadas Manaus,6,-,-,2025-05-19 17:40:04,19/05/2025 17:40,-,-,-,-,-,-,-
1705354,Entregas Finalizadas Fora de Manaus,8,-,-,2025-05-08 22:41:18,08/05/2025 22:41,-,-,-,-,-,-,-
1705350,Entregas Finalizadas Manaus,6,-,-,2025-05-19 17:38:13,19/05/2025 17:38,-,-,-,-,-,-,-
1705274,Entregas Finalizadas Fora de Manaus,8,-,-,2025-05-07 14:05:56,07/05/2025 14:05,-,-,-,-,-,-,-
1705169,Entregas Finalizadas Fora de Manaus,8,-,-,2025-05-07 14:09:41,07/05/2025 14:09,-,-,-,-,-,-,-
1705152,Entregas Finalizadas Fora de Manaus,8,-,-,2025-05-07 22:18:22,07/05/2025 22:18,-,-,-,-,-,-,-
1705031,Entregas Finalizadas Fora de Manaus,8,-,-,2025-05-07 14:10:59,07/05/2025 14:10,-,-,-,-,-,-,-
1704930,Entregas Finalizadas Fora de Manaus,8,-,-,2025-05-07 13:37:51,07/05/2025 13:37,-,-,-,-,-,-,-
1704865,Entregas Finalizadas Fora de Manaus,8,-,-,2025-05-07 23:15:29,07/05/2025 23:15,-,-,-,-,-,-,-
1704836,Vendedor - Nova Encomenda,1,-,-,2025-05-07 10:11:45,07/05/2025 10:11,-,-,-,-,-,-,-
1704816,Entregas Finalizadas Fora de Manaus,8,-,-,2025-05-09 14:24:23,09/05/2025 14:24,-,-,-,-,-,-,-
1704739,Entregas Finalizadas Fora de Manaus,8,-,-,2025-05-07 14:07:18,07/05/2025 14:07,-,-,-,-,-,-,-
1704731,Entregas Finalizadas Fora de Manaus,8,-,-,2025-05-08 12:09:40,08/05/2025 12:09,-,-,-,-,-,-,-
1704725,Entregas Finalizadas Manaus,6,-,-,2025-05-07 14:22:02,07/05/2025 14:22,-,-,-,-,-,-,-
1704715,Entregas Finalizadas Manaus,6,-,-,2025-05-07 15:30:10,07/05/2025 15:30,-,-,-,-,-,-,-
1704710,Entregas Finalizadas Fora de Manaus,8,-,-,2025-05-09 14:27:50,09/05/2025 14:27,-,-,-,-,-,-,-
1704551,Entregas Finalizadas Fora de Manaus,8,-,-,2025-05-09 00:09:33,09/05/2025 00:09,-,-,-,-,-,-,-
1704424,Entregas Finalizadas Fora de Manaus,8,-,-,2025-05-07 23:10:49,07/05/2025 23:10,-,-,-,-,-,-,-
1704306,Entregas Finalizadas Fora de Manaus,8,-,-,2025-05-07 14:04:28,07/05/2025 14:04,-,-,-,-,-,-,-
1704267,Entregas Finalizadas Fora de Manaus,8,-,-,2025-05-07 22:10:31,07/05/2025 22:10,-,-,-,-,-,-,-
1704210,Entregas Finalizadas Fora de Manaus,8,-,-,2025-05-07 23:18:15,07/05/2025 23:18,-,-,-,-,-,-,-
1704099,Entregas Finalizadas Fora de Manaus,8,-,-,2025-05-07 22:25:24,07/05/2025 22:25,-,-,-,-,-,-,-
1703968,Entregas Finalizadas Fora de Manaus,8,-,-,2025-05-07 22:22:35,07/05/2025 22:22,-,-,-,-,-,-,-
1703947,Entregas Finalizadas Fora de Manaus,8,-,-,2025-05-07 23:21:01,07/05/2025 23:21,-,-,-,-,-,-,-
1703945,Entregas Finalizadas Manaus,6,-,-,2025-05-07 16:42:20,07/05/2025 16:42,-,-,-,-,-,-,-
1703939,Entregas Finalizadas Fora de Manaus,8,-,-,2025-05-07 12:54:47,07/05/2025 12:54,-,-,-,-,-,-,-
1703890,Entregas Finalizadas Fora de Manaus,8,-,-,2025-05-06 19:32:18,06/05/2025 19:32,-,-,-,-,-,-,-
1703790,Entregas Finalizadas Fora de Manaus,8,-,-,2025-05-08 22:47:12,08/05/2025 22:47,-,-,-,-,-,-,-
1703785,Vendedor - Nova Encomenda,1,-,-,2025-05-06 16:21:17,06/05/2025 16:21,-,-,-,-,-,-,-
1703777,Vendedor - Nova Encomenda,1,-,-,2025-05-06 16:19:26,06/05/2025 16:19,-,-,-,-,-,-,-
1703747,Entregas Finalizadas Fora de Manaus,8,-,-,2025-05-07 13:39:36,07/05/2025 13:39,-,-,-,-,-,-,-
1703693,Entregas Finalizadas Fora de Manaus,8,-,-,2025-05-06 22:28:27,06/05/2025 22:28,-,-,-,-,-,-,-
1703682,Entregas Finalizadas Manaus,6,-,-,2025-05-06 19:00:20,06/05/2025 19:00,-,-,-,-,-,-,-
1703649,Entregas Finalizadas Fora de Manaus,8,-,-,2025-05-06 18:09:18,06/05/2025 18:09,-,-,-,-,-,-,-
1703640,Entregas Finalizadas Fora de Manaus,8,-,-,2025-05-06 18:26:59,06/05/2025 18:26,-,-,-,-,-,-,-
1703603,Entregas Finalizadas Fora de Manaus,8,-,-,2025-05-06 22:54:35,06/05/2025 22:54,-,-,-,-,-,-,-
1703577,Entregas Finalizadas Fora de Manaus,8,-,-,2025-05-06 17:23:02,06/05/2025 17:23,-,-,-,-,-,-,-
1703565,Entregas Finalizadas Manaus,6,-,-,2025-05-06 18:28:05,06/05/2025 18:28,-,-,-,-,-,-,-
1703560,Entregas Finalizadas Fora de Manaus,8,-,-,2025-05-06 17:19:13,06/05/2025 17:19,-,-,-,-,-,-,-
1703558,Entregas Finalizadas Manaus,6,-,-,2025-05-06 20:36:18,06/05/2025 20:36,-,-,-,-,-,-,-
1703549,Entregas Finalizadas Manaus,6,-,-,2025-05-06 18:23:51,06/05/2025 18:23,-,-,-,-,-,-,-
1703493,Entregas Finalizadas Fora de Manaus,8,-,-,2025-05-06 17:21:37,06/05/2025 17:21,-,-,-,-,-,-,-
1703464,Entregas Finalizadas Manaus,6,-,-,2025-05-06 19:21:35,06/05/2025 19:21,-,-,-,-,-,-,-
1703449,Entregas Finalizadas Fora de Manaus,8,-,-,2025-05-06 17:59:52,06/05/2025 17:59,-,-,-,-,-,-,-
1703411,Entregas Finalizadas Fora de Manaus,8,-,-,2025-05-07 14:20:08,07/05/2025 14:20,-,-,-,-,-,-,-
1703407,Entregas Finalizadas Manaus,6,-,-,2025-05-06 15:19:10,06/05/2025 15:19,-,-,-,-,-,-,-
1703391,Entregas Finalizadas Fora de Manaus,8,-,-,2025-05-06 21:34:52,06/05/2025 21:34,-,-,-,-,-,-,-
1703354,Entregas Finalizadas Fora de Manaus,8,-,-,2025-05-07 22:03:17,07/05/2025 22:03,-,-,-,-,-,-,-
1703347,Entregas Finalizadas Fora de Manaus,8,-,-,2025-05-06 22:58:14,06/05/2025 22:58,-,-,-,-,-,-,-
1703340,Entregas Finalizadas Fora de Manaus,8,-,-,2025-05-06 22:17:55,06/05/2025 22:17,-,-,-,-,-,-,-
1703331,Logística - Despacho da Encomenda,2,-,00:00 Horas,2025-05-07 12:00:56,07/05/2025 12:00,-,07/05/2025 12:00,-,-,-,-,-
1703323,Entregas Finalizadas Manaus,6,-,-,2025-05-06 20:13:28,06/05/2025 20:13,-,-,-,-,-,-,-
1703277,Entregas Finalizadas Fora de Manaus,8,-,-,2025-05-06 21:51:49,06/05/2025 21:51,-,-,-,-,-,-,-
1703264,Entregas Finalizadas Fora de Manaus,8,-,-,2025-05-06 17:50:57,06/05/2025 17:50,-,-,-,-,-,-,-
1703236,Entregas Finalizadas Manaus,6,-,-,2025-05-06 21:35:18,06/05/2025 21:35,-,-,-,-,-,-,-
1703223,Entregas Finalizadas Fora de Manaus,8,-,-,2025-05-07 06:40:34,07/05/2025 06:40,-,-,-,-,-,-,-
1703196,Entregas Finalizadas Fora de Manaus,8,-,-,2025-05-06 18:02:38,06/05/2025 18:02,-,-,-,-,-,-,-
1703175,Entregas Finalizadas Manaus,6,-,-,2025-05-06 14:19:03,06/05/2025 14:19,-,-,-,-,-,-,-
1703167,Entregas Finalizadas Fora de Manaus,8,-,-,2025-05-06 22:08:06,06/05/2025 22:08,-,-,-,-,-,-,-
1702748,Entregas Finalizadas Fora de Manaus,8,-,-,2025-05-06 22:24:44,06/05/2025 22:24,-,-,-,-,-,-,-
1702588,Entregas Finalizadas Manaus,6,-,-,2025-05-19 17:28:04,19/05/2025 17:28,-,-,-,-,-,-,-
1702476,Entregas Finalizadas Manaus,6,-,-,2025-05-06 13:41:37,06/05/2025 13:41,-,-,-,-,-,-,-
1701760,Entregas Finalizadas Fora de Manaus,8,-,-,2025-05-09 15:34:38,09/05/2025 15:34,-,-,-,-,-,-,-
1701381,Entregas Finalizadas Fora de Manaus,8,-,-,2025-05-07 22:28:42,07/05/2025 22:28,-,-,-,-,-,-,-
1701346,Entregas Finalizadas Manaus,6,-,-,2025-05-06 19:52:47,06/05/2025 19:52,-,-,-,-,-,-,-
1701327,Entregas Finalizadas Fora de Manaus,8,-,-,2025-05-08 23:47:17,08/05/2025 23:47,-,-,-,-,-,-,-
1701326,Entregas Finalizadas Fora de Manaus,8,-,-,2025-05-07 06:45:49,07/05/2025 06:45,-,-,-,-,-,-,-
1701315,Entregas Finalizadas Fora de Manaus,8,-,-,2025-05-06 22:20:03,06/05/2025 22:20,-,-,-,-,-,-,-
1701313,Entregas Finalizadas Fora de Manaus,8,-,-,2025-05-06 22:04:44,06/05/2025 22:04,-,-,-,-,-,-,-
1701257,Entregas Finalizadas Fora de Manaus,8,-,-,2025-05-06 23:14:32,06/05/2025 23:14,-,-,-,-,-,-,-
1701088,Entregas Finalizadas Fora de Manaus,8,-,-,2025-05-10 20:59:51,10/05/2025 20:59,-,-,-,-,-,-,-
1701076,Entregas Finalizadas Fora de Manaus,8,-,-,2025-05-07 06:33:39,07/05/2025 06:33,-,-,-,-,-,-,-
1701071,Entregas Finalizadas Fora de Manaus,8,-,-,2025-05-07 22:00:49,07/05/2025 22:00,-,-,-,-,-,-,-
1701049,Entregas Finalizadas Fora de Manaus,8,-,-,2025-05-07 06:37:14,07/05/2025 06:37,-,-,-,-,-,-,-
1701009,Entregas Finalizadas Fora de Manaus,8,-,-,2025-05-07 10:13:16,07/05/2025 10:13,-,-,-,-,-,-,-
1701000,Entregas Finalizadas Fora de Manaus,8,-,-,2025-05-07 09:56:04,07/05/2025 09:56,-,-,-,-,-,-,-
1700993,Entregas Finalizadas Manaus,6,-,-,2025-05-07 11:18:05,07/05/2025 11:18,-,-,-,-,-,-,-
1700912,Entregas Finalizadas Fora de Manaus,8,-,-,2025-05-07 06:51:12,07/05/2025 06:51,-,-,-,-,-,-,-
1700893,Entregas Finalizadas Fora de Manaus,8,-,-,2025-05-07 09:52:13,07/05/2025 09:52,-,-,-,-,-,-,-
1700563,Entregas Finalizadas Fora de Manaus,8,-,-,2025-05-06 21:31:45,06/05/2025 21:31,-,-,-,-,-,-,-
1700559,Entregas Finalizadas Fora de Manaus,8,-,-,2025-05-05 22:44:37,05/05/2025 22:44,-,-,-,-,-,-,-
1700542,Entregas Finalizadas Fora de Manaus,8,-,-,2025-05-07 09:35:51,07/05/2025 09:35,-,-,-,-,-,-,-
1700519,Entregas Finalizadas Fora de Manaus,8,-,-,2025-05-06 17:09:42,06/05/2025 17:09,-,-,-,-,-,-,-
1700515,Entregas Finalizadas Manaus,6,-,-,2025-05-05 19:08:56,05/05/2025 19:08,-,-,-,-,-,-,-
1700509,Entregas Finalizadas Manaus,6,-,-,2025-05-05 20:21:10,05/05/2025 20:21,-,-,-,-,-,-,-
1700498,Vendedor - Nova Encomenda,1,-,-,2025-05-05 16:00:22,05/05/2025 16:00,-,-,-,-,-,-,-
1700480,Entregas Finalizadas Fora de Manaus,8,-,-,2025-05-05 23:10:58,05/05/2025 23:10,-,-,-,-,-,-,-
1700475,Entregas Finalizadas Fora de Manaus,8,-,-,2025-05-05 22:37:27,05/05/2025 22:37,-,-,-,-,-,-,-
1700457,Entregas Finalizadas Fora de Manaus,8,-,-,2025-05-05 17:23:38,05/05/2025 17:23,-,-,-,-,-,-,-
1700425,Entregas Finalizadas Fora de Manaus,8,-,-,2025-05-05 23:12:05,05/05/2025 23:12,-,-,-,-,-,-,-
1700410,Entregas Finalizadas Fora de Manaus,8,-,-,2025-05-06 17:37:38,06/05/2025 17:37,-,-,-,-,-,-,-
1700387,Entregas Finalizadas Fora de Manaus,8,-,-,2025-05-08 12:16:00,08/05/2025 12:16,-,-,-,-,-,-,-
1700377,Entregas Finalizadas Fora de Manaus,8,-,-,2025-05-06 17:05:23,06/05/2025 17:05,-,-,-,-,-,-,-
1700332,Entregas Finalizadas Fora de Manaus,8,-,-,2025-05-07 22:27:19,07/05/2025 22:27,-,-,-,-,-,-,-
1700314,Entregas Finalizadas Fora de Manaus,8,-,-,2025-05-06 17:02:36,06/05/2025 17:02,-,-,-,-,-,-,-
1700302,Entregas Finalizadas Fora de Manaus,8,-,-,2025-05-07 06:42:28,07/05/2025 06:42,-,-,-,-,-,-,-
1700285,Entregas Finalizadas Manaus,6,-,-,2025-05-19 17:24:36,19/05/2025 17:24,-,-,-,-,-,-,-
1700275,Vendedor - Nova Encomenda,1,-,-,2025-05-05 14:35:33,05/05/2025 14:35,-,-,-,-,-,-,-
1700265,Entregas Finalizadas Manaus,6,-,-,2025-05-05 19:27:32,05/05/2025 19:27,-,-,-,-,-,-,-
1700248,Entregas Finalizadas Manaus,6,-,-,2025-05-05 19:43:23,05/05/2025 19:43,-,-,-,-,-,-,-
1700221,Entregas Finalizadas Fora de Manaus,8,-,-,2025-05-06 16:17:47,06/05/2025 16:17,-,-,-,-,-,-,-
1700208,Entregas Finalizadas Fora de Manaus,8,-,-,2025-05-05 22:32:44,05/05/2025 22:32,-,-,-,-,-,-,-
1700199,Entregas Finalizadas Fora de Manaus,8,-,-,2025-05-14 10:09:41,14/05/2025 10:09,-,-,-,-,-,-,-
1700180,Entregas Finalizadas Fora de Manaus,8,-,-,2025-05-05 22:24:07,05/05/2025 22:24,-,-,-,-,-,-,-
1700163,Vendedor - Nova Encomenda,1,-,-,2025-05-05 13:40:43,05/05/2025 13:40,-,-,-,-,-,-,-
1700149,Entregas Finalizadas Fora de Manaus,8,-,-,2025-05-05 22:19:10,05/05/2025 22:19,-,-,-,-,-,-,-
1700147,Entregas Finalizadas Fora de Manaus,8,-,-,2025-05-05 23:03:04,05/05/2025 23:03,-,-,-,-,-,-,-
1700139,Entregas Finalizadas Manaus,6,-,-,2025-05-05 20:36:07,05/05/2025 20:36,-,-,-,-,-,-,-
1700132,Entregas Finalizadas Manaus,6,-,-,2025-05-05 20:18:12,05/05/2025 20:18,-,-,-,-,-,-,-
1700118,Entregas Finalizadas Manaus,6,-,-,2025-05-05 17:57:31,05/05/2025 17:57,-,-,-,-,-,-,-
1700114,Entregas Finalizadas Fora de Manaus,8,-,-,2025-05-05 22:52:24,05/05/2025 22:52,-,-,-,-,-,-,-
1700100,Entregas Finalizadas Fora de Manaus,8,-,-,2025-05-05 22:21:36,05/05/2025 22:21,-,-,-,-,-,-,-
1700093,Vendedor - Nova Encomenda,1,-,-,2025-05-05 13:11:58,05/05/2025 13:11,-,-,-,-,-,-,-
1700036,Entregas Finalizadas Manaus,6,-,-,2025-05-05 18:53:06,05/05/2025 18:53,-,-,-,-,-,-,-
1700034,Entregas Finalizadas Fora de Manaus,8,-,-,2025-05-07 06:47:03,07/05/2025 06:47,-,-,-,-,-,-,-
1700023,Entregas Finalizadas Manaus,6,-,-,2025-05-06 15:12:29,06/05/2025 15:12,-,-,-,-,-,-,-
1700015,Entregas Finalizadas Manaus,6,-,-,2025-05-05 18:49:38,05/05/2025 18:49,-,-,-,-,-,-,-
1700003,Entregas Finalizadas Manaus,6,-,-,2025-05-05 17:48:22,05/05/2025 17:48,-,-,-,-,-,-,-
1699971,Entregas Finalizadas Fora de Manaus,8,-,-,2025-05-05 22:31:14,05/05/2025 22:31,-,-,-,-,-,-,-
1699940,Entregas Finalizadas Fora de Manaus,8,-,-,2025-05-05 22:51:05,05/05/2025 22:51,-,-,-,-,-,-,-
1699923,Entregas Finalizadas Fora de Manaus,8,-,-,2025-05-07 06:39:18,07/05/2025 06:39,-,-,-,-,-,-,-
1699915,Entregas Finalizadas Fora de Manaus,8,-,-,2025-05-05 12:59:58,05/05/2025 12:59,-,-,-,-,-,-,-
1699886,Vendedor - Nova Encomenda,1,-,-,2025-05-05 11:29:33,05/05/2025 11:29,-,-,-,-,-,-,-
1699876,Entregas Finalizadas Fora de Manaus,8,-,-,2025-05-05 22:25:47,05/05/2025 22:25,-,-,-,-,-,-,-
1699869,Entregas Finalizadas Fora de Manaus,8,-,-,2025-05-07 06:48:43,07/05/2025 06:48,-,-,-,-,-,-,-
1699820,Entregas Finalizadas Fora de Manaus,8,-,-,2025-05-07 07:30:40,07/05/2025 07:30,-,-,-,-,-,-,-
1699812,Entregas Finalizadas Fora de Manaus,8,-,-,2025-05-09 10:44:43,09/05/2025 10:44,-,-,-,-,-,-,-
1699638,Entregas Finalizadas Fora de Manaus,8,-,-,2025-05-06 16:13:42,06/05/2025 16:13,-,-,-,-,-,-,-
1699615,Entregas Finalizadas Fora de Manaus,8,-,-,2025-05-06 17:18:45,06/05/2025 17:18,-,-,-,-,-,-,-
1698239,Vendedor - Nova Encomenda,1,-,-,2025-05-05 10:15:36,05/05/2025 10:15,-,-,-,-,-,-,-
1698142,Entregas Finalizadas Manaus,6,-,-,2025-05-05 13:39:47,05/05/2025 13:39,-,-,-,-,-,-,-
1698097,Vendedor - Nova Encomenda,1,-,-,2025-05-05 10:04:37,05/05/2025 10:04,-,-,-,-,-,-,-
1698072,Vendedor - Nova Encomenda,1,-,-,2025-05-05 10:02:49,05/05/2025 10:02,-,-,-,-,-,-,-
1698047,Entregas Finalizadas Fora de Manaus,8,-,-,2025-05-05 13:12:09,05/05/2025 13:12,-,-,-,-,-,-,-
1698039,Entregas Finalizadas Manaus,6,-,-,2025-05-19 22:28:55,19/05/2025 22:28,-,-,-,-,-,-,-
1698032,Entregas Finalizadas Fora de Manaus,8,-,-,2025-05-05 13:14:50,05/05/2025 13:14,-,-,-,-,-,-,-
1698015,Vendedor - Nova Encomenda,1,-,-,2025-05-05 09:55:56,05/05/2025 09:55,-,-,-,-,-,-,-
1697570,Entregas Finalizadas Fora de Manaus,8,-,-,2025-05-06 14:15:05,06/05/2025 14:15,-,-,-,-,-,-,-
1697439,Entregas Finalizadas Fora de Manaus,8,-,-,2025-05-05 17:20:59,05/05/2025 17:20,-,-,-,-,-,-,-
1697237,Vendedor - Nova Encomenda,1,-,-,2025-05-04 14:58:07,04/05/2025 14:58,-,-,-,-,-,-,-
1696971,Entregas Finalizadas Fora de Manaus,8,-,-,2025-05-05 23:13:34,05/05/2025 23:13,-,-,-,-,-,-,-
1696820,Entregas Finalizadas Fora de Manaus,8,-,-,2025-05-05 13:02:00,05/05/2025 13:02,-,-,-,-,-,-,-
1696815,Entregas Finalizadas Fora de Manaus,8,-,-,2025-05-05 22:39:46,05/05/2025 22:39,-,-,-,-,-,-,-
1696813,Entregas Finalizadas Fora de Manaus,8,-,-,2025-05-05 23:00:20,05/05/2025 23:00,-,-,-,-,-,-,-
1696809,Entregas Finalizadas Fora de Manaus,8,-,-,2025-05-05 13:39:27,05/05/2025 13:39,-,-,-,-,-,-,-
1696761,Vendedor - Nova Encomenda,1,-,-,2025-05-03 13:02:44,03/05/2025 13:02,-,-,-,-,-,-,-
1696673,Entregas Finalizadas Manaus,6,-,-,2025-05-03 14:11:28,03/05/2025 14:11,-,-,-,-,-,-,-
1696669,Entregas Finalizadas Manaus,6,-,-,2025-05-03 14:01:52,03/05/2025 14:01,-,-,-,-,-,-,-
1696665,Entregas Finalizadas Fora de Manaus,8,-,-,2025-05-03 13:28:54,03/05/2025 13:28,-,-,-,-,-,-,-
1696653,Entregas Finalizadas Fora de Manaus,8,-,-,2025-05-05 14:12:58,05/05/2025 14:12,-,-,-,-,-,-,-
1696650,Entregas Finalizadas Manaus,6,-,-,2025-05-03 15:30:21,03/05/2025 15:30,-,-,-,-,-,-,-
1696643,Entregas Finalizadas Fora de Manaus,8,-,-,2025-05-03 14:43:38,03/05/2025 14:43,-,-,-,-,-,-,-
1696640,Entregas Finalizadas Fora de Manaus,8,-,-,2025-05-05 23:06:39,05/05/2025 23:06,-,-,-,-,-,-,-
1696603,Entregas Finalizadas Fora de Manaus,8,-,-,2025-05-03 13:33:42,03/05/2025 13:33,-,-,-,-,-,-,-
1696599,Entregas Finalizadas Fora de Manaus,8,-,-,2025-05-03 13:31:36,03/05/2025 13:31,-,-,-,-,-,-,-
1696595,Entregas Finalizadas Fora de Manaus,8,-,-,2025-05-05 23:09:03,05/05/2025 23:09,-,-,-,-,-,-,-
1696338,Entregas Finalizadas Fora de Manaus,8,-,-,2025-05-03 13:22:50,03/05/2025 13:22,-,-,-,-,-,-,-
1696310,Entregas Finalizadas Manaus,6,-,-,2025-05-03 13:41:05,03/05/2025 13:41,-,-,-,-,-,-,-
1696298,Entregas Finalizadas Manaus,6,-,-,2025-05-03 15:06:07,03/05/2025 15:06,-,-,-,-,-,-,-
1696269,Entregas Finalizadas Manaus,6,-,-,2025-05-03 13:06:08,03/05/2025 13:06,-,-,-,-,-,-,-
1696250,Entregas Finalizadas Fora de Manaus,8,-,-,2025-05-03 14:47:26,03/05/2025 14:47,-,-,-,-,-,-,-
1696175,Entregas Finalizadas Fora de Manaus,8,-,-,2025-05-05 22:27:58,05/05/2025 22:27,-,-,-,-,-,-,-
1696142,Vendedor - Nova Encomenda,1,-,-,2025-05-02 16:18:18,02/05/2025 16:18,-,-,-,-,-,-,-
1696132,Entregas Finalizadas Fora de Manaus,8,-,-,2025-05-03 11:25:28,03/05/2025 11:25,-,-,-,-,-,-,-
1696112,Entregas Finalizadas Fora de Manaus,8,-,-,2025-05-02 18:13:38,02/05/2025 18:13,-,-,-,-,-,-,-
1696095,Entregas Finalizadas Manaus,6,-,-,2025-05-02 18:26:52,02/05/2025 18:26,-,-,-,-,-,-,-
1696091,Vendedor - Nova Encomenda,1,-,-,2025-05-02 15:48:50,02/05/2025 15:48,-,-,-,-,-,-,-
1696089,Entregas Finalizadas Fora de Manaus,8,-,-,2025-05-02 17:54:05,02/05/2025 17:54,-,-,-,-,-,-,-
1696064,Entregas Finalizadas Fora de Manaus,8,-,-,2025-05-03 11:18:04,03/05/2025 11:18,-,-,-,-,-,-,-
1696056,Entregas Finalizadas Manaus,6,-,-,2025-05-02 18:56:53,02/05/2025 18:56,-,-,-,-,-,-,-
1696036,Entregas Finalizadas Manaus,6,-,-,2025-05-02 18:40:08,02/05/2025 18:40,-,-,-,-,-,-,-
1696032,Entregas Finalizadas Manaus,6,-,-,2025-05-02 17:17:26,02/05/2025 17:17,-,-,-,-,-,-,-
1695936,Entregas Finalizadas Fora de Manaus,8,-,-,2025-05-05 22:35:33,05/05/2025 22:35,-,-,-,-,-,-,-
1695933,Entregas Finalizadas Fora de Manaus,8,-,-,2025-05-06 11:58:05,06/05/2025 11:58,-,-,-,-,-,-,-
1695924,Entregas Finalizadas Manaus,6,-,-,2025-05-02 17:34:04,02/05/2025 17:34,-,-,-,-,-,-,-
1695921,Vendedor - Nova Encomenda,1,-,-,2025-05-02 14:57:11,02/05/2025 14:57,-,-,-,-,-,-,-
1695904,Entregas Finalizadas Manaus,6,-,-,2025-05-02 17:39:56,02/05/2025 17:39,-,-,-,-,-,-,-
1695856,Entregas Finalizadas Manaus,6,-,-,2025-05-02 17:16:59,02/05/2025 17:16,-,-,-,-,-,-,-
1695845,Entregas Finalizadas Manaus,6,-,-,2025-05-02 17:24:23,02/05/2025 17:24,-,-,-,-,-,-,-
1695840,Entregas Finalizadas Fora de Manaus,8,-,-,2025-05-02 20:55:16,02/05/2025 20:55,-,-,-,-,-,-,-
1695772,Entregas Finalizadas Fora de Manaus,8,-,-,2025-05-02 21:10:33,02/05/2025 21:10,-,-,-,-,-,-,-
1695682,Entregas Finalizadas Manaus,6,-,-,2025-05-02 18:25:34,02/05/2025 18:25,-,-,-,-,-,-,-
1695565,Entregas Finalizadas Fora de Manaus,8,-,-,2025-05-03 14:49:55,03/05/2025 14:49,-,-,-,-,-,-,-
1695434,Entregas Finalizadas Fora de Manaus,8,-,-,2025-05-02 21:29:24,02/05/2025 21:29,-,-,-,-,-,-,-
1695404,Entregas Finalizadas Fora de Manaus,8,-,-,2025-05-03 13:40:34,03/05/2025 13:40,-,-,-,-,-,-,-
1695402,Entregas Finalizadas Fora de Manaus,8,-,-,2025-05-02 21:04:19,02/05/2025 21:04,-,-,-,-,-,-,-
1695394,Entregas Finalizadas Fora de Manaus,8,-,-,2025-05-02 17:52:54,02/05/2025 17:52,-,-,-,-,-,-,-
1695382,Entregas Finalizadas Fora de Manaus,8,-,-,2025-05-05 13:54:53,05/05/2025 13:54,-,-,-,-,-,-,-
1695377,Entregas Finalizadas Fora de Manaus,8,-,-,2025-05-08 12:12:01,08/05/2025 12:12,-,-,-,-,-,-,-
1695368,Entregas Finalizadas Fora de Manaus,8,-,-,2025-05-05 14:01:58,05/05/2025 14:01,-,-,-,-,-,-,-
1695339,Entregas Finalizadas Manaus,6,-,-,2025-05-02 17:05:25,02/05/2025 17:05,-,-,-,-,-,-,-
1695334,Entregas Finalizadas Fora de Manaus,8,-,-,2025-05-07 12:59:37,07/05/2025 12:59,-,-,-,-,-,-,-
1695206,Entregas Finalizadas Fora de Manaus,8,-,-,2025-05-02 21:05:59,02/05/2025 21:05,-,-,-,-,-,-,-
1695185,Entregas Finalizadas Fora de Manaus,8,-,-,2025-05-05 13:48:17,05/05/2025 13:48,-,-,-,-,-,-,-
1695171,Entregas Finalizadas Manaus,6,-,-,2025-05-02 14:13:58,02/05/2025 14:13,-,-,-,-,-,-,-
1695051,Entregas Finalizadas Fora de Manaus,8,-,-,2025-05-03 14:46:11,03/05/2025 14:46,-,-,-,-,-,-,-
1695049,Vendedor - Nova Encomenda,1,-,-,2025-05-02 12:29:13,02/05/2025 12:29,-,-,-,-,-,-,-
1695028,Entregas Finalizadas Fora de Manaus,8,-,-,2025-05-02 17:55:36,02/05/2025 17:55,-,-,-,-,-,-,-
1694879,Entregas Finalizadas Manaus,6,-,-,2025-05-02 18:02:50,02/05/2025 18:02,-,-,-,-,-,-,-
1694791,Entregas Finalizadas Fora de Manaus,8,-,-,2025-05-03 13:21:18,03/05/2025 13:21,-,-,-,-,-,-,-
1694773,Canceladas,X,lojarui@mondellebrasil.com.br,-,2025-05-02 11:56:12,02/05/2025 11:56,-,-,-,-,-,-,-
1694688,Entregas Finalizadas Fora de Manaus,8,-,-,2025-05-19 17:23:00,19/05/2025 17:23,-,-,-,-,-,-,-
1694622,Entregas Finalizadas Fora de Manaus,8,-,-,2025-05-02 17:57:14,02/05/2025 17:57,-,-,-,-,-,-,-
1694613,Vendedor - Nova Encomenda,1,-,-,2025-05-02 11:39:23,02/05/2025 11:39,-,-,-,-,-,-,-
1694538,Entregas Finalizadas Manaus,6,-,-,2025-05-02 19:14:59,02/05/2025 19:14,-,-,-,-,-,-,-
1694512,Entregas Finalizadas Fora de Manaus,8,-,-,2025-05-02 21:13:28,02/05/2025 21:13,-,-,-,-,-,-,-
1694473,Entregas Finalizadas Fora de Manaus,8,-,-,2025-05-03 13:20:15,03/05/2025 13:20,-,-,-,-,-,-,-
1694371,Entregas Finalizadas Fora de Manaus,8,-,-,2025-05-03 14:20:12,03/05/2025 14:20,-,-,-,-,-,-,-
1694326,Entregas Finalizadas Fora de Manaus,8,-,-,2025-05-03 13:25:57,03/05/2025 13:25,-,-,-,-,-,-,-
1694274,Entregas Finalizadas Fora de Manaus,8,-,-,2025-05-02 22:15:51,02/05/2025 22:15,-,-,-,-,-,-,-
1694246,Entregas Finalizadas Manaus,6,-,-,2025-05-02 14:54:36,02/05/2025 14:54,-,-,-,-,-,-,-
1694211,Entregas Finalizadas Fora de Manaus,8,-,-,2025-05-02 21:47:20,02/05/2025 21:47,-,-,-,-,-,-,-
1694121,Entregas Finalizadas Fora de Manaus,8,-,-,2025-05-02 23:00:04,02/05/2025 23:00,-,-,-,-,-,-,-
1694103,Entregas Finalizadas Manaus,6,-,-,2025-05-02 14:55:47,02/05/2025 14:55,-,-,-,-,-,-,-
1693933,Entregas Finalizadas Fora de Manaus,8,-,-,2025-05-03 13:38:36,03/05/2025 13:38,-,-,-,-,-,-,-
1693735,Entregas Finalizadas Fora de Manaus,8,-,-,2025-05-02 21:20:41,02/05/2025 21:20,-,-,-,-,-,-,-
1693652,Entregas Finalizadas Fora de Manaus,8,-,-,2025-05-06 14:13:33,06/05/2025 14:13,-,-,-,-,-,-,-
1693635,Entregas Finalizadas Fora de Manaus,8,-,-,2025-05-02 22:27:43,02/05/2025 22:27,-,-,-,-,-,-,-
1693621,Vendedor - Nova Encomenda,1,-,-,2025-05-02 10:14:44,02/05/2025 10:14,-,-,-,-,-,-,-
1693618,Entregas Finalizadas Fora de Manaus,8,-,-,2025-05-05 23:14:55,05/05/2025 23:14,-,-,-,-,-,-,-
1693533,Vendedor - Nova Encomenda,1,-,-,2025-05-02 10:06:14,02/05/2025 10:06,-,-,-,-,-,-,-
1693510,Entregas Finalizadas Fora de Manaus,8,-,-,2025-05-02 21:38:57,02/05/2025 21:38,-,-,-,-,-,-,-
1693428,Entregas Finalizadas Fora de Manaus,8,-,-,2025-05-02 22:45:49,02/05/2025 22:45,-,-,-,-,-,-,-
1693395,Entregas Finalizadas Fora de Manaus,8,-,-,2025-05-02 22:10:17,02/05/2025 22:10,-,-,-,-,-,-,-
1693375,Entregas Finalizadas Fora de Manaus,8,-,-,2025-05-02 21:51:56,02/05/2025 21:51,-,-,-,-,-,-,-
1693350,Entregas Finalizadas Fora de Manaus,8,-,-,2025-05-02 21:15:31,02/05/2025 21:15,-,-,-,-,-,-,-
1693296,Entregas Finalizadas Fora de Manaus,8,-,-,2025-05-07 14:24:27,07/05/2025 14:24,-,-,-,-,-,-,-
1693251,Entregas Finalizadas Fora de Manaus,8,-,-,2025-05-02 21:17:05,02/05/2025 21:17,-,-,-,-,-,-,-
1693005,Entregas Finalizadas Fora de Manaus,8,-,-,2025-05-02 10:20:26,02/05/2025 10:20,-,-,-,-,-,-,-
1692999,Entregas Finalizadas Fora de Manaus,8,-,-,2025-05-02 23:04:04,02/05/2025 23:04,-,-,-,-,-,-,-
1692898,Entregas Finalizadas Fora de Manaus,8,-,-,2025-05-02 21:02:24,02/05/2025 21:02,-,-,-,-,-,-,-
1692773,Entregas Finalizadas Fora de Manaus,8,-,-,2025-05-02 21:54:09,02/05/2025 21:54,-,-,-,-,-,-,-
1692730,Entregas Finalizadas Fora de Manaus,8,-,-,2025-05-02 22:42:05,02/05/2025 22:42,-,-,-,-,-,-,-
1690263,Vendedor - Nova Encomenda,1,-,-,2025-05-01 10:14:36,01/05/2025 10:14,-,-,-,-,-,-,-
1690068,Vendedor - Nova Encomenda,1,-,-,2025-04-30 21:39:48,30/04/2025 21:39,-,-,-,-,-,-,-
1690022,Entregas Finalizadas Fora de Manaus,8,-,-,2025-05-02 21:08:18,02/05/2025 21:08,-,-,-,-,-,-,-
1690020,Entregas Finalizadas Fora de Manaus,8,-,-,2025-05-05 14:14:21,05/05/2025 14:14,-,-,-,-,-,-,-
1690018,Entregas Finalizadas Fora de Manaus,8,-,-,2025-05-05 13:57:48,05/05/2025 13:57,-,-,-,-,-,-,-
1690013,Entregas Finalizadas Manaus,6,-,-,2025-05-02 15:06:50,02/05/2025 15:06,-,-,-,-,-,-,-
1690009,Entregas Finalizadas Fora de Manaus,8,-,-,2025-05-02 22:52:51,02/05/2025 22:52,-,-,-,-,-,-,-
1690001,Entregas Finalizadas Fora de Manaus,8,-,-,2025-05-05 12:20:49,05/05/2025 12:20,-,-,-,-,-,-,-
1689999,Entregas Finalizadas Manaus,6,-,-,2025-05-02 14:46:47,02/05/2025 14:46,-,-,-,-,-,-,-
1689988,Entregas Finalizadas Fora de Manaus,8,-,-,2025-05-02 10:23:16,02/05/2025 10:23,-,-,-,-,-,-,-
1689978,Entregas Finalizadas Fora de Manaus,8,-,-,2025-05-02 21:45:32,02/05/2025 21:45,-,-,-,-,-,-,-
1689967,Entregas Finalizadas Fora de Manaus,8,-,-,2025-05-05 22:46:46,05/05/2025 22:46,-,-,-,-,-,-,-
1689965,Entregas Finalizadas Fora de Manaus,8,-,-,2025-05-02 21:22:50,02/05/2025 21:22,-,-,-,-,-,-,-
1689959,Entregas Finalizadas Fora de Manaus,8,-,-,2025-05-02 22:57:47,02/05/2025 22:57,-,-,-,-,-,-,-
1689929,Entregas Finalizadas Fora de Manaus,8,-,-,2025-05-02 23:01:38,02/05/2025 23:01,-,-,-,-,-,-,-
1689927,Vendedor - Nova Encomenda,1,-,-,2025-04-30 18:57:02,30/04/2025 18:57,-,-,-,-,-,-,-
1689917,Entregas Finalizadas Fora de Manaus,8,-,-,2025-05-02 21:37:07,02/05/2025 21:37,-,-,-,-,-,-,-
1689897,Entregas Finalizadas Fora de Manaus,8,-,-,2025-05-02 14:17:52,02/05/2025 14:17,-,-,-,-,-,-,-
1689880,Entregas Finalizadas Fora de Manaus,8,-,-,2025-05-03 13:24:30,03/05/2025 13:24,-,-,-,-,-,-,-
1689857,Vendedor - Nova Encomenda,1,-,-,2025-04-30 18:12:57,30/04/2025 18:12,-,-,-,-,-,-,-
1689844,Entregas Finalizadas Fora de Manaus,8,-,-,2025-05-02 21:26:35,02/05/2025 21:26,-,-,-,-,-,-,-
1689826,Entregas Finalizadas Manaus,6,-,-,2025-05-02 19:10:49,02/05/2025 19:10,-,-,-,-,-,-,-
1689809,Entregas Finalizadas Fora de Manaus,8,-,-,2025-05-05 12:17:04,05/05/2025 12:17,-,-,-,-,-,-,-
1689804,Entregas Finalizadas Fora de Manaus,8,-,-,2025-05-03 10:53:58,03/05/2025 10:53,-,-,-,-,-,-,-
1689753,Vendedor - Nova Encomenda,1,-,-,2025-04-30 17:14:45,30/04/2025 17:14,-,-,-,-,-,-,-
1689747,Entregas Finalizadas Fora de Manaus,8,-,-,2025-05-03 14:44:19,03/05/2025 14:44,-,-,-,-,-,-,-
1689687,Entregas Finalizadas Manaus,6,-,-,2025-04-30 21:23:15,30/04/2025 21:23,-,-,-,-,-,-,-
1689615,Entregas Finalizadas Fora de Manaus,8,-,-,2025-04-30 22:04:09,30/04/2025 22:04,-,-,-,-,-,-,-
1689390,Entregas Finalizadas Fora de Manaus,8,-,-,2025-05-02 23:19:23,02/05/2025 23:19,-,-,-,-,-,-,-
1689213,Entregas Finalizadas Manaus,6,-,-,2025-04-30 18:04:51,30/04/2025 18:04,-,-,-,-,-,-,-
1689177,Entregas Finalizadas Manaus,6,-,-,2025-04-30 17:31:18,30/04/2025 17:31,-,-,-,-,-,-,-
1688987,Entregas Finalizadas Fora de Manaus,8,-,-,2025-05-01 07:56:18,01/05/2025 07:56,-,-,-,-,-,-,-
1688943,Entregas Finalizadas Fora de Manaus,8,-,-,2025-05-02 11:52:17,02/05/2025 11:52,-,-,-,-,-,-,-
1688918,Vendedor - Nova Encomenda,1,-,-,2025-04-30 15:16:26,30/04/2025 15:16,-,-,-,-,-,-,-
1688861,Entregas Finalizadas Manaus,6,-,-,2025-04-30 17:46:14,30/04/2025 17:46,-,-,-,-,-,-,-
1688691,Vendedor - Nova Encomenda,1,-,-,2025-04-30 14:55:50,30/04/2025 14:55,-,-,-,-,-,-,-
1688654,Entregas Finalizadas Manaus,6,-,-,2025-04-30 18:44:33,30/04/2025 18:44,-,-,-,-,-,-,-
1688408,Entregas Finalizadas Manaus,6,-,-,2025-04-30 16:38:56,30/04/2025 16:38,-,-,-,-,-,-,-
1688400,Entregas Finalizadas Manaus,6,-,-,2025-04-30 16:45:37,30/04/2025 16:45,-,-,-,-,-,-,-
1688393,Entregas Finalizadas Fora de Manaus,8,-,-,2025-05-05 22:59:13,05/05/2025 22:59,-,-,-,-,-,-,-
1688387,Entregas Finalizadas Fora de Manaus,8,-,-,2025-05-02 21:19:30,02/05/2025 21:19,-,-,-,-,-,-,-
1688384,Entregas Finalizadas Fora de Manaus,8,-,-,2025-05-01 07:59:28,01/05/2025 07:59,-,-,-,-,-,-,-
1688371,Entregas Finalizadas Manaus,6,-,-,2025-04-30 17:54:45,30/04/2025 17:54,-,-,-,-,-,-,-
1688333,Entregas Finalizadas Fora de Manaus,8,-,-,2025-04-30 22:10:40,30/04/2025 22:10,-,-,-,-,-,-,-
1688329,Entregas Finalizadas Manaus,6,-,-,2025-04-30 16:57:38,30/04/2025 16:57,-,-,-,-,-,-,-
1688323,Entregas Finalizadas Manaus,6,-,-,2025-04-30 16:50:39,30/04/2025 16:50,-,-,-,-,-,-,-
1688309,Entregas Finalizadas Manaus,6,-,-,2025-04-30 21:28:42,30/04/2025 21:28,-,-,-,-,-,-,-
1688266,Entregas Finalizadas Fora de Manaus,8,-,-,2025-05-02 23:16:44,02/05/2025 23:16,-,-,-,-,-,-,-
1688239,Entregas Finalizadas Manaus,6,-,-,2025-04-30 18:23:20,30/04/2025 18:23,-,-,-,-,-,-,-
1688233,Entregas Finalizadas Fora de Manaus,8,-,-,2025-04-30 21:47:22,30/04/2025 21:47,-,-,-,-,-,-,-
1688224,Vendedor - Nova Encomenda,1,-,-,2025-04-30 12:46:14,30/04/2025 12:46,-,-,-,-,-,-,-
1688216,Entregas Finalizadas Fora de Manaus,8,-,-,2025-05-03 13:29:16,03/05/2025 13:29,-,-,-,-,-,-,-
1688200,Entregas Finalizadas Fora de Manaus,8,-,-,2025-04-30 17:23:49,30/04/2025 17:23,-,-,-,-,-,-,-
1688197,Entregas Finalizadas Manaus,6,-,-,2025-04-30 17:19:02,30/04/2025 17:19,-,-,-,-,-,-,-
1688168,Entregas Finalizadas Fora de Manaus,8,-,-,2025-04-30 22:25:30,30/04/2025 22:25,-,-,-,-,-,-,-
1688165,Entregas Finalizadas Fora de Manaus,8,-,-,2025-04-30 15:38:44,30/04/2025 15:38,-,-,-,-,-,-,-
1688161,Entregas Finalizadas Manaus,6,-,-,2025-04-30 17:37:31,30/04/2025 17:37,-,-,-,-,-,-,-
1688129,Vendedor - Nova Encomenda,1,-,-,2025-04-30 12:07:05,30/04/2025 12:07,-,-,-,-,-,-,-
1688116,Entregas Finalizadas Manaus,6,-,-,2025-04-30 17:10:43,30/04/2025 17:10,-,-,-,-,-,-,-
1688092,Entregas Finalizadas Fora de Manaus,8,-,-,2025-04-30 22:15:36,30/04/2025 22:15,-,-,-,-,-,-,-
1688087,Entregas Finalizadas Manaus,6,-,-,2025-04-30 18:11:37,30/04/2025 18:11,-,-,-,-,-,-,-
1688021,Entregas Finalizadas Fora de Manaus,8,-,-,2025-05-03 16:24:28,03/05/2025 16:24,-,-,-,-,-,-,-
1688005,Entregas Finalizadas Fora de Manaus,8,-,-,2025-04-30 22:17:40,30/04/2025 22:17,-,-,-,-,-,-,-
1687985,Entregas Finalizadas Fora de Manaus,8,-,-,2025-05-01 07:49:15,01/05/2025 07:49,-,-,-,-,-,-,-
1687952,Entregas Finalizadas Fora de Manaus,8,-,-,2025-05-02 23:03:00,02/05/2025 23:03,-,-,-,-,-,-,-
1687950,Entregas Finalizadas Fora de Manaus,8,-,-,2025-05-02 17:04:48,02/05/2025 17:04,-,-,-,-,-,-,-
1687945,Vendedor - Nova Encomenda,1,-,-,2025-04-30 11:11:58,30/04/2025 11:11,-,-,-,-,-,-,-
1687940,Entregas Finalizadas Manaus,6,-,-,2025-04-30 18:44:18,30/04/2025 18:44,-,-,-,-,-,-,-
1687923,Entregas Finalizadas Fora de Manaus,8,-,-,2025-05-01 07:53:04,01/05/2025 07:53,-,-,-,-,-,-,-
1687918,Entregas Finalizadas Fora de Manaus,8,-,-,2025-04-30 22:22:22,30/04/2025 22:22,-,-,-,-,-,-,-
1687911,Entregas Finalizadas Fora de Manaus,8,-,-,2025-04-30 21:25:52,30/04/2025 21:25,-,-,-,-,-,-,-
1687817,Entregas Finalizadas Fora de Manaus,8,-,-,2025-04-30 22:17:07,30/04/2025 22:17,-,-,-,-,-,-,-
1687780,Entregas Finalizadas Fora de Manaus,8,-,-,2025-04-30 21:56:40,30/04/2025 21:56,-,-,-,-,-,-,-
1687777,Entregas Finalizadas Manaus,6,-,-,2025-05-03 11:59:54,03/05/2025 11:59,-,-,-,-,-,-,-
1687619,Entregas Finalizadas Fora de Manaus,8,-,-,2025-04-30 21:54:34,30/04/2025 21:54,-,-,-,-,-,-,-
1687617,Entregas Finalizadas Fora de Manaus,8,-,-,2025-05-01 08:03:01,01/05/2025 08:03,-,-,-,-,-,-,-
1687594,Vendedor - Nova Encomenda,1,-,-,2025-04-30 10:00:49,30/04/2025 10:00,-,-,-,-,-,-,-
1687581,Entregas Finalizadas Manaus,6,-,-,2025-04-30 13:23:17,30/04/2025 13:23,-,-,-,-,-,-,-
1687568,Entregas Finalizadas Fora de Manaus,8,-,-,2025-04-30 22:29:41,30/04/2025 22:29,-,-,-,-,-,-,-
1687565,Entregas Finalizadas Fora de Manaus,8,-,-,2025-04-30 22:38:34,30/04/2025 22:38,-,-,-,-,-,-,-
1687555,Entregas Finalizadas Manaus,6,-,-,2025-04-30 17:57:31,30/04/2025 17:57,-,-,-,-,-,-,-
1687518,Entregas Finalizadas Fora de Manaus,8,-,-,2025-04-30 22:33:40,30/04/2025 22:33,-,-,-,-,-,-,-
1687496,Entregas Finalizadas Manaus,6,-,-,2025-04-30 11:47:23,30/04/2025 11:47,-,-,-,-,-,-,-
1687440,Entregas Finalizadas Fora de Manaus,8,-,-,2025-04-30 23:01:23,30/04/2025 23:01,-,-,-,-,-,-,-
1687430,Entregas Finalizadas Fora de Manaus,8,-,-,2025-04-30 22:20:22,30/04/2025 22:20,-,-,-,-,-,-,-
1687426,Entregas Finalizadas Fora de Manaus,8,-,-,2025-05-07 23:13:19,07/05/2025 23:13,-,-,-,-,-,-,-
1687178,Entregas Finalizadas Fora de Manaus,8,-,-,2025-04-30 22:00:38,30/04/2025 22:00,-,-,-,-,-,-,-
1687172,Entregas Finalizadas Fora de Manaus,8,-,-,2025-05-02 11:53:33,02/05/2025 11:53,-,-,-,-,-,-,-
1687165,Entregas Finalizadas Fora de Manaus,8,-,-,2025-04-30 21:51:10,30/04/2025 21:51,-,-,-,-,-,-,-
1687127,Entregas Finalizadas Fora de Manaus,8,-,-,2025-05-07 09:58:15,07/05/2025 09:58,-,-,-,-,-,-,-
1687118,Entregas Finalizadas Fora de Manaus,8,-,-,2025-04-30 21:59:10,30/04/2025 21:59,-,-,-,-,-,-,-
1687081,Vendedor - Nova Encomenda,1,-,-,2025-04-29 18:40:10,29/04/2025 18:40,-,-,-,-,-,-,-
1687073,Vendedor - Nova Encomenda,1,-,-,2025-04-29 18:36:21,29/04/2025 18:36,-,-,-,-,-,-,-
1687072,Entregas Finalizadas Fora de Manaus,8,-,-,2025-04-30 23:16:21,30/04/2025 23:16,-,-,-,-,-,-,-
1687069,Entregas Finalizadas Fora de Manaus,8,-,-,2025-04-30 22:35:54,30/04/2025 22:35,-,-,-,-,-,-,-
1687063,Entregas Finalizadas Fora de Manaus,8,-,-,2025-04-30 13:33:26,30/04/2025 13:33,-,-,-,-,-,-,-
1687028,Entregas Finalizadas Fora de Manaus,8,-,-,2025-04-30 22:12:58,30/04/2025 22:12,-,-,-,-,-,-,-
1687022,Entregas Finalizadas Fora de Manaus,8,-,-,2025-04-30 22:07:00,30/04/2025 22:07,-,-,-,-,-,-,-
1687017,Entregas Finalizadas Manaus,6,-,-,2025-04-30 13:41:08,30/04/2025 13:41,-,-,-,-,-,-,-
1687014,Entregas Finalizadas Manaus,6,-,-,2025-04-30 14:28:30,30/04/2025 14:28,-,-,-,-,-,-,-
1687007,Entregas Finalizadas Fora de Manaus,8,-,-,2025-05-02 10:17:02,02/05/2025 10:17,-,-,-,-,-,-,-
1686998,Entregas Finalizadas Fora de Manaus,8,-,-,2025-04-30 17:40:50,30/04/2025 17:40,-,-,-,-,-,-,-
1686966,Entregas Finalizadas Fora de Manaus,8,-,-,2025-05-05 10:57:29,05/05/2025 10:57,-,-,-,-,-,-,-
1686960,Entregas Finalizadas Fora de Manaus,8,-,-,2025-04-30 12:47:02,30/04/2025 12:47,-,-,-,-,-,-,-
1686848,Entregas Finalizadas Fora de Manaus,8,-,-,2025-04-30 10:56:13,30/04/2025 10:56,-,-,-,-,-,-,-
1686756,Entregas Finalizadas Manaus,6,-,-,2025-04-30 13:30:12,30/04/2025 13:30,-,-,-,-,-,-,-
1686749,Entregas Finalizadas Manaus,6,-,-,2025-04-30 21:21:06,30/04/2025 21:21,-,-,-,-,-,-,-
1686737,Entregas Finalizadas Fora de Manaus,8,-,-,2025-04-30 22:08:33,30/04/2025 22:08,-,-,-,-,-,-,-
1686733,Entregas Finalizadas Manaus,6,-,-,2025-04-29 17:00:36,29/04/2025 17:00,-,-,-,-,-,-,-
1686657,Entregas Finalizadas Manaus,6,-,-,2025-04-30 21:19:08,30/04/2025 21:19,-,-,-,-,-,-,-
1686539,Entregas Finalizadas Manaus,6,-,-,2025-04-29 16:51:43,29/04/2025 16:51,-,-,-,-,-,-,-
1686440,Entregas Finalizadas Manaus,6,-,-,2025-04-29 17:35:56,29/04/2025 17:35,-,-,-,-,-,-,-
1686378,Entregas Finalizadas Fora de Manaus,8,-,-,2025-04-30 23:10:55,30/04/2025 23:10,-,-,-,-,-,-,-
1686360,Entregas Finalizadas Fora de Manaus,8,-,-,2025-04-29 20:10:33,29/04/2025 20:10,-,-,-,-,-,-,-
1686318,Entregas Finalizadas Fora de Manaus,8,-,-,2025-04-29 20:30:41,29/04/2025 20:30,-,-,-,-,-,-,-
1686311,Entregas Finalizadas Manaus,6,-,-,2025-05-01 07:31:59,01/05/2025 07:31,-,-,-,-,-,-,-
1686306,Vendedor - Nova Encomenda,1,-,-,2025-04-29 15:16:35,29/04/2025 15:16,-,-,-,-,-,-,-
1686192,Entregas Finalizadas Fora de Manaus,8,-,-,2025-05-02 09:52:01,02/05/2025 09:52,-,-,-,-,-,-,-
1686125,Entregas Finalizadas Fora de Manaus,8,-,-,2025-05-02 23:06:13,02/05/2025 23:06,-,-,-,-,-,-,-
1686123,Entregas Finalizadas Fora de Manaus,8,-,-,2025-04-30 23:14:25,30/04/2025 23:14,-,-,-,-,-,-,-
1686013,Entregas Finalizadas Fora de Manaus,8,-,-,2025-04-29 22:12:23,29/04/2025 22:12,-,-,-,-,-,-,-
1685901,Entregas Finalizadas Fora de Manaus,8,-,-,2025-04-29 22:17:31,29/04/2025 22:17,-,-,-,-,-,-,-
1685788,Entregas Finalizadas Manaus,6,-,-,2025-04-29 17:13:10,29/04/2025 17:13,-,-,-,-,-,-,-
1685758,Entregas Finalizadas Fora de Manaus,8,-,-,2025-04-30 22:31:13,30/04/2025 22:31,-,-,-,-,-,-,-
1685746,Entregas Finalizadas Manaus,6,-,-,2025-04-30 12:49:05,30/04/2025 12:49,-,-,-,-,-,-,-
1685278,Entregas Finalizadas Manaus,6,-,-,2025-04-29 14:24:01,29/04/2025 14:24,-,-,-,-,-,-,-
1685151,Entregas Finalizadas Fora de Manaus,8,-,-,2025-04-30 22:22:09,30/04/2025 22:22,-,-,-,-,-,-,-
1684779,Entregas Finalizadas Manaus,6,-,-,2025-04-29 17:19:38,29/04/2025 17:19,-,-,-,-,-,-,-
1684775,Entregas Finalizadas Fora de Manaus,8,-,-,2025-04-29 20:01:09,29/04/2025 20:01,-,-,-,-,-,-,-
1684756,Vendedor - Nova Encomenda,1,-,-,2025-04-29 11:49:24,29/04/2025 11:49,-,-,-,-,-,-,-
1684562,Entregas Finalizadas Fora de Manaus,8,-,-,2025-05-02 13:51:04,02/05/2025 13:51,-,-,-,-,-,-,-
1684439,Entregas Finalizadas Fora de Manaus,8,-,-,2025-04-30 07:00:50,30/04/2025 07:00,-,-,-,-,-,-,-
1684423,Entregas Finalizadas Fora de Manaus,8,-,-,2025-04-29 22:14:36,29/04/2025 22:14,-,-,-,-,-,-,-
1684379,Entregas Finalizadas Fora de Manaus,8,-,-,2025-04-30 23:07:15,30/04/2025 23:07,-,-,-,-,-,-,-
1684315,Entregas Finalizadas Manaus,6,-,-,2025-04-29 13:39:16,29/04/2025 13:39,-,-,-,-,-,-,-
1684237,Entregas Finalizadas Fora de Manaus,8,-,-,2025-04-29 20:07:56,29/04/2025 20:07,-,-,-,-,-,-,-
1684226,Entregas Finalizadas Fora de Manaus,8,-,-,2025-04-30 10:40:36,30/04/2025 10:40,-,-,-,-,-,-,-
1684071,Entregas Finalizadas Fora de Manaus,8,-,-,2025-04-30 06:58:34,30/04/2025 06:58,-,-,-,-,-,-,-
1683989,Entregas Finalizadas Manaus,6,-,-,2025-04-29 13:03:16,29/04/2025 13:03,-,-,-,-,-,-,-
1683884,Entregas Finalizadas Fora de Manaus,8,-,-,2025-04-29 23:22:14,29/04/2025 23:22,-,-,-,-,-,-,-
1683880,Entregas Finalizadas Manaus,6,-,-,2025-04-29 14:02:37,29/04/2025 14:02,-,-,-,-,-,-,-
1683805,Entregas Finalizadas Manaus,6,-,-,2025-04-29 14:29:40,29/04/2025 14:29,-,-,-,-,-,-,-
1683767,Entregas Finalizadas Fora de Manaus,8,-,-,2025-04-29 23:19:03,29/04/2025 23:19,-,-,-,-,-,-,-
1683735,Entregas Finalizadas Fora de Manaus,8,-,-,2025-04-30 06:49:49,30/04/2025 06:49,-,-,-,-,-,-,-
1683669,Entregas Finalizadas Fora de Manaus,8,-,-,2025-04-29 22:43:08,29/04/2025 22:43,-,-,-,-,-,-,-
1683640,Entregas Finalizadas Fora de Manaus,8,-,-,2025-04-30 22:41:04,30/04/2025 22:41,-,-,-,-,-,-,-
1683311,Entregas Finalizadas Fora de Manaus,8,-,-,2025-04-30 07:24:44,30/04/2025 07:24,-,-,-,-,-,-,-
1683091,Entregas Finalizadas Fora de Manaus,8,-,-,2025-04-30 07:20:17,30/04/2025 07:20,-,-,-,-,-,-,-
1683060,Entregas Finalizadas Fora de Manaus,8,-,-,2025-04-30 07:36:38,30/04/2025 07:36,-,-,-,-,-,-,-
1683031,Entregas Finalizadas Fora de Manaus,8,-,-,2025-04-30 07:34:05,30/04/2025 07:34,-,-,-,-,-,-,-
1682646,Entregas Finalizadas Fora de Manaus,8,-,-,2025-04-29 22:44:58,29/04/2025 22:44,-,-,-,-,-,-,-
1682582,Entregas Finalizadas Fora de Manaus,8,-,-,2025-04-29 23:35:59,29/04/2025 23:35,-,-,-,-,-,-,-
1682579,Entregas Finalizadas Fora de Manaus,8,-,-,2025-04-29 23:31:53,29/04/2025 23:31,-,-,-,-,-,-,-
1682575,Entregas Finalizadas Fora de Manaus,8,-,-,2025-04-29 23:25:47,29/04/2025 23:25,-,-,-,-,-,-,-
1682559,Entregas Finalizadas Manaus,6,-,-,2025-04-29 16:56:59,29/04/2025 16:56,-,-,-,-,-,-,-
1682545,Entregas Finalizadas Fora de Manaus,8,-,-,2025-05-07 12:27:28,07/05/2025 12:27,-,-,-,-,-,-,-
1682538,Entregas Finalizadas Manaus,6,-,-,2025-04-29 12:06:56,29/04/2025 12:06,-,-,-,-,-,-,-
1682533,Entregas Finalizadas Fora de Manaus,8,-,-,2025-04-29 22:23:53,29/04/2025 22:23,-,-,-,-,-,-,-
1682524,Entregas Finalizadas Fora de Manaus,8,-,-,2025-04-30 06:56:45,30/04/2025 06:56,-,-,-,-,-,-,-
1682519,Entregas Finalizadas Fora de Manaus,8,-,-,2025-04-29 16:59:02,29/04/2025 16:59,-,-,-,-,-,-,-
1682449,Entregas Finalizadas Fora de Manaus,8,-,-,2025-04-29 23:15:45,29/04/2025 23:15,-,-,-,-,-,-,-
1682444,Vendedor - Nova Encomenda,1,-,-,2025-04-28 17:21:55,28/04/2025 17:21,-,-,-,-,-,-,-
1682369,Entregas Finalizadas Fora de Manaus,8,-,-,2025-05-02 11:54:55,02/05/2025 11:54,-,-,-,-,-,-,-
1682332,Entregas Finalizadas Manaus,6,-,-,2025-04-29 13:48:30,29/04/2025 13:48,-,-,-,-,-,-,-
1682151,Entregas Finalizadas Fora de Manaus,8,-,-,2025-04-29 09:06:23,29/04/2025 09:06,-,-,-,-,-,-,-
1682124,Entregas Finalizadas Fora de Manaus,8,-,-,2025-05-02 13:49:00,02/05/2025 13:49,-,-,-,-,-,-,-
1682061,Entregas Finalizadas Manaus,6,-,-,2025-04-28 16:54:12,28/04/2025 16:54,-,-,-,-,-,-,-
1681956,Entregas Finalizadas Manaus,6,-,-,2025-04-28 17:41:31,28/04/2025 17:41,-,-,-,-,-,-,-
1681857,Entregas Finalizadas Manaus,6,-,-,2025-04-28 17:48:26,28/04/2025 17:48,-,-,-,-,-,-,-
1681791,Entregas Finalizadas Manaus,6,-,-,2025-04-28 16:45:12,28/04/2025 16:45,-,-,-,-,-,-,-
1681536,Entregas Finalizadas Fora de Manaus,8,-,-,2025-04-28 20:53:47,28/04/2025 20:53,-,-,-,-,-,-,-
1681422,Entregas Finalizadas Manaus,6,-,-,2025-04-28 17:01:25,28/04/2025 17:01,-,-,-,-,-,-,-
1681412,Entregas Finalizadas Fora de Manaus,8,-,-,2025-04-28 20:41:29,28/04/2025 20:41,-,-,-,-,-,-,-
1681408,Entregas Finalizadas Manaus,6,-,-,2025-04-28 17:46:08,28/04/2025 17:46,-,-,-,-,-,-,-
1681328,Entregas Finalizadas Fora de Manaus,8,-,-,2025-04-28 20:56:50,28/04/2025 20:56,-,-,-,-,-,-,-
1681283,Entregas Finalizadas Fora de Manaus,8,-,-,2025-04-29 10:42:56,29/04/2025 10:42,-,-,-,-,-,-,-
1681269,Entregas Finalizadas Manaus,6,-,-,2025-04-28 18:01:31,28/04/2025 18:01,-,-,-,-,-,-,-
1681239,Entregas Finalizadas Fora de Manaus,8,-,-,2025-04-30 07:17:23,30/04/2025 07:17,-,-,-,-,-,-,-
1681178,Entregas Finalizadas Fora de Manaus,8,-,-,2025-04-30 07:44:07,30/04/2025 07:44,-,-,-,-,-,-,-
1681171,Entregas Finalizadas Manaus,6,-,-,2025-04-28 17:12:27,28/04/2025 17:12,-,-,-,-,-,-,-
1681169,Entregas Finalizadas Manaus,6,-,-,2025-04-28 17:42:39,28/04/2025 17:42,-,-,-,-,-,-,-
1681161,Entregas Finalizadas Fora de Manaus,8,-,-,2025-04-28 20:59:42,28/04/2025 20:59,-,-,-,-,-,-,-
1681154,Entregas Finalizadas Fora de Manaus,8,-,-,2025-04-28 20:26:19,28/04/2025 20:26,-,-,-,-,-,-,-
1681148,Entregas Finalizadas Fora de Manaus,8,-,-,2025-04-30 07:39:51,30/04/2025 07:39,-,-,-,-,-,-,-
1681081,Entregas Finalizadas Manaus,6,-,-,2025-04-28 14:25:02,28/04/2025 14:25,-,-,-,-,-,-,-
1681047,Entregas Finalizadas Fora de Manaus,8,-,-,2025-04-30 06:52:23,30/04/2025 06:52,-,-,-,-,-,-,-
1681020,Entregas Finalizadas Manaus,6,-,-,2025-04-28 13:37:17,28/04/2025 13:37,-,-,-,-,-,-,-
1680685,Entregas Finalizadas Fora de Manaus,8,-,-,2025-04-28 17:08:47,28/04/2025 17:08,-,-,-,-,-,-,-
1680457,Entregas Finalizadas Fora de Manaus,8,-,-,2025-04-30 06:47:10,30/04/2025 06:47,-,-,-,-,-,-,-
1680348,Entregas Finalizadas Manaus,6,-,-,2025-04-28 17:22:09,28/04/2025 17:22,-,-,-,-,-,-,-
1680315,Entregas Finalizadas Fora de Manaus,8,-,-,2025-04-28 20:44:03,28/04/2025 20:44,-,-,-,-,-,-,-
1680079,Entregas Finalizadas Fora de Manaus,8,-,-,2025-04-30 06:55:02,30/04/2025 06:55,-,-,-,-,-,-,-
1680061,Entregas Finalizadas Fora de Manaus,8,-,-,2025-04-30 07:26:44,30/04/2025 07:26,-,-,-,-,-,-,-
1680046,Entregas Finalizadas Fora de Manaus,8,-,-,2025-04-29 10:37:28,29/04/2025 10:37,-,-,-,-,-,-,-
1679969,Entregas Finalizadas Fora de Manaus,8,-,-,2025-04-30 06:41:32,30/04/2025 06:41,-,-,-,-,-,-,-
1679929,Entregas Finalizadas Fora de Manaus,8,-,-,2025-04-28 17:23:01,28/04/2025 17:23,-,-,-,-,-,-,-
1679642,Entregas Finalizadas Fora de Manaus,8,-,-,2025-04-28 20:34:47,28/04/2025 20:34,-,-,-,-,-,-,-
1679539,Entregas Finalizadas Fora de Manaus,8,-,-,2025-04-28 21:04:57,28/04/2025 21:04,-,-,-,-,-,-,-
1679444,Entregas Finalizadas Fora de Manaus,8,-,-,2025-04-28 20:46:40,28/04/2025 20:46,-,-,-,-,-,-,-
1679279,Entregas Finalizadas Fora de Manaus,8,-,-,2025-04-28 17:26:15,28/04/2025 17:26,-,-,-,-,-,-,-
1679210,Entregas Finalizadas Fora de Manaus,8,-,-,2025-04-30 07:22:57,30/04/2025 07:22,-,-,-,-,-,-,-
1679137,Entregas Finalizadas Fora de Manaus,8,-,-,2025-04-29 22:38:45,29/04/2025 22:38,-,-,-,-,-,-,-
1679110,Entregas Finalizadas Fora de Manaus,8,-,-,2025-04-30 22:44:49,30/04/2025 22:44,-,-,-,-,-,-,-
1679082,Entregas Finalizadas Fora de Manaus,8,-,-,2025-04-28 21:01:25,28/04/2025 21:01,-,-,-,-,-,-,-
1678172,Entregas Finalizadas Fora de Manaus,8,-,-,2025-04-28 20:31:42,28/04/2025 20:31,-,-,-,-,-,-,-
1678001,Vendedor - Nova Encomenda,1,-,-,2025-04-26 15:16:25,26/04/2025 15:16,-,-,-,-,-,-,-
1677878,Entregas Finalizadas Fora de Manaus,8,-,-,2025-04-30 07:38:03,30/04/2025 07:38,-,-,-,-,-,-,-
1677862,Vendedor - Nova Encomenda,1,-,-,2025-04-26 12:40:40,26/04/2025 12:40,-,-,-,-,-,-,-
1677855,Entregas Finalizadas Manaus,6,-,-,2025-04-26 16:48:55,26/04/2025 16:48,-,-,-,-,-,-,-
1677851,Entregas Finalizadas Fora de Manaus,8,-,-,2025-04-28 21:26:45,28/04/2025 21:26,-,-,-,-,-,-,-
1677842,Entregas Finalizadas Fora de Manaus,8,-,-,2025-04-28 10:47:03,28/04/2025 10:47,-,-,-,-,-,-,-
1677832,Entregas Finalizadas Manaus,6,-,-,2025-04-26 13:29:00,26/04/2025 13:29,-,-,-,-,-,-,-
1677822,Entregas Finalizadas Manaus,6,-,-,2025-04-26 13:16:01,26/04/2025 13:16,-,-,-,-,-,-,-
1677776,Entregas Finalizadas Fora de Manaus,8,-,-,2025-04-28 21:31:32,28/04/2025 21:31,-,-,-,-,-,-,-
1677755,Entregas Finalizadas Fora de Manaus,8,-,-,2025-04-26 14:36:25,26/04/2025 14:36,-,-,-,-,-,-,-
1677753,Entregas Finalizadas Manaus,6,-,-,2025-04-26 16:02:51,26/04/2025 16:02,-,-,-,-,-,-,-
1677746,Logística - Despacho da Encomenda,2,-,00:00 Horas,2025-04-26 13:01:23,26/04/2025 13:01,-,26/04/2025 13:01,-,-,-,-,-
1677744,Entregas Finalizadas Manaus,6,-,-,2025-04-26 16:15:29,26/04/2025 16:15,-,-,-,-,-,-,-
1677728,Entregas Finalizadas Manaus,6,-,-,2025-04-28 14:45:47,28/04/2025 14:45,-,-,-,-,-,-,-
1677720,Entregas Finalizadas Fora de Manaus,8,-,-,2025-04-26 14:24:12,26/04/2025 14:24,-,-,-,-,-,-,-
1677718,Entregas Finalizadas Manaus,6,-,-,2025-04-29 18:20:54,29/04/2025 18:20,-,-,-,-,-,-,-
1677701,Entregas Finalizadas Manaus,6,-,-,2025-04-26 14:04:14,26/04/2025 14:04,-,-,-,-,-,-,-
1677690,Entregas Finalizadas Fora de Manaus,8,-,-,2025-04-26 13:55:36,26/04/2025 13:55,-,-,-,-,-,-,-
1677679,Entregas Finalizadas Fora de Manaus,8,-,-,2025-04-26 14:29:59,26/04/2025 14:29,-,-,-,-,-,-,-
1677675,Entregas Finalizadas Fora de Manaus,8,-,-,2025-04-30 06:46:05,30/04/2025 06:46,-,-,-,-,-,-,-
1677622,Entregas Finalizadas Fora de Manaus,8,-,-,2025-04-26 14:25:27,26/04/2025 14:25,-,-,-,-,-,-,-
1677619,Vendedor - Nova Encomenda,1,-,-,2025-04-26 10:13:49,26/04/2025 10:13,-,-,-,-,-,-,-
1677613,Entregas Finalizadas Fora de Manaus,8,-,-,2025-04-26 14:33:13,26/04/2025 14:33,-,-,-,-,-,-,-
1677611,Vendedor - Nova Encomenda,1,-,-,2025-04-26 10:03:25,26/04/2025 10:03,-,-,-,-,-,-,-
1677607,Logística - Despacho da Encomenda,2,-,00:00 Horas,2025-04-28 11:29:02,28/04/2025 11:29,-,28/04/2025 11:29,-,-,-,-,-
1677592,Entregas Finalizadas Fora de Manaus,8,-,-,2025-04-26 14:40:56,26/04/2025 14:40,-,-,-,-,-,-,-
1677587,Entregas Finalizadas Fora de Manaus,8,-,-,2025-04-26 14:46:49,26/04/2025 14:46,-,-,-,-,-,-,-
1677334,Entregas Finalizadas Fora de Manaus,8,-,-,2025-04-30 07:31:15,30/04/2025 07:31,-,-,-,-,-,-,-
1677242,Entregas Finalizadas Manaus,6,-,-,2025-04-26 14:23:01,26/04/2025 14:23,-,-,-,-,-,-,-
1677217,Entregas Finalizadas Fora de Manaus,8,-,-,2025-04-26 14:31:23,26/04/2025 14:31,-,-,-,-,-,-,-
1677209,Entregas Finalizadas Fora de Manaus,8,-,-,2025-04-26 14:43:17,26/04/2025 14:43,-,-,-,-,-,-,-
1677201,Entregas Finalizadas Manaus,6,-,-,2025-04-26 15:02:08,26/04/2025 15:02,-,-,-,-,-,-,-
1677175,Entregas Finalizadas Fora de Manaus,8,-,-,2025-04-28 21:07:04,28/04/2025 21:07,-,-,-,-,-,-,-
1677158,Entregas Finalizadas Fora de Manaus,8,-,-,2025-04-28 20:38:34,28/04/2025 20:38,-,-,-,-,-,-,-
1677150,Vendedor - Nova Encomenda,1,-,-,2025-04-25 18:16:12,25/04/2025 18:16,-,-,-,-,-,-,-
1677147,Entregas Finalizadas Fora de Manaus,8,-,-,2025-04-28 21:33:35,28/04/2025 21:33,-,-,-,-,-,-,-
1677124,Entregas Finalizadas Fora de Manaus,8,-,-,2025-04-26 14:51:04,26/04/2025 14:51,-,-,-,-,-,-,-
1677116,Entregas Finalizadas Fora de Manaus,8,-,-,2025-04-28 20:48:45,28/04/2025 20:48,-,-,-,-,-,-,-
1677040,Entregas Finalizadas Fora de Manaus,8,-,-,2025-04-26 14:48:57,26/04/2025 14:48,-,-,-,-,-,-,-
1677033,Entregas Finalizadas Fora de Manaus,8,-,-,2025-04-28 20:28:45,28/04/2025 20:28,-,-,-,-,-,-,-
1676993,Entregas Finalizadas Manaus,6,-,-,2025-04-26 13:35:27,26/04/2025 13:35,-,-,-,-,-,-,-
1676887,Entregas Finalizadas Fora de Manaus,8,-,-,2025-04-28 20:50:22,28/04/2025 20:50,-,-,-,-,-,-,-
1676885,Entregas Finalizadas Fora de Manaus,8,-,-,2025-04-28 20:58:17,28/04/2025 20:58,-,-,-,-,-,-,-
1676696,Entregas Finalizadas Manaus,6,-,-,2025-04-26 13:59:26,26/04/2025 13:59,-,-,-,-,-,-,-
1676654,Entregas Finalizadas Manaus,6,-,-,2025-04-25 16:30:38,25/04/2025 16:30,-,-,-,-,-,-,-
1676604,Entregas Finalizadas Manaus,6,-,-,2025-04-25 17:20:16,25/04/2025 17:20,-,-,-,-,-,-,-
1676588,Vendedor - Nova Encomenda,1,-,-,2025-04-25 14:12:00,25/04/2025 14:12,-,-,-,-,-,-,-
1676538,Entregas Finalizadas Manaus,6,-,-,2025-04-25 17:53:54,25/04/2025 17:53,-,-,-,-,-,-,-
1676459,Entregas Finalizadas Fora de Manaus,8,-,-,2025-04-25 19:42:42,25/04/2025 19:42,-,-,-,-,-,-,-
1676455,Entregas Finalizadas Fora de Manaus,8,-,-,2025-04-25 16:52:28,25/04/2025 16:52,-,-,-,-,-,-,-
1676396,Entregas Finalizadas Manaus,6,-,-,2025-04-28 13:28:45,28/04/2025 13:28,-,-,-,-,-,-,-
1676357,Entregas Finalizadas Fora de Manaus,8,-,-,2025-04-28 21:10:53,28/04/2025 21:10,-,-,-,-,-,-,-
1676342,Vendedor - Nova Encomenda,1,-,-,2025-04-25 12:04:20,25/04/2025 12:04,-,-,-,-,-,-,-
1676338,Entregas Finalizadas Manaus,6,-,-,2025-04-25 18:06:40,25/04/2025 18:06,-,-,-,-,-,-,-
1676324,Entregas Finalizadas Manaus,6,-,-,2025-04-25 18:31:11,25/04/2025 18:31,-,-,-,-,-,-,-
1676301,Vendedor - Nova Encomenda,1,-,-,2025-04-25 11:49:53,25/04/2025 11:49,-,-,-,-,-,-,-
1676271,Vendedor - Nova Encomenda,1,-,-,2025-04-25 11:40:46,25/04/2025 11:40,-,-,-,-,-,-,-
1676250,Entregas Finalizadas Fora de Manaus,8,-,-,2025-04-25 19:41:07,25/04/2025 19:41,-,-,-,-,-,-,-
1676230,Vendedor - Nova Encomenda,1,-,-,2025-04-25 11:28:51,25/04/2025 11:28,-,-,-,-,-,-,-
1676095,Entregas Finalizadas Fora de Manaus,8,-,-,2025-04-28 14:11:58,28/04/2025 14:11,-,-,-,-,-,-,-
1676070,Entregas Finalizadas Fora de Manaus,8,-,-,2025-04-28 21:29:38,28/04/2025 21:29,-,-,-,-,-,-,-
1675845,Entregas Finalizadas Fora de Manaus,8,-,-,2025-04-28 21:12:48,28/04/2025 21:12,-,-,-,-,-,-,-
1675785,Entregas Finalizadas Fora de Manaus,8,-,-,2025-04-25 21:55:41,25/04/2025 21:55,-,-,-,-,-,-,-
1675712,Entregas Finalizadas Manaus,6,-,-,2025-04-25 17:35:56,25/04/2025 17:35,-,-,-,-,-,-,-
1674173,Entregas Finalizadas Manaus,6,-,-,2025-04-25 13:39:32,25/04/2025 13:39,-,-,-,-,-,-,-
1674145,Entregas Finalizadas Fora de Manaus,8,-,-,2025-04-25 16:50:47,25/04/2025 16:50,-,-,-,-,-,-,-
1674143,Entregas Finalizadas Manaus,6,-,-,2025-04-25 13:49:02,25/04/2025 13:49,-,-,-,-,-,-,-
1674135,Entregas Finalizadas Manaus,6,-,-,2025-04-25 13:28:23,25/04/2025 13:28,-,-,-,-,-,-,-
1674132,Entregas Finalizadas Manaus,6,-,-,2025-04-25 12:21:07,25/04/2025 12:21,-,-,-,-,-,-,-
1674127,Entregas Finalizadas Fora de Manaus,8,-,-,2025-04-25 22:18:29,25/04/2025 22:18,-,-,-,-,-,-,-
1674114,Entregas Finalizadas Fora de Manaus,8,-,-,2025-04-25 17:06:05,25/04/2025 17:06,-,-,-,-,-,-,-
1674037,Entregas Finalizadas Fora de Manaus,8,-,-,2025-04-25 23:02:36,25/04/2025 23:02,-,-,-,-,-,-,-
1674030,Entregas Finalizadas Fora de Manaus,8,-,-,2025-04-25 22:53:48,25/04/2025 22:53,-,-,-,-,-,-,-
1673756,Entregas Finalizadas Fora de Manaus,8,-,-,2025-04-25 23:09:52,25/04/2025 23:09,-,-,-,-,-,-,-
1673748,Vendedor - Nova Encomenda,1,-,-,2025-04-24 19:03:39,24/04/2025 19:03,-,-,-,-,-,-,-
1673746,Entregas Finalizadas Fora de Manaus,8,-,-,2025-04-25 22:01:00,25/04/2025 22:01,-,-,-,-,-,-,-
1673734,Entregas Finalizadas Manaus,6,-,-,2025-04-25 14:21:14,25/04/2025 14:21,-,-,-,-,-,-,-
1673727,Entregas Finalizadas Fora de Manaus,8,-,-,2025-04-25 22:09:12,25/04/2025 22:09,-,-,-,-,-,-,-
1673715,Entregas Finalizadas Fora de Manaus,8,-,-,2025-04-25 23:08:15,25/04/2025 23:08,-,-,-,-,-,-,-
1673709,Entregas Finalizadas Fora de Manaus,8,-,-,2025-04-25 23:06:45,25/04/2025 23:06,-,-,-,-,-,-,-
1673701,Entregas Finalizadas Fora de Manaus,8,-,-,2025-04-28 21:09:02,28/04/2025 21:09,-,-,-,-,-,-,-
1673690,Entregas Finalizadas Fora de Manaus,8,-,-,2025-04-25 21:52:32,25/04/2025 21:52,-,-,-,-,-,-,-
1673679,Entregas Finalizadas Fora de Manaus,8,-,-,2025-04-25 10:23:30,25/04/2025 10:23,-,-,-,-,-,-,-
1673645,Vendedor - Nova Encomenda,1,-,-,2025-04-24 17:50:57,24/04/2025 17:50,-,-,-,-,-,-,-
1673641,Entregas Finalizadas Fora de Manaus,8,-,-,2025-04-25 21:58:50,25/04/2025 21:58,-,-,-,-,-,-,-
1673637,Entregas Finalizadas Fora de Manaus,8,-,-,2025-04-30 21:34:57,30/04/2025 21:34,-,-,-,-,-,-,-
1673632,Entregas Finalizadas Fora de Manaus,8,-,-,2025-04-25 21:51:10,25/04/2025 21:51,-,-,-,-,-,-,-
1673624,Vendedor - Nova Encomenda,1,-,-,2025-04-24 17:42:09,24/04/2025 17:42,-,-,-,-,-,-,-
1673601,Entregas Finalizadas Fora de Manaus,8,-,-,2025-04-25 10:20:01,25/04/2025 10:20,-,-,-,-,-,-,-
1673587,Entregas Finalizadas Fora de Manaus,8,-,-,2025-04-25 17:40:27,25/04/2025 17:40,-,-,-,-,-,-,-
1673565,Entregas Finalizadas Fora de Manaus,8,-,-,2025-04-25 22:22:02,25/04/2025 22:22,-,-,-,-,-,-,-
1673492,Entregas Finalizadas Manaus,6,-,-,2025-04-24 17:58:24,24/04/2025 17:58,-,-,-,-,-,-,-
1673436,Entregas Finalizadas Fora de Manaus,8,-,-,2025-04-25 22:24:56,25/04/2025 22:24,-,-,-,-,-,-,-
1673421,Vendedor - Nova Encomenda,1,-,-,2025-04-24 16:33:04,24/04/2025 16:33,-,-,-,-,-,-,-
1673389,Entregas Finalizadas Fora de Manaus,8,-,-,2025-04-25 23:04:27,25/04/2025 23:04,-,-,-,-,-,-,-
1673376,Entregas Finalizadas Fora de Manaus,8,-,-,2025-04-24 17:15:11,24/04/2025 17:15,-,-,-,-,-,-,-
1673340,Entregas Finalizadas Fora de Manaus,8,-,-,2025-04-25 23:13:33,25/04/2025 23:13,-,-,-,-,-,-,-
1673287,Entregas Finalizadas Fora de Manaus,8,-,-,2025-04-25 21:36:52,25/04/2025 21:36,-,-,-,-,-,-,-
1673002,Entregas Finalizadas Fora de Manaus,8,-,-,2025-04-24 21:53:27,24/04/2025 21:53,-,-,-,-,-,-,-
1672892,Entregas Finalizadas Fora de Manaus,8,-,-,2025-04-28 21:22:39,28/04/2025 21:22,-,-,-,-,-,-,-
1672377,Entregas Finalizadas Manaus,6,-,-,2025-04-25 16:32:01,25/04/2025 16:32,-,-,-,-,-,-,-
1672126,Entregas Finalizadas Manaus,6,-,-,2025-04-24 16:31:45,24/04/2025 16:31,-,-,-,-,-,-,-
1672111,Entregas Finalizadas Fora de Manaus,8,-,-,2025-04-25 17:38:01,25/04/2025 17:38,-,-,-,-,-,-,-
1672079,Entregas Finalizadas Manaus,6,-,-,2025-04-24 17:12:56,24/04/2025 17:12,-,-,-,-,-,-,-
1672056,Entregas Finalizadas Fora de Manaus,8,-,-,2025-04-24 22:00:28,24/04/2025 22:00,-,-,-,-,-,-,-
1671949,Entregas Finalizadas Fora de Manaus,8,-,-,2025-04-24 21:51:28,24/04/2025 21:51,-,-,-,-,-,-,-
1671945,Entregas Finalizadas Manaus,6,-,-,2025-04-25 15:25:35,25/04/2025 15:25,-,-,-,-,-,-,-
1671931,Entregas Finalizadas Fora de Manaus,8,-,-,2025-04-24 22:09:50,24/04/2025 22:09,-,-,-,-,-,-,-
1671362,Entregas Finalizadas Fora de Manaus,8,-,-,2025-04-24 21:56:15,24/04/2025 21:56,-,-,-,-,-,-,-
1671282,Entregas Finalizadas Manaus,6,-,-,2025-04-24 17:26:56,24/04/2025 17:26,-,-,-,-,-,-,-
1671264,Entregas Finalizadas Fora de Manaus,8,-,-,2025-04-25 15:44:04,25/04/2025 15:44,-,-,-,-,-,-,-
1670686,Entregas Finalizadas Fora de Manaus,8,-,-,2025-04-25 23:00:24,25/04/2025 23:00,-,-,-,-,-,-,-
1670626,Entregas Finalizadas Fora de Manaus,8,-,-,2025-04-25 19:01:12,25/04/2025 19:01,-,-,-,-,-,-,-
1670582,Entregas Finalizadas Fora de Manaus,8,-,-,2025-04-24 21:49:51,24/04/2025 21:49,-,-,-,-,-,-,-
1670360,Entregas Finalizadas Fora de Manaus,8,-,-,2025-04-25 10:41:56,25/04/2025 10:41,-,-,-,-,-,-,-
1670352,Entregas Finalizadas Fora de Manaus,8,-,-,2025-04-24 22:07:49,24/04/2025 22:07,-,-,-,-,-,-,-
1670279,Entregas Finalizadas Fora de Manaus,8,-,-,2025-04-24 22:32:21,24/04/2025 22:32,-,-,-,-,-,-,-
1670175,Entregas Finalizadas Fora de Manaus,8,-,-,2025-04-24 22:52:28,24/04/2025 22:52,-,-,-,-,-,-,-
1670166,Entregas Finalizadas Fora de Manaus,8,-,-,2025-04-24 22:19:58,24/04/2025 22:19,-,-,-,-,-,-,-
1670057,Entregas Finalizadas Fora de Manaus,8,-,-,2025-04-24 22:15:17,24/04/2025 22:15,-,-,-,-,-,-,-
1669953,Entregas Finalizadas Manaus,6,-,-,2025-04-24 17:24:23,24/04/2025 17:24,-,-,-,-,-,-,-
1669936,Entregas Finalizadas Manaus,6,-,-,2025-04-24 17:06:01,24/04/2025 17:06,-,-,-,-,-,-,-
1669932,Entregas Finalizadas Fora de Manaus,8,-,-,2025-04-24 22:36:58,24/04/2025 22:36,-,-,-,-,-,-,-
1669927,Entregas Finalizadas Fora de Manaus,8,-,-,2025-04-24 22:11:08,24/04/2025 22:11,-,-,-,-,-,-,-
1669139,Entregas Finalizadas Fora de Manaus,8,-,-,2025-04-25 22:58:30,25/04/2025 22:58,-,-,-,-,-,-,-
1669129,Entregas Finalizadas Fora de Manaus,8,-,-,2025-04-25 21:46:59,25/04/2025 21:46,-,-,-,-,-,-,-
1669108,Entregas Finalizadas Fora de Manaus,8,-,-,2025-04-24 22:39:58,24/04/2025 22:39,-,-,-,-,-,-,-
1669066,Entregas Finalizadas Fora de Manaus,8,-,-,2025-04-25 22:13:47,25/04/2025 22:13,-,-,-,-,-,-,-
1669059,Entregas Finalizadas Fora de Manaus,8,-,-,2025-04-24 22:29:21,24/04/2025 22:29,-,-,-,-,-,-,-
1669010,Entregas Finalizadas Fora de Manaus,8,-,-,2025-04-24 22:43:26,24/04/2025 22:43,-,-,-,-,-,-,-
1669008,Entregas Finalizadas Fora de Manaus,8,-,-,2025-04-24 22:30:31,24/04/2025 22:30,-,-,-,-,-,-,-
1668973,Entregas Finalizadas Fora de Manaus,8,-,-,2025-04-24 22:35:30,24/04/2025 22:35,-,-,-,-,-,-,-
1668955,Entregas Finalizadas Fora de Manaus,8,-,-,2025-04-24 22:54:27,24/04/2025 22:54,-,-,-,-,-,-,-
1668248,Entregas Finalizadas Fora de Manaus,8,-,-,2025-04-24 22:46:45,24/04/2025 22:46,-,-,-,-,-,-,-
1668108,Entregas Finalizadas Fora de Manaus,8,-,-,2025-04-25 22:44:22,25/04/2025 22:44,-,-,-,-,-,-,-
1668037,Entregas Finalizadas Fora de Manaus,8,-,-,2025-04-23 17:16:24,23/04/2025 17:16,-,-,-,-,-,-,-
1667857,Entregas Finalizadas Fora de Manaus,8,-,-,2025-04-23 18:18:20,23/04/2025 18:18,-,-,-,-,-,-,-
1667774,Entregas Finalizadas Fora de Manaus,8,-,-,2025-04-25 23:11:26,25/04/2025 23:11,-,-,-,-,-,-,-
1667305,Entregas Finalizadas Manaus,6,-,-,2025-04-23 17:37:04,23/04/2025 17:37,-,-,-,-,-,-,-
1667249,Entregas Finalizadas Manaus,6,-,-,2025-04-23 13:25:21,23/04/2025 13:25,-,-,-,-,-,-,-
1667159,Entregas Finalizadas Fora de Manaus,8,-,-,2025-04-23 15:57:35,23/04/2025 15:57,-,-,-,-,-,-,-
1667059,Entregas Finalizadas Fora de Manaus,8,-,-,2025-04-23 13:57:18,23/04/2025 13:57,-,-,-,-,-,-,-
1666907,Entregas Finalizadas Manaus,6,-,-,2025-04-23 18:07:30,23/04/2025 18:07,-,-,-,-,-,-,-
1666870,Entregas Finalizadas Fora de Manaus,8,-,-,2025-04-23 14:34:56,23/04/2025 14:34,-,-,-,-,-,-,-
1666840,Entregas Finalizadas Manaus,6,-,-,2025-04-23 12:48:58,23/04/2025 12:48,-,-,-,-,-,-,-
1666830,Entregas Finalizadas Fora de Manaus,8,-,-,2025-04-23 15:41:12,23/04/2025 15:41,-,-,-,-,-,-,-
1666821,Entregas Finalizadas Fora de Manaus,8,-,-,2025-04-23 13:52:56,23/04/2025 13:52,-,-,-,-,-,-,-
1666804,Entregas Finalizadas Fora de Manaus,8,-,-,2025-04-23 14:47:08,23/04/2025 14:47,-,-,-,-,-,-,-
1666802,Entregas Finalizadas Fora de Manaus,8,-,-,2025-04-23 17:49:20,23/04/2025 17:49,-,-,-,-,-,-,-
1666793,Entregas Finalizadas Fora de Manaus,8,-,-,2025-04-23 17:00:27,23/04/2025 17:00,-,-,-,-,-,-,-
1666780,Entregas Finalizadas Fora de Manaus,8,-,-,2025-04-28 10:44:08,28/04/2025 10:44,-,-,-,-,-,-,-
1666657,Entregas Finalizadas Fora de Manaus,8,-,-,2025-04-24 22:25:28,24/04/2025 22:25,-,-,-,-,-,-,-
1666627,Entregas Finalizadas Fora de Manaus,8,-,-,2025-04-25 21:48:31,25/04/2025 21:48,-,-,-,-,-,-,-
1666625,Entregas Finalizadas Fora de Manaus,8,-,-,2025-04-23 18:24:02,23/04/2025 18:24,-,-,-,-,-,-,-
1666545,Entregas Finalizadas Fora de Manaus,8,-,-,2025-04-23 14:11:36,23/04/2025 14:11,-,-,-,-,-,-,-
1666513,Entregas Finalizadas Fora de Manaus,8,-,-,2025-04-23 14:11:19,23/04/2025 14:11,-,-,-,-,-,-,-
1666322,Entregas Finalizadas Fora de Manaus,8,-,-,2025-04-23 15:45:38,23/04/2025 15:45,-,-,-,-,-,-,-
1666249,Entregas Finalizadas Fora de Manaus,8,-,-,2025-04-23 13:59:42,23/04/2025 13:59,-,-,-,-,-,-,-
1666227,Vendedor - Nova Encomenda,1,-,-,2025-04-22 18:25:46,22/04/2025 18:25,-,-,-,-,-,-,-
1666205,Entregas Finalizadas Fora de Manaus,8,-,-,2025-04-23 17:46:08,23/04/2025 17:46,-,-,-,-,-,-,-
1666194,Entregas Finalizadas Fora de Manaus,8,-,-,2025-04-23 14:41:24,23/04/2025 14:41,-,-,-,-,-,-,-
1666187,Entregas Finalizadas Fora de Manaus,8,-,-,2025-04-23 14:09:10,23/04/2025 14:09,-,-,-,-,-,-,-
1666185,Entregas Finalizadas Manaus,6,-,-,2025-04-23 14:42:40,23/04/2025 14:42,-,-,-,-,-,-,-
1666146,Entregas Finalizadas Manaus,6,-,-,2025-04-23 13:38:37,23/04/2025 13:38,-,-,-,-,-,-,-
1666120,Entregas Finalizadas Manaus,6,-,-,2025-04-23 18:01:31,23/04/2025 18:01,-,-,-,-,-,-,-
1665928,Entregas Finalizadas Manaus,6,-,-,2025-04-23 13:45:03,23/04/2025 13:45,-,-,-,-,-,-,-
1665791,Entregas Finalizadas Fora de Manaus,8,-,-,2025-04-23 17:23:54,23/04/2025 17:23,-,-,-,-,-,-,-
1665762,Entregas Finalizadas Fora de Manaus,8,-,-,2025-04-22 16:59:43,22/04/2025 16:59,-,-,-,-,-,-,-
1665734,Entregas Finalizadas Manaus,6,-,-,2025-04-22 17:08:16,22/04/2025 17:08,-,-,-,-,-,-,-
1665720,Entregas Finalizadas Fora de Manaus,8,-,-,2025-04-22 18:09:08,22/04/2025 18:09,-,-,-,-,-,-,-
1665697,Entregas Finalizadas Fora de Manaus,8,-,-,2025-04-23 10:02:30,23/04/2025 10:02,-,-,-,-,-,-,-
1665668,Entregas Finalizadas Manaus,6,-,-,2025-04-22 20:59:33,22/04/2025 20:59,-,-,-,-,-,-,-
1665666,Vendedor - Nova Encomenda,1,-,-,2025-04-22 15:02:35,22/04/2025 15:02,-,-,-,-,-,-,-
1665643,Entregas Finalizadas Manaus,6,-,-,2025-04-22 18:11:16,22/04/2025 18:11,-,-,-,-,-,-,-
1665634,Entregas Finalizadas Manaus,6,-,-,2025-04-22 17:32:57,22/04/2025 17:32,-,-,-,-,-,-,-
1665599,Entregas Finalizadas Manaus,6,-,-,2025-04-22 18:12:21,22/04/2025 18:12,-,-,-,-,-,-,-
1665518,Entregas Finalizadas Manaus,6,-,-,2025-04-22 17:46:44,22/04/2025 17:46,-,-,-,-,-,-,-
1665475,Entregas Finalizadas Fora de Manaus,8,-,-,2025-04-22 17:48:36,22/04/2025 17:48,-,-,-,-,-,-,-
1665445,Entregas Finalizadas Fora de Manaus,8,-,-,2025-04-22 18:05:57,22/04/2025 18:05,-,-,-,-,-,-,-
1665442,Entregas Finalizadas Fora de Manaus,8,-,-,2025-04-22 17:07:51,22/04/2025 17:07,-,-,-,-,-,-,-
1665357,Entregas Finalizadas Manaus,6,-,-,2025-04-22 17:40:33,22/04/2025 17:40,-,-,-,-,-,-,-
1665302,Entregas Finalizadas Manaus,6,-,-,2025-04-22 20:56:06,22/04/2025 20:56,-,-,-,-,-,-,-
1665291,Entregas Finalizadas Fora de Manaus,8,-,-,2025-04-23 14:50:13,23/04/2025 14:50,-,-,-,-,-,-,-
1665276,Entregas Finalizadas Fora de Manaus,8,-,-,2025-04-23 18:09:42,23/04/2025 18:09,-,-,-,-,-,-,-
1665237,Entregas Finalizadas Manaus,6,-,-,2025-04-22 18:17:51,22/04/2025 18:17,-,-,-,-,-,-,-
1665228,Entregas Finalizadas Fora de Manaus,8,-,-,2025-04-25 19:03:21,25/04/2025 19:03,-,-,-,-,-,-,-
1665207,Entregas Finalizadas Fora de Manaus,8,-,-,2025-04-23 17:30:06,23/04/2025 17:30,-,-,-,-,-,-,-
1665195,Entregas Finalizadas Fora de Manaus,8,-,-,2025-04-22 17:34:39,22/04/2025 17:34,-,-,-,-,-,-,-
1665188,Entregas Finalizadas Fora de Manaus,8,-,-,2025-04-22 16:51:36,22/04/2025 16:51,-,-,-,-,-,-,-
1665172,Entregas Finalizadas Fora de Manaus,8,-,-,2025-04-22 16:56:21,22/04/2025 16:56,-,-,-,-,-,-,-
1665101,Entregas Finalizadas Fora de Manaus,8,-,-,2025-04-22 17:58:07,22/04/2025 17:58,-,-,-,-,-,-,-
1665095,Entregas Finalizadas Fora de Manaus,8,-,-,2025-04-23 09:59:38,23/04/2025 09:59,-,-,-,-,-,-,-
1665083,Entregas Finalizadas Fora de Manaus,8,-,-,2025-04-22 17:29:24,22/04/2025 17:29,-,-,-,-,-,-,-
1665052,Entregas Finalizadas Fora de Manaus,8,-,-,2025-04-30 21:32:51,30/04/2025 21:32,-,-,-,-,-,-,-
1665022,Entregas Finalizadas Manaus,6,-,-,2025-04-24 11:46:10,24/04/2025 11:46,-,-,-,-,-,-,-
1664918,Entregas Finalizadas Manaus,6,-,-,2025-04-22 17:04:53,22/04/2025 17:04,-,-,-,-,-,-,-
1664764,Entregas Finalizadas Fora de Manaus,8,-,-,2025-04-22 13:25:29,22/04/2025 13:25,-,-,-,-,-,-,-
1664684,Entregas Finalizadas Fora de Manaus,8,-,-,2025-04-22 14:39:35,22/04/2025 14:39,-,-,-,-,-,-,-
1664655,Entregas Finalizadas Fora de Manaus,8,-,-,2025-04-23 16:47:20,23/04/2025 16:47,-,-,-,-,-,-,-
1664642,Entregas Finalizadas Fora de Manaus,8,-,-,2025-04-23 13:03:16,23/04/2025 13:03,-,-,-,-,-,-,-
1664623,Entregas Finalizadas Fora de Manaus,8,-,-,2025-04-22 12:26:17,22/04/2025 12:26,-,-,-,-,-,-,-
1664606,Entregas Finalizadas Fora de Manaus,8,-,-,2025-04-23 12:58:39,23/04/2025 12:58,-,-,-,-,-,-,-
1664526,Entregas Finalizadas Manaus,6,-,-,2025-04-22 17:29:57,22/04/2025 17:29,-,-,-,-,-,-,-
1664181,Entregas Finalizadas Fora de Manaus,8,-,-,2025-04-22 17:21:06,22/04/2025 17:21,-,-,-,-,-,-,-
1663994,Entregas Finalizadas Fora de Manaus,8,-,-,2025-04-23 12:56:31,23/04/2025 12:56,-,-,-,-,-,-,-
1663992,Entregas Finalizadas Fora de Manaus,8,-,-,2025-04-22 12:34:20,22/04/2025 12:34,-,-,-,-,-,-,-
1663985,Entregas Finalizadas Fora de Manaus,8,-,-,2025-04-21 20:15:47,21/04/2025 20:15,-,-,-,-,-,-,-
1663982,Entregas Finalizadas Fora de Manaus,8,-,-,2025-04-22 13:15:54,22/04/2025 13:15,-,-,-,-,-,-,-
1663968,Entregas Finalizadas Manaus,6,-,-,2025-04-21 13:43:26,21/04/2025 13:43,-,-,-,-,-,-,-
1663958,Entregas Finalizadas Fora de Manaus,8,-,-,2025-04-22 12:43:15,22/04/2025 12:43,-,-,-,-,-,-,-
1663729,Entregas Finalizadas Fora de Manaus,8,-,-,2025-04-22 13:38:13,22/04/2025 13:38,-,-,-,-,-,-,-
1663681,Entregas Finalizadas Fora de Manaus,8,-,-,2025-04-25 17:16:54,25/04/2025 17:16,-,-,-,-,-,-,-
1659984,Vendedor - Nova Encomenda,1,-,-,2025-04-19 15:14:54,19/04/2025 15:14,-,-,-,-,-,-,-
1659965,Vendedor - Nova Encomenda,1,-,-,2025-04-19 14:33:11,19/04/2025 14:33,-,-,-,-,-,-,-
1659944,Entregas Finalizadas Manaus,6,-,-,2025-04-21 12:53:44,21/04/2025 12:53,-,-,-,-,-,-,-
1659924,Entregas Finalizadas Fora de Manaus,8,-,-,2025-04-22 17:54:35,22/04/2025 17:54,-,-,-,-,-,-,-
1659910,Entregas Finalizadas Manaus,6,-,-,2025-04-21 14:07:52,21/04/2025 14:07,-,-,-,-,-,-,-
1659874,Entregas Finalizadas Manaus,6,-,-,2025-04-19 13:37:04,19/04/2025 13:37,-,-,-,-,-,-,-
1659869,Entregas Finalizadas Manaus,6,-,-,2025-04-22 19:18:11,22/04/2025 19:18,-,-,-,-,-,-,-
1659865,Entregas Finalizadas Fora de Manaus,8,-,-,2025-04-21 10:49:46,21/04/2025 10:49,-,-,-,-,-,-,-
1659842,Entregas Finalizadas Manaus,6,-,-,2025-04-19 13:33:50,19/04/2025 13:33,-,-,-,-,-,-,-
1659799,Entregas Finalizadas Manaus,6,-,-,2025-04-19 15:09:07,19/04/2025 15:09,-,-,-,-,-,-,-
1659791,Entregas Finalizadas Fora de Manaus,8,-,-,2025-04-21 11:18:33,21/04/2025 11:18,-,-,-,-,-,-,-
1658829,Entregas Finalizadas Fora de Manaus,8,-,-,2025-04-19 13:00:46,19/04/2025 13:00,-,-,-,-,-,-,-
1658802,Entregas Finalizadas Fora de Manaus,8,-,-,2025-04-19 12:30:27,19/04/2025 12:30,-,-,-,-,-,-,-
1658791,Entregas Finalizadas Fora de Manaus,8,-,-,2025-04-22 13:31:07,22/04/2025 13:31,-,-,-,-,-,-,-
1658677,Entregas Finalizadas Fora de Manaus,8,-,-,2025-04-25 15:42:36,25/04/2025 15:42,-,-,-,-,-,-,-
1658633,Entregas Finalizadas Manaus,6,-,-,2025-04-17 17:10:55,17/04/2025 17:10,-,-,-,-,-,-,-
1658623,Entregas Finalizadas Manaus,6,-,-,2025-04-17 17:40:45,17/04/2025 17:40,-,-,-,-,-,-,-
1658619,Vendedor - Nova Encomenda,1,-,-,2025-04-17 15:38:52,17/04/2025 15:38,-,-,-,-,-,-,-
1658594,Entregas Finalizadas Fora de Manaus,8,-,-,2025-04-17 21:04:55,17/04/2025 21:04,-,-,-,-,-,-,-
1658591,Entregas Finalizadas Fora de Manaus,8,-,-,2025-04-22 15:53:51,22/04/2025 15:53,-,-,-,-,-,-,-
1658579,Entregas Finalizadas Manaus,6,-,-,2025-04-18 11:42:55,18/04/2025 11:42,-,-,-,-,-,-,-
1658568,Entregas Finalizadas Fora de Manaus,8,-,-,2025-04-19 12:44:35,19/04/2025 12:44,-,-,-,-,-,-,-
1658558,Entregas Finalizadas Manaus,6,-,-,2025-04-17 16:50:20,17/04/2025 16:50,-,-,-,-,-,-,-
1658554,Entregas Finalizadas Manaus,6,-,-,2025-04-17 17:31:33,17/04/2025 17:31,-,-,-,-,-,-,-
1658550,Entregas Finalizadas Fora de Manaus,8,-,-,2025-04-18 10:49:10,18/04/2025 10:49,-,-,-,-,-,-,-
1658541,Entregas Finalizadas Manaus,6,-,-,2025-04-17 17:58:51,17/04/2025 17:58,-,-,-,-,-,-,-
1658465,Entregas Finalizadas Fora de Manaus,8,-,-,2025-04-17 16:54:26,17/04/2025 16:54,-,-,-,-,-,-,-
1658453,Entregas Finalizadas Manaus,6,-,-,2025-04-17 17:29:10,17/04/2025 17:29,-,-,-,-,-,-,-
1658446,Entregas Finalizadas Manaus,6,-,-,2025-04-25 17:20:22,25/04/2025 17:20,-,-,-,-,-,-,-
1658427,Entregas Finalizadas Manaus,6,-,-,2025-04-17 17:26:22,17/04/2025 17:26,-,-,-,-,-,-,-
1658406,Entregas Finalizadas Manaus,6,-,-,2025-04-17 14:58:27,17/04/2025 14:58,-,-,-,-,-,-,-
1658361,Entregas Finalizadas Manaus,6,-,-,2025-04-17 21:18:28,17/04/2025 21:18,-,-,-,-,-,-,-
1658355,Entregas Finalizadas Fora de Manaus,8,-,-,2025-04-17 20:45:44,17/04/2025 20:45,-,-,-,-,-,-,-
1658349,Vendedor - Nova Encomenda,1,-,-,2025-04-17 12:44:59,17/04/2025 12:44,-,-,-,-,-,-,-
1658346,Entregas Finalizadas Manaus,6,-,-,2025-04-17 17:10:08,17/04/2025 17:10,-,-,-,-,-,-,-
1658333,Entregas Finalizadas Fora de Manaus,8,-,-,2025-04-25 17:23:38,25/04/2025 17:23,-,-,-,-,-,-,-
1658324,Entregas Finalizadas Manaus,6,-,-,2025-04-18 13:22:40,18/04/2025 13:22,-,-,-,-,-,-,-
1658316,Entregas Finalizadas Fora de Manaus,8,-,-,2025-04-17 20:53:36,17/04/2025 20:53,-,-,-,-,-,-,-
1658314,Entregas Finalizadas Fora de Manaus,8,-,-,2025-04-18 11:17:15,18/04/2025 11:17,-,-,-,-,-,-,-
1658275,Entregas Finalizadas Fora de Manaus,8,-,-,2025-04-22 12:39:57,22/04/2025 12:39,-,-,-,-,-,-,-
1658259,Entregas Finalizadas Fora de Manaus,8,-,-,2025-04-17 20:50:54,17/04/2025 20:50,-,-,-,-,-,-,-
1658222,Entregas Finalizadas Fora de Manaus,8,-,-,2025-04-17 21:10:53,17/04/2025 21:10,-,-,-,-,-,-,-
1658172,Vendedor - Nova Encomenda,1,-,-,2025-04-17 11:13:25,17/04/2025 11:13,-,-,-,-,-,-,-
1658161,Entregas Finalizadas Fora de Manaus,8,-,-,2025-04-17 20:47:24,17/04/2025 20:47,-,-,-,-,-,-,-
1657791,Entregas Finalizadas Manaus,6,-,-,2025-04-18 14:10:52,18/04/2025 14:10,-,-,-,-,-,-,-
1657413,Entregas Finalizadas Manaus,6,-,-,2025-04-25 20:58:08,25/04/2025 20:58,-,-,-,-,-,-,-
1656883,Entregas Finalizadas Manaus,6,-,-,2025-04-17 14:19:09,17/04/2025 14:19,-,-,-,-,-,-,-
1656849,Entregas Finalizadas Fora de Manaus,8,-,-,2025-04-17 21:30:08,17/04/2025 21:30,-,-,-,-,-,-,-
1656804,Entregas Finalizadas Fora de Manaus,8,-,-,2025-04-17 21:33:29,17/04/2025 21:33,-,-,-,-,-,-,-
1656798,Entregas Finalizadas Fora de Manaus,8,-,-,2025-04-17 20:42:43,17/04/2025 20:42,-,-,-,-,-,-,-
1656795,Entregas Finalizadas Fora de Manaus,8,-,-,2025-04-17 21:38:21,17/04/2025 21:38,-,-,-,-,-,-,-
1656773,Entregas Finalizadas Manaus,6,-,-,2025-04-17 13:34:53,17/04/2025 13:34,-,-,-,-,-,-,-
1656750,Entregas Finalizadas Fora de Manaus,8,-,-,2025-04-17 21:01:12,17/04/2025 21:01,-,-,-,-,-,-,-
1656659,Entregas Finalizadas Fora de Manaus,8,-,-,2025-04-17 21:42:17,17/04/2025 21:42,-,-,-,-,-,-,-
1656622,Entregas Finalizadas Fora de Manaus,8,-,-,2025-04-17 20:55:03,17/04/2025 20:55,-,-,-,-,-,-,-
1656605,Vendedor - Nova Encomenda,1,-,-,2025-04-16 18:33:08,16/04/2025 18:33,-,-,-,-,-,-,-
1656591,Vendedor - Nova Encomenda,1,-,-,2025-04-16 18:05:13,16/04/2025 18:05,-,-,-,-,-,-,-
1656569,Entregas Finalizadas Fora de Manaus,8,-,-,2025-04-17 21:34:56,17/04/2025 21:34,-,-,-,-,-,-,-
1656561,Vendedor - Nova Encomenda,1,-,-,2025-04-16 17:29:06,16/04/2025 17:29,-,-,-,-,-,-,-
1656548,Entregas Finalizadas Fora de Manaus,8,-,-,2025-04-17 21:07:22,17/04/2025 21:07,-,-,-,-,-,-,-
1656515,Vendedor - Nova Encomenda,1,-,-,2025-04-16 17:01:14,16/04/2025 17:01,-,-,-,-,-,-,-
1656493,Entregas Finalizadas Fora de Manaus,8,-,-,2025-04-21 20:12:28,21/04/2025 20:12,-,-,-,-,-,-,-
1656395,Entregas Finalizadas Fora de Manaus,8,-,-,2025-04-17 20:57:27,17/04/2025 20:57,-,-,-,-,-,-,-
1656384,Entregas Finalizadas Fora de Manaus,8,-,-,2025-04-17 21:03:34,17/04/2025 21:03,-,-,-,-,-,-,-
1656272,Entregas Finalizadas Fora de Manaus,8,-,-,2025-04-23 12:52:17,23/04/2025 12:52,-,-,-,-,-,-,-
1656256,Entregas Finalizadas Manaus,6,-,-,2025-04-17 13:27:20,17/04/2025 13:27,-,-,-,-,-,-,-
1656249,Vendedor - Nova Encomenda,1,-,-,2025-04-16 14:39:16,16/04/2025 14:39,-,-,-,-,-,-,-
1656239,Entregas Finalizadas Fora de Manaus,8,-,-,2025-04-16 22:54:46,16/04/2025 22:54,-,-,-,-,-,-,-
1656198,Entregas Finalizadas Manaus,6,-,-,2025-04-16 17:19:07,16/04/2025 17:19,-,-,-,-,-,-,-
1656192,Entregas Finalizadas Manaus,6,-,-,2025-04-16 17:55:46,16/04/2025 17:55,-,-,-,-,-,-,-
1656152,Entregas Finalizadas Manaus,6,-,-,2025-04-17 13:00:17,17/04/2025 13:00,-,-,-,-,-,-,-
1656138,Vendedor - Nova Encomenda,1,-,-,2025-04-16 13:29:15,16/04/2025 13:29,-,-,-,-,-,-,-
1656129,Entregas Finalizadas Fora de Manaus,8,-,-,2025-04-17 21:24:44,17/04/2025 21:24,-,-,-,-,-,-,-
1656117,Vendedor - Nova Encomenda,1,-,-,2025-04-16 13:14:34,16/04/2025 13:14,-,-,-,-,-,-,-
1656098,Vendedor - Nova Encomenda,1,-,-,2025-04-16 13:03:18,16/04/2025 13:03,-,-,-,-,-,-,-
1656081,Vendedor - Nova Encomenda,1,-,-,2025-04-16 12:53:37,16/04/2025 12:53,-,-,-,-,-,-,-
1656059,Entregas Finalizadas Manaus,6,-,-,2025-04-16 14:04:26,16/04/2025 14:04,-,-,-,-,-,-,-
1656056,Entregas Finalizadas Fora de Manaus,8,-,-,2025-04-21 20:13:44,21/04/2025 20:13,-,-,-,-,-,-,-
1656050,Vendedor - Nova Encomenda,1,-,-,2025-04-16 12:32:38,16/04/2025 12:32,-,-,-,-,-,-,-
1656045,Entregas Finalizadas Manaus,6,-,-,2025-04-16 17:53:42,16/04/2025 17:53,-,-,-,-,-,-,-
1656040,Entregas Finalizadas Fora de Manaus,8,-,-,2025-04-17 21:40:35,17/04/2025 21:40,-,-,-,-,-,-,-
1656032,Entregas Finalizadas Fora de Manaus,8,-,-,2025-04-17 21:26:27,17/04/2025 21:26,-,-,-,-,-,-,-
1656018,Vendedor - Nova Encomenda,1,-,-,2025-04-16 12:13:29,16/04/2025 12:13,-,-,-,-,-,-,-
1656015,Entregas Finalizadas Fora de Manaus,8,-,-,2025-04-16 19:47:34,16/04/2025 19:47,-,-,-,-,-,-,-
1656011,Entregas Finalizadas Fora de Manaus,8,-,-,2025-04-16 22:52:49,16/04/2025 22:52,-,-,-,-,-,-,-
1655988,Entregas Finalizadas Fora de Manaus,8,-,-,2025-04-16 19:34:52,16/04/2025 19:34,-,-,-,-,-,-,-
1655985,Entregas Finalizadas Manaus,6,-,-,2025-04-25 17:26:50,25/04/2025 17:26,-,-,-,-,-,-,-
1655926,Entregas Finalizadas Fora de Manaus,8,-,-,2025-04-16 17:14:53,16/04/2025 17:14,-,-,-,-,-,-,-
1655914,Entregas Finalizadas Fora de Manaus,8,-,-,2025-04-16 19:42:25,16/04/2025 19:42,-,-,-,-,-,-,-
1655814,Entregas Finalizadas Fora de Manaus,8,-,-,2025-04-16 16:02:59,16/04/2025 16:02,-,-,-,-,-,-,-
1655812,Entregas Finalizadas Manaus,6,-,-,2025-04-16 15:05:57,16/04/2025 15:05,-,-,-,-,-,-,-
1655674,Entregas Finalizadas Manaus,6,-,-,2025-04-16 14:24:18,16/04/2025 14:24,-,-,-,-,-,-,-
1655660,Entregas Finalizadas Fora de Manaus,8,-,-,2025-04-16 15:04:28,16/04/2025 15:04,-,-,-,-,-,-,-
1655651,Entregas Finalizadas Fora de Manaus,8,-,-,2025-04-16 19:55:08,16/04/2025 19:55,-,-,-,-,-,-,-
1655601,Entregas Finalizadas Fora de Manaus,8,-,-,2025-04-16 19:49:09,16/04/2025 19:49,-,-,-,-,-,-,-
1655599,Entregas Finalizadas Fora de Manaus,8,-,-,2025-04-16 19:44:05,16/04/2025 19:44,-,-,-,-,-,-,-
1655574,Entregas Finalizadas Fora de Manaus,8,-,-,2025-04-16 19:33:34,16/04/2025 19:33,-,-,-,-,-,-,-
1655527,Entregas Finalizadas Fora de Manaus,8,-,-,2025-04-16 13:21:31,16/04/2025 13:21,-,-,-,-,-,-,-
1655523,Entregas Finalizadas Fora de Manaus,8,-,-,2025-04-17 21:36:43,17/04/2025 21:36,-,-,-,-,-,-,-
1655502,Entregas Finalizadas Fora de Manaus,8,-,-,2025-04-16 12:46:01,16/04/2025 12:46,-,-,-,-,-,-,-
1655453,Vendedor - Nova Encomenda,1,-,-,2025-04-15 21:56:38,15/04/2025 21:56,-,-,-,-,-,-,-
1655358,Entregas Finalizadas Fora de Manaus,8,-,-,2025-04-17 21:31:20,17/04/2025 21:31,-,-,-,-,-,-,-
1655341,Entregas Finalizadas Fora de Manaus,8,-,-,2025-04-16 19:38:46,16/04/2025 19:38,-,-,-,-,-,-,-
1655322,Entregas Finalizadas Fora de Manaus,8,-,-,2025-04-16 11:19:33,16/04/2025 11:19,-,-,-,-,-,-,-
1655301,Entregas Finalizadas Fora de Manaus,8,-,-,2025-04-16 19:45:53,16/04/2025 19:45,-,-,-,-,-,-,-
1655269,Entregas Finalizadas Fora de Manaus,8,-,-,2025-04-17 14:19:52,17/04/2025 14:19,-,-,-,-,-,-,-
1655267,Entregas Finalizadas Fora de Manaus,8,-,-,2025-04-17 21:13:56,17/04/2025 21:13,-,-,-,-,-,-,-
1655146,Entregas Finalizadas Fora de Manaus,8,-,-,2025-04-17 10:43:39,17/04/2025 10:43,-,-,-,-,-,-,-
1654915,Entregas Finalizadas Fora de Manaus,8,-,-,2025-04-18 10:34:13,18/04/2025 10:34,-,-,-,-,-,-,-
1654811,Entregas Finalizadas Manaus,6,-,-,2025-04-15 17:53:11,15/04/2025 17:53,-,-,-,-,-,-,-
1654767,Entregas Finalizadas Manaus,6,-,-,2025-04-15 18:05:05,15/04/2025 18:05,-,-,-,-,-,-,-
1654687,Entregas Finalizadas Fora de Manaus,8,-,-,2025-04-15 20:50:45,15/04/2025 20:50,-,-,-,-,-,-,-
1654651,Entregas Finalizadas Fora de Manaus,8,-,-,2025-04-16 19:57:35,16/04/2025 19:57,-,-,-,-,-,-,-
1654611,Entregas Finalizadas Fora de Manaus,8,-,-,2025-04-15 20:54:51,15/04/2025 20:54,-,-,-,-,-,-,-
1654602,Entregas Finalizadas Fora de Manaus,8,-,-,2025-04-15 21:04:56,15/04/2025 21:04,-,-,-,-,-,-,-
1654581,Entregas Finalizadas Fora de Manaus,8,-,-,2025-04-15 20:41:49,15/04/2025 20:41,-,-,-,-,-,-,-
1654516,Entregas Finalizadas Manaus,6,-,-,2025-04-15 19:36:46,15/04/2025 19:36,-,-,-,-,-,-,-
1654512,Entregas Finalizadas Manaus,6,-,-,2025-04-15 17:17:42,15/04/2025 17:17,-,-,-,-,-,-,-
1654500,Entregas Finalizadas Manaus,6,-,-,2025-04-15 17:46:56,15/04/2025 17:46,-,-,-,-,-,-,-
1654483,Entregas Finalizadas Manaus,6,-,-,2025-04-15 17:24:34,15/04/2025 17:24,-,-,-,-,-,-,-
1654481,Entregas Finalizadas Fora de Manaus,8,-,-,2025-04-15 20:53:06,15/04/2025 20:53,-,-,-,-,-,-,-
1654423,Entregas Finalizadas Fora de Manaus,8,-,-,2025-04-16 16:25:40,16/04/2025 16:25,-,-,-,-,-,-,-
1654117,Entregas Finalizadas Fora de Manaus,8,-,-,2025-04-16 19:56:20,16/04/2025 19:56,-,-,-,-,-,-,-
1653989,Entregas Finalizadas Manaus,6,-,-,2025-04-15 19:14:09,15/04/2025 19:14,-,-,-,-,-,-,-
1653898,Entregas Finalizadas Manaus,6,-,-,2025-04-15 18:58:15,15/04/2025 18:58,-,-,-,-,-,-,-
1653850,Entregas Finalizadas Manaus,6,-,-,2025-04-15 18:33:18,15/04/2025 18:33,-,-,-,-,-,-,-
1653810,Entregas Finalizadas Manaus,6,-,-,2025-04-25 17:30:41,25/04/2025 17:30,-,-,-,-,-,-,-
1653788,Entregas Finalizadas Fora de Manaus,8,-,-,2025-04-15 20:58:25,15/04/2025 20:58,-,-,-,-,-,-,-
1653708,Vendedor - Nova Encomenda,1,-,-,2025-04-15 11:46:57,15/04/2025 11:46,-,-,-,-,-,-,-
1653703,Entregas Finalizadas Manaus,6,-,-,2025-04-15 17:32:59,15/04/2025 17:32,-,-,-,-,-,-,-
1653684,Entregas Finalizadas Manaus,6,-,-,2025-04-15 16:43:47,15/04/2025 16:43,-,-,-,-,-,-,-
1653104,Entregas Finalizadas Manaus,6,-,-,2025-04-15 19:44:16,15/04/2025 19:44,-,-,-,-,-,-,-
1652973,Entregas Finalizadas Manaus,6,-,-,2025-04-16 13:12:39,16/04/2025 13:12,-,-,-,-,-,-,-
1652945,Entregas Finalizadas Manaus,6,-,-,2025-04-15 17:14:25,15/04/2025 17:14,-,-,-,-,-,-,-
1652911,Entregas Finalizadas Fora de Manaus,8,-,-,2025-04-15 13:23:02,15/04/2025 13:23,-,-,-,-,-,-,-
1652883,Entregas Finalizadas Fora de Manaus,8,-,-,2025-04-15 11:52:16,15/04/2025 11:52,-,-,-,-,-,-,-
1652587,Entregas Finalizadas Manaus,6,-,-,2025-04-15 18:08:48,15/04/2025 18:08,-,-,-,-,-,-,-
1652487,Entregas Finalizadas Fora de Manaus,8,-,-,2025-04-16 09:59:56,16/04/2025 09:59,-,-,-,-,-,-,-
1652322,Entregas Finalizadas Fora de Manaus,8,-,-,2025-04-15 20:56:45,15/04/2025 20:56,-,-,-,-,-,-,-
1652047,Entregas Finalizadas Fora de Manaus,8,-,-,2025-04-15 12:53:09,15/04/2025 12:53,-,-,-,-,-,-,-
1651537,Entregas Finalizadas Fora de Manaus,8,-,-,2025-04-16 16:10:14,16/04/2025 16:10,-,-,-,-,-,-,-
1650996,Entregas Finalizadas Fora de Manaus,8,-,-,2025-04-21 20:11:01,21/04/2025 20:11,-,-,-,-,-,-,-
1650883,Vendedor - Nova Encomenda,1,-,-,2025-04-14 18:46:44,14/04/2025 18:46,-,-,-,-,-,-,-
1650803,Entregas Finalizadas Fora de Manaus,8,-,-,2025-04-15 20:36:38,15/04/2025 20:36,-,-,-,-,-,-,-
1650798,Entregas Finalizadas Fora de Manaus,8,-,-,2025-04-15 12:05:52,15/04/2025 12:05,-,-,-,-,-,-,-
1650781,Entregas Finalizadas Fora de Manaus,8,-,-,2025-04-15 20:38:12,15/04/2025 20:38,-,-,-,-,-,-,-
1650770,Entregas Finalizadas Fora de Manaus,8,-,-,2025-04-15 20:39:38,15/04/2025 20:39,-,-,-,-,-,-,-
1650738,Vendedor - Nova Encomenda,1,-,-,2025-04-14 17:49:55,14/04/2025 17:49,-,-,-,-,-,-,-
1650732,Entregas Finalizadas Fora de Manaus,8,-,-,2025-04-15 12:51:59,15/04/2025 12:51,-,-,-,-,-,-,-
1650689,Entregas Finalizadas Manaus,6,-,-,2025-04-15 15:15:35,15/04/2025 15:15,-,-,-,-,-,-,-
1650684,Vendedor - Nova Encomenda,1,-,-,2025-04-14 17:27:29,14/04/2025 17:27,-,-,-,-,-,-,-
1650676,Entregas Finalizadas Fora de Manaus,8,-,-,2025-04-16 14:49:07,16/04/2025 14:49,-,-,-,-,-,-,-
1650529,Entregas Finalizadas Fora de Manaus,8,-,-,2025-04-15 21:03:23,15/04/2025 21:03,-,-,-,-,-,-,-
1650339,Entregas Finalizadas Fora de Manaus,8,-,-,2025-04-15 21:00:21,15/04/2025 21:00,-,-,-,-,-,-,-
1650323,Entregas Finalizadas Fora de Manaus,8,-,-,2025-04-15 11:58:39,15/04/2025 11:58,-,-,-,-,-,-,-
1650310,Entregas Finalizadas Fora de Manaus,8,-,-,2025-04-14 17:57:20,14/04/2025 17:57,-,-,-,-,-,-,-
1650180,Entregas Finalizadas Fora de Manaus,8,-,-,2025-04-14 18:04:11,14/04/2025 18:04,-,-,-,-,-,-,-
1649510,Entregas Finalizadas Manaus,6,-,-,2025-04-14 17:14:24,14/04/2025 17:14,-,-,-,-,-,-,-
1649490,Entregas Finalizadas Fora de Manaus,8,-,-,2025-04-14 17:12:14,14/04/2025 17:12,-,-,-,-,-,-,-
1649484,Entregas Finalizadas Fora de Manaus,8,-,-,2025-04-16 19:52:06,16/04/2025 19:52,-,-,-,-,-,-,-
1649390,Entregas Finalizadas Manaus,6,-,-,2025-04-15 15:03:27,15/04/2025 15:03,-,-,-,-,-,-,-
1649348,Entregas Finalizadas Fora de Manaus,8,-,-,2025-04-14 17:49:15,14/04/2025 17:49,-,-,-,-,-,-,-
1649289,Entregas Finalizadas Fora de Manaus,8,-,-,2025-04-14 16:59:41,14/04/2025 16:59,-,-,-,-,-,-,-
1649216,Entregas Finalizadas Fora de Manaus,8,-,-,2025-04-16 11:17:16,16/04/2025 11:17,-,-,-,-,-,-,-
1649212,Entregas Finalizadas Manaus,6,-,-,2025-04-14 17:17:14,14/04/2025 17:17,-,-,-,-,-,-,-
1649207,Entregas Finalizadas Manaus,6,-,-,2025-04-16 18:47:10,16/04/2025 18:47,-,-,-,-,-,-,-
1649197,Entregas Finalizadas Manaus,6,-,-,2025-04-14 14:47:27,14/04/2025 14:47,-,-,-,-,-,-,-
1649182,Entregas Finalizadas Manaus,6,-,-,2025-04-16 18:48:48,16/04/2025 18:48,-,-,-,-,-,-,-
1648842,Entregas Finalizadas Fora de Manaus,8,-,-,2025-04-14 18:05:59,14/04/2025 18:05,-,-,-,-,-,-,-
1648649,Entregas Finalizadas Fora de Manaus,8,-,-,2025-04-14 17:53:54,14/04/2025 17:53,-,-,-,-,-,-,-
1648500,Entregas Finalizadas Fora de Manaus,8,-,-,2025-04-14 16:48:15,14/04/2025 16:48,-,-,-,-,-,-,-
1648446,Vendedor - Nova Encomenda,1,-,-,2025-04-14 11:30:14,14/04/2025 11:30,-,-,-,-,-,-,-
1647714,Entregas Finalizadas Fora de Manaus,8,-,-,2025-04-14 15:47:42,14/04/2025 15:47,-,-,-,-,-,-,-
1647590,Entregas Finalizadas Manaus,6,-,-,2025-04-14 13:32:00,14/04/2025 13:32,-,-,-,-,-,-,-
1647463,Entregas Finalizadas Fora de Manaus,8,-,-,2025-04-14 15:45:48,14/04/2025 15:45,-,-,-,-,-,-,-
1647208,Entregas Finalizadas Manaus,6,-,-,2025-04-14 18:27:07,14/04/2025 18:27,-,-,-,-,-,-,-
1647034,Entregas Finalizadas Fora de Manaus,8,-,-,2025-04-14 15:49:49,14/04/2025 15:49,-,-,-,-,-,-,-
1646976,Entregas Finalizadas Fora de Manaus,8,-,-,2025-04-14 17:35:05,14/04/2025 17:35,-,-,-,-,-,-,-
1646888,Entregas Finalizadas Fora de Manaus,8,-,-,2025-04-14 17:33:09,14/04/2025 17:33,-,-,-,-,-,-,-
1646865,Entregas Finalizadas Fora de Manaus,8,-,-,2025-04-17 09:35:58,17/04/2025 09:35,-,-,-,-,-,-,-
1646746,Entregas Finalizadas Fora de Manaus,8,-,-,2025-04-14 15:51:26,14/04/2025 15:51,-,-,-,-,-,-,-
1646416,Entregas Finalizadas Fora de Manaus,8,-,-,2025-04-16 16:00:51,16/04/2025 16:00,-,-,-,-,-,-,-
1646401,Entregas Finalizadas Fora de Manaus,8,-,-,2025-04-14 12:56:26,14/04/2025 12:56,-,-,-,-,-,-,-
1646330,Entregas Finalizadas Fora de Manaus,8,-,-,2025-04-14 12:41:07,14/04/2025 12:41,-,-,-,-,-,-,-
1646244,Entregas Finalizadas Fora de Manaus,8,-,-,2025-04-14 17:06:22,14/04/2025 17:06,-,-,-,-,-,-,-
1646241,Vendedor - Nova Encomenda,1,-,-,2025-04-13 20:59:41,13/04/2025 20:59,-,-,-,-,-,-,-
1645758,Entregas Finalizadas Fora de Manaus,8,-,-,2025-04-14 16:54:00,14/04/2025 16:54,-,-,-,-,-,-,-
1645665,Entregas Finalizadas Manaus,6,-,-,2025-04-12 13:59:43,12/04/2025 13:59,-,-,-,-,-,-,-
1645649,Entregas Finalizadas Manaus,6,-,-,2025-04-12 14:20:08,12/04/2025 14:20,-,-,-,-,-,-,-
1645613,Vendedor - Nova Encomenda,1,-,-,2025-04-12 11:51:20,12/04/2025 11:51,-,-,-,-,-,-,-
1645576,Entregas Finalizadas Fora de Manaus,8,-,-,2025-04-14 12:37:16,14/04/2025 12:37,-,-,-,-,-,-,-
1645134,Entregas Finalizadas Manaus,6,-,-,2025-04-14 14:03:01,14/04/2025 14:03,-,-,-,-,-,-,-
1644997,Entregas Finalizadas Manaus,6,-,-,2025-04-14 15:01:09,14/04/2025 15:01,-,-,-,-,-,-,-
1643697,Entregas Finalizadas Manaus,6,-,-,2025-04-12 13:31:43,12/04/2025 13:31,-,-,-,-,-,-,-
1643456,Entregas Finalizadas Fora de Manaus,8,-,-,2025-04-12 13:28:20,12/04/2025 13:28,-,-,-,-,-,-,-
1643446,Entregas Finalizadas Fora de Manaus,8,-,-,2025-04-15 21:06:21,15/04/2025 21:06,-,-,-,-,-,-,-
1643428,Entregas Finalizadas Manaus,6,-,-,2025-04-12 14:18:54,12/04/2025 14:18,-,-,-,-,-,-,-
1643399,Entregas Finalizadas Manaus,6,-,-,2025-04-12 14:54:45,12/04/2025 14:54,-,-,-,-,-,-,-
1643287,Entregas Finalizadas Manaus,6,-,-,2025-04-12 09:50:33,12/04/2025 09:50,-,-,-,-,-,-,-
1643262,Entregas Finalizadas Fora de Manaus,8,-,-,2025-04-12 13:24:25,12/04/2025 13:24,-,-,-,-,-,-,-
1643230,Vendedor - Nova Encomenda,1,-,-,2025-04-11 16:41:13,11/04/2025 16:41,-,-,-,-,-,-,-
1643201,Entregas Finalizadas Manaus,6,-,-,2025-04-11 21:50:11,11/04/2025 21:50,-,-,-,-,-,-,-
1643193,Entregas Finalizadas Manaus,6,-,-,2025-04-11 17:39:42,11/04/2025 17:39,-,-,-,-,-,-,-
1642987,Entregas Finalizadas Fora de Manaus,8,-,-,2025-04-11 23:27:54,11/04/2025 23:27,-,-,-,-,-,-,-
1642945,Vendedor - Nova Encomenda,1,-,-,2025-04-11 14:54:34,11/04/2025 14:54,-,-,-,-,-,-,-
1642942,Entregas Finalizadas Fora de Manaus,8,-,-,2025-04-11 18:17:22,11/04/2025 18:17,-,-,-,-,-,-,-
1642904,Entregas Finalizadas Fora de Manaus,8,-,-,2025-04-11 23:52:28,11/04/2025 23:52,-,-,-,-,-,-,-
1642893,Entregas Finalizadas Manaus,6,-,-,2025-04-11 17:57:55,11/04/2025 17:57,-,-,-,-,-,-,-
1642888,Entregas Finalizadas Fora de Manaus,8,-,-,2025-04-11 17:40:22,11/04/2025 17:40,-,-,-,-,-,-,-
1642886,Entregas Finalizadas Fora de Manaus,8,-,-,2025-04-11 17:39:14,11/04/2025 17:39,-,-,-,-,-,-,-
1642859,Entregas Finalizadas Manaus,6,-,-,2025-04-11 17:24:28,11/04/2025 17:24,-,-,-,-,-,-,-
1642836,Entregas Finalizadas Fora de Manaus,8,-,-,2025-04-13 12:36:30,13/04/2025 12:36,-,-,-,-,-,-,-
1642832,Entregas Finalizadas Fora de Manaus,8,-,-,2025-04-12 09:27:37,12/04/2025 09:27,-,-,-,-,-,-,-
1642810,Entregas Finalizadas Manaus,6,-,-,2025-04-11 21:59:19,11/04/2025 21:59,-,-,-,-,-,-,-
1642744,Entregas Finalizadas Fora de Manaus,8,-,-,2025-04-14 12:39:43,14/04/2025 12:39,-,-,-,-,-,-,-
1642734,Canceladas,X,lojamanoa@rommanelmanaus.com.br,-,2025-04-12 10:02:03,12/04/2025 10:02,-,-,-,-,-,-,-
1642719,Entregas Finalizadas Fora de Manaus,8,-,-,2025-04-16 09:55:39,16/04/2025 09:55,-,-,-,-,-,-,-
1642715,Entregas Finalizadas Fora de Manaus,8,-,-,2025-04-11 23:12:15,11/04/2025 23:12,-,-,-,-,-,-,-
1642700,Entregas Finalizadas Manaus,6,-,-,2025-04-11 17:05:47,11/04/2025 17:05,-,-,-,-,-,-,-
1642692,Vendedor - Nova Encomenda,1,-,-,2025-04-11 12:42:04,11/04/2025 12:42,-,-,-,-,-,-,-
1642685,Entregas Finalizadas Manaus,6,-,-,2025-04-11 21:25:28,11/04/2025 21:25,-,-,-,-,-,-,-
1642682,Entregas Finalizadas Fora de Manaus,8,-,-,2025-04-11 23:55:09,11/04/2025 23:55,-,-,-,-,-,-,-
1642661,Entregas Finalizadas Fora de Manaus,8,-,-,2025-04-14 13:06:08,14/04/2025 13:06,-,-,-,-,-,-,-
1642656,Entregas Finalizadas Manaus,6,-,-,2025-04-11 13:05:14,11/04/2025 13:05,-,-,-,-,-,-,-
1642626,Entregas Finalizadas Fora de Manaus,8,-,-,2025-04-16 09:52:41,16/04/2025 09:52,-,-,-,-,-,-,-
1642611,Entregas Finalizadas Fora de Manaus,8,-,-,2025-04-11 23:36:01,11/04/2025 23:36,-,-,-,-,-,-,-
1642595,Entregas Finalizadas Manaus,6,-,-,2025-04-11 13:30:34,11/04/2025 13:30,-,-,-,-,-,-,-
1642504,Entregas Finalizadas Fora de Manaus,8,-,-,2025-04-14 13:08:34,14/04/2025 13:08,-,-,-,-,-,-,-
1642490,Entregas Finalizadas Fora de Manaus,8,-,-,2025-04-11 23:18:20,11/04/2025 23:18,-,-,-,-,-,-,-
1642481,Entregas Finalizadas Fora de Manaus,8,-,-,2025-04-12 13:32:03,12/04/2025 13:32,-,-,-,-,-,-,-
1642466,Entregas Finalizadas Fora de Manaus,8,-,-,2025-04-11 23:16:05,11/04/2025 23:16,-,-,-,-,-,-,-
1642454,Entregas Finalizadas Fora de Manaus,8,-,-,2025-04-12 09:15:54,12/04/2025 09:15,-,-,-,-,-,-,-
1642437,Entregas Finalizadas Fora de Manaus,8,-,-,2025-04-11 15:29:56,11/04/2025 15:29,-,-,-,-,-,-,-
1642435,Entregas Finalizadas Fora de Manaus,8,-,-,2025-04-11 23:43:40,11/04/2025 23:43,-,-,-,-,-,-,-
1642419,Entregas Finalizadas Fora de Manaus,8,-,-,2025-04-11 13:07:02,11/04/2025 13:07,-,-,-,-,-,-,-
1642394,Entregas Finalizadas Fora de Manaus,8,-,-,2025-04-13 12:38:36,13/04/2025 12:38,-,-,-,-,-,-,-
1642307,Entregas Finalizadas Manaus,6,-,-,2025-04-11 18:08:14,11/04/2025 18:08,-,-,-,-,-,-,-
1642163,Entregas Finalizadas Fora de Manaus,8,-,-,2025-04-11 23:39:58,11/04/2025 23:39,-,-,-,-,-,-,-
1642128,Entregas Finalizadas Fora de Manaus,8,-,-,2025-04-11 15:22:34,11/04/2025 15:22,-,-,-,-,-,-,-
1641902,Entregas Finalizadas Fora de Manaus,8,-,-,2025-04-12 09:33:56,12/04/2025 09:33,-,-,-,-,-,-,-
1641843,Entregas Finalizadas Fora de Manaus,8,-,-,2025-04-12 10:08:10,12/04/2025 10:08,-,-,-,-,-,-,-
1641513,Entregas Finalizadas Fora de Manaus,8,-,-,2025-04-11 12:44:24,11/04/2025 12:44,-,-,-,-,-,-,-
1641509,Entregas Finalizadas Fora de Manaus,8,-,-,2025-04-11 13:19:11,11/04/2025 13:19,-,-,-,-,-,-,-
1641507,Entregas Finalizadas Fora de Manaus,8,-,-,2025-04-11 15:20:56,11/04/2025 15:20,-,-,-,-,-,-,-
1641504,Entregas Finalizadas Fora de Manaus,8,-,-,2025-04-11 13:29:48,11/04/2025 13:29,-,-,-,-,-,-,-
1641492,Entregas Finalizadas Manaus,6,-,-,2025-04-11 14:25:20,11/04/2025 14:25,-,-,-,-,-,-,-
1641453,Entregas Finalizadas Fora de Manaus,8,-,-,2025-04-11 23:48:12,11/04/2025 23:48,-,-,-,-,-,-,-
1641334,Entregas Finalizadas Fora de Manaus,8,-,-,2025-04-11 15:34:15,11/04/2025 15:34,-,-,-,-,-,-,-
1641329,Entregas Finalizadas Manaus,6,-,-,2025-04-11 21:33:20,11/04/2025 21:33,-,-,-,-,-,-,-
1641322,Vendedor - Nova Encomenda,1,-,-,2025-04-10 16:57:22,10/04/2025 16:57,-,-,-,-,-,-,-
1641316,Entregas Finalizadas Manaus,6,-,-,2025-04-12 10:56:21,12/04/2025 10:56,-,-,-,-,-,-,-
1641313,Vendedor - Nova Encomenda,1,-,-,2025-04-10 16:52:55,10/04/2025 16:52,-,-,-,-,-,-,-
1641297,Entregas Finalizadas Manaus,6,-,-,2025-04-11 21:21:13,11/04/2025 21:21,-,-,-,-,-,-,-
1641262,Entregas Finalizadas Fora de Manaus,8,-,-,2025-04-10 20:17:29,10/04/2025 20:17,-,-,-,-,-,-,-
1641245,Entregas Finalizadas Manaus,6,-,-,2025-04-11 13:24:10,11/04/2025 13:24,-,-,-,-,-,-,-
1641231,Entregas Finalizadas Manaus,6,-,-,2025-04-11 22:47:25,11/04/2025 22:47,-,-,-,-,-,-,-
1641152,Entregas Finalizadas Fora de Manaus,8,-,-,2025-04-11 23:08:14,11/04/2025 23:08,-,-,-,-,-,-,-
1641108,Vendedor - Nova Encomenda,1,-,-,2025-04-10 15:29:30,10/04/2025 15:29,-,-,-,-,-,-,-
1641104,Vendedor - Nova Encomenda,1,-,-,2025-04-10 15:26:33,10/04/2025 15:26,-,-,-,-,-,-,-
1641072,Entregas Finalizadas Manaus,6,-,-,2025-04-10 18:21:15,10/04/2025 18:21,-,-,-,-,-,-,-
1641022,Entregas Finalizadas Manaus,6,-,-,2025-04-10 23:35:43,10/04/2025 23:35,-,-,-,-,-,-,-
1640973,Entregas Finalizadas Manaus,6,-,-,2025-04-10 23:41:56,10/04/2025 23:41,-,-,-,-,-,-,-
1640945,Entregas Finalizadas Fora de Manaus,8,-,-,2025-04-10 21:15:10,10/04/2025 21:15,-,-,-,-,-,-,-
1640918,Entregas Finalizadas Manaus,6,-,-,2025-04-11 10:31:16,11/04/2025 10:31,-,-,-,-,-,-,-
1640895,Entregas Finalizadas Fora de Manaus,8,-,-,2025-04-11 17:28:47,11/04/2025 17:28,-,-,-,-,-,-,-
1640887,Entregas Finalizadas Manaus,6,-,-,2025-04-10 23:43:23,10/04/2025 23:43,-,-,-,-,-,-,-
1640878,Entregas Finalizadas Fora de Manaus,8,-,-,2025-04-10 21:03:05,10/04/2025 21:03,-,-,-,-,-,-,-
1640804,Entregas Finalizadas Manaus,6,-,-,2025-04-12 11:07:14,12/04/2025 11:07,-,-,-,-,-,-,-
1640702,Entregas Finalizadas Fora de Manaus,8,-,-,2025-04-11 12:45:45,11/04/2025 12:45,-,-,-,-,-,-,-
1640661,Entregas Finalizadas Fora de Manaus,8,-,-,2025-04-10 20:20:09,10/04/2025 20:20,-,-,-,-,-,-,-
1640633,Entregas Finalizadas Fora de Manaus,8,-,-,2025-04-10 20:23:23,10/04/2025 20:23,-,-,-,-,-,-,-
1640586,Vendedor - Nova Encomenda,1,-,-,2025-04-10 12:58:55,10/04/2025 12:58,-,-,-,-,-,-,-
1640584,Entregas Finalizadas Manaus,6,-,-,2025-04-10 19:33:20,10/04/2025 19:33,-,-,-,-,-,-,-
1640562,Entregas Finalizadas Fora de Manaus,8,-,-,2025-04-11 12:39:12,11/04/2025 12:39,-,-,-,-,-,-,-
1640553,Entregas Finalizadas Manaus,6,-,-,2025-04-10 23:39:28,10/04/2025 23:39,-,-,-,-,-,-,-
1640536,Entregas Finalizadas Manaus,6,-,-,2025-04-10 19:31:11,10/04/2025 19:31,-,-,-,-,-,-,-
1640525,Entregas Finalizadas Fora de Manaus,8,-,-,2025-04-11 12:59:51,11/04/2025 12:59,-,-,-,-,-,-,-
1640494,Entregas Finalizadas Manaus,6,-,-,2025-04-10 19:48:48,10/04/2025 19:48,-,-,-,-,-,-,-
1640438,Entregas Finalizadas Fora de Manaus,8,-,-,2025-04-11 13:02:47,11/04/2025 13:02,-,-,-,-,-,-,-
1640429,Entregas Finalizadas Fora de Manaus,8,-,-,2025-04-10 20:18:50,10/04/2025 20:18,-,-,-,-,-,-,-
1640297,Entregas Finalizadas Manaus,6,-,-,2025-04-10 23:37:21,10/04/2025 23:37,-,-,-,-,-,-,-
1640283,Vendedor - Nova Encomenda,1,-,-,2025-04-10 11:03:50,10/04/2025 11:03,-,-,-,-,-,-,-
1640277,Entregas Finalizadas Manaus,6,-,-,2025-04-10 18:52:22,10/04/2025 18:52,-,-,-,-,-,-,-
1640230,Entregas Finalizadas Manaus,6,-,-,2025-04-10 19:40:03,10/04/2025 19:40,-,-,-,-,-,-,-
1640221,Entregas Finalizadas Fora de Manaus,8,-,-,2025-04-10 13:36:21,10/04/2025 13:36,-,-,-,-,-,-,-
1640216,Entregas Finalizadas Manaus,6,-,-,2025-04-11 10:35:02,11/04/2025 10:35,-,-,-,-,-,-,-
1640209,Entregas Finalizadas Fora de Manaus,8,-,-,2025-04-10 21:19:34,10/04/2025 21:19,-,-,-,-,-,-,-
1640027,Entregas Finalizadas Fora de Manaus,8,-,-,2025-04-10 13:18:00,10/04/2025 13:18,-,-,-,-,-,-,-
1640026,Entregas Finalizadas Fora de Manaus,8,-,-,2025-04-10 21:06:34,10/04/2025 21:06,-,-,-,-,-,-,-
1639931,Entregas Finalizadas Fora de Manaus,8,-,-,2025-04-10 10:51:25,10/04/2025 10:51,-,-,-,-,-,-,-
1639925,Entregas Finalizadas Fora de Manaus,8,-,-,2025-04-10 20:21:54,10/04/2025 20:21,-,-,-,-,-,-,-
1639914,Vendedor - Nova Encomenda,1,-,-,2025-04-10 09:58:58,10/04/2025 09:58,-,-,-,-,-,-,-
1639906,Entregas Finalizadas Fora de Manaus,8,-,-,2025-04-10 17:55:25,10/04/2025 17:55,-,-,-,-,-,-,-
1639877,Entregas Finalizadas Fora de Manaus,8,-,-,2025-04-10 20:29:16,10/04/2025 20:29,-,-,-,-,-,-,-
1639555,Entregas Finalizadas Fora de Manaus,8,-,-,2025-04-10 20:56:24,10/04/2025 20:56,-,-,-,-,-,-,-
1639542,Entregas Finalizadas Fora de Manaus,8,-,-,2025-04-10 13:25:47,10/04/2025 13:25,-,-,-,-,-,-,-
1639530,Entregas Finalizadas Fora de Manaus,8,-,-,2025-04-10 20:25:16,10/04/2025 20:25,-,-,-,-,-,-,-
1639519,Entregas Finalizadas Fora de Manaus,8,-,-,2025-04-14 16:57:52,14/04/2025 16:57,-,-,-,-,-,-,-
1639487,Vendedor - Nova Encomenda,1,-,-,2025-04-09 17:23:38,09/04/2025 17:23,-,-,-,-,-,-,-
1639262,Entregas Finalizadas Fora de Manaus,8,-,-,2025-04-10 20:52:40,10/04/2025 20:52,-,-,-,-,-,-,-
1639239,Canceladas,X,lojarui@mondellebrasil.com.br,-,2025-04-09 15:49:27,09/04/2025 15:49,-,-,-,-,-,-,-
1639172,Entregas Finalizadas Fora de Manaus,8,-,-,2025-04-10 12:41:17,10/04/2025 12:41,-,-,-,-,-,-,-
1639144,Entregas Finalizadas Fora de Manaus,8,-,-,2025-04-11 13:33:33,11/04/2025 13:33,-,-,-,-,-,-,-
1639135,Entregas Finalizadas Fora de Manaus,8,-,-,2025-04-10 13:09:51,10/04/2025 13:09,-,-,-,-,-,-,-
1638874,Entregas Finalizadas Manaus,6,-,-,2025-04-09 18:29:17,09/04/2025 18:29,-,-,-,-,-,-,-
1638804,Entregas Finalizadas Manaus,6,-,-,2025-04-09 19:31:19,09/04/2025 19:31,-,-,-,-,-,-,-
1638802,Entregas Finalizadas Fora de Manaus,8,-,-,2025-04-10 21:20:49,10/04/2025 21:20,-,-,-,-,-,-,-
1638565,Entregas Finalizadas Manaus,6,-,-,2025-04-09 17:10:11,09/04/2025 17:10,-,-,-,-,-,-,-
1638409,Entregas Finalizadas Fora de Manaus,8,-,-,2025-04-09 20:11:22,09/04/2025 20:11,-,-,-,-,-,-,-
1638400,Entregas Finalizadas Fora de Manaus,8,-,-,2025-04-09 20:32:49,09/04/2025 20:32,-,-,-,-,-,-,-
1638370,Entregas Finalizadas Manaus,6,-,-,2025-04-09 19:01:54,09/04/2025 19:01,-,-,-,-,-,-,-
1638254,Entregas Finalizadas Manaus,6,-,-,2025-04-09 17:32:25,09/04/2025 17:32,-,-,-,-,-,-,-
1637822,Entregas Finalizadas Manaus,6,-,-,2025-04-09 18:00:15,09/04/2025 18:00,-,-,-,-,-,-,-
1637730,Entregas Finalizadas Manaus,6,-,-,2025-04-09 18:41:54,09/04/2025 18:41,-,-,-,-,-,-,-
1637713,Entregas Finalizadas Fora de Manaus,8,-,-,2025-04-09 18:10:41,09/04/2025 18:10,-,-,-,-,-,-,-
1637711,Entregas Finalizadas Manaus,6,-,-,2025-04-10 18:30:09,10/04/2025 18:30,-,-,-,-,-,-,-
1637677,Entregas Finalizadas Manaus,6,-,-,2025-04-09 19:35:08,09/04/2025 19:35,-,-,-,-,-,-,-
1637177,Entregas Finalizadas Manaus,6,-,-,2025-04-09 19:00:05,09/04/2025 19:00,-,-,-,-,-,-,-
1636996,Entregas Finalizadas Fora de Manaus,8,-,-,2025-04-11 12:16:53,11/04/2025 12:16,-,-,-,-,-,-,-
1636760,Entregas Finalizadas Fora de Manaus,8,-,-,2025-04-09 20:21:14,09/04/2025 20:21,-,-,-,-,-,-,-
1636199,Entregas Finalizadas Fora de Manaus,8,-,-,2025-04-09 20:37:53,09/04/2025 20:37,-,-,-,-,-,-,-
1636124,Entregas Finalizadas Manaus,6,-,-,2025-04-09 17:01:03,09/04/2025 17:01,-,-,-,-,-,-,-
1635973,Entregas Finalizadas Manaus,6,-,-,2025-04-09 18:07:50,09/04/2025 18:07,-,-,-,-,-,-,-
1635432,Vendedor - Nova Encomenda,1,-,-,2025-04-09 12:03:14,09/04/2025 12:03,-,-,-,-,-,-,-
1635350,Vendedor - Nova Encomenda,1,-,-,2025-04-09 11:40:05,09/04/2025 11:40,-,-,-,-,-,-,-
1635329,Entregas Finalizadas Fora de Manaus,8,-,-,2025-04-09 20:35:21,09/04/2025 20:35,-,-,-,-,-,-,-
1635290,Entregas Finalizadas Fora de Manaus,8,-,-,2025-04-09 14:38:58,09/04/2025 14:38,-,-,-,-,-,-,-
1635274,Entregas Finalizadas Fora de Manaus,8,-,-,2025-04-09 20:06:45,09/04/2025 20:06,-,-,-,-,-,-,-
1635267,Entregas Finalizadas Fora de Manaus,8,-,-,2025-04-09 13:49:46,09/04/2025 13:49,-,-,-,-,-,-,-
1635262,Entregas Finalizadas Manaus,6,-,-,2025-04-09 13:36:35,09/04/2025 13:36,-,-,-,-,-,-,-
1635245,Entregas Finalizadas Fora de Manaus,8,-,-,2025-04-09 13:48:35,09/04/2025 13:48,-,-,-,-,-,-,-
1635105,Entregas Finalizadas Manaus,6,-,-,2025-04-09 15:00:07,09/04/2025 15:00,-,-,-,-,-,-,-
1634934,Entregas Finalizadas Fora de Manaus,8,-,-,2025-04-09 20:08:51,09/04/2025 20:08,-,-,-,-,-,-,-
1634711,Entregas Finalizadas Manaus,6,-,-,2025-04-09 14:00:11,09/04/2025 14:00,-,-,-,-,-,-,-
1634650,Entregas Finalizadas Manaus,6,-,-,2025-04-09 17:50:53,09/04/2025 17:50,-,-,-,-,-,-,-
1634621,Entregas Finalizadas Fora de Manaus,8,-,-,2025-04-09 20:46:30,09/04/2025 20:46,-,-,-,-,-,-,-
1634584,Entregas Finalizadas Manaus,6,-,-,2025-04-09 17:39:09,09/04/2025 17:39,-,-,-,-,-,-,-
1634510,Entregas Finalizadas Fora de Manaus,8,-,-,2025-04-09 13:21:38,09/04/2025 13:21,-,-,-,-,-,-,-
1634438,Entregas Finalizadas Fora de Manaus,8,-,-,2025-04-10 12:38:54,10/04/2025 12:38,-,-,-,-,-,-,-
1634202,Entregas Finalizadas Manaus,6,-,-,2025-04-09 13:37:23,09/04/2025 13:37,-,-,-,-,-,-,-
1634132,Entregas Finalizadas Fora de Manaus,8,-,-,2025-04-09 11:10:12,09/04/2025 11:10,-,-,-,-,-,-,-
1634106,Entregas Finalizadas Fora de Manaus,8,-,-,2025-04-09 13:57:08,09/04/2025 13:57,-,-,-,-,-,-,-
1633539,Entregas Finalizadas Fora de Manaus,8,-,-,2025-04-09 13:59:25,09/04/2025 13:59,-,-,-,-,-,-,-
1633529,Entregas Finalizadas Fora de Manaus,8,-,-,2025-04-09 14:05:05,09/04/2025 14:05,-,-,-,-,-,-,-
1633507,Vendedor - Nova Encomenda,1,-,-,2025-04-08 18:09:02,08/04/2025 18:09,-,-,-,-,-,-,-
1633505,Entregas Finalizadas Fora de Manaus,8,-,-,2025-04-09 20:05:13,09/04/2025 20:05,-,-,-,-,-,-,-
1633500,Entregas Finalizadas Fora de Manaus,8,-,-,2025-04-10 10:21:30,10/04/2025 10:21,-,-,-,-,-,-,-
1633497,Entregas Finalizadas Fora de Manaus,8,-,-,2025-04-12 12:21:21,12/04/2025 12:21,-,-,-,-,-,-,-
1633489,Entregas Finalizadas Fora de Manaus,8,-,-,2025-04-09 10:43:06,09/04/2025 10:43,-,-,-,-,-,-,-
1633458,Entregas Finalizadas Fora de Manaus,8,-,-,2025-04-09 15:55:00,09/04/2025 15:55,-,-,-,-,-,-,-
1633316,Entregas Finalizadas Fora de Manaus,8,-,-,2025-04-08 20:31:23,08/04/2025 20:31,-,-,-,-,-,-,-
1633276,Entregas Finalizadas Fora de Manaus,8,-,-,2025-04-09 13:55:55,09/04/2025 13:55,-,-,-,-,-,-,-
1633267,Vendedor - Nova Encomenda,1,-,-,2025-04-08 15:51:01,08/04/2025 15:51,-,-,-,-,-,-,-
1633218,Entregas Finalizadas Fora de Manaus,8,-,-,2025-04-14 13:29:21,14/04/2025 13:29,-,-,-,-,-,-,-
1633025,Entregas Finalizadas Manaus,6,-,-,2025-04-08 16:54:55,08/04/2025 16:54,-,-,-,-,-,-,-
1633009,Entregas Finalizadas Manaus,6,-,-,2025-04-08 19:03:58,08/04/2025 19:03,-,-,-,-,-,-,-
1632979,Entregas Finalizadas Manaus,6,-,-,2025-04-08 17:08:37,08/04/2025 17:08,-,-,-,-,-,-,-
1632938,Entregas Finalizadas Manaus,6,-,-,2025-04-08 18:48:30,08/04/2025 18:48,-,-,-,-,-,-,-
1632911,Entregas Finalizadas Manaus,6,-,-,2025-04-08 21:16:28,08/04/2025 21:16,-,-,-,-,-,-,-
1632824,Entregas Finalizadas Fora de Manaus,8,-,-,2025-04-08 20:35:05,08/04/2025 20:35,-,-,-,-,-,-,-
1632794,Entregas Finalizadas Manaus,6,-,-,2025-04-08 17:04:45,08/04/2025 17:04,-,-,-,-,-,-,-
1632446,Entregas Finalizadas Manaus,6,-,-,2025-04-08 16:53:44,08/04/2025 16:53,-,-,-,-,-,-,-
1632270,Entregas Finalizadas Fora de Manaus,8,-,-,2025-04-08 20:33:29,08/04/2025 20:33,-,-,-,-,-,-,-
1631877,Entregas Finalizadas Manaus,6,-,-,2025-04-08 14:59:41,08/04/2025 14:59,-,-,-,-,-,-,-
1629195,Entregas Finalizadas Fora de Manaus,8,-,-,2025-04-08 12:00:55,08/04/2025 12:00,-,-,-,-,-,-,-
1629155,Entregas Finalizadas Fora de Manaus,8,-,-,2025-04-08 17:17:36,08/04/2025 17:17,-,-,-,-,-,-,-
1629108,Entregas Finalizadas Manaus,6,-,-,2025-04-08 15:25:27,08/04/2025 15:25,-,-,-,-,-,-,-
1629082,Entregas Finalizadas Fora de Manaus,8,-,-,2025-04-08 13:10:38,08/04/2025 13:10,-,-,-,-,-,-,-
1628728,Entregas Finalizadas Fora de Manaus,8,-,-,2025-04-08 16:46:52,08/04/2025 16:46,-,-,-,-,-,-,-
1628722,Vendedor - Nova Encomenda,1,-,-,2025-04-07 18:48:28,07/04/2025 18:48,-,-,-,-,-,-,-
1628684,Entregas Finalizadas Fora de Manaus,8,-,-,2025-04-08 20:41:03,08/04/2025 20:41,-,-,-,-,-,-,-
1628678,Entregas Finalizadas Fora de Manaus,8,-,-,2025-04-08 13:09:03,08/04/2025 13:09,-,-,-,-,-,-,-
1628580,Entregas Finalizadas Fora de Manaus,8,-,-,2025-04-10 13:00:52,10/04/2025 13:00,-,-,-,-,-,-,-
1628576,Entregas Finalizadas Fora de Manaus,8,-,-,2025-04-08 20:39:58,08/04/2025 20:39,-,-,-,-,-,-,-
1628419,Entregas Finalizadas Manaus,6,-,-,2025-04-07 19:46:31,07/04/2025 19:46,-,-,-,-,-,-,-
1628380,Entregas Finalizadas Fora de Manaus,8,-,-,2025-04-09 10:48:06,09/04/2025 10:48,-,-,-,-,-,-,-
1628360,Entregas Finalizadas Manaus,6,-,-,2025-04-07 17:33:54,07/04/2025 17:33,-,-,-,-,-,-,-
1628356,Entregas Finalizadas Manaus,6,-,-,2025-04-07 17:49:14,07/04/2025 17:49,-,-,-,-,-,-,-
1628326,Entregas Finalizadas Fora de Manaus,8,-,-,2025-04-07 16:35:56,07/04/2025 16:35,-,-,-,-,-,-,-
1628306,Vendedor - Nova Encomenda,1,-,-,2025-04-07 15:11:37,07/04/2025 15:11,-,-,-,-,-,-,-
1628247,Entregas Finalizadas Manaus,6,-,-,2025-04-07 18:10:48,07/04/2025 18:10,-,-,-,-,-,-,-
1628220,Entregas Finalizadas Fora de Manaus,8,-,-,2025-04-08 13:13:25,08/04/2025 13:13,-,-,-,-,-,-,-
1628208,Entregas Finalizadas Manaus,6,-,-,2025-04-07 17:12:29,07/04/2025 17:12,-,-,-,-,-,-,-
1628189,Entregas Finalizadas Manaus,6,-,-,2025-04-07 18:47:21,07/04/2025 18:47,-,-,-,-,-,-,-
1628176,Entregas Finalizadas Fora de Manaus,8,-,-,2025-04-08 15:46:42,08/04/2025 15:46,-,-,-,-,-,-,-
1628102,Entregas Finalizadas Manaus,6,-,-,2025-04-07 19:34:59,07/04/2025 19:34,-,-,-,-,-,-,-
1628072,Entregas Finalizadas Fora de Manaus,8,-,-,2025-04-07 23:44:26,07/04/2025 23:44,-,-,-,-,-,-,-
1628063,Entregas Finalizadas Fora de Manaus,8,-,-,2025-04-07 17:10:47,07/04/2025 17:10,-,-,-,-,-,-,-
1628059,Entregas Finalizadas Manaus,6,-,-,2025-04-07 16:56:45,07/04/2025 16:56,-,-,-,-,-,-,-
1628050,Entregas Finalizadas Fora de Manaus,8,-,-,2025-04-08 07:40:24,08/04/2025 07:40,-,-,-,-,-,-,-
1628029,Entregas Finalizadas Manaus,6,-,-,2025-04-07 17:32:04,07/04/2025 17:32,-,-,-,-,-,-,-
1627939,Entregas Finalizadas Fora de Manaus,8,-,-,2025-04-08 13:56:01,08/04/2025 13:56,-,-,-,-,-,-,-
1627897,Entregas Finalizadas Manaus,6,-,-,2025-04-08 18:51:12,08/04/2025 18:51,-,-,-,-,-,-,-
1627895,Entregas Finalizadas Fora de Manaus,8,-,-,2025-04-07 17:33:45,07/04/2025 17:33,-,-,-,-,-,-,-
1627821,Entregas Finalizadas Fora de Manaus,8,-,-,2025-04-07 17:31:27,07/04/2025 17:31,-,-,-,-,-,-,-
1626260,Entregas Finalizadas Fora de Manaus,8,-,-,2025-04-07 23:50:46,07/04/2025 23:50,-,-,-,-,-,-,-
1625986,Entregas Finalizadas Fora de Manaus,8,-,-,2025-04-09 20:43:28,09/04/2025 20:43,-,-,-,-,-,-,-
1625852,Entregas Finalizadas Manaus,6,-,-,2025-04-09 12:39:48,09/04/2025 12:39,-,-,-,-,-,-,-
1625699,Entregas Finalizadas Fora de Manaus,8,-,-,2025-04-07 23:46:41,07/04/2025 23:46,-,-,-,-,-,-,-
1625383,Entregas Finalizadas Fora de Manaus,8,-,-,2025-04-07 15:32:30,07/04/2025 15:32,-,-,-,-,-,-,-
1625281,Entregas Finalizadas Fora de Manaus,8,-,-,2025-04-08 07:37:58,08/04/2025 07:37,-,-,-,-,-,-,-
1625269,Vendedor - Nova Encomenda,1,-,-,2025-04-05 14:51:44,05/04/2025 14:51,-,-,-,-,-,-,-
1625258,Entregas Finalizadas Fora de Manaus,8,-,-,2025-04-08 07:44:34,08/04/2025 07:44,-,-,-,-,-,-,-
1625254,Entregas Finalizadas Fora de Manaus,8,-,-,2025-04-07 15:38:06,07/04/2025 15:38,-,-,-,-,-,-,-
1625233,Entregas Finalizadas Manaus,6,-,-,2025-04-07 13:59:19,07/04/2025 13:59,-,-,-,-,-,-,-
1625215,Entregas Finalizadas Fora de Manaus,8,-,-,2025-04-08 07:42:49,08/04/2025 07:42,-,-,-,-,-,-,-
1625186,Entregas Finalizadas Manaus,6,-,-,2025-04-05 14:59:50,05/04/2025 14:59,-,-,-,-,-,-,-
1625174,Entregas Finalizadas Manaus,6,-,-,2025-04-05 13:27:09,05/04/2025 13:27,-,-,-,-,-,-,-
1625073,Entregas Finalizadas Manaus,6,-,-,2025-04-05 13:26:32,05/04/2025 13:26,-,-,-,-,-,-,-
1625071,Entregas Finalizadas Manaus,6,-,-,2025-04-05 13:54:16,05/04/2025 13:54,-,-,-,-,-,-,-
1625020,Entregas Finalizadas Fora de Manaus,8,-,-,2025-04-08 12:49:30,08/04/2025 12:49,-,-,-,-,-,-,-
1624995,Entregas Finalizadas Manaus,6,-,-,2025-04-05 14:00:31,05/04/2025 14:00,-,-,-,-,-,-,-
1624987,Entregas Finalizadas Fora de Manaus,8,-,-,2025-04-07 23:55:25,07/04/2025 23:55,-,-,-,-,-,-,-
1624984,Entregas Finalizadas Manaus,6,-,-,2025-04-05 13:48:46,05/04/2025 13:48,-,-,-,-,-,-,-
1622639,Vendedor - Nova Encomenda,1,-,-,2025-04-04 18:44:16,04/04/2025 18:44,-,-,-,-,-,-,-
1621935,Entregas Finalizadas Fora de Manaus,8,-,-,2025-04-07 15:52:17,07/04/2025 15:52,-,-,-,-,-,-,-
1621791,Entregas Finalizadas Manaus,6,-,-,2025-04-08 14:04:19,08/04/2025 14:04,-,-,-,-,-,-,-
1621691,Entregas Finalizadas Fora de Manaus,8,-,-,2025-04-07 23:48:21,07/04/2025 23:48,-,-,-,-,-,-,-
1621630,Entregas Finalizadas Fora de Manaus,8,-,-,2025-04-08 07:30:56,08/04/2025 07:30,-,-,-,-,-,-,-
1621545,Entregas Finalizadas Fora de Manaus,8,-,-,2025-04-05 15:11:45,05/04/2025 15:11,-,-,-,-,-,-,-
1621407,Entregas Finalizadas Fora de Manaus,8,-,-,2025-04-07 16:00:46,07/04/2025 16:00,-,-,-,-,-,-,-
1621368,Entregas Finalizadas Fora de Manaus,8,-,-,2025-04-05 15:06:09,05/04/2025 15:06,-,-,-,-,-,-,-
1621206,Entregas Finalizadas Fora de Manaus,8,-,-,2025-04-08 13:40:28,08/04/2025 13:40,-,-,-,-,-,-,-
1620819,Entregas Finalizadas Manaus,6,-,-,2025-04-05 14:01:57,05/04/2025 14:01,-,-,-,-,-,-,-
1620765,Entregas Finalizadas Fora de Manaus,8,-,-,2025-04-07 15:30:25,07/04/2025 15:30,-,-,-,-,-,-,-
1620610,Vendedor - Nova Encomenda,1,-,-,2025-04-04 16:51:02,04/04/2025 16:51,-,-,-,-,-,-,-
1619790,Entregas Finalizadas Fora de Manaus,8,-,-,2025-04-07 11:05:42,07/04/2025 11:05,-,-,-,-,-,-,-
1619573,Entregas Finalizadas Fora de Manaus,8,-,-,2025-04-07 11:01:44,07/04/2025 11:01,-,-,-,-,-,-,-
1619480,Entregas Finalizadas Fora de Manaus,8,-,-,2025-04-04 16:47:30,04/04/2025 16:47,-,-,-,-,-,-,-
1619379,Entregas Finalizadas Manaus,6,-,-,2025-04-05 12:16:27,05/04/2025 12:16,-,-,-,-,-,-,-
1619334,Vendedor - Nova Encomenda,1,-,-,2025-04-04 15:24:24,04/04/2025 15:24,-,-,-,-,-,-,-
1619318,Entregas Finalizadas Manaus,6,-,-,2025-04-04 17:02:32,04/04/2025 17:02,-,-,-,-,-,-,-
1619262,Entregas Finalizadas Fora de Manaus,8,-,-,2025-04-08 23:56:16,08/04/2025 23:56,-,-,-,-,-,-,-
1619160,Entregas Finalizadas Fora de Manaus,8,-,-,2025-04-05 10:55:35,05/04/2025 10:55,-,-,-,-,-,-,-
1618987,Entregas Finalizadas Fora de Manaus,8,-,-,2025-04-07 15:35:23,07/04/2025 15:35,-,-,-,-,-,-,-
1618923,Entregas Finalizadas Fora de Manaus,8,-,-,2025-04-12 12:22:43,12/04/2025 12:22,-,-,-,-,-,-,-
1618912,Entregas Finalizadas Fora de Manaus,8,-,-,2025-04-08 23:58:04,08/04/2025 23:58,-,-,-,-,-,-,-
1618865,Entregas Finalizadas Manaus,6,-,-,2025-04-04 19:29:50,04/04/2025 19:29,-,-,-,-,-,-,-
1618796,Entregas Finalizadas Fora de Manaus,8,-,-,2025-04-07 15:04:09,07/04/2025 15:04,-,-,-,-,-,-,-
1618744,Entregas Finalizadas Fora de Manaus,8,-,-,2025-04-04 17:05:13,04/04/2025 17:05,-,-,-,-,-,-,-
1618740,Entregas Finalizadas Manaus,6,-,-,2025-04-04 18:00:33,04/04/2025 18:00,-,-,-,-,-,-,-
1618683,Entregas Finalizadas Manaus,6,-,-,2025-04-04 18:26:29,04/04/2025 18:26,-,-,-,-,-,-,-
1618656,Entregas Finalizadas Fora de Manaus,8,-,-,2025-04-07 23:53:24,07/04/2025 23:53,-,-,-,-,-,-,-
1618654,Entregas Finalizadas Fora de Manaus,8,-,-,2025-04-05 11:45:31,05/04/2025 11:45,-,-,-,-,-,-,-
1618641,Entregas Finalizadas Fora de Manaus,8,-,-,2025-04-04 17:13:41,04/04/2025 17:13,-,-,-,-,-,-,-
1618637,Entregas Finalizadas Fora de Manaus,8,-,-,2025-04-07 16:23:07,07/04/2025 16:23,-,-,-,-,-,-,-
1618610,Entregas Finalizadas Manaus,6,-,-,2025-04-04 14:57:13,04/04/2025 14:57,-,-,-,-,-,-,-
1618596,Vendedor - Nova Encomenda,1,-,-,2025-04-04 12:11:20,04/04/2025 12:11,-,-,-,-,-,-,-
1618593,Entregas Finalizadas Manaus,6,-,-,2025-04-04 19:08:19,04/04/2025 19:08,-,-,-,-,-,-,-
1618590,Vendedor - Nova Encomenda,1,-,-,2025-04-04 12:09:54,04/04/2025 12:09,-,-,-,-,-,-,-
1618576,Entregas Finalizadas Manaus,6,-,-,2025-04-04 15:00:43,04/04/2025 15:00,-,-,-,-,-,-,-
1618526,Entregas Finalizadas Manaus,6,-,-,2025-04-04 17:14:59,04/04/2025 17:14,-,-,-,-,-,-,-
1618523,Vendedor - Nova Encomenda,1,-,-,2025-04-04 11:35:17,04/04/2025 11:35,-,-,-,-,-,-,-
1618445,Entregas Finalizadas Fora de Manaus,8,-,-,2025-04-08 13:30:55,08/04/2025 13:30,-,-,-,-,-,-,-
1618421,Entregas Finalizadas Fora de Manaus,8,-,-,2025-04-05 15:11:41,05/04/2025 15:11,-,-,-,-,-,-,-
1618415,Entregas Finalizadas Fora de Manaus,8,-,-,2025-04-04 17:26:25,04/04/2025 17:26,-,-,-,-,-,-,-
1618401,Entregas Finalizadas Manaus,6,-,-,2025-04-05 11:38:58,05/04/2025 11:38,-,-,-,-,-,-,-
1618374,Entregas Finalizadas Manaus,6,-,-,2025-04-04 14:32:01,04/04/2025 14:32,-,-,-,-,-,-,-
1618230,Entregas Finalizadas Manaus,6,-,-,2025-04-04 17:41:03,04/04/2025 17:41,-,-,-,-,-,-,-
1618200,Vendedor - Nova Encomenda,1,-,-,2025-04-04 10:29:14,04/04/2025 10:29,-,-,-,-,-,-,-
1617828,Entregas Finalizadas Manaus,6,-,-,2025-04-04 18:59:26,04/04/2025 18:59,-,-,-,-,-,-,-
1617606,Entregas Finalizadas Manaus,6,-,-,2025-04-04 13:08:18,04/04/2025 13:08,-,-,-,-,-,-,-
1617600,Vendedor - Nova Encomenda,1,-,-,2025-04-04 10:00:07,04/04/2025 10:00,-,-,-,-,-,-,-
1617594,Entregas Finalizadas Fora de Manaus,8,-,-,2025-04-05 12:10:18,05/04/2025 12:10,-,-,-,-,-,-,-
1617573,Entregas Finalizadas Fora de Manaus,8,-,-,2025-04-08 12:22:31,08/04/2025 12:22,-,-,-,-,-,-,-
1617551,Entregas Finalizadas Fora de Manaus,8,-,-,2025-04-04 15:49:12,04/04/2025 15:49,-,-,-,-,-,-,-
1616998,Entregas Finalizadas Manaus,6,-,-,2025-04-04 13:14:37,04/04/2025 13:14,-,-,-,-,-,-,-
1616993,Entregas Finalizadas Fora de Manaus,8,-,-,2025-04-04 15:47:48,04/04/2025 15:47,-,-,-,-,-,-,-
1616982,Entregas Finalizadas Manaus,6,-,-,2025-04-04 15:26:05,04/04/2025 15:26,-,-,-,-,-,-,-
1616068,Entregas Finalizadas Fora de Manaus,8,-,-,2025-04-04 15:42:07,04/04/2025 15:42,-,-,-,-,-,-,-
1615880,Entregas Finalizadas Manaus,6,-,-,2025-04-03 16:42:13,03/04/2025 16:42,-,-,-,-,-,-,-
1615877,Entregas Finalizadas Fora de Manaus,8,-,-,2025-04-04 12:43:58,04/04/2025 12:43,-,-,-,-,-,-,-
1615041,Entregas Finalizadas Manaus,6,-,-,2025-04-04 10:38:33,04/04/2025 10:38,-,-,-,-,-,-,-
1614731,Entregas Finalizadas Manaus,6,-,-,2025-04-03 19:22:27,03/04/2025 19:22,-,-,-,-,-,-,-
1613905,Entregas Finalizadas Manaus,6,-,-,2025-04-04 13:23:02,04/04/2025 13:23,-,-,-,-,-,-,-
1613871,Entregas Finalizadas Fora de Manaus,8,-,-,2025-04-03 18:18:41,03/04/2025 18:18,-,-,-,-,-,-,-
1613835,Entregas Finalizadas Manaus,6,-,-,2025-04-03 17:29:46,03/04/2025 17:29,-,-,-,-,-,-,-
1613641,Entregas Finalizadas Manaus,6,-,-,2025-04-03 17:34:25,03/04/2025 17:34,-,-,-,-,-,-,-
1613533,Entregas Finalizadas Manaus,6,-,-,2025-04-03 19:43:07,03/04/2025 19:43,-,-,-,-,-,-,-
1613266,Entregas Finalizadas Fora de Manaus,8,-,-,2025-04-03 20:20:19,03/04/2025 20:20,-,-,-,-,-,-,-
1613256,Entregas Finalizadas Manaus,6,-,-,2025-04-03 17:44:08,03/04/2025 17:44,-,-,-,-,-,-,-
1613251,Entregas Finalizadas Manaus,6,-,-,2025-04-03 18:55:15,03/04/2025 18:55,-,-,-,-,-,-,-
1613233,Entregas Finalizadas Manaus,6,-,-,2025-04-03 17:01:16,03/04/2025 17:01,-,-,-,-,-,-,-
1613218,Entregas Finalizadas Manaus,6,-,-,2025-04-03 19:20:52,03/04/2025 19:20,-,-,-,-,-,-,-
1613213,Entregas Finalizadas Fora de Manaus,8,-,-,2025-04-03 19:55:32,03/04/2025 19:55,-,-,-,-,-,-,-
1613130,Entregas Finalizadas Manaus,6,-,-,2025-04-03 19:34:04,03/04/2025 19:34,-,-,-,-,-,-,-
1613125,Entregas Finalizadas Fora de Manaus,8,-,-,2025-04-04 15:43:25,04/04/2025 15:43,-,-,-,-,-,-,-
1613068,Vendedor - Nova Encomenda,1,-,-,2025-04-03 11:49:05,03/04/2025 11:49,-,-,-,-,-,-,-
1613047,Entregas Finalizadas Fora de Manaus,8,-,-,2025-04-03 18:13:55,03/04/2025 18:13,-,-,-,-,-,-,-
1613025,Entregas Finalizadas Fora de Manaus,8,-,-,2025-04-03 20:08:19,03/04/2025 20:08,-,-,-,-,-,-,-
1613016,Entregas Finalizadas Fora de Manaus,8,-,-,2025-04-04 15:45:37,04/04/2025 15:45,-,-,-,-,-,-,-
1613013,Vendedor - Nova Encomenda,1,-,-,2025-04-03 11:22:36,03/04/2025 11:22,-,-,-,-,-,-,-
1613004,Vendedor - Nova Encomenda,1,-,-,2025-04-03 11:18:32,03/04/2025 11:18,-,-,-,-,-,-,-
1612987,Entregas Finalizadas Fora de Manaus,8,-,-,2025-04-03 20:04:52,03/04/2025 20:04,-,-,-,-,-,-,-
1612978,Entregas Finalizadas Fora de Manaus,8,-,-,2025-04-03 13:07:29,03/04/2025 13:07,-,-,-,-,-,-,-
1612902,Entregas Finalizadas Fora de Manaus,8,-,-,2025-04-03 12:37:57,03/04/2025 12:37,-,-,-,-,-,-,-
1612890,Entregas Finalizadas Fora de Manaus,8,-,-,2025-04-03 20:01:10,03/04/2025 20:01,-,-,-,-,-,-,-
1612564,Entregas Finalizadas Fora de Manaus,8,-,-,2025-04-03 11:49:51,03/04/2025 11:49,-,-,-,-,-,-,-
1612544,Entregas Finalizadas Fora de Manaus,8,-,-,2025-04-03 18:17:08,03/04/2025 18:17,-,-,-,-,-,-,-
1612316,Entregas Finalizadas Fora de Manaus,8,-,-,2025-04-03 20:19:05,03/04/2025 20:19,-,-,-,-,-,-,-
1612215,Entregas Finalizadas Manaus,6,-,-,2025-04-04 21:10:44,04/04/2025 21:10,-,-,-,-,-,-,-
1612206,Vendedor - Nova Encomenda,1,-,-,2025-04-02 17:40:43,02/04/2025 17:40,-,-,-,-,-,-,-
1612070,Entregas Finalizadas Fora de Manaus,8,-,-,2025-04-04 12:42:41,04/04/2025 12:42,-,-,-,-,-,-,-
1611975,Entregas Finalizadas Manaus,6,-,-,2025-04-03 13:45:53,03/04/2025 13:45,-,-,-,-,-,-,-
1611793,Entregas Finalizadas Fora de Manaus,8,-,-,2025-04-03 20:02:54,03/04/2025 20:02,-,-,-,-,-,-,-
1611778,Entregas Finalizadas Manaus,6,-,-,2025-04-02 18:07:39,02/04/2025 18:07,-,-,-,-,-,-,-
1611775,Entregas Finalizadas Fora de Manaus,8,-,-,2025-04-02 20:33:45,02/04/2025 20:33,-,-,-,-,-,-,-
1611765,Entregas Finalizadas Manaus,6,-,-,2025-04-02 17:56:44,02/04/2025 17:56,-,-,-,-,-,-,-
1611502,Vendedor - Nova Encomenda,1,-,-,2025-04-02 14:53:16,02/04/2025 14:53,-,-,-,-,-,-,-
1610558,Entregas Finalizadas Fora de Manaus,8,-,-,2025-04-02 21:24:32,02/04/2025 21:24,-,-,-,-,-,-,-
1610328,Entregas Finalizadas Fora de Manaus,8,-,-,2025-04-02 21:34:22,02/04/2025 21:34,-,-,-,-,-,-,-
1610291,Vendedor - Nova Encomenda,1,-,-,2025-04-02 14:01:44,02/04/2025 14:01,-,-,-,-,-,-,-
1610060,Entregas Finalizadas Fora de Manaus,8,-,-,2025-04-02 21:33:02,02/04/2025 21:33,-,-,-,-,-,-,-
1609818,Entregas Finalizadas Fora de Manaus,8,-,-,2025-04-02 16:41:52,02/04/2025 16:41,-,-,-,-,-,-,-
1609801,Entregas Finalizadas Fora de Manaus,8,-,-,2025-04-02 17:25:32,02/04/2025 17:25,-,-,-,-,-,-,-
1609798,Vendedor - Nova Encomenda,1,-,-,2025-04-02 12:26:56,02/04/2025 12:26,-,-,-,-,-,-,-
1609794,Entregas Finalizadas Fora de Manaus,8,-,-,2025-04-02 17:04:36,02/04/2025 17:04,-,-,-,-,-,-,-
1609782,Entregas Finalizadas Fora de Manaus,8,-,-,2025-04-07 15:05:59,07/04/2025 15:05,-,-,-,-,-,-,-
1609773,Entregas Finalizadas Fora de Manaus,8,-,-,2025-04-05 15:17:04,05/04/2025 15:17,-,-,-,-,-,-,-
1609768,Entregas Finalizadas Fora de Manaus,8,-,-,2025-04-02 20:25:02,02/04/2025 20:25,-,-,-,-,-,-,-
1609760,Entregas Finalizadas Fora de Manaus,8,-,-,2025-04-02 20:27:23,02/04/2025 20:27,-,-,-,-,-,-,-
1609741,Entregas Finalizadas Manaus,6,-,-,2025-04-02 14:16:02,02/04/2025 14:16,-,-,-,-,-,-,-
1609709,Entregas Finalizadas Fora de Manaus,8,-,-,2025-04-03 12:56:29,03/04/2025 12:56,-,-,-,-,-,-,-
1609706,Entregas Finalizadas Fora de Manaus,8,-,-,2025-04-03 14:36:36,03/04/2025 14:36,-,-,-,-,-,-,-
1609683,Entregas Finalizadas Fora de Manaus,8,-,-,2025-04-02 17:33:39,02/04/2025 17:33,-,-,-,-,-,-,-
1609669,Entregas Finalizadas Fora de Manaus,8,-,-,2025-04-04 13:22:16,04/04/2025 13:22,-,-,-,-,-,-,-
1609655,Entregas Finalizadas Fora de Manaus,8,-,-,2025-04-03 20:31:53,03/04/2025 20:31,-,-,-,-,-,-,-
1609478,Entregas Finalizadas Fora de Manaus,8,-,-,2025-04-03 20:23:01,03/04/2025 20:23,-,-,-,-,-,-,-
1609431,Vendedor - Nova Encomenda,1,-,-,2025-04-02 10:24:45,02/04/2025 10:24,-,-,-,-,-,-,-
1609292,Entregas Finalizadas Fora de Manaus,8,-,-,2025-04-03 20:38:30,03/04/2025 20:38,-,-,-,-,-,-,-
1609129,Vendedor - Nova Encomenda,1,-,-,2025-04-02 10:03:26,02/04/2025 10:03,-,-,-,-,-,-,-
1609128,Entregas Finalizadas Manaus,6,-,-,2025-04-02 19:55:32,02/04/2025 19:55,-,-,-,-,-,-,-
1609113,Entregas Finalizadas Fora de Manaus,8,-,-,2025-04-02 21:38:01,02/04/2025 21:38,-,-,-,-,-,-,-
1609110,Vendedor - Nova Encomenda,1,-,-,2025-04-02 09:55:57,02/04/2025 09:55,-,-,-,-,-,-,-
1609086,Entregas Finalizadas Fora de Manaus,8,-,-,2025-04-02 13:19:26,02/04/2025 13:19,-,-,-,-,-,-,-
1609075,Entregas Finalizadas Fora de Manaus,8,-,-,2025-04-02 21:44:35,02/04/2025 21:44,-,-,-,-,-,-,-
1609060,Entregas Finalizadas Fora de Manaus,8,-,-,2025-04-03 20:40:19,03/04/2025 20:40,-,-,-,-,-,-,-
1609035,Entregas Finalizadas Fora de Manaus,8,-,-,2025-04-02 21:51:54,02/04/2025 21:51,-,-,-,-,-,-,-
1608887,Entregas Finalizadas Fora de Manaus,8,-,-,2025-04-02 17:28:30,02/04/2025 17:28,-,-,-,-,-,-,-
1608883,Entregas Finalizadas Fora de Manaus,8,-,-,2025-04-03 20:26:59,03/04/2025 20:26,-,-,-,-,-,-,-
1608878,Entregas Finalizadas Fora de Manaus,8,-,-,2025-04-02 14:04:40,02/04/2025 14:04,-,-,-,-,-,-,-
1608874,Entregas Finalizadas Fora de Manaus,8,-,-,2025-04-02 17:37:45,02/04/2025 17:37,-,-,-,-,-,-,-
1608696,Entregas Finalizadas Fora de Manaus,8,-,-,2025-04-03 10:36:21,03/04/2025 10:36,-,-,-,-,-,-,-
1608691,Vendedor - Nova Encomenda,1,-,-,2025-04-01 18:09:48,01/04/2025 18:09,-,-,-,-,-,-,-
1608573,Entregas Finalizadas Fora de Manaus,8,-,-,2025-04-08 07:35:11,08/04/2025 07:35,-,-,-,-,-,-,-
1608569,Entregas Finalizadas Fora de Manaus,8,-,-,2025-04-07 11:29:32,07/04/2025 11:29,-,-,-,-,-,-,-
1608399,Entregas Finalizadas Manaus,6,-,-,2025-04-02 17:20:39,02/04/2025 17:20,-,-,-,-,-,-,-
1608032,Entregas Finalizadas Manaus,6,-,-,2025-04-02 14:30:04,02/04/2025 14:30,-,-,-,-,-,-,-
1607724,Entregas Finalizadas Fora de Manaus,8,-,-,2025-04-02 16:38:33,02/04/2025 16:38,-,-,-,-,-,-,-
1606402,Entregas Finalizadas Fora de Manaus,8,-,-,2025-04-01 17:37:48,01/04/2025 17:37,-,-,-,-,-,-,-
1606373,Entregas Finalizadas Fora de Manaus,8,-,-,2025-04-07 14:26:18,07/04/2025 14:26,-,-,-,-,-,-,-
1606235,Entregas Finalizadas Manaus,6,-,-,2025-04-02 15:18:01,02/04/2025 15:18,-,-,-,-,-,-,-
1606068,Vendedor - Nova Encomenda,1,-,-,2025-04-01 16:00:44,01/04/2025 16:00,-,-,-,-,-,-,-
1605772,Vendedor - Nova Encomenda,1,-,-,2025-04-01 15:46:57,01/04/2025 15:46,-,-,-,-,-,-,-
1605658,Entregas Finalizadas Fora de Manaus,8,-,-,2025-04-01 20:29:58,01/04/2025 20:29,-,-,-,-,-,-,-
1605543,Entregas Finalizadas Fora de Manaus,8,-,-,2025-04-01 18:01:51,01/04/2025 18:01,-,-,-,-,-,-,-
1605529,Entregas Finalizadas Fora de Manaus,8,-,-,2025-04-01 20:42:48,01/04/2025 20:42,-,-,-,-,-,-,-
1605527,Entregas Finalizadas Manaus,6,-,-,2025-04-01 22:33:52,01/04/2025 22:33,-,-,-,-,-,-,-
1605511,Entregas Finalizadas Manaus,6,-,-,2025-04-01 18:10:17,01/04/2025 18:10,-,-,-,-,-,-,-
1605497,Entregas Finalizadas Fora de Manaus,8,-,-,2025-04-01 17:38:53,01/04/2025 17:38,-,-,-,-,-,-,-
1605471,Entregas Finalizadas Manaus,6,-,-,2025-04-01 17:12:01,01/04/2025 17:12,-,-,-,-,-,-,-
1605453,Entregas Finalizadas Manaus,6,-,-,2025-04-01 17:53:32,01/04/2025 17:53,-,-,-,-,-,-,-
1605441,Entregas Finalizadas Manaus,6,-,-,2025-04-01 17:26:31,01/04/2025 17:26,-,-,-,-,-,-,-
1605439,Entregas Finalizadas Manaus,6,-,-,2025-04-02 17:22:45,02/04/2025 17:22,-,-,-,-,-,-,-
1605426,Entregas Finalizadas Fora de Manaus,8,-,-,2025-04-02 11:55:28,02/04/2025 11:55,-,-,-,-,-,-,-
1605416,Entregas Finalizadas Fora de Manaus,8,-,-,2025-04-01 20:40:46,01/04/2025 20:40,-,-,-,-,-,-,-
1605393,Entregas Finalizadas Manaus,6,-,-,2025-04-01 17:02:41,01/04/2025 17:02,-,-,-,-,-,-,-
1605368,Entregas Finalizadas Fora de Manaus,8,-,-,2025-04-04 15:33:57,04/04/2025 15:33,-,-,-,-,-,-,-
1605315,Entregas Finalizadas Manaus,6,-,-,2025-04-01 21:51:03,01/04/2025 21:51,-,-,-,-,-,-,-
1605282,Entregas Finalizadas Fora de Manaus,8,-,-,2025-04-02 20:29:41,02/04/2025 20:29,-,-,-,-,-,-,-
1605277,Vendedor - Nova Encomenda,1,-,-,2025-04-01 12:44:32,01/04/2025 12:44,-,-,-,-,-,-,-
1605250,Entregas Finalizadas Fora de Manaus,8,-,-,2025-04-03 20:42:16,03/04/2025 20:42,-,-,-,-,-,-,-
1605247,Vendedor - Nova Encomenda,1,-,-,2025-04-01 12:31:42,01/04/2025 12:31,-,-,-,-,-,-,-
1605242,Entregas Finalizadas Fora de Manaus,8,-,-,2025-04-03 20:33:57,03/04/2025 20:33,-,-,-,-,-,-,-
1605187,Entregas Finalizadas Fora de Manaus,8,-,-,2025-04-01 18:09:08,01/04/2025 18:09,-,-,-,-,-,-,-
1605120,Vendedor - Nova Encomenda,1,-,-,2025-04-01 11:22:32,01/04/2025 11:22,-,-,-,-,-,-,-
1605070,Entregas Finalizadas Fora de Manaus,8,-,-,2025-04-01 20:51:44,01/04/2025 20:51,-,-,-,-,-,-,-
1605058,Vendedor - Nova Encomenda,1,-,-,2025-04-01 10:48:15,01/04/2025 10:48,-,-,-,-,-,-,-
1605054,Entregas Finalizadas Fora de Manaus,8,-,-,2025-04-01 21:35:50,01/04/2025 21:35,-,-,-,-,-,-,-
1605042,Entregas Finalizadas Fora de Manaus,8,-,-,2025-04-09 14:24:45,09/04/2025 14:24,-,-,-,-,-,-,-
1605033,Entregas Finalizadas Manaus,6,-,-,2025-04-01 21:39:23,01/04/2025 21:39,-,-,-,-,-,-,-
1605017,Entregas Finalizadas Fora de Manaus,8,-,-,2025-04-01 21:26:52,01/04/2025 21:26,-,-,-,-,-,-,-
1605007,Entregas Finalizadas Manaus,6,-,-,2025-04-01 13:20:19,01/04/2025 13:20,-,-,-,-,-,-,-
1604855,Entregas Finalizadas Fora de Manaus,8,-,-,2025-04-02 21:49:56,02/04/2025 21:49,-,-,-,-,-,-,-
1604850,Entregas Finalizadas Fora de Manaus,8,-,-,2025-04-01 14:37:36,01/04/2025 14:37,-,-,-,-,-,-,-
1604842,Entregas Finalizadas Fora de Manaus,8,-,-,2025-04-01 21:56:30,01/04/2025 21:56,-,-,-,-,-,-,-
1604837,Entregas Finalizadas Fora de Manaus,8,-,-,2025-04-01 14:39:23,01/04/2025 14:39,-,-,-,-,-,-,-
1604820,Entregas Finalizadas Fora de Manaus,8,-,-,2025-04-01 20:57:41,01/04/2025 20:57,-,-,-,-,-,-,-
1604816,Entregas Finalizadas Fora de Manaus,8,-,-,2025-04-03 20:21:43,03/04/2025 20:21,-,-,-,-,-,-,-
1604812,Entregas Finalizadas Manaus,6,-,-,2025-04-02 12:07:10,02/04/2025 12:07,-,-,-,-,-,-,-
1604767,Entregas Finalizadas Fora de Manaus,8,-,-,2025-04-02 21:30:03,02/04/2025 21:30,-,-,-,-,-,-,-
1604737,Entregas Finalizadas Fora de Manaus,8,-,-,2025-04-02 21:22:58,02/04/2025 21:22,-,-,-,-,-,-,-
1604728,Entregas Finalizadas Fora de Manaus,8,-,-,2025-04-01 20:48:03,01/04/2025 20:48,-,-,-,-,-,-,-
1604716,Entregas Finalizadas Fora de Manaus,8,-,-,2025-04-01 21:37:52,01/04/2025 21:37,-,-,-,-,-,-,-
1600786,Entregas Finalizadas Manaus,6,-,-,2025-04-01 17:01:36,01/04/2025 17:01,-,-,-,-,-,-,-
1600648,Entregas Finalizadas Fora de Manaus,8,-,-,2025-04-07 15:57:29,07/04/2025 15:57,-,-,-,-,-,-,-
1600646,Entregas Finalizadas Fora de Manaus,8,-,-,2025-04-01 21:12:42,01/04/2025 21:12,-,-,-,-,-,-,-
1600620,Entregas Finalizadas Fora de Manaus,8,-,-,2025-04-01 13:39:57,01/04/2025 13:39,-,-,-,-,-,-,-
1600591,Entregas Finalizadas Fora de Manaus,8,-,-,2025-04-01 21:10:49,01/04/2025 21:10,-,-,-,-,-,-,-
1600587,Entregas Finalizadas Fora de Manaus,8,-,-,2025-04-01 21:31:10,01/04/2025 21:31,-,-,-,-,-,-,-
1600582,Entregas Finalizadas Fora de Manaus,8,-,-,2025-04-01 21:29:23,01/04/2025 21:29,-,-,-,-,-,-,-
1600552,Entregas Finalizadas Fora de Manaus,8,-,-,2025-04-01 13:27:55,01/04/2025 13:27,-,-,-,-,-,-,-
1600539,Entregas Finalizadas Fora de Manaus,8,-,-,2025-04-01 14:35:59,01/04/2025 14:35,-,-,-,-,-,-,-
1600446,Entregas Finalizadas Fora de Manaus,8,-,-,2025-04-01 21:22:16,01/04/2025 21:22,-,-,-,-,-,-,-
1600443,Entregas Finalizadas Fora de Manaus,8,-,-,2025-04-01 21:33:17,01/04/2025 21:33,-,-,-,-,-,-,-
1600436,Entregas Finalizadas Fora de Manaus,8,-,-,2025-04-07 15:49:11,07/04/2025 15:49,-,-,-,-,-,-,-
1600433,Entregas Finalizadas Manaus,6,-,-,2025-04-01 22:11:24,01/04/2025 22:11,-,-,-,-,-,-,-
1600402,Vendedor - Nova Encomenda,1,-,-,2025-03-31 17:48:07,31/03/2025 17:48,-,-,-,-,-,-,-
1600329,Entregas Finalizadas Manaus,6,-,-,2025-04-01 16:10:02,01/04/2025 16:10,-,-,-,-,-,-,-
1600311,Entregas Finalizadas Fora de Manaus,8,-,-,2025-04-01 15:55:29,01/04/2025 15:55,-,-,-,-,-,-,-
1600242,Entregas Finalizadas Fora de Manaus,8,-,-,2025-04-03 12:54:38,03/04/2025 12:54,-,-,-,-,-,-,-
1600229,Entregas Finalizadas Fora de Manaus,8,-,-,2025-03-31 17:28:21,31/03/2025 17:28,-,-,-,-,-,-,-
1600203,Entregas Finalizadas Fora de Manaus,8,-,-,2025-04-03 20:28:51,03/04/2025 20:28,-,-,-,-,-,-,-
1600201,Entregas Finalizadas Manaus,6,-,-,2025-03-31 17:40:54,31/03/2025 17:40,-,-,-,-,-,-,-
1600156,Entregas Finalizadas Fora de Manaus,8,-,-,2025-04-01 17:28:26,01/04/2025 17:28,-,-,-,-,-,-,-
1600145,Entregas Finalizadas Fora de Manaus,8,-,-,2025-03-31 20:39:07,31/03/2025 20:39,-,-,-,-,-,-,-
1600140,Entregas Finalizadas Fora de Manaus,8,-,-,2025-04-03 14:38:10,03/04/2025 14:38,-,-,-,-,-,-,-
1600071,Entregas Finalizadas Fora de Manaus,8,-,-,2025-03-31 20:41:41,31/03/2025 20:41,-,-,-,-,-,-,-
1600067,Entregas Finalizadas Fora de Manaus,8,-,-,2025-04-01 16:57:46,01/04/2025 16:57,-,-,-,-,-,-,-
1599536,Entregas Finalizadas Manaus,6,-,-,2025-03-31 20:58:51,31/03/2025 20:58,-,-,-,-,-,-,-
1599367,Entregas Finalizadas Fora de Manaus,8,-,-,2025-03-31 20:27:02,31/03/2025 20:27,-,-,-,-,-,-,-
1599259,Entregas Finalizadas Fora de Manaus,8,-,-,2025-04-02 13:02:32,02/04/2025 13:02,-,-,-,-,-,-,-
1599031,Entregas Finalizadas Fora de Manaus,8,-,-,2025-04-01 17:32:18,01/04/2025 17:32,-,-,-,-,-,-,-
1598658,Entregas Finalizadas Fora de Manaus,8,-,-,2025-03-31 17:18:21,31/03/2025 17:18,-,-,-,-,-,-,-
1598620,Entregas Finalizadas Manaus,6,-,-,2025-03-31 18:49:38,31/03/2025 18:49,-,-,-,-,-,-,-
1598484,Entregas Finalizadas Fora de Manaus,8,-,-,2025-03-31 17:28:52,31/03/2025 17:28,-,-,-,-,-,-,-
1598447,Entregas Finalizadas Fora de Manaus,8,-,-,2025-03-31 17:21:57,31/03/2025 17:21,-,-,-,-,-,-,-
1598431,Entregas Finalizadas Fora de Manaus,8,-,-,2025-03-31 17:11:36,31/03/2025 17:11,-,-,-,-,-,-,-
1598429,Canceladas,X,lojarui@mondellebrasil.com.br,-,2025-03-31 13:33:42,31/03/2025 13:33,-,-,-,-,-,-,-
1598384,Entregas Finalizadas Fora de Manaus,8,-,-,2025-04-01 21:01:05,01/04/2025 21:01,-,-,-,-,-,-,-
1598362,Entregas Finalizadas Manaus,6,-,-,2025-03-31 18:36:37,31/03/2025 18:36,-,-,-,-,-,-,-
1598339,Entregas Finalizadas Fora de Manaus,8,-,-,2025-04-01 21:19:39,01/04/2025 21:19,-,-,-,-,-,-,-
1598335,Entregas Finalizadas Fora de Manaus,8,-,-,2025-03-31 20:40:24,31/03/2025 20:40,-,-,-,-,-,-,-
1598332,Entregas Finalizadas Manaus,6,-,-,2025-03-31 17:41:42,31/03/2025 17:41,-,-,-,-,-,-,-
1598322,Entregas Finalizadas Manaus,6,-,-,2025-04-01 08:16:09,01/04/2025 08:16,-,-,-,-,-,-,-
1598318,Entregas Finalizadas Fora de Manaus,8,-,-,2025-04-01 20:33:22,01/04/2025 20:33,-,-,-,-,-,-,-
1598315,Entregas Finalizadas Fora de Manaus,8,-,-,2025-03-31 17:20:15,31/03/2025 17:20,-,-,-,-,-,-,-
1598310,Entregas Finalizadas Fora de Manaus,8,-,-,2025-04-02 21:47:01,02/04/2025 21:47,-,-,-,-,-,-,-
1598293,Entregas Finalizadas Manaus,6,-,-,2025-03-31 21:04:44,31/03/2025 21:04,-,-,-,-,-,-,-
1598289,Entregas Finalizadas Fora de Manaus,8,-,-,2025-04-02 13:13:34,02/04/2025 13:13,-,-,-,-,-,-,-
1598268,Entregas Finalizadas Fora de Manaus,8,-,-,2025-03-31 17:01:29,31/03/2025 17:01,-,-,-,-,-,-,-
1598245,Entregas Finalizadas Fora de Manaus,8,-,-,2025-04-02 13:07:16,02/04/2025 13:07,-,-,-,-,-,-,-
1598129,Entregas Finalizadas Fora de Manaus,8,-,-,2025-04-01 20:25:43,01/04/2025 20:25,-,-,-,-,-,-,-
1598122,Entregas Finalizadas Manaus,6,-,-,2025-03-31 19:19:07,31/03/2025 19:19,-,-,-,-,-,-,-
1598106,Entregas Finalizadas Fora de Manaus,8,-,-,2025-04-01 14:40:42,01/04/2025 14:40,-,-,-,-,-,-,-
1598100,Entregas Finalizadas Fora de Manaus,8,-,-,2025-03-31 20:33:23,31/03/2025 20:33,-,-,-,-,-,-,-
1598049,Entregas Finalizadas Manaus,6,-,-,2025-03-31 15:25:07,31/03/2025 15:25,-,-,-,-,-,-,-
1598043,Vendedor - Nova Encomenda,1,-,-,2025-03-31 11:20:04,31/03/2025 11:20,-,-,-,-,-,-,-
1598012,Entregas Finalizadas Fora de Manaus,8,-,-,2025-03-31 17:23:54,31/03/2025 17:23,-,-,-,-,-,-,-
1597448,Entregas Finalizadas Fora de Manaus,8,-,-,2025-04-01 21:18:15,01/04/2025 21:18,-,-,-,-,-,-,-
1597053,Entregas Finalizadas Fora de Manaus,8,-,-,2025-03-31 20:25:32,31/03/2025 20:25,-,-,-,-,-,-,-
1595817,Entregas Finalizadas Fora de Manaus,8,-,-,2025-03-31 17:38:58,31/03/2025 17:38,-,-,-,-,-,-,-
1595587,Entregas Finalizadas Fora de Manaus,8,-,-,2025-03-31 20:31:12,31/03/2025 20:31,-,-,-,-,-,-,-
1595443,Entregas Finalizadas Fora de Manaus,8,-,-,2025-03-31 12:44:33,31/03/2025 12:44,-,-,-,-,-,-,-
1595340,Entregas Finalizadas Fora de Manaus,8,-,-,2025-03-31 13:35:33,31/03/2025 13:35,-,-,-,-,-,-,-
1595325,Entregas Finalizadas Fora de Manaus,8,-,-,2025-03-31 13:31:16,31/03/2025 13:31,-,-,-,-,-,-,-
1594935,Entregas Finalizadas Manaus,6,-,-,2025-03-31 17:18:10,31/03/2025 17:18,-,-,-,-,-,-,-
1594921,Entregas Finalizadas Fora de Manaus,8,-,-,2025-03-31 13:51:28,31/03/2025 13:51,-,-,-,-,-,-,-
1594873,Entregas Finalizadas Fora de Manaus,8,-,-,2025-04-01 21:17:01,01/04/2025 21:17,-,-,-,-,-,-,-
1594819,Entregas Finalizadas Fora de Manaus,8,-,-,2025-04-01 13:32:30,01/04/2025 13:32,-,-,-,-,-,-,-
1594793,Entregas Finalizadas Fora de Manaus,8,-,-,2025-03-31 20:47:21,31/03/2025 20:47,-,-,-,-,-,-,-
1594771,Entregas Finalizadas Fora de Manaus,8,-,-,2025-03-31 14:08:09,31/03/2025 14:08,-,-,-,-,-,-,-
1593912,Entregas Finalizadas Fora de Manaus,8,-,-,2025-03-31 13:38:01,31/03/2025 13:38,-,-,-,-,-,-,-
1593899,Entregas Finalizadas Fora de Manaus,8,-,-,2025-03-31 11:14:12,31/03/2025 11:14,-,-,-,-,-,-,-
1593893,Entregas Finalizadas Fora de Manaus,8,-,-,2025-03-31 13:30:01,31/03/2025 13:30,-,-,-,-,-,-,-
1593848,Entregas Finalizadas Fora de Manaus,8,-,-,2025-04-03 20:36:09,03/04/2025 20:36,-,-,-,-,-,-,-
1593845,Entregas Finalizadas Fora de Manaus,8,-,-,2025-03-31 14:27:02,31/03/2025 14:27,-,-,-,-,-,-,-
1593824,Entregas Finalizadas Fora de Manaus,8,-,-,2025-03-31 20:45:57,31/03/2025 20:45,-,-,-,-,-,-,-
1593822,Vendedor - Nova Encomenda,1,-,-,2025-03-29 13:40:34,29/03/2025 13:40,-,-,-,-,-,-,-
1593820,Entregas Finalizadas Fora de Manaus,8,-,-,2025-03-31 14:06:25,31/03/2025 14:06,-,-,-,-,-,-,-
1593815,Entregas Finalizadas Manaus,6,-,-,2025-03-29 13:59:58,29/03/2025 13:59,-,-,-,-,-,-,-
1593808,Entregas Finalizadas Fora de Manaus,8,-,-,2025-03-31 12:55:56,31/03/2025 12:55,-,-,-,-,-,-,-
1593787,Entregas Finalizadas Fora de Manaus,8,-,-,2025-03-29 18:30:36,29/03/2025 18:30,-,-,-,-,-,-,-
1593784,Entregas Finalizadas Fora de Manaus,8,-,-,2025-03-31 14:25:21,31/03/2025 14:25,-,-,-,-,-,-,-
1593765,Entregas Finalizadas Manaus,6,-,-,2025-03-29 14:24:22,29/03/2025 14:24,-,-,-,-,-,-,-
1593756,Vendedor - Nova Encomenda,1,-,-,2025-03-29 11:43:19,29/03/2025 11:43,-,-,-,-,-,-,-
1593726,Entregas Finalizadas Fora de Manaus,8,-,-,2025-04-01 21:04:03,01/04/2025 21:04,-,-,-,-,-,-,-
1593721,Entregas Finalizadas Manaus,6,-,-,2025-03-29 13:00:51,29/03/2025 13:00,-,-,-,-,-,-,-
1593717,Entregas Finalizadas Fora de Manaus,8,-,-,2025-03-29 13:22:10,29/03/2025 13:22,-,-,-,-,-,-,-
1593711,Entregas Finalizadas Fora de Manaus,8,-,-,2025-03-29 18:49:10,29/03/2025 18:49,-,-,-,-,-,-,-
1593705,Entregas Finalizadas Fora de Manaus,8,-,-,2025-03-31 13:33:53,31/03/2025 13:33,-,-,-,-,-,-,-
1593692,Entregas Finalizadas Fora de Manaus,8,-,-,2025-03-31 13:48:42,31/03/2025 13:48,-,-,-,-,-,-,-
1593681,Entregas Finalizadas Manaus,6,-,-,2025-03-29 13:22:47,29/03/2025 13:22,-,-,-,-,-,-,-
1593495,Entregas Finalizadas Fora de Manaus,8,-,-,2025-03-31 13:39:57,31/03/2025 13:39,-,-,-,-,-,-,-
1593375,Entregas Finalizadas Manaus,6,-,-,2025-03-29 15:01:39,29/03/2025 15:01,-,-,-,-,-,-,-
1593367,Entregas Finalizadas Fora de Manaus,8,-,-,2025-03-29 18:51:46,29/03/2025 18:51,-,-,-,-,-,-,-
1593364,Entregas Finalizadas Fora de Manaus,8,-,-,2025-04-01 14:42:42,01/04/2025 14:42,-,-,-,-,-,-,-
1593362,Entregas Finalizadas Fora de Manaus,8,-,-,2025-03-31 14:52:50,31/03/2025 14:52,-,-,-,-,-,-,-
1593343,Entregas Finalizadas Fora de Manaus,8,-,-,2025-03-29 18:56:06,29/03/2025 18:56,-,-,-,-,-,-,-
1593335,Entregas Finalizadas Manaus,6,-,-,2025-03-29 15:19:30,29/03/2025 15:19,-,-,-,-,-,-,-
1593258,Entregas Finalizadas Fora de Manaus,8,-,-,2025-03-28 18:01:12,28/03/2025 18:01,-,-,-,-,-,-,-
1593220,Entregas Finalizadas Fora de Manaus,8,-,-,2025-03-29 18:44:08,29/03/2025 18:44,-,-,-,-,-,-,-
1593172,Entregas Finalizadas Fora de Manaus,8,-,-,2025-03-28 16:40:02,28/03/2025 16:40,-,-,-,-,-,-,-
1593164,Entregas Finalizadas Manaus,6,-,-,2025-03-29 13:28:45,29/03/2025 13:28,-,-,-,-,-,-,-
1593153,Entregas Finalizadas Manaus,6,-,-,2025-03-28 16:56:50,28/03/2025 16:56,-,-,-,-,-,-,-
1593140,Entregas Finalizadas Manaus,6,-,-,2025-03-28 17:13:15,28/03/2025 17:13,-,-,-,-,-,-,-
1593135,Entregas Finalizadas Fora de Manaus,8,-,-,2025-03-28 17:33:44,28/03/2025 17:33,-,-,-,-,-,-,-
1593131,Entregas Finalizadas Fora de Manaus,8,-,-,2025-03-29 18:33:00,29/03/2025 18:33,-,-,-,-,-,-,-
1593125,Entregas Finalizadas Fora de Manaus,8,-,-,2025-04-01 16:13:39,01/04/2025 16:13,-,-,-,-,-,-,-
1593118,Canceladas,X,lojaedu@mondellebrasil.com.br,-,2025-03-28 15:38:29,28/03/2025 15:38,-,-,-,-,-,-,-
1593103,Entregas Finalizadas Fora de Manaus,8,-,-,2025-03-28 21:33:52,28/03/2025 21:33,-,-,-,-,-,-,-
1593095,Vendedor - Nova Encomenda,1,-,-,2025-03-28 15:10:30,28/03/2025 15:10,-,-,-,-,-,-,-
1593075,Entregas Finalizadas Fora de Manaus,8,-,-,2025-03-28 21:44:56,28/03/2025 21:44,-,-,-,-,-,-,-
1592947,Entregas Finalizadas Fora de Manaus,8,-,-,2025-03-31 14:32:17,31/03/2025 14:32,-,-,-,-,-,-,-
1592927,Entregas Finalizadas Fora de Manaus,8,-,-,2025-03-28 21:32:46,28/03/2025 21:32,-,-,-,-,-,-,-
1592895,Entregas Finalizadas Manaus,6,-,-,2025-03-28 19:17:52,28/03/2025 19:17,-,-,-,-,-,-,-
1592893,Entregas Finalizadas Manaus,6,-,-,2025-03-28 17:11:42,28/03/2025 17:11,-,-,-,-,-,-,-
1592883,Entregas Finalizadas Fora de Manaus,8,-,-,2025-03-28 21:31:01,28/03/2025 21:31,-,-,-,-,-,-,-
1592881,Entregas Finalizadas Manaus,6,-,-,2025-03-28 17:10:24,28/03/2025 17:10,-,-,-,-,-,-,-
1592874,Entregas Finalizadas Fora de Manaus,8,-,-,2025-03-31 20:44:33,31/03/2025 20:44,-,-,-,-,-,-,-
1592870,Entregas Finalizadas Manaus,6,-,-,2025-03-28 18:46:25,28/03/2025 18:46,-,-,-,-,-,-,-
1592860,Entregas Finalizadas Fora de Manaus,8,-,-,2025-03-29 19:00:38,29/03/2025 19:00,-,-,-,-,-,-,-
1592769,Entregas Finalizadas Fora de Manaus,8,-,-,2025-03-28 21:24:39,28/03/2025 21:24,-,-,-,-,-,-,-
1592576,Entregas Finalizadas Fora de Manaus,8,-,-,2025-03-28 21:47:49,28/03/2025 21:47,-,-,-,-,-,-,-
1592554,Entregas Finalizadas Fora de Manaus,8,-,-,2025-03-28 14:15:47,28/03/2025 14:15,-,-,-,-,-,-,-
1592546,Vendedor - Nova Encomenda,1,-,-,2025-03-28 11:22:27,28/03/2025 11:22,-,-,-,-,-,-,-
1592544,Vendedor - Nova Encomenda,1,-,-,2025-03-28 11:22:16,28/03/2025 11:22,-,-,-,-,-,-,-
1592422,Vendedor - Nova Encomenda,1,-,-,2025-03-28 10:55:03,28/03/2025 10:55,-,-,-,-,-,-,-
1592409,Vendedor - Nova Encomenda,1,-,-,2025-03-28 10:51:32,28/03/2025 10:51,-,-,-,-,-,-,-
1592327,Entregas Finalizadas Fora de Manaus,8,-,-,2025-03-28 11:57:39,28/03/2025 11:57,-,-,-,-,-,-,-
1592325,Entregas Finalizadas Fora de Manaus,8,-,-,2025-03-28 21:41:37,28/03/2025 21:41,-,-,-,-,-,-,-
1592319,Entregas Finalizadas Fora de Manaus,8,-,-,2025-03-28 15:11:32,28/03/2025 15:11,-,-,-,-,-,-,-
1592299,Entregas Finalizadas Manaus,6,-,-,2025-03-28 13:55:21,28/03/2025 13:55,-,-,-,-,-,-,-
1592181,Entregas Finalizadas Manaus,6,-,-,2025-03-28 18:34:57,28/03/2025 18:34,-,-,-,-,-,-,-
1592137,Entregas Finalizadas Fora de Manaus,8,-,-,2025-03-28 13:40:24,28/03/2025 13:40,-,-,-,-,-,-,-
1592135,Entregas Finalizadas Fora de Manaus,8,-,-,2025-03-31 12:34:47,31/03/2025 12:34,-,-,-,-,-,-,-
1592062,Entregas Finalizadas Fora de Manaus,8,-,-,2025-03-28 12:40:26,28/03/2025 12:40,-,-,-,-,-,-,-
1592057,Entregas Finalizadas Fora de Manaus,8,-,-,2025-03-28 12:43:15,28/03/2025 12:43,-,-,-,-,-,-,-
1592038,Entregas Finalizadas Fora de Manaus,8,-,-,2025-03-28 12:39:14,28/03/2025 12:39,-,-,-,-,-,-,-
1591966,Entregas Finalizadas Manaus,6,-,-,2025-03-28 13:50:18,28/03/2025 13:50,-,-,-,-,-,-,-
1591577,Entregas Finalizadas Fora de Manaus,8,-,-,2025-03-28 21:27:38,28/03/2025 21:27,-,-,-,-,-,-,-
1591573,Entregas Finalizadas Fora de Manaus,8,-,-,2025-03-28 14:39:34,28/03/2025 14:39,-,-,-,-,-,-,-
1591567,Entregas Finalizadas Fora de Manaus,8,-,-,2025-03-28 14:18:21,28/03/2025 14:18,-,-,-,-,-,-,-
1591515,Entregas Finalizadas Fora de Manaus,8,-,-,2025-03-28 21:46:37,28/03/2025 21:46,-,-,-,-,-,-,-
1591513,Entregas Finalizadas Fora de Manaus,8,-,-,2025-03-29 18:57:48,29/03/2025 18:57,-,-,-,-,-,-,-
1591495,Vendedor - Nova Encomenda,1,-,-,2025-03-27 18:08:30,27/03/2025 18:08,-,-,-,-,-,-,-
1591392,Entregas Finalizadas Fora de Manaus,8,-,-,2025-03-28 21:54:26,28/03/2025 21:54,-,-,-,-,-,-,-
1591387,Entregas Finalizadas Fora de Manaus,8,-,-,2025-03-28 13:38:14,28/03/2025 13:38,-,-,-,-,-,-,-
1591325,Entregas Finalizadas Manaus,6,-,-,2025-03-27 22:06:47,27/03/2025 22:06,-,-,-,-,-,-,-
1591316,Vendedor - Nova Encomenda,1,-,-,2025-03-27 16:06:58,27/03/2025 16:06,-,-,-,-,-,-,-
1591296,Entregas Finalizadas Manaus,6,-,-,2025-03-28 15:57:48,28/03/2025 15:57,-,-,-,-,-,-,-
1591292,Entregas Finalizadas Manaus,6,-,-,2025-03-27 18:35:17,27/03/2025 18:35,-,-,-,-,-,-,-
1591268,Vendedor - Nova Encomenda,1,-,-,2025-03-27 15:39:36,27/03/2025 15:39,-,-,-,-,-,-,-
1591216,Entregas Finalizadas Manaus,6,-,-,2025-03-27 16:53:07,27/03/2025 16:53,-,-,-,-,-,-,-
1591214,Entregas Finalizadas Manaus,6,-,-,2025-03-28 17:46:16,28/03/2025 17:46,-,-,-,-,-,-,-
1591208,Entregas Finalizadas Fora de Manaus,8,-,-,2025-03-27 17:56:59,27/03/2025 17:56,-,-,-,-,-,-,-
1591142,Entregas Finalizadas Manaus,6,-,-,2025-03-27 18:42:34,27/03/2025 18:42,-,-,-,-,-,-,-
1591064,Entregas Finalizadas Manaus,6,-,-,2025-03-27 17:30:18,27/03/2025 17:30,-,-,-,-,-,-,-
1591034,Entregas Finalizadas Fora de Manaus,8,-,-,2025-03-27 21:04:04,27/03/2025 21:04,-,-,-,-,-,-,-
1590963,Entregas Finalizadas Manaus,6,-,-,2025-03-28 18:10:35,28/03/2025 18:10,-,-,-,-,-,-,-
1590896,Entregas Finalizadas Manaus,6,-,-,2025-03-27 16:31:37,27/03/2025 16:31,-,-,-,-,-,-,-
1590835,Entregas Finalizadas Fora de Manaus,8,-,-,2025-03-27 21:05:58,27/03/2025 21:05,-,-,-,-,-,-,-
1590811,Vendedor - Nova Encomenda,1,-,-,2025-03-27 11:51:51,27/03/2025 11:51,-,-,-,-,-,-,-
1590809,Entregas Finalizadas Fora de Manaus,8,-,-,2025-03-28 14:38:25,28/03/2025 14:38,-,-,-,-,-,-,-
1590761,Entregas Finalizadas Fora de Manaus,8,-,-,2025-03-27 21:25:21,27/03/2025 21:25,-,-,-,-,-,-,-
1590720,Entregas Finalizadas Fora de Manaus,8,-,-,2025-03-28 14:19:41,28/03/2025 14:19,-,-,-,-,-,-,-
1590716,Entregas Finalizadas Fora de Manaus,8,-,-,2025-03-27 18:33:59,27/03/2025 18:33,-,-,-,-,-,-,-
1590703,Entregas Finalizadas Fora de Manaus,8,-,-,2025-03-28 13:13:49,28/03/2025 13:13,-,-,-,-,-,-,-
1590501,Entregas Finalizadas Fora de Manaus,8,-,-,2025-03-27 21:12:29,27/03/2025 21:12,-,-,-,-,-,-,-
1589340,Entregas Finalizadas Manaus,6,-,-,2025-03-27 16:16:39,27/03/2025 16:16,-,-,-,-,-,-,-
1589072,Entregas Finalizadas Manaus,6,-,-,2025-03-27 16:33:07,27/03/2025 16:33,-,-,-,-,-,-,-
1588700,Vendedor - Nova Encomenda,1,-,-,2025-03-27 10:24:21,27/03/2025 10:24,-,-,-,-,-,-,-
1588131,Entregas Finalizadas Fora de Manaus,8,-,-,2025-03-27 21:09:22,27/03/2025 21:09,-,-,-,-,-,-,-
1586174,Entregas Finalizadas Manaus,6,-,-,2025-03-27 17:06:05,27/03/2025 17:06,-,-,-,-,-,-,-
1586162,Entregas Finalizadas Manaus,6,-,-,2025-03-27 19:17:17,27/03/2025 19:17,-,-,-,-,-,-,-
1586133,Entregas Finalizadas Fora de Manaus,8,-,-,2025-03-27 21:34:25,27/03/2025 21:34,-,-,-,-,-,-,-
1586125,Entregas Finalizadas Manaus,6,-,-,2025-03-27 17:51:39,27/03/2025 17:51,-,-,-,-,-,-,-
1586116,Entregas Finalizadas Fora de Manaus,8,-,-,2025-03-27 21:42:33,27/03/2025 21:42,-,-,-,-,-,-,-
1586104,Entregas Finalizadas Fora de Manaus,8,-,-,2025-03-27 21:32:25,27/03/2025 21:32,-,-,-,-,-,-,-
1586073,Entregas Finalizadas Fora de Manaus,8,-,-,2025-03-28 16:18:53,28/03/2025 16:18,-,-,-,-,-,-,-
1586067,Entregas Finalizadas Fora de Manaus,8,-,-,2025-03-27 14:35:42,27/03/2025 14:35,-,-,-,-,-,-,-
1586045,Entregas Finalizadas Manaus,6,-,-,2025-03-26 18:51:50,26/03/2025 18:51,-,-,-,-,-,-,-
1586031,Vendedor - Nova Encomenda,1,-,-,2025-03-26 16:38:55,26/03/2025 16:38,-,-,-,-,-,-,-
1585889,Entregas Finalizadas Fora de Manaus,8,-,-,2025-03-27 21:17:45,27/03/2025 21:17,-,-,-,-,-,-,-
1585688,Entregas Finalizadas Fora de Manaus,8,-,-,2025-03-27 21:45:22,27/03/2025 21:45,-,-,-,-,-,-,-
1585600,Entregas Finalizadas Fora de Manaus,8,-,-,2025-03-26 18:25:03,26/03/2025 18:25,-,-,-,-,-,-,-
1584999,Entregas Finalizadas Fora de Manaus,8,-,-,2025-03-27 21:40:02,27/03/2025 21:40,-,-,-,-,-,-,-
1584857,Entregas Finalizadas Manaus,6,-,-,2025-03-26 17:50:11,26/03/2025 17:50,-,-,-,-,-,-,-
1584855,Entregas Finalizadas Manaus,6,-,-,2025-03-26 17:08:25,26/03/2025 17:08,-,-,-,-,-,-,-
1584838,Entregas Finalizadas Manaus,6,-,-,2025-03-26 19:06:20,26/03/2025 19:06,-,-,-,-,-,-,-
1584828,Entregas Finalizadas Manaus,6,-,-,2025-03-26 16:50:04,26/03/2025 16:50,-,-,-,-,-,-,-
1584792,Entregas Finalizadas Manaus,6,-,-,2025-03-26 19:24:39,26/03/2025 19:24,-,-,-,-,-,-,-
1584675,Entregas Finalizadas Manaus,6,-,-,2025-03-28 17:54:56,28/03/2025 17:54,-,-,-,-,-,-,-
1584662,Entregas Finalizadas Manaus,6,-,-,2025-03-26 20:27:04,26/03/2025 20:27,-,-,-,-,-,-,-
1584652,Entregas Finalizadas Manaus,6,-,-,2025-03-26 17:26:20,26/03/2025 17:26,-,-,-,-,-,-,-
1584366,Entregas Finalizadas Manaus,6,-,-,2025-03-26 19:51:58,26/03/2025 19:51,-,-,-,-,-,-,-
1584291,Entregas Finalizadas Manaus,6,-,-,2025-03-26 17:18:37,26/03/2025 17:18,-,-,-,-,-,-,-
1584262,Entregas Finalizadas Manaus,6,-,-,2025-03-26 17:00:34,26/03/2025 17:00,-,-,-,-,-,-,-
1584180,Vendedor - Nova Encomenda,1,-,-,2025-03-26 12:11:28,26/03/2025 12:11,-,-,-,-,-,-,-
1584031,Vendedor - Nova Encomenda,1,-,-,2025-03-26 11:52:53,26/03/2025 11:52,-,-,-,-,-,-,-
1583643,Entregas Finalizadas Manaus,6,-,-,2025-03-26 19:53:43,26/03/2025 19:53,-,-,-,-,-,-,-
1583600,Entregas Finalizadas Fora de Manaus,8,-,-,2025-03-26 17:03:44,26/03/2025 17:03,-,-,-,-,-,-,-
1583543,Entregas Finalizadas Manaus,6,-,-,2025-03-26 17:06:03,26/03/2025 17:06,-,-,-,-,-,-,-
1582913,Entregas Finalizadas Fora de Manaus,8,-,-,2025-03-26 13:45:47,26/03/2025 13:45,-,-,-,-,-,-,-
1582864,Entregas Finalizadas Fora de Manaus,8,-,-,2025-03-27 21:20:56,27/03/2025 21:20,-,-,-,-,-,-,-
1582859,Entregas Finalizadas Fora de Manaus,8,-,-,2025-03-26 17:17:44,26/03/2025 17:17,-,-,-,-,-,-,-
1582852,Entregas Finalizadas Fora de Manaus,8,-,-,2025-03-26 14:03:25,26/03/2025 14:03,-,-,-,-,-,-,-
1582820,Entregas Finalizadas Manaus,6,-,-,2025-03-26 15:24:39,26/03/2025 15:24,-,-,-,-,-,-,-
1582795,Entregas Finalizadas Fora de Manaus,8,-,-,2025-03-27 21:30:55,27/03/2025 21:30,-,-,-,-,-,-,-
1582750,Entregas Finalizadas Fora de Manaus,8,-,-,2025-03-28 13:42:02,28/03/2025 13:42,-,-,-,-,-,-,-
1582736,Entregas Finalizadas Fora de Manaus,8,-,-,2025-03-28 10:14:26,28/03/2025 10:14,-,-,-,-,-,-,-
1582724,Entregas Finalizadas Fora de Manaus,8,-,-,2025-03-27 21:15:07,27/03/2025 21:15,-,-,-,-,-,-,-
1582702,Entregas Finalizadas Manaus,6,-,-,2025-03-26 18:50:01,26/03/2025 18:50,-,-,-,-,-,-,-
1582691,Entregas Finalizadas Fora de Manaus,8,-,-,2025-03-28 13:43:52,28/03/2025 13:43,-,-,-,-,-,-,-
1582667,Entregas Finalizadas Fora de Manaus,8,-,-,2025-03-25 17:47:42,25/03/2025 17:47,-,-,-,-,-,-,-
1582625,Entregas Finalizadas Fora de Manaus,8,-,-,2025-03-25 17:25:57,25/03/2025 17:25,-,-,-,-,-,-,-
1582561,Vendedor - Nova Encomenda,1,-,-,2025-03-25 16:03:26,25/03/2025 16:03,-,-,-,-,-,-,-
1582518,Entregas Finalizadas Manaus,6,-,-,2025-03-26 13:22:32,26/03/2025 13:22,-,-,-,-,-,-,-
1582427,Entregas Finalizadas Manaus,6,-,-,2025-03-25 18:13:35,25/03/2025 18:13,-,-,-,-,-,-,-
1582384,Entregas Finalizadas Fora de Manaus,8,-,-,2025-03-25 20:33:27,25/03/2025 20:33,-,-,-,-,-,-,-
1582370,Vendedor - Nova Encomenda,1,-,-,2025-03-25 14:29:41,25/03/2025 14:29,-,-,-,-,-,-,-
1582361,Entregas Finalizadas Fora de Manaus,8,-,-,2025-03-26 13:01:33,26/03/2025 13:01,-,-,-,-,-,-,-
1582353,Entregas Finalizadas Manaus,6,-,-,2025-03-25 17:49:10,25/03/2025 17:49,-,-,-,-,-,-,-
1582239,Entregas Finalizadas Manaus,6,-,-,2025-03-25 19:03:24,25/03/2025 19:03,-,-,-,-,-,-,-
1582165,Entregas Finalizadas Fora de Manaus,8,-,-,2025-03-25 16:46:47,25/03/2025 16:46,-,-,-,-,-,-,-
1582139,Entregas Finalizadas Fora de Manaus,8,-,-,2025-03-26 16:54:03,26/03/2025 16:54,-,-,-,-,-,-,-
1582112,Entregas Finalizadas Manaus,6,-,-,2025-03-25 14:39:57,25/03/2025 14:39,-,-,-,-,-,-,-
1582044,Entregas Finalizadas Manaus,6,-,-,2025-03-25 14:53:08,25/03/2025 14:53,-,-,-,-,-,-,-
1581989,Entregas Finalizadas Fora de Manaus,8,-,-,2025-03-26 13:42:26,26/03/2025 13:42,-,-,-,-,-,-,-
1581986,Entregas Finalizadas Fora de Manaus,8,-,-,2025-03-25 20:28:27,25/03/2025 20:28,-,-,-,-,-,-,-
1581943,Vendedor - Nova Encomenda,1,-,-,2025-03-25 11:10:27,25/03/2025 11:10,-,-,-,-,-,-,-
1581919,Entregas Finalizadas Fora de Manaus,8,-,-,2025-03-25 20:22:25,25/03/2025 20:22,-,-,-,-,-,-,-
1581881,Entregas Finalizadas Fora de Manaus,8,-,-,2025-03-25 20:51:54,25/03/2025 20:51,-,-,-,-,-,-,-
1581873,Entregas Finalizadas Manaus,6,-,-,2025-03-25 14:18:40,25/03/2025 14:18,-,-,-,-,-,-,-
1581713,Entregas Finalizadas Fora de Manaus,8,-,-,2025-03-25 17:09:07,25/03/2025 17:09,-,-,-,-,-,-,-
1581672,Entregas Finalizadas Fora de Manaus,8,-,-,2025-03-25 20:24:45,25/03/2025 20:24,-,-,-,-,-,-,-
1581647,Entregas Finalizadas Fora de Manaus,8,-,-,2025-03-25 20:26:16,25/03/2025 20:26,-,-,-,-,-,-,-
1581641,Entregas Finalizadas Fora de Manaus,8,-,-,2025-03-25 14:57:07,25/03/2025 14:57,-,-,-,-,-,-,-
1581633,Entregas Finalizadas Fora de Manaus,8,-,-,2025-03-26 17:19:05,26/03/2025 17:19,-,-,-,-,-,-,-
1581328,Entregas Finalizadas Fora de Manaus,8,-,-,2025-03-25 20:31:24,25/03/2025 20:31,-,-,-,-,-,-,-
1581237,Entregas Finalizadas Fora de Manaus,8,-,-,2025-03-25 20:38:00,25/03/2025 20:38,-,-,-,-,-,-,-
1581225,Entregas Finalizadas Fora de Manaus,8,-,-,2025-03-27 21:22:53,27/03/2025 21:22,-,-,-,-,-,-,-
1581212,Entregas Finalizadas Fora de Manaus,8,-,-,2025-03-25 17:24:11,25/03/2025 17:24,-,-,-,-,-,-,-
1581182,Entregas Finalizadas Manaus,6,-,-,2025-03-25 15:04:26,25/03/2025 15:04,-,-,-,-,-,-,-
1581179,Entregas Finalizadas Fora de Manaus,8,-,-,2025-03-25 20:44:39,25/03/2025 20:44,-,-,-,-,-,-,-
1581132,Entregas Finalizadas Fora de Manaus,8,-,-,2025-03-25 13:48:47,25/03/2025 13:48,-,-,-,-,-,-,-
1581014,Entregas Finalizadas Manaus,6,-,-,2025-03-27 17:06:09,27/03/2025 17:06,-,-,-,-,-,-,-
1580831,Entregas Finalizadas Fora de Manaus,8,-,-,2025-03-25 20:55:32,25/03/2025 20:55,-,-,-,-,-,-,-
1580780,Entregas Finalizadas Fora de Manaus,8,-,-,2025-03-25 20:53:17,25/03/2025 20:53,-,-,-,-,-,-,-
1580776,Entregas Finalizadas Manaus,6,-,-,2025-03-24 16:54:24,24/03/2025 16:54,-,-,-,-,-,-,-
1580731,Entregas Finalizadas Manaus,6,-,-,2025-03-24 17:21:42,24/03/2025 17:21,-,-,-,-,-,-,-
1580656,Entregas Finalizadas Fora de Manaus,8,-,-,2025-03-24 20:02:15,24/03/2025 20:02,-,-,-,-,-,-,-
1580651,Entregas Finalizadas Fora de Manaus,8,-,-,2025-03-24 17:50:26,24/03/2025 17:50,-,-,-,-,-,-,-
1580643,Entregas Finalizadas Fora de Manaus,8,-,-,2025-03-24 17:45:31,24/03/2025 17:45,-,-,-,-,-,-,-
1580621,Entregas Finalizadas Fora de Manaus,8,-,-,2025-03-24 17:34:00,24/03/2025 17:34,-,-,-,-,-,-,-
1580582,Entregas Finalizadas Fora de Manaus,8,-,-,2025-03-25 20:18:21,25/03/2025 20:18,-,-,-,-,-,-,-
1580549,Entregas Finalizadas Fora de Manaus,8,-,-,2025-03-24 18:16:04,24/03/2025 18:16,-,-,-,-,-,-,-
1580543,Entregas Finalizadas Fora de Manaus,8,-,-,2025-03-24 20:04:47,24/03/2025 20:04,-,-,-,-,-,-,-
1580540,Entregas Finalizadas Fora de Manaus,8,-,-,2025-03-26 13:30:52,26/03/2025 13:30,-,-,-,-,-,-,-
1580533,Entregas Finalizadas Manaus,6,-,-,2025-03-24 18:59:37,24/03/2025 18:59,-,-,-,-,-,-,-
1580516,Entregas Finalizadas Fora de Manaus,8,-,-,2025-03-24 13:29:57,24/03/2025 13:29,-,-,-,-,-,-,-
1580500,Entregas Finalizadas Fora de Manaus,8,-,-,2025-03-24 13:29:20,24/03/2025 13:29,-,-,-,-,-,-,-
1580441,Entregas Finalizadas Fora de Manaus,8,-,-,2025-03-25 20:35:32,25/03/2025 20:35,-,-,-,-,-,-,-
1580235,Entregas Finalizadas Fora de Manaus,8,-,-,2025-03-24 14:13:51,24/03/2025 14:13,-,-,-,-,-,-,-
1580229,Vendedor - Nova Encomenda,1,-,-,2025-03-24 10:36:16,24/03/2025 10:36,-,-,-,-,-,-,-
1579755,Entregas Finalizadas Fora de Manaus,8,-,-,2025-03-24 14:08:45,24/03/2025 14:08,-,-,-,-,-,-,-
1579705,Entregas Finalizadas Fora de Manaus,8,-,-,2025-03-24 13:00:51,24/03/2025 13:00,-,-,-,-,-,-,-
1579630,Entregas Finalizadas Fora de Manaus,8,-,-,2025-03-24 16:03:32,24/03/2025 16:03,-,-,-,-,-,-,-
1579577,Entregas Finalizadas Fora de Manaus,8,-,-,2025-03-28 17:51:05,28/03/2025 17:51,-,-,-,-,-,-,-
1579157,Entregas Finalizadas Fora de Manaus,8,-,-,2025-03-24 13:51:40,24/03/2025 13:51,-,-,-,-,-,-,-
1578689,Entregas Finalizadas Manaus,6,-,-,2025-03-22 16:05:30,22/03/2025 16:05,-,-,-,-,-,-,-
1578633,Vendedor - Nova Encomenda,1,-,-,2025-03-22 12:08:50,22/03/2025 12:08,-,-,-,-,-,-,-
1578619,Entregas Finalizadas Manaus,6,-,-,2025-03-22 14:41:59,22/03/2025 14:41,-,-,-,-,-,-,-
1578613,Vendedor - Nova Encomenda,1,-,-,2025-03-22 11:58:17,22/03/2025 11:58,-,-,-,-,-,-,-
1578602,Entregas Finalizadas Manaus,6,-,-,2025-03-28 10:54:01,28/03/2025 10:54,-,-,-,-,-,-,-
1578595,Entregas Finalizadas Fora de Manaus,8,-,-,2025-03-24 20:11:32,24/03/2025 20:11,-,-,-,-,-,-,-
1578590,Entregas Finalizadas Fora de Manaus,8,-,-,2025-03-25 10:39:29,25/03/2025 10:39,-,-,-,-,-,-,-
1578588,Entregas Finalizadas Fora de Manaus,8,-,-,2025-03-24 14:05:19,24/03/2025 14:05,-,-,-,-,-,-,-
1578578,Entregas Finalizadas Manaus,6,-,-,2025-03-22 15:37:33,22/03/2025 15:37,-,-,-,-,-,-,-
1578568,Entregas Finalizadas Fora de Manaus,8,-,-,2025-03-22 14:52:41,22/03/2025 14:52,-,-,-,-,-,-,-
1578562,Entregas Finalizadas Fora de Manaus,8,-,-,2025-03-22 18:37:57,22/03/2025 18:37,-,-,-,-,-,-,-
1578554,Entregas Finalizadas Fora de Manaus,8,-,-,2025-03-24 11:47:12,24/03/2025 11:47,-,-,-,-,-,-,-
1578541,Entregas Finalizadas Fora de Manaus,8,-,-,2025-03-22 18:50:42,22/03/2025 18:50,-,-,-,-,-,-,-
1578538,Entregas Finalizadas Fora de Manaus,8,-,-,2025-03-24 13:29:52,24/03/2025 13:29,-,-,-,-,-,-,-
1578535,Entregas Finalizadas Manaus,6,-,-,2025-03-22 13:40:18,22/03/2025 13:40,-,-,-,-,-,-,-
1578529,Entregas Finalizadas Fora de Manaus,8,-,-,2025-03-24 16:08:57,24/03/2025 16:08,-,-,-,-,-,-,-
1578524,Entregas Finalizadas Manaus,6,-,-,2025-03-22 15:23:08,22/03/2025 15:23,-,-,-,-,-,-,-
1578518,Entregas Finalizadas Manaus,6,-,-,2025-03-22 16:25:39,22/03/2025 16:25,-,-,-,-,-,-,-
1578510,Entregas Finalizadas Manaus,6,-,-,2025-03-22 14:26:33,22/03/2025 14:26,-,-,-,-,-,-,-
1578508,Entregas Finalizadas Manaus,6,-,-,2025-03-22 15:12:57,22/03/2025 15:12,-,-,-,-,-,-,-
1578503,Entregas Finalizadas Fora de Manaus,8,-,-,2025-03-22 18:46:13,22/03/2025 18:46,-,-,-,-,-,-,-
1578501,Vendedor - Nova Encomenda,1,-,-,2025-03-22 10:22:13,22/03/2025 10:22,-,-,-,-,-,-,-
1578456,Entregas Finalizadas Manaus,6,-,-,2025-03-22 13:09:28,22/03/2025 13:09,-,-,-,-,-,-,-
1578441,Entregas Finalizadas Manaus,6,-,-,2025-03-22 13:52:35,22/03/2025 13:52,-,-,-,-,-,-,-
1578297,Entregas Finalizadas Fora de Manaus,8,-,-,2025-03-22 13:12:33,22/03/2025 13:12,-,-,-,-,-,-,-
1578292,Entregas Finalizadas Fora de Manaus,8,-,-,2025-03-22 13:29:28,22/03/2025 13:29,-,-,-,-,-,-,-
1578252,Entregas Finalizadas Fora de Manaus,8,-,-,2025-03-24 20:09:40,24/03/2025 20:09,-,-,-,-,-,-,-
1578241,Entregas Finalizadas Fora de Manaus,8,-,-,2025-03-25 11:24:35,25/03/2025 11:24,-,-,-,-,-,-,-
1578237,Entregas Finalizadas Fora de Manaus,8,-,-,2025-03-24 20:07:19,24/03/2025 20:07,-,-,-,-,-,-,-
1578219,Entregas Finalizadas Manaus,6,-,-,2025-03-24 15:30:43,24/03/2025 15:30,-,-,-,-,-,-,-
1578199,Entregas Finalizadas Manaus,6,-,-,2025-03-27 22:29:39,27/03/2025 22:29,-,-,-,-,-,-,-
1578190,Entregas Finalizadas Fora de Manaus,8,-,-,2025-03-24 20:14:34,24/03/2025 20:14,-,-,-,-,-,-,-
1578158,Entregas Finalizadas Manaus,6,-,-,2025-03-22 14:21:31,22/03/2025 14:21,-,-,-,-,-,-,-
1578153,Entregas Finalizadas Fora de Manaus,8,-,-,2025-03-26 13:23:35,26/03/2025 13:23,-,-,-,-,-,-,-
1578065,Entregas Finalizadas Fora de Manaus,8,-,-,2025-03-24 13:02:04,24/03/2025 13:02,-,-,-,-,-,-,-
1578046,Entregas Finalizadas Manaus,6,-,-,2025-03-24 14:29:44,24/03/2025 14:29,-,-,-,-,-,-,-
1578035,Entregas Finalizadas Fora de Manaus,8,-,-,2025-03-21 20:15:00,21/03/2025 20:15,-,-,-,-,-,-,-
1578018,Entregas Finalizadas Fora de Manaus,8,-,-,2025-03-22 13:24:38,22/03/2025 13:24,-,-,-,-,-,-,-
1578003,Entregas Finalizadas Fora de Manaus,8,-,-,2025-03-24 16:06:06,24/03/2025 16:06,-,-,-,-,-,-,-
1577989,Entregas Finalizadas Fora de Manaus,8,-,-,2025-03-24 15:53:55,24/03/2025 15:53,-,-,-,-,-,-,-
1577972,Entregas Finalizadas Manaus,6,-,-,2025-03-21 19:04:27,21/03/2025 19:04,-,-,-,-,-,-,-
1577965,Entregas Finalizadas Fora de Manaus,8,-,-,2025-03-21 18:22:53,21/03/2025 18:22,-,-,-,-,-,-,-
1577924,Entregas Finalizadas Fora de Manaus,8,-,-,2025-03-21 21:12:26,21/03/2025 21:12,-,-,-,-,-,-,-
1577901,Entregas Finalizadas Manaus,6,-,-,2025-03-21 19:26:39,21/03/2025 19:26,-,-,-,-,-,-,-
1577868,Entregas Finalizadas Manaus,6,-,-,2025-03-21 18:51:10,21/03/2025 18:51,-,-,-,-,-,-,-
1577760,Vendedor - Nova Encomenda,1,-,-,2025-03-21 13:39:49,21/03/2025 13:39,-,-,-,-,-,-,-
1577742,Entregas Finalizadas Fora de Manaus,8,-,-,2025-03-22 18:41:52,22/03/2025 18:41,-,-,-,-,-,-,-
1577718,Entregas Finalizadas Manaus,6,-,-,2025-03-21 17:27:26,21/03/2025 17:27,-,-,-,-,-,-,-
1577710,Entregas Finalizadas Manaus,6,-,-,2025-03-22 12:12:52,22/03/2025 12:12,-,-,-,-,-,-,-
1577703,Entregas Finalizadas Manaus,6,-,-,2025-03-21 17:23:39,21/03/2025 17:23,-,-,-,-,-,-,-
1577655,Entregas Finalizadas Fora de Manaus,8,-,-,2025-03-21 20:43:02,21/03/2025 20:43,-,-,-,-,-,-,-
1577608,Entregas Finalizadas Fora de Manaus,8,-,-,2025-03-21 20:46:47,21/03/2025 20:46,-,-,-,-,-,-,-
1577587,Entregas Finalizadas Fora de Manaus,8,-,-,2025-03-21 17:37:43,21/03/2025 17:37,-,-,-,-,-,-,-
1577582,Entregas Finalizadas Manaus,6,-,-,2025-03-21 13:41:10,21/03/2025 13:41,-,-,-,-,-,-,-
1577579,Entregas Finalizadas Manaus,6,-,-,2025-03-21 17:55:35,21/03/2025 17:55,-,-,-,-,-,-,-
1577574,Entregas Finalizadas Fora de Manaus,8,-,-,2025-03-21 20:36:45,21/03/2025 20:36,-,-,-,-,-,-,-
1577502,Entregas Finalizadas Fora de Manaus,8,-,-,2025-03-24 19:08:16,24/03/2025 19:08,-,-,-,-,-,-,-
1577498,Entregas Finalizadas Manaus,6,-,-,2025-03-21 14:25:15,21/03/2025 14:25,-,-,-,-,-,-,-
1577486,Entregas Finalizadas Fora de Manaus,8,-,-,2025-03-21 20:08:41,21/03/2025 20:08,-,-,-,-,-,-,-
1577468,Entregas Finalizadas Fora de Manaus,8,-,-,2025-03-21 17:52:49,21/03/2025 17:52,-,-,-,-,-,-,-
1577446,Entregas Finalizadas Manaus,6,-,-,2025-03-21 14:05:11,21/03/2025 14:05,-,-,-,-,-,-,-
1577417,Entregas Finalizadas Fora de Manaus,8,-,-,2025-03-21 12:55:16,21/03/2025 12:55,-,-,-,-,-,-,-
1577403,Entregas Finalizadas Fora de Manaus,8,-,-,2025-03-21 14:45:54,21/03/2025 14:45,-,-,-,-,-,-,-
1577299,Entregas Finalizadas Fora de Manaus,8,-,-,2025-03-21 20:52:58,21/03/2025 20:52,-,-,-,-,-,-,-
1577295,Entregas Finalizadas Manaus,6,-,-,2025-03-21 15:11:00,21/03/2025 15:11,-,-,-,-,-,-,-
1577277,Entregas Finalizadas Fora de Manaus,8,-,-,2025-03-24 14:36:51,24/03/2025 14:36,-,-,-,-,-,-,-
1577040,Entregas Finalizadas Fora de Manaus,8,-,-,2025-03-21 12:59:11,21/03/2025 12:59,-,-,-,-,-,-,-
1577036,Entregas Finalizadas Fora de Manaus,8,-,-,2025-03-22 13:56:21,22/03/2025 13:56,-,-,-,-,-,-,-
1576996,Entregas Finalizadas Fora de Manaus,8,-,-,2025-03-21 10:48:42,21/03/2025 10:48,-,-,-,-,-,-,-
1576958,Entregas Finalizadas Fora de Manaus,8,-,-,2025-03-21 14:43:38,21/03/2025 14:43,-,-,-,-,-,-,-
1576926,Entregas Finalizadas Fora de Manaus,8,-,-,2025-03-25 20:41:59,25/03/2025 20:41,-,-,-,-,-,-,-
1576854,Entregas Finalizadas Fora de Manaus,8,-,-,2025-03-21 12:27:14,21/03/2025 12:27,-,-,-,-,-,-,-
1576774,Entregas Finalizadas Fora de Manaus,8,-,-,2025-03-25 20:39:14,25/03/2025 20:39,-,-,-,-,-,-,-
1576768,Entregas Finalizadas Fora de Manaus,8,-,-,2025-03-20 17:02:38,20/03/2025 17:02,-,-,-,-,-,-,-
1576733,Entregas Finalizadas Manaus,6,-,-,2025-03-20 17:12:47,20/03/2025 17:12,-,-,-,-,-,-,-
1576728,Entregas Finalizadas Manaus,6,-,-,2025-03-21 14:34:33,21/03/2025 14:34,-,-,-,-,-,-,-
1576707,Entregas Finalizadas Manaus,6,-,-,2025-03-21 09:33:18,21/03/2025 09:33,-,-,-,-,-,-,-
1576556,Entregas Finalizadas Fora de Manaus,8,-,-,2025-03-21 07:19:29,21/03/2025 07:19,-,-,-,-,-,-,-
1576530,Entregas Finalizadas Fora de Manaus,8,-,-,2025-03-20 17:53:13,20/03/2025 17:53,-,-,-,-,-,-,-
1576421,Entregas Finalizadas Manaus,6,-,-,2025-03-20 17:57:35,20/03/2025 17:57,-,-,-,-,-,-,-
1576406,Entregas Finalizadas Manaus,6,-,-,2025-03-20 15:55:05,20/03/2025 15:55,-,-,-,-,-,-,-
1576395,Entregas Finalizadas Fora de Manaus,8,-,-,2025-03-21 21:09:40,21/03/2025 21:09,-,-,-,-,-,-,-
1576383,Entregas Finalizadas Fora de Manaus,8,-,-,2025-03-20 13:15:53,20/03/2025 13:15,-,-,-,-,-,-,-
1576367,Entregas Finalizadas Fora de Manaus,8,-,-,2025-03-21 07:02:42,21/03/2025 07:02,-,-,-,-,-,-,-
1576342,Entregas Finalizadas Manaus,6,-,-,2025-03-20 15:25:54,20/03/2025 15:25,-,-,-,-,-,-,-
1575244,Entregas Finalizadas Manaus,6,-,-,2025-03-20 18:05:12,20/03/2025 18:05,-,-,-,-,-,-,-
1573589,Entregas Finalizadas Manaus,6,-,-,2025-03-20 13:35:37,20/03/2025 13:35,-,-,-,-,-,-,-
1573584,Entregas Finalizadas Fora de Manaus,8,-,-,2025-03-21 12:08:26,21/03/2025 12:08,-,-,-,-,-,-,-
1573553,Entregas Finalizadas Fora de Manaus,8,-,-,2025-03-24 13:24:48,24/03/2025 13:24,-,-,-,-,-,-,-
1573549,Entregas Finalizadas Fora de Manaus,8,-,-,2025-03-20 13:33:47,20/03/2025 13:33,-,-,-,-,-,-,-
1573544,Entregas Finalizadas Fora de Manaus,8,-,-,2025-03-24 13:13:40,24/03/2025 13:13,-,-,-,-,-,-,-
1573524,Entregas Finalizadas Fora de Manaus,8,-,-,2025-03-21 07:03:55,21/03/2025 07:03,-,-,-,-,-,-,-
1573268,Vendedor - Nova Encomenda,1,-,-,2025-03-19 18:24:49,19/03/2025 18:24,-,-,-,-,-,-,-
1573260,Entregas Finalizadas Manaus,6,-,-,2025-03-21 08:44:08,21/03/2025 08:44,-,-,-,-,-,-,-
1573256,Entregas Finalizadas Manaus,6,-,-,2025-03-24 17:53:26,24/03/2025 17:53,-,-,-,-,-,-,-
1573252,Entregas Finalizadas Fora de Manaus,8,-,-,2025-03-21 07:13:01,21/03/2025 07:13,-,-,-,-,-,-,-
1573249,Entregas Finalizadas Fora de Manaus,8,-,-,2025-03-21 07:24:27,21/03/2025 07:24,-,-,-,-,-,-,-
1573234,Vendedor - Nova Encomenda,1,-,-,2025-03-19 17:49:39,19/03/2025 17:49,-,-,-,-,-,-,-
1573186,Entregas Finalizadas Fora de Manaus,8,-,-,2025-03-21 21:01:17,21/03/2025 21:01,-,-,-,-,-,-,-
1573181,Vendedor - Nova Encomenda,1,-,-,2025-03-19 17:17:08,19/03/2025 17:17,-,-,-,-,-,-,-
1573175,Entregas Finalizadas Fora de Manaus,8,-,-,2025-03-20 12:52:03,20/03/2025 12:52,-,-,-,-,-,-,-
1572576,Vendedor - Nova Encomenda,1,-,-,2025-03-19 15:46:52,19/03/2025 15:46,-,-,-,-,-,-,-
1572570,Entregas Finalizadas Fora de Manaus,8,-,-,2025-03-20 14:32:11,20/03/2025 14:32,-,-,-,-,-,-,-
1572549,Entregas Finalizadas Manaus,6,-,-,2025-03-19 18:34:46,19/03/2025 18:34,-,-,-,-,-,-,-
1572507,Entregas Finalizadas Fora de Manaus,8,-,-,2025-03-21 07:31:51,21/03/2025 07:31,-,-,-,-,-,-,-
1572505,Entregas Finalizadas Manaus,6,-,-,2025-03-19 17:26:01,19/03/2025 17:26,-,-,-,-,-,-,-
1572480,Entregas Finalizadas Fora de Manaus,8,-,-,2025-03-19 17:49:33,19/03/2025 17:49,-,-,-,-,-,-,-
1572460,Entregas Finalizadas Fora de Manaus,8,-,-,2025-03-24 20:16:09,24/03/2025 20:16,-,-,-,-,-,-,-
1571946,Vendedor - Nova Encomenda,1,-,-,2025-03-19 13:53:11,19/03/2025 13:53,-,-,-,-,-,-,-
1571885,Entregas Finalizadas Fora de Manaus,8,-,-,2025-03-19 20:40:44,19/03/2025 20:40,-,-,-,-,-,-,-
1571818,Entregas Finalizadas Fora de Manaus,8,-,-,2025-03-19 20:31:08,19/03/2025 20:31,-,-,-,-,-,-,-
1571546,Entregas Finalizadas Fora de Manaus,8,-,-,2025-03-20 12:59:04,20/03/2025 12:59,-,-,-,-,-,-,-
1571261,Entregas Finalizadas Fora de Manaus,8,-,-,2025-03-21 07:37:34,21/03/2025 07:37,-,-,-,-,-,-,-
1571237,Entregas Finalizadas Fora de Manaus,8,-,-,2025-03-19 20:42:48,19/03/2025 20:42,-,-,-,-,-,-,-
1571228,Entregas Finalizadas Manaus,6,-,-,2025-03-19 18:36:44,19/03/2025 18:36,-,-,-,-,-,-,-
1571217,Entregas Finalizadas Fora de Manaus,8,-,-,2025-03-19 20:45:40,19/03/2025 20:45,-,-,-,-,-,-,-
1571207,Entregas Finalizadas Manaus,6,-,-,2025-03-19 19:06:28,19/03/2025 19:06,-,-,-,-,-,-,-
1571205,Entregas Finalizadas Fora de Manaus,8,-,-,2025-03-21 07:35:25,21/03/2025 07:35,-,-,-,-,-,-,-
1571194,Entregas Finalizadas Manaus,6,-,-,2025-03-19 14:36:31,19/03/2025 14:36,-,-,-,-,-,-,-
1571188,Entregas Finalizadas Fora de Manaus,8,-,-,2025-03-19 16:03:44,19/03/2025 16:03,-,-,-,-,-,-,-
1571181,Entregas Finalizadas Fora de Manaus,8,-,-,2025-03-21 10:46:56,21/03/2025 10:46,-,-,-,-,-,-,-
1571180,Entregas Finalizadas Fora de Manaus,8,-,-,2025-03-21 12:28:22,21/03/2025 12:28,-,-,-,-,-,-,-
1571175,Vendedor - Nova Encomenda,1,-,-,2025-03-19 12:06:03,19/03/2025 12:06,-,-,-,-,-,-,-
1571071,Entregas Finalizadas Manaus,6,-,-,2025-03-19 18:09:50,19/03/2025 18:09,-,-,-,-,-,-,-
1571052,Entregas Finalizadas Manaus,6,-,-,2025-03-19 21:29:35,19/03/2025 21:29,-,-,-,-,-,-,-
1571046,Vendedor - Nova Encomenda,1,-,-,2025-03-19 11:24:17,19/03/2025 11:24,-,-,-,-,-,-,-
1571035,Vendedor - Nova Encomenda,1,-,-,2025-03-19 11:17:35,19/03/2025 11:17,-,-,-,-,-,-,-
1571026,Entregas Finalizadas Manaus,6,-,-,2025-03-19 19:04:31,19/03/2025 19:04,-,-,-,-,-,-,-
1571018,Entregas Finalizadas Fora de Manaus,8,-,-,2025-03-21 07:33:32,21/03/2025 07:33,-,-,-,-,-,-,-
1570942,Entregas Finalizadas Fora de Manaus,8,-,-,2025-03-19 16:45:32,19/03/2025 16:45,-,-,-,-,-,-,-
1570879,Entregas Finalizadas Fora de Manaus,8,-,-,2025-03-19 23:05:18,19/03/2025 23:05,-,-,-,-,-,-,-
1570805,Entregas Finalizadas Fora de Manaus,8,-,-,2025-03-19 17:47:43,19/03/2025 17:47,-,-,-,-,-,-,-
1570038,Entregas Finalizadas Fora de Manaus,8,-,-,2025-03-19 20:32:45,19/03/2025 20:32,-,-,-,-,-,-,-
1569321,Entregas Finalizadas Manaus,6,-,-,2025-03-19 17:43:52,19/03/2025 17:43,-,-,-,-,-,-,-
1569280,Entregas Finalizadas Fora de Manaus,8,-,-,2025-03-19 16:01:35,19/03/2025 16:01,-,-,-,-,-,-,-
1569118,Entregas Finalizadas Fora de Manaus,8,-,-,2025-03-19 20:48:28,19/03/2025 20:48,-,-,-,-,-,-,-
1569107,Entregas Finalizadas Fora de Manaus,8,-,-,2025-03-19 20:44:15,19/03/2025 20:44,-,-,-,-,-,-,-
1569104,Entregas Finalizadas Fora de Manaus,8,-,-,2025-03-19 13:23:33,19/03/2025 13:23,-,-,-,-,-,-,-
1569102,Entregas Finalizadas Manaus,6,-,-,2025-03-20 10:39:32,20/03/2025 10:39,-,-,-,-,-,-,-
1568651,Entregas Finalizadas Manaus,6,-,-,2025-03-19 21:22:11,19/03/2025 21:22,-,-,-,-,-,-,-
1568586,Entregas Finalizadas Fora de Manaus,8,-,-,2025-03-21 07:07:54,21/03/2025 07:07,-,-,-,-,-,-,-
1568364,Entregas Finalizadas Fora de Manaus,8,-,-,2025-03-19 14:19:15,19/03/2025 14:19,-,-,-,-,-,-,-
1568221,Entregas Finalizadas Manaus,6,-,-,2025-03-19 13:51:22,19/03/2025 13:51,-,-,-,-,-,-,-
1568080,Entregas Finalizadas Fora de Manaus,8,-,-,2025-03-21 07:22:03,21/03/2025 07:22,-,-,-,-,-,-,-
1568072,Entregas Finalizadas Fora de Manaus,8,-,-,2025-03-19 12:28:24,19/03/2025 12:28,-,-,-,-,-,-,-
1568052,Entregas Finalizadas Fora de Manaus,8,-,-,2025-03-20 12:21:54,20/03/2025 12:21,-,-,-,-,-,-,-
1568021,Entregas Finalizadas Fora de Manaus,8,-,-,2025-03-20 12:20:06,20/03/2025 12:20,-,-,-,-,-,-,-
1567977,Entregas Finalizadas Manaus,6,-,-,2025-03-19 22:02:55,19/03/2025 22:02,-,-,-,-,-,-,-
1567896,Entregas Finalizadas Fora de Manaus,8,-,-,2025-03-21 07:16:42,21/03/2025 07:16,-,-,-,-,-,-,-
1567890,Entregas Finalizadas Fora de Manaus,8,-,-,2025-03-19 14:51:33,19/03/2025 14:51,-,-,-,-,-,-,-
1567835,Entregas Finalizadas Fora de Manaus,8,-,-,2025-03-21 12:53:50,21/03/2025 12:53,-,-,-,-,-,-,-
1567830,Entregas Finalizadas Manaus,6,-,-,2025-03-19 21:05:35,19/03/2025 21:05,-,-,-,-,-,-,-
1567821,Entregas Finalizadas Fora de Manaus,8,-,-,2025-03-18 20:40:49,18/03/2025 20:40,-,-,-,-,-,-,-
1567710,Entregas Finalizadas Fora de Manaus,8,-,-,2025-03-18 20:33:07,18/03/2025 20:33,-,-,-,-,-,-,-
1567634,Entregas Finalizadas Fora de Manaus,8,-,-,2025-03-18 17:14:58,18/03/2025 17:14,-,-,-,-,-,-,-
1567459,Entregas Finalizadas Fora de Manaus,8,-,-,2025-03-19 12:33:04,19/03/2025 12:33,-,-,-,-,-,-,-
1567407,Vendedor - Nova Encomenda,1,-,-,2025-03-18 14:53:15,18/03/2025 14:53,-,-,-,-,-,-,-
1567326,Entregas Finalizadas Fora de Manaus,8,-,-,2025-03-18 18:01:33,18/03/2025 18:01,-,-,-,-,-,-,-
1567107,Entregas Finalizadas Manaus,6,-,-,2025-03-18 17:23:55,18/03/2025 17:23,-,-,-,-,-,-,-
1566964,Entregas Finalizadas Fora de Manaus,8,-,-,2025-03-19 22:55:55,19/03/2025 22:55,-,-,-,-,-,-,-
1566879,Entregas Finalizadas Fora de Manaus,8,-,-,2025-03-19 16:48:43,19/03/2025 16:48,-,-,-,-,-,-,-
1566781,Entregas Finalizadas Fora de Manaus,8,-,-,2025-03-19 14:20:33,19/03/2025 14:20,-,-,-,-,-,-,-
1566688,Entregas Finalizadas Fora de Manaus,8,-,-,2025-03-18 17:50:11,18/03/2025 17:50,-,-,-,-,-,-,-
1566609,Entregas Finalizadas Fora de Manaus,8,-,-,2025-03-19 22:58:23,19/03/2025 22:58,-,-,-,-,-,-,-
1566546,Entregas Finalizadas Fora de Manaus,8,-,-,2025-03-18 17:01:57,18/03/2025 17:01,-,-,-,-,-,-,-
1566521,Entregas Finalizadas Fora de Manaus,8,-,-,2025-03-19 13:27:45,19/03/2025 13:27,-,-,-,-,-,-,-
1566233,Entregas Finalizadas Fora de Manaus,8,-,-,2025-03-18 20:58:15,18/03/2025 20:58,-,-,-,-,-,-,-
1566086,Entregas Finalizadas Manaus,6,-,-,2025-03-18 22:12:15,18/03/2025 22:12,-,-,-,-,-,-,-
1565996,Entregas Finalizadas Manaus,6,-,-,2025-03-18 17:46:47,18/03/2025 17:46,-,-,-,-,-,-,-
1565746,Entregas Finalizadas Manaus,6,-,-,2025-03-18 19:02:47,18/03/2025 19:02,-,-,-,-,-,-,-
1565634,Entregas Finalizadas Fora de Manaus,8,-,-,2025-03-18 20:42:10,18/03/2025 20:42,-,-,-,-,-,-,-
1565620,Entregas Finalizadas Manaus,6,-,-,2025-03-18 17:08:19,18/03/2025 17:08,-,-,-,-,-,-,-
1565616,Entregas Finalizadas Manaus,6,-,-,2025-03-18 20:44:18,18/03/2025 20:44,-,-,-,-,-,-,-
1565595,Entregas Finalizadas Manaus,6,-,-,2025-03-18 18:47:44,18/03/2025 18:47,-,-,-,-,-,-,-
1565560,Entregas Finalizadas Fora de Manaus,8,-,-,2025-03-18 17:20:04,18/03/2025 17:20,-,-,-,-,-,-,-
1565527,Entregas Finalizadas Fora de Manaus,8,-,-,2025-03-19 13:02:13,19/03/2025 13:02,-,-,-,-,-,-,-
1565477,Entregas Finalizadas Manaus,6,-,-,2025-03-18 18:05:53,18/03/2025 18:05,-,-,-,-,-,-,-
1565430,Entregas Finalizadas Fora de Manaus,8,-,-,2025-03-19 20:38:54,19/03/2025 20:38,-,-,-,-,-,-,-
1565389,Entregas Finalizadas Fora de Manaus,8,-,-,2025-03-19 12:36:16,19/03/2025 12:36,-,-,-,-,-,-,-
1565368,Entregas Finalizadas Manaus,6,-,-,2025-03-18 23:32:38,18/03/2025 23:32,-,-,-,-,-,-,-
1565138,Entregas Finalizadas Fora de Manaus,8,-,-,2025-03-18 12:28:13,18/03/2025 12:28,-,-,-,-,-,-,-
1564889,Entregas Finalizadas Fora de Manaus,8,-,-,2025-03-18 18:00:26,18/03/2025 18:00,-,-,-,-,-,-,-
1564810,Entregas Finalizadas Fora de Manaus,8,-,-,2025-03-18 20:37:21,18/03/2025 20:37,-,-,-,-,-,-,-
1564698,Entregas Finalizadas Fora de Manaus,8,-,-,2025-03-18 20:57:01,18/03/2025 20:57,-,-,-,-,-,-,-
1564651,Entregas Finalizadas Fora de Manaus,8,-,-,2025-03-18 13:57:37,18/03/2025 13:57,-,-,-,-,-,-,-
1564625,Entregas Finalizadas Fora de Manaus,8,-,-,2025-03-18 20:25:08,18/03/2025 20:25,-,-,-,-,-,-,-
1564515,Entregas Finalizadas Fora de Manaus,8,-,-,2025-03-18 13:59:12,18/03/2025 13:59,-,-,-,-,-,-,-
1564482,Entregas Finalizadas Fora de Manaus,8,-,-,2025-03-19 12:55:36,19/03/2025 12:55,-,-,-,-,-,-,-
1564234,Vendedor - Nova Encomenda,1,-,-,2025-03-18 10:09:15,18/03/2025 10:09,-,-,-,-,-,-,-
1564214,Entregas Finalizadas Fora de Manaus,8,-,-,2025-03-18 13:59:14,18/03/2025 13:59,-,-,-,-,-,-,-
1564167,Entregas Finalizadas Fora de Manaus,8,-,-,2025-03-18 13:33:26,18/03/2025 13:33,-,-,-,-,-,-,-
1564133,Entregas Finalizadas Fora de Manaus,8,-,-,2025-03-20 12:29:24,20/03/2025 12:29,-,-,-,-,-,-,-
1564061,Entregas Finalizadas Fora de Manaus,8,-,-,2025-03-18 14:15:53,18/03/2025 14:15,-,-,-,-,-,-,-
1563963,Entregas Finalizadas Fora de Manaus,8,-,-,2025-03-18 14:00:38,18/03/2025 14:00,-,-,-,-,-,-,-
1563959,Entregas Finalizadas Manaus,6,-,-,2025-03-18 14:02:03,18/03/2025 14:02,-,-,-,-,-,-,-
1563947,Entregas Finalizadas Fora de Manaus,8,-,-,2025-03-18 13:23:54,18/03/2025 13:23,-,-,-,-,-,-,-
1563928,Entregas Finalizadas Fora de Manaus,8,-,-,2025-03-18 12:33:23,18/03/2025 12:33,-,-,-,-,-,-,-
1563894,Entregas Finalizadas Fora de Manaus,8,-,-,2025-03-18 17:58:58,18/03/2025 17:58,-,-,-,-,-,-,-
1563888,Entregas Finalizadas Fora de Manaus,8,-,-,2025-03-19 12:49:28,19/03/2025 12:49,-,-,-,-,-,-,-
1563781,Entregas Finalizadas Manaus,6,-,-,2025-03-29 13:25:11,29/03/2025 13:25,-,-,-,-,-,-,-
1563773,Entregas Finalizadas Fora de Manaus,8,-,-,2025-03-18 15:06:57,18/03/2025 15:06,-,-,-,-,-,-,-
1563578,Entregas Finalizadas Fora de Manaus,8,-,-,2025-03-18 13:55:06,18/03/2025 13:55,-,-,-,-,-,-,-
1563567,Entregas Finalizadas Fora de Manaus,8,-,-,2025-03-18 13:48:30,18/03/2025 13:48,-,-,-,-,-,-,-
1563561,Entregas Finalizadas Fora de Manaus,8,-,-,2025-03-18 13:06:21,18/03/2025 13:06,-,-,-,-,-,-,-
1563498,Entregas Finalizadas Fora de Manaus,8,-,-,2025-03-18 20:50:34,18/03/2025 20:50,-,-,-,-,-,-,-
1563441,Entregas Finalizadas Fora de Manaus,8,-,-,2025-03-20 14:34:07,20/03/2025 14:34,-,-,-,-,-,-,-
1563417,Vendedor - Nova Encomenda,1,-,-,2025-03-17 16:56:50,17/03/2025 16:56,-,-,-,-,-,-,-
1563414,Entregas Finalizadas Fora de Manaus,8,-,-,2025-03-19 12:34:26,19/03/2025 12:34,-,-,-,-,-,-,-
1563410,Entregas Finalizadas Fora de Manaus,8,-,-,2025-03-20 12:27:23,20/03/2025 12:27,-,-,-,-,-,-,-
1563393,Entregas Finalizadas Fora de Manaus,8,-,-,2025-03-18 20:34:59,18/03/2025 20:34,-,-,-,-,-,-,-
1563336,Entregas Finalizadas Fora de Manaus,8,-,-,2025-03-20 12:39:05,20/03/2025 12:39,-,-,-,-,-,-,-
1563329,Vendedor - Nova Encomenda,1,-,-,2025-03-17 16:27:37,17/03/2025 16:27,-,-,-,-,-,-,-
1563296,Entregas Finalizadas Fora de Manaus,8,-,-,2025-03-19 20:36:53,19/03/2025 20:36,-,-,-,-,-,-,-
1563285,Entregas Finalizadas Fora de Manaus,8,-,-,2025-03-18 20:47:15,18/03/2025 20:47,-,-,-,-,-,-,-
1563220,Entregas Finalizadas Fora de Manaus,8,-,-,2025-03-17 18:01:36,17/03/2025 18:01,-,-,-,-,-,-,-
1563191,Entregas Finalizadas Fora de Manaus,8,-,-,2025-03-18 20:55:25,18/03/2025 20:55,-,-,-,-,-,-,-
1563161,Vendedor - Nova Encomenda,1,-,-,2025-03-17 15:26:02,17/03/2025 15:26,-,-,-,-,-,-,-
1563157,Entregas Finalizadas Manaus,6,-,-,2025-03-21 22:55:46,21/03/2025 22:55,-,-,-,-,-,-,-
1563144,Entregas Finalizadas Manaus,6,-,-,2025-03-21 22:57:42,21/03/2025 22:57,-,-,-,-,-,-,-
1563134,Entregas Finalizadas Fora de Manaus,8,-,-,2025-03-18 13:49:55,18/03/2025 13:49,-,-,-,-,-,-,-
1563108,Entregas Finalizadas Fora de Manaus,8,-,-,2025-03-18 09:55:57,18/03/2025 09:55,-,-,-,-,-,-,-
1563061,Entregas Finalizadas Fora de Manaus,8,-,-,2025-03-19 14:48:18,19/03/2025 14:48,-,-,-,-,-,-,-
1563056,Entregas Finalizadas Manaus,6,-,-,2025-03-17 17:41:32,17/03/2025 17:41,-,-,-,-,-,-,-
1563009,Entregas Finalizadas Fora de Manaus,8,-,-,2025-03-17 17:50:15,17/03/2025 17:50,-,-,-,-,-,-,-
1562957,Entregas Finalizadas Fora de Manaus,8,-,-,2025-03-20 09:45:23,20/03/2025 09:45,-,-,-,-,-,-,-
1562954,Entregas Finalizadas Fora de Manaus,8,-,-,2025-03-18 20:27:29,18/03/2025 20:27,-,-,-,-,-,-,-
1562844,Entregas Finalizadas Manaus,6,-,-,2025-03-21 22:59:28,21/03/2025 22:59,-,-,-,-,-,-,-
1562655,Entregas Finalizadas Manaus,6,-,-,2025-03-21 23:05:58,21/03/2025 23:05,-,-,-,-,-,-,-
1562630,Entregas Finalizadas Manaus,6,-,-,2025-03-21 22:51:37,21/03/2025 22:51,-,-,-,-,-,-,-
1562618,Entregas Finalizadas Manaus,6,-,-,2025-03-21 22:53:52,21/03/2025 22:53,-,-,-,-,-,-,-
1562608,Entregas Finalizadas Fora de Manaus,8,-,-,2025-03-18 17:46:20,18/03/2025 17:46,-,-,-,-,-,-,-
1562592,Entregas Finalizadas Manaus,6,-,-,2025-03-21 23:03:33,21/03/2025 23:03,-,-,-,-,-,-,-
1562589,Entregas Finalizadas Fora de Manaus,8,-,-,2025-03-17 21:30:12,17/03/2025 21:30,-,-,-,-,-,-,-
1562582,Entregas Finalizadas Manaus,6,-,-,2025-03-21 22:46:03,21/03/2025 22:46,-,-,-,-,-,-,-
1562579,Entregas Finalizadas Manaus,6,-,-,2025-03-21 22:48:36,21/03/2025 22:48,-,-,-,-,-,-,-
1562569,Entregas Finalizadas Manaus,6,-,-,2025-03-17 16:59:22,17/03/2025 16:59,-,-,-,-,-,-,-
1562567,Entregas Finalizadas Manaus,6,-,-,2025-03-17 17:22:54,17/03/2025 17:22,-,-,-,-,-,-,-
1562455,Vendedor - Nova Encomenda,1,-,-,2025-03-17 11:29:11,17/03/2025 11:29,-,-,-,-,-,-,-
1562448,Entregas Finalizadas Fora de Manaus,8,-,-,2025-03-17 21:55:42,17/03/2025 21:55,-,-,-,-,-,-,-
1562435,Entregas Finalizadas Fora de Manaus,8,-,-,2025-03-17 16:58:27,17/03/2025 16:58,-,-,-,-,-,-,-
1562369,Entregas Finalizadas Fora de Manaus,8,-,-,2025-03-18 20:30:28,18/03/2025 20:30,-,-,-,-,-,-,-
1562221,Entregas Finalizadas Fora de Manaus,8,-,-,2025-03-25 20:47:01,25/03/2025 20:47,-,-,-,-,-,-,-
1561932,Entregas Finalizadas Fora de Manaus,8,-,-,2025-03-17 17:32:27,17/03/2025 17:32,-,-,-,-,-,-,-
1561818,Entregas Finalizadas Fora de Manaus,8,-,-,2025-03-17 22:03:34,17/03/2025 22:03,-,-,-,-,-,-,-
1561482,Entregas Finalizadas Fora de Manaus,8,-,-,2025-03-17 12:44:59,17/03/2025 12:44,-,-,-,-,-,-,-
1561431,Entregas Finalizadas Fora de Manaus,8,-,-,2025-03-18 13:10:32,18/03/2025 13:10,-,-,-,-,-,-,-
1561408,Entregas Finalizadas Fora de Manaus,8,-,-,2025-03-17 12:42:54,17/03/2025 12:42,-,-,-,-,-,-,-
1561363,Entregas Finalizadas Fora de Manaus,8,-,-,2025-03-18 20:44:52,18/03/2025 20:44,-,-,-,-,-,-,-
1561355,Entregas Finalizadas Fora de Manaus,8,-,-,2025-03-18 10:01:02,18/03/2025 10:01,-,-,-,-,-,-,-
1561313,Entregas Finalizadas Fora de Manaus,8,-,-,2025-03-20 14:36:33,20/03/2025 14:36,-,-,-,-,-,-,-
1561303,Entregas Finalizadas Fora de Manaus,8,-,-,2025-03-17 13:54:48,17/03/2025 13:54,-,-,-,-,-,-,-
1561285,Entregas Finalizadas Fora de Manaus,8,-,-,2025-03-17 13:43:41,17/03/2025 13:43,-,-,-,-,-,-,-
1560400,Entregas Finalizadas Fora de Manaus,8,-,-,2025-03-18 20:53:45,18/03/2025 20:53,-,-,-,-,-,-,-
1560350,Entregas Finalizadas Manaus,6,-,-,2025-03-15 14:47:31,15/03/2025 14:47,-,-,-,-,-,-,-
1560289,Entregas Finalizadas Manaus,6,-,-,2025-03-15 14:02:10,15/03/2025 14:02,-,-,-,-,-,-,-
1560251,Entregas Finalizadas Manaus,6,-,-,2025-03-15 15:02:21,15/03/2025 15:02,-,-,-,-,-,-,-
1560220,Entregas Finalizadas Fora de Manaus,8,-,-,2025-03-15 14:06:01,15/03/2025 14:06,-,-,-,-,-,-,-
1560217,Entregas Finalizadas Fora de Manaus,8,-,-,2025-03-17 13:32:59,17/03/2025 13:32,-,-,-,-,-,-,-
1560202,Entregas Finalizadas Fora de Manaus,8,-,-,2025-03-17 14:42:23,17/03/2025 14:42,-,-,-,-,-,-,-
1560197,Entregas Finalizadas Manaus,6,-,-,2025-03-15 13:51:27,15/03/2025 13:51,-,-,-,-,-,-,-
1560195,Entregas Finalizadas Manaus,6,-,-,2025-03-15 14:27:45,15/03/2025 14:27,-,-,-,-,-,-,-
1560192,Entregas Finalizadas Fora de Manaus,8,-,-,2025-03-17 17:00:04,17/03/2025 17:00,-,-,-,-,-,-,-
1560184,Entregas Finalizadas Manaus,6,-,-,2025-03-15 14:50:40,15/03/2025 14:50,-,-,-,-,-,-,-
1560083,Entregas Finalizadas Manaus,6,-,-,2025-03-15 13:35:01,15/03/2025 13:35,-,-,-,-,-,-,-
1559986,Entregas Finalizadas Manaus,6,-,-,2025-03-15 14:38:00,15/03/2025 14:38,-,-,-,-,-,-,-
1559898,Entregas Finalizadas Fora de Manaus,8,-,-,2025-03-15 15:33:17,15/03/2025 15:33,-,-,-,-,-,-,-
1559895,Entregas Finalizadas Manaus,6,-,-,2025-03-15 14:12:51,15/03/2025 14:12,-,-,-,-,-,-,-
1559394,Entregas Finalizadas Manaus,6,-,-,2025-03-15 14:52:20,15/03/2025 14:52,-,-,-,-,-,-,-
1559344,Entregas Finalizadas Manaus,6,-,-,2025-03-15 15:06:37,15/03/2025 15:06,-,-,-,-,-,-,-
1559108,Entregas Finalizadas Manaus,6,-,-,2025-03-15 10:52:59,15/03/2025 10:52,-,-,-,-,-,-,-
1559090,Entregas Finalizadas Manaus,6,-,-,2025-03-14 18:33:17,14/03/2025 18:33,-,-,-,-,-,-,-
1559081,Entregas Finalizadas Fora de Manaus,8,-,-,2025-03-15 15:49:40,15/03/2025 15:49,-,-,-,-,-,-,-
1559056,Entregas Finalizadas Fora de Manaus,8,-,-,2025-03-14 18:43:12,14/03/2025 18:43,-,-,-,-,-,-,-
1559028,Entregas Finalizadas Fora de Manaus,8,-,-,2025-03-14 21:31:33,14/03/2025 21:31,-,-,-,-,-,-,-
1559008,Entregas Finalizadas Manaus,6,-,-,2025-03-14 19:17:07,14/03/2025 19:17,-,-,-,-,-,-,-
1558967,Entregas Finalizadas Fora de Manaus,8,-,-,2025-03-17 17:35:52,17/03/2025 17:35,-,-,-,-,-,-,-
1558955,Entregas Finalizadas Manaus,6,-,-,2025-03-14 19:07:14,14/03/2025 19:07,-,-,-,-,-,-,-
1558951,Entregas Finalizadas Fora de Manaus,8,-,-,2025-03-14 21:56:02,14/03/2025 21:56,-,-,-,-,-,-,-
1558912,Entregas Finalizadas Manaus,6,-,-,2025-03-15 14:29:39,15/03/2025 14:29,-,-,-,-,-,-,-
1558863,Entregas Finalizadas Manaus,6,-,-,2025-03-14 18:46:58,14/03/2025 18:46,-,-,-,-,-,-,-
1558859,Entregas Finalizadas Manaus,6,-,-,2025-03-14 18:58:04,14/03/2025 18:58,-,-,-,-,-,-,-
1558842,Entregas Finalizadas Fora de Manaus,8,-,-,2025-03-14 21:51:58,14/03/2025 21:51,-,-,-,-,-,-,-
1558832,Entregas Finalizadas Fora de Manaus,8,-,-,2025-03-14 18:35:26,14/03/2025 18:35,-,-,-,-,-,-,-
1558821,Entregas Finalizadas Manaus,6,-,-,2025-03-18 14:17:46,18/03/2025 14:17,-,-,-,-,-,-,-
1558809,Entregas Finalizadas Manaus,6,-,-,2025-03-14 17:51:56,14/03/2025 17:51,-,-,-,-,-,-,-
1558800,Entregas Finalizadas Fora de Manaus,8,-,-,2025-03-14 21:28:12,14/03/2025 21:28,-,-,-,-,-,-,-
1558786,Entregas Finalizadas Manaus,6,-,-,2025-03-15 13:39:04,15/03/2025 13:39,-,-,-,-,-,-,-
1558557,Entregas Finalizadas Fora de Manaus,8,-,-,2025-03-14 21:45:18,14/03/2025 21:45,-,-,-,-,-,-,-
1558542,Entregas Finalizadas Manaus,6,-,-,2025-03-14 19:39:52,14/03/2025 19:39,-,-,-,-,-,-,-
1558495,Entregas Finalizadas Fora de Manaus,8,-,-,2025-03-14 14:28:25,14/03/2025 14:28,-,-,-,-,-,-,-
1558478,Entregas Finalizadas Fora de Manaus,8,-,-,2025-03-14 22:32:27,14/03/2025 22:32,-,-,-,-,-,-,-
1558470,Entregas Finalizadas Manaus,6,-,-,2025-03-14 17:21:20,14/03/2025 17:21,-,-,-,-,-,-,-
1558454,Entregas Finalizadas Fora de Manaus,8,-,-,2025-03-15 11:44:53,15/03/2025 11:44,-,-,-,-,-,-,-
1558449,Canceladas,X,logistica@rommanelmanaus.com.br,-,2025-03-14 10:36:06,14/03/2025 10:36,-,-,-,-,-,-,-
1558053,Entregas Finalizadas Manaus,6,-,-,2025-03-14 18:32:18,14/03/2025 18:32,-,-,-,-,-,-,-
1558051,Entregas Finalizadas Fora de Manaus,8,-,-,2025-03-14 22:14:02,14/03/2025 22:14,-,-,-,-,-,-,-
1558044,Entregas Finalizadas Fora de Manaus,8,-,-,2025-03-14 21:35:06,14/03/2025 21:35,-,-,-,-,-,-,-
1558041,Entregas Finalizadas Fora de Manaus,8,-,-,2025-03-14 22:00:53,14/03/2025 22:00,-,-,-,-,-,-,-
1558027,Entregas Finalizadas Fora de Manaus,8,-,-,2025-03-14 22:16:10,14/03/2025 22:16,-,-,-,-,-,-,-
1558019,Vendedor - Nova Encomenda,1,-,-,2025-03-14 10:02:51,14/03/2025 10:02,-,-,-,-,-,-,-
1557956,Vendedor - Nova Encomenda,1,-,-,2025-03-14 09:28:05,14/03/2025 09:28,-,-,-,-,-,-,-
1557951,Vendedor - Nova Encomenda,1,-,-,2025-03-14 09:24:34,14/03/2025 09:24,-,-,-,-,-,-,-
1557668,Entregas Finalizadas Fora de Manaus,8,-,-,2025-03-14 22:18:47,14/03/2025 22:18,-,-,-,-,-,-,-
1557648,Entregas Finalizadas Fora de Manaus,8,-,-,2025-03-14 21:32:59,14/03/2025 21:32,-,-,-,-,-,-,-
1557646,Entregas Finalizadas Manaus,6,-,-,2025-03-14 18:15:09,14/03/2025 18:15,-,-,-,-,-,-,-
1557634,Entregas Finalizadas Fora de Manaus,8,-,-,2025-03-14 22:20:43,14/03/2025 22:20,-,-,-,-,-,-,-
1557628,Entregas Finalizadas Fora de Manaus,8,-,-,2025-03-18 18:12:59,18/03/2025 18:12,-,-,-,-,-,-,-
1557623,Entregas Finalizadas Fora de Manaus,8,-,-,2025-03-15 15:47:47,15/03/2025 15:47,-,-,-,-,-,-,-
1557618,Entregas Finalizadas Fora de Manaus,8,-,-,2025-03-14 21:42:15,14/03/2025 21:42,-,-,-,-,-,-,-
1557606,Entregas Finalizadas Manaus,6,-,-,2025-03-14 15:03:25,14/03/2025 15:03,-,-,-,-,-,-,-
1557604,Vendedor - Nova Encomenda,1,-,-,2025-03-13 17:50:43,13/03/2025 17:50,-,-,-,-,-,-,-
1557599,Entregas Finalizadas Fora de Manaus,8,-,-,2025-03-14 18:34:12,14/03/2025 18:34,-,-,-,-,-,-,-
1557586,Entregas Finalizadas Fora de Manaus,8,-,-,2025-03-14 21:38:21,14/03/2025 21:38,-,-,-,-,-,-,-
1557582,Entregas Finalizadas Fora de Manaus,8,-,-,2025-03-17 13:13:23,17/03/2025 13:13,-,-,-,-,-,-,-
1557578,Entregas Finalizadas Manaus,6,-,-,2025-03-14 17:42:09,14/03/2025 17:42,-,-,-,-,-,-,-
1557575,Entregas Finalizadas Fora de Manaus,8,-,-,2025-03-15 11:42:31,15/03/2025 11:42,-,-,-,-,-,-,-
1557572,Entregas Finalizadas Manaus,6,-,-,2025-03-14 13:17:22,14/03/2025 13:17,-,-,-,-,-,-,-
1557532,Vendedor - Nova Encomenda,1,-,-,2025-03-13 17:10:51,13/03/2025 17:10,-,-,-,-,-,-,-
1557525,Entregas Finalizadas Manaus,6,-,-,2025-03-14 19:32:46,14/03/2025 19:32,-,-,-,-,-,-,-
1557514,Entregas Finalizadas Fora de Manaus,8,-,-,2025-03-18 21:14:46,18/03/2025 21:14,-,-,-,-,-,-,-
1557495,Entregas Finalizadas Fora de Manaus,8,-,-,2025-03-14 13:06:55,14/03/2025 13:06,-,-,-,-,-,-,-
1557491,Entregas Finalizadas Fora de Manaus,8,-,-,2025-03-14 21:46:37,14/03/2025 21:46,-,-,-,-,-,-,-
1557474,Entregas Finalizadas Fora de Manaus,8,-,-,2025-03-13 22:15:21,13/03/2025 22:15,-,-,-,-,-,-,-
1557417,Entregas Finalizadas Manaus,6,-,-,2025-03-14 13:36:24,14/03/2025 13:36,-,-,-,-,-,-,-
1557397,Entregas Finalizadas Fora de Manaus,8,-,-,2025-03-14 22:12:12,14/03/2025 22:12,-,-,-,-,-,-,-
1557385,Entregas Finalizadas Fora de Manaus,8,-,-,2025-03-14 14:37:30,14/03/2025 14:37,-,-,-,-,-,-,-
1557350,Entregas Finalizadas Fora de Manaus,8,-,-,2025-03-17 10:07:43,17/03/2025 10:07,-,-,-,-,-,-,-
1557322,Entregas Finalizadas Manaus,6,-,-,2025-03-13 22:17:01,13/03/2025 22:17,-,-,-,-,-,-,-
1557287,Entregas Finalizadas Manaus,6,-,-,2025-03-15 13:57:35,15/03/2025 13:57,-,-,-,-,-,-,-
1557278,Vendedor - Nova Encomenda,1,-,-,2025-03-13 15:46:08,13/03/2025 15:46,-,-,-,-,-,-,-
1557270,Entregas Finalizadas Fora de Manaus,8,-,-,2025-03-13 21:53:48,13/03/2025 21:53,-,-,-,-,-,-,-
1557255,Entregas Finalizadas Manaus,6,-,-,2025-03-13 19:39:57,13/03/2025 19:39,-,-,-,-,-,-,-
1557246,Entregas Finalizadas Fora de Manaus,8,-,-,2025-03-13 22:34:40,13/03/2025 22:34,-,-,-,-,-,-,-
1557224,Entregas Finalizadas Fora de Manaus,8,-,-,2025-03-18 21:13:19,18/03/2025 21:13,-,-,-,-,-,-,-
1557220,Entregas Finalizadas Fora de Manaus,8,-,-,2025-03-14 11:52:02,14/03/2025 11:52,-,-,-,-,-,-,-
1557170,Entregas Finalizadas Manaus,6,-,-,2025-03-13 20:27:13,13/03/2025 20:27,-,-,-,-,-,-,-
1557160,Entregas Finalizadas Manaus,6,-,-,2025-03-13 22:45:27,13/03/2025 22:45,-,-,-,-,-,-,-
1557153,Entregas Finalizadas Manaus,6,-,-,2025-03-13 18:38:31,13/03/2025 18:38,-,-,-,-,-,-,-
1557140,Entregas Finalizadas Fora de Manaus,8,-,-,2025-03-13 18:00:10,13/03/2025 18:00,-,-,-,-,-,-,-
1557127,Vendedor - Nova Encomenda,1,-,-,2025-03-13 14:41:09,13/03/2025 14:41,-,-,-,-,-,-,-
1557107,Entregas Finalizadas Fora de Manaus,8,-,-,2025-03-14 22:37:57,14/03/2025 22:37,-,-,-,-,-,-,-
1557095,Entregas Finalizadas Manaus,6,-,-,2025-03-13 20:57:26,13/03/2025 20:57,-,-,-,-,-,-,-
1557077,Entregas Finalizadas Manaus,6,-,-,2025-03-13 20:21:20,13/03/2025 20:21,-,-,-,-,-,-,-
1557067,Vendedor - Nova Encomenda,1,-,-,2025-03-13 14:17:06,13/03/2025 14:17,-,-,-,-,-,-,-
1557022,Entregas Finalizadas Fora de Manaus,8,-,-,2025-03-14 14:34:51,14/03/2025 14:34,-,-,-,-,-,-,-
1557012,Entregas Finalizadas Fora de Manaus,8,-,-,2025-03-14 14:31:38,14/03/2025 14:31,-,-,-,-,-,-,-
1557001,Entregas Finalizadas Manaus,6,-,-,2025-03-14 13:59:40,14/03/2025 13:59,-,-,-,-,-,-,-
1556979,Entregas Finalizadas Fora de Manaus,8,-,-,2025-03-13 21:42:02,13/03/2025 21:42,-,-,-,-,-,-,-
1556952,Vendedor - Nova Encomenda,1,-,-,2025-03-13 13:25:42,13/03/2025 13:25,-,-,-,-,-,-,-
1556939,Entregas Finalizadas Fora de Manaus,8,-,-,2025-03-14 11:42:58,14/03/2025 11:42,-,-,-,-,-,-,-
1556922,Entregas Finalizadas Manaus,6,-,-,2025-03-13 21:10:51,13/03/2025 21:10,-,-,-,-,-,-,-
1556915,Entregas Finalizadas Manaus,6,-,-,2025-03-14 10:18:17,14/03/2025 10:18,-,-,-,-,-,-,-
1556873,Entregas Finalizadas Fora de Manaus,8,-,-,2025-03-14 16:11:38,14/03/2025 16:11,-,-,-,-,-,-,-
1556854,Entregas Finalizadas Fora de Manaus,8,-,-,2025-03-14 21:24:37,14/03/2025 21:24,-,-,-,-,-,-,-
1556849,Entregas Finalizadas Fora de Manaus,8,-,-,2025-03-14 22:28:21,14/03/2025 22:28,-,-,-,-,-,-,-
1556844,Entregas Finalizadas Manaus,6,-,-,2025-03-13 18:12:34,13/03/2025 18:12,-,-,-,-,-,-,-
1556827,Entregas Finalizadas Fora de Manaus,8,-,-,2025-03-13 21:45:55,13/03/2025 21:45,-,-,-,-,-,-,-
1556819,Entregas Finalizadas Fora de Manaus,8,-,-,2025-03-15 11:55:28,15/03/2025 11:55,-,-,-,-,-,-,-
1556816,Entregas Finalizadas Fora de Manaus,8,-,-,2025-03-13 21:35:28,13/03/2025 21:35,-,-,-,-,-,-,-
1556805,Entregas Finalizadas Fora de Manaus,8,-,-,2025-03-15 15:55:34,15/03/2025 15:55,-,-,-,-,-,-,-
1556797,Entregas Finalizadas Fora de Manaus,8,-,-,2025-03-13 22:22:34,13/03/2025 22:22,-,-,-,-,-,-,-
1556792,Entregas Finalizadas Manaus,6,-,-,2025-03-13 15:41:00,13/03/2025 15:41,-,-,-,-,-,-,-
1556777,Entregas Finalizadas Fora de Manaus,8,-,-,2025-03-14 11:40:34,14/03/2025 11:40,-,-,-,-,-,-,-
1556774,Entregas Finalizadas Manaus,6,-,-,2025-03-13 21:47:38,13/03/2025 21:47,-,-,-,-,-,-,-
1556769,Entregas Finalizadas Fora de Manaus,8,-,-,2025-03-19 20:35:24,19/03/2025 20:35,-,-,-,-,-,-,-
1556752,Entregas Finalizadas Manaus,6,-,-,2025-03-13 18:57:19,13/03/2025 18:57,-,-,-,-,-,-,-
1556748,Entregas Finalizadas Manaus,6,-,-,2025-03-13 22:03:04,13/03/2025 22:03,-,-,-,-,-,-,-
1556741,Entregas Finalizadas Fora de Manaus,8,-,-,2025-03-14 22:35:42,14/03/2025 22:35,-,-,-,-,-,-,-
1556722,Entregas Finalizadas Manaus,6,-,-,2025-03-13 19:25:24,13/03/2025 19:25,-,-,-,-,-,-,-
1556719,Entregas Finalizadas Fora de Manaus,8,-,-,2025-03-13 18:07:02,13/03/2025 18:07,-,-,-,-,-,-,-
1556716,Entregas Finalizadas Manaus,6,-,-,2025-03-13 17:55:26,13/03/2025 17:55,-,-,-,-,-,-,-
1556708,Entregas Finalizadas Fora de Manaus,8,-,-,2025-03-13 22:40:43,13/03/2025 22:40,-,-,-,-,-,-,-
1556701,Entregas Finalizadas Fora de Manaus,8,-,-,2025-03-14 11:37:13,14/03/2025 11:37,-,-,-,-,-,-,-
1556690,Entregas Finalizadas Manaus,6,-,-,2025-03-14 17:45:55,14/03/2025 17:45,-,-,-,-,-,-,-
1556675,Entregas Finalizadas Manaus,6,-,-,2025-03-13 19:09:14,13/03/2025 19:09,-,-,-,-,-,-,-
1556662,Vendedor - Nova Encomenda,1,-,-,2025-03-13 11:25:06,13/03/2025 11:25,-,-,-,-,-,-,-
1556660,Entregas Finalizadas Fora de Manaus,8,-,-,2025-03-14 22:41:12,14/03/2025 22:41,-,-,-,-,-,-,-
1556645,Entregas Finalizadas Manaus,6,-,-,2025-03-13 22:33:48,13/03/2025 22:33,-,-,-,-,-,-,-
1556634,Entregas Finalizadas Fora de Manaus,8,-,-,2025-03-15 15:54:18,15/03/2025 15:54,-,-,-,-,-,-,-
1556630,Entregas Finalizadas Fora de Manaus,8,-,-,2025-03-14 22:09:33,14/03/2025 22:09,-,-,-,-,-,-,-
1556626,Entregas Finalizadas Manaus,6,-,-,2025-03-13 17:30:38,13/03/2025 17:30,-,-,-,-,-,-,-
1556624,Entregas Finalizadas Fora de Manaus,8,-,-,2025-03-14 11:34:53,14/03/2025 11:34,-,-,-,-,-,-,-
1556618,Entregas Finalizadas Fora de Manaus,8,-,-,2025-03-13 21:33:29,13/03/2025 21:33,-,-,-,-,-,-,-
1556616,Entregas Finalizadas Fora de Manaus,8,-,-,2025-03-13 23:02:33,13/03/2025 23:02,-,-,-,-,-,-,-
1556613,Entregas Finalizadas Fora de Manaus,8,-,-,2025-03-15 12:01:03,15/03/2025 12:01,-,-,-,-,-,-,-
1556605,Entregas Finalizadas Fora de Manaus,8,-,-,2025-03-13 21:56:21,13/03/2025 21:56,-,-,-,-,-,-,-
1556603,Entregas Finalizadas Fora de Manaus,8,-,-,2025-03-17 13:56:29,17/03/2025 13:56,-,-,-,-,-,-,-
1556599,Entregas Finalizadas Fora de Manaus,8,-,-,2025-03-13 21:44:25,13/03/2025 21:44,-,-,-,-,-,-,-
1556596,Entregas Finalizadas Manaus,6,-,-,2025-03-14 14:00:58,14/03/2025 14:00,-,-,-,-,-,-,-
1556588,Entregas Finalizadas Manaus,6,-,-,2025-03-13 15:22:46,13/03/2025 15:22,-,-,-,-,-,-,-
1556586,Entregas Finalizadas Fora de Manaus,8,-,-,2025-03-14 22:29:57,14/03/2025 22:29,-,-,-,-,-,-,-
1556582,Entregas Finalizadas Fora de Manaus,8,-,-,2025-03-13 14:45:59,13/03/2025 14:45,-,-,-,-,-,-,-
1556579,Entregas Finalizadas Fora de Manaus,8,-,-,2025-03-13 12:58:38,13/03/2025 12:58,-,-,-,-,-,-,-
1556571,Entregas Finalizadas Fora de Manaus,8,-,-,2025-03-13 23:04:49,13/03/2025 23:04,-,-,-,-,-,-,-
1556569,Entregas Finalizadas Manaus,6,-,-,2025-03-13 13:16:06,13/03/2025 13:16,-,-,-,-,-,-,-
1556565,Entregas Finalizadas Manaus,6,-,-,2025-03-13 17:19:22,13/03/2025 17:19,-,-,-,-,-,-,-
1556560,Entregas Finalizadas Fora de Manaus,8,-,-,2025-03-13 18:02:18,13/03/2025 18:02,-,-,-,-,-,-,-
1556557,Entregas Finalizadas Fora de Manaus,8,-,-,2025-03-13 23:09:13,13/03/2025 23:09,-,-,-,-,-,-,-
1556553,Entregas Finalizadas Fora de Manaus,8,-,-,2025-03-13 14:40:32,13/03/2025 14:40,-,-,-,-,-,-,-
1556548,Entregas Finalizadas Fora de Manaus,8,-,-,2025-03-13 20:38:23,13/03/2025 20:38,-,-,-,-,-,-,-
1556543,Entregas Finalizadas Fora de Manaus,8,-,-,2025-03-13 21:38:48,13/03/2025 21:38,-,-,-,-,-,-,-
1556541,Entregas Finalizadas Manaus,6,-,-,2025-03-13 13:00:33,13/03/2025 13:00,-,-,-,-,-,-,-
1556538,Entregas Finalizadas Fora de Manaus,8,-,-,2025-03-15 15:42:31,15/03/2025 15:42,-,-,-,-,-,-,-
1556536,Entregas Finalizadas Manaus,6,-,-,2025-03-13 19:50:51,13/03/2025 19:50,-,-,-,-,-,-,-
1556530,Entregas Finalizadas Fora de Manaus,8,-,-,2025-03-13 12:55:21,13/03/2025 12:55,-,-,-,-,-,-,-
1556528,Entregas Finalizadas Fora de Manaus,8,-,-,2025-03-15 11:53:30,15/03/2025 11:53,-,-,-,-,-,-,-
1556526,Entregas Finalizadas Manaus,6,-,-,2025-03-13 18:23:39,13/03/2025 18:23,-,-,-,-,-,-,-
1556521,Entregas Finalizadas Fora de Manaus,8,-,-,2025-03-14 22:04:08,14/03/2025 22:04,-,-,-,-,-,-,-
1556518,Entregas Finalizadas Fora de Manaus,8,-,-,2025-03-14 11:55:42,14/03/2025 11:55,-,-,-,-,-,-,-
1556515,Entregas Finalizadas Fora de Manaus,8,-,-,2025-03-13 13:30:54,13/03/2025 13:30,-,-,-,-,-,-,-
1556512,Entregas Finalizadas Fora de Manaus,8,-,-,2025-03-13 14:42:16,13/03/2025 14:42,-,-,-,-,-,-,-
1556508,Entregas Finalizadas Fora de Manaus,8,-,-,2025-03-13 22:00:15,13/03/2025 22:00,-,-,-,-,-,-,-
1556505,Entregas Finalizadas Fora de Manaus,8,-,-,2025-03-14 11:48:58,14/03/2025 11:48,-,-,-,-,-,-,-
1556503,Entregas Finalizadas Fora de Manaus,8,-,-,2025-03-13 14:59:35,13/03/2025 14:59,-,-,-,-,-,-,-
1556498,Entregas Finalizadas Fora de Manaus,8,-,-,2025-03-13 15:18:43,13/03/2025 15:18,-,-,-,-,-,-,-
1556490,Entregas Finalizadas Fora de Manaus,8,-,-,2025-03-15 15:53:09,15/03/2025 15:53,-,-,-,-,-,-,-
1556391,Entregas Finalizadas Fora de Manaus,8,-,-,2025-03-14 11:53:58,14/03/2025 11:53,-,-,-,-,-,-,-
1556388,Entregas Finalizadas Manaus,6,-,-,2025-03-13 15:31:26,13/03/2025 15:31,-,-,-,-,-,-,-
1556332,Entregas Finalizadas Fora de Manaus,8,-,-,2025-03-14 11:47:47,14/03/2025 11:47,-,-,-,-,-,-,-
1556322,Entregas Finalizadas Fora de Manaus,8,-,-,2025-03-13 15:16:07,13/03/2025 15:16,-,-,-,-,-,-,-
1556317,Entregas Finalizadas Fora de Manaus,8,-,-,2025-03-13 22:08:45,13/03/2025 22:08,-,-,-,-,-,-,-
1556309,Entregas Finalizadas Fora de Manaus,8,-,-,2025-03-13 22:54:26,13/03/2025 22:54,-,-,-,-,-,-,-
1556302,Vendedor - Nova Encomenda,1,-,-,2025-03-13 10:06:57,13/03/2025 10:06,-,-,-,-,-,-,-
1556292,Logística - Despacho da Encomenda,2,-,00:00 Horas,2025-03-13 16:53:51,13/03/2025 16:53,-,13/03/2025 16:53,-,-,-,-,-
1556289,Entregas Finalizadas Fora de Manaus,8,-,-,2025-03-13 22:37:03,13/03/2025 22:37,-,-,-,-,-,-,-
1556263,Entregas Finalizadas Fora de Manaus,8,-,-,2025-03-13 22:42:15,13/03/2025 22:42,-,-,-,-,-,-,-
1556257,Entregas Finalizadas Fora de Manaus,8,-,-,2025-03-13 13:39:54,13/03/2025 13:39,-,-,-,-,-,-,-
1556220,Entregas Finalizadas Fora de Manaus,8,-,-,2025-03-17 13:16:14,17/03/2025 13:16,-,-,-,-,-,-,-
1556216,Entregas Finalizadas Fora de Manaus,8,-,-,2025-03-15 15:18:39,15/03/2025 15:18,-,-,-,-,-,-,-
1556212,Entregas Finalizadas Fora de Manaus,8,-,-,2025-03-13 22:55:51,13/03/2025 22:55,-,-,-,-,-,-,-
1556201,Entregas Finalizadas Fora de Manaus,8,-,-,2025-03-13 13:26:00,13/03/2025 13:26,-,-,-,-,-,-,-
1555992,Vendedor - Nova Encomenda,1,-,-,2025-03-12 19:21:50,12/03/2025 19:21,-,-,-,-,-,-,-
1555952,Entregas Finalizadas Fora de Manaus,8,-,-,2025-03-14 11:50:38,14/03/2025 11:50,-,-,-,-,-,-,-
1555936,Entregas Finalizadas Fora de Manaus,8,-,-,2025-03-14 22:39:15,14/03/2025 22:39,-,-,-,-,-,-,-
1555908,Entregas Finalizadas Fora de Manaus,8,-,-,2025-03-13 13:49:11,13/03/2025 13:49,-,-,-,-,-,-,-
1555879,Entregas Finalizadas Manaus,6,-,-,2025-03-13 14:45:18,13/03/2025 14:45,-,-,-,-,-,-,-
1555858,Entregas Finalizadas Fora de Manaus,8,-,-,2025-03-13 22:20:18,13/03/2025 22:20,-,-,-,-,-,-,-
1555833,Entregas Finalizadas Fora de Manaus,8,-,-,2025-03-13 20:36:47,13/03/2025 20:36,-,-,-,-,-,-,-
1555773,Vendedor - Nova Encomenda,1,-,-,2025-03-12 16:47:58,12/03/2025 16:47,-,-,-,-,-,-,-
1555767,Entregas Finalizadas Fora de Manaus,8,-,-,2025-03-12 20:47:42,12/03/2025 20:47,-,-,-,-,-,-,-
1555722,Entregas Finalizadas Fora de Manaus,8,-,-,2025-03-12 20:58:18,12/03/2025 20:58,-,-,-,-,-,-,-
1555705,Entregas Finalizadas Manaus,6,-,-,2025-03-12 17:10:16,12/03/2025 17:10,-,-,-,-,-,-,-
1555573,Entregas Finalizadas Fora de Manaus,8,-,-,2025-03-13 13:23:40,13/03/2025 13:23,-,-,-,-,-,-,-
1555530,Entregas Finalizadas Fora de Manaus,8,-,-,2025-03-12 20:45:02,12/03/2025 20:45,-,-,-,-,-,-,-
1555479,Entregas Finalizadas Fora de Manaus,8,-,-,2025-03-13 20:31:13,13/03/2025 20:31,-,-,-,-,-,-,-
1555475,Entregas Finalizadas Fora de Manaus,8,-,-,2025-03-12 20:42:06,12/03/2025 20:42,-,-,-,-,-,-,-
1555465,Entregas Finalizadas Manaus,6,-,-,2025-03-12 18:15:38,12/03/2025 18:15,-,-,-,-,-,-,-
1555459,Entregas Finalizadas Fora de Manaus,8,-,-,2025-03-12 17:44:31,12/03/2025 17:44,-,-,-,-,-,-,-
1555392,Entregas Finalizadas Manaus,6,-,-,2025-03-12 19:21:47,12/03/2025 19:21,-,-,-,-,-,-,-
1555367,Entregas Finalizadas Manaus,6,-,-,2025-03-12 18:02:19,12/03/2025 18:02,-,-,-,-,-,-,-
1555337,Entregas Finalizadas Manaus,6,-,-,2025-03-12 19:03:22,12/03/2025 19:03,-,-,-,-,-,-,-
1555295,Logística - Despacho da Encomenda,2,-,00:00 Horas,2025-03-12 16:44:34,12/03/2025 16:44,-,12/03/2025 16:44,-,-,-,-,-
1555280,Entregas Finalizadas Fora de Manaus,8,-,-,2025-03-12 20:40:17,12/03/2025 20:40,-,-,-,-,-,-,-
1555183,Entregas Finalizadas Manaus,6,-,-,2025-03-12 17:54:47,12/03/2025 17:54,-,-,-,-,-,-,-
1555171,Vendedor - Nova Encomenda,1,-,-,2025-03-12 11:55:53,12/03/2025 11:55,-,-,-,-,-,-,-
1555162,Entregas Finalizadas Fora de Manaus,8,-,-,2025-03-12 21:01:08,12/03/2025 21:01,-,-,-,-,-,-,-
1555139,Entregas Finalizadas Fora de Manaus,8,-,-,2025-03-12 20:35:03,12/03/2025 20:35,-,-,-,-,-,-,-
1555106,Entregas Finalizadas Manaus,6,-,-,2025-03-12 14:33:11,12/03/2025 14:33,-,-,-,-,-,-,-
1555099,Entregas Finalizadas Manaus,6,-,-,2025-03-12 14:45:06,12/03/2025 14:45,-,-,-,-,-,-,-
1555092,Entregas Finalizadas Manaus,6,-,-,2025-03-13 15:48:41,13/03/2025 15:48,-,-,-,-,-,-,-
1555067,Entregas Finalizadas Fora de Manaus,8,-,-,2025-03-12 17:33:40,12/03/2025 17:33,-,-,-,-,-,-,-
1554922,Entregas Finalizadas Manaus,6,-,-,2025-03-12 17:09:08,12/03/2025 17:09,-,-,-,-,-,-,-
1554752,Entregas Finalizadas Fora de Manaus,8,-,-,2025-03-12 21:11:45,12/03/2025 21:11,-,-,-,-,-,-,-
1553743,Entregas Finalizadas Manaus,6,-,-,2025-03-12 14:59:35,12/03/2025 14:59,-,-,-,-,-,-,-
1553155,Entregas Finalizadas Fora de Manaus,8,-,-,2025-03-14 22:23:55,14/03/2025 22:23,-,-,-,-,-,-,-
1553142,Entregas Finalizadas Fora de Manaus,8,-,-,2025-03-12 21:03:18,12/03/2025 21:03,-,-,-,-,-,-,-
1553129,Entregas Finalizadas Manaus,6,-,-,2025-03-12 13:49:08,12/03/2025 13:49,-,-,-,-,-,-,-
1553127,Entregas Finalizadas Fora de Manaus,8,-,-,2025-03-12 12:28:51,12/03/2025 12:28,-,-,-,-,-,-,-
1553123,Entregas Finalizadas Manaus,6,-,-,2025-03-12 12:59:28,12/03/2025 12:59,-,-,-,-,-,-,-
1553117,Entregas Finalizadas Fora de Manaus,8,-,-,2025-03-12 21:13:09,12/03/2025 21:13,-,-,-,-,-,-,-
1553107,Entregas Finalizadas Fora de Manaus,8,-,-,2025-03-13 22:57:09,13/03/2025 22:57,-,-,-,-,-,-,-
1553085,Entregas Finalizadas Fora de Manaus,8,-,-,2025-03-12 13:18:08,12/03/2025 13:18,-,-,-,-,-,-,-
1552915,Entregas Finalizadas Manaus,6,-,-,2025-03-12 17:32:06,12/03/2025 17:32,-,-,-,-,-,-,-
1552902,Entregas Finalizadas Fora de Manaus,8,-,-,2025-03-12 14:35:47,12/03/2025 14:35,-,-,-,-,-,-,-
1552897,Entregas Finalizadas Fora de Manaus,8,-,-,2025-03-12 21:08:36,12/03/2025 21:08,-,-,-,-,-,-,-
1552893,Entregas Finalizadas Fora de Manaus,8,-,-,2025-03-13 13:22:32,13/03/2025 13:22,-,-,-,-,-,-,-
1552886,Entregas Finalizadas Fora de Manaus,8,-,-,2025-03-12 21:06:11,12/03/2025 21:06,-,-,-,-,-,-,-
1552884,Entregas Finalizadas Fora de Manaus,8,-,-,2025-03-13 13:34:00,13/03/2025 13:34,-,-,-,-,-,-,-
1552878,Entregas Finalizadas Fora de Manaus,8,-,-,2025-03-12 14:37:52,12/03/2025 14:37,-,-,-,-,-,-,-
1552872,Entregas Finalizadas Manaus,6,-,-,2025-03-12 15:10:57,12/03/2025 15:10,-,-,-,-,-,-,-
1552869,Vendedor - Nova Encomenda,1,-,-,2025-03-11 18:40:17,11/03/2025 18:40,-,-,-,-,-,-,-
1552825,Entregas Finalizadas Fora de Manaus,8,-,-,2025-03-12 21:15:47,12/03/2025 21:15,-,-,-,-,-,-,-
1552781,Entregas Finalizadas Fora de Manaus,8,-,-,2025-03-18 13:52:49,18/03/2025 13:52,-,-,-,-,-,-,-
1552770,Entregas Finalizadas Fora de Manaus,8,-,-,2025-03-12 21:18:47,12/03/2025 21:18,-,-,-,-,-,-,-
1552656,Vendedor - Nova Encomenda,1,-,-,2025-03-11 16:43:27,11/03/2025 16:43,-,-,-,-,-,-,-
1552418,Entregas Finalizadas Fora de Manaus,8,-,-,2025-03-11 21:51:51,11/03/2025 21:51,-,-,-,-,-,-,-
1552249,Entregas Finalizadas Manaus,6,-,-,2025-03-12 17:21:37,12/03/2025 17:21,-,-,-,-,-,-,-
1552241,Vendedor - Nova Encomenda,1,-,-,2025-03-11 15:20:13,11/03/2025 15:20,-,-,-,-,-,-,-
1552232,Entregas Finalizadas Fora de Manaus,8,-,-,2025-03-12 21:17:06,12/03/2025 21:17,-,-,-,-,-,-,-
1552150,Entregas Finalizadas Manaus,6,-,-,2025-03-11 18:24:28,11/03/2025 18:24,-,-,-,-,-,-,-
1551997,Entregas Finalizadas Manaus,6,-,-,2025-03-12 13:11:09,12/03/2025 13:11,-,-,-,-,-,-,-
1551973,Entregas Finalizadas Manaus,6,-,-,2025-03-11 17:07:16,11/03/2025 17:07,-,-,-,-,-,-,-
1551962,Entregas Finalizadas Manaus,6,-,-,2025-03-11 17:22:11,11/03/2025 17:22,-,-,-,-,-,-,-
1551943,Entregas Finalizadas Fora de Manaus,8,-,-,2025-03-11 22:11:59,11/03/2025 22:11,-,-,-,-,-,-,-
1551917,Vendedor - Nova Encomenda,1,-,-,2025-03-11 14:20:23,11/03/2025 14:20,-,-,-,-,-,-,-
1551893,Entregas Finalizadas Fora de Manaus,8,-,-,2025-03-13 20:32:46,13/03/2025 20:32,-,-,-,-,-,-,-
1551845,Entregas Finalizadas Fora de Manaus,8,-,-,2025-03-11 22:10:13,11/03/2025 22:10,-,-,-,-,-,-,-
1551800,Entregas Finalizadas Fora de Manaus,8,-,-,2025-03-11 21:48:45,11/03/2025 21:48,-,-,-,-,-,-,-
1551766,Entregas Finalizadas Fora de Manaus,8,-,-,2025-03-11 17:06:56,11/03/2025 17:06,-,-,-,-,-,-,-
1551760,Entregas Finalizadas Fora de Manaus,8,-,-,2025-03-11 22:14:45,11/03/2025 22:14,-,-,-,-,-,-,-
1551731,Entregas Finalizadas Manaus,6,-,-,2025-03-11 16:54:53,11/03/2025 16:54,-,-,-,-,-,-,-
1551137,Entregas Finalizadas Fora de Manaus,8,-,-,2025-03-11 21:53:52,11/03/2025 21:53,-,-,-,-,-,-,-
1551069,Entregas Finalizadas Manaus,6,-,-,2025-03-12 15:26:23,12/03/2025 15:26,-,-,-,-,-,-,-
1551016,Entregas Finalizadas Fora de Manaus,8,-,-,2025-03-11 21:46:37,11/03/2025 21:46,-,-,-,-,-,-,-
1550974,Entregas Finalizadas Fora de Manaus,8,-,-,2025-03-11 17:38:28,11/03/2025 17:38,-,-,-,-,-,-,-
1550933,Entregas Finalizadas Manaus,6,-,-,2025-03-11 18:59:21,11/03/2025 18:59,-,-,-,-,-,-,-
1550853,Entregas Finalizadas Fora de Manaus,8,-,-,2025-03-11 21:56:51,11/03/2025 21:56,-,-,-,-,-,-,-
1550832,Entregas Finalizadas Fora de Manaus,8,-,-,2025-03-11 17:28:07,11/03/2025 17:28,-,-,-,-,-,-,-
1550827,Entregas Finalizadas Fora de Manaus,8,-,-,2025-03-11 22:02:57,11/03/2025 22:02,-,-,-,-,-,-,-
1550808,Entregas Finalizadas Fora de Manaus,8,-,-,2025-03-11 22:16:16,11/03/2025 22:16,-,-,-,-,-,-,-
1550799,Entregas Finalizadas Fora de Manaus,8,-,-,2025-03-15 11:49:40,15/03/2025 11:49,-,-,-,-,-,-,-
1550703,Entregas Finalizadas Manaus,6,-,-,2025-03-11 13:17:08,11/03/2025 13:17,-,-,-,-,-,-,-
1550574,Entregas Finalizadas Fora de Manaus,8,-,-,2025-03-11 22:04:44,11/03/2025 22:04,-,-,-,-,-,-,-
1550562,Entregas Finalizadas Fora de Manaus,8,-,-,2025-03-11 21:50:40,11/03/2025 21:50,-,-,-,-,-,-,-
1550560,Entregas Finalizadas Fora de Manaus,8,-,-,2025-03-11 12:50:07,11/03/2025 12:50,-,-,-,-,-,-,-
1550543,Entregas Finalizadas Manaus,6,-,-,2025-03-11 16:44:39,11/03/2025 16:44,-,-,-,-,-,-,-
1550514,Entregas Finalizadas Manaus,6,-,-,2025-03-11 13:58:59,11/03/2025 13:58,-,-,-,-,-,-,-
1550503,Entregas Finalizadas Fora de Manaus,8,-,-,2025-03-11 11:10:30,11/03/2025 11:10,-,-,-,-,-,-,-
1550500,Entregas Finalizadas Fora de Manaus,8,-,-,2025-03-12 12:07:20,12/03/2025 12:07,-,-,-,-,-,-,-
1550495,Entregas Finalizadas Fora de Manaus,8,-,-,2025-03-11 13:59:19,11/03/2025 13:59,-,-,-,-,-,-,-
1550444,Entregas Finalizadas Fora de Manaus,8,-,-,2025-03-12 10:05:40,12/03/2025 10:05,-,-,-,-,-,-,-
1550160,Entregas Finalizadas Fora de Manaus,8,-,-,2025-03-11 13:30:28,11/03/2025 13:30,-,-,-,-,-,-,-
1550156,Entregas Finalizadas Fora de Manaus,8,-,-,2025-03-11 14:10:15,11/03/2025 14:10,-,-,-,-,-,-,-
1549832,Entregas Finalizadas Manaus,6,-,-,2025-03-10 18:28:50,10/03/2025 18:28,-,-,-,-,-,-,-
1549812,Entregas Finalizadas Manaus,6,-,-,2025-03-10 19:38:41,10/03/2025 19:38,-,-,-,-,-,-,-
1549789,Entregas Finalizadas Fora de Manaus,8,-,-,2025-03-10 18:36:46,10/03/2025 18:36,-,-,-,-,-,-,-
1549763,Entregas Finalizadas Fora de Manaus,8,-,-,2025-03-10 18:10:46,10/03/2025 18:10,-,-,-,-,-,-,-
1549759,Entregas Finalizadas Manaus,6,-,-,2025-03-10 19:08:27,10/03/2025 19:08,-,-,-,-,-,-,-
1549747,Entregas Finalizadas Fora de Manaus,8,-,-,2025-03-11 15:19:31,11/03/2025 15:19,-,-,-,-,-,-,-
1549624,Entregas Finalizadas Fora de Manaus,8,-,-,2025-03-11 14:19:32,11/03/2025 14:19,-,-,-,-,-,-,-
1549583,Entregas Finalizadas Fora de Manaus,8,-,-,2025-03-10 18:14:08,10/03/2025 18:14,-,-,-,-,-,-,-
1549559,Entregas Finalizadas Manaus,6,-,-,2025-03-10 20:17:05,10/03/2025 20:17,-,-,-,-,-,-,-
1549534,Entregas Finalizadas Fora de Manaus,8,-,-,2025-03-11 09:30:05,11/03/2025 09:30,-,-,-,-,-,-,-
1549522,Entregas Finalizadas Fora de Manaus,8,-,-,2025-03-11 21:55:35,11/03/2025 21:55,-,-,-,-,-,-,-
1549512,Entregas Finalizadas Fora de Manaus,8,-,-,2025-03-10 17:38:40,10/03/2025 17:38,-,-,-,-,-,-,-
1549510,Entregas Finalizadas Fora de Manaus,8,-,-,2025-03-10 21:03:10,10/03/2025 21:03,-,-,-,-,-,-,-
1549489,Vendedor - Nova Encomenda,1,-,-,2025-03-10 13:55:34,10/03/2025 13:55,-,-,-,-,-,-,-
1549484,Entregas Finalizadas Fora de Manaus,8,-,-,2025-03-10 18:16:55,10/03/2025 18:16,-,-,-,-,-,-,-
1549477,Entregas Finalizadas Manaus,6,-,-,2025-03-10 20:43:46,10/03/2025 20:43,-,-,-,-,-,-,-
1549458,Entregas Finalizadas Manaus,6,-,-,2025-03-10 17:53:43,10/03/2025 17:53,-,-,-,-,-,-,-
1549443,Entregas Finalizadas Fora de Manaus,8,-,-,2025-03-10 17:59:54,10/03/2025 17:59,-,-,-,-,-,-,-
1549392,Entregas Finalizadas Manaus,6,-,-,2025-03-10 19:19:44,10/03/2025 19:19,-,-,-,-,-,-,-
1549335,Entregas Finalizadas Manaus,6,-,-,2025-03-10 19:04:10,10/03/2025 19:04,-,-,-,-,-,-,-
1549312,Entregas Finalizadas Manaus,6,-,-,2025-03-10 14:26:36,10/03/2025 14:26,-,-,-,-,-,-,-
1549305,Entregas Finalizadas Manaus,6,-,-,2025-03-10 13:50:58,10/03/2025 13:50,-,-,-,-,-,-,-
1549291,Entregas Finalizadas Manaus,6,-,-,2025-03-10 18:58:26,10/03/2025 18:58,-,-,-,-,-,-,-
1549271,Entregas Finalizadas Fora de Manaus,8,-,-,2025-03-10 18:08:28,10/03/2025 18:08,-,-,-,-,-,-,-
1549269,Entregas Finalizadas Manaus,6,-,-,2025-03-10 18:42:49,10/03/2025 18:42,-,-,-,-,-,-,-
1549255,Entregas Finalizadas Manaus,6,-,-,2025-03-10 17:33:18,10/03/2025 17:33,-,-,-,-,-,-,-
1549243,Entregas Finalizadas Manaus,6,-,-,2025-03-10 19:55:07,10/03/2025 19:55,-,-,-,-,-,-,-
1549206,Entregas Finalizadas Fora de Manaus,8,-,-,2025-03-11 09:31:40,11/03/2025 09:31,-,-,-,-,-,-,-
1549202,Entregas Finalizadas Fora de Manaus,8,-,-,2025-03-10 21:04:50,10/03/2025 21:04,-,-,-,-,-,-,-
1549179,Entregas Finalizadas Fora de Manaus,8,-,-,2025-03-10 17:08:32,10/03/2025 17:08,-,-,-,-,-,-,-
1549162,Entregas Finalizadas Fora de Manaus,8,-,-,2025-03-10 17:51:55,10/03/2025 17:51,-,-,-,-,-,-,-
1549149,Entregas Finalizadas Fora de Manaus,8,-,-,2025-03-11 09:28:09,11/03/2025 09:28,-,-,-,-,-,-,-
1549095,Entregas Finalizadas Fora de Manaus,8,-,-,2025-03-10 21:06:44,10/03/2025 21:06,-,-,-,-,-,-,-
1549088,Entregas Finalizadas Fora de Manaus,8,-,-,2025-03-10 18:10:19,10/03/2025 18:10,-,-,-,-,-,-,-
1549042,Entregas Finalizadas Fora de Manaus,8,-,-,2025-03-11 14:12:01,11/03/2025 14:12,-,-,-,-,-,-,-
1548978,Entregas Finalizadas Fora de Manaus,8,-,-,2025-03-11 11:14:56,11/03/2025 11:14,-,-,-,-,-,-,-
1548849,Entregas Finalizadas Fora de Manaus,8,-,-,2025-03-10 13:22:32,10/03/2025 13:22,-,-,-,-,-,-,-
1548778,Entregas Finalizadas Fora de Manaus,8,-,-,2025-03-11 11:12:23,11/03/2025 11:12,-,-,-,-,-,-,-
1548076,Entregas Finalizadas Fora de Manaus,8,-,-,2025-03-11 12:52:02,11/03/2025 12:52,-,-,-,-,-,-,-
1548072,Entregas Finalizadas Fora de Manaus,8,-,-,2025-03-10 13:25:53,10/03/2025 13:25,-,-,-,-,-,-,-
1547989,Entregas Finalizadas Fora de Manaus,8,-,-,2025-03-10 17:41:23,10/03/2025 17:41,-,-,-,-,-,-,-
1547967,Entregas Finalizadas Fora de Manaus,8,-,-,2025-03-09 21:27:32,09/03/2025 21:27,-,-,-,-,-,-,-
1547930,Entregas Finalizadas Fora de Manaus,8,-,-,2025-03-10 13:02:10,10/03/2025 13:02,-,-,-,-,-,-,-
1547913,Entregas Finalizadas Fora de Manaus,8,-,-,2025-03-12 14:34:10,12/03/2025 14:34,-,-,-,-,-,-,-
1547908,Entregas Finalizadas Manaus,6,-,-,2025-03-09 21:29:43,09/03/2025 21:29,-,-,-,-,-,-,-
1547895,Entregas Finalizadas Fora de Manaus,8,-,-,2025-03-08 13:32:40,08/03/2025 13:32,-,-,-,-,-,-,-
1547878,Entregas Finalizadas Fora de Manaus,8,-,-,2025-03-10 13:04:43,10/03/2025 13:04,-,-,-,-,-,-,-
1547856,Entregas Finalizadas Manaus,6,-,-,2025-03-08 13:17:11,08/03/2025 13:17,-,-,-,-,-,-,-
1547834,Vendedor - Nova Encomenda,1,-,-,2025-03-08 11:52:24,08/03/2025 11:52,-,-,-,-,-,-,-
1547826,Entregas Finalizadas Manaus,6,-,-,2025-03-08 13:50:12,08/03/2025 13:50,-,-,-,-,-,-,-
1547768,Entregas Finalizadas Fora de Manaus,8,-,-,2025-03-08 13:18:16,08/03/2025 13:18,-,-,-,-,-,-,-
1547565,Entregas Finalizadas Fora de Manaus,8,-,-,2025-03-12 12:40:22,12/03/2025 12:40,-,-,-,-,-,-,-
1547558,Entregas Finalizadas Manaus,6,-,-,2025-03-08 16:17:56,08/03/2025 16:17,-,-,-,-,-,-,-
1547553,Entregas Finalizadas Fora de Manaus,8,-,-,2025-03-10 13:27:13,10/03/2025 13:27,-,-,-,-,-,-,-
1547538,Entregas Finalizadas Manaus,6,-,-,2025-03-08 14:55:39,08/03/2025 14:55,-,-,-,-,-,-,-
1547534,Entregas Finalizadas Fora de Manaus,8,-,-,2025-03-10 13:34:03,10/03/2025 13:34,-,-,-,-,-,-,-
1547505,Entregas Finalizadas Fora de Manaus,8,-,-,2025-03-10 14:44:27,10/03/2025 14:44,-,-,-,-,-,-,-
1547463,Entregas Finalizadas Fora de Manaus,8,-,-,2025-03-08 17:32:11,08/03/2025 17:32,-,-,-,-,-,-,-
1547432,Entregas Finalizadas Fora de Manaus,8,-,-,2025-03-10 13:40:59,10/03/2025 13:40,-,-,-,-,-,-,-
1547362,Entregas Finalizadas Fora de Manaus,8,-,-,2025-03-10 13:33:55,10/03/2025 13:33,-,-,-,-,-,-,-
1547332,Entregas Finalizadas Fora de Manaus,8,-,-,2025-03-10 13:16:49,10/03/2025 13:16,-,-,-,-,-,-,-
1547325,Entregas Finalizadas Fora de Manaus,8,-,-,2025-03-08 17:27:36,08/03/2025 17:27,-,-,-,-,-,-,-
1547283,Logística - Despacho da Encomenda,2,-,00:00 Horas,2025-03-07 16:52:24,07/03/2025 16:52,-,07/03/2025 16:52,-,-,-,-,-
1547239,Entregas Finalizadas Fora de Manaus,8,-,-,2025-03-07 22:33:39,07/03/2025 22:33,-,-,-,-,-,-,-
1547231,Vendedor - Nova Encomenda,1,-,-,2025-03-07 16:04:11,07/03/2025 16:04,-,-,-,-,-,-,-
1547206,Entregas Finalizadas Manaus,6,-,-,2025-03-07 20:57:37,07/03/2025 20:57,-,-,-,-,-,-,-
1547203,Entregas Finalizadas Fora de Manaus,8,-,-,2025-03-10 17:39:16,10/03/2025 17:39,-,-,-,-,-,-,-
1547199,Entregas Finalizadas Fora de Manaus,8,-,-,2025-03-07 22:41:08,07/03/2025 22:41,-,-,-,-,-,-,-
1547181,Entregas Finalizadas Fora de Manaus,8,-,-,2025-03-08 17:29:30,08/03/2025 17:29,-,-,-,-,-,-,-
1547176,Entregas Finalizadas Fora de Manaus,8,-,-,2025-03-07 17:24:59,07/03/2025 17:24,-,-,-,-,-,-,-
1547166,Entregas Finalizadas Manaus,6,-,-,2025-03-07 17:10:15,07/03/2025 17:10,-,-,-,-,-,-,-
1547144,Entregas Finalizadas Manaus,6,-,-,2025-03-08 10:38:26,08/03/2025 10:38,-,-,-,-,-,-,-
1547124,Entregas Finalizadas Manaus,6,-,-,2025-03-08 16:03:51,08/03/2025 16:03,-,-,-,-,-,-,-
1547108,Entregas Finalizadas Manaus,6,-,-,2025-03-07 16:58:13,07/03/2025 16:58,-,-,-,-,-,-,-
1547091,Entregas Finalizadas Manaus,6,-,-,2025-03-07 18:27:28,07/03/2025 18:27,-,-,-,-,-,-,-
1547089,Entregas Finalizadas Manaus,6,-,-,2025-03-07 17:53:13,07/03/2025 17:53,-,-,-,-,-,-,-
1547065,Entregas Finalizadas Fora de Manaus,8,-,-,2025-03-10 13:07:48,10/03/2025 13:07,-,-,-,-,-,-,-
1547058,Entregas Finalizadas Fora de Manaus,8,-,-,2025-03-07 22:56:36,07/03/2025 22:56,-,-,-,-,-,-,-
1547003,Entregas Finalizadas Fora de Manaus,8,-,-,2025-03-07 23:06:37,07/03/2025 23:06,-,-,-,-,-,-,-
1546944,Vendedor - Nova Encomenda,1,-,-,2025-03-07 13:14:51,07/03/2025 13:14,-,-,-,-,-,-,-
1546942,Entregas Finalizadas Manaus,6,-,-,2025-03-08 16:10:04,08/03/2025 16:10,-,-,-,-,-,-,-
1546905,Entregas Finalizadas Manaus,6,-,-,2025-03-07 17:45:07,07/03/2025 17:45,-,-,-,-,-,-,-
1546895,Entregas Finalizadas Manaus,6,-,-,2025-03-07 18:40:51,07/03/2025 18:40,-,-,-,-,-,-,-
1546874,Entregas Finalizadas Fora de Manaus,8,-,-,2025-03-11 15:14:07,11/03/2025 15:14,-,-,-,-,-,-,-
1546740,Entregas Finalizadas Fora de Manaus,8,-,-,2025-03-07 13:30:03,07/03/2025 13:30,-,-,-,-,-,-,-
1546701,Entregas Finalizadas Fora de Manaus,8,-,-,2025-03-07 22:30:28,07/03/2025 22:30,-,-,-,-,-,-,-
1546697,Entregas Finalizadas Fora de Manaus,8,-,-,2025-03-07 17:34:23,07/03/2025 17:34,-,-,-,-,-,-,-
1546685,Entregas Finalizadas Fora de Manaus,8,-,-,2025-03-07 22:54:27,07/03/2025 22:54,-,-,-,-,-,-,-
1546477,Entregas Finalizadas Fora de Manaus,8,-,-,2025-03-07 22:28:23,07/03/2025 22:28,-,-,-,-,-,-,-
1546370,Entregas Finalizadas Manaus,6,-,-,2025-03-07 17:06:38,07/03/2025 17:06,-,-,-,-,-,-,-
1546286,Entregas Finalizadas Fora de Manaus,8,-,-,2025-03-07 23:00:53,07/03/2025 23:00,-,-,-,-,-,-,-
1546209,Entregas Finalizadas Fora de Manaus,8,-,-,2025-03-07 22:22:19,07/03/2025 22:22,-,-,-,-,-,-,-
1546005,Entregas Finalizadas Manaus,6,-,-,2025-03-07 21:25:56,07/03/2025 21:25,-,-,-,-,-,-,-
1545683,Entregas Finalizadas Fora de Manaus,8,-,-,2025-03-07 13:27:40,07/03/2025 13:27,-,-,-,-,-,-,-
1545638,Entregas Finalizadas Fora de Manaus,8,-,-,2025-03-10 17:48:39,10/03/2025 17:48,-,-,-,-,-,-,-
1545620,Entregas Finalizadas Fora de Manaus,8,-,-,2025-03-07 13:31:04,07/03/2025 13:31,-,-,-,-,-,-,-
1545608,Entregas Finalizadas Fora de Manaus,8,-,-,2025-03-07 22:58:13,07/03/2025 22:58,-,-,-,-,-,-,-
1545590,Entregas Finalizadas Fora de Manaus,8,-,-,2025-03-07 12:18:31,07/03/2025 12:18,-,-,-,-,-,-,-
1545512,Entregas Finalizadas Fora de Manaus,8,-,-,2025-03-07 23:09:25,07/03/2025 23:09,-,-,-,-,-,-,-
1545510,Entregas Finalizadas Fora de Manaus,8,-,-,2025-03-07 22:35:19,07/03/2025 22:35,-,-,-,-,-,-,-
1545447,Entregas Finalizadas Fora de Manaus,8,-,-,2025-03-07 13:02:56,07/03/2025 13:02,-,-,-,-,-,-,-
1545351,Entregas Finalizadas Fora de Manaus,8,-,-,2025-03-07 12:48:44,07/03/2025 12:48,-,-,-,-,-,-,-
1545344,Entregas Finalizadas Fora de Manaus,8,-,-,2025-03-08 11:44:52,08/03/2025 11:44,-,-,-,-,-,-,-
1545331,Entregas Finalizadas Fora de Manaus,8,-,-,2025-03-07 22:48:20,07/03/2025 22:48,-,-,-,-,-,-,-
1545329,Entregas Finalizadas Fora de Manaus,8,-,-,2025-03-08 11:52:05,08/03/2025 11:52,-,-,-,-,-,-,-
1545327,Entregas Finalizadas Manaus,6,-,-,2025-03-07 18:28:39,07/03/2025 18:28,-,-,-,-,-,-,-
1545317,Entregas Finalizadas Fora de Manaus,8,-,-,2025-03-07 22:50:45,07/03/2025 22:50,-,-,-,-,-,-,-
1545311,Entregas Finalizadas Fora de Manaus,8,-,-,2025-03-07 13:35:03,07/03/2025 13:35,-,-,-,-,-,-,-
1545308,Entregas Finalizadas Fora de Manaus,8,-,-,2025-03-07 22:42:54,07/03/2025 22:42,-,-,-,-,-,-,-
1545306,Vendedor - Nova Encomenda,1,-,-,2025-03-06 18:04:45,06/03/2025 18:04,-,-,-,-,-,-,-
1545180,Entregas Finalizadas Fora de Manaus,8,-,-,2025-03-08 17:25:11,08/03/2025 17:25,-,-,-,-,-,-,-
1545129,Entregas Finalizadas Fora de Manaus,8,-,-,2025-03-07 23:04:51,07/03/2025 23:04,-,-,-,-,-,-,-
1545107,Entregas Finalizadas Manaus,6,-,-,2025-03-06 17:21:41,06/03/2025 17:21,-,-,-,-,-,-,-
1545087,Vendedor - Nova Encomenda,1,-,-,2025-03-06 15:58:38,06/03/2025 15:58,-,-,-,-,-,-,-
1545077,Entregas Finalizadas Fora de Manaus,8,-,-,2025-03-07 15:12:44,07/03/2025 15:12,-,-,-,-,-,-,-
1545062,Entregas Finalizadas Manaus,6,-,-,2025-03-06 19:25:50,06/03/2025 19:25,-,-,-,-,-,-,-
1545054,Entregas Finalizadas Manaus,6,-,-,2025-03-06 18:03:33,06/03/2025 18:03,-,-,-,-,-,-,-
1545038,Entregas Finalizadas Fora de Manaus,8,-,-,2025-03-06 18:10:07,06/03/2025 18:10,-,-,-,-,-,-,-
1545027,Entregas Finalizadas Fora de Manaus,8,-,-,2025-03-08 11:56:33,08/03/2025 11:56,-,-,-,-,-,-,-
1545022,Entregas Finalizadas Manaus,6,-,-,2025-03-06 18:39:11,06/03/2025 18:39,-,-,-,-,-,-,-
1544999,Entregas Finalizadas Fora de Manaus,8,-,-,2025-03-07 10:53:39,07/03/2025 10:53,-,-,-,-,-,-,-
1544997,Entregas Finalizadas Fora de Manaus,8,-,-,2025-03-06 21:48:34,06/03/2025 21:48,-,-,-,-,-,-,-
1544993,Entregas Finalizadas Fora de Manaus,8,-,-,2025-03-07 22:37:42,07/03/2025 22:37,-,-,-,-,-,-,-
1544984,Entregas Finalizadas Fora de Manaus,8,-,-,2025-03-06 21:52:59,06/03/2025 21:52,-,-,-,-,-,-,-
1544870,Entregas Finalizadas Manaus,6,-,-,2025-03-06 19:48:38,06/03/2025 19:48,-,-,-,-,-,-,-
1544839,Entregas Finalizadas Fora de Manaus,8,-,-,2025-03-06 18:01:26,06/03/2025 18:01,-,-,-,-,-,-,-
1544823,Vendedor - Nova Encomenda,1,-,-,2025-03-06 12:59:00,06/03/2025 12:59,-,-,-,-,-,-,-
1544785,Entregas Finalizadas Fora de Manaus,8,-,-,2025-03-06 21:27:31,06/03/2025 21:27,-,-,-,-,-,-,-
1544723,Entregas Finalizadas Fora de Manaus,8,-,-,2025-03-06 21:46:48,06/03/2025 21:46,-,-,-,-,-,-,-
1544692,Entregas Finalizadas Fora de Manaus,8,-,-,2025-03-12 10:43:56,12/03/2025 10:43,-,-,-,-,-,-,-
1544529,Entregas Finalizadas Fora de Manaus,8,-,-,2025-03-06 15:51:22,06/03/2025 15:51,-,-,-,-,-,-,-
1544231,Entregas Finalizadas Fora de Manaus,8,-,-,2025-03-06 19:25:22,06/03/2025 19:25,-,-,-,-,-,-,-
1544224,Entregas Finalizadas Fora de Manaus,8,-,-,2025-03-06 21:38:05,06/03/2025 21:38,-,-,-,-,-,-,-
1544220,Entregas Finalizadas Fora de Manaus,8,-,-,2025-03-06 16:15:03,06/03/2025 16:15,-,-,-,-,-,-,-
1544209,Entregas Finalizadas Manaus,6,-,-,2025-03-06 17:49:35,06/03/2025 17:49,-,-,-,-,-,-,-
1544201,Entregas Finalizadas Fora de Manaus,8,-,-,2025-03-06 16:10:56,06/03/2025 16:10,-,-,-,-,-,-,-
1544178,Entregas Finalizadas Fora de Manaus,8,-,-,2025-03-06 21:51:26,06/03/2025 21:51,-,-,-,-,-,-,-
1544122,Entregas Finalizadas Fora de Manaus,8,-,-,2025-03-06 16:04:23,06/03/2025 16:04,-,-,-,-,-,-,-
1539532,Entregas Finalizadas Fora de Manaus,8,-,-,2025-03-06 15:55:08,06/03/2025 15:55,-,-,-,-,-,-,-
1537918,Entregas Finalizadas Manaus,6,-,-,2025-03-06 14:25:05,06/03/2025 14:25,-,-,-,-,-,-,-
1537895,Entregas Finalizadas Fora de Manaus,8,-,-,2025-03-06 21:40:37,06/03/2025 21:40,-,-,-,-,-,-,-
1537881,Entregas Finalizadas Manaus,6,-,-,2025-03-06 14:56:57,06/03/2025 14:56,-,-,-,-,-,-,-
1537866,Entregas Finalizadas Manaus,6,-,-,2025-03-06 13:20:33,06/03/2025 13:20,-,-,-,-,-,-,-
1537833,Entregas Finalizadas Fora de Manaus,8,-,-,2025-03-07 22:26:37,07/03/2025 22:26,-,-,-,-,-,-,-
1537822,Entregas Finalizadas Fora de Manaus,8,-,-,2025-03-07 10:51:50,07/03/2025 10:51,-,-,-,-,-,-,-
1537819,Entregas Finalizadas Fora de Manaus,8,-,-,2025-03-06 16:09:34,06/03/2025 16:09,-,-,-,-,-,-,-
1537788,Entregas Finalizadas Fora de Manaus,8,-,-,2025-03-11 22:01:11,11/03/2025 22:01,-,-,-,-,-,-,-
1537784,Entregas Finalizadas Manaus,6,-,-,2025-03-03 18:20:13,03/03/2025 18:20,-,-,-,-,-,-,-
1537776,Entregas Finalizadas Fora de Manaus,8,-,-,2025-03-06 16:12:24,06/03/2025 16:12,-,-,-,-,-,-,-
1537774,Vendedor - Nova Encomenda,1,-,-,2025-03-03 16:38:21,03/03/2025 16:38,-,-,-,-,-,-,-
1537765,Entregas Finalizadas Manaus,6,-,-,2025-03-03 18:05:29,03/03/2025 18:05,-,-,-,-,-,-,-
1537754,Entregas Finalizadas Fora de Manaus,8,-,-,2025-03-03 17:30:45,03/03/2025 17:30,-,-,-,-,-,-,-
1537744,Entregas Finalizadas Fora de Manaus,8,-,-,2025-03-05 13:09:40,05/03/2025 13:09,-,-,-,-,-,-,-
1537731,Entregas Finalizadas Manaus,6,-,-,2025-03-06 14:36:43,06/03/2025 14:36,-,-,-,-,-,-,-
1537728,Entregas Finalizadas Fora de Manaus,8,-,-,2025-03-04 10:39:51,04/03/2025 10:39,-,-,-,-,-,-,-
1537724,Vendedor - Nova Encomenda,1,-,-,2025-03-03 15:59:19,03/03/2025 15:59,-,-,-,-,-,-,-
1537697,Entregas Finalizadas Fora de Manaus,8,-,-,2025-03-03 17:50:47,03/03/2025 17:50,-,-,-,-,-,-,-
1537653,Entregas Finalizadas Fora de Manaus,8,-,-,2025-03-04 10:46:30,04/03/2025 10:46,-,-,-,-,-,-,-
1537632,Entregas Finalizadas Fora de Manaus,8,-,-,2025-03-04 17:59:52,04/03/2025 17:59,-,-,-,-,-,-,-
1537607,Entregas Finalizadas Manaus,6,-,-,2025-03-03 17:24:56,03/03/2025 17:24,-,-,-,-,-,-,-
1537569,Entregas Finalizadas Manaus,6,-,-,2025-03-03 18:07:59,03/03/2025 18:07,-,-,-,-,-,-,-
1537555,Entregas Finalizadas Fora de Manaus,8,-,-,2025-03-04 10:24:27,04/03/2025 10:24,-,-,-,-,-,-,-
1537553,Entregas Finalizadas Manaus,6,-,-,2025-03-06 17:59:11,06/03/2025 17:59,-,-,-,-,-,-,-
1537542,Entregas Finalizadas Fora de Manaus,8,-,-,2025-03-04 18:10:57,04/03/2025 18:10,-,-,-,-,-,-,-
1537533,Entregas Finalizadas Manaus,6,-,-,2025-03-04 11:56:17,04/03/2025 11:56,-,-,-,-,-,-,-
1537525,Entregas Finalizadas Manaus,6,-,-,2025-03-03 19:15:37,03/03/2025 19:15,-,-,-,-,-,-,-
1537515,Entregas Finalizadas Manaus,6,-,-,2025-03-03 19:28:19,03/03/2025 19:28,-,-,-,-,-,-,-
1537504,Entregas Finalizadas Fora de Manaus,8,-,-,2025-03-03 17:12:33,03/03/2025 17:12,-,-,-,-,-,-,-
1537502,Entregas Finalizadas Fora de Manaus,8,-,-,2025-03-06 12:55:51,06/03/2025 12:55,-,-,-,-,-,-,-
1537491,Entregas Finalizadas Fora de Manaus,8,-,-,2025-03-03 17:48:38,03/03/2025 17:48,-,-,-,-,-,-,-
1537485,Entregas Finalizadas Fora de Manaus,8,-,-,2025-03-04 10:11:48,04/03/2025 10:11,-,-,-,-,-,-,-
1537482,Entregas Finalizadas Fora de Manaus,8,-,-,2025-03-03 17:39:09,03/03/2025 17:39,-,-,-,-,-,-,-
1537474,Entregas Finalizadas Fora de Manaus,8,-,-,2025-03-03 19:03:48,03/03/2025 19:03,-,-,-,-,-,-,-
1537442,Entregas Finalizadas Fora de Manaus,8,-,-,2025-03-03 13:22:43,03/03/2025 13:22,-,-,-,-,-,-,-
1537421,Entregas Finalizadas Fora de Manaus,8,-,-,2025-03-06 21:25:37,06/03/2025 21:25,-,-,-,-,-,-,-
1537414,Entregas Finalizadas Fora de Manaus,8,-,-,2025-03-04 00:49:18,04/03/2025 00:49,-,-,-,-,-,-,-
1537393,Entregas Finalizadas Fora de Manaus,8,-,-,2025-03-04 10:32:12,04/03/2025 10:32,-,-,-,-,-,-,-
1537383,Entregas Finalizadas Fora de Manaus,8,-,-,2025-03-07 11:10:45,07/03/2025 11:10,-,-,-,-,-,-,-
1537381,Entregas Finalizadas Fora de Manaus,8,-,-,2025-03-04 18:03:02,04/03/2025 18:03,-,-,-,-,-,-,-
1537374,Entregas Finalizadas Fora de Manaus,8,-,-,2025-03-06 16:06:50,06/03/2025 16:06,-,-,-,-,-,-,-
1537365,Entregas Finalizadas Fora de Manaus,8,-,-,2025-03-03 13:55:34,03/03/2025 13:55,-,-,-,-,-,-,-
1537363,Entregas Finalizadas Fora de Manaus,8,-,-,2025-03-05 13:04:53,05/03/2025 13:04,-,-,-,-,-,-,-
1537359,Entregas Finalizadas Fora de Manaus,8,-,-,2025-03-04 10:42:05,04/03/2025 10:42,-,-,-,-,-,-,-
1537337,Entregas Finalizadas Fora de Manaus,8,-,-,2025-03-04 10:17:20,04/03/2025 10:17,-,-,-,-,-,-,-
1537336,Entregas Finalizadas Fora de Manaus,8,-,-,2025-03-04 10:44:44,04/03/2025 10:44,-,-,-,-,-,-,-
1537066,Entregas Finalizadas Fora de Manaus,8,-,-,2025-03-03 17:33:27,03/03/2025 17:33,-,-,-,-,-,-,-
1536711,Entregas Finalizadas Fora de Manaus,8,-,-,2025-03-03 14:20:26,03/03/2025 14:20,-,-,-,-,-,-,-
1536508,Entregas Finalizadas Fora de Manaus,8,-,-,2025-03-06 21:32:32,06/03/2025 21:32,-,-,-,-,-,-,-
1536221,Entregas Finalizadas Fora de Manaus,8,-,-,2025-03-06 21:44:22,06/03/2025 21:44,-,-,-,-,-,-,-
1535673,Entregas Finalizadas Fora de Manaus,8,-,-,2025-03-07 13:25:24,07/03/2025 13:25,-,-,-,-,-,-,-
1535179,Entregas Finalizadas Fora de Manaus,8,-,-,2025-03-08 11:49:50,08/03/2025 11:49,-,-,-,-,-,-,-
1535137,Entregas Finalizadas Fora de Manaus,8,-,-,2025-03-03 15:17:02,03/03/2025 15:17,-,-,-,-,-,-,-
1534244,Entregas Finalizadas Fora de Manaus,8,-,-,2025-03-03 13:12:39,03/03/2025 13:12,-,-,-,-,-,-,-
1534209,Entregas Finalizadas Fora de Manaus,8,-,-,2025-03-04 10:37:24,04/03/2025 10:37,-,-,-,-,-,-,-
1534200,Entregas Finalizadas Fora de Manaus,8,-,-,2025-03-06 12:48:22,06/03/2025 12:48,-,-,-,-,-,-,-
1534187,Entregas Finalizadas Fora de Manaus,8,-,-,2025-03-05 13:02:49,05/03/2025 13:02,-,-,-,-,-,-,-
1534169,Vendedor - Nova Encomenda,1,-,-,2025-03-01 13:39:36,01/03/2025 13:39,-,-,-,-,-,-,-
1534141,Entregas Finalizadas Manaus,6,-,-,2025-03-04 12:08:47,04/03/2025 12:08,-,-,-,-,-,-,-
1534124,Entregas Finalizadas Fora de Manaus,8,-,-,2025-03-05 13:06:30,05/03/2025 13:06,-,-,-,-,-,-,-
1534122,Entregas Finalizadas Fora de Manaus,8,-,-,2025-03-01 13:54:40,01/03/2025 13:54,-,-,-,-,-,-,-
1534117,Entregas Finalizadas Fora de Manaus,8,-,-,2025-03-03 15:20:42,03/03/2025 15:20,-,-,-,-,-,-,-
1534112,Entregas Finalizadas Fora de Manaus,8,-,-,2025-03-03 15:26:36,03/03/2025 15:26,-,-,-,-,-,-,-
1534109,Entregas Finalizadas Manaus,6,-,-,2025-03-04 11:30:09,04/03/2025 11:30,-,-,-,-,-,-,-
1534096,Vendedor - Nova Encomenda,1,-,-,2025-03-01 12:24:20,01/03/2025 12:24,-,-,-,-,-,-,-
1534077,Entregas Finalizadas Manaus,6,-,-,2025-03-01 13:22:31,01/03/2025 13:22,-,-,-,-,-,-,-
1534049,Entregas Finalizadas Manaus,6,-,-,2025-03-01 15:17:46,01/03/2025 15:17,-,-,-,-,-,-,-
1534029,Vendedor - Nova Encomenda,1,-,-,2025-03-01 11:24:43,01/03/2025 11:24,-,-,-,-,-,-,-
1534022,Entregas Finalizadas Fora de Manaus,8,-,-,2025-03-04 18:05:00,04/03/2025 18:05,-,-,-,-,-,-,-
1534017,Entregas Finalizadas Manaus,6,-,-,2025-03-01 14:34:06,01/03/2025 14:34,-,-,-,-,-,-,-
1534015,Entregas Finalizadas Fora de Manaus,8,-,-,2025-03-08 11:47:59,08/03/2025 11:47,-,-,-,-,-,-,-
1534001,Entregas Finalizadas Manaus,6,-,-,2025-03-01 14:52:15,01/03/2025 14:52,-,-,-,-,-,-,-
1533998,Entregas Finalizadas Manaus,6,-,-,2025-03-03 14:39:03,03/03/2025 14:39,-,-,-,-,-,-,-
1533981,Entregas Finalizadas Fora de Manaus,8,-,-,2025-03-03 14:56:50,03/03/2025 14:56,-,-,-,-,-,-,-
1533962,Entregas Finalizadas Fora de Manaus,8,-,-,2025-03-01 13:08:47,01/03/2025 13:08,-,-,-,-,-,-,-
1533959,Entregas Finalizadas Fora de Manaus,8,-,-,2025-03-01 13:48:32,01/03/2025 13:48,-,-,-,-,-,-,-
1533921,Entregas Finalizadas Fora de Manaus,8,-,-,2025-03-01 13:57:44,01/03/2025 13:57,-,-,-,-,-,-,-
1533908,Vendedor - Nova Encomenda,1,-,-,2025-03-01 09:56:25,01/03/2025 09:56,-,-,-,-,-,-,-
1533781,Entregas Finalizadas Manaus,6,-,-,2025-03-01 15:49:18,01/03/2025 15:49,-,-,-,-,-,-,-
1533761,Entregas Finalizadas Fora de Manaus,8,-,-,2025-03-06 16:25:51,06/03/2025 16:25,-,-,-,-,-,-,-
1533751,Entregas Finalizadas Fora de Manaus,8,-,-,2025-03-04 10:28:00,04/03/2025 10:28,-,-,-,-,-,-,-
1533745,Entregas Finalizadas Fora de Manaus,8,-,-,2025-03-01 14:01:38,01/03/2025 14:01,-,-,-,-,-,-,-
1533735,Entregas Finalizadas Fora de Manaus,8,-,-,2025-03-05 13:08:16,05/03/2025 13:08,-,-,-,-,-,-,-
1533733,Vendedor - Nova Encomenda,1,-,-,2025-02-28 20:04:32,28/02/2025 20:04,-,-,-,-,-,-,-
1533728,Entregas Finalizadas Fora de Manaus,8,-,-,2025-03-01 18:08:02,01/03/2025 18:08,-,-,-,-,-,-,-
1533725,Entregas Finalizadas Fora de Manaus,8,-,-,2025-03-01 17:36:20,01/03/2025 17:36,-,-,-,-,-,-,-
1533715,Entregas Finalizadas Fora de Manaus,8,-,-,2025-03-04 18:13:05,04/03/2025 18:13,-,-,-,-,-,-,-
1533711,Entregas Finalizadas Fora de Manaus,8,-,-,2025-03-03 15:07:48,03/03/2025 15:07,-,-,-,-,-,-,-
1533692,Entregas Finalizadas Fora de Manaus,8,-,-,2025-03-06 12:52:40,06/03/2025 12:52,-,-,-,-,-,-,-
1533678,Entregas Finalizadas Fora de Manaus,8,-,-,2025-03-04 10:34:29,04/03/2025 10:34,-,-,-,-,-,-,-
1533674,Entregas Finalizadas Fora de Manaus,8,-,-,2025-03-07 22:24:03,07/03/2025 22:24,-,-,-,-,-,-,-
1533669,Entregas Finalizadas Fora de Manaus,8,-,-,2025-03-03 13:39:11,03/03/2025 13:39,-,-,-,-,-,-,-
1533664,Entregas Finalizadas Fora de Manaus,8,-,-,2025-03-04 10:19:48,04/03/2025 10:19,-,-,-,-,-,-,-
1533613,Entregas Finalizadas Manaus,6,-,-,2025-03-01 16:18:54,01/03/2025 16:18,-,-,-,-,-,-,-
1533607,Entregas Finalizadas Fora de Manaus,8,-,-,2025-03-01 15:28:26,01/03/2025 15:28,-,-,-,-,-,-,-
1533597,Entregas Finalizadas Fora de Manaus,8,-,-,2025-03-01 13:56:19,01/03/2025 13:56,-,-,-,-,-,-,-
1533566,Entregas Finalizadas Fora de Manaus,8,-,-,2025-03-01 15:39:10,01/03/2025 15:39,-,-,-,-,-,-,-
1533526,Entregas Finalizadas Fora de Manaus,8,-,-,2025-03-01 17:26:25,01/03/2025 17:26,-,-,-,-,-,-,-
1533476,Entregas Finalizadas Fora de Manaus,8,-,-,2025-03-01 17:54:44,01/03/2025 17:54,-,-,-,-,-,-,-
1533464,Entregas Finalizadas Fora de Manaus,8,-,-,2025-03-01 10:28:43,01/03/2025 10:28,-,-,-,-,-,-,-
1533406,Entregas Finalizadas Fora de Manaus,8,-,-,2025-02-28 18:09:57,28/02/2025 18:09,-,-,-,-,-,-,-
1533381,Entregas Finalizadas Manaus,6,-,-,2025-02-28 18:47:59,28/02/2025 18:47,-,-,-,-,-,-,-
1533377,Entregas Finalizadas Fora de Manaus,8,-,-,2025-03-04 10:26:12,04/03/2025 10:26,-,-,-,-,-,-,-
1533295,Entregas Finalizadas Fora de Manaus,8,-,-,2025-03-07 14:29:07,07/03/2025 14:29,-,-,-,-,-,-,-
1533282,Entregas Finalizadas Fora de Manaus,8,-,-,2025-03-01 15:32:03,01/03/2025 15:32,-,-,-,-,-,-,-
1533251,Entregas Finalizadas Fora de Manaus,8,-,-,2025-02-28 17:31:18,28/02/2025 17:31,-,-,-,-,-,-,-
1533105,Entregas Finalizadas Fora de Manaus,8,-,-,2025-02-28 17:41:53,28/02/2025 17:41,-,-,-,-,-,-,-
1533100,Entregas Finalizadas Manaus,6,-,-,2025-02-28 17:47:10,28/02/2025 17:47,-,-,-,-,-,-,-
1532830,Entregas Finalizadas Manaus,6,-,-,2025-02-28 17:42:41,28/02/2025 17:42,-,-,-,-,-,-,-
1532722,Vendedor - Nova Encomenda,1,-,-,2025-02-28 14:48:26,28/02/2025 14:48,-,-,-,-,-,-,-
1532631,Entregas Finalizadas Manaus,6,-,-,2025-02-28 19:15:03,28/02/2025 19:15,-,-,-,-,-,-,-
1532522,Entregas Finalizadas Fora de Manaus,8,-,-,2025-02-28 17:29:33,28/02/2025 17:29,-,-,-,-,-,-,-
1532478,Entregas Finalizadas Manaus,6,-,-,2025-03-01 15:20:08,01/03/2025 15:20,-,-,-,-,-,-,-
1532401,Entregas Finalizadas Fora de Manaus,8,-,-,2025-03-01 15:52:10,01/03/2025 15:52,-,-,-,-,-,-,-
1532270,Entregas Finalizadas Fora de Manaus,8,-,-,2025-03-01 10:38:03,01/03/2025 10:38,-,-,-,-,-,-,-
1532161,Entregas Finalizadas Manaus,6,-,-,2025-02-28 18:01:10,28/02/2025 18:01,-,-,-,-,-,-,-
1531907,Entregas Finalizadas Fora de Manaus,8,-,-,2025-03-03 14:50:53,03/03/2025 14:50,-,-,-,-,-,-,-
1531830,Entregas Finalizadas Manaus,6,-,-,2025-02-28 20:45:19,28/02/2025 20:45,-,-,-,-,-,-,-
1531828,Entregas Finalizadas Fora de Manaus,8,-,-,2025-03-01 11:33:44,01/03/2025 11:33,-,-,-,-,-,-,-
1531444,Entregas Finalizadas Manaus,6,-,-,2025-02-28 16:06:00,28/02/2025 16:06,-,-,-,-,-,-,-
1531392,Entregas Finalizadas Manaus,6,-,-,2025-02-28 18:27:14,28/02/2025 18:27,-,-,-,-,-,-,-
1531294,Entregas Finalizadas Fora de Manaus,8,-,-,2025-03-01 11:53:58,01/03/2025 11:53,-,-,-,-,-,-,-
1531268,Entregas Finalizadas Fora de Manaus,8,-,-,2025-03-01 11:57:36,01/03/2025 11:57,-,-,-,-,-,-,-
1531114,Entregas Finalizadas Manaus,6,-,-,2025-02-28 18:29:05,28/02/2025 18:29,-,-,-,-,-,-,-
1530712,Entregas Finalizadas Fora de Manaus,8,-,-,2025-03-01 10:27:03,01/03/2025 10:27,-,-,-,-,-,-,-
1530629,Entregas Finalizadas Fora de Manaus,8,-,-,2025-02-28 16:00:55,28/02/2025 16:00,-,-,-,-,-,-,-
1530544,Entregas Finalizadas Fora de Manaus,8,-,-,2025-03-01 15:50:33,01/03/2025 15:50,-,-,-,-,-,-,-
1530444,Entregas Finalizadas Fora de Manaus,8,-,-,2025-03-01 15:46:15,01/03/2025 15:46,-,-,-,-,-,-,-
1530312,Entregas Finalizadas Fora de Manaus,8,-,-,2025-03-01 12:03:46,01/03/2025 12:03,-,-,-,-,-,-,-
1530132,Entregas Finalizadas Fora de Manaus,8,-,-,2025-03-01 09:36:36,01/03/2025 09:36,-,-,-,-,-,-,-
1530116,Entregas Finalizadas Manaus,6,-,-,2025-02-28 18:17:18,28/02/2025 18:17,-,-,-,-,-,-,-
1530112,Entregas Finalizadas Fora de Manaus,8,-,-,2025-03-06 21:29:52,06/03/2025 21:29,-,-,-,-,-,-,-
1530107,Entregas Finalizadas Fora de Manaus,8,-,-,2025-03-01 15:13:33,01/03/2025 15:13,-,-,-,-,-,-,-
1529832,Entregas Finalizadas Manaus,6,-,-,2025-02-28 15:29:08,28/02/2025 15:29,-,-,-,-,-,-,-
1529822,Entregas Finalizadas Fora de Manaus,8,-,-,2025-02-28 16:39:20,28/02/2025 16:39,-,-,-,-,-,-,-
1529820,Entregas Finalizadas Fora de Manaus,8,-,-,2025-03-01 10:31:46,01/03/2025 10:31,-,-,-,-,-,-,-
1529814,Entregas Finalizadas Manaus,6,-,-,2025-02-28 13:54:14,28/02/2025 13:54,-,-,-,-,-,-,-
1529811,Entregas Finalizadas Manaus,6,-,-,2025-02-28 18:07:26,28/02/2025 18:07,-,-,-,-,-,-,-
1529809,Entregas Finalizadas Fora de Manaus,8,-,-,2025-02-28 17:24:50,28/02/2025 17:24,-,-,-,-,-,-,-
1529802,Entregas Finalizadas Manaus,6,-,-,2025-02-28 12:54:08,28/02/2025 12:54,-,-,-,-,-,-,-
1529793,Entregas Finalizadas Fora de Manaus,8,-,-,2025-03-01 15:16:04,01/03/2025 15:16,-,-,-,-,-,-,-
1529778,Logística - Despacho da Encomenda,2,-,00:00 Horas,2025-02-28 16:25:11,28/02/2025 16:25,-,28/02/2025 16:25,-,-,-,-,-
1529771,Entregas Finalizadas Manaus,6,-,-,2025-02-28 14:30:50,28/02/2025 14:30,-,-,-,-,-,-,-
1529769,Entregas Finalizadas Fora de Manaus,8,-,-,2025-03-01 09:32:35,01/03/2025 09:32,-,-,-,-,-,-,-
1529764,Entregas Finalizadas Manaus,6,-,-,2025-02-28 18:37:57,28/02/2025 18:37,-,-,-,-,-,-,-
1529761,Entregas Finalizadas Fora de Manaus,8,-,-,2025-03-07 14:24:20,07/03/2025 14:24,-,-,-,-,-,-,-
1529758,Entregas Finalizadas Manaus,6,-,-,2025-02-28 20:31:25,28/02/2025 20:31,-,-,-,-,-,-,-
1529751,Logística - Despacho da Encomenda,2,-,00:00 Horas,2025-02-28 11:59:12,28/02/2025 11:59,-,28/02/2025 11:59,-,-,-,-,-
1529742,Entregas Finalizadas Fora de Manaus,8,-,-,2025-02-28 22:41:55,28/02/2025 22:41,-,-,-,-,-,-,-
1529733,Entregas Finalizadas Fora de Manaus,8,-,-,2025-02-28 15:56:24,28/02/2025 15:56,-,-,-,-,-,-,-
1529728,Entregas Finalizadas Manaus,6,-,-,2025-02-28 14:39:30,28/02/2025 14:39,-,-,-,-,-,-,-
1529726,Entregas Finalizadas Fora de Manaus,8,-,-,2025-02-28 12:58:48,28/02/2025 12:58,-,-,-,-,-,-,-
1529722,Entregas Finalizadas Fora de Manaus,8,-,-,2025-03-01 10:21:14,01/03/2025 10:21,-,-,-,-,-,-,-
1529719,Entregas Finalizadas Fora de Manaus,8,-,-,2025-02-28 12:37:43,28/02/2025 12:37,-,-,-,-,-,-,-
1529709,Entregas Finalizadas Manaus,6,-,-,2025-02-28 17:52:09,28/02/2025 17:52,-,-,-,-,-,-,-
1529707,Entregas Finalizadas Fora de Manaus,8,-,-,2025-02-28 22:40:44,28/02/2025 22:40,-,-,-,-,-,-,-
1529705,Entregas Finalizadas Fora de Manaus,8,-,-,2025-03-01 12:06:46,01/03/2025 12:06,-,-,-,-,-,-,-
1529698,Entregas Finalizadas Fora de Manaus,8,-,-,2025-03-01 11:57:18,01/03/2025 11:57,-,-,-,-,-,-,-
1529691,Canceladas,X,lojarui@mondellebrasil.com.br,-,2025-02-28 08:52:14,28/02/2025 08:52,-,-,-,-,-,-,-
1529586,Vendedor - Nova Encomenda,1,-,-,2025-02-27 19:56:03,27/02/2025 19:56,-,-,-,-,-,-,-
1529584,Entregas Finalizadas Fora de Manaus,8,-,-,2025-02-28 16:32:46,28/02/2025 16:32,-,-,-,-,-,-,-
1529570,Entregas Finalizadas Fora de Manaus,8,-,-,2025-02-28 12:35:31,28/02/2025 12:35,-,-,-,-,-,-,-
1529567,Entregas Finalizadas Fora de Manaus,8,-,-,2025-02-28 15:31:22,28/02/2025 15:31,-,-,-,-,-,-,-
1529563,Entregas Finalizadas Manaus,6,-,-,2025-02-28 19:13:38,28/02/2025 19:13,-,-,-,-,-,-,-
1529561,Entregas Finalizadas Fora de Manaus,8,-,-,2025-03-06 16:20:48,06/03/2025 16:20,-,-,-,-,-,-,-
1529559,Entregas Finalizadas Fora de Manaus,8,-,-,2025-03-01 15:43:35,01/03/2025 15:43,-,-,-,-,-,-,-
1529545,Entregas Finalizadas Fora de Manaus,8,-,-,2025-02-28 16:35:46,28/02/2025 16:35,-,-,-,-,-,-,-
1529516,Entregas Finalizadas Fora de Manaus,8,-,-,2025-02-28 16:29:09,28/02/2025 16:29,-,-,-,-,-,-,-
1529481,Entregas Finalizadas Fora de Manaus,8,-,-,2025-02-28 15:46:21,28/02/2025 15:46,-,-,-,-,-,-,-
1529470,Entregas Finalizadas Fora de Manaus,8,-,-,2025-02-28 15:42:51,28/02/2025 15:42,-,-,-,-,-,-,-
1529449,Entregas Finalizadas Manaus,6,-,-,2025-02-28 14:38:22,28/02/2025 14:38,-,-,-,-,-,-,-
1529437,Entregas Finalizadas Fora de Manaus,8,-,-,2025-03-01 09:30:26,01/03/2025 09:30,-,-,-,-,-,-,-
1529355,Entregas Finalizadas Manaus,6,-,-,2025-02-27 18:13:22,27/02/2025 18:13,-,-,-,-,-,-,-
1529316,Logística - Despacho da Encomenda,2,-,00:00 Horas,2025-02-28 11:48:04,28/02/2025 11:48,-,28/02/2025 11:48,-,-,-,-,-
1529282,Entregas Finalizadas Manaus,6,-,-,2025-02-27 18:46:37,27/02/2025 18:46,-,-,-,-,-,-,-
1529269,Entregas Finalizadas Manaus,6,-,-,2025-02-27 18:25:25,27/02/2025 18:25,-,-,-,-,-,-,-
1529183,Entregas Finalizadas Manaus,6,-,-,2025-02-27 18:27:18,27/02/2025 18:27,-,-,-,-,-,-,-
1529180,Entregas Finalizadas Fora de Manaus,8,-,-,2025-02-28 16:13:30,28/02/2025 16:13,-,-,-,-,-,-,-
1529164,Entregas Finalizadas Fora de Manaus,8,-,-,2025-02-27 20:17:35,27/02/2025 20:17,-,-,-,-,-,-,-
1529158,Entregas Finalizadas Fora de Manaus,8,-,-,2025-02-27 19:24:47,27/02/2025 19:24,-,-,-,-,-,-,-
1529156,Entregas Finalizadas Manaus,6,-,-,2025-02-27 19:25:32,27/02/2025 19:25,-,-,-,-,-,-,-
1529153,Entregas Finalizadas Manaus,6,-,-,2025-02-27 22:13:30,27/02/2025 22:13,-,-,-,-,-,-,-
1529144,Entregas Finalizadas Fora de Manaus,8,-,-,2025-02-27 21:10:47,27/02/2025 21:10,-,-,-,-,-,-,-
1529122,Entregas Finalizadas Manaus,6,-,-,2025-02-27 18:35:21,27/02/2025 18:35,-,-,-,-,-,-,-
1529081,Entregas Finalizadas Fora de Manaus,8,-,-,2025-02-27 21:12:00,27/02/2025 21:12,-,-,-,-,-,-,-
1529063,Entregas Finalizadas Fora de Manaus,8,-,-,2025-03-03 12:35:31,03/03/2025 12:35,-,-,-,-,-,-,-
1528973,Entregas Finalizadas Manaus,6,-,-,2025-02-27 18:02:36,27/02/2025 18:02,-,-,-,-,-,-,-
1528954,Entregas Finalizadas Manaus,6,-,-,2025-02-27 22:27:33,27/02/2025 22:27,-,-,-,-,-,-,-
1528935,Entregas Finalizadas Manaus,6,-,-,2025-02-27 18:59:05,27/02/2025 18:59,-,-,-,-,-,-,-
1528924,Entregas Finalizadas Fora de Manaus,8,-,-,2025-03-03 12:24:34,03/03/2025 12:24,-,-,-,-,-,-,-
1528918,Entregas Finalizadas Fora de Manaus,8,-,-,2025-02-28 16:09:19,28/02/2025 16:09,-,-,-,-,-,-,-
1528905,Entregas Finalizadas Fora de Manaus,8,-,-,2025-03-04 10:21:55,04/03/2025 10:21,-,-,-,-,-,-,-
1528903,Entregas Finalizadas Fora de Manaus,8,-,-,2025-03-06 16:29:22,06/03/2025 16:29,-,-,-,-,-,-,-
1528883,Entregas Finalizadas Fora de Manaus,8,-,-,2025-03-01 11:40:30,01/03/2025 11:40,-,-,-,-,-,-,-
1528879,Entregas Finalizadas Manaus,6,-,-,2025-02-27 15:55:55,27/02/2025 15:55,-,-,-,-,-,-,-
1528869,Entregas Finalizadas Fora de Manaus,8,-,-,2025-02-27 20:29:58,27/02/2025 20:29,-,-,-,-,-,-,-
1528862,Entregas Finalizadas Manaus,6,-,-,2025-02-28 20:05:40,28/02/2025 20:05,-,-,-,-,-,-,-
1528844,Entregas Finalizadas Fora de Manaus,8,-,-,2025-02-27 21:02:51,27/02/2025 21:02,-,-,-,-,-,-,-
1528842,Entregas Finalizadas Fora de Manaus,8,-,-,2025-02-27 20:20:07,27/02/2025 20:20,-,-,-,-,-,-,-
1528840,Entregas Finalizadas Fora de Manaus,8,-,-,2025-02-27 21:05:20,27/02/2025 21:05,-,-,-,-,-,-,-
1528778,Entregas Finalizadas Manaus,6,-,-,2025-02-27 19:02:39,27/02/2025 19:02,-,-,-,-,-,-,-
1528642,Entregas Finalizadas Fora de Manaus,8,-,-,2025-02-27 21:13:19,27/02/2025 21:13,-,-,-,-,-,-,-
1528191,Entregas Finalizadas Manaus,6,-,-,2025-02-28 17:11:24,28/02/2025 17:11,-,-,-,-,-,-,-
1528083,Entregas Finalizadas Manaus,6,-,-,2025-02-27 21:55:39,27/02/2025 21:55,-,-,-,-,-,-,-
1527874,Entregas Finalizadas Manaus,6,-,-,2025-02-27 19:56:40,27/02/2025 19:56,-,-,-,-,-,-,-
1527559,Entregas Finalizadas Manaus,6,-,-,2025-02-27 17:52:17,27/02/2025 17:52,-,-,-,-,-,-,-
1527264,Entregas Finalizadas Fora de Manaus,8,-,-,2025-02-27 20:42:17,27/02/2025 20:42,-,-,-,-,-,-,-
1527256,Entregas Finalizadas Manaus,6,-,-,2025-02-27 18:14:47,27/02/2025 18:14,-,-,-,-,-,-,-
1527245,Entregas Finalizadas Manaus,6,-,-,2025-02-27 15:01:02,27/02/2025 15:01,-,-,-,-,-,-,-
1527238,Entregas Finalizadas Fora de Manaus,8,-,-,2025-02-27 19:05:18,27/02/2025 19:05,-,-,-,-,-,-,-
1527233,Entregas Finalizadas Fora de Manaus,8,-,-,2025-02-27 14:00:07,27/02/2025 14:00,-,-,-,-,-,-,-
1527218,Entregas Finalizadas Fora de Manaus,8,-,-,2025-02-27 13:30:14,27/02/2025 13:30,-,-,-,-,-,-,-
1527215,Entregas Finalizadas Fora de Manaus,8,-,-,2025-02-27 20:46:15,27/02/2025 20:46,-,-,-,-,-,-,-
1527211,Entregas Finalizadas Manaus,6,-,-,2025-02-27 18:01:45,27/02/2025 18:01,-,-,-,-,-,-,-
1527199,Entregas Finalizadas Manaus,6,-,-,2025-02-27 20:15:34,27/02/2025 20:15,-,-,-,-,-,-,-
1527193,Entregas Finalizadas Fora de Manaus,8,-,-,2025-02-28 12:57:07,28/02/2025 12:57,-,-,-,-,-,-,-
1527180,Entregas Finalizadas Fora de Manaus,8,-,-,2025-02-27 13:12:42,27/02/2025 13:12,-,-,-,-,-,-,-
1527138,Entregas Finalizadas Fora de Manaus,8,-,-,2025-02-27 13:37:36,27/02/2025 13:37,-,-,-,-,-,-,-
1527127,Entregas Finalizadas Fora de Manaus,8,-,-,2025-02-27 13:36:20,27/02/2025 13:36,-,-,-,-,-,-,-
1527110,Entregas Finalizadas Fora de Manaus,8,-,-,2025-02-27 13:34:40,27/02/2025 13:34,-,-,-,-,-,-,-
1527031,Vendedor - Nova Encomenda,1,-,-,2025-02-26 20:02:46,26/02/2025 20:02,-,-,-,-,-,-,-
1526997,Entregas Finalizadas Fora de Manaus,8,-,-,2025-02-27 13:40:37,27/02/2025 13:40,-,-,-,-,-,-,-
1526995,Entregas Finalizadas Fora de Manaus,8,-,-,2025-02-28 10:34:58,28/02/2025 10:34,-,-,-,-,-,-,-
1526987,Entregas Finalizadas Fora de Manaus,8,-,-,2025-02-27 20:32:44,27/02/2025 20:32,-,-,-,-,-,-,-
1526976,Entregas Finalizadas Fora de Manaus,8,-,-,2025-02-27 20:23:51,27/02/2025 20:23,-,-,-,-,-,-,-
1526964,Entregas Finalizadas Manaus,6,-,-,2025-02-27 13:12:09,27/02/2025 13:12,-,-,-,-,-,-,-
1526956,Entregas Finalizadas Fora de Manaus,8,-,-,2025-03-04 10:30:13,04/03/2025 10:30,-,-,-,-,-,-,-
1526948,Entregas Finalizadas Fora de Manaus,8,-,-,2025-02-27 13:43:59,27/02/2025 13:43,-,-,-,-,-,-,-
1526945,Entregas Finalizadas Fora de Manaus,8,-,-,2025-03-01 15:35:56,01/03/2025 15:35,-,-,-,-,-,-,-
1526929,Entregas Finalizadas Manaus,6,-,-,2025-02-27 21:13:55,27/02/2025 21:13,-,-,-,-,-,-,-
1526926,Vendedor - Nova Encomenda,1,-,-,2025-02-26 17:49:47,26/02/2025 17:49,-,-,-,-,-,-,-
1526897,Entregas Finalizadas Fora de Manaus,8,-,-,2025-02-27 18:23:23,27/02/2025 18:23,-,-,-,-,-,-,-
1526883,Entregas Finalizadas Fora de Manaus,8,-,-,2025-02-27 15:02:36,27/02/2025 15:02,-,-,-,-,-,-,-
1526878,Entregas Finalizadas Fora de Manaus,8,-,-,2025-02-27 21:01:05,27/02/2025 21:01,-,-,-,-,-,-,-
1526871,Entregas Finalizadas Fora de Manaus,8,-,-,2025-02-27 20:48:59,27/02/2025 20:48,-,-,-,-,-,-,-
1526700,Entregas Finalizadas Fora de Manaus,8,-,-,2025-02-27 20:57:24,27/02/2025 20:57,-,-,-,-,-,-,-
1526653,Entregas Finalizadas Fora de Manaus,8,-,-,2025-02-27 17:41:15,27/02/2025 17:41,-,-,-,-,-,-,-
1526646,Entregas Finalizadas Fora de Manaus,8,-,-,2025-02-27 13:56:10,27/02/2025 13:56,-,-,-,-,-,-,-
1526640,Entregas Finalizadas Fora de Manaus,8,-,-,2025-02-27 15:06:48,27/02/2025 15:06,-,-,-,-,-,-,-
1526628,Entregas Finalizadas Fora de Manaus,8,-,-,2025-02-27 19:00:27,27/02/2025 19:00,-,-,-,-,-,-,-
1526612,Entregas Finalizadas Fora de Manaus,8,-,-,2025-02-27 20:35:29,27/02/2025 20:35,-,-,-,-,-,-,-
1526539,Entregas Finalizadas Fora de Manaus,8,-,-,2025-03-07 10:58:17,07/03/2025 10:58,-,-,-,-,-,-,-
1526537,Entregas Finalizadas Manaus,6,-,-,2025-02-26 17:43:02,26/02/2025 17:43,-,-,-,-,-,-,-
1526529,Entregas Finalizadas Manaus,6,-,-,2025-02-26 17:51:00,26/02/2025 17:51,-,-,-,-,-,-,-
1526527,Entregas Finalizadas Manaus,6,-,-,2025-02-26 17:16:19,26/02/2025 17:16,-,-,-,-,-,-,-
1526523,Entregas Finalizadas Manaus,6,-,-,2025-02-26 19:22:27,26/02/2025 19:22,-,-,-,-,-,-,-
1526514,Entregas Finalizadas Manaus,6,-,-,2025-02-26 18:12:54,26/02/2025 18:12,-,-,-,-,-,-,-
1526510,Vendedor - Nova Encomenda,1,-,-,2025-02-26 14:47:28,26/02/2025 14:47,-,-,-,-,-,-,-
1526461,Entregas Finalizadas Manaus,6,-,-,2025-02-26 17:37:45,26/02/2025 17:37,-,-,-,-,-,-,-
1526394,Entregas Finalizadas Fora de Manaus,8,-,-,2025-02-26 17:09:51,26/02/2025 17:09,-,-,-,-,-,-,-
1526392,Entregas Finalizadas Manaus,6,-,-,2025-02-26 19:04:56,26/02/2025 19:04,-,-,-,-,-,-,-
1526379,Entregas Finalizadas Manaus,6,-,-,2025-02-26 18:05:54,26/02/2025 18:05,-,-,-,-,-,-,-
1526372,Entregas Finalizadas Fora de Manaus,8,-,-,2025-02-26 17:39:28,26/02/2025 17:39,-,-,-,-,-,-,-
1526321,Entregas Finalizadas Manaus,6,-,-,2025-02-26 18:26:58,26/02/2025 18:26,-,-,-,-,-,-,-
1526300,Entregas Finalizadas Fora de Manaus,8,-,-,2025-02-27 20:53:05,27/02/2025 20:53,-,-,-,-,-,-,-
1526290,Entregas Finalizadas Manaus,6,-,-,2025-02-26 17:27:31,26/02/2025 17:27,-,-,-,-,-,-,-
1526236,Entregas Finalizadas Fora de Manaus,8,-,-,2025-02-26 17:40:14,26/02/2025 17:40,-,-,-,-,-,-,-
1526214,Vendedor - Nova Encomenda,1,-,-,2025-02-26 11:57:12,26/02/2025 11:57,-,-,-,-,-,-,-
1526196,Entregas Finalizadas Fora de Manaus,8,-,-,2025-02-26 20:00:19,26/02/2025 20:00,-,-,-,-,-,-,-
1526108,Entregas Finalizadas Manaus,6,-,-,2025-02-26 13:12:03,26/02/2025 13:12,-,-,-,-,-,-,-
1526060,Entregas Finalizadas Manaus,6,-,-,2025-02-26 17:02:20,26/02/2025 17:02,-,-,-,-,-,-,-
1525828,Entregas Finalizadas Fora de Manaus,8,-,-,2025-03-01 11:18:58,01/03/2025 11:18,-,-,-,-,-,-,-
1525813,Entregas Finalizadas Manaus,6,-,-,2025-02-26 18:27:41,26/02/2025 18:27,-,-,-,-,-,-,-
1525811,Entregas Finalizadas Fora de Manaus,8,-,-,2025-02-26 20:19:27,26/02/2025 20:19,-,-,-,-,-,-,-
1525797,Entregas Finalizadas Fora de Manaus,8,-,-,2025-03-07 11:00:02,07/03/2025 11:00,-,-,-,-,-,-,-
1525795,Entregas Finalizadas Manaus,6,-,-,2025-02-26 14:07:39,26/02/2025 14:07,-,-,-,-,-,-,-
1525784,Entregas Finalizadas Fora de Manaus,8,-,-,2025-02-26 12:58:08,26/02/2025 12:58,-,-,-,-,-,-,-
1525764,Entregas Finalizadas Fora de Manaus,8,-,-,2025-02-26 20:06:40,26/02/2025 20:06,-,-,-,-,-,-,-
1525657,Entregas Finalizadas Fora de Manaus,8,-,-,2025-02-26 13:31:37,26/02/2025 13:31,-,-,-,-,-,-,-
1525649,Entregas Finalizadas Fora de Manaus,8,-,-,2025-02-26 11:56:38,26/02/2025 11:56,-,-,-,-,-,-,-
1525618,Entregas Finalizadas Fora de Manaus,8,-,-,2025-02-26 19:55:56,26/02/2025 19:55,-,-,-,-,-,-,-
1525443,Entregas Finalizadas Fora de Manaus,8,-,-,2025-02-26 20:02:33,26/02/2025 20:02,-,-,-,-,-,-,-
1525411,Entregas Finalizadas Fora de Manaus,8,-,-,2025-03-01 11:20:35,01/03/2025 11:20,-,-,-,-,-,-,-
1525408,Entregas Finalizadas Fora de Manaus,8,-,-,2025-02-26 12:56:30,26/02/2025 12:56,-,-,-,-,-,-,-
1525379,Entregas Finalizadas Fora de Manaus,8,-,-,2025-02-27 13:39:07,27/02/2025 13:39,-,-,-,-,-,-,-
1525337,Entregas Finalizadas Fora de Manaus,8,-,-,2025-02-26 11:45:12,26/02/2025 11:45,-,-,-,-,-,-,-
1525313,Entregas Finalizadas Manaus,6,-,-,2025-02-26 12:57:17,26/02/2025 12:57,-,-,-,-,-,-,-
1525297,Entregas Finalizadas Fora de Manaus,8,-,-,2025-02-28 14:38:49,28/02/2025 14:38,-,-,-,-,-,-,-
1525271,Entregas Finalizadas Fora de Manaus,8,-,-,2025-02-27 20:26:58,27/02/2025 20:26,-,-,-,-,-,-,-
1525250,Entregas Finalizadas Fora de Manaus,8,-,-,2025-02-26 11:39:37,26/02/2025 11:39,-,-,-,-,-,-,-
1525244,Entregas Finalizadas Fora de Manaus,8,-,-,2025-02-26 13:35:34,26/02/2025 13:35,-,-,-,-,-,-,-
1525207,Entregas Finalizadas Fora de Manaus,8,-,-,2025-02-26 20:11:11,26/02/2025 20:11,-,-,-,-,-,-,-
1525174,Entregas Finalizadas Fora de Manaus,8,-,-,2025-03-03 15:23:20,03/03/2025 15:23,-,-,-,-,-,-,-
1525162,Entregas Finalizadas Manaus,6,-,-,2025-02-26 18:36:19,26/02/2025 18:36,-,-,-,-,-,-,-
1525094,Entregas Finalizadas Manaus,6,-,-,2025-02-25 18:25:57,25/02/2025 18:25,-,-,-,-,-,-,-
1525058,Entregas Finalizadas Fora de Manaus,8,-,-,2025-02-25 20:55:09,25/02/2025 20:55,-,-,-,-,-,-,-
1525054,Entregas Finalizadas Fora de Manaus,8,-,-,2025-02-25 20:50:35,25/02/2025 20:50,-,-,-,-,-,-,-
1525027,Entregas Finalizadas Manaus,6,-,-,2025-02-25 20:51:42,25/02/2025 20:51,-,-,-,-,-,-,-
1524999,Entregas Finalizadas Fora de Manaus,8,-,-,2025-02-26 20:13:33,26/02/2025 20:13,-,-,-,-,-,-,-
1524997,Entregas Finalizadas Fora de Manaus,8,-,-,2025-02-25 16:57:21,25/02/2025 16:57,-,-,-,-,-,-,-
1524899,Entregas Finalizadas Fora de Manaus,8,-,-,2025-02-25 16:54:30,25/02/2025 16:54,-,-,-,-,-,-,-
1524892,Entregas Finalizadas Manaus,6,-,-,2025-02-25 19:14:13,25/02/2025 19:14,-,-,-,-,-,-,-
1524884,Vendedor - Nova Encomenda,1,-,-,2025-02-25 14:43:49,25/02/2025 14:43,-,-,-,-,-,-,-
1524864,Entregas Finalizadas Fora de Manaus,8,-,-,2025-02-25 16:56:04,25/02/2025 16:56,-,-,-,-,-,-,-
1524859,Entregas Finalizadas Manaus,6,-,-,2025-02-25 16:59:01,25/02/2025 16:59,-,-,-,-,-,-,-
1524839,Entregas Finalizadas Fora de Manaus,8,-,-,2025-02-26 20:09:08,26/02/2025 20:09,-,-,-,-,-,-,-
1524833,Entregas Finalizadas Fora de Manaus,8,-,-,2025-02-25 20:52:04,25/02/2025 20:52,-,-,-,-,-,-,-
1524785,Entregas Finalizadas Fora de Manaus,8,-,-,2025-02-25 16:49:13,25/02/2025 16:49,-,-,-,-,-,-,-
1524783,Entregas Finalizadas Fora de Manaus,8,-,-,2025-02-26 19:57:21,26/02/2025 19:57,-,-,-,-,-,-,-
1524777,Entregas Finalizadas Manaus,6,-,-,2025-02-25 18:27:31,25/02/2025 18:27,-,-,-,-,-,-,-
1524769,Entregas Finalizadas Fora de Manaus,8,-,-,2025-02-25 20:39:38,25/02/2025 20:39,-,-,-,-,-,-,-
1524761,Vendedor - Nova Encomenda,1,-,-,2025-02-25 13:33:18,25/02/2025 13:33,-,-,-,-,-,-,-
1524740,Entregas Finalizadas Fora de Manaus,8,-,-,2025-02-25 20:30:32,25/02/2025 20:30,-,-,-,-,-,-,-
1524737,Entregas Finalizadas Fora de Manaus,8,-,-,2025-03-07 10:56:43,07/03/2025 10:56,-,-,-,-,-,-,-
1524731,Entregas Finalizadas Fora de Manaus,8,-,-,2025-02-25 20:32:46,25/02/2025 20:32,-,-,-,-,-,-,-
1524708,Entregas Finalizadas Fora de Manaus,8,-,-,2025-02-26 20:14:44,26/02/2025 20:14,-,-,-,-,-,-,-
1524677,Entregas Finalizadas Manaus,6,-,-,2025-02-25 15:18:51,25/02/2025 15:18,-,-,-,-,-,-,-
1524674,Entregas Finalizadas Fora de Manaus,8,-,-,2025-02-26 12:54:56,26/02/2025 12:54,-,-,-,-,-,-,-
1524655,Entregas Finalizadas Manaus,6,-,-,2025-02-25 18:38:46,25/02/2025 18:38,-,-,-,-,-,-,-
1524650,Entregas Finalizadas Fora de Manaus,8,-,-,2025-02-25 20:28:56,25/02/2025 20:28,-,-,-,-,-,-,-
1524628,Entregas Finalizadas Manaus,6,-,-,2025-02-25 19:31:57,25/02/2025 19:31,-,-,-,-,-,-,-
1524550,Entregas Finalizadas Fora de Manaus,8,-,-,2025-02-25 14:52:17,25/02/2025 14:52,-,-,-,-,-,-,-
1524544,Entregas Finalizadas Fora de Manaus,8,-,-,2025-02-25 16:54:57,25/02/2025 16:54,-,-,-,-,-,-,-
1524510,Entregas Finalizadas Fora de Manaus,8,-,-,2025-02-26 20:17:05,26/02/2025 20:17,-,-,-,-,-,-,-
1524499,Entregas Finalizadas Fora de Manaus,8,-,-,2025-02-26 13:06:21,26/02/2025 13:06,-,-,-,-,-,-,-
1524491,Entregas Finalizadas Fora de Manaus,8,-,-,2025-02-26 14:56:01,26/02/2025 14:56,-,-,-,-,-,-,-
1524477,Entregas Finalizadas Fora de Manaus,8,-,-,2025-02-25 20:58:27,25/02/2025 20:58,-,-,-,-,-,-,-
1524421,Entregas Finalizadas Fora de Manaus,8,-,-,2025-02-25 17:00:49,25/02/2025 17:00,-,-,-,-,-,-,-
1524391,Entregas Finalizadas Fora de Manaus,8,-,-,2025-02-25 14:09:10,25/02/2025 14:09,-,-,-,-,-,-,-
1524375,Entregas Finalizadas Manaus,6,-,-,2025-02-25 13:44:14,25/02/2025 13:44,-,-,-,-,-,-,-
1524337,Entregas Finalizadas Fora de Manaus,8,-,-,2025-02-26 19:59:03,26/02/2025 19:59,-,-,-,-,-,-,-
1524332,Entregas Finalizadas Fora de Manaus,8,-,-,2025-02-25 11:39:55,25/02/2025 11:39,-,-,-,-,-,-,-
1524311,Entregas Finalizadas Fora de Manaus,8,-,-,2025-02-26 10:48:22,26/02/2025 10:48,-,-,-,-,-,-,-
1524308,Entregas Finalizadas Fora de Manaus,8,-,-,2025-02-25 13:26:37,25/02/2025 13:26,-,-,-,-,-,-,-
1524306,Entregas Finalizadas Fora de Manaus,8,-,-,2025-02-25 13:28:19,25/02/2025 13:28,-,-,-,-,-,-,-
1524299,Entregas Finalizadas Manaus,6,-,-,2025-02-25 13:43:25,25/02/2025 13:43,-,-,-,-,-,-,-
1523920,Entregas Finalizadas Fora de Manaus,8,-,-,2025-02-26 19:54:21,26/02/2025 19:54,-,-,-,-,-,-,-
1523894,Entregas Finalizadas Fora de Manaus,8,-,-,2025-02-25 15:03:23,25/02/2025 15:03,-,-,-,-,-,-,-
1523884,Entregas Finalizadas Fora de Manaus,8,-,-,2025-02-25 13:38:58,25/02/2025 13:38,-,-,-,-,-,-,-
1523877,Entregas Finalizadas Fora de Manaus,8,-,-,2025-02-25 14:49:29,25/02/2025 14:49,-,-,-,-,-,-,-
1523847,Entregas Finalizadas Fora de Manaus,8,-,-,2025-02-25 20:59:42,25/02/2025 20:59,-,-,-,-,-,-,-
1523827,Entregas Finalizadas Fora de Manaus,8,-,-,2025-02-25 20:49:09,25/02/2025 20:49,-,-,-,-,-,-,-
1523750,Entregas Finalizadas Fora de Manaus,8,-,-,2025-02-25 20:47:11,25/02/2025 20:47,-,-,-,-,-,-,-
1523746,Entregas Finalizadas Fora de Manaus,8,-,-,2025-02-25 12:29:30,25/02/2025 12:29,-,-,-,-,-,-,-
1523744,Entregas Finalizadas Fora de Manaus,8,-,-,2025-02-25 13:10:05,25/02/2025 13:10,-,-,-,-,-,-,-
1523734,Entregas Finalizadas Fora de Manaus,8,-,-,2025-02-25 21:01:52,25/02/2025 21:01,-,-,-,-,-,-,-
1523732,Entregas Finalizadas Fora de Manaus,8,-,-,2025-02-25 14:47:47,25/02/2025 14:47,-,-,-,-,-,-,-
1523727,Vendedor - Nova Encomenda,1,-,-,2025-02-24 16:48:28,24/02/2025 16:48,-,-,-,-,-,-,-
1523717,Vendedor - Nova Encomenda,1,-,-,2025-02-24 16:43:35,24/02/2025 16:43,-,-,-,-,-,-,-
1523625,Entregas Finalizadas Fora de Manaus,8,-,-,2025-03-07 10:46:45,07/03/2025 10:46,-,-,-,-,-,-,-
1523570,Entregas Finalizadas Fora de Manaus,8,-,-,2025-02-25 07:47:03,25/02/2025 07:47,-,-,-,-,-,-,-
1523542,Entregas Finalizadas Manaus,6,-,-,2025-02-24 18:27:40,24/02/2025 18:27,-,-,-,-,-,-,-
1523517,Entregas Finalizadas Manaus,6,-,-,2025-02-26 17:57:58,26/02/2025 17:57,-,-,-,-,-,-,-
1523506,Entregas Finalizadas Fora de Manaus,8,-,-,2025-02-25 07:40:32,25/02/2025 07:40,-,-,-,-,-,-,-
1523489,Entregas Finalizadas Manaus,6,-,-,2025-02-24 19:45:09,24/02/2025 19:45,-,-,-,-,-,-,-
1523443,Entregas Finalizadas Manaus,6,-,-,2025-02-24 17:11:29,24/02/2025 17:11,-,-,-,-,-,-,-
1523418,Entregas Finalizadas Manaus,6,-,-,2025-02-24 18:27:02,24/02/2025 18:27,-,-,-,-,-,-,-
1523403,Entregas Finalizadas Manaus,6,-,-,2025-02-24 18:19:35,24/02/2025 18:19,-,-,-,-,-,-,-
1523396,Entregas Finalizadas Manaus,6,-,-,2025-02-24 18:04:39,24/02/2025 18:04,-,-,-,-,-,-,-
1523379,Entregas Finalizadas Fora de Manaus,8,-,-,2025-02-26 13:10:44,26/02/2025 13:10,-,-,-,-,-,-,-
1523362,Entregas Finalizadas Fora de Manaus,8,-,-,2025-02-26 12:53:33,26/02/2025 12:53,-,-,-,-,-,-,-
1523351,Entregas Finalizadas Manaus,6,-,-,2025-02-24 17:36:47,24/02/2025 17:36,-,-,-,-,-,-,-
1523348,Entregas Finalizadas Manaus,6,-,-,2025-02-25 16:43:39,25/02/2025 16:43,-,-,-,-,-,-,-
1523344,Entregas Finalizadas Fora de Manaus,8,-,-,2025-02-24 22:33:07,24/02/2025 22:33,-,-,-,-,-,-,-
1523303,Entregas Finalizadas Manaus,6,-,-,2025-02-24 18:18:25,24/02/2025 18:18,-,-,-,-,-,-,-
1523292,Entregas Finalizadas Fora de Manaus,8,-,-,2025-02-24 22:31:44,24/02/2025 22:31,-,-,-,-,-,-,-
1523286,Entregas Finalizadas Fora de Manaus,8,-,-,2025-02-24 17:06:23,24/02/2025 17:06,-,-,-,-,-,-,-
1523283,Entregas Finalizadas Fora de Manaus,8,-,-,2025-02-25 07:45:39,25/02/2025 07:45,-,-,-,-,-,-,-
1523271,Entregas Finalizadas Fora de Manaus,8,-,-,2025-03-07 10:44:31,07/03/2025 10:44,-,-,-,-,-,-,-
1523263,Entregas Finalizadas Fora de Manaus,8,-,-,2025-02-25 07:39:06,25/02/2025 07:39,-,-,-,-,-,-,-
1523256,Entregas Finalizadas Fora de Manaus,8,-,-,2025-02-24 17:09:32,24/02/2025 17:09,-,-,-,-,-,-,-
1523207,Entregas Finalizadas Fora de Manaus,8,-,-,2025-02-25 12:36:45,25/02/2025 12:36,-,-,-,-,-,-,-
1523195,Entregas Finalizadas Manaus,6,-,-,2025-02-24 22:34:01,24/02/2025 22:34,-,-,-,-,-,-,-
1523181,Entregas Finalizadas Manaus,6,-,-,2025-02-24 19:46:47,24/02/2025 19:46,-,-,-,-,-,-,-
1523165,Entregas Finalizadas Manaus,6,-,-,2025-02-24 17:33:23,24/02/2025 17:33,-,-,-,-,-,-,-
1523149,Entregas Finalizadas Manaus,6,-,-,2025-02-24 17:47:12,24/02/2025 17:47,-,-,-,-,-,-,-
1523120,Entregas Finalizadas Fora de Manaus,8,-,-,2025-02-24 19:31:41,24/02/2025 19:31,-,-,-,-,-,-,-
1523012,Entregas Finalizadas Manaus,6,-,-,2025-02-24 13:02:58,24/02/2025 13:02,-,-,-,-,-,-,-
1522947,Entregas Finalizadas Manaus,6,-,-,2025-02-24 20:16:38,24/02/2025 20:16,-,-,-,-,-,-,-
1522945,Entregas Finalizadas Fora de Manaus,8,-,-,2025-02-25 07:51:00,25/02/2025 07:51,-,-,-,-,-,-,-
1522835,Entregas Finalizadas Fora de Manaus,8,-,-,2025-02-24 13:40:05,24/02/2025 13:40,-,-,-,-,-,-,-
1522831,Entregas Finalizadas Fora de Manaus,8,-,-,2025-02-26 13:33:39,26/02/2025 13:33,-,-,-,-,-,-,-
1522828,Entregas Finalizadas Fora de Manaus,8,-,-,2025-02-25 07:37:17,25/02/2025 07:37,-,-,-,-,-,-,-
1522817,Entregas Finalizadas Fora de Manaus,8,-,-,2025-02-27 10:22:43,27/02/2025 10:22,-,-,-,-,-,-,-
1522782,Entregas Finalizadas Fora de Manaus,8,-,-,2025-02-24 13:29:07,24/02/2025 13:29,-,-,-,-,-,-,-
1522768,Entregas Finalizadas Fora de Manaus,8,-,-,2025-02-25 12:47:16,25/02/2025 12:47,-,-,-,-,-,-,-
1522723,Entregas Finalizadas Fora de Manaus,8,-,-,2025-02-24 13:35:02,24/02/2025 13:35,-,-,-,-,-,-,-
1522692,Entregas Finalizadas Fora de Manaus,8,-,-,2025-02-24 14:39:44,24/02/2025 14:39,-,-,-,-,-,-,-
1522046,Entregas Finalizadas Fora de Manaus,8,-,-,2025-02-25 07:35:43,25/02/2025 07:35,-,-,-,-,-,-,-
1521910,Entregas Finalizadas Fora de Manaus,8,-,-,2025-02-22 15:51:30,22/02/2025 15:51,-,-,-,-,-,-,-
1521884,Entregas Finalizadas Manaus,6,-,-,2025-02-22 14:08:20,22/02/2025 14:08,-,-,-,-,-,-,-
1521880,Vendedor - Nova Encomenda,1,-,-,2025-02-22 11:09:28,22/02/2025 11:09,-,-,-,-,-,-,-
1521877,Entregas Finalizadas Manaus,6,-,-,2025-02-22 13:46:04,22/02/2025 13:46,-,-,-,-,-,-,-
1521855,Entregas Finalizadas Manaus,6,-,-,2025-02-22 12:46:08,22/02/2025 12:46,-,-,-,-,-,-,-
1521851,Entregas Finalizadas Manaus,6,-,-,2025-02-22 13:14:13,22/02/2025 13:14,-,-,-,-,-,-,-
1521847,Entregas Finalizadas Fora de Manaus,8,-,-,2025-02-22 13:04:45,22/02/2025 13:04,-,-,-,-,-,-,-
1521841,Entregas Finalizadas Manaus,6,-,-,2025-02-22 13:00:40,22/02/2025 13:00,-,-,-,-,-,-,-
1521834,Entregas Finalizadas Manaus,6,-,-,2025-02-22 13:13:14,22/02/2025 13:13,-,-,-,-,-,-,-
1521824,Vendedor - Nova Encomenda,1,-,-,2025-02-22 10:19:09,22/02/2025 10:19,-,-,-,-,-,-,-
1521751,Entregas Pendente - Retorno para Logística,4,-,-,2025-02-24 16:18:25,24/02/2025 16:18,-,-,-,-,-,-,-
1521742,Entregas Finalizadas Fora de Manaus,8,-,-,2025-02-25 12:44:43,25/02/2025 12:44,-,-,-,-,-,-,-
1521668,Entregas Finalizadas Fora de Manaus,8,-,-,2025-02-22 12:15:59,22/02/2025 12:15,-,-,-,-,-,-,-
1521611,Entregas Finalizadas Manaus,6,-,-,2025-02-22 15:20:16,22/02/2025 15:20,-,-,-,-,-,-,-
1521603,Entregas Finalizadas Manaus,6,-,-,2025-02-22 16:09:30,22/02/2025 16:09,-,-,-,-,-,-,-
1521570,Entregas Finalizadas Fora de Manaus,8,-,-,2025-02-24 12:52:44,24/02/2025 12:52,-,-,-,-,-,-,-
1521551,Entregas Finalizadas Fora de Manaus,8,-,-,2025-02-22 12:42:06,22/02/2025 12:42,-,-,-,-,-,-,-
1521538,Entregas Finalizadas Manaus,6,-,-,2025-02-22 16:00:36,22/02/2025 16:00,-,-,-,-,-,-,-
1521533,Entregas Finalizadas Fora de Manaus,8,-,-,2025-02-24 13:01:06,24/02/2025 13:01,-,-,-,-,-,-,-
1521525,Entregas Finalizadas Fora de Manaus,8,-,-,2025-02-24 13:44:55,24/02/2025 13:44,-,-,-,-,-,-,-
1521517,Entregas Finalizadas Manaus,6,-,-,2025-02-22 15:04:29,22/02/2025 15:04,-,-,-,-,-,-,-
1521493,Entregas Finalizadas Fora de Manaus,8,-,-,2025-02-22 13:15:51,22/02/2025 13:15,-,-,-,-,-,-,-
1521481,Entregas Finalizadas Manaus,6,-,-,2025-02-22 13:30:14,22/02/2025 13:30,-,-,-,-,-,-,-
1521466,Entregas Finalizadas Manaus,6,-,-,2025-02-24 17:12:09,24/02/2025 17:12,-,-,-,-,-,-,-
1521460,Vendedor - Nova Encomenda,1,-,-,2025-02-21 17:21:42,21/02/2025 17:21,-,-,-,-,-,-,-
1521451,Entregas Finalizadas Manaus,6,-,-,2025-02-22 15:05:30,22/02/2025 15:05,-,-,-,-,-,-,-
1521400,Entregas Finalizadas Manaus,6,-,-,2025-02-22 19:26:17,22/02/2025 19:26,-,-,-,-,-,-,-
1521379,Entregas Finalizadas Manaus,6,-,-,2025-02-21 18:17:31,21/02/2025 18:17,-,-,-,-,-,-,-
1521337,Entregas Finalizadas Fora de Manaus,8,-,-,2025-02-22 13:50:13,22/02/2025 13:50,-,-,-,-,-,-,-
1521331,Entregas Finalizadas Fora de Manaus,8,-,-,2025-02-21 21:09:02,21/02/2025 21:09,-,-,-,-,-,-,-
1521325,Entregas Finalizadas Manaus,6,-,-,2025-02-21 17:59:55,21/02/2025 17:59,-,-,-,-,-,-,-
1521316,Entregas Finalizadas Manaus,6,-,-,2025-02-21 18:12:37,21/02/2025 18:12,-,-,-,-,-,-,-
1521247,Entregas Finalizadas Fora de Manaus,8,-,-,2025-02-25 17:53:50,25/02/2025 17:53,-,-,-,-,-,-,-
1521236,Entregas Finalizadas Manaus,6,-,-,2025-02-22 14:35:29,22/02/2025 14:35,-,-,-,-,-,-,-
1521202,Entregas Finalizadas Manaus,6,-,-,2025-02-21 17:28:18,21/02/2025 17:28,-,-,-,-,-,-,-
1521200,Entregas Finalizadas Manaus,6,-,-,2025-02-21 17:58:02,21/02/2025 17:58,-,-,-,-,-,-,-
1521176,Entregas Finalizadas Fora de Manaus,8,-,-,2025-02-21 21:07:40,21/02/2025 21:07,-,-,-,-,-,-,-
1521152,Entregas Finalizadas Fora de Manaus,8,-,-,2025-02-21 20:54:05,21/02/2025 20:54,-,-,-,-,-,-,-
1521150,Entregas Finalizadas Manaus,6,-,-,2025-02-21 17:55:32,21/02/2025 17:55,-,-,-,-,-,-,-
1521148,Entregas Finalizadas Fora de Manaus,8,-,-,2025-02-22 11:41:59,22/02/2025 11:41,-,-,-,-,-,-,-
1521115,Vendedor - Nova Encomenda,1,-,-,2025-02-21 14:03:22,21/02/2025 14:03,-,-,-,-,-,-,-
1521052,Entregas Finalizadas Manaus,6,-,-,2025-02-21 19:38:28,21/02/2025 19:38,-,-,-,-,-,-,-
1521015,Entregas Finalizadas Fora de Manaus,8,-,-,2025-02-21 20:58:01,21/02/2025 20:58,-,-,-,-,-,-,-
1520987,Entregas Finalizadas Fora de Manaus,8,-,-,2025-02-21 13:49:44,21/02/2025 13:49,-,-,-,-,-,-,-
1520984,Entregas Finalizadas Fora de Manaus,8,-,-,2025-02-25 07:53:07,25/02/2025 07:53,-,-,-,-,-,-,-
1520979,Entregas Finalizadas Fora de Manaus,8,-,-,2025-02-22 12:21:58,22/02/2025 12:21,-,-,-,-,-,-,-
1520949,Entregas Finalizadas Fora de Manaus,8,-,-,2025-02-24 13:49:34,24/02/2025 13:49,-,-,-,-,-,-,-
1520940,Entregas Finalizadas Fora de Manaus,8,-,-,2025-02-21 19:19:23,21/02/2025 19:19,-,-,-,-,-,-,-
1520930,Entregas Finalizadas Manaus,6,-,-,2025-02-21 15:43:57,21/02/2025 15:43,-,-,-,-,-,-,-
1520919,Entregas Finalizadas Fora de Manaus,8,-,-,2025-02-24 10:45:55,24/02/2025 10:45,-,-,-,-,-,-,-
1520912,Entregas Finalizadas Fora de Manaus,8,-,-,2025-02-22 13:34:55,22/02/2025 13:34,-,-,-,-,-,-,-
1520892,Entregas Finalizadas Fora de Manaus,8,-,-,2025-02-21 20:59:44,21/02/2025 20:59,-,-,-,-,-,-,-
1520887,Entregas Finalizadas Fora de Manaus,8,-,-,2025-02-21 20:56:38,21/02/2025 20:56,-,-,-,-,-,-,-
1520859,Entregas Finalizadas Fora de Manaus,8,-,-,2025-02-21 21:12:31,21/02/2025 21:12,-,-,-,-,-,-,-
1520853,Entregas Finalizadas Fora de Manaus,8,-,-,2025-02-21 20:52:37,21/02/2025 20:52,-,-,-,-,-,-,-
1520848,Entregas Finalizadas Fora de Manaus,8,-,-,2025-02-24 13:37:46,24/02/2025 13:37,-,-,-,-,-,-,-
1520836,Entregas Finalizadas Fora de Manaus,8,-,-,2025-02-24 12:45:27,24/02/2025 12:45,-,-,-,-,-,-,-
1520600,Entregas Finalizadas Fora de Manaus,8,-,-,2025-02-21 20:51:03,21/02/2025 20:51,-,-,-,-,-,-,-
1520595,Entregas Finalizadas Fora de Manaus,8,-,-,2025-02-21 11:37:54,21/02/2025 11:37,-,-,-,-,-,-,-
1520588,Entregas Finalizadas Manaus,6,-,-,2025-02-21 13:30:02,21/02/2025 13:30,-,-,-,-,-,-,-
1520569,Entregas Finalizadas Fora de Manaus,8,-,-,2025-02-21 21:14:01,21/02/2025 21:14,-,-,-,-,-,-,-
1520557,Entregas Finalizadas Fora de Manaus,8,-,-,2025-02-21 19:12:32,21/02/2025 19:12,-,-,-,-,-,-,-
1520407,Entregas Finalizadas Fora de Manaus,8,-,-,2025-02-21 21:02:27,21/02/2025 21:02,-,-,-,-,-,-,-
1520400,Entregas Finalizadas Fora de Manaus,8,-,-,2025-02-21 14:59:08,21/02/2025 14:59,-,-,-,-,-,-,-
1520389,Entregas Finalizadas Fora de Manaus,8,-,-,2025-02-21 13:51:28,21/02/2025 13:51,-,-,-,-,-,-,-
1520249,Vendedor - Nova Encomenda,1,-,-,2025-02-20 19:24:51,20/02/2025 19:24,-,-,-,-,-,-,-
1520214,Entregas Finalizadas Fora de Manaus,8,-,-,2025-02-21 13:06:12,21/02/2025 13:06,-,-,-,-,-,-,-
1520191,Vendedor - Nova Encomenda,1,-,-,2025-02-20 18:30:44,20/02/2025 18:30,-,-,-,-,-,-,-
1520162,Entregas Finalizadas Fora de Manaus,8,-,-,2025-02-24 14:08:26,24/02/2025 14:08,-,-,-,-,-,-,-
1520135,Entregas Finalizadas Fora de Manaus,8,-,-,2025-02-21 15:04:37,21/02/2025 15:04,-,-,-,-,-,-,-
1520130,Entregas Finalizadas Manaus,6,-,-,2025-02-21 15:50:45,21/02/2025 15:50,-,-,-,-,-,-,-
1520052,Entregas Finalizadas Fora de Manaus,8,-,-,2025-02-20 17:55:33,20/02/2025 17:55,-,-,-,-,-,-,-
1520007,Entregas Finalizadas Fora de Manaus,8,-,-,2025-02-21 13:04:27,21/02/2025 13:04,-,-,-,-,-,-,-
1519956,Entregas Finalizadas Fora de Manaus,8,-,-,2025-02-20 17:52:41,20/02/2025 17:52,-,-,-,-,-,-,-
1519949,Entregas Finalizadas Fora de Manaus,8,-,-,2025-05-09 19:30:19,09/05/2025 19:30,-,-,-,-,-,-,-
1519940,Entregas Finalizadas Fora de Manaus,8,-,-,2025-02-20 17:16:54,20/02/2025 17:16,-,-,-,-,-,-,-
1519881,Entregas Finalizadas Fora de Manaus,8,-,-,2025-02-21 13:08:23,21/02/2025 13:08,-,-,-,-,-,-,-
1519866,Entregas Finalizadas Fora de Manaus,8,-,-,2025-02-24 13:39:03,24/02/2025 13:39,-,-,-,-,-,-,-
1519852,Entregas Finalizadas Manaus,6,-,-,2025-02-20 17:12:34,20/02/2025 17:12,-,-,-,-,-,-,-
1519818,Entregas Finalizadas Manaus,6,-,-,2025-02-20 17:08:37,20/02/2025 17:08,-,-,-,-,-,-,-
1519808,Entregas Finalizadas Manaus,6,-,-,2025-02-20 19:18:08,20/02/2025 19:18,-,-,-,-,-,-,-
1519803,Entregas Finalizadas Fora de Manaus,8,-,-,2025-02-21 12:20:19,21/02/2025 12:20,-,-,-,-,-,-,-
1519735,Entregas Finalizadas Fora de Manaus,8,-,-,2025-02-20 18:16:42,20/02/2025 18:16,-,-,-,-,-,-,-
1519723,Entregas Finalizadas Manaus,6,-,-,2025-02-20 17:43:53,20/02/2025 17:43,-,-,-,-,-,-,-
1519721,Entregas Finalizadas Fora de Manaus,8,-,-,2025-02-20 17:08:13,20/02/2025 17:08,-,-,-,-,-,-,-
1519717,Entregas Finalizadas Fora de Manaus,8,-,-,2025-02-20 15:05:10,20/02/2025 15:05,-,-,-,-,-,-,-
1519700,Entregas Finalizadas Fora de Manaus,8,-,-,2025-02-20 15:06:55,20/02/2025 15:06,-,-,-,-,-,-,-
1519661,Entregas Finalizadas Fora de Manaus,8,-,-,2025-02-20 16:58:37,20/02/2025 16:58,-,-,-,-,-,-,-
1519579,Entregas Finalizadas Manaus,6,-,-,2025-02-20 18:47:33,20/02/2025 18:47,-,-,-,-,-,-,-
1519567,Entregas Finalizadas Manaus,6,-,-,2025-02-20 14:23:50,20/02/2025 14:23,-,-,-,-,-,-,-
1519551,Entregas Finalizadas Manaus,6,-,-,2025-02-20 19:15:49,20/02/2025 19:15,-,-,-,-,-,-,-
1519545,Entregas Finalizadas Manaus,6,-,-,2025-02-20 17:04:53,20/02/2025 17:04,-,-,-,-,-,-,-
1519525,Entregas Finalizadas Fora de Manaus,8,-,-,2025-02-20 18:08:19,20/02/2025 18:08,-,-,-,-,-,-,-
1519493,Entregas Finalizadas Fora de Manaus,8,-,-,2025-02-20 18:14:35,20/02/2025 18:14,-,-,-,-,-,-,-
1519449,Entregas Finalizadas Fora de Manaus,8,-,-,2025-02-20 17:16:59,20/02/2025 17:16,-,-,-,-,-,-,-
1519439,Entregas Finalizadas Fora de Manaus,8,-,-,2025-02-20 15:03:58,20/02/2025 15:03,-,-,-,-,-,-,-
1519433,Entregas Finalizadas Fora de Manaus,8,-,-,2025-02-24 13:41:11,24/02/2025 13:41,-,-,-,-,-,-,-
1519026,Entregas Finalizadas Fora de Manaus,8,-,-,2025-02-20 17:36:08,20/02/2025 17:36,-,-,-,-,-,-,-
1517165,Entregas Finalizadas Fora de Manaus,8,-,-,2025-02-20 13:19:16,20/02/2025 13:19,-,-,-,-,-,-,-
1516681,Entregas Finalizadas Manaus,6,-,-,2025-02-20 18:46:09,20/02/2025 18:46,-,-,-,-,-,-,-
1516672,Entregas Finalizadas Fora de Manaus,8,-,-,2025-02-20 18:00:16,20/02/2025 18:00,-,-,-,-,-,-,-
1516658,Entregas Finalizadas Fora de Manaus,8,-,-,2025-02-20 12:39:23,20/02/2025 12:39,-,-,-,-,-,-,-
1516653,Entregas Finalizadas Fora de Manaus,8,-,-,2025-02-20 18:34:12,20/02/2025 18:34,-,-,-,-,-,-,-
1516411,Logística - Despacho da Encomenda,2,-,00:00 Horas,2025-02-22 11:50:41,22/02/2025 11:50,-,22/02/2025 11:50,-,-,-,-,-
1516402,Entregas Finalizadas Fora de Manaus,8,-,-,2025-02-21 15:12:26,21/02/2025 15:12,-,-,-,-,-,-,-
1516390,Entregas Finalizadas Manaus,6,-,-,2025-02-20 14:22:13,20/02/2025 14:22,-,-,-,-,-,-,-
1516377,Entregas Finalizadas Fora de Manaus,8,-,-,2025-02-20 13:21:06,20/02/2025 13:21,-,-,-,-,-,-,-
1516357,Entregas Finalizadas Manaus,6,-,-,2025-02-20 19:43:36,20/02/2025 19:43,-,-,-,-,-,-,-
1516254,Entregas Finalizadas Manaus,6,-,-,2025-02-20 15:40:24,20/02/2025 15:40,-,-,-,-,-,-,-
1516252,Entregas Finalizadas Fora de Manaus,8,-,-,2025-02-20 18:37:10,20/02/2025 18:37,-,-,-,-,-,-,-
1516245,Canceladas,X,lojarui@mondellebrasil.com.br,-,2025-02-19 16:41:23,19/02/2025 16:41,-,-,-,-,-,-,-
1516213,Entregas Finalizadas Manaus,6,-,-,2025-02-20 17:29:25,20/02/2025 17:29,-,-,-,-,-,-,-
1516208,Entregas Finalizadas Manaus,6,-,-,2025-02-19 19:17:48,19/02/2025 19:17,-,-,-,-,-,-,-
1516198,Entregas Finalizadas Fora de Manaus,8,-,-,2025-02-20 14:29:11,20/02/2025 14:29,-,-,-,-,-,-,-
1516195,Entregas Finalizadas Fora de Manaus,8,-,-,2025-02-20 13:24:54,20/02/2025 13:24,-,-,-,-,-,-,-
1516188,Entregas Finalizadas Fora de Manaus,8,-,-,2025-02-19 16:58:54,19/02/2025 16:58,-,-,-,-,-,-,-
1516184,Entregas Finalizadas Fora de Manaus,8,-,-,2025-02-20 13:22:19,20/02/2025 13:22,-,-,-,-,-,-,-
1516117,Entregas Finalizadas Fora de Manaus,8,-,-,2025-02-20 11:41:07,20/02/2025 11:41,-,-,-,-,-,-,-
1516060,Logística - Despacho da Encomenda,2,-,00:00 Horas,2025-02-20 10:18:19,20/02/2025 10:18,-,20/02/2025 10:18,-,-,-,-,-
1516002,Entregas Finalizadas Manaus,6,-,-,2025-02-19 16:50:18,19/02/2025 16:50,-,-,-,-,-,-,-
1515890,Entregas Finalizadas Fora de Manaus,8,-,-,2025-02-19 17:18:48,19/02/2025 17:18,-,-,-,-,-,-,-
1515868,Entregas Finalizadas Fora de Manaus,8,-,-,2025-02-19 15:19:44,19/02/2025 15:19,-,-,-,-,-,-,-
1515849,Entregas Finalizadas Manaus,6,-,-,2025-02-19 17:36:12,19/02/2025 17:36,-,-,-,-,-,-,-
1515846,Entregas Finalizadas Fora de Manaus,8,-,-,2025-02-24 13:46:20,24/02/2025 13:46,-,-,-,-,-,-,-
1515792,Entregas Finalizadas Fora de Manaus,8,-,-,2025-02-20 10:40:42,20/02/2025 10:40,-,-,-,-,-,-,-
1515783,Vendedor - Nova Encomenda,1,-,-,2025-02-19 12:53:28,19/02/2025 12:53,-,-,-,-,-,-,-
1515730,Entregas Finalizadas Fora de Manaus,8,-,-,2025-02-20 16:59:03,20/02/2025 16:59,-,-,-,-,-,-,-
1515718,Entregas Finalizadas Fora de Manaus,8,-,-,2025-02-19 17:41:37,19/02/2025 17:41,-,-,-,-,-,-,-
1515708,Entregas Finalizadas Fora de Manaus,8,-,-,2025-02-20 14:26:46,20/02/2025 14:26,-,-,-,-,-,-,-
1515687,Entregas Finalizadas Fora de Manaus,8,-,-,2025-02-19 16:53:50,19/02/2025 16:53,-,-,-,-,-,-,-
1515682,Vendedor - Nova Encomenda,1,-,-,2025-02-19 11:50:38,19/02/2025 11:50,-,-,-,-,-,-,-
1515673,Vendedor - Nova Encomenda,1,-,-,2025-02-19 11:47:05,19/02/2025 11:47,-,-,-,-,-,-,-
1515661,Entregas Finalizadas Fora de Manaus,8,-,-,2025-02-19 17:34:30,19/02/2025 17:34,-,-,-,-,-,-,-
1515587,Entregas Finalizadas Manaus,6,-,-,2025-02-19 13:09:10,19/02/2025 13:09,-,-,-,-,-,-,-
1515558,Entregas Finalizadas Fora de Manaus,8,-,-,2025-02-21 15:13:39,21/02/2025 15:13,-,-,-,-,-,-,-
1514740,Entregas Finalizadas Fora de Manaus,8,-,-,2025-02-19 17:37:30,19/02/2025 17:37,-,-,-,-,-,-,-
1514676,Entregas Finalizadas Fora de Manaus,8,-,-,2025-02-19 17:31:11,19/02/2025 17:31,-,-,-,-,-,-,-
1514498,Entregas Finalizadas Fora de Manaus,8,-,-,2025-02-19 13:00:24,19/02/2025 13:00,-,-,-,-,-,-,-
1514496,Entregas Finalizadas Fora de Manaus,8,-,-,2025-02-19 13:11:02,19/02/2025 13:11,-,-,-,-,-,-,-
1514261,Entregas Finalizadas Manaus,6,-,-,2025-02-19 14:14:32,19/02/2025 14:14,-,-,-,-,-,-,-
1514235,Entregas Finalizadas Manaus,6,-,-,2025-02-19 17:51:52,19/02/2025 17:51,-,-,-,-,-,-,-
1514232,Entregas Finalizadas Fora de Manaus,8,-,-,2025-02-19 16:26:20,19/02/2025 16:26,-,-,-,-,-,-,-
1514226,Entregas Finalizadas Fora de Manaus,8,-,-,2025-02-19 18:03:28,19/02/2025 18:03,-,-,-,-,-,-,-
1514222,Entregas Finalizadas Fora de Manaus,8,-,-,2025-02-19 18:15:08,19/02/2025 18:15,-,-,-,-,-,-,-
1514216,Entregas Finalizadas Fora de Manaus,8,-,-,2025-02-19 12:55:58,19/02/2025 12:55,-,-,-,-,-,-,-
1514189,Entregas Finalizadas Fora de Manaus,8,-,-,2025-02-20 13:08:50,20/02/2025 13:08,-,-,-,-,-,-,-
1514157,Entregas Finalizadas Fora de Manaus,8,-,-,2025-02-19 14:33:50,19/02/2025 14:33,-,-,-,-,-,-,-
1514095,Entregas Finalizadas Fora de Manaus,8,-,-,2025-02-19 18:05:43,19/02/2025 18:05,-,-,-,-,-,-,-
1513953,Entregas Finalizadas Fora de Manaus,8,-,-,2025-02-18 17:47:05,18/02/2025 17:47,-,-,-,-,-,-,-
1513925,Entregas Finalizadas Fora de Manaus,8,-,-,2025-02-18 21:27:07,18/02/2025 21:27,-,-,-,-,-,-,-
1513915,Entregas Finalizadas Manaus,6,-,-,2025-02-19 13:50:07,19/02/2025 13:50,-,-,-,-,-,-,-
1513826,Entregas Finalizadas Fora de Manaus,8,-,-,2025-02-18 17:55:37,18/02/2025 17:55,-,-,-,-,-,-,-
1513818,Entregas Finalizadas Manaus,6,-,-,2025-02-18 20:29:22,18/02/2025 20:29,-,-,-,-,-,-,-
1513768,Entregas Finalizadas Manaus,6,-,-,2025-02-18 18:09:19,18/02/2025 18:09,-,-,-,-,-,-,-
1513693,Entregas Finalizadas Manaus,6,-,-,2025-02-18 18:25:01,18/02/2025 18:25,-,-,-,-,-,-,-
1513666,Entregas Finalizadas Manaus,6,-,-,2025-02-18 17:30:50,18/02/2025 17:30,-,-,-,-,-,-,-
1513641,Entregas Finalizadas Fora de Manaus,8,-,-,2025-02-20 11:11:24,20/02/2025 11:11,-,-,-,-,-,-,-
1513592,Entregas Finalizadas Manaus,6,-,-,2025-02-18 18:53:09,18/02/2025 18:53,-,-,-,-,-,-,-
1513559,Entregas Finalizadas Fora de Manaus,8,-,-,2025-02-18 21:18:44,18/02/2025 21:18,-,-,-,-,-,-,-
1513556,Entregas Finalizadas Manaus,6,-,-,2025-02-18 17:56:51,18/02/2025 17:56,-,-,-,-,-,-,-
1513464,Entregas Finalizadas Fora de Manaus,8,-,-,2025-02-21 15:03:08,21/02/2025 15:03,-,-,-,-,-,-,-
1513416,Entregas Finalizadas Fora de Manaus,8,-,-,2025-02-20 11:06:04,20/02/2025 11:06,-,-,-,-,-,-,-
1513358,Entregas Finalizadas Fora de Manaus,8,-,-,2025-02-18 21:17:25,18/02/2025 21:17,-,-,-,-,-,-,-
1513330,Entregas Finalizadas Manaus,6,-,-,2025-02-18 15:02:28,18/02/2025 15:02,-,-,-,-,-,-,-
1513309,Entregas Finalizadas Manaus,6,-,-,2025-02-18 19:16:25,18/02/2025 19:16,-,-,-,-,-,-,-
1513225,Entregas Finalizadas Manaus,6,-,-,2025-02-18 20:06:00,18/02/2025 20:06,-,-,-,-,-,-,-
1513213,Entregas Finalizadas Manaus,6,-,-,2025-02-18 19:02:56,18/02/2025 19:02,-,-,-,-,-,-,-
1513192,Entregas Finalizadas Fora de Manaus,8,-,-,2025-02-18 21:25:41,18/02/2025 21:25,-,-,-,-,-,-,-
1513175,Entregas Finalizadas Fora de Manaus,8,-,-,2025-02-18 14:26:48,18/02/2025 14:26,-,-,-,-,-,-,-
1513146,Entregas Finalizadas Manaus,6,-,-,2025-02-18 19:44:59,18/02/2025 19:44,-,-,-,-,-,-,-
1513123,Entregas Finalizadas Fora de Manaus,8,-,-,2025-02-18 17:17:06,18/02/2025 17:17,-,-,-,-,-,-,-
1513119,Entregas Finalizadas Fora de Manaus,8,-,-,2025-02-18 12:45:45,18/02/2025 12:45,-,-,-,-,-,-,-
1513099,Entregas Finalizadas Fora de Manaus,8,-,-,2025-02-18 17:45:17,18/02/2025 17:45,-,-,-,-,-,-,-
1513087,Entregas Finalizadas Fora de Manaus,8,-,-,2025-02-19 14:27:58,19/02/2025 14:27,-,-,-,-,-,-,-
1513060,Entregas Finalizadas Fora de Manaus,8,-,-,2025-02-18 12:43:06,18/02/2025 12:43,-,-,-,-,-,-,-
1513053,Entregas Finalizadas Fora de Manaus,8,-,-,2025-02-21 19:39:56,21/02/2025 19:39,-,-,-,-,-,-,-
1513046,Entregas Finalizadas Fora de Manaus,8,-,-,2025-02-18 12:44:18,18/02/2025 12:44,-,-,-,-,-,-,-
1513014,Entregas Finalizadas Fora de Manaus,8,-,-,2025-02-18 12:47:37,18/02/2025 12:47,-,-,-,-,-,-,-
1512969,Entregas Finalizadas Fora de Manaus,8,-,-,2025-02-18 21:30:55,18/02/2025 21:30,-,-,-,-,-,-,-
1512921,Entregas Finalizadas Fora de Manaus,8,-,-,2025-02-19 10:56:18,19/02/2025 10:56,-,-,-,-,-,-,-
1512914,Entregas Finalizadas Fora de Manaus,8,-,-,2025-02-18 12:34:46,18/02/2025 12:34,-,-,-,-,-,-,-
1512836,Entregas Finalizadas Fora de Manaus,8,-,-,2025-02-18 13:32:13,18/02/2025 13:32,-,-,-,-,-,-,-
1512832,Entregas Finalizadas Fora de Manaus,8,-,-,2025-02-18 13:29:50,18/02/2025 13:29,-,-,-,-,-,-,-
1512827,Entregas Finalizadas Fora de Manaus,8,-,-,2025-02-19 14:30:17,19/02/2025 14:30,-,-,-,-,-,-,-
1512825,Entregas Finalizadas Fora de Manaus,8,-,-,2025-02-18 21:29:12,18/02/2025 21:29,-,-,-,-,-,-,-
1512823,Entregas Finalizadas Manaus,6,-,-,2025-02-18 20:15:37,18/02/2025 20:15,-,-,-,-,-,-,-
1512692,Entregas Finalizadas Manaus,6,-,-,2025-02-18 15:43:28,18/02/2025 15:43,-,-,-,-,-,-,-
1512682,Entregas Finalizadas Fora de Manaus,8,-,-,2025-03-07 10:42:31,07/03/2025 10:42,-,-,-,-,-,-,-
1512674,Vendedor - Nova Encomenda,1,-,-,2025-02-17 18:05:35,17/02/2025 18:05,-,-,-,-,-,-,-
1512671,Vendedor - Nova Encomenda,1,-,-,2025-02-17 18:04:47,17/02/2025 18:04,-,-,-,-,-,-,-
1512666,Entregas Finalizadas Fora de Manaus,8,-,-,2025-02-18 17:14:38,18/02/2025 17:14,-,-,-,-,-,-,-
1512657,Entregas Finalizadas Fora de Manaus,8,-,-,2025-02-19 14:36:12,19/02/2025 14:36,-,-,-,-,-,-,-
1512654,Entregas Finalizadas Manaus,6,-,-,2025-02-20 14:53:34,20/02/2025 14:53,-,-,-,-,-,-,-
1512633,Entregas Finalizadas Manaus,6,-,-,2025-02-18 14:40:59,18/02/2025 14:40,-,-,-,-,-,-,-
1512619,Entregas Finalizadas Fora de Manaus,8,-,-,2025-03-07 10:40:55,07/03/2025 10:40,-,-,-,-,-,-,-
1512570,Entregas Finalizadas Fora de Manaus,8,-,-,2025-02-18 21:23:48,18/02/2025 21:23,-,-,-,-,-,-,-
1512537,Entregas Finalizadas Manaus,6,-,-,2025-02-18 18:51:18,18/02/2025 18:51,-,-,-,-,-,-,-
1512492,Entregas Finalizadas Fora de Manaus,8,-,-,2025-02-19 14:44:41,19/02/2025 14:44,-,-,-,-,-,-,-
1512489,Vendedor - Nova Encomenda,1,-,-,2025-02-17 16:51:51,17/02/2025 16:51,-,-,-,-,-,-,-
1512477,Entregas Finalizadas Fora de Manaus,8,-,-,2025-02-19 15:14:17,19/02/2025 15:14,-,-,-,-,-,-,-
1512470,Entregas Finalizadas Fora de Manaus,8,-,-,2025-02-18 14:38:07,18/02/2025 14:38,-,-,-,-,-,-,-
1512424,Entregas Finalizadas Manaus,6,-,-,2025-02-17 17:25:04,17/02/2025 17:25,-,-,-,-,-,-,-
1512387,Entregas Finalizadas Fora de Manaus,8,-,-,2025-02-18 12:54:09,18/02/2025 12:54,-,-,-,-,-,-,-
1512385,Entregas Finalizadas Manaus,6,-,-,2025-02-17 18:33:17,17/02/2025 18:33,-,-,-,-,-,-,-
1512354,Entregas Finalizadas Fora de Manaus,8,-,-,2025-02-19 14:40:51,19/02/2025 14:40,-,-,-,-,-,-,-
1512350,Entregas Finalizadas Fora de Manaus,8,-,-,2025-02-18 13:12:18,18/02/2025 13:12,-,-,-,-,-,-,-
1512337,Entregas Finalizadas Fora de Manaus,8,-,-,2025-02-18 17:14:08,18/02/2025 17:14,-,-,-,-,-,-,-
1512314,Entregas Finalizadas Manaus,6,-,-,2025-02-18 13:27:14,18/02/2025 13:27,-,-,-,-,-,-,-
1512264,Entregas Finalizadas Fora de Manaus,8,-,-,2025-02-17 18:03:36,17/02/2025 18:03,-,-,-,-,-,-,-
1512252,Entregas Finalizadas Manaus,6,-,-,2025-02-17 17:10:30,17/02/2025 17:10,-,-,-,-,-,-,-
1512222,Entregas Finalizadas Manaus,6,-,-,2025-02-18 14:46:49,18/02/2025 14:46,-,-,-,-,-,-,-
1512198,Entregas Finalizadas Fora de Manaus,8,-,-,2025-02-17 18:07:47,17/02/2025 18:07,-,-,-,-,-,-,-
1512139,Entregas Finalizadas Fora de Manaus,8,-,-,2025-02-17 18:27:51,17/02/2025 18:27,-,-,-,-,-,-,-
1512109,Entregas Finalizadas Manaus,6,-,-,2025-02-18 17:43:59,18/02/2025 17:43,-,-,-,-,-,-,-
1512094,Entregas Finalizadas Manaus,6,-,-,2025-02-17 17:43:29,17/02/2025 17:43,-,-,-,-,-,-,-
1512091,Entregas Finalizadas Fora de Manaus,8,-,-,2025-02-17 14:36:40,17/02/2025 14:36,-,-,-,-,-,-,-
1512069,Entregas Finalizadas Manaus,6,-,-,2025-02-17 18:11:32,17/02/2025 18:11,-,-,-,-,-,-,-
1512058,Vendedor - Nova Encomenda,1,-,-,2025-02-17 13:18:46,17/02/2025 13:18,-,-,-,-,-,-,-
1512014,Entregas Finalizadas Manaus,6,-,-,2025-02-17 19:41:56,17/02/2025 19:41,-,-,-,-,-,-,-
1512009,Entregas Finalizadas Manaus,6,-,-,2025-02-17 15:57:44,17/02/2025 15:57,-,-,-,-,-,-,-
1512004,Entregas Finalizadas Manaus,6,-,-,2025-02-17 14:48:07,17/02/2025 14:48,-,-,-,-,-,-,-
1511969,Entregas Finalizadas Manaus,6,-,-,2025-02-17 18:01:15,17/02/2025 18:01,-,-,-,-,-,-,-
1511966,Vendedor - Nova Encomenda,1,-,-,2025-02-17 12:27:11,17/02/2025 12:27,-,-,-,-,-,-,-
1511931,Entregas Finalizadas Manaus,6,-,-,2025-02-17 14:52:21,17/02/2025 14:52,-,-,-,-,-,-,-
1511845,Entregas Finalizadas Fora de Manaus,8,-,-,2025-02-17 11:54:21,17/02/2025 11:54,-,-,-,-,-,-,-
1511798,Entregas Finalizadas Fora de Manaus,8,-,-,2025-02-17 17:20:01,17/02/2025 17:20,-,-,-,-,-,-,-
1511751,Entregas Finalizadas Fora de Manaus,8,-,-,2025-02-17 12:30:30,17/02/2025 12:30,-,-,-,-,-,-,-
1511749,Entregas Finalizadas Fora de Manaus,8,-,-,2025-02-17 18:22:58,17/02/2025 18:22,-,-,-,-,-,-,-
1511731,Entregas Finalizadas Fora de Manaus,8,-,-,2025-02-18 10:24:03,18/02/2025 10:24,-,-,-,-,-,-,-
1511725,Entregas Finalizadas Fora de Manaus,8,-,-,2025-02-17 14:08:00,17/02/2025 14:08,-,-,-,-,-,-,-
1511436,Entregas Finalizadas Manaus,6,-,-,2025-02-17 17:16:21,17/02/2025 17:16,-,-,-,-,-,-,-
1511418,Entregas Finalizadas Fora de Manaus,8,-,-,2025-02-19 15:12:20,19/02/2025 15:12,-,-,-,-,-,-,-
1511005,Entregas Finalizadas Fora de Manaus,8,-,-,2025-02-17 17:46:29,17/02/2025 17:46,-,-,-,-,-,-,-
1510834,Entregas Finalizadas Fora de Manaus,8,-,-,2025-02-17 12:36:13,17/02/2025 12:36,-,-,-,-,-,-,-
1510807,Entregas Finalizadas Fora de Manaus,8,-,-,2025-02-17 14:50:31,17/02/2025 14:50,-,-,-,-,-,-,-
1510784,Entregas Finalizadas Fora de Manaus,8,-,-,2025-02-17 14:38:23,17/02/2025 14:38,-,-,-,-,-,-,-
1510775,Entregas Finalizadas Fora de Manaus,8,-,-,2025-02-17 17:07:57,17/02/2025 17:07,-,-,-,-,-,-,-
1510759,Entregas Finalizadas Manaus,6,-,-,2025-02-15 13:53:51,15/02/2025 13:53,-,-,-,-,-,-,-
1510743,Entregas Finalizadas Manaus,6,-,-,2025-02-15 14:07:13,15/02/2025 14:07,-,-,-,-,-,-,-
1510736,Entregas Finalizadas Manaus,6,-,-,2025-02-15 15:22:00,15/02/2025 15:22,-,-,-,-,-,-,-
1510727,Entregas Finalizadas Manaus,6,-,-,2025-02-15 14:09:14,15/02/2025 14:09,-,-,-,-,-,-,-
1510715,Entregas Finalizadas Manaus,6,-,-,2025-02-15 14:17:03,15/02/2025 14:17,-,-,-,-,-,-,-
1510671,Entregas Finalizadas Fora de Manaus,8,-,-,2025-02-17 12:28:52,17/02/2025 12:28,-,-,-,-,-,-,-
1510645,Entregas Finalizadas Manaus,6,-,-,2025-02-15 15:02:41,15/02/2025 15:02,-,-,-,-,-,-,-
1510631,Entregas Finalizadas Manaus,6,-,-,2025-02-15 15:15:01,15/02/2025 15:15,-,-,-,-,-,-,-
1510622,Entregas Finalizadas Manaus,6,-,-,2025-02-15 13:43:35,15/02/2025 13:43,-,-,-,-,-,-,-
1510603,Entregas Finalizadas Manaus,6,-,-,2025-02-15 14:48:09,15/02/2025 14:48,-,-,-,-,-,-,-
1510587,Entregas Finalizadas Fora de Manaus,8,-,-,2025-02-17 14:02:14,17/02/2025 14:02,-,-,-,-,-,-,-
1510586,Entregas Finalizadas Fora de Manaus,8,-,-,2025-02-15 20:58:54,15/02/2025 20:58,-,-,-,-,-,-,-
1510355,Entregas Finalizadas Fora de Manaus,8,-,-,2025-02-15 14:27:13,15/02/2025 14:27,-,-,-,-,-,-,-
1510207,Logística - Despacho da Encomenda,2,-,00:00 Horas,2025-02-17 17:15:45,17/02/2025 17:15,-,17/02/2025 17:15,-,-,-,-,-
1510192,Entregas Finalizadas Fora de Manaus,8,-,-,2025-02-15 14:39:00,15/02/2025 14:39,-,-,-,-,-,-,-
1510067,Entregas Finalizadas Manaus,6,-,-,2025-02-15 13:25:46,15/02/2025 13:25,-,-,-,-,-,-,-
1510033,Logística - Despacho da Encomenda,2,-,00:00 Horas,2025-02-15 11:54:06,15/02/2025 11:54,-,15/02/2025 11:54,-,-,-,-,-
1510026,Entregas Finalizadas Fora de Manaus,8,-,-,2025-02-15 14:30:46,15/02/2025 14:30,-,-,-,-,-,-,-
1509994,Entregas Finalizadas Manaus,6,-,-,2025-02-15 13:40:30,15/02/2025 13:40,-,-,-,-,-,-,-
1509967,Entregas Finalizadas Manaus,6,-,-,2025-02-17 15:38:18,17/02/2025 15:38,-,-,-,-,-,-,-
1509920,Entregas Finalizadas Fora de Manaus,8,-,-,2025-02-15 12:52:12,15/02/2025 12:52,-,-,-,-,-,-,-
1509911,Entregas Finalizadas Fora de Manaus,8,-,-,2025-02-14 19:25:44,14/02/2025 19:25,-,-,-,-,-,-,-
1509908,Entregas Finalizadas Fora de Manaus,8,-,-,2025-02-17 13:31:21,17/02/2025 13:31,-,-,-,-,-,-,-
1509903,Vendedor - Nova Encomenda,1,-,-,2025-02-14 16:49:35,14/02/2025 16:49,-,-,-,-,-,-,-
1509890,Entregas Finalizadas Fora de Manaus,8,-,-,2025-02-18 17:02:05,18/02/2025 17:02,-,-,-,-,-,-,-
1509883,Entregas Finalizadas Fora de Manaus,8,-,-,2025-02-18 21:20:43,18/02/2025 21:20,-,-,-,-,-,-,-
1509877,Vendedor - Nova Encomenda,1,-,-,2025-02-14 16:37:55,14/02/2025 16:37,-,-,-,-,-,-,-
1509866,Vendedor - Nova Encomenda,1,-,-,2025-02-14 16:34:22,14/02/2025 16:34,-,-,-,-,-,-,-
1509796,Entregas Finalizadas Fora de Manaus,8,-,-,2025-02-15 21:00:31,15/02/2025 21:00,-,-,-,-,-,-,-
1509750,Logística - Despacho da Encomenda,2,-,00:00 Horas,2025-02-14 17:37:49,14/02/2025 17:37,-,14/02/2025 17:37,-,-,-,-,-
1509732,Entregas Finalizadas Manaus,6,-,-,2025-02-14 18:08:41,14/02/2025 18:08,-,-,-,-,-,-,-
1509720,Entregas Finalizadas Fora de Manaus,8,-,-,2025-02-14 23:28:22,14/02/2025 23:28,-,-,-,-,-,-,-
1509665,Entregas Finalizadas Fora de Manaus,8,-,-,2025-02-14 17:39:02,14/02/2025 17:39,-,-,-,-,-,-,-
1509647,Entregas Finalizadas Manaus,6,-,-,2025-02-14 19:11:57,14/02/2025 19:11,-,-,-,-,-,-,-
1509608,Entregas Finalizadas Fora de Manaus,8,-,-,2025-02-18 13:10:46,18/02/2025 13:10,-,-,-,-,-,-,-
1509598,Entregas Finalizadas Manaus,6,-,-,2025-02-14 18:25:37,14/02/2025 18:25,-,-,-,-,-,-,-
1509592,Entregas Finalizadas Manaus,6,-,-,2025-02-14 19:51:39,14/02/2025 19:51,-,-,-,-,-,-,-
1509579,Entregas Finalizadas Fora de Manaus,8,-,-,2025-02-15 21:02:02,15/02/2025 21:02,-,-,-,-,-,-,-
1509560,Vendedor - Nova Encomenda,1,-,-,2025-02-14 13:37:04,14/02/2025 13:37,-,-,-,-,-,-,-
1509510,Entregas Finalizadas Fora de Manaus,8,-,-,2025-02-14 23:46:21,14/02/2025 23:46,-,-,-,-,-,-,-
1509505,Entregas Finalizadas Fora de Manaus,8,-,-,2025-02-17 12:40:12,17/02/2025 12:40,-,-,-,-,-,-,-
1509502,Entregas Finalizadas Manaus,6,-,-,2025-02-14 15:04:14,14/02/2025 15:04,-,-,-,-,-,-,-
1509489,Entregas Finalizadas Manaus,6,-,-,2025-02-14 14:54:07,14/02/2025 14:54,-,-,-,-,-,-,-
1509484,Entregas Finalizadas Fora de Manaus,8,-,-,2025-02-17 14:01:16,17/02/2025 14:01,-,-,-,-,-,-,-
1509481,Entregas Finalizadas Manaus,6,-,-,2025-02-14 19:10:39,14/02/2025 19:10,-,-,-,-,-,-,-
1509472,Entregas Finalizadas Manaus,6,-,-,2025-02-14 20:42:16,14/02/2025 20:42,-,-,-,-,-,-,-
1509462,Entregas Finalizadas Manaus,6,-,-,2025-02-14 19:20:11,14/02/2025 19:20,-,-,-,-,-,-,-
1509455,Entregas Finalizadas Manaus,6,-,-,2025-02-14 20:25:00,14/02/2025 20:25,-,-,-,-,-,-,-
1509448,Entregas Finalizadas Manaus,6,-,-,2025-02-14 20:01:56,14/02/2025 20:01,-,-,-,-,-,-,-
1509415,Entregas Finalizadas Manaus,6,-,-,2025-02-14 17:04:54,14/02/2025 17:04,-,-,-,-,-,-,-
1509411,Entregas Finalizadas Manaus,6,-,-,2025-02-14 17:28:57,14/02/2025 17:28,-,-,-,-,-,-,-
1509376,Entregas Finalizadas Manaus,6,-,-,2025-02-14 17:45:17,14/02/2025 17:45,-,-,-,-,-,-,-
1509356,Entregas Finalizadas Fora de Manaus,8,-,-,2025-02-17 12:36:57,17/02/2025 12:36,-,-,-,-,-,-,-
1509346,Entregas Finalizadas Fora de Manaus,8,-,-,2025-02-17 13:58:04,17/02/2025 13:58,-,-,-,-,-,-,-
1509335,Entregas Finalizadas Manaus,6,-,-,2025-02-14 17:01:52,14/02/2025 17:01,-,-,-,-,-,-,-
1509318,Entregas Finalizadas Fora de Manaus,8,-,-,2025-02-15 14:35:29,15/02/2025 14:35,-,-,-,-,-,-,-
1509266,Entregas Finalizadas Fora de Manaus,8,-,-,2025-02-17 14:31:29,17/02/2025 14:31,-,-,-,-,-,-,-
1509255,Entregas Finalizadas Manaus,6,-,-,2025-02-14 17:54:29,14/02/2025 17:54,-,-,-,-,-,-,-
1509252,Entregas Finalizadas Fora de Manaus,8,-,-,2025-02-14 12:57:25,14/02/2025 12:57,-,-,-,-,-,-,-
1509246,Entregas Finalizadas Fora de Manaus,8,-,-,2025-02-14 23:33:47,14/02/2025 23:33,-,-,-,-,-,-,-
1509218,Entregas Finalizadas Fora de Manaus,8,-,-,2025-02-14 23:27:05,14/02/2025 23:27,-,-,-,-,-,-,-
1509195,Vendedor - Nova Encomenda,1,-,-,2025-02-14 10:23:20,14/02/2025 10:23,-,-,-,-,-,-,-
1509079,Entregas Finalizadas Fora de Manaus,8,-,-,2025-02-14 23:40:05,14/02/2025 23:40,-,-,-,-,-,-,-
1509059,Entregas Finalizadas Manaus,6,-,-,2025-02-14 17:45:39,14/02/2025 17:45,-,-,-,-,-,-,-
1508851,Entregas Finalizadas Fora de Manaus,8,-,-,2025-02-14 23:32:33,14/02/2025 23:32,-,-,-,-,-,-,-
1508793,Entregas Finalizadas Manaus,6,-,-,2025-02-14 15:03:45,14/02/2025 15:03,-,-,-,-,-,-,-
1508780,Entregas Finalizadas Fora de Manaus,8,-,-,2025-02-14 23:36:55,14/02/2025 23:36,-,-,-,-,-,-,-
1508759,Entregas Finalizadas Manaus,6,-,-,2025-02-14 13:48:17,14/02/2025 13:48,-,-,-,-,-,-,-
1508685,Entregas Finalizadas Manaus,6,-,-,2025-02-14 13:54:45,14/02/2025 13:54,-,-,-,-,-,-,-
1508525,Entregas Finalizadas Fora de Manaus,8,-,-,2025-02-14 17:37:06,14/02/2025 17:37,-,-,-,-,-,-,-
1508497,Entregas Finalizadas Fora de Manaus,8,-,-,2025-02-14 23:30:03,14/02/2025 23:30,-,-,-,-,-,-,-
1508316,Entregas Finalizadas Manaus,6,-,-,2025-02-13 19:00:37,13/02/2025 19:00,-,-,-,-,-,-,-
1508311,Entregas Finalizadas Manaus,6,-,-,2025-02-13 17:43:44,13/02/2025 17:43,-,-,-,-,-,-,-
1508279,Vendedor - Nova Encomenda,1,-,-,2025-02-13 15:13:13,13/02/2025 15:13,-,-,-,-,-,-,-
1508268,Entregas Finalizadas Fora de Manaus,8,-,-,2025-02-15 12:32:18,15/02/2025 12:32,-,-,-,-,-,-,-
1508262,Entregas Finalizadas Manaus,6,-,-,2025-02-14 14:22:47,14/02/2025 14:22,-,-,-,-,-,-,-
1508260,Vendedor - Nova Encomenda,1,-,-,2025-02-13 15:04:03,13/02/2025 15:04,-,-,-,-,-,-,-
1508252,Entregas Finalizadas Fora de Manaus,8,-,-,2025-02-13 17:21:42,13/02/2025 17:21,-,-,-,-,-,-,-
1508247,Entregas Finalizadas Fora de Manaus,8,-,-,2025-02-14 13:17:18,14/02/2025 13:17,-,-,-,-,-,-,-
1508232,Entregas Finalizadas Fora de Manaus,8,-,-,2025-02-13 16:53:34,13/02/2025 16:53,-,-,-,-,-,-,-
1508215,Entregas Finalizadas Manaus,6,-,-,2025-02-13 19:16:51,13/02/2025 19:16,-,-,-,-,-,-,-
1508199,Entregas Finalizadas Fora de Manaus,8,-,-,2025-02-13 18:22:15,13/02/2025 18:22,-,-,-,-,-,-,-
1508193,Entregas Finalizadas Manaus,6,-,-,2025-02-13 17:59:59,13/02/2025 17:59,-,-,-,-,-,-,-
1508182,Vendedor - Nova Encomenda,1,-,-,2025-02-13 14:14:05,13/02/2025 14:14,-,-,-,-,-,-,-
1508158,Entregas Finalizadas Fora de Manaus,8,-,-,2025-02-13 21:07:07,13/02/2025 21:07,-,-,-,-,-,-,-
1508154,Entregas Finalizadas Manaus,6,-,-,2025-02-13 17:54:58,13/02/2025 17:54,-,-,-,-,-,-,-
1508106,Entregas Finalizadas Fora de Manaus,8,-,-,2025-02-13 18:53:47,13/02/2025 18:53,-,-,-,-,-,-,-
1508075,Entregas Finalizadas Manaus,6,-,-,2025-02-13 15:36:26,13/02/2025 15:36,-,-,-,-,-,-,-
1508064,Entregas Finalizadas Fora de Manaus,8,-,-,2025-02-13 16:58:19,13/02/2025 16:58,-,-,-,-,-,-,-
1508051,Entregas Finalizadas Fora de Manaus,8,-,-,2025-02-14 13:02:09,14/02/2025 13:02,-,-,-,-,-,-,-
1508027,Entregas Finalizadas Fora de Manaus,8,-,-,2025-02-14 09:38:45,14/02/2025 09:38,-,-,-,-,-,-,-
1508025,Entregas Finalizadas Manaus,6,-,-,2025-02-13 18:30:54,13/02/2025 18:30,-,-,-,-,-,-,-
1508022,Vendedor - Nova Encomenda,1,-,-,2025-02-13 12:39:50,13/02/2025 12:39,-,-,-,-,-,-,-
1508000,Entregas Finalizadas Manaus,6,-,-,2025-02-13 15:08:37,13/02/2025 15:08,-,-,-,-,-,-,-
1507980,Entregas Finalizadas Manaus,6,-,-,2025-02-13 15:00:47,13/02/2025 15:00,-,-,-,-,-,-,-
1507966,Vendedor - Nova Encomenda,1,-,-,2025-02-13 12:13:01,13/02/2025 12:13,-,-,-,-,-,-,-
1507958,Entregas Finalizadas Fora de Manaus,8,-,-,2025-02-13 15:47:58,13/02/2025 15:47,-,-,-,-,-,-,-
1507938,Entregas Finalizadas Fora de Manaus,8,-,-,2025-02-14 13:19:59,14/02/2025 13:19,-,-,-,-,-,-,-
1507929,Entregas Finalizadas Fora de Manaus,8,-,-,2025-02-13 17:58:55,13/02/2025 17:58,-,-,-,-,-,-,-
1507916,Entregas Finalizadas Fora de Manaus,8,-,-,2025-02-14 10:30:46,14/02/2025 10:30,-,-,-,-,-,-,-
1507901,Entregas Finalizadas Fora de Manaus,8,-,-,2025-02-13 16:55:40,13/02/2025 16:55,-,-,-,-,-,-,-
1507898,Entregas Finalizadas Fora de Manaus,8,-,-,2025-02-13 18:55:29,13/02/2025 18:55,-,-,-,-,-,-,-
1507879,Vendedor - Nova Encomenda,1,-,-,2025-02-13 11:34:03,13/02/2025 11:34,-,-,-,-,-,-,-
1507871,Vendedor - Nova Encomenda,1,-,-,2025-02-13 11:31:22,13/02/2025 11:31,-,-,-,-,-,-,-
1507867,Entregas Finalizadas Manaus,6,-,-,2025-02-13 18:44:29,13/02/2025 18:44,-,-,-,-,-,-,-
1507819,Entregas Finalizadas Fora de Manaus,8,-,-,2025-02-14 13:21:10,14/02/2025 13:21,-,-,-,-,-,-,-
1507799,Entregas Finalizadas Manaus,6,-,-,2025-02-13 17:20:19,13/02/2025 17:20,-,-,-,-,-,-,-
1507789,Entregas Finalizadas Manaus,6,-,-,2025-02-13 17:41:51,13/02/2025 17:41,-,-,-,-,-,-,-
1507771,Entregas Finalizadas Fora de Manaus,8,-,-,2025-02-14 13:15:01,14/02/2025 13:15,-,-,-,-,-,-,-
1507767,Entregas Finalizadas Fora de Manaus,8,-,-,2025-02-13 15:55:28,13/02/2025 15:55,-,-,-,-,-,-,-
1507742,Entregas Finalizadas Fora de Manaus,8,-,-,2025-02-13 13:20:32,13/02/2025 13:20,-,-,-,-,-,-,-
1507626,Entregas Finalizadas Fora de Manaus,8,-,-,2025-02-13 17:55:14,13/02/2025 17:55,-,-,-,-,-,-,-
1507552,Entregas Finalizadas Fora de Manaus,8,-,-,2025-02-13 21:18:47,13/02/2025 21:18,-,-,-,-,-,-,-
1507550,Entregas Finalizadas Fora de Manaus,8,-,-,2025-02-13 18:34:53,13/02/2025 18:34,-,-,-,-,-,-,-
1507547,Entregas Finalizadas Fora de Manaus,8,-,-,2025-02-13 18:19:09,13/02/2025 18:19,-,-,-,-,-,-,-
1507530,Entregas Finalizadas Fora de Manaus,8,-,-,2025-02-13 16:17:38,13/02/2025 16:17,-,-,-,-,-,-,-
1507507,Entregas Finalizadas Fora de Manaus,8,-,-,2025-02-13 16:46:56,13/02/2025 16:46,-,-,-,-,-,-,-
1507498,Entregas Finalizadas Manaus,6,-,-,2025-02-13 20:02:43,13/02/2025 20:02,-,-,-,-,-,-,-
1507496,Entregas Finalizadas Fora de Manaus,8,-,-,2025-02-13 16:06:49,13/02/2025 16:06,-,-,-,-,-,-,-
1507487,Entregas Finalizadas Fora de Manaus,8,-,-,2025-02-14 23:35:10,14/02/2025 23:35,-,-,-,-,-,-,-
1507484,Entregas Finalizadas Manaus,6,-,-,2025-02-13 15:19:48,13/02/2025 15:19,-,-,-,-,-,-,-
1507462,Entregas Finalizadas Fora de Manaus,8,-,-,2025-02-13 18:51:52,13/02/2025 18:51,-,-,-,-,-,-,-
1507435,Entregas Finalizadas Fora de Manaus,8,-,-,2025-02-13 21:09:39,13/02/2025 21:09,-,-,-,-,-,-,-
1507413,Entregas Finalizadas Fora de Manaus,8,-,-,2025-02-13 13:23:38,13/02/2025 13:23,-,-,-,-,-,-,-
1507345,Entregas Finalizadas Fora de Manaus,8,-,-,2025-02-13 14:56:11,13/02/2025 14:56,-,-,-,-,-,-,-
1507269,Entregas Finalizadas Fora de Manaus,8,-,-,2025-02-14 12:53:57,14/02/2025 12:53,-,-,-,-,-,-,-
1507229,Entregas Finalizadas Fora de Manaus,8,-,-,2025-02-13 21:04:30,13/02/2025 21:04,-,-,-,-,-,-,-
1507225,Entregas Finalizadas Fora de Manaus,8,-,-,2025-02-13 17:54:04,13/02/2025 17:54,-,-,-,-,-,-,-
1507219,Entregas Finalizadas Fora de Manaus,8,-,-,2025-02-13 20:48:58,13/02/2025 20:48,-,-,-,-,-,-,-
1507179,Entregas Finalizadas Fora de Manaus,8,-,-,2025-02-13 16:00:51,13/02/2025 16:00,-,-,-,-,-,-,-
1507169,Entregas Finalizadas Manaus,6,-,-,2025-02-13 11:24:34,13/02/2025 11:24,-,-,-,-,-,-,-
1507161,Entregas Finalizadas Fora de Manaus,8,-,-,2025-02-14 23:48:25,14/02/2025 23:48,-,-,-,-,-,-,-
1507148,Entregas Finalizadas Manaus,6,-,-,2025-02-13 13:35:23,13/02/2025 13:35,-,-,-,-,-,-,-
1507110,Entregas Finalizadas Fora de Manaus,8,-,-,2025-02-13 16:50:23,13/02/2025 16:50,-,-,-,-,-,-,-
1507105,Entregas Finalizadas Fora de Manaus,8,-,-,2025-02-13 17:52:42,13/02/2025 17:52,-,-,-,-,-,-,-
1506898,Entregas Finalizadas Manaus,6,-,-,2025-02-12 18:40:26,12/02/2025 18:40,-,-,-,-,-,-,-
1506885,Logística - Despacho da Encomenda,2,-,00:00 Horas,2025-02-12 16:38:13,12/02/2025 16:38,-,12/02/2025 16:38,-,-,-,-,-
1506838,Entregas Finalizadas Manaus,6,-,-,2025-02-12 17:13:36,12/02/2025 17:13,-,-,-,-,-,-,-
1506831,Entregas Finalizadas Manaus,6,-,-,2025-02-12 18:29:44,12/02/2025 18:29,-,-,-,-,-,-,-
1506829,Entregas Finalizadas Fora de Manaus,8,-,-,2025-02-13 14:00:04,13/02/2025 14:00,-,-,-,-,-,-,-
1506809,Entregas Finalizadas Manaus,6,-,-,2025-02-12 17:28:43,12/02/2025 17:28,-,-,-,-,-,-,-
1506775,Entregas Finalizadas Manaus,6,-,-,2025-02-12 17:15:57,12/02/2025 17:15,-,-,-,-,-,-,-
1506767,Entregas Finalizadas Fora de Manaus,8,-,-,2025-02-12 17:48:31,12/02/2025 17:48,-,-,-,-,-,-,-
1506765,Entregas Finalizadas Manaus,6,-,-,2025-02-12 20:42:51,12/02/2025 20:42,-,-,-,-,-,-,-
1506717,Entregas Finalizadas Manaus,6,-,-,2025-02-12 18:52:17,12/02/2025 18:52,-,-,-,-,-,-,-
1506686,Entregas Finalizadas Fora de Manaus,8,-,-,2025-02-13 16:41:09,13/02/2025 16:41,-,-,-,-,-,-,-
1506673,Entregas Finalizadas Manaus,6,-,-,2025-02-12 17:41:43,12/02/2025 17:41,-,-,-,-,-,-,-
1506616,Vendedor - Nova Encomenda,1,-,-,2025-02-12 13:17:16,12/02/2025 13:17,-,-,-,-,-,-,-
1506583,Vendedor - Nova Encomenda,1,-,-,2025-02-12 13:00:17,12/02/2025 13:00,-,-,-,-,-,-,-
1506570,Entregas Finalizadas Fora de Manaus,8,-,-,2025-02-14 12:28:51,14/02/2025 12:28,-,-,-,-,-,-,-
1506549,Entregas Finalizadas Manaus,6,-,-,2025-02-12 20:45:55,12/02/2025 20:45,-,-,-,-,-,-,-
1506504,Vendedor - Nova Encomenda,1,-,-,2025-02-12 12:13:12,12/02/2025 12:13,-,-,-,-,-,-,-
1506497,Entregas Finalizadas Fora de Manaus,8,-,-,2025-02-13 20:57:52,13/02/2025 20:57,-,-,-,-,-,-,-
1506472,Entregas Finalizadas Manaus,6,-,-,2025-02-12 21:16:46,12/02/2025 21:16,-,-,-,-,-,-,-
1506468,Entregas Finalizadas Fora de Manaus,8,-,-,2025-02-12 17:29:51,12/02/2025 17:29,-,-,-,-,-,-,-
1506408,Entregas Finalizadas Fora de Manaus,8,-,-,2025-02-13 21:12:02,13/02/2025 21:12,-,-,-,-,-,-,-
1506391,Entregas Finalizadas Manaus,6,-,-,2025-02-12 19:11:00,12/02/2025 19:11,-,-,-,-,-,-,-
1506386,Entregas Finalizadas Fora de Manaus,8,-,-,2025-02-12 18:08:18,12/02/2025 18:08,-,-,-,-,-,-,-
1505484,Entregas Finalizadas Fora de Manaus,8,-,-,2025-02-12 17:15:51,12/02/2025 17:15,-,-,-,-,-,-,-
1504489,Entregas Finalizadas Manaus,6,-,-,2025-02-12 13:08:42,12/02/2025 13:08,-,-,-,-,-,-,-
1504474,Entregas Finalizadas Fora de Manaus,8,-,-,2025-02-12 16:05:29,12/02/2025 16:05,-,-,-,-,-,-,-
1504470,Entregas Finalizadas Fora de Manaus,8,-,-,2025-02-14 12:30:02,14/02/2025 12:30,-,-,-,-,-,-,-
1504428,Entregas Finalizadas Manaus,6,-,-,2025-02-12 13:47:46,12/02/2025 13:47,-,-,-,-,-,-,-
1504421,Entregas Finalizadas Manaus,6,-,-,2025-02-12 14:27:56,12/02/2025 14:27,-,-,-,-,-,-,-
1504409,Entregas Finalizadas Manaus,6,-,-,2025-02-12 15:29:49,12/02/2025 15:29,-,-,-,-,-,-,-
1504396,Entregas Finalizadas Fora de Manaus,8,-,-,2025-02-12 13:14:54,12/02/2025 13:14,-,-,-,-,-,-,-
1504384,Entregas Finalizadas Fora de Manaus,8,-,-,2025-02-12 15:59:36,12/02/2025 15:59,-,-,-,-,-,-,-
1504369,Entregas Finalizadas Fora de Manaus,8,-,-,2025-02-12 14:50:18,12/02/2025 14:50,-,-,-,-,-,-,-
1504359,Entregas Finalizadas Fora de Manaus,8,-,-,2025-02-12 18:21:59,12/02/2025 18:21,-,-,-,-,-,-,-
1504356,Entregas Finalizadas Fora de Manaus,8,-,-,2025-02-13 17:11:49,13/02/2025 17:11,-,-,-,-,-,-,-
1504353,Canceladas,X,lojarui@mondellebrasil.com.br,-,2025-02-12 08:44:52,12/02/2025 08:44,-,-,-,-,-,-,-
1504211,Entregas Finalizadas Fora de Manaus,8,-,-,2025-02-13 13:23:07,13/02/2025 13:23,-,-,-,-,-,-,-
1504181,Entregas Finalizadas Fora de Manaus,8,-,-,2025-02-12 13:09:44,12/02/2025 13:09,-,-,-,-,-,-,-
1504164,Entregas Finalizadas Manaus,6,-,-,2025-02-12 21:46:42,12/02/2025 21:46,-,-,-,-,-,-,-
1504086,Entregas Finalizadas Fora de Manaus,8,-,-,2025-02-13 16:44:34,13/02/2025 16:44,-,-,-,-,-,-,-
1504003,Entregas Finalizadas Fora de Manaus,8,-,-,2025-02-12 16:26:50,12/02/2025 16:26,-,-,-,-,-,-,-
1504001,Entregas Finalizadas Fora de Manaus,8,-,-,2025-02-12 16:02:45,12/02/2025 16:02,-,-,-,-,-,-,-
1503808,Entregas Finalizadas Manaus,6,-,-,2025-02-11 17:33:17,11/02/2025 17:33,-,-,-,-,-,-,-
1503802,Entregas Finalizadas Manaus,6,-,-,2025-02-11 18:42:43,11/02/2025 18:42,-,-,-,-,-,-,-
1503771,Entregas Finalizadas Fora de Manaus,8,-,-,2025-02-12 17:14:25,12/02/2025 17:14,-,-,-,-,-,-,-
1503699,Entregas Finalizadas Fora de Manaus,8,-,-,2025-02-12 11:07:47,12/02/2025 11:07,-,-,-,-,-,-,-
1503696,Entregas Finalizadas Fora de Manaus,8,-,-,2025-02-11 17:28:47,11/02/2025 17:28,-,-,-,-,-,-,-
1503658,[Desativado],3,logistica@rommanelmanaus.com.br,-,2025-02-11 14:05:52,11/02/2025 14:05,-,-,-,-,-,-,-
1503652,Entregas Finalizadas Fora de Manaus,8,-,-,2025-02-12 13:55:04,12/02/2025 13:55,-,-,-,-,-,-,-
1503633,Entregas Finalizadas Fora de Manaus,8,-,-,2025-02-12 17:31:47,12/02/2025 17:31,-,-,-,-,-,-,-
1503617,Entregas Finalizadas Fora de Manaus,8,-,-,2025-02-11 18:05:23,11/02/2025 18:05,-,-,-,-,-,-,-
1503601,Entregas Finalizadas Fora de Manaus,8,-,-,2025-02-12 16:15:48,12/02/2025 16:15,-,-,-,-,-,-,-
1503598,Entregas Finalizadas Manaus,6,-,-,2025-02-11 15:55:05,11/02/2025 15:55,-,-,-,-,-,-,-
1503582,Entregas Finalizadas Fora de Manaus,8,-,-,2025-02-12 12:52:38,12/02/2025 12:52,-,-,-,-,-,-,-
1503566,Entregas Finalizadas Manaus,6,-,-,2025-02-11 16:15:26,11/02/2025 16:15,-,-,-,-,-,-,-
1503535,Entregas Finalizadas Manaus,6,-,-,2025-02-11 15:20:20,11/02/2025 15:20,-,-,-,-,-,-,-
1503525,Vendedor - Nova Encomenda,1,-,-,2025-02-11 12:52:41,11/02/2025 12:52,-,-,-,-,-,-,-
1503387,Entregas Finalizadas Fora de Manaus,8,-,-,2025-02-12 11:06:36,12/02/2025 11:06,-,-,-,-,-,-,-
1503385,Entregas Finalizadas Manaus,6,-,-,2025-02-11 15:08:52,11/02/2025 15:08,-,-,-,-,-,-,-
1503353,Entregas Finalizadas Fora de Manaus,8,-,-,2025-02-12 17:12:19,12/02/2025 17:12,-,-,-,-,-,-,-
1503343,Entregas Finalizadas Fora de Manaus,8,-,-,2025-02-11 17:23:43,11/02/2025 17:23,-,-,-,-,-,-,-
1503264,Entregas Finalizadas Fora de Manaus,8,-,-,2025-02-12 16:13:33,12/02/2025 16:13,-,-,-,-,-,-,-
1503165,Entregas Finalizadas Fora de Manaus,8,-,-,2025-02-11 18:14:19,11/02/2025 18:14,-,-,-,-,-,-,-
1503144,Entregas Finalizadas Manaus,6,-,-,2025-02-11 13:37:46,11/02/2025 13:37,-,-,-,-,-,-,-
1503131,Entregas Finalizadas Manaus,6,-,-,2025-02-11 14:52:43,11/02/2025 14:52,-,-,-,-,-,-,-
1503125,Entregas Finalizadas Fora de Manaus,8,-,-,2025-02-13 11:54:57,13/02/2025 11:54,-,-,-,-,-,-,-
1503112,Entregas Finalizadas Fora de Manaus,8,-,-,2025-02-11 13:26:40,11/02/2025 13:26,-,-,-,-,-,-,-
1503081,Entregas Finalizadas Fora de Manaus,8,-,-,2025-02-13 21:16:13,13/02/2025 21:16,-,-,-,-,-,-,-
1503065,Entregas Finalizadas Fora de Manaus,8,-,-,2025-02-13 13:27:12,13/02/2025 13:27,-,-,-,-,-,-,-
1503029,Entregas Finalizadas Fora de Manaus,8,-,-,2025-02-12 16:19:23,12/02/2025 16:19,-,-,-,-,-,-,-
1502879,Entregas Finalizadas Fora de Manaus,8,-,-,2025-02-11 12:56:14,11/02/2025 12:56,-,-,-,-,-,-,-
1502876,Entregas Finalizadas Fora de Manaus,8,-,-,2025-02-11 13:11:41,11/02/2025 13:11,-,-,-,-,-,-,-
1502874,Entregas Finalizadas Manaus,6,-,-,2025-02-12 16:24:35,12/02/2025 16:24,-,-,-,-,-,-,-
1502869,Entregas Finalizadas Fora de Manaus,8,-,-,2025-02-11 13:19:42,11/02/2025 13:19,-,-,-,-,-,-,-
1502862,Entregas Finalizadas Fora de Manaus,8,-,-,2025-02-12 11:05:16,12/02/2025 11:05,-,-,-,-,-,-,-
1502850,Entregas Finalizadas Fora de Manaus,8,-,-,2025-02-11 13:18:09,11/02/2025 13:18,-,-,-,-,-,-,-
1502832,Entregas Finalizadas Fora de Manaus,8,-,-,2025-02-12 11:03:10,12/02/2025 11:03,-,-,-,-,-,-,-
1502814,Entregas Finalizadas Fora de Manaus,8,-,-,2025-02-11 13:12:17,11/02/2025 13:12,-,-,-,-,-,-,-
1502800,Entregas Finalizadas Fora de Manaus,8,-,-,2025-02-11 13:14:45,11/02/2025 13:14,-,-,-,-,-,-,-
1502791,Entregas Finalizadas Fora de Manaus,8,-,-,2025-02-11 13:01:05,11/02/2025 13:01,-,-,-,-,-,-,-
1502778,Entregas Finalizadas Fora de Manaus,8,-,-,2025-02-12 16:21:16,12/02/2025 16:21,-,-,-,-,-,-,-
1502766,Entregas Finalizadas Fora de Manaus,8,-,-,2025-02-11 12:57:47,11/02/2025 12:57,-,-,-,-,-,-,-
1502723,Vendedor - Nova Encomenda,1,-,-,2025-02-10 17:48:08,10/02/2025 17:48,-,-,-,-,-,-,-
1502651,Entregas Finalizadas Fora de Manaus,8,-,-,2025-02-11 13:18:04,11/02/2025 13:18,-,-,-,-,-,-,-
1502597,Entregas Finalizadas Manaus,6,-,-,2025-02-11 14:42:45,11/02/2025 14:42,-,-,-,-,-,-,-
1502527,Entregas Finalizadas Fora de Manaus,8,-,-,2025-02-11 17:35:52,11/02/2025 17:35,-,-,-,-,-,-,-
1502501,Entregas Finalizadas Manaus,6,-,-,2025-02-10 18:01:03,10/02/2025 18:01,-,-,-,-,-,-,-
1502460,Entregas Finalizadas Fora de Manaus,8,-,-,2025-02-11 17:10:41,11/02/2025 17:10,-,-,-,-,-,-,-
1502440,Vendedor - Nova Encomenda,1,-,-,2025-02-10 15:04:10,10/02/2025 15:04,-,-,-,-,-,-,-
1502433,Entregas Finalizadas Manaus,6,-,-,2025-02-10 17:19:48,10/02/2025 17:19,-,-,-,-,-,-,-
1502431,Entregas Finalizadas Manaus,6,-,-,2025-02-10 17:07:44,10/02/2025 17:07,-,-,-,-,-,-,-
1502414,Entregas Finalizadas Fora de Manaus,8,-,-,2025-02-10 17:08:36,10/02/2025 17:08,-,-,-,-,-,-,-
1502410,Entregas Finalizadas Manaus,6,-,-,2025-02-10 18:37:25,10/02/2025 18:37,-,-,-,-,-,-,-
1502348,Entregas Finalizadas Fora de Manaus,8,-,-,2025-02-11 13:34:17,11/02/2025 13:34,-,-,-,-,-,-,-
1502340,Entregas Finalizadas Fora de Manaus,8,-,-,2025-02-13 10:44:13,13/02/2025 10:44,-,-,-,-,-,-,-
1502291,Entregas Finalizadas Manaus,6,-,-,2025-02-10 18:05:30,10/02/2025 18:05,-,-,-,-,-,-,-
1502285,Entregas Finalizadas Fora de Manaus,8,-,-,2025-02-10 18:01:26,10/02/2025 18:01,-,-,-,-,-,-,-
1502282,Vendedor - Nova Encomenda,1,-,-,2025-02-10 13:29:52,10/02/2025 13:29,-,-,-,-,-,-,-
1502219,Entregas Finalizadas Manaus,6,-,-,2025-02-10 18:07:09,10/02/2025 18:07,-,-,-,-,-,-,-
1502211,Entregas Finalizadas Manaus,6,-,-,2025-02-10 18:19:43,10/02/2025 18:19,-,-,-,-,-,-,-
1502188,Entregas Finalizadas Manaus,6,-,-,2025-02-10 17:34:16,10/02/2025 17:34,-,-,-,-,-,-,-
1501970,Entregas Finalizadas Manaus,6,-,-,2025-02-10 17:56:25,10/02/2025 17:56,-,-,-,-,-,-,-
1501965,Entregas Finalizadas Fora de Manaus,8,-,-,2025-02-10 17:06:31,10/02/2025 17:06,-,-,-,-,-,-,-
1501936,Entregas Finalizadas Manaus,6,-,-,2025-02-10 15:49:12,10/02/2025 15:49,-,-,-,-,-,-,-
1501869,Entregas Finalizadas Fora de Manaus,8,-,-,2025-02-11 17:23:28,11/02/2025 17:23,-,-,-,-,-,-,-
1500627,Entregas Finalizadas Fora de Manaus,8,-,-,2025-02-08 14:10:40,08/02/2025 14:10,-,-,-,-,-,-,-
1500608,Entregas Finalizadas Fora de Manaus,8,-,-,2025-02-10 18:05:03,10/02/2025 18:05,-,-,-,-,-,-,-
1500567,Entregas Finalizadas Manaus,6,-,-,2025-02-08 13:45:57,08/02/2025 13:45,-,-,-,-,-,-,-
1500560,Entregas Finalizadas Manaus,6,-,-,2025-02-08 14:00:55,08/02/2025 14:00,-,-,-,-,-,-,-
1500556,Entregas Finalizadas Fora de Manaus,8,-,-,2025-02-10 13:15:42,10/02/2025 13:15,-,-,-,-,-,-,-
1500528,Entregas Finalizadas Fora de Manaus,8,-,-,2025-02-10 13:18:28,10/02/2025 13:18,-,-,-,-,-,-,-
1500512,Entregas Finalizadas Fora de Manaus,8,-,-,2025-02-10 17:41:11,10/02/2025 17:41,-,-,-,-,-,-,-
1500501,Entregas Finalizadas Fora de Manaus,8,-,-,2025-02-10 13:20:17,10/02/2025 13:20,-,-,-,-,-,-,-
1500497,Entregas Finalizadas Manaus,6,-,-,2025-02-08 14:22:01,08/02/2025 14:22,-,-,-,-,-,-,-
1500489,Entregas Finalizadas Fora de Manaus,8,-,-,2025-02-10 13:21:39,10/02/2025 13:21,-,-,-,-,-,-,-
1500460,Entregas Finalizadas Manaus,6,-,-,2025-02-08 14:50:04,08/02/2025 14:50,-,-,-,-,-,-,-
1500454,Entregas Finalizadas Fora de Manaus,8,-,-,2025-02-08 14:26:00,08/02/2025 14:26,-,-,-,-,-,-,-
1500445,Entregas Finalizadas Fora de Manaus,8,-,-,2025-02-10 17:22:45,10/02/2025 17:22,-,-,-,-,-,-,-
1500413,Entregas Finalizadas Manaus,6,-,-,2025-02-08 14:48:36,08/02/2025 14:48,-,-,-,-,-,-,-
1500401,Entregas Finalizadas Manaus,6,-,-,2025-02-10 15:50:36,10/02/2025 15:50,-,-,-,-,-,-,-
1500210,Entregas Finalizadas Manaus,6,-,-,2025-02-08 15:29:51,08/02/2025 15:29,-,-,-,-,-,-,-
1500197,Entregas Finalizadas Fora de Manaus,8,-,-,2025-02-08 13:17:27,08/02/2025 13:17,-,-,-,-,-,-,-
1500192,Vendedor - Nova Encomenda,1,-,-,2025-02-07 18:15:38,07/02/2025 18:15,-,-,-,-,-,-,-
1500177,Entregas Finalizadas Fora de Manaus,8,-,-,2025-02-08 13:18:29,08/02/2025 13:18,-,-,-,-,-,-,-
1500167,Entregas Finalizadas Fora de Manaus,8,-,-,2025-02-08 12:38:34,08/02/2025 12:38,-,-,-,-,-,-,-
1500159,Entregas Finalizadas Manaus,6,-,-,2025-02-08 13:25:33,08/02/2025 13:25,-,-,-,-,-,-,-
1500052,Entregas Finalizadas Manaus,6,-,-,2025-02-10 14:43:42,10/02/2025 14:43,-,-,-,-,-,-,-
1499994,Vendedor - Nova Encomenda,1,-,-,2025-02-07 16:18:27,07/02/2025 16:18,-,-,-,-,-,-,-
1499875,Entregas Finalizadas Manaus,6,-,-,2025-02-07 19:22:11,07/02/2025 19:22,-,-,-,-,-,-,-
1499820,Entregas Finalizadas Fora de Manaus,8,-,-,2025-02-07 17:01:33,07/02/2025 17:01,-,-,-,-,-,-,-
1499798,Entregas Finalizadas Manaus,6,-,-,2025-02-07 18:53:48,07/02/2025 18:53,-,-,-,-,-,-,-
1499794,Entregas Finalizadas Manaus,6,-,-,2025-02-07 19:53:42,07/02/2025 19:53,-,-,-,-,-,-,-
1499789,Entregas Finalizadas Fora de Manaus,8,-,-,2025-02-07 17:21:00,07/02/2025 17:21,-,-,-,-,-,-,-
1499769,Entregas Finalizadas Fora de Manaus,8,-,-,2025-02-07 17:40:36,07/02/2025 17:40,-,-,-,-,-,-,-
1499673,Entregas Finalizadas Fora de Manaus,8,-,-,2025-02-07 18:23:09,07/02/2025 18:23,-,-,-,-,-,-,-
1499636,Entregas Finalizadas Manaus,6,-,-,2025-02-07 14:37:33,07/02/2025 14:37,-,-,-,-,-,-,-
1499582,Vendedor - Nova Encomenda,1,-,-,2025-02-07 13:07:22,07/02/2025 13:07,-,-,-,-,-,-,-
1499552,Entregas Finalizadas Fora de Manaus,8,-,-,2025-02-07 17:17:28,07/02/2025 17:17,-,-,-,-,-,-,-
1499532,Entregas Finalizadas Fora de Manaus,8,-,-,2025-02-07 17:15:22,07/02/2025 17:15,-,-,-,-,-,-,-
1499521,Entregas Finalizadas Fora de Manaus,8,-,-,2025-02-10 18:07:20,10/02/2025 18:07,-,-,-,-,-,-,-
1499503,Entregas Finalizadas Fora de Manaus,8,-,-,2025-02-07 18:07:35,07/02/2025 18:07,-,-,-,-,-,-,-
1499499,Entregas Finalizadas Fora de Manaus,8,-,-,2025-02-10 13:33:38,10/02/2025 13:33,-,-,-,-,-,-,-
1499490,Entregas Finalizadas Fora de Manaus,8,-,-,2025-02-07 18:47:32,07/02/2025 18:47,-,-,-,-,-,-,-
1499462,Entregas Finalizadas Manaus,6,-,-,2025-02-07 19:33:10,07/02/2025 19:33,-,-,-,-,-,-,-
1499423,Entregas Finalizadas Fora de Manaus,8,-,-,2025-02-07 15:04:49,07/02/2025 15:04,-,-,-,-,-,-,-
1499392,Entregas Finalizadas Fora de Manaus,8,-,-,2025-02-07 17:30:16,07/02/2025 17:30,-,-,-,-,-,-,-
1499389,Entregas Finalizadas Manaus,6,-,-,2025-02-07 15:37:59,07/02/2025 15:37,-,-,-,-,-,-,-
1499348,Entregas Finalizadas Fora de Manaus,8,-,-,2025-02-07 17:48:35,07/02/2025 17:48,-,-,-,-,-,-,-
1499319,Entregas Finalizadas Fora de Manaus,8,-,-,2025-02-07 17:44:54,07/02/2025 17:44,-,-,-,-,-,-,-
1499032,Entregas Finalizadas Fora de Manaus,8,-,-,2025-02-07 17:29:10,07/02/2025 17:29,-,-,-,-,-,-,-
1498816,Entregas Finalizadas Fora de Manaus,8,-,-,2025-02-07 12:38:05,07/02/2025 12:38,-,-,-,-,-,-,-
1498789,Entregas Finalizadas Fora de Manaus,8,-,-,2025-02-07 17:24:18,07/02/2025 17:24,-,-,-,-,-,-,-
1498783,Entregas Finalizadas Manaus,6,-,-,2025-02-07 13:16:09,07/02/2025 13:16,-,-,-,-,-,-,-
1498780,Entregas Finalizadas Fora de Manaus,8,-,-,2025-02-07 18:15:59,07/02/2025 18:15,-,-,-,-,-,-,-
1498739,Entregas Finalizadas Fora de Manaus,8,-,-,2025-02-07 18:46:45,07/02/2025 18:46,-,-,-,-,-,-,-
1498731,Entregas Finalizadas Fora de Manaus,8,-,-,2025-02-11 17:16:09,11/02/2025 17:16,-,-,-,-,-,-,-
1498716,Entregas Finalizadas Manaus,6,-,-,2025-02-07 17:39:33,07/02/2025 17:39,-,-,-,-,-,-,-
1498658,Vendedor - Nova Encomenda,1,-,-,2025-02-06 16:05:03,06/02/2025 16:05,-,-,-,-,-,-,-
1498620,Vendedor - Nova Encomenda,1,-,-,2025-02-06 15:45:25,06/02/2025 15:45,-,-,-,-,-,-,-
1498577,Entregas Finalizadas Manaus,6,-,-,2025-02-06 17:43:13,06/02/2025 17:43,-,-,-,-,-,-,-
1498568,Entregas Finalizadas Fora de Manaus,8,-,-,2025-02-10 14:08:36,10/02/2025 14:08,-,-,-,-,-,-,-
1498561,Entregas Finalizadas Manaus,6,-,-,2025-02-06 18:03:48,06/02/2025 18:03,-,-,-,-,-,-,-
1498490,Entregas Finalizadas Manaus,6,-,-,2025-02-06 18:45:47,06/02/2025 18:45,-,-,-,-,-,-,-
1498406,Entregas Finalizadas Fora de Manaus,8,-,-,2025-02-06 17:39:47,06/02/2025 17:39,-,-,-,-,-,-,-
1498389,Entregas Finalizadas Fora de Manaus,8,-,-,2025-02-07 13:02:13,07/02/2025 13:02,-,-,-,-,-,-,-
1498322,Entregas Finalizadas Manaus,6,-,-,2025-02-06 17:01:45,06/02/2025 17:01,-,-,-,-,-,-,-
1498291,Entregas Finalizadas Fora de Manaus,8,-,-,2025-02-07 17:28:34,07/02/2025 17:28,-,-,-,-,-,-,-
1498285,Vendedor - Nova Encomenda,1,-,-,2025-02-06 11:49:33,06/02/2025 11:49,-,-,-,-,-,-,-
1498279,Entregas Finalizadas Fora de Manaus,8,-,-,2025-02-07 11:09:57,07/02/2025 11:09,-,-,-,-,-,-,-
1498228,Entregas Finalizadas Fora de Manaus,8,-,-,2025-02-10 10:42:18,10/02/2025 10:42,-,-,-,-,-,-,-
1498226,Entregas Finalizadas Manaus,6,-,-,2025-02-06 18:22:19,06/02/2025 18:22,-,-,-,-,-,-,-
1498213,Entregas Finalizadas Fora de Manaus,8,-,-,2025-02-07 11:21:31,07/02/2025 11:21,-,-,-,-,-,-,-
1498180,Entregas Finalizadas Fora de Manaus,8,-,-,2025-02-07 10:44:23,07/02/2025 10:44,-,-,-,-,-,-,-
1498171,Entregas Finalizadas Manaus,6,-,-,2025-02-06 13:15:52,06/02/2025 13:15,-,-,-,-,-,-,-
1498156,Entregas Finalizadas Fora de Manaus,8,-,-,2025-02-06 16:55:49,06/02/2025 16:55,-,-,-,-,-,-,-
1498150,Entregas Finalizadas Manaus,6,-,-,2025-02-06 17:31:27,06/02/2025 17:31,-,-,-,-,-,-,-
1498133,Entregas Finalizadas Fora de Manaus,8,-,-,2025-02-06 17:25:42,06/02/2025 17:25,-,-,-,-,-,-,-
1498022,Entregas Finalizadas Fora de Manaus,8,-,-,2025-02-06 17:27:31,06/02/2025 17:27,-,-,-,-,-,-,-
1497975,Entregas Finalizadas Fora de Manaus,8,-,-,2025-02-06 12:23:30,06/02/2025 12:23,-,-,-,-,-,-,-
1497739,Entregas Finalizadas Fora de Manaus,8,-,-,2025-02-06 13:07:06,06/02/2025 13:07,-,-,-,-,-,-,-
1497683,Entregas Finalizadas Manaus,6,logistica@rommanelmanaus.com.br,-,2025-02-08 10:44:55,08/02/2025 10:44,-,-,-,-,-,-,-
1497637,Entregas Finalizadas Fora de Manaus,8,-,-,2025-02-06 14:31:16,06/02/2025 14:31,-,-,-,-,-,-,-
1497626,Entregas Finalizadas Fora de Manaus,8,-,-,2025-02-10 13:29:11,10/02/2025 13:29,-,-,-,-,-,-,-
1497608,Entregas Finalizadas Manaus,6,-,-,2025-02-06 15:08:55,06/02/2025 15:08,-,-,-,-,-,-,-
1497584,Entregas Finalizadas Manaus,6,-,-,2025-02-07 18:14:28,07/02/2025 18:14,-,-,-,-,-,-,-
1497117,Entregas Finalizadas Manaus,6,-,-,2025-02-05 18:07:22,05/02/2025 18:07,-,-,-,-,-,-,-
1497106,Entregas Finalizadas Fora de Manaus,8,-,-,2025-02-05 17:42:43,05/02/2025 17:42,-,-,-,-,-,-,-
1497038,Entregas Finalizadas Fora de Manaus,8,-,-,2025-02-06 12:46:18,06/02/2025 12:46,-,-,-,-,-,-,-
1497029,Entregas Finalizadas Manaus,6,-,-,2025-02-05 17:27:39,05/02/2025 17:27,-,-,-,-,-,-,-
1496984,Entregas Finalizadas Manaus,6,-,-,2025-02-05 17:38:01,05/02/2025 17:38,-,-,-,-,-,-,-
1496978,Entregas Finalizadas Manaus,6,-,-,2025-02-05 14:33:18,05/02/2025 14:33,-,-,-,-,-,-,-
1496962,Entregas Finalizadas Manaus,6,-,-,2025-02-05 16:39:56,05/02/2025 16:39,-,-,-,-,-,-,-
1496928,Entregas Finalizadas Manaus,6,-,-,2025-02-05 16:49:06,05/02/2025 16:49,-,-,-,-,-,-,-
1496916,Entregas Finalizadas Fora de Manaus,8,-,-,2025-02-05 16:50:05,05/02/2025 16:50,-,-,-,-,-,-,-
1496830,Entregas Finalizadas Fora de Manaus,8,-,-,2025-02-06 12:44:24,06/02/2025 12:44,-,-,-,-,-,-,-
1496806,Entregas Finalizadas Fora de Manaus,8,-,-,2025-02-06 17:09:30,06/02/2025 17:09,-,-,-,-,-,-,-
1496709,Entregas Finalizadas Fora de Manaus,8,-,-,2025-02-06 13:08:38,06/02/2025 13:08,-,-,-,-,-,-,-
1496595,Entregas Finalizadas Manaus,6,-,-,2025-02-05 13:29:18,05/02/2025 13:29,-,-,-,-,-,-,-
1495696,Entregas Finalizadas Manaus,6,-,-,2025-02-05 13:35:15,05/02/2025 13:35,-,-,-,-,-,-,-
1495551,Entregas Finalizadas Fora de Manaus,8,-,-,2025-02-05 17:38:53,05/02/2025 17:38,-,-,-,-,-,-,-
1495541,Entregas Finalizadas Manaus,6,-,-,2025-02-05 17:30:08,05/02/2025 17:30,-,-,-,-,-,-,-
1495537,Entregas Finalizadas Fora de Manaus,8,-,-,2025-02-06 17:44:22,06/02/2025 17:44,-,-,-,-,-,-,-
1495293,Entregas Finalizadas Fora de Manaus,8,-,-,2025-02-05 10:43:06,05/02/2025 10:43,-,-,-,-,-,-,-
1495265,Entregas Finalizadas Manaus,6,-,-,2025-02-05 17:04:00,05/02/2025 17:04,-,-,-,-,-,-,-
1495237,Entregas Finalizadas Fora de Manaus,8,-,-,2025-02-05 13:19:12,05/02/2025 13:19,-,-,-,-,-,-,-
1495213,Entregas Finalizadas Fora de Manaus,8,-,-,2025-02-05 17:41:53,05/02/2025 17:41,-,-,-,-,-,-,-
1495198,Entregas Finalizadas Fora de Manaus,8,-,-,2025-02-06 17:36:45,06/02/2025 17:36,-,-,-,-,-,-,-
1495164,Vendedor - Nova Encomenda,1,-,-,2025-02-04 16:41:24,04/02/2025 16:41,-,-,-,-,-,-,-
1495071,Entregas Finalizadas Manaus,6,-,-,2025-02-04 17:03:19,04/02/2025 17:03,-,-,-,-,-,-,-
1495062,Entregas Finalizadas Manaus,6,-,-,2025-02-04 18:40:42,04/02/2025 18:40,-,-,-,-,-,-,-
1495027,Entregas Finalizadas Fora de Manaus,8,-,-,2025-02-06 12:14:08,06/02/2025 12:14,-,-,-,-,-,-,-
1495026,Entregas Finalizadas Fora de Manaus,8,-,-,2025-02-06 12:35:58,06/02/2025 12:35,-,-,-,-,-,-,-
1494991,Entregas Finalizadas Fora de Manaus,8,-,-,2025-02-12 11:41:05,12/02/2025 11:41,-,-,-,-,-,-,-
1494978,Entregas Finalizadas Fora de Manaus,8,-,-,2025-02-05 17:20:56,05/02/2025 17:20,-,-,-,-,-,-,-
1494909,Entregas Finalizadas Manaus,6,-,-,2025-02-04 17:10:04,04/02/2025 17:10,-,-,-,-,-,-,-
1494886,Entregas Finalizadas Manaus,6,-,-,2025-02-05 13:27:28,05/02/2025 13:27,-,-,-,-,-,-,-
1494861,Entregas Finalizadas Fora de Manaus,8,-,-,2025-02-04 17:58:08,04/02/2025 17:58,-,-,-,-,-,-,-
1494847,Entregas Finalizadas Fora de Manaus,8,-,-,2025-02-04 17:09:07,04/02/2025 17:09,-,-,-,-,-,-,-
1494764,Entregas Finalizadas Manaus,6,-,-,2025-02-04 18:31:05,04/02/2025 18:31,-,-,-,-,-,-,-
1494762,Entregas Finalizadas Fora de Manaus,8,-,-,2025-02-04 17:58:40,04/02/2025 17:58,-,-,-,-,-,-,-
1494680,Vendedor - Nova Encomenda,1,-,-,2025-02-04 11:56:20,04/02/2025 11:56,-,-,-,-,-,-,-
1494667,Entregas Finalizadas Manaus,6,-,-,2025-02-04 17:35:47,04/02/2025 17:35,-,-,-,-,-,-,-
1494660,Entregas Finalizadas Fora de Manaus,8,-,-,2025-02-04 17:16:13,04/02/2025 17:16,-,-,-,-,-,-,-
1494631,Entregas Finalizadas Manaus,6,logistica@rommanelmanaus.com.br,-,2025-02-18 12:17:47,18/02/2025 12:17,-,-,-,-,-,-,-
1494602,Entregas Finalizadas Fora de Manaus,8,-,-,2025-02-04 12:47:56,04/02/2025 12:47,-,-,-,-,-,-,-
1494592,Entregas Finalizadas Manaus,6,-,-,2025-02-04 18:08:10,04/02/2025 18:08,-,-,-,-,-,-,-
1494587,Entregas Finalizadas Fora de Manaus,8,-,-,2025-02-05 16:51:47,05/02/2025 16:51,-,-,-,-,-,-,-
1494560,Entregas Finalizadas Fora de Manaus,8,-,-,2025-02-04 14:05:52,04/02/2025 14:05,-,-,-,-,-,-,-
1494545,Entregas Finalizadas Fora de Manaus,8,-,-,2025-02-06 17:10:47,06/02/2025 17:10,-,-,-,-,-,-,-
1494520,Entregas Finalizadas Manaus,6,-,-,2025-02-04 18:31:19,04/02/2025 18:31,-,-,-,-,-,-,-
1494276,Entregas Finalizadas Manaus,6,-,-,2025-02-04 14:16:15,04/02/2025 14:16,-,-,-,-,-,-,-
1493587,Entregas Finalizadas Fora de Manaus,8,-,-,2025-02-04 17:11:48,04/02/2025 17:11,-,-,-,-,-,-,-
1493574,Entregas Finalizadas Fora de Manaus,8,-,-,2025-02-04 13:06:41,04/02/2025 13:06,-,-,-,-,-,-,-
1493572,Entregas Finalizadas Fora de Manaus,8,-,-,2025-02-04 17:40:20,04/02/2025 17:40,-,-,-,-,-,-,-
1493552,Entregas Finalizadas Fora de Manaus,8,-,-,2025-02-05 17:52:15,05/02/2025 17:52,-,-,-,-,-,-,-
1493323,Entregas Finalizadas Fora de Manaus,8,-,-,2025-02-05 16:52:37,05/02/2025 16:52,-,-,-,-,-,-,-
1493304,Entregas Finalizadas Fora de Manaus,8,-,-,2025-02-04 17:09:42,04/02/2025 17:09,-,-,-,-,-,-,-
1493302,Entregas Finalizadas Manaus,6,-,-,2025-02-04 13:41:28,04/02/2025 13:41,-,-,-,-,-,-,-
1493280,Entregas Finalizadas Fora de Manaus,8,-,-,2025-02-04 12:50:52,04/02/2025 12:50,-,-,-,-,-,-,-
1493278,Entregas Finalizadas Fora de Manaus,8,-,-,2025-02-04 13:20:04,04/02/2025 13:20,-,-,-,-,-,-,-
1493255,Entregas Finalizadas Fora de Manaus,8,-,-,2025-02-04 17:11:39,04/02/2025 17:11,-,-,-,-,-,-,-
1493221,Entregas Finalizadas Fora de Manaus,8,-,-,2025-02-18 18:03:14,18/02/2025 18:03,-,-,-,-,-,-,-
1493182,Entregas Finalizadas Fora de Manaus,8,-,-,2025-02-04 13:22:09,04/02/2025 13:22,-,-,-,-,-,-,-
1493174,Entregas Finalizadas Fora de Manaus,8,-,-,2025-02-04 13:25:33,04/02/2025 13:25,-,-,-,-,-,-,-
1493152,Entregas Finalizadas Fora de Manaus,8,-,-,2025-02-03 17:54:08,03/02/2025 17:54,-,-,-,-,-,-,-
1493147,Entregas Finalizadas Fora de Manaus,8,-,-,2025-02-04 18:04:12,04/02/2025 18:04,-,-,-,-,-,-,-
1493135,Entregas Finalizadas Fora de Manaus,8,-,-,2025-02-04 15:15:38,04/02/2025 15:15,-,-,-,-,-,-,-
1493133,Entregas Finalizadas Fora de Manaus,8,-,-,2025-02-05 16:15:24,05/02/2025 16:15,-,-,-,-,-,-,-
1493123,Entregas Finalizadas Fora de Manaus,8,-,-,2025-02-05 16:14:06,05/02/2025 16:14,-,-,-,-,-,-,-
1493113,Entregas Finalizadas Fora de Manaus,8,-,-,2025-02-06 18:02:12,06/02/2025 18:02,-,-,-,-,-,-,-
1493059,Entregas Finalizadas Fora de Manaus,8,-,-,2025-02-05 16:17:34,05/02/2025 16:17,-,-,-,-,-,-,-
1493031,Entregas Finalizadas Manaus,6,-,-,2025-02-03 17:09:10,03/02/2025 17:09,-,-,-,-,-,-,-
1493020,Entregas Finalizadas Fora de Manaus,8,-,-,2025-02-03 16:39:31,03/02/2025 16:39,-,-,-,-,-,-,-
1493006,Vendedor - Nova Encomenda,1,-,-,2025-02-03 15:25:52,03/02/2025 15:25,-,-,-,-,-,-,-
1492967,Entregas Finalizadas Fora de Manaus,8,-,-,2025-02-03 18:11:45,03/02/2025 18:11,-,-,-,-,-,-,-
1492959,Entregas Finalizadas Fora de Manaus,8,-,-,2025-02-03 18:02:46,03/02/2025 18:02,-,-,-,-,-,-,-
1492911,Entregas Finalizadas Manaus,6,-,-,2025-02-03 16:55:55,03/02/2025 16:55,-,-,-,-,-,-,-
1492865,Entregas Finalizadas Fora de Manaus,8,-,-,2025-02-03 17:36:40,03/02/2025 17:36,-,-,-,-,-,-,-
1492861,Entregas Finalizadas Fora de Manaus,8,-,-,2025-02-05 12:23:49,05/02/2025 12:23,-,-,-,-,-,-,-
1492853,Vendedor - Nova Encomenda,1,-,-,2025-02-03 13:52:38,03/02/2025 13:52,-,-,-,-,-,-,-
1492846,Entregas Finalizadas Fora de Manaus,8,-,-,2025-02-04 13:18:40,04/02/2025 13:18,-,-,-,-,-,-,-
1492836,Entregas Finalizadas Fora de Manaus,8,-,-,2025-02-04 14:13:13,04/02/2025 14:13,-,-,-,-,-,-,-
1492832,Entregas Finalizadas Manaus,6,-,-,2025-02-03 19:15:00,03/02/2025 19:15,-,-,-,-,-,-,-
1492795,Entregas Finalizadas Fora de Manaus,8,-,-,2025-02-03 16:52:16,03/02/2025 16:52,-,-,-,-,-,-,-
1492776,Entregas Finalizadas Fora de Manaus,8,-,-,2025-02-04 12:54:43,04/02/2025 12:54,-,-,-,-,-,-,-
1492765,Entregas Finalizadas Fora de Manaus,8,-,-,2025-02-03 21:18:07,03/02/2025 21:18,-,-,-,-,-,-,-
1492760,Entregas Finalizadas Fora de Manaus,8,-,-,2025-02-04 14:32:56,04/02/2025 14:32,-,-,-,-,-,-,-
1492747,Vendedor - Nova Encomenda,1,-,-,2025-02-03 13:11:19,03/02/2025 13:11,-,-,-,-,-,-,-
1492737,Vendedor - Nova Encomenda,1,-,-,2025-02-03 13:09:59,03/02/2025 13:09,-,-,-,-,-,-,-
1492727,Entregas Finalizadas Fora de Manaus,8,-,-,2025-02-04 14:43:08,04/02/2025 14:43,-,-,-,-,-,-,-
1492709,Entregas Finalizadas Manaus,6,-,-,2025-02-03 18:56:34,03/02/2025 18:56,-,-,-,-,-,-,-
1492686,Entregas Finalizadas Fora de Manaus,8,-,-,2025-02-06 14:02:35,06/02/2025 14:02,-,-,-,-,-,-,-
1492684,Entregas Finalizadas Manaus,6,-,-,2025-02-03 17:19:45,03/02/2025 17:19,-,-,-,-,-,-,-
1492667,Entregas Finalizadas Manaus,6,-,-,2025-02-03 13:43:30,03/02/2025 13:43,-,-,-,-,-,-,-
1492637,Entregas Finalizadas Manaus,6,-,-,2025-02-03 19:05:03,03/02/2025 19:05,-,-,-,-,-,-,-
1492633,Entregas Finalizadas Fora de Manaus,8,-,-,2025-02-03 16:59:26,03/02/2025 16:59,-,-,-,-,-,-,-
1492622,Entregas Finalizadas Fora de Manaus,8,-,-,2025-02-04 13:28:19,04/02/2025 13:28,-,-,-,-,-,-,-
1492607,Vendedor - Nova Encomenda,1,-,-,2025-02-03 11:56:53,03/02/2025 11:56,-,-,-,-,-,-,-
1492601,Entregas Finalizadas Fora de Manaus,8,-,-,2025-02-04 13:36:00,04/02/2025 13:36,-,-,-,-,-,-,-
1492596,Entregas Finalizadas Fora de Manaus,8,-,-,2025-02-04 13:29:49,04/02/2025 13:29,-,-,-,-,-,-,-
1492505,Entregas Finalizadas Fora de Manaus,8,-,-,2025-02-05 13:05:50,05/02/2025 13:05,-,-,-,-,-,-,-
1492474,Entregas Finalizadas Manaus,6,-,-,2025-02-03 17:58:48,03/02/2025 17:58,-,-,-,-,-,-,-
1492423,Entregas Finalizadas Fora de Manaus,8,-,-,2025-02-04 13:26:43,04/02/2025 13:26,-,-,-,-,-,-,-
1492401,Entregas Finalizadas Fora de Manaus,8,-,-,2025-02-04 13:33:00,04/02/2025 13:33,-,-,-,-,-,-,-
1492398,Vendedor - Nova Encomenda,1,-,-,2025-02-03 11:02:07,03/02/2025 11:02,-,-,-,-,-,-,-
1492384,Entregas Finalizadas Fora de Manaus,8,-,-,2025-02-04 17:27:09,04/02/2025 17:27,-,-,-,-,-,-,-
1492373,Entregas Finalizadas Fora de Manaus,8,-,-,2025-02-04 14:39:46,04/02/2025 14:39,-,-,-,-,-,-,-
1492371,Entregas Finalizadas Fora de Manaus,8,-,-,2025-02-03 13:28:58,03/02/2025 13:28,-,-,-,-,-,-,-
1492344,Entregas Finalizadas Fora de Manaus,8,-,-,2025-02-03 16:23:29,03/02/2025 16:23,-,-,-,-,-,-,-
1492048,Entregas Finalizadas Fora de Manaus,8,-,-,2025-02-04 12:49:13,04/02/2025 12:49,-,-,-,-,-,-,-
1491979,Entregas Finalizadas Fora de Manaus,8,-,-,2025-02-03 15:00:06,03/02/2025 15:00,-,-,-,-,-,-,-
1491895,Entregas Finalizadas Fora de Manaus,8,-,-,2025-02-05 13:07:26,05/02/2025 13:07,-,-,-,-,-,-,-
1491862,Entregas Finalizadas Fora de Manaus,8,-,-,2025-02-03 13:01:24,03/02/2025 13:01,-,-,-,-,-,-,-
1491856,Entregas Finalizadas Fora de Manaus,8,-,-,2025-02-04 14:59:58,04/02/2025 14:59,-,-,-,-,-,-,-
1491756,Entregas Finalizadas Fora de Manaus,8,-,-,2025-02-03 13:11:45,03/02/2025 13:11,-,-,-,-,-,-,-
1491261,Entregas Finalizadas Fora de Manaus,8,-,-,2025-02-03 17:53:48,03/02/2025 17:53,-,-,-,-,-,-,-
1491258,Entregas Finalizadas Fora de Manaus,8,-,-,2025-02-03 14:35:19,03/02/2025 14:35,-,-,-,-,-,-,-
1491252,Entregas Finalizadas Fora de Manaus,8,-,-,2025-02-03 14:32:36,03/02/2025 14:32,-,-,-,-,-,-,-
1491250,Entregas Finalizadas Fora de Manaus,8,-,-,2025-02-03 14:42:54,03/02/2025 14:42,-,-,-,-,-,-,-
1491246,Entregas Finalizadas Fora de Manaus,8,-,-,2025-02-03 13:14:43,03/02/2025 13:14,-,-,-,-,-,-,-
1491243,Entregas Finalizadas Fora de Manaus,8,-,-,2025-02-03 13:29:49,03/02/2025 13:29,-,-,-,-,-,-,-
1491239,Entregas Finalizadas Fora de Manaus,8,-,-,2025-02-03 18:01:35,03/02/2025 18:01,-,-,-,-,-,-,-
1491222,Vendedor - Nova Encomenda,1,-,-,2025-02-01 13:10:30,01/02/2025 13:10,-,-,-,-,-,-,-
1491217,Entregas Finalizadas Fora de Manaus,8,-,-,2025-02-03 13:13:38,03/02/2025 13:13,-,-,-,-,-,-,-
1491211,Vendedor - Nova Encomenda,1,-,-,2025-02-01 13:03:53,01/02/2025 13:03,-,-,-,-,-,-,-
1491209,Entregas Finalizadas Fora de Manaus,8,-,-,2025-02-04 17:12:23,04/02/2025 17:12,-,-,-,-,-,-,-
1491189,Entregas Finalizadas Manaus,6,-,-,2025-02-01 13:03:01,01/02/2025 13:03,-,-,-,-,-,-,-
1491182,Entregas Finalizadas Fora de Manaus,8,-,-,2025-02-04 17:10:51,04/02/2025 17:10,-,-,-,-,-,-,-
1491176,Entregas Finalizadas Fora de Manaus,8,-,-,2025-02-03 13:18:48,03/02/2025 13:18,-,-,-,-,-,-,-
1491114,Vendedor - Nova Encomenda,1,-,-,2025-02-01 11:33:20,01/02/2025 11:33,-,-,-,-,-,-,-
1491107,Entregas Finalizadas Fora de Manaus,8,-,-,2025-02-03 14:50:32,03/02/2025 14:50,-,-,-,-,-,-,-
1491099,Entregas Finalizadas Fora de Manaus,8,-,-,2025-02-07 18:31:33,07/02/2025 18:31,-,-,-,-,-,-,-
1491093,Entregas Finalizadas Manaus,6,-,-,2025-02-01 13:22:16,01/02/2025 13:22,-,-,-,-,-,-,-
1491084,Entregas Finalizadas Manaus,6,-,-,2025-02-01 13:22:21,01/02/2025 13:22,-,-,-,-,-,-,-
1491076,Entregas Finalizadas Fora de Manaus,8,-,-,2025-02-06 12:24:43,06/02/2025 12:24,-,-,-,-,-,-,-
1491071,Entregas Finalizadas Fora de Manaus,8,-,-,2025-02-02 09:40:39,02/02/2025 09:40,-,-,-,-,-,-,-
1491065,Entregas Finalizadas Fora de Manaus,8,-,-,2025-02-03 13:19:38,03/02/2025 13:19,-,-,-,-,-,-,-
1491059,Entregas Finalizadas Fora de Manaus,8,-,-,2025-02-03 13:52:27,03/02/2025 13:52,-,-,-,-,-,-,-
1491053,Entregas Finalizadas Fora de Manaus,8,-,-,2025-02-03 13:37:34,03/02/2025 13:37,-,-,-,-,-,-,-
1491048,Entregas Finalizadas Fora de Manaus,8,-,-,2025-02-02 09:31:59,02/02/2025 09:31,-,-,-,-,-,-,-
1491046,Entregas Finalizadas Fora de Manaus,8,-,-,2025-02-04 13:39:19,04/02/2025 13:39,-,-,-,-,-,-,-
1491042,Entregas Finalizadas Fora de Manaus,8,-,-,2025-02-01 12:44:20,01/02/2025 12:44,-,-,-,-,-,-,-
1490997,Entregas Finalizadas Manaus,6,-,-,2025-02-01 14:54:56,01/02/2025 14:54,-,-,-,-,-,-,-
1490991,Entregas Finalizadas Fora de Manaus,8,-,-,2025-02-02 09:28:56,02/02/2025 09:28,-,-,-,-,-,-,-
1490986,Entregas Finalizadas Manaus,6,-,-,2025-02-01 14:09:55,01/02/2025 14:09,-,-,-,-,-,-,-
1490984,Entregas Finalizadas Fora de Manaus,8,-,-,2025-02-02 09:34:13,02/02/2025 09:34,-,-,-,-,-,-,-
1490980,Entregas Finalizadas Fora de Manaus,8,-,-,2025-02-03 13:09:19,03/02/2025 13:09,-,-,-,-,-,-,-
1490978,Entregas Finalizadas Fora de Manaus,8,-,-,2025-02-03 13:12:36,03/02/2025 13:12,-,-,-,-,-,-,-
1490945,Entregas Finalizadas Fora de Manaus,8,-,-,2025-02-02 09:27:16,02/02/2025 09:27,-,-,-,-,-,-,-
1490941,Entregas Finalizadas Fora de Manaus,8,-,-,2025-02-03 13:21:49,03/02/2025 13:21,-,-,-,-,-,-,-
1490866,Entregas Finalizadas Manaus,6,-,-,2025-02-01 14:18:57,01/02/2025 14:18,-,-,-,-,-,-,-
1490838,Entregas Finalizadas Fora de Manaus,8,-,-,2025-02-03 12:59:29,03/02/2025 12:59,-,-,-,-,-,-,-
1490821,Entregas Finalizadas Fora de Manaus,8,-,-,2025-02-03 13:26:27,03/02/2025 13:26,-,-,-,-,-,-,-
1490816,Entregas Finalizadas Fora de Manaus,8,-,-,2025-02-02 09:31:47,02/02/2025 09:31,-,-,-,-,-,-,-
1490802,Entregas Finalizadas Manaus,6,-,-,2025-02-01 14:08:49,01/02/2025 14:08,-,-,-,-,-,-,-
1490797,Entregas Finalizadas Fora de Manaus,8,-,-,2025-02-06 14:04:04,06/02/2025 14:04,-,-,-,-,-,-,-
1490780,Entregas Finalizadas Manaus,6,-,-,2025-02-01 14:55:59,01/02/2025 14:55,-,-,-,-,-,-,-
1490754,Entregas Finalizadas Fora de Manaus,8,-,-,2025-02-03 17:55:30,03/02/2025 17:55,-,-,-,-,-,-,-
1490737,Entregas Finalizadas Fora de Manaus,8,-,-,2025-02-03 21:21:21,03/02/2025 21:21,-,-,-,-,-,-,-
1490731,Entregas Finalizadas Manaus,6,-,-,2025-02-01 13:40:10,01/02/2025 13:40,-,-,-,-,-,-,-
1490727,Entregas Finalizadas Fora de Manaus,8,-,-,2025-02-03 17:34:47,03/02/2025 17:34,-,-,-,-,-,-,-
1490721,Entregas Finalizadas Fora de Manaus,8,-,-,2025-02-02 09:38:13,02/02/2025 09:38,-,-,-,-,-,-,-
1490701,Entregas Finalizadas Fora de Manaus,8,-,-,2025-02-02 09:36:07,02/02/2025 09:36,-,-,-,-,-,-,-
1490699,Vendedor - Nova Encomenda,1,-,-,2025-01-31 18:02:12,31/01/2025 18:02,-,-,-,-,-,-,-
1490686,Entregas Finalizadas Fora de Manaus,8,-,-,2025-02-05 10:36:19,05/02/2025 10:36,-,-,-,-,-,-,-
1490683,Vendedor - Nova Encomenda,1,-,-,2025-01-31 17:56:41,31/01/2025 17:56,-,-,-,-,-,-,-
1490673,Vendedor - Nova Encomenda,1,-,-,2025-01-31 17:50:16,31/01/2025 17:50,-,-,-,-,-,-,-
1490666,Entregas Finalizadas Fora de Manaus,8,-,-,2025-02-01 18:04:13,01/02/2025 18:04,-,-,-,-,-,-,-
1490652,Entregas Finalizadas Fora de Manaus,8,-,-,2025-02-01 14:25:51,01/02/2025 14:25,-,-,-,-,-,-,-
1490650,Entregas Finalizadas Manaus,6,-,-,2025-02-01 14:08:49,01/02/2025 14:08,-,-,-,-,-,-,-
1490640,Entregas Finalizadas Fora de Manaus,8,-,-,2025-02-03 18:13:15,03/02/2025 18:13,-,-,-,-,-,-,-
1490558,Vendedor - Nova Encomenda,1,-,-,2025-01-31 16:51:26,31/01/2025 16:51,-,-,-,-,-,-,-
1490552,Vendedor - Nova Encomenda,1,-,-,2025-01-31 16:49:53,31/01/2025 16:49,-,-,-,-,-,-,-
1490541,Entregas Finalizadas Manaus,6,-,-,2025-01-31 17:27:24,31/01/2025 17:27,-,-,-,-,-,-,-
1490530,Entregas Finalizadas Fora de Manaus,8,-,-,2025-01-31 17:24:44,31/01/2025 17:24,-,-,-,-,-,-,-
1490457,Vendedor - Nova Encomenda,1,-,-,2025-01-31 15:57:17,31/01/2025 15:57,-,-,-,-,-,-,-
1490441,Entregas Finalizadas Fora de Manaus,8,-,-,2025-01-31 18:03:06,31/01/2025 18:03,-,-,-,-,-,-,-
1490422,Entregas Finalizadas Manaus,6,-,-,2025-02-01 13:59:25,01/02/2025 13:59,-,-,-,-,-,-,-
1490388,Entregas Finalizadas Manaus,6,-,-,2025-01-31 17:46:28,31/01/2025 17:46,-,-,-,-,-,-,-
1490342,Entregas Finalizadas Manaus,6,-,-,2025-01-31 20:58:25,31/01/2025 20:58,-,-,-,-,-,-,-
1490318,Entregas Finalizadas Fora de Manaus,8,-,-,2025-02-01 11:49:11,01/02/2025 11:49,-,-,-,-,-,-,-
1490231,Entregas Finalizadas Manaus,6,-,-,2025-01-31 19:40:14,31/01/2025 19:40,-,-,-,-,-,-,-
1489719,Entregas Finalizadas Fora de Manaus,8,-,-,2025-01-31 17:55:03,31/01/2025 17:55,-,-,-,-,-,-,-
1489545,Logística - Despacho da Encomenda,2,-,00:00 Horas,2025-01-31 15:01:54,31/01/2025 15:01,-,31/01/2025 15:01,-,-,-,-,-
1489471,Entregas Finalizadas Fora de Manaus,8,-,-,2025-02-01 11:52:54,01/02/2025 11:52,-,-,-,-,-,-,-
1489225,Entregas Finalizadas Manaus,6,-,-,2025-01-31 20:56:48,31/01/2025 20:56,-,-,-,-,-,-,-
1489133,Entregas Finalizadas Fora de Manaus,8,-,-,2025-01-31 18:00:36,31/01/2025 18:00,-,-,-,-,-,-,-
1489119,Entregas Finalizadas Manaus,6,-,-,2025-01-31 19:37:39,31/01/2025 19:37,-,-,-,-,-,-,-
1489099,Entregas Finalizadas Fora de Manaus,8,-,-,2025-02-01 14:23:01,01/02/2025 14:23,-,-,-,-,-,-,-
1489086,Entregas Finalizadas Fora de Manaus,8,-,-,2025-01-31 18:01:48,31/01/2025 18:01,-,-,-,-,-,-,-
1489075,Entregas Finalizadas Manaus,6,-,-,2025-01-31 18:41:27,31/01/2025 18:41,-,-,-,-,-,-,-
1489071,Entregas Finalizadas Manaus,6,-,-,2025-01-31 20:24:48,31/01/2025 20:24,-,-,-,-,-,-,-
1489058,Entregas Finalizadas Fora de Manaus,8,-,-,2025-01-31 18:30:54,31/01/2025 18:30,-,-,-,-,-,-,-
1489044,Entregas Finalizadas Fora de Manaus,8,-,-,2025-02-02 09:42:56,02/02/2025 09:42,-,-,-,-,-,-,-
1489014,Entregas Finalizadas Fora de Manaus,8,-,-,2025-02-04 17:48:12,04/02/2025 17:48,-,-,-,-,-,-,-
1489007,Entregas Finalizadas Manaus,6,-,-,2025-01-31 17:49:12,31/01/2025 17:49,-,-,-,-,-,-,-
1488987,Entregas Finalizadas Fora de Manaus,8,-,-,2025-02-01 11:51:57,01/02/2025 11:51,-,-,-,-,-,-,-
1488343,Entregas Finalizadas Manaus,6,-,-,2025-01-31 13:45:03,31/01/2025 13:45,-,-,-,-,-,-,-
1488124,Entregas Finalizadas Manaus,6,-,-,2025-01-31 18:24:42,31/01/2025 18:24,-,-,-,-,-,-,-
1486570,Entregas Finalizadas Manaus,6,-,-,2025-01-31 18:56:17,31/01/2025 18:56,-,-,-,-,-,-,-
1486537,Entregas Finalizadas Manaus,6,-,-,2025-01-31 11:41:33,31/01/2025 11:41,-,-,-,-,-,-,-
1486530,Entregas Finalizadas Fora de Manaus,8,-,-,2025-01-31 13:56:36,31/01/2025 13:56,-,-,-,-,-,-,-
1486497,Entregas Finalizadas Fora de Manaus,8,-,-,2025-01-31 13:17:56,31/01/2025 13:17,-,-,-,-,-,-,-
1486490,Entregas Finalizadas Fora de Manaus,8,-,-,2025-01-31 17:10:49,31/01/2025 17:10,-,-,-,-,-,-,-
1486391,Entregas Finalizadas Fora de Manaus,8,-,-,2025-01-31 12:27:32,31/01/2025 12:27,-,-,-,-,-,-,-
1486339,Entregas Finalizadas Fora de Manaus,8,-,-,2025-02-04 17:37:57,04/02/2025 17:37,-,-,-,-,-,-,-
1486124,Entregas Finalizadas Fora de Manaus,8,-,-,2025-01-31 17:24:57,31/01/2025 17:24,-,-,-,-,-,-,-
1486089,Entregas Finalizadas Manaus,6,-,-,2025-01-31 15:11:07,31/01/2025 15:11,-,-,-,-,-,-,-
1485645,Entregas Finalizadas Fora de Manaus,8,-,-,2025-01-31 12:32:21,31/01/2025 12:32,-,-,-,-,-,-,-
1485177,Entregas Finalizadas Fora de Manaus,8,-,-,2025-02-03 14:55:29,03/02/2025 14:55,-,-,-,-,-,-,-
1485173,Entregas Finalizadas Fora de Manaus,8,-,-,2025-01-31 13:32:31,31/01/2025 13:32,-,-,-,-,-,-,-
1485162,Entregas Finalizadas Fora de Manaus,8,-,-,2025-01-31 13:41:25,31/01/2025 13:41,-,-,-,-,-,-,-
1485158,Entregas Finalizadas Fora de Manaus,8,-,-,2025-02-03 13:54:07,03/02/2025 13:54,-,-,-,-,-,-,-
1485132,Entregas Finalizadas Fora de Manaus,8,-,-,2025-01-31 17:34:56,31/01/2025 17:34,-,-,-,-,-,-,-
1485127,Entregas Finalizadas Fora de Manaus,8,-,-,2025-01-31 17:23:31,31/01/2025 17:23,-,-,-,-,-,-,-
1485122,Vendedor - Nova Encomenda,1,-,-,2025-01-30 18:23:37,30/01/2025 18:23,-,-,-,-,-,-,-
1485114,Entregas Finalizadas Fora de Manaus,8,-,-,2025-01-31 13:29:56,31/01/2025 13:29,-,-,-,-,-,-,-
1485110,Entregas Finalizadas Fora de Manaus,8,-,-,2025-01-31 13:43:08,31/01/2025 13:43,-,-,-,-,-,-,-
1485106,Entregas Finalizadas Fora de Manaus,8,-,-,2025-01-31 17:34:51,31/01/2025 17:34,-,-,-,-,-,-,-
1484990,Entregas Finalizadas Manaus,6,-,-,2025-01-31 19:11:57,31/01/2025 19:11,-,-,-,-,-,-,-
1484985,Entregas Finalizadas Fora de Manaus,8,-,-,2025-01-31 17:22:23,31/01/2025 17:22,-,-,-,-,-,-,-
1484324,Entregas Finalizadas Manaus,6,-,-,2025-01-31 14:12:29,31/01/2025 14:12,-,-,-,-,-,-,-
1484168,Entregas Finalizadas Manaus,6,-,-,2025-01-30 17:36:01,30/01/2025 17:36,-,-,-,-,-,-,-
1483849,Entregas Finalizadas Fora de Manaus,8,-,-,2025-01-30 18:38:27,30/01/2025 18:38,-,-,-,-,-,-,-
1483790,Entregas Finalizadas Manaus,6,-,-,2025-01-30 18:11:16,30/01/2025 18:11,-,-,-,-,-,-,-
1483685,Entregas Finalizadas Fora de Manaus,8,-,-,2025-02-04 17:35:13,04/02/2025 17:35,-,-,-,-,-,-,-
1483389,Entregas Finalizadas Manaus,6,-,-,2025-01-30 18:10:32,30/01/2025 18:10,-,-,-,-,-,-,-
1483349,Entregas Finalizadas Manaus,6,-,-,2025-01-30 19:14:17,30/01/2025 19:14,-,-,-,-,-,-,-
1483317,Entregas Finalizadas Manaus,6,-,-,2025-01-31 21:07:08,31/01/2025 21:07,-,-,-,-,-,-,-
1483285,Entregas Finalizadas Manaus,6,-,-,2025-01-30 19:59:24,30/01/2025 19:59,-,-,-,-,-,-,-
1483269,Entregas Finalizadas Manaus,6,-,-,2025-01-30 18:35:45,30/01/2025 18:35,-,-,-,-,-,-,-
1483249,Entregas Finalizadas Manaus,6,-,-,2025-01-31 09:44:06,31/01/2025 09:44,-,-,-,-,-,-,-
1483247,Entregas Finalizadas Manaus,6,-,-,2025-01-31 18:32:25,31/01/2025 18:32,-,-,-,-,-,-,-
1483227,Entregas Finalizadas Manaus,6,-,-,2025-01-30 17:21:00,30/01/2025 17:21,-,-,-,-,-,-,-
1483217,Entregas Finalizadas Fora de Manaus,8,-,-,2025-01-30 13:27:37,30/01/2025 13:27,-,-,-,-,-,-,-
1483185,Entregas Finalizadas Fora de Manaus,8,-,-,2025-01-30 18:07:19,30/01/2025 18:07,-,-,-,-,-,-,-
1483046,Entregas Finalizadas Manaus,6,-,-,2025-01-30 16:59:16,30/01/2025 16:59,-,-,-,-,-,-,-
1482954,Entregas Finalizadas Fora de Manaus,8,-,-,2025-01-30 16:39:19,30/01/2025 16:39,-,-,-,-,-,-,-
1482951,Vendedor - Nova Encomenda,1,-,-,2025-01-30 11:27:22,30/01/2025 11:27,-,-,-,-,-,-,-
1482922,Entregas Finalizadas Fora de Manaus,8,-,-,2025-01-30 18:40:32,30/01/2025 18:40,-,-,-,-,-,-,-
1482917,Entregas Finalizadas Manaus,6,-,-,2025-01-30 13:23:28,30/01/2025 13:23,-,-,-,-,-,-,-
1482910,Entregas Finalizadas Manaus,6,-,-,2025-01-30 14:09:50,30/01/2025 14:09,-,-,-,-,-,-,-
1482907,Entregas Finalizadas Manaus,6,-,-,2025-01-30 20:34:18,30/01/2025 20:34,-,-,-,-,-,-,-
1482815,Entregas Finalizadas Fora de Manaus,8,-,-,2025-01-30 13:21:18,30/01/2025 13:21,-,-,-,-,-,-,-
1482578,Entregas Finalizadas Manaus,6,-,-,2025-01-30 16:00:52,30/01/2025 16:00,-,-,-,-,-,-,-
1482462,Entregas Finalizadas Fora de Manaus,8,-,-,2025-01-30 13:17:44,30/01/2025 13:17,-,-,-,-,-,-,-
1482393,Entregas Finalizadas Fora de Manaus,8,-,-,2025-01-30 17:14:46,30/01/2025 17:14,-,-,-,-,-,-,-
1482255,Entregas Finalizadas Fora de Manaus,8,-,-,2025-01-30 13:13:23,30/01/2025 13:13,-,-,-,-,-,-,-
1482250,Entregas Finalizadas Fora de Manaus,8,-,-,2025-01-30 18:45:27,30/01/2025 18:45,-,-,-,-,-,-,-
1482141,Entregas Finalizadas Fora de Manaus,8,-,-,2025-02-01 11:57:54,01/02/2025 11:57,-,-,-,-,-,-,-
1481897,Entregas Finalizadas Fora de Manaus,8,-,-,2025-01-30 13:19:11,30/01/2025 13:19,-,-,-,-,-,-,-
1481776,Entregas Finalizadas Fora de Manaus,8,-,-,2025-01-30 17:50:44,30/01/2025 17:50,-,-,-,-,-,-,-
1481499,Entregas Finalizadas Manaus,6,-,-,2025-01-30 13:38:37,30/01/2025 13:38,-,-,-,-,-,-,-
1481492,Entregas Finalizadas Fora de Manaus,8,-,-,2025-01-30 16:41:42,30/01/2025 16:41,-,-,-,-,-,-,-
1481478,Entregas Finalizadas Fora de Manaus,8,-,-,2025-01-30 13:39:30,30/01/2025 13:39,-,-,-,-,-,-,-
1481476,Vendedor - Nova Encomenda,1,-,-,2025-01-29 18:54:09,29/01/2025 18:54,-,-,-,-,-,-,-
1481470,Entregas Finalizadas Manaus,6,-,-,2025-01-30 13:40:59,30/01/2025 13:40,-,-,-,-,-,-,-
1481467,Entregas Finalizadas Fora de Manaus,8,-,-,2025-01-31 11:40:20,31/01/2025 11:40,-,-,-,-,-,-,-
1481462,Entregas Finalizadas Fora de Manaus,8,-,-,2025-01-30 13:29:07,30/01/2025 13:29,-,-,-,-,-,-,-
1481456,Entregas Finalizadas Fora de Manaus,8,-,-,2025-02-07 18:32:46,07/02/2025 18:32,-,-,-,-,-,-,-
1481453,Vendedor - Nova Encomenda,1,-,-,2025-01-29 18:37:05,29/01/2025 18:37,-,-,-,-,-,-,-
1481445,Entregas Finalizadas Manaus,6,-,-,2025-01-30 19:47:29,30/01/2025 19:47,-,-,-,-,-,-,-
1481437,Entregas Finalizadas Manaus,6,-,-,2025-01-30 14:35:17,30/01/2025 14:35,-,-,-,-,-,-,-
1481435,Entregas Finalizadas Fora de Manaus,8,-,-,2025-02-05 10:32:00,05/02/2025 10:32,-,-,-,-,-,-,-
1481433,Entregas Finalizadas Manaus,6,-,-,2025-01-30 16:43:26,30/01/2025 16:43,-,-,-,-,-,-,-
1481423,Entregas Finalizadas Fora de Manaus,8,-,-,2025-01-30 13:47:23,30/01/2025 13:47,-,-,-,-,-,-,-
1481414,Entregas Finalizadas Manaus,6,-,-,2025-01-30 13:30:39,30/01/2025 13:30,-,-,-,-,-,-,-
1481411,Entregas Finalizadas Fora de Manaus,8,-,-,2025-01-30 18:13:42,30/01/2025 18:13,-,-,-,-,-,-,-
1481400,Entregas Finalizadas Fora de Manaus,8,-,-,2025-02-03 17:33:31,03/02/2025 17:33,-,-,-,-,-,-,-
1481310,Entregas Finalizadas Manaus,6,-,-,2025-01-30 17:26:31,30/01/2025 17:26,-,-,-,-,-,-,-
1481295,Vendedor - Nova Encomenda,1,-,-,2025-01-29 17:08:54,29/01/2025 17:08,-,-,-,-,-,-,-
1481281,Entregas Finalizadas Manaus,6,-,-,2025-01-30 13:00:27,30/01/2025 13:00,-,-,-,-,-,-,-
1481097,Entregas Finalizadas Manaus,6,-,-,2025-01-29 17:45:59,29/01/2025 17:45,-,-,-,-,-,-,-
1480962,Entregas Finalizadas Manaus,6,-,-,2025-01-30 14:27:31,30/01/2025 14:27,-,-,-,-,-,-,-
1480941,Entregas Finalizadas Fora de Manaus,8,-,-,2025-01-30 17:41:51,30/01/2025 17:41,-,-,-,-,-,-,-
1480785,Entregas Finalizadas Manaus,6,-,-,2025-01-29 17:11:56,29/01/2025 17:11,-,-,-,-,-,-,-
1480706,Entregas Finalizadas Manaus,6,-,-,2025-01-29 18:41:35,29/01/2025 18:41,-,-,-,-,-,-,-
1480639,Entregas Finalizadas Manaus,6,-,-,2025-01-29 18:20:13,29/01/2025 18:20,-,-,-,-,-,-,-
1480461,Entregas Finalizadas Fora de Manaus,8,-,-,2025-01-29 16:58:41,29/01/2025 16:58,-,-,-,-,-,-,-
1480430,Entregas Finalizadas Manaus,6,-,-,2025-01-29 17:09:49,29/01/2025 17:09,-,-,-,-,-,-,-
1479883,Entregas Finalizadas Fora de Manaus,8,-,-,2025-01-29 14:43:25,29/01/2025 14:43,-,-,-,-,-,-,-
1479798,Entregas Finalizadas Manaus,6,-,-,2025-01-29 14:32:44,29/01/2025 14:32,-,-,-,-,-,-,-
1479578,Entregas Finalizadas Fora de Manaus,8,-,-,2025-01-29 17:44:48,29/01/2025 17:44,-,-,-,-,-,-,-
1479510,Entregas Finalizadas Fora de Manaus,8,-,-,2025-01-30 13:07:09,30/01/2025 13:07,-,-,-,-,-,-,-
1479503,Entregas Finalizadas Manaus,6,-,-,2025-01-30 18:48:58,30/01/2025 18:48,-,-,-,-,-,-,-
1479491,Entregas Finalizadas Manaus,6,-,-,2025-01-29 18:09:24,29/01/2025 18:09,-,-,-,-,-,-,-
1479484,Entregas Finalizadas Fora de Manaus,8,-,-,2025-01-29 18:02:49,29/01/2025 18:02,-,-,-,-,-,-,-
1479465,Entregas Finalizadas Fora de Manaus,8,-,-,2025-01-30 13:10:25,30/01/2025 13:10,-,-,-,-,-,-,-
1479455,Entregas Finalizadas Fora de Manaus,8,-,-,2025-01-30 18:55:35,30/01/2025 18:55,-,-,-,-,-,-,-
1479448,Entregas Finalizadas Fora de Manaus,8,-,-,2025-02-01 11:47:55,01/02/2025 11:47,-,-,-,-,-,-,-
1479408,Entregas Finalizadas Fora de Manaus,8,-,-,2025-01-29 17:14:54,29/01/2025 17:14,-,-,-,-,-,-,-
1479394,Entregas Finalizadas Fora de Manaus,8,-,-,2025-01-29 17:49:50,29/01/2025 17:49,-,-,-,-,-,-,-
1479186,Entregas Finalizadas Fora de Manaus,8,-,-,2025-01-30 13:16:21,30/01/2025 13:16,-,-,-,-,-,-,-
1478962,Entregas Finalizadas Manaus,6,-,-,2025-01-29 17:54:56,29/01/2025 17:54,-,-,-,-,-,-,-
1478912,Entregas Finalizadas Fora de Manaus,8,-,-,2025-01-30 17:04:06,30/01/2025 17:04,-,-,-,-,-,-,-
1478191,Entregas Finalizadas Fora de Manaus,8,-,-,2025-01-29 17:31:44,29/01/2025 17:31,-,-,-,-,-,-,-
1477600,Entregas Finalizadas Fora de Manaus,8,-,-,2025-01-30 13:15:15,30/01/2025 13:15,-,-,-,-,-,-,-
1477586,Entregas Finalizadas Fora de Manaus,8,-,-,2025-01-29 16:58:11,29/01/2025 16:58,-,-,-,-,-,-,-
1477386,Entregas Finalizadas Fora de Manaus,8,-,-,2025-01-29 13:13:10,29/01/2025 13:13,-,-,-,-,-,-,-
1477233,Entregas Finalizadas Fora de Manaus,8,-,-,2025-01-29 13:04:50,29/01/2025 13:04,-,-,-,-,-,-,-
1477114,Entregas Finalizadas Fora de Manaus,8,-,-,2025-01-30 17:20:04,30/01/2025 17:20,-,-,-,-,-,-,-
1476998,Entregas Finalizadas Manaus,6,-,-,2025-01-29 13:26:09,29/01/2025 13:26,-,-,-,-,-,-,-
1476994,Entregas Finalizadas Manaus,6,-,-,2025-01-29 14:02:50,29/01/2025 14:02,-,-,-,-,-,-,-
1476987,Entregas Finalizadas Fora de Manaus,8,-,-,2025-01-29 13:50:48,29/01/2025 13:50,-,-,-,-,-,-,-
1476981,Entregas Finalizadas Manaus,6,-,-,2025-01-29 13:13:29,29/01/2025 13:13,-,-,-,-,-,-,-
1476978,Vendedor - Nova Encomenda,1,-,-,2025-01-28 18:39:35,28/01/2025 18:39,-,-,-,-,-,-,-
1476976,Entregas Finalizadas Fora de Manaus,8,-,-,2025-01-29 13:38:23,29/01/2025 13:38,-,-,-,-,-,-,-
1476969,Entregas Finalizadas Fora de Manaus,8,-,-,2025-01-29 13:03:46,29/01/2025 13:03,-,-,-,-,-,-,-
1476947,Entregas Finalizadas Fora de Manaus,8,-,-,2025-01-29 12:58:08,29/01/2025 12:58,-,-,-,-,-,-,-
1476938,Entregas Finalizadas Fora de Manaus,8,-,-,2025-01-29 13:06:06,29/01/2025 13:06,-,-,-,-,-,-,-
1476882,Entregas Finalizadas Manaus,6,-,-,2025-01-29 15:10:58,29/01/2025 15:10,-,-,-,-,-,-,-
1476876,Entregas Finalizadas Fora de Manaus,8,-,-,2025-01-29 18:00:50,29/01/2025 18:00,-,-,-,-,-,-,-
1476865,Entregas Finalizadas Fora de Manaus,8,-,-,2025-01-29 13:05:12,29/01/2025 13:05,-,-,-,-,-,-,-
1476840,Entregas Finalizadas Fora de Manaus,8,-,-,2025-01-29 13:14:21,29/01/2025 13:14,-,-,-,-,-,-,-
1476818,Entregas Finalizadas Manaus,6,-,-,2025-01-29 14:48:14,29/01/2025 14:48,-,-,-,-,-,-,-
1476698,Entregas Finalizadas Manaus,6,-,-,2025-01-29 14:18:09,29/01/2025 14:18,-,-,-,-,-,-,-
1476643,Entregas Finalizadas Fora de Manaus,8,-,-,2025-01-29 17:59:43,29/01/2025 17:59,-,-,-,-,-,-,-
1476619,Entregas Finalizadas Fora de Manaus,8,-,-,2025-01-30 17:35:21,30/01/2025 17:35,-,-,-,-,-,-,-
1476616,Entregas Finalizadas Fora de Manaus,8,-,-,2025-01-28 17:10:03,28/01/2025 17:10,-,-,-,-,-,-,-
1476599,Entregas Finalizadas Fora de Manaus,8,-,-,2025-01-28 17:06:48,28/01/2025 17:06,-,-,-,-,-,-,-
1476592,Entregas Finalizadas Fora de Manaus,8,-,-,2025-01-29 13:19:30,29/01/2025 13:19,-,-,-,-,-,-,-
1476437,Entregas Finalizadas Fora de Manaus,8,-,-,2025-01-28 16:56:47,28/01/2025 16:56,-,-,-,-,-,-,-
1476399,Entregas Finalizadas Fora de Manaus,8,-,-,2025-01-28 17:02:06,28/01/2025 17:02,-,-,-,-,-,-,-
1476395,Entregas Finalizadas Fora de Manaus,8,-,-,2025-01-28 17:07:05,28/01/2025 17:07,-,-,-,-,-,-,-
1476099,Entregas Finalizadas Fora de Manaus,8,-,-,2025-01-28 18:01:27,28/01/2025 18:01,-,-,-,-,-,-,-
1476088,Entregas Finalizadas Fora de Manaus,8,-,-,2025-01-29 16:56:10,29/01/2025 16:56,-,-,-,-,-,-,-
1475994,Entregas Finalizadas Manaus,6,-,-,2025-01-28 17:51:21,28/01/2025 17:51,-,-,-,-,-,-,-
1475969,Entregas Finalizadas Fora de Manaus,8,-,-,2025-01-29 11:50:44,29/01/2025 11:50,-,-,-,-,-,-,-
1475943,Entregas Finalizadas Fora de Manaus,8,-,-,2025-01-28 17:06:24,28/01/2025 17:06,-,-,-,-,-,-,-
1475846,Entregas Finalizadas Manaus,6,-,-,2025-01-28 18:13:17,28/01/2025 18:13,-,-,-,-,-,-,-
1475659,Entregas Finalizadas Fora de Manaus,8,-,-,2025-01-28 17:26:03,28/01/2025 17:26,-,-,-,-,-,-,-
1475533,Vendedor - Nova Encomenda,1,-,-,2025-01-28 13:22:16,28/01/2025 13:22,-,-,-,-,-,-,-
1475423,Entregas Finalizadas Manaus,6,-,-,2025-01-28 18:05:40,28/01/2025 18:05,-,-,-,-,-,-,-
1475394,Entregas Finalizadas Manaus,6,-,-,2025-01-28 17:48:48,28/01/2025 17:48,-,-,-,-,-,-,-
1475370,Vendedor - Nova Encomenda,1,-,-,2025-01-28 12:32:46,28/01/2025 12:32,-,-,-,-,-,-,-
1475365,Entregas Finalizadas Manaus,6,-,-,2025-01-28 15:04:16,28/01/2025 15:04,-,-,-,-,-,-,-
1475360,Entregas Finalizadas Manaus,6,-,-,2025-01-28 18:04:20,28/01/2025 18:04,-,-,-,-,-,-,-
1475344,Entregas Finalizadas Fora de Manaus,8,-,-,2025-01-28 17:03:40,28/01/2025 17:03,-,-,-,-,-,-,-
1475334,Vendedor - Nova Encomenda,1,-,-,2025-01-28 12:14:59,28/01/2025 12:14,-,-,-,-,-,-,-
1475255,Entregas Finalizadas Fora de Manaus,8,-,-,2025-01-28 17:28:50,28/01/2025 17:28,-,-,-,-,-,-,-
1475127,Entregas Finalizadas Manaus,6,-,-,2025-01-28 20:05:21,28/01/2025 20:05,-,-,-,-,-,-,-
1475114,Entregas Finalizadas Manaus,6,-,-,2025-01-28 17:18:05,28/01/2025 17:18,-,-,-,-,-,-,-
1475008,Entregas Finalizadas Manaus,6,-,-,2025-01-29 14:47:34,29/01/2025 14:47,-,-,-,-,-,-,-
1474800,Entregas Finalizadas Fora de Manaus,8,-,-,2025-01-28 17:49:46,28/01/2025 17:49,-,-,-,-,-,-,-
1474617,Vendedor - Nova Encomenda,1,-,-,2025-01-28 11:11:02,28/01/2025 11:11,-,-,-,-,-,-,-
1474614,Vendedor - Nova Encomenda,1,-,-,2025-01-28 11:10:26,28/01/2025 11:10,-,-,-,-,-,-,-
1474598,Entregas Finalizadas Fora de Manaus,8,-,-,2025-01-29 13:25:43,29/01/2025 13:25,-,-,-,-,-,-,-
1474521,Vendedor - Nova Encomenda,1,-,-,2025-01-28 11:02:08,28/01/2025 11:02,-,-,-,-,-,-,-
1474291,Entregas Finalizadas Fora de Manaus,8,-,-,2025-01-28 14:41:24,28/01/2025 14:41,-,-,-,-,-,-,-
1474147,Entregas Finalizadas Fora de Manaus,8,-,-,2025-01-28 14:16:40,28/01/2025 14:16,-,-,-,-,-,-,-
1474141,Entregas Finalizadas Manaus,6,-,-,2025-01-28 15:17:32,28/01/2025 15:17,-,-,-,-,-,-,-
1474061,Entregas Finalizadas Fora de Manaus,8,-,-,2025-01-28 13:17:58,28/01/2025 13:17,-,-,-,-,-,-,-
1473909,Entregas Finalizadas Manaus,6,-,-,2025-01-28 13:18:03,28/01/2025 13:18,-,-,-,-,-,-,-
1473480,Entregas Finalizadas Fora de Manaus,8,-,-,2025-01-29 13:53:04,29/01/2025 13:53,-,-,-,-,-,-,-
1473450,Entregas Finalizadas Fora de Manaus,8,-,-,2025-01-28 14:18:53,28/01/2025 14:18,-,-,-,-,-,-,-
1473431,Entregas Finalizadas Fora de Manaus,8,-,-,2025-01-28 18:34:30,28/01/2025 18:34,-,-,-,-,-,-,-
1472960,Entregas Finalizadas Fora de Manaus,8,-,-,2025-01-28 18:15:34,28/01/2025 18:15,-,-,-,-,-,-,-
1472711,Entregas Finalizadas Fora de Manaus,8,-,-,2025-01-28 12:38:55,28/01/2025 12:38,-,-,-,-,-,-,-
1472659,Entregas Finalizadas Fora de Manaus,8,-,-,2025-01-31 11:48:01,31/01/2025 11:48,-,-,-,-,-,-,-
1472647,Entregas Finalizadas Fora de Manaus,8,-,-,2025-01-28 12:40:08,28/01/2025 12:40,-,-,-,-,-,-,-
1472641,Entregas Finalizadas Fora de Manaus,8,-,-,2025-01-28 13:28:50,28/01/2025 13:28,-,-,-,-,-,-,-
1472630,Entregas Finalizadas Fora de Manaus,8,-,-,2025-01-28 17:45:10,28/01/2025 17:45,-,-,-,-,-,-,-
1472585,Entregas Finalizadas Manaus,6,-,-,2025-01-28 13:27:29,28/01/2025 13:27,-,-,-,-,-,-,-
1472577,Entregas Finalizadas Fora de Manaus,8,-,-,2025-01-28 16:48:54,28/01/2025 16:48,-,-,-,-,-,-,-
1472513,Entregas Finalizadas Manaus,6,-,-,2025-01-28 14:05:48,28/01/2025 14:05,-,-,-,-,-,-,-
1472490,Vendedor - Nova Encomenda,1,-,-,2025-01-27 17:02:10,27/01/2025 17:02,-,-,-,-,-,-,-
1472425,Entregas Finalizadas Fora de Manaus,8,-,-,2025-01-28 13:21:24,28/01/2025 13:21,-,-,-,-,-,-,-
1472390,Entregas Finalizadas Manaus,6,-,-,2025-01-28 14:37:35,28/01/2025 14:37,-,-,-,-,-,-,-
1472382,Entregas Finalizadas Fora de Manaus,8,-,-,2025-01-27 18:17:10,27/01/2025 18:17,-,-,-,-,-,-,-
1472020,Entregas Finalizadas Fora de Manaus,8,-,-,2025-01-28 13:35:58,28/01/2025 13:35,-,-,-,-,-,-,-
1472012,Entregas Finalizadas Manaus,6,-,-,2025-01-27 19:00:30,27/01/2025 19:00,-,-,-,-,-,-,-
1471932,Entregas Finalizadas Manaus,6,-,-,2025-01-27 18:04:24,27/01/2025 18:04,-,-,-,-,-,-,-
1471910,Entregas Finalizadas Fora de Manaus,8,-,-,2025-01-27 17:25:45,27/01/2025 17:25,-,-,-,-,-,-,-
1471802,Entregas Finalizadas Manaus,6,-,-,2025-01-27 17:40:44,27/01/2025 17:40,-,-,-,-,-,-,-
1471795,Entregas Finalizadas Fora de Manaus,8,-,-,2025-01-27 17:54:18,27/01/2025 17:54,-,-,-,-,-,-,-
1471578,Vendedor - Nova Encomenda,1,-,-,2025-01-27 14:21:24,27/01/2025 14:21,-,-,-,-,-,-,-
1471571,Entregas Finalizadas Fora de Manaus,8,-,-,2025-01-28 14:24:06,28/01/2025 14:24,-,-,-,-,-,-,-
1471507,Entregas Finalizadas Fora de Manaus,8,-,-,2025-01-27 17:01:26,27/01/2025 17:01,-,-,-,-,-,-,-
1471112,Entregas Finalizadas Fora de Manaus,8,-,-,2025-01-29 18:01:45,29/01/2025 18:01,-,-,-,-,-,-,-
1471052,Entregas Finalizadas Fora de Manaus,8,-,-,2025-01-27 17:07:22,27/01/2025 17:07,-,-,-,-,-,-,-
1471022,Entregas Finalizadas Manaus,6,-,-,2025-01-27 17:26:32,27/01/2025 17:26,-,-,-,-,-,-,-
1470955,Entregas Finalizadas Fora de Manaus,8,-,-,2025-01-27 15:18:42,27/01/2025 15:18,-,-,-,-,-,-,-
1470949,Entregas Finalizadas Manaus,6,-,-,2025-01-27 19:01:21,27/01/2025 19:01,-,-,-,-,-,-,-
1470923,Entregas Finalizadas Manaus,6,-,-,2025-01-27 17:10:40,27/01/2025 17:10,-,-,-,-,-,-,-
1470917,Vendedor - Nova Encomenda,1,-,-,2025-01-27 12:27:04,27/01/2025 12:27,-,-,-,-,-,-,-
1470887,Entregas Finalizadas Fora de Manaus,8,-,-,2025-01-27 16:59:17,27/01/2025 16:59,-,-,-,-,-,-,-
1470833,Entregas Finalizadas Manaus,6,-,-,2025-01-27 17:47:01,27/01/2025 17:47,-,-,-,-,-,-,-
1470781,Entregas Finalizadas Fora de Manaus,8,-,-,2025-01-31 11:49:45,31/01/2025 11:49,-,-,-,-,-,-,-
1470514,Entregas Finalizadas Fora de Manaus,8,-,-,2025-01-27 17:07:41,27/01/2025 17:07,-,-,-,-,-,-,-
1470351,Entregas Finalizadas Fora de Manaus,8,-,-,2025-01-27 17:15:36,27/01/2025 17:15,-,-,-,-,-,-,-
1470236,Entregas Finalizadas Manaus,6,-,-,2025-01-27 14:29:56,27/01/2025 14:29,-,-,-,-,-,-,-
1470122,Entregas Finalizadas Fora de Manaus,8,-,-,2025-01-28 13:55:06,28/01/2025 13:55,-,-,-,-,-,-,-
1470097,Vendedor - Nova Encomenda,1,-,-,2025-01-27 11:05:13,27/01/2025 11:05,-,-,-,-,-,-,-
1470060,Entregas Finalizadas Fora de Manaus,8,-,-,2025-01-30 17:06:00,30/01/2025 17:06,-,-,-,-,-,-,-
1470035,Entregas Finalizadas Manaus,6,-,-,2025-01-27 18:05:13,27/01/2025 18:05,-,-,-,-,-,-,-
1470032,Entregas Finalizadas Fora de Manaus,8,-,-,2025-01-27 17:00:10,27/01/2025 17:00,-,-,-,-,-,-,-
1469879,Vendedor - Nova Encomenda,1,-,-,2025-01-27 10:42:26,27/01/2025 10:42,-,-,-,-,-,-,-
1469822,Entregas Finalizadas Fora de Manaus,8,-,-,2025-01-27 18:10:21,27/01/2025 18:10,-,-,-,-,-,-,-
1469756,Entregas Finalizadas Manaus,6,-,-,2025-01-27 15:19:18,27/01/2025 15:19,-,-,-,-,-,-,-
1469478,Entregas Finalizadas Fora de Manaus,8,-,-,2025-01-27 13:34:29,27/01/2025 13:34,-,-,-,-,-,-,-
1469283,Entregas Finalizadas Manaus,6,-,-,2025-01-28 20:28:48,28/01/2025 20:28,-,-,-,-,-,-,-
1469280,Entregas Finalizadas Fora de Manaus,8,-,-,2025-01-27 18:11:15,27/01/2025 18:11,-,-,-,-,-,-,-
1469160,Entregas Finalizadas Fora de Manaus,8,-,-,2025-01-27 17:12:13,27/01/2025 17:12,-,-,-,-,-,-,-
1468311,Entregas Finalizadas Fora de Manaus,8,-,-,2025-01-27 13:03:04,27/01/2025 13:03,-,-,-,-,-,-,-
1468236,Entregas Finalizadas Fora de Manaus,8,-,-,2025-01-27 12:27:10,27/01/2025 12:27,-,-,-,-,-,-,-
1467619,Vendedor - Nova Encomenda,1,-,-,2025-01-25 15:24:06,25/01/2025 15:24,-,-,-,-,-,-,-
1467614,Vendedor - Nova Encomenda,1,-,-,2025-01-25 15:16:57,25/01/2025 15:16,-,-,-,-,-,-,-
1467611,Vendedor - Nova Encomenda,1,-,-,2025-01-25 15:10:29,25/01/2025 15:10,-,-,-,-,-,-,-
1467576,Vendedor - Nova Encomenda,1,-,-,2025-01-25 14:20:08,25/01/2025 14:20,-,-,-,-,-,-,-
1467572,Vendedor - Nova Encomenda,1,-,-,2025-01-25 14:13:23,25/01/2025 14:13,-,-,-,-,-,-,-
1467548,Entregas Finalizadas Fora de Manaus,8,-,-,2025-01-27 12:18:24,27/01/2025 12:18,-,-,-,-,-,-,-
1467546,Vendedor - Nova Encomenda,1,-,-,2025-01-25 13:42:49,25/01/2025 13:42,-,-,-,-,-,-,-
1467531,Entregas Finalizadas Fora de Manaus,8,-,-,2025-01-30 13:08:38,30/01/2025 13:08,-,-,-,-,-,-,-
1467517,Entregas Finalizadas Fora de Manaus,8,-,-,2025-01-27 17:24:27,27/01/2025 17:24,-,-,-,-,-,-,-
1467508,Vendedor - Nova Encomenda,1,-,-,2025-01-25 12:51:42,25/01/2025 12:51,-,-,-,-,-,-,-
1467453,Vendedor - Nova Encomenda,1,-,-,2025-01-25 12:03:01,25/01/2025 12:03,-,-,-,-,-,-,-
1467449,Entregas Finalizadas Manaus,6,-,-,2025-01-27 13:23:59,27/01/2025 13:23,-,-,-,-,-,-,-
1467436,Entregas Finalizadas Manaus,6,-,-,2025-01-25 13:51:49,25/01/2025 13:51,-,-,-,-,-,-,-
1467399,Entregas Finalizadas Fora de Manaus,8,-,-,2025-01-28 16:08:51,28/01/2025 16:08,-,-,-,-,-,-,-
1465969,Entregas Finalizadas Manaus,6,-,-,2025-01-25 15:17:37,25/01/2025 15:17,-,-,-,-,-,-,-
1465822,Entregas Finalizadas Manaus,6,-,-,2025-01-25 14:26:23,25/01/2025 14:26,-,-,-,-,-,-,-
1465739,Entregas Finalizadas Fora de Manaus,8,-,-,2025-01-25 13:08:50,25/01/2025 13:08,-,-,-,-,-,-,-
1465732,Entregas Finalizadas Fora de Manaus,8,-,-,2025-01-25 13:37:30,25/01/2025 13:37,-,-,-,-,-,-,-
1465679,Entregas Finalizadas Fora de Manaus,8,-,-,2025-01-27 13:53:26,27/01/2025 13:53,-,-,-,-,-,-,-
1465674,Entregas Finalizadas Manaus,6,-,-,2025-01-25 15:10:44,25/01/2025 15:10,-,-,-,-,-,-,-
1465640,Vendedor - Nova Encomenda,1,-,-,2025-01-24 17:45:01,24/01/2025 17:45,-,-,-,-,-,-,-
1465574,Entregas Finalizadas Fora de Manaus,8,-,-,2025-01-28 13:07:29,28/01/2025 13:07,-,-,-,-,-,-,-
1465489,Entregas Finalizadas Fora de Manaus,8,-,-,2025-01-24 17:49:27,24/01/2025 17:49,-,-,-,-,-,-,-
1465289,Entregas Finalizadas Fora de Manaus,8,-,-,2025-01-24 17:42:37,24/01/2025 17:42,-,-,-,-,-,-,-
1465240,Entregas Finalizadas Manaus,6,-,-,2025-01-24 17:57:50,24/01/2025 17:57,-,-,-,-,-,-,-
1465043,Entregas Finalizadas Manaus,6,-,-,2025-01-24 17:00:37,24/01/2025 17:00,-,-,-,-,-,-,-
1464909,Entregas Finalizadas Manaus,6,-,-,2025-01-24 17:55:23,24/01/2025 17:55,-,-,-,-,-,-,-
1464851,Entregas Finalizadas Fora de Manaus,8,-,-,2025-01-24 17:41:13,24/01/2025 17:41,-,-,-,-,-,-,-
1464825,Entregas Finalizadas Manaus,6,-,-,2025-01-24 18:10:50,24/01/2025 18:10,-,-,-,-,-,-,-
1464729,Entregas Finalizadas Fora de Manaus,8,-,-,2025-01-24 17:19:00,24/01/2025 17:19,-,-,-,-,-,-,-
1464702,Entregas Finalizadas Fora de Manaus,8,-,-,2025-01-24 17:23:55,24/01/2025 17:23,-,-,-,-,-,-,-
1464323,Entregas Finalizadas Manaus,6,-,-,2025-01-24 19:06:52,24/01/2025 19:06,-,-,-,-,-,-,-
1464166,Entregas Finalizadas Manaus,6,-,-,2025-01-24 17:37:50,24/01/2025 17:37,-,-,-,-,-,-,-
1464141,Entregas Finalizadas Manaus,6,-,-,2025-01-25 11:58:23,25/01/2025 11:58,-,-,-,-,-,-,-
1464133,Entregas Finalizadas Fora de Manaus,8,-,-,2025-01-25 12:51:37,25/01/2025 12:51,-,-,-,-,-,-,-
1463989,Entregas Finalizadas Manaus,6,-,-,2025-01-24 18:44:14,24/01/2025 18:44,-,-,-,-,-,-,-
1463915,Entregas Finalizadas Fora de Manaus,8,-,-,2025-01-24 17:42:11,24/01/2025 17:42,-,-,-,-,-,-,-
1463706,Entregas Finalizadas Fora de Manaus,8,-,-,2025-01-24 13:46:53,24/01/2025 13:46,-,-,-,-,-,-,-
1463567,Entregas Finalizadas Manaus,6,-,-,2025-01-24 13:50:07,24/01/2025 13:50,-,-,-,-,-,-,-
1463455,Vendedor - Nova Encomenda,1,-,-,2025-01-24 11:03:08,24/01/2025 11:03,-,-,-,-,-,-,-
1463259,Entregas Finalizadas Fora de Manaus,8,-,-,2025-01-26 14:01:20,26/01/2025 14:01,-,-,-,-,-,-,-
1462898,Entregas Finalizadas Fora de Manaus,8,-,-,2025-01-24 18:23:30,24/01/2025 18:23,-,-,-,-,-,-,-
1462896,Entregas Finalizadas Manaus,6,-,-,2025-01-24 18:24:11,24/01/2025 18:24,-,-,-,-,-,-,-
1462800,Vendedor - Nova Encomenda,1,-,-,2025-01-24 10:13:44,24/01/2025 10:13,-,-,-,-,-,-,-
1462798,Entregas Finalizadas Fora de Manaus,8,-,-,2025-01-24 18:14:08,24/01/2025 18:14,-,-,-,-,-,-,-
1462789,Entregas Finalizadas Fora de Manaus,8,-,-,2025-01-24 18:12:48,24/01/2025 18:12,-,-,-,-,-,-,-
1462761,Entregas Finalizadas Manaus,6,-,-,2025-01-24 18:51:07,24/01/2025 18:51,-,-,-,-,-,-,-
1462719,Entregas Finalizadas Fora de Manaus,8,-,-,2025-01-24 13:30:19,24/01/2025 13:30,-,-,-,-,-,-,-
1462575,Entregas Finalizadas Fora de Manaus,8,-,-,2025-01-25 13:40:07,25/01/2025 13:40,-,-,-,-,-,-,-
1462381,Entregas Finalizadas Fora de Manaus,8,-,-,2025-01-24 13:04:25,24/01/2025 13:04,-,-,-,-,-,-,-
1461566,Entregas Finalizadas Fora de Manaus,8,-,-,2025-01-24 17:46:35,24/01/2025 17:46,-,-,-,-,-,-,-
1461473,Entregas Finalizadas Fora de Manaus,8,-,-,2025-01-28 13:58:19,28/01/2025 13:58,-,-,-,-,-,-,-
1461434,Entregas Finalizadas Fora de Manaus,8,-,-,2025-01-24 18:08:24,24/01/2025 18:08,-,-,-,-,-,-,-
1461432,Vendedor - Nova Encomenda,1,-,-,2025-01-23 17:46:07,23/01/2025 17:46,-,-,-,-,-,-,-
1461418,Entregas Finalizadas Manaus,6,-,-,2025-01-24 13:57:23,24/01/2025 13:57,-,-,-,-,-,-,-
1461415,Entregas Finalizadas Fora de Manaus,8,-,-,2025-01-24 13:45:22,24/01/2025 13:45,-,-,-,-,-,-,-
1461411,Vendedor - Nova Encomenda,1,-,-,2025-01-23 17:35:46,23/01/2025 17:35,-,-,-,-,-,-,-
1461405,Entregas Finalizadas Fora de Manaus,8,-,-,2025-01-26 13:57:29,26/01/2025 13:57,-,-,-,-,-,-,-
1461326,Entregas Finalizadas Manaus,6,-,-,2025-01-24 13:51:48,24/01/2025 13:51,-,-,-,-,-,-,-
1461288,Canceladas,X,lojaedu@mondellebrasil.com.br,-,2025-01-23 17:46:46,23/01/2025 17:46,-,-,-,-,-,-,-
1461236,Entregas Finalizadas Manaus,6,-,-,2025-01-23 17:26:53,23/01/2025 17:26,-,-,-,-,-,-,-
1461209,Entregas Finalizadas Fora de Manaus,8,-,-,2025-01-23 17:07:56,23/01/2025 17:07,-,-,-,-,-,-,-
1461177,Entregas Finalizadas Fora de Manaus,8,-,-,2025-01-24 12:50:50,24/01/2025 12:50,-,-,-,-,-,-,-
1461138,Entregas Finalizadas Manaus,6,-,-,2025-01-23 16:52:52,23/01/2025 16:52,-,-,-,-,-,-,-
1460996,Entregas Finalizadas Manaus,6,-,-,2025-01-23 17:14:20,23/01/2025 17:14,-,-,-,-,-,-,-
1460906,Entregas Finalizadas Manaus,6,-,-,2025-01-23 20:11:47,23/01/2025 20:11,-,-,-,-,-,-,-
1460680,Entregas Finalizadas Fora de Manaus,8,-,-,2025-01-23 17:41:54,23/01/2025 17:41,-,-,-,-,-,-,-
1460383,Entregas Finalizadas Fora de Manaus,8,-,-,2025-01-23 17:01:31,23/01/2025 17:01,-,-,-,-,-,-,-
1460249,Entregas Finalizadas Fora de Manaus,8,-,-,2025-01-23 17:24:54,23/01/2025 17:24,-,-,-,-,-,-,-
1460200,Vendedor - Nova Encomenda,1,-,-,2025-01-23 13:42:19,23/01/2025 13:42,-,-,-,-,-,-,-
1460083,Entregas Finalizadas Manaus,6,-,-,2025-01-23 17:55:06,23/01/2025 17:55,-,-,-,-,-,-,-
1459852,Entregas Finalizadas Manaus,6,-,-,2025-01-23 19:51:26,23/01/2025 19:51,-,-,-,-,-,-,-
1459800,Entregas Finalizadas Manaus,6,-,-,2025-01-23 20:23:50,23/01/2025 20:23,-,-,-,-,-,-,-
1459763,Entregas Finalizadas Manaus,6,-,-,2025-01-23 18:32:21,23/01/2025 18:32,-,-,-,-,-,-,-
1459761,Entregas Finalizadas Fora de Manaus,8,-,-,2025-01-23 16:27:52,23/01/2025 16:27,-,-,-,-,-,-,-
1459757,Entregas Finalizadas Manaus,6,-,-,2025-01-23 18:00:46,23/01/2025 18:00,-,-,-,-,-,-,-
1459740,Vendedor - Nova Encomenda,1,-,-,2025-01-23 12:17:34,23/01/2025 12:17,-,-,-,-,-,-,-
1458906,Entregas Finalizadas Fora de Manaus,8,-,-,2025-01-24 18:45:49,24/01/2025 18:45,-,-,-,-,-,-,-
1458846,Vendedor - Nova Encomenda,1,-,-,2025-01-23 10:37:50,23/01/2025 10:37,-,-,-,-,-,-,-
1458351,Entregas Finalizadas Fora de Manaus,8,-,-,2025-01-23 18:08:09,23/01/2025 18:08,-,-,-,-,-,-,-
1458349,Entregas Finalizadas Manaus,6,-,-,2025-01-23 15:13:43,23/01/2025 15:13,-,-,-,-,-,-,-
1458215,Entregas Finalizadas Fora de Manaus,8,-,-,2025-01-23 12:26:51,23/01/2025 12:26,-,-,-,-,-,-,-
1458144,Entregas Finalizadas Manaus,6,-,-,2025-01-23 14:11:39,23/01/2025 14:11,-,-,-,-,-,-,-
1457797,Entregas Finalizadas Fora de Manaus,8,-,-,2025-01-23 16:36:41,23/01/2025 16:36,-,-,-,-,-,-,-
1457227,Entregas Finalizadas Fora de Manaus,8,-,-,2025-01-23 17:20:14,23/01/2025 17:20,-,-,-,-,-,-,-
1457220,Entregas Finalizadas Manaus,6,-,-,2025-01-23 19:50:35,23/01/2025 19:50,-,-,-,-,-,-,-
1457202,Entregas Finalizadas Fora de Manaus,8,-,-,2025-01-23 12:15:28,23/01/2025 12:15,-,-,-,-,-,-,-
1457187,Entregas Finalizadas Fora de Manaus,8,-,-,2025-01-23 17:37:36,23/01/2025 17:37,-,-,-,-,-,-,-
1457180,Entregas Finalizadas Manaus,6,-,-,2025-01-23 20:02:39,23/01/2025 20:02,-,-,-,-,-,-,-
1457167,Entregas Finalizadas Manaus,6,-,-,2025-01-23 14:13:10,23/01/2025 14:13,-,-,-,-,-,-,-
1457162,Entregas Finalizadas Manaus,6,-,-,2025-01-24 11:03:56,24/01/2025 11:03,-,-,-,-,-,-,-
1457132,Entregas Finalizadas Manaus,6,-,-,2025-01-23 12:31:30,23/01/2025 12:31,-,-,-,-,-,-,-
1457111,Entregas Finalizadas Manaus,6,-,-,2025-01-24 15:07:09,24/01/2025 15:07,-,-,-,-,-,-,-
1457083,Vendedor - Nova Encomenda,1,-,-,2025-01-22 17:04:06,22/01/2025 17:04,-,-,-,-,-,-,-
1457078,Entregas Finalizadas Fora de Manaus,8,-,-,2025-01-24 14:41:41,24/01/2025 14:41,-,-,-,-,-,-,-
1457054,Vendedor - Nova Encomenda,1,-,-,2025-01-22 16:49:00,22/01/2025 16:49,-,-,-,-,-,-,-
1457026,Entregas Finalizadas Fora de Manaus,8,-,-,2025-01-23 12:17:14,23/01/2025 12:17,-,-,-,-,-,-,-
1456994,Entregas Finalizadas Fora de Manaus,8,-,-,2025-01-23 15:57:19,23/01/2025 15:57,-,-,-,-,-,-,-
1456978,Entregas Finalizadas Fora de Manaus,8,-,-,2025-01-22 17:51:28,22/01/2025 17:51,-,-,-,-,-,-,-
1456938,Entregas Finalizadas Manaus,6,-,-,2025-01-22 16:57:59,22/01/2025 16:57,-,-,-,-,-,-,-
1456881,Entregas Finalizadas Manaus,6,-,-,2025-01-22 20:08:01,22/01/2025 20:08,-,-,-,-,-,-,-
1456708,Entregas Finalizadas Manaus,6,-,-,2025-01-23 12:13:59,23/01/2025 12:13,-,-,-,-,-,-,-
1456573,Entregas Finalizadas Fora de Manaus,8,-,-,2025-01-24 13:32:18,24/01/2025 13:32,-,-,-,-,-,-,-
1456538,Entregas Finalizadas Manaus,6,-,-,2025-01-22 17:56:57,22/01/2025 17:56,-,-,-,-,-,-,-
1456531,Entregas Finalizadas Fora de Manaus,8,-,-,2025-01-23 12:21:48,23/01/2025 12:21,-,-,-,-,-,-,-
1455902,Entregas Finalizadas Manaus,6,-,-,2025-01-22 18:56:06,22/01/2025 18:56,-,-,-,-,-,-,-
1455780,Vendedor - Nova Encomenda,1,-,-,2025-01-22 13:30:39,22/01/2025 13:30,-,-,-,-,-,-,-
1455701,Entregas Finalizadas Fora de Manaus,8,-,-,2025-01-28 16:05:02,28/01/2025 16:05,-,-,-,-,-,-,-
1455495,Entregas Finalizadas Fora de Manaus,8,-,-,2025-01-22 17:23:50,22/01/2025 17:23,-,-,-,-,-,-,-
1455466,Entregas Finalizadas Fora de Manaus,8,-,-,2025-01-24 10:31:28,24/01/2025 10:31,-,-,-,-,-,-,-
1455457,Entregas Finalizadas Manaus,6,-,-,2025-01-22 18:37:46,22/01/2025 18:37,-,-,-,-,-,-,-
1455427,Entregas Finalizadas Manaus,6,-,-,2025-01-22 18:08:31,22/01/2025 18:08,-,-,-,-,-,-,-
1455363,Entregas Finalizadas Fora de Manaus,8,-,-,2025-01-23 17:02:57,23/01/2025 17:02,-,-,-,-,-,-,-
1455360,Logística - Despacho da Encomenda,2,-,00:00 Horas,2025-01-22 16:34:14,22/01/2025 16:34,-,22/01/2025 16:34,-,-,-,-,-
1454933,Entregas Finalizadas Fora de Manaus,8,-,-,2025-01-22 17:41:50,22/01/2025 17:41,-,-,-,-,-,-,-
1454653,Entregas Finalizadas Manaus,6,-,-,2025-01-22 17:15:01,22/01/2025 17:15,-,-,-,-,-,-,-
1454165,Entregas Finalizadas Manaus,6,-,-,2025-01-22 15:29:21,22/01/2025 15:29,-,-,-,-,-,-,-
1452781,Entregas Finalizadas Fora de Manaus,8,-,-,2025-01-22 17:12:30,22/01/2025 17:12,-,-,-,-,-,-,-
1452770,Entregas Finalizadas Manaus,6,-,-,2025-01-22 13:16:11,22/01/2025 13:16,-,-,-,-,-,-,-
1452721,Entregas Finalizadas Manaus,6,-,-,2025-01-22 18:13:46,22/01/2025 18:13,-,-,-,-,-,-,-
1452641,Vendedor - Nova Encomenda,1,-,-,2025-01-21 17:28:40,21/01/2025 17:28,-,-,-,-,-,-,-
1452552,Entregas Finalizadas Manaus,6,-,-,2025-01-22 13:43:00,22/01/2025 13:43,-,-,-,-,-,-,-
1452532,Entregas Finalizadas Fora de Manaus,8,-,-,2025-01-22 13:39:23,22/01/2025 13:39,-,-,-,-,-,-,-
1452431,Entregas Finalizadas Fora de Manaus,8,-,-,2025-01-24 18:22:13,24/01/2025 18:22,-,-,-,-,-,-,-
1452295,Entregas Finalizadas Manaus,6,-,-,2025-01-22 15:07:26,22/01/2025 15:07,-,-,-,-,-,-,-
1452277,Entregas Finalizadas Fora de Manaus,8,-,-,2025-01-22 16:55:53,22/01/2025 16:55,-,-,-,-,-,-,-
1452240,Entregas Finalizadas Manaus,6,-,-,2025-01-22 14:24:19,22/01/2025 14:24,-,-,-,-,-,-,-
1452106,Entregas Finalizadas Fora de Manaus,8,-,-,2025-01-22 13:35:28,22/01/2025 13:35,-,-,-,-,-,-,-
1452041,Entregas Finalizadas Fora de Manaus,8,-,-,2025-01-22 17:14:42,22/01/2025 17:14,-,-,-,-,-,-,-
1451728,Canceladas,X,lojaedu@mondellebrasil.com.br,-,2025-01-21 16:40:12,21/01/2025 16:40,-,-,-,-,-,-,-
1451606,Entregas Finalizadas Manaus,6,-,-,2025-01-22 13:38:33,22/01/2025 13:38,-,-,-,-,-,-,-
1451526,Entregas Finalizadas Manaus,6,-,-,2025-01-21 16:02:17,21/01/2025 16:02,-,-,-,-,-,-,-
1451089,Entregas Finalizadas Manaus,6,-,-,2025-01-21 15:07:07,21/01/2025 15:07,-,-,-,-,-,-,-
1450394,Entregas Finalizadas Fora de Manaus,8,-,-,2025-01-21 21:42:30,21/01/2025 21:42,-,-,-,-,-,-,-
1449664,Entregas Finalizadas Fora de Manaus,8,-,-,2025-01-21 21:33:58,21/01/2025 21:33,-,-,-,-,-,-,-
1449600,Entregas Finalizadas Manaus,6,-,-,2025-01-22 13:15:21,22/01/2025 13:15,-,-,-,-,-,-,-
1449583,Entregas Finalizadas Fora de Manaus,8,-,-,2025-01-24 10:32:30,24/01/2025 10:32,-,-,-,-,-,-,-
1449517,Entregas Finalizadas Fora de Manaus,8,-,-,2025-01-23 14:37:16,23/01/2025 14:37,-,-,-,-,-,-,-
1449504,Vendedor - Nova Encomenda,1,-,-,2025-01-21 11:50:20,21/01/2025 11:50,-,-,-,-,-,-,-
1449488,Vendedor - Nova Encomenda,1,-,-,2025-01-21 11:47:42,21/01/2025 11:47,-,-,-,-,-,-,-
1449062,Entregas Finalizadas Manaus,6,-,-,2025-01-21 16:46:42,21/01/2025 16:46,-,-,-,-,-,-,-
1448871,Entregas Finalizadas Fora de Manaus,8,-,-,2025-01-28 16:07:09,28/01/2025 16:07,-,-,-,-,-,-,-
1448830,Entregas Finalizadas Fora de Manaus,8,-,-,2025-01-21 13:27:10,21/01/2025 13:27,-,-,-,-,-,-,-
1448792,Entregas Finalizadas Fora de Manaus,8,-,-,2025-01-21 21:37:38,21/01/2025 21:37,-,-,-,-,-,-,-
1448704,Entregas Finalizadas Manaus,6,-,-,2025-01-21 16:47:28,21/01/2025 16:47,-,-,-,-,-,-,-
1448467,Entregas Finalizadas Fora de Manaus,8,-,-,2025-01-27 15:15:28,27/01/2025 15:15,-,-,-,-,-,-,-
1448462,Entregas Finalizadas Fora de Manaus,8,-,-,2025-01-21 13:24:03,21/01/2025 13:24,-,-,-,-,-,-,-
1448212,Entregas Finalizadas Fora de Manaus,8,-,-,2025-01-21 13:49:59,21/01/2025 13:49,-,-,-,-,-,-,-
1447626,Entregas Finalizadas Fora de Manaus,8,-,-,2025-01-21 12:56:11,21/01/2025 12:56,-,-,-,-,-,-,-
1447622,Entregas Finalizadas Fora de Manaus,8,-,-,2025-01-21 21:44:23,21/01/2025 21:44,-,-,-,-,-,-,-
1447618,Vendedor - Nova Encomenda,1,-,-,2025-01-20 18:11:31,20/01/2025 18:11,-,-,-,-,-,-,-
1447598,Entregas Finalizadas Fora de Manaus,8,-,-,2025-01-21 12:21:23,21/01/2025 12:21,-,-,-,-,-,-,-
1447587,Entregas Finalizadas Fora de Manaus,8,-,-,2025-01-21 12:24:32,21/01/2025 12:24,-,-,-,-,-,-,-
1447581,Entregas Finalizadas Fora de Manaus,8,-,-,2025-01-21 21:46:13,21/01/2025 21:46,-,-,-,-,-,-,-
1447521,Entregas Finalizadas Fora de Manaus,8,-,-,2025-01-21 13:30:23,21/01/2025 13:30,-,-,-,-,-,-,-
1447475,Entregas Finalizadas Fora de Manaus,8,-,-,2025-01-21 21:40:43,21/01/2025 21:40,-,-,-,-,-,-,-
1447460,Entregas Finalizadas Fora de Manaus,8,-,-,2025-01-21 21:32:11,21/01/2025 21:32,-,-,-,-,-,-,-
1446723,Entregas Finalizadas Manaus,6,-,-,2025-01-20 19:28:38,20/01/2025 19:28,-,-,-,-,-,-,-
1446644,Vendedor - Nova Encomenda,1,-,-,2025-01-20 15:03:37,20/01/2025 15:03,-,-,-,-,-,-,-
1446623,Entregas Finalizadas Manaus,6,-,-,2025-01-20 19:05:58,20/01/2025 19:05,-,-,-,-,-,-,-
1446606,Entregas Finalizadas Manaus,6,-,-,2025-01-20 21:18:07,20/01/2025 21:18,-,-,-,-,-,-,-
1446580,Entregas Finalizadas Fora de Manaus,8,-,-,2025-01-21 13:48:03,21/01/2025 13:48,-,-,-,-,-,-,-
1446543,Entregas Finalizadas Fora de Manaus,8,-,-,2025-01-21 12:58:11,21/01/2025 12:58,-,-,-,-,-,-,-
1446452,Entregas Finalizadas Manaus,6,-,-,2025-01-22 19:43:48,22/01/2025 19:43,-,-,-,-,-,-,-
1446359,Entregas Finalizadas Manaus,6,-,-,2025-01-22 19:48:45,22/01/2025 19:48,-,-,-,-,-,-,-
1445973,Entregas Finalizadas Manaus,6,-,-,2025-01-20 17:24:17,20/01/2025 17:24,-,-,-,-,-,-,-
1445971,Entregas Finalizadas Manaus,6,-,-,2025-01-22 19:46:17,22/01/2025 19:46,-,-,-,-,-,-,-
1445950,Entregas Finalizadas Manaus,6,-,-,2025-01-20 19:06:59,20/01/2025 19:06,-,-,-,-,-,-,-
1445914,Entregas Finalizadas Manaus,6,-,-,2025-01-22 19:50:36,22/01/2025 19:50,-,-,-,-,-,-,-
1445889,Vendedor - Nova Encomenda,1,-,-,2025-01-20 13:39:23,20/01/2025 13:39,-,-,-,-,-,-,-
1445880,Entregas Finalizadas Manaus,6,-,-,2025-01-22 19:55:10,22/01/2025 19:55,-,-,-,-,-,-,-
1445843,Entregas Finalizadas Manaus,6,-,-,2025-01-22 19:53:13,22/01/2025 19:53,-,-,-,-,-,-,-
1445824,Entregas Finalizadas Fora de Manaus,8,-,-,2025-01-20 17:26:17,20/01/2025 17:26,-,-,-,-,-,-,-
1445822,Entregas Finalizadas Manaus,6,-,-,2025-01-20 21:33:04,20/01/2025 21:33,-,-,-,-,-,-,-
1445700,Entregas Finalizadas Manaus,6,-,-,2025-01-20 17:44:15,20/01/2025 17:44,-,-,-,-,-,-,-
1445660,Entregas Finalizadas Fora de Manaus,8,-,-,2025-01-20 15:31:23,20/01/2025 15:31,-,-,-,-,-,-,-
1445629,Entregas Finalizadas Manaus,6,-,-,2025-01-20 19:41:45,20/01/2025 19:41,-,-,-,-,-,-,-
1444576,Entregas Finalizadas Manaus,6,-,-,2025-01-22 19:56:48,22/01/2025 19:56,-,-,-,-,-,-,-
1442075,Entregas Finalizadas Fora de Manaus,8,-,-,2025-01-20 14:13:42,20/01/2025 14:13,-,-,-,-,-,-,-
1441402,Entregas Finalizadas Fora de Manaus,8,-,-,2025-01-20 17:22:49,20/01/2025 17:22,-,-,-,-,-,-,-
1440909,Entregas Finalizadas Fora de Manaus,8,-,-,2025-01-20 13:23:41,20/01/2025 13:23,-,-,-,-,-,-,-
1440871,Entregas Finalizadas Fora de Manaus,8,-,-,2025-01-20 14:15:14,20/01/2025 14:15,-,-,-,-,-,-,-
1440861,Entregas Finalizadas Fora de Manaus,8,-,-,2025-01-23 14:32:41,23/01/2025 14:32,-,-,-,-,-,-,-
1440853,Entregas Finalizadas Fora de Manaus,8,-,-,2025-01-20 15:36:32,20/01/2025 15:36,-,-,-,-,-,-,-
1440816,Entregas Finalizadas Fora de Manaus,8,-,-,2025-01-20 17:31:58,20/01/2025 17:31,-,-,-,-,-,-,-
1440796,Entregas Finalizadas Manaus,6,-,-,2025-01-18 14:24:35,18/01/2025 14:24,-,-,-,-,-,-,-
1440793,Entregas Finalizadas Manaus,6,-,-,2025-01-22 19:51:55,22/01/2025 19:51,-,-,-,-,-,-,-
1440790,Entregas Finalizadas Manaus,6,-,-,2025-01-18 13:05:50,18/01/2025 13:05,-,-,-,-,-,-,-
1440789,Entregas Finalizadas Fora de Manaus,8,-,-,2025-01-20 13:18:02,20/01/2025 13:18,-,-,-,-,-,-,-
1440769,Entregas Finalizadas Fora de Manaus,8,-,-,2025-01-20 13:22:47,20/01/2025 13:22,-,-,-,-,-,-,-
1440764,Entregas Finalizadas Manaus,6,-,-,2025-01-18 14:08:25,18/01/2025 14:08,-,-,-,-,-,-,-
1440727,Entregas Finalizadas Fora de Manaus,8,-,-,2025-01-18 12:37:30,18/01/2025 12:37,-,-,-,-,-,-,-
1440647,Entregas Finalizadas Manaus,6,-,-,2025-01-18 11:38:52,18/01/2025 11:38,-,-,-,-,-,-,-
1440372,Entregas Finalizadas Manaus,6,-,-,2025-01-18 13:20:07,18/01/2025 13:20,-,-,-,-,-,-,-
1440336,Entregas Finalizadas Fora de Manaus,8,-,-,2025-01-18 14:19:12,18/01/2025 14:19,-,-,-,-,-,-,-
1440313,Entregas Finalizadas Manaus,6,-,-,2025-01-18 14:11:17,18/01/2025 14:11,-,-,-,-,-,-,-
1440298,Entregas Finalizadas Fora de Manaus,8,-,-,2025-01-18 14:17:35,18/01/2025 14:17,-,-,-,-,-,-,-
1440276,Entregas Finalizadas Fora de Manaus,8,-,-,2025-01-18 13:11:54,18/01/2025 13:11,-,-,-,-,-,-,-
1440188,Entregas Finalizadas Fora de Manaus,8,-,-,2025-01-20 14:17:18,20/01/2025 14:17,-,-,-,-,-,-,-
1439992,Entregas Finalizadas Fora de Manaus,8,-,-,2025-01-21 21:36:11,21/01/2025 21:36,-,-,-,-,-,-,-
1439904,Entregas Finalizadas Manaus,6,-,-,2025-01-17 16:58:26,17/01/2025 16:58,-,-,-,-,-,-,-
1439816,Entregas Finalizadas Fora de Manaus,8,-,-,2025-01-17 17:08:39,17/01/2025 17:08,-,-,-,-,-,-,-
1439794,Entregas Finalizadas Manaus,6,-,-,2025-01-17 17:31:21,17/01/2025 17:31,-,-,-,-,-,-,-
1439730,Entregas Finalizadas Fora de Manaus,8,-,-,2025-01-17 17:36:07,17/01/2025 17:36,-,-,-,-,-,-,-
1439706,Entregas Finalizadas Manaus,6,-,-,2025-01-17 17:54:44,17/01/2025 17:54,-,-,-,-,-,-,-
1439700,Entregas Finalizadas Manaus,6,-,-,2025-01-17 17:18:27,17/01/2025 17:18,-,-,-,-,-,-,-
1439691,Entregas Finalizadas Manaus,6,-,-,2025-01-17 18:58:17,17/01/2025 18:58,-,-,-,-,-,-,-
1439673,Entregas Finalizadas Fora de Manaus,8,-,-,2025-01-17 17:57:28,17/01/2025 17:57,-,-,-,-,-,-,-
1439666,Entregas Finalizadas Fora de Manaus,8,-,-,2025-01-20 13:46:44,20/01/2025 13:46,-,-,-,-,-,-,-
1439651,Entregas Finalizadas Manaus,6,-,-,2025-01-17 18:22:04,17/01/2025 18:22,-,-,-,-,-,-,-
1439592,Entregas Finalizadas Fora de Manaus,8,-,-,2025-01-24 10:38:22,24/01/2025 10:38,-,-,-,-,-,-,-
1439590,Entregas Finalizadas Fora de Manaus,8,-,-,2025-01-17 18:00:37,17/01/2025 18:00,-,-,-,-,-,-,-
1439565,Entregas Finalizadas Manaus,6,-,-,2025-01-17 16:47:22,17/01/2025 16:47,-,-,-,-,-,-,-
1439549,Entregas Finalizadas Fora de Manaus,8,-,-,2025-01-17 17:07:08,17/01/2025 17:07,-,-,-,-,-,-,-
1439520,Entregas Finalizadas Fora de Manaus,8,-,-,2025-01-18 10:31:23,18/01/2025 10:31,-,-,-,-,-,-,-
1439497,Entregas Finalizadas Manaus,6,-,-,2025-01-17 17:07:35,17/01/2025 17:07,-,-,-,-,-,-,-
1439483,Entregas Finalizadas Fora de Manaus,8,-,-,2025-01-18 12:40:18,18/01/2025 12:40,-,-,-,-,-,-,-
1439441,Entregas Finalizadas Manaus,6,-,-,2025-01-17 19:50:05,17/01/2025 19:50,-,-,-,-,-,-,-
1439433,Entregas Finalizadas Manaus,6,-,-,2025-01-17 17:37:09,17/01/2025 17:37,-,-,-,-,-,-,-
1439094,Entregas Finalizadas Fora de Manaus,8,-,-,2025-01-17 14:12:13,17/01/2025 14:12,-,-,-,-,-,-,-
1438994,Entregas Finalizadas Manaus,6,-,-,2025-01-17 17:10:06,17/01/2025 17:10,-,-,-,-,-,-,-
1438708,Entregas Finalizadas Fora de Manaus,8,-,-,2025-01-17 15:55:01,17/01/2025 15:55,-,-,-,-,-,-,-
1438336,Logística - Despacho da Encomenda,2,-,00:00 Horas,2025-01-17 13:58:50,17/01/2025 13:58,-,17/01/2025 13:58,-,-,-,-,-
1438107,Entregas Finalizadas Fora de Manaus,8,-,-,2025-01-17 14:20:53,17/01/2025 14:20,-,-,-,-,-,-,-
1438090,Logística - Despacho da Encomenda,2,-,00:00 Horas,2025-01-17 13:37:07,17/01/2025 13:37,-,17/01/2025 13:37,-,-,-,-,-
1437982,Entregas Finalizadas Fora de Manaus,8,-,-,2025-01-22 14:13:45,22/01/2025 14:13,-,-,-,-,-,-,-
1437904,Logística - Despacho da Encomenda,2,-,00:00 Horas,2025-01-17 13:38:22,17/01/2025 13:38,-,17/01/2025 13:38,-,-,-,-,-
1437838,Entregas Finalizadas Manaus,6,-,-,2025-01-17 20:14:49,17/01/2025 20:14,-,-,-,-,-,-,-
1437725,Entregas Finalizadas Fora de Manaus,8,-,-,2025-01-17 17:11:55,17/01/2025 17:11,-,-,-,-,-,-,-
1437282,Entregas Finalizadas Fora de Manaus,8,-,-,2025-01-17 14:15:36,17/01/2025 14:15,-,-,-,-,-,-,-
1437195,Entregas Finalizadas Fora de Manaus,8,-,-,2025-01-21 14:03:40,21/01/2025 14:03,-,-,-,-,-,-,-
1437188,Logística - Despacho da Encomenda,2,-,00:00 Horas,2025-01-17 13:48:23,17/01/2025 13:48,-,17/01/2025 13:48,-,-,-,-,-
1437185,Canceladas,X,lojarui@mondellebrasil.com.br,-,2025-01-16 18:31:43,16/01/2025 18:31,-,-,-,-,-,-,-
1437179,Logística - Despacho da Encomenda,2,-,00:00 Horas,2025-01-17 13:39:36,17/01/2025 13:39,-,17/01/2025 13:39,-,-,-,-,-
1437168,Logística - Despacho da Encomenda,2,-,00:00 Horas,2025-01-17 13:46:34,17/01/2025 13:46,-,17/01/2025 13:46,-,-,-,-,-
1437164,Entregas Finalizadas Manaus,6,-,-,2025-01-17 20:28:45,17/01/2025 20:28,-,-,-,-,-,-,-
1437108,Entregas Finalizadas Fora de Manaus,8,-,-,2025-01-30 17:51:48,30/01/2025 17:51,-,-,-,-,-,-,-
1436846,Vendedor - Nova Encomenda,1,-,-,2025-01-16 16:20:08,16/01/2025 16:20,-,-,-,-,-,-,-
1436176,Entregas Finalizadas Fora de Manaus,8,-,-,2025-01-16 16:47:16,16/01/2025 16:47,-,-,-,-,-,-,-
1435983,Entregas Finalizadas Manaus,6,-,-,2025-01-16 17:18:56,16/01/2025 17:18,-,-,-,-,-,-,-
1435958,Entregas Finalizadas Manaus,6,-,-,2025-01-17 10:49:02,17/01/2025 10:49,-,-,-,-,-,-,-
1435895,Entregas Finalizadas Manaus,6,-,-,2025-01-16 17:13:49,16/01/2025 17:13,-,-,-,-,-,-,-
1435759,Entregas Finalizadas Fora de Manaus,8,-,-,2025-01-16 16:44:30,16/01/2025 16:44,-,-,-,-,-,-,-
1435693,Entregas Finalizadas Manaus,6,-,-,2025-01-16 16:41:20,16/01/2025 16:41,-,-,-,-,-,-,-
1435686,Entregas Finalizadas Manaus,6,-,-,2025-01-16 17:55:20,16/01/2025 17:55,-,-,-,-,-,-,-
1435683,Entregas Finalizadas Fora de Manaus,8,-,-,2025-01-17 17:45:44,17/01/2025 17:45,-,-,-,-,-,-,-
1435619,Entregas Finalizadas Manaus,6,-,-,2025-01-16 17:35:06,16/01/2025 17:35,-,-,-,-,-,-,-
1435578,Entregas Finalizadas Fora de Manaus,8,-,-,2025-01-16 16:39:29,16/01/2025 16:39,-,-,-,-,-,-,-
1434990,Entregas Finalizadas Fora de Manaus,8,-,-,2025-01-16 17:10:12,16/01/2025 17:10,-,-,-,-,-,-,-
1434981,Entregas Finalizadas Manaus,6,-,-,2025-01-16 16:53:10,16/01/2025 16:53,-,-,-,-,-,-,-
1434979,Entregas Finalizadas Manaus,6,-,-,2025-01-16 17:25:41,16/01/2025 17:25,-,-,-,-,-,-,-
1434962,Entregas Finalizadas Manaus,6,-,-,2025-01-16 18:33:07,16/01/2025 18:33,-,-,-,-,-,-,-
1434861,Entregas Finalizadas Fora de Manaus,8,-,-,2025-01-16 18:07:51,16/01/2025 18:07,-,-,-,-,-,-,-
1434784,Entregas Finalizadas Fora de Manaus,8,-,-,2025-01-16 17:26:09,16/01/2025 17:26,-,-,-,-,-,-,-
1434683,Entregas Finalizadas Fora de Manaus,8,-,-,2025-01-16 17:02:37,16/01/2025 17:02,-,-,-,-,-,-,-
1434489,Entregas Finalizadas Manaus,6,-,-,2025-01-16 13:08:08,16/01/2025 13:08,-,-,-,-,-,-,-
1434464,Entregas Finalizadas Fora de Manaus,8,-,-,2025-01-17 13:25:32,17/01/2025 13:25,-,-,-,-,-,-,-
1434079,Logística - Despacho da Encomenda,2,-,00:00 Horas,2025-01-16 16:04:56,16/01/2025 16:04,-,16/01/2025 16:04,-,-,-,-,-
1433613,Entregas Finalizadas Fora de Manaus,8,-,-,2025-01-16 12:21:59,16/01/2025 12:21,-,-,-,-,-,-,-
1433070,Entregas Finalizadas Fora de Manaus,8,-,-,2025-01-16 13:20:08,16/01/2025 13:20,-,-,-,-,-,-,-
1433056,Entregas Finalizadas Fora de Manaus,8,-,-,2025-01-16 13:31:22,16/01/2025 13:31,-,-,-,-,-,-,-
1433053,Entregas Finalizadas Fora de Manaus,8,-,-,2025-01-16 12:18:30,16/01/2025 12:18,-,-,-,-,-,-,-
1433051,Entregas Finalizadas Fora de Manaus,8,-,-,2025-01-16 12:25:37,16/01/2025 12:25,-,-,-,-,-,-,-
1432035,Vendedor - Nova Encomenda,1,-,-,2025-01-15 18:47:06,15/01/2025 18:47,-,-,-,-,-,-,-
1432033,Entregas Finalizadas Fora de Manaus,8,-,-,2025-01-17 13:50:07,17/01/2025 13:50,-,-,-,-,-,-,-
1431997,Entregas Finalizadas Fora de Manaus,8,-,-,2025-01-16 13:44:52,16/01/2025 13:44,-,-,-,-,-,-,-
1431986,Entregas Finalizadas Fora de Manaus,8,-,-,2025-01-21 12:16:12,21/01/2025 12:16,-,-,-,-,-,-,-
1431883,Entregas Finalizadas Fora de Manaus,8,-,-,2025-01-16 14:11:39,16/01/2025 14:11,-,-,-,-,-,-,-
1431866,Entregas Finalizadas Fora de Manaus,8,-,-,2025-01-17 17:13:42,17/01/2025 17:13,-,-,-,-,-,-,-
1431820,Entregas Finalizadas Manaus,6,-,-,2025-01-17 17:33:40,17/01/2025 17:33,-,-,-,-,-,-,-
1431815,Entregas Finalizadas Fora de Manaus,8,-,-,2025-01-15 17:19:49,15/01/2025 17:19,-,-,-,-,-,-,-
1431810,Entregas Finalizadas Manaus,6,-,-,2025-01-16 17:08:04,16/01/2025 17:08,-,-,-,-,-,-,-
1431799,Entregas Finalizadas Manaus,6,-,-,2025-01-16 13:10:50,16/01/2025 13:10,-,-,-,-,-,-,-
1431773,Entregas Finalizadas Manaus,6,-,-,2025-01-15 17:47:58,15/01/2025 17:47,-,-,-,-,-,-,-
1431687,Vendedor - Nova Encomenda,1,-,-,2025-01-15 15:56:52,15/01/2025 15:56,-,-,-,-,-,-,-
1431608,Entregas Finalizadas Manaus,6,-,-,2025-01-16 13:48:57,16/01/2025 13:48,-,-,-,-,-,-,-
1431588,Canceladas,X,lojaedu@mondellebrasil.com.br,-,2025-01-15 15:38:13,15/01/2025 15:38,-,-,-,-,-,-,-
1431424,Entregas Finalizadas Manaus,6,-,-,2025-01-15 17:08:05,15/01/2025 17:08,-,-,-,-,-,-,-
1430836,Vendedor - Nova Encomenda,1,-,-,2025-01-15 13:13:23,15/01/2025 13:13,-,-,-,-,-,-,-
1430771,Entregas Finalizadas Manaus,6,-,-,2025-01-15 16:55:17,15/01/2025 16:55,-,-,-,-,-,-,-
1429799,Entregas Finalizadas Fora de Manaus,8,-,-,2025-01-20 12:54:49,20/01/2025 12:54,-,-,-,-,-,-,-
1429647,Entregas Finalizadas Manaus,6,-,-,2025-01-15 17:08:28,15/01/2025 17:08,-,-,-,-,-,-,-
1429631,Entregas Finalizadas Fora de Manaus,8,-,-,2025-01-15 17:40:38,15/01/2025 17:40,-,-,-,-,-,-,-
1429546,Entregas Finalizadas Fora de Manaus,8,-,-,2025-01-16 13:08:28,16/01/2025 13:08,-,-,-,-,-,-,-
1429095,Entregas Finalizadas Manaus,6,-,-,2025-01-15 14:43:52,15/01/2025 14:43,-,-,-,-,-,-,-
1428964,Entregas Finalizadas Fora de Manaus,8,-,-,2025-01-15 17:09:41,15/01/2025 17:09,-,-,-,-,-,-,-
1428957,Entregas Finalizadas Fora de Manaus,8,-,-,2025-01-15 18:35:01,15/01/2025 18:35,-,-,-,-,-,-,-
1428857,Entregas Finalizadas Fora de Manaus,8,-,-,2025-01-15 17:06:12,15/01/2025 17:06,-,-,-,-,-,-,-
1428837,Entregas Finalizadas Manaus,6,-,-,2025-01-15 15:59:42,15/01/2025 15:59,-,-,-,-,-,-,-
1428701,Entregas Finalizadas Fora de Manaus,8,-,-,2025-01-15 18:36:49,15/01/2025 18:36,-,-,-,-,-,-,-
1428662,Entregas Finalizadas Fora de Manaus,8,-,-,2025-01-15 17:29:49,15/01/2025 17:29,-,-,-,-,-,-,-
1428472,Entregas Finalizadas Fora de Manaus,8,-,-,2025-01-20 12:58:06,20/01/2025 12:58,-,-,-,-,-,-,-
1427813,Entregas Finalizadas Fora de Manaus,8,-,-,2025-01-15 18:02:34,15/01/2025 18:02,-,-,-,-,-,-,-
1427807,Entregas Finalizadas Fora de Manaus,8,-,-,2025-01-15 17:39:00,15/01/2025 17:39,-,-,-,-,-,-,-
1427805,Vendedor - Nova Encomenda,1,-,-,2025-01-14 19:49:30,14/01/2025 19:49,-,-,-,-,-,-,-
1427709,Entregas Finalizadas Manaus,6,-,-,2025-01-15 13:59:34,15/01/2025 13:59,-,-,-,-,-,-,-
1427703,Entregas Finalizadas Fora de Manaus,8,-,-,2025-01-15 13:01:23,15/01/2025 13:01,-,-,-,-,-,-,-
1427635,Entregas Finalizadas Manaus,6,-,-,2025-01-15 16:16:34,15/01/2025 16:16,-,-,-,-,-,-,-
1427526,Entregas Finalizadas Fora de Manaus,8,-,-,2025-01-15 17:58:53,15/01/2025 17:58,-,-,-,-,-,-,-
1427374,Vendedor - Nova Encomenda,1,-,-,2025-01-14 16:50:23,14/01/2025 16:50,-,-,-,-,-,-,-
1427245,Entregas Finalizadas Fora de Manaus,8,-,-,2025-01-16 13:56:00,16/01/2025 13:56,-,-,-,-,-,-,-
1427134,Entregas Finalizadas Manaus,6,-,-,2025-01-15 18:07:29,15/01/2025 18:07,-,-,-,-,-,-,-
1427048,Entregas Finalizadas Manaus,6,-,-,2025-01-15 13:40:38,15/01/2025 13:40,-,-,-,-,-,-,-
1426951,Entregas Finalizadas Manaus,6,-,-,2025-01-15 16:25:59,15/01/2025 16:25,-,-,-,-,-,-,-
1426568,Entregas Finalizadas Fora de Manaus,8,-,-,2025-01-15 18:26:10,15/01/2025 18:26,-,-,-,-,-,-,-
1426566,Entregas Finalizadas Manaus,6,-,-,2025-01-14 17:43:19,14/01/2025 17:43,-,-,-,-,-,-,-
1426551,Entregas Finalizadas Fora de Manaus,8,-,-,2025-01-15 15:56:14,15/01/2025 15:56,-,-,-,-,-,-,-
1426542,Entregas Finalizadas Manaus,6,-,-,2025-01-14 17:18:44,14/01/2025 17:18,-,-,-,-,-,-,-
1426409,Entregas Finalizadas Fora de Manaus,8,-,-,2025-01-15 17:29:07,15/01/2025 17:29,-,-,-,-,-,-,-
1426221,Entregas Finalizadas Fora de Manaus,8,-,-,2025-01-14 16:58:03,14/01/2025 16:58,-,-,-,-,-,-,-
1426067,Vendedor - Nova Encomenda,1,-,-,2025-01-14 14:44:13,14/01/2025 14:44,-,-,-,-,-,-,-
1426049,Vendedor - Nova Encomenda,1,-,-,2025-01-14 14:43:34,14/01/2025 14:43,-,-,-,-,-,-,-
1426025,Entregas Finalizadas Fora de Manaus,8,-,-,2025-01-15 18:33:47,15/01/2025 18:33,-,-,-,-,-,-,-
1425715,Entregas Finalizadas Manaus,6,-,-,2025-01-14 19:25:51,14/01/2025 19:25,-,-,-,-,-,-,-
1425658,Entregas Finalizadas Manaus,6,-,-,2025-01-14 17:57:56,14/01/2025 17:57,-,-,-,-,-,-,-
1425529,Entregas Finalizadas Manaus,6,-,-,2025-01-15 11:11:20,15/01/2025 11:11,-,-,-,-,-,-,-
1425500,Entregas Finalizadas Manaus,6,-,-,2025-01-14 18:24:20,14/01/2025 18:24,-,-,-,-,-,-,-
1425408,Entregas Finalizadas Fora de Manaus,8,-,-,2025-01-14 17:42:05,14/01/2025 17:42,-,-,-,-,-,-,-
1425326,Entregas Finalizadas Fora de Manaus,8,-,-,2025-01-14 18:18:28,14/01/2025 18:18,-,-,-,-,-,-,-
1425312,Entregas Finalizadas Fora de Manaus,8,-,-,2025-01-15 16:13:28,15/01/2025 16:13,-,-,-,-,-,-,-
1425303,Entregas Finalizadas Manaus,6,-,-,2025-01-14 18:04:17,14/01/2025 18:04,-,-,-,-,-,-,-
1425291,Entregas Finalizadas Fora de Manaus,8,-,-,2025-01-14 18:12:18,14/01/2025 18:12,-,-,-,-,-,-,-
1425276,Entregas Finalizadas Fora de Manaus,8,-,-,2025-01-14 18:13:45,14/01/2025 18:13,-,-,-,-,-,-,-
1425236,Entregas Finalizadas Manaus,6,-,-,2025-01-14 13:08:45,14/01/2025 13:08,-,-,-,-,-,-,-
1425213,Entregas Finalizadas Fora de Manaus,8,-,-,2025-01-14 17:14:34,14/01/2025 17:14,-,-,-,-,-,-,-
1425197,Entregas Finalizadas Manaus,6,-,-,2025-01-14 18:06:06,14/01/2025 18:06,-,-,-,-,-,-,-
1425173,Vendedor - Nova Encomenda,1,-,-,2025-01-14 11:20:54,14/01/2025 11:20,-,-,-,-,-,-,-
1425144,Entregas Finalizadas Fora de Manaus,8,-,-,2025-01-14 17:26:09,14/01/2025 17:26,-,-,-,-,-,-,-
1425129,Entregas Finalizadas Manaus,6,-,-,2025-01-14 15:17:28,14/01/2025 15:17,-,-,-,-,-,-,-
1424714,Entregas Finalizadas Fora de Manaus,8,-,-,2025-01-14 13:56:44,14/01/2025 13:56,-,-,-,-,-,-,-
1424708,Entregas Finalizadas Fora de Manaus,8,-,-,2025-01-14 12:45:59,14/01/2025 12:45,-,-,-,-,-,-,-
1424700,Vendedor - Nova Encomenda,1,-,-,2025-01-13 21:56:05,13/01/2025 21:56,-,-,-,-,-,-,-
1424683,Entregas Finalizadas Manaus,6,-,-,2025-01-14 19:08:42,14/01/2025 19:08,-,-,-,-,-,-,-
1424534,Entregas Finalizadas Fora de Manaus,8,-,-,2025-01-14 12:44:32,14/01/2025 12:44,-,-,-,-,-,-,-
1424532,Entregas Finalizadas Fora de Manaus,8,-,-,2025-01-14 17:33:02,14/01/2025 17:33,-,-,-,-,-,-,-
1424525,Entregas Finalizadas Fora de Manaus,8,-,-,2025-01-15 16:09:49,15/01/2025 16:09,-,-,-,-,-,-,-
1424519,Entregas Finalizadas Fora de Manaus,8,-,-,2025-01-14 12:59:32,14/01/2025 12:59,-,-,-,-,-,-,-
1424481,Entregas Finalizadas Fora de Manaus,8,-,-,2025-01-14 13:02:05,14/01/2025 13:02,-,-,-,-,-,-,-
1424470,Entregas Finalizadas Fora de Manaus,8,-,-,2025-01-14 12:50:48,14/01/2025 12:50,-,-,-,-,-,-,-
1424455,Vendedor - Nova Encomenda,1,-,-,2025-01-13 18:20:32,13/01/2025 18:20,-,-,-,-,-,-,-
1424451,Entregas Finalizadas Fora de Manaus,8,-,-,2025-01-14 17:50:46,14/01/2025 17:50,-,-,-,-,-,-,-
1424434,Entregas Finalizadas Fora de Manaus,8,-,-,2025-01-14 12:49:27,14/01/2025 12:49,-,-,-,-,-,-,-
1424430,Entregas Finalizadas Fora de Manaus,8,-,-,2025-01-14 12:52:31,14/01/2025 12:52,-,-,-,-,-,-,-
1424403,Entregas Finalizadas Fora de Manaus,8,-,-,2025-01-14 13:25:21,14/01/2025 13:25,-,-,-,-,-,-,-
1424398,Entregas Finalizadas Fora de Manaus,8,-,-,2025-01-15 18:16:38,15/01/2025 18:16,-,-,-,-,-,-,-
1424387,Entregas Finalizadas Fora de Manaus,8,-,-,2025-01-20 17:21:17,20/01/2025 17:21,-,-,-,-,-,-,-
1424383,Entregas Finalizadas Fora de Manaus,8,-,-,2025-01-14 17:43:29,14/01/2025 17:43,-,-,-,-,-,-,-
1424236,Entregas Finalizadas Fora de Manaus,8,-,-,2025-01-14 13:26:44,14/01/2025 13:26,-,-,-,-,-,-,-
1424107,Entregas Finalizadas Manaus,6,-,-,2025-01-13 18:53:04,13/01/2025 18:53,-,-,-,-,-,-,-
1424018,Entregas Finalizadas Fora de Manaus,8,-,-,2025-01-14 13:17:52,14/01/2025 13:17,-,-,-,-,-,-,-
1423719,Entregas Finalizadas Manaus,6,-,-,2025-01-13 17:51:53,13/01/2025 17:51,-,-,-,-,-,-,-
1423632,Entregas Finalizadas Manaus,6,-,-,2025-01-14 16:30:24,14/01/2025 16:30,-,-,-,-,-,-,-
1423501,Entregas Finalizadas Manaus,6,-,-,2025-01-13 20:39:18,13/01/2025 20:39,-,-,-,-,-,-,-
1423380,Entregas Finalizadas Fora de Manaus,8,-,-,2025-01-14 10:36:23,14/01/2025 10:36,-,-,-,-,-,-,-
1423347,Entregas Finalizadas Manaus,6,-,-,2025-01-13 18:16:28,13/01/2025 18:16,-,-,-,-,-,-,-
1423328,Entregas Finalizadas Fora de Manaus,8,-,-,2025-01-15 10:14:50,15/01/2025 10:14,-,-,-,-,-,-,-
1423323,Entregas Finalizadas Fora de Manaus,8,-,-,2025-01-14 17:29:55,14/01/2025 17:29,-,-,-,-,-,-,-
1423319,Entregas Finalizadas Fora de Manaus,8,-,-,2025-01-13 18:17:55,13/01/2025 18:17,-,-,-,-,-,-,-
1423314,Entregas Finalizadas Manaus,6,-,-,2025-01-13 17:46:22,13/01/2025 17:46,-,-,-,-,-,-,-
1423305,Entregas Finalizadas Fora de Manaus,8,-,-,2025-01-15 16:11:40,15/01/2025 16:11,-,-,-,-,-,-,-
1423303,Canceladas,X,lojamanoa@rommanelmanaus.com.br,-,2025-01-13 13:51:42,13/01/2025 13:51,-,-,-,-,-,-,-
1423260,Entregas Finalizadas Manaus,6,-,-,2025-01-14 17:43:39,14/01/2025 17:43,-,-,-,-,-,-,-
1423253,Entregas Finalizadas Manaus,6,-,-,2025-01-13 19:02:46,13/01/2025 19:02,-,-,-,-,-,-,-
1423223,Entregas Finalizadas Fora de Manaus,8,-,-,2025-01-13 18:51:34,13/01/2025 18:51,-,-,-,-,-,-,-
1423213,Entregas Finalizadas Fora de Manaus,8,-,-,2025-01-13 19:08:37,13/01/2025 19:08,-,-,-,-,-,-,-
1423206,Entregas Finalizadas Fora de Manaus,8,-,-,2025-01-13 19:19:19,13/01/2025 19:19,-,-,-,-,-,-,-
1423170,Entregas Finalizadas Manaus,6,-,-,2025-01-13 18:23:43,13/01/2025 18:23,-,-,-,-,-,-,-
1423101,Entregas Finalizadas Manaus,6,-,-,2025-01-13 19:25:18,13/01/2025 19:25,-,-,-,-,-,-,-
1423042,Entregas Finalizadas Manaus,6,-,-,2025-01-14 12:38:15,14/01/2025 12:38,-,-,-,-,-,-,-
1423031,Entregas Finalizadas Fora de Manaus,8,-,-,2025-01-14 10:33:14,14/01/2025 10:33,-,-,-,-,-,-,-
1422518,Entregas Finalizadas Manaus,6,-,-,2025-01-13 18:35:33,13/01/2025 18:35,-,-,-,-,-,-,-
1422422,Entregas Finalizadas Fora de Manaus,8,-,-,2025-01-13 19:03:11,13/01/2025 19:03,-,-,-,-,-,-,-
1422283,Entregas Finalizadas Manaus,6,-,-,2025-01-14 09:54:02,14/01/2025 09:54,-,-,-,-,-,-,-
1422266,Entregas Finalizadas Fora de Manaus,8,-,-,2025-01-13 12:38:10,13/01/2025 12:38,-,-,-,-,-,-,-
1422255,Entregas Finalizadas Fora de Manaus,8,-,-,2025-01-13 18:59:21,13/01/2025 18:59,-,-,-,-,-,-,-
1422252,Entregas Finalizadas Fora de Manaus,8,-,-,2025-01-14 18:19:50,14/01/2025 18:19,-,-,-,-,-,-,-
1422240,Entregas Finalizadas Fora de Manaus,8,-,-,2025-01-13 12:58:05,13/01/2025 12:58,-,-,-,-,-,-,-
1421762,Entregas Finalizadas Fora de Manaus,8,-,-,2025-01-13 12:43:37,13/01/2025 12:43,-,-,-,-,-,-,-
1421475,Entregas Finalizadas Fora de Manaus,8,-,-,2025-01-14 09:52:40,14/01/2025 09:52,-,-,-,-,-,-,-
1419929,Entregas Finalizadas Manaus,6,-,-,2025-01-14 13:59:49,14/01/2025 13:59,-,-,-,-,-,-,-
1419907,Entregas Finalizadas Manaus,6,-,-,2025-01-14 14:54:49,14/01/2025 14:54,-,-,-,-,-,-,-
1419882,Entregas Finalizadas Manaus,6,-,-,2025-01-11 15:29:25,11/01/2025 15:29,-,-,-,-,-,-,-
1419835,Entregas Finalizadas Fora de Manaus,8,-,-,2025-01-11 14:44:53,11/01/2025 14:44,-,-,-,-,-,-,-
1419807,Entregas Finalizadas Manaus,6,-,-,2025-01-11 14:29:25,11/01/2025 14:29,-,-,-,-,-,-,-
1419784,Entregas Finalizadas Manaus,6,-,-,2025-01-13 13:27:22,13/01/2025 13:27,-,-,-,-,-,-,-
1419753,Entregas Finalizadas Manaus,6,-,-,2025-01-13 12:53:43,13/01/2025 12:53,-,-,-,-,-,-,-
1419745,Entregas Finalizadas Fora de Manaus,8,-,-,2025-01-11 12:54:17,11/01/2025 12:54,-,-,-,-,-,-,-
1419743,Vendedor - Nova Encomenda,1,-,-,2025-01-11 09:27:48,11/01/2025 09:27,-,-,-,-,-,-,-
1419740,Entregas Finalizadas Fora de Manaus,8,-,-,2025-01-13 18:13:58,13/01/2025 18:13,-,-,-,-,-,-,-
1419513,Entregas Finalizadas Fora de Manaus,8,-,-,2025-01-11 12:57:20,11/01/2025 12:57,-,-,-,-,-,-,-
1419474,Entregas Finalizadas Manaus,6,-,-,2025-01-11 15:31:37,11/01/2025 15:31,-,-,-,-,-,-,-
1419382,Entregas Finalizadas Fora de Manaus,8,-,-,2025-01-15 10:13:06,15/01/2025 10:13,-,-,-,-,-,-,-
1418911,Entregas Finalizadas Manaus,6,-,-,2025-01-10 21:14:44,10/01/2025 21:14,-,-,-,-,-,-,-
1418879,Entregas Finalizadas Manaus,6,-,-,2025-01-11 14:11:03,11/01/2025 14:11,-,-,-,-,-,-,-
1418260,Entregas Finalizadas Manaus,6,-,-,2025-01-11 15:37:34,11/01/2025 15:37,-,-,-,-,-,-,-
1418208,Entregas Finalizadas Manaus,6,-,-,2025-01-10 17:45:14,10/01/2025 17:45,-,-,-,-,-,-,-
1418178,Entregas Finalizadas Manaus,6,-,-,2025-01-10 20:00:11,10/01/2025 20:00,-,-,-,-,-,-,-
1418157,Entregas Finalizadas Fora de Manaus,8,-,-,2025-01-13 17:54:27,13/01/2025 17:54,-,-,-,-,-,-,-
1418121,Entregas Finalizadas Fora de Manaus,8,-,-,2025-01-13 13:19:46,13/01/2025 13:19,-,-,-,-,-,-,-
1418084,Entregas Finalizadas Fora de Manaus,8,-,-,2025-01-14 12:27:19,14/01/2025 12:27,-,-,-,-,-,-,-
1418081,Entregas Finalizadas Fora de Manaus,8,-,-,2025-01-10 18:57:07,10/01/2025 18:57,-,-,-,-,-,-,-
1418009,Entregas Finalizadas Manaus,6,-,-,2025-01-10 19:21:22,10/01/2025 19:21,-,-,-,-,-,-,-
1417983,Entregas Finalizadas Manaus,6,-,-,2025-01-10 20:22:36,10/01/2025 20:22,-,-,-,-,-,-,-
1417978,Entregas Finalizadas Fora de Manaus,8,-,-,2025-01-10 17:59:40,10/01/2025 17:59,-,-,-,-,-,-,-
1417969,Entregas Finalizadas Manaus,6,-,-,2025-01-10 14:41:39,10/01/2025 14:41,-,-,-,-,-,-,-
1417935,Entregas Finalizadas Fora de Manaus,8,-,-,2025-01-10 17:44:43,10/01/2025 17:44,-,-,-,-,-,-,-
1417930,Entregas Finalizadas Manaus,6,-,-,2025-01-10 18:41:15,10/01/2025 18:41,-,-,-,-,-,-,-
1417922,Entregas Finalizadas Manaus,6,-,-,2025-01-10 14:50:28,10/01/2025 14:50,-,-,-,-,-,-,-
1417915,Entregas Finalizadas Fora de Manaus,8,-,-,2025-01-10 12:54:36,10/01/2025 12:54,-,-,-,-,-,-,-
1417849,Entregas Finalizadas Manaus,6,-,-,2025-01-10 18:30:48,10/01/2025 18:30,-,-,-,-,-,-,-
1417796,Entregas Finalizadas Manaus,6,-,-,2025-01-10 19:37:09,10/01/2025 19:37,-,-,-,-,-,-,-
1417789,Vendedor - Nova Encomenda,1,-,-,2025-01-10 10:45:25,10/01/2025 10:45,-,-,-,-,-,-,-
1417758,Vendedor - Nova Encomenda,1,-,-,2025-01-10 10:31:49,10/01/2025 10:31,-,-,-,-,-,-,-
1417750,Entregas Finalizadas Fora de Manaus,8,-,-,2025-01-13 12:34:00,13/01/2025 12:34,-,-,-,-,-,-,-
1417226,Vendedor - Nova Encomenda,1,-,-,2025-01-09 18:34:04,09/01/2025 18:34,-,-,-,-,-,-,-
1417219,Entregas Finalizadas Manaus,6,-,-,2025-01-10 16:11:57,10/01/2025 16:11,-,-,-,-,-,-,-
1417217,Vendedor - Nova Encomenda,1,-,-,2025-01-09 18:28:01,09/01/2025 18:28,-,-,-,-,-,-,-
1417208,Entregas Finalizadas Manaus,6,-,-,2025-01-10 13:44:02,10/01/2025 13:44,-,-,-,-,-,-,-
1417140,Entregas Finalizadas Fora de Manaus,8,-,-,2025-01-10 12:56:32,10/01/2025 12:56,-,-,-,-,-,-,-
1417132,Entregas Finalizadas Manaus,6,-,-,2025-01-10 14:42:33,10/01/2025 14:42,-,-,-,-,-,-,-
1417102,Entregas Finalizadas Fora de Manaus,8,-,-,2025-01-10 17:48:19,10/01/2025 17:48,-,-,-,-,-,-,-
1417097,Entregas Finalizadas Manaus,6,-,-,2025-01-10 13:58:26,10/01/2025 13:58,-,-,-,-,-,-,-
1417088,Entregas Finalizadas Fora de Manaus,8,-,-,2025-01-10 13:55:30,10/01/2025 13:55,-,-,-,-,-,-,-
1417030,Entregas Finalizadas Fora de Manaus,8,-,-,2025-01-15 16:06:29,15/01/2025 16:06,-,-,-,-,-,-,-
1417022,Entregas Finalizadas Manaus,6,-,-,2025-01-10 19:14:24,10/01/2025 19:14,-,-,-,-,-,-,-
1416980,Entregas Finalizadas Fora de Manaus,8,-,-,2025-01-10 13:00:52,10/01/2025 13:00,-,-,-,-,-,-,-
1416971,Vendedor - Nova Encomenda,1,-,-,2025-01-09 16:44:48,09/01/2025 16:44,-,-,-,-,-,-,-
1416756,Entregas Finalizadas Fora de Manaus,8,-,-,2025-01-10 12:17:40,10/01/2025 12:17,-,-,-,-,-,-,-
1416542,Entregas Finalizadas Manaus,6,-,-,2025-01-09 18:10:59,09/01/2025 18:10,-,-,-,-,-,-,-
1416503,Entregas Finalizadas Fora de Manaus,8,-,-,2025-01-09 18:56:10,09/01/2025 18:56,-,-,-,-,-,-,-
1416497,Entregas Finalizadas Fora de Manaus,8,-,-,2025-01-09 17:58:14,09/01/2025 17:58,-,-,-,-,-,-,-
1415831,Entregas Finalizadas Manaus,6,-,-,2025-01-09 17:06:04,09/01/2025 17:06,-,-,-,-,-,-,-
1415727,Entregas Finalizadas Fora de Manaus,8,-,-,2025-01-10 12:52:02,10/01/2025 12:52,-,-,-,-,-,-,-
1415720,Entregas Finalizadas Fora de Manaus,8,-,-,2025-01-10 17:46:46,10/01/2025 17:46,-,-,-,-,-,-,-
1415716,Entregas Finalizadas Fora de Manaus,8,-,-,2025-01-09 17:22:10,09/01/2025 17:22,-,-,-,-,-,-,-
1415713,Entregas Finalizadas Manaus,6,-,-,2025-01-09 18:42:59,09/01/2025 18:42,-,-,-,-,-,-,-
1415707,Entregas Finalizadas Fora de Manaus,8,-,-,2025-01-10 18:22:03,10/01/2025 18:22,-,-,-,-,-,-,-
1415704,Entregas Finalizadas Fora de Manaus,8,-,-,2025-01-14 09:50:59,14/01/2025 09:50,-,-,-,-,-,-,-
1415679,Entregas Finalizadas Fora de Manaus,8,-,-,2025-01-09 18:45:25,09/01/2025 18:45,-,-,-,-,-,-,-
1415628,Entregas Finalizadas Manaus,6,-,-,2025-01-09 17:56:09,09/01/2025 17:56,-,-,-,-,-,-,-
1415624,Entregas Finalizadas Fora de Manaus,8,-,-,2025-01-09 17:18:58,09/01/2025 17:18,-,-,-,-,-,-,-
1415595,Entregas Finalizadas Manaus,6,-,-,2025-01-15 14:07:42,15/01/2025 14:07,-,-,-,-,-,-,-
1415563,Entregas Finalizadas Fora de Manaus,8,-,-,2025-01-09 17:10:07,09/01/2025 17:10,-,-,-,-,-,-,-
1415513,Entregas Finalizadas Fora de Manaus,8,-,-,2025-01-10 21:11:30,10/01/2025 21:11,-,-,-,-,-,-,-
1415509,Entregas Finalizadas Fora de Manaus,8,-,-,2025-01-09 16:48:58,09/01/2025 16:48,-,-,-,-,-,-,-
1415358,Entregas Finalizadas Manaus,6,-,-,2025-01-09 17:41:10,09/01/2025 17:41,-,-,-,-,-,-,-
1415344,Entregas Finalizadas Fora de Manaus,8,-,-,2025-01-09 17:19:58,09/01/2025 17:19,-,-,-,-,-,-,-
1415339,Vendedor - Nova Encomenda,1,-,-,2025-01-09 10:49:39,09/01/2025 10:49,-,-,-,-,-,-,-
1415299,Entregas Finalizadas Fora de Manaus,8,-,-,2025-01-09 13:34:33,09/01/2025 13:34,-,-,-,-,-,-,-
1415279,Entregas Finalizadas Fora de Manaus,8,-,-,2025-01-09 15:07:11,09/01/2025 15:07,-,-,-,-,-,-,-
1415270,Entregas Finalizadas Fora de Manaus,8,-,-,2025-01-10 12:13:48,10/01/2025 12:13,-,-,-,-,-,-,-
1415268,Entregas Finalizadas Fora de Manaus,8,-,-,2025-01-10 21:09:44,10/01/2025 21:09,-,-,-,-,-,-,-
1415250,Entregas Finalizadas Fora de Manaus,8,-,-,2025-01-09 13:19:39,09/01/2025 13:19,-,-,-,-,-,-,-
1415241,Entregas Finalizadas Fora de Manaus,8,-,-,2025-01-09 17:25:15,09/01/2025 17:25,-,-,-,-,-,-,-
1415231,Entregas Finalizadas Fora de Manaus,8,-,-,2025-01-09 18:31:38,09/01/2025 18:31,-,-,-,-,-,-,-
1415225,Entregas Finalizadas Fora de Manaus,8,-,-,2025-01-13 15:16:25,13/01/2025 15:16,-,-,-,-,-,-,-
1415217,Entregas Finalizadas Fora de Manaus,8,-,-,2025-01-09 13:09:05,09/01/2025 13:09,-,-,-,-,-,-,-
1415214,Entregas Finalizadas Fora de Manaus,8,-,-,2025-01-09 18:01:34,09/01/2025 18:01,-,-,-,-,-,-,-
1415201,Entregas Finalizadas Fora de Manaus,8,-,-,2025-01-10 18:07:58,10/01/2025 18:07,-,-,-,-,-,-,-
1414905,Entregas Finalizadas Fora de Manaus,8,-,-,2025-01-09 13:20:06,09/01/2025 13:20,-,-,-,-,-,-,-
1414894,Vendedor - Nova Encomenda,1,-,-,2025-01-08 18:44:22,08/01/2025 18:44,-,-,-,-,-,-,-
1414870,Entregas Finalizadas Fora de Manaus,8,-,-,2025-01-09 13:50:02,09/01/2025 13:50,-,-,-,-,-,-,-
1414851,Vendedor - Nova Encomenda,1,-,-,2025-01-08 17:49:20,08/01/2025 17:49,-,-,-,-,-,-,-
1414836,Entregas Finalizadas Fora de Manaus,8,-,-,2025-01-09 13:12:49,09/01/2025 13:12,-,-,-,-,-,-,-
1414815,Entregas Finalizadas Fora de Manaus,8,-,-,2025-01-09 17:04:21,09/01/2025 17:04,-,-,-,-,-,-,-
1414797,Entregas Finalizadas Fora de Manaus,8,-,-,2025-01-09 16:47:00,09/01/2025 16:47,-,-,-,-,-,-,-
1414772,Entregas Finalizadas Fora de Manaus,8,-,-,2025-01-09 12:51:16,09/01/2025 12:51,-,-,-,-,-,-,-
1414768,Entregas Finalizadas Manaus,6,-,-,2025-01-10 14:07:46,10/01/2025 14:07,-,-,-,-,-,-,-
1414707,Entregas Finalizadas Fora de Manaus,8,-,-,2025-01-09 12:50:44,09/01/2025 12:50,-,-,-,-,-,-,-
1414549,Entregas Finalizadas Manaus,6,-,-,2025-01-09 14:48:48,09/01/2025 14:48,-,-,-,-,-,-,-
1414523,Entregas Finalizadas Manaus,6,-,-,2025-01-08 17:46:34,08/01/2025 17:46,-,-,-,-,-,-,-
1414499,Entregas Finalizadas Fora de Manaus,8,-,-,2025-01-09 13:24:14,09/01/2025 13:24,-,-,-,-,-,-,-
1414475,Entregas Finalizadas Fora de Manaus,8,-,-,2025-01-09 13:17:35,09/01/2025 13:17,-,-,-,-,-,-,-
1414436,Entregas Finalizadas Fora de Manaus,8,-,-,2025-01-09 17:13:02,09/01/2025 17:13,-,-,-,-,-,-,-
1414432,Entregas Finalizadas Manaus,6,-,-,2025-01-08 18:07:00,08/01/2025 18:07,-,-,-,-,-,-,-
1414405,Entregas Finalizadas Fora de Manaus,8,-,-,2025-01-08 17:11:34,08/01/2025 17:11,-,-,-,-,-,-,-
1414298,Entregas Finalizadas Manaus,6,-,-,2025-01-08 18:43:47,08/01/2025 18:43,-,-,-,-,-,-,-
1414294,Entregas Finalizadas Manaus,6,-,-,2025-01-08 18:27:36,08/01/2025 18:27,-,-,-,-,-,-,-
1414137,Entregas Finalizadas Fora de Manaus,8,-,-,2025-01-08 17:11:45,08/01/2025 17:11,-,-,-,-,-,-,-
1414057,Entregas Finalizadas Fora de Manaus,8,-,-,2025-01-10 21:13:36,10/01/2025 21:13,-,-,-,-,-,-,-
1414022,Entregas Finalizadas Fora de Manaus,8,-,-,2025-01-08 17:10:10,08/01/2025 17:10,-,-,-,-,-,-,-
1414015,Entregas Finalizadas Manaus,6,-,-,2025-01-08 13:41:31,08/01/2025 13:41,-,-,-,-,-,-,-
1414013,Entregas Finalizadas Manaus,6,-,-,2025-01-09 17:29:46,09/01/2025 17:29,-,-,-,-,-,-,-
1413674,Entregas Finalizadas Fora de Manaus,8,-,-,2025-01-09 17:19:47,09/01/2025 17:19,-,-,-,-,-,-,-
1413666,Vendedor - Nova Encomenda,1,-,-,2025-01-07 17:59:49,07/01/2025 17:59,-,-,-,-,-,-,-
1413661,Entregas Finalizadas Fora de Manaus,8,-,-,2025-01-08 12:47:23,08/01/2025 12:47,-,-,-,-,-,-,-
1413580,Entregas Finalizadas Fora de Manaus,8,-,-,2025-01-08 17:03:11,08/01/2025 17:03,-,-,-,-,-,-,-
1413538,Entregas Finalizadas Fora de Manaus,8,-,-,2025-01-07 17:46:32,07/01/2025 17:46,-,-,-,-,-,-,-
1413419,Entregas Finalizadas Fora de Manaus,8,-,-,2025-01-07 17:47:30,07/01/2025 17:47,-,-,-,-,-,-,-
1413408,Entregas Finalizadas Fora de Manaus,8,-,-,2025-01-07 18:19:15,07/01/2025 18:19,-,-,-,-,-,-,-
1413394,Entregas Finalizadas Manaus,6,-,-,2025-01-07 19:08:51,07/01/2025 19:08,-,-,-,-,-,-,-
1413384,Entregas Finalizadas Manaus,6,-,-,2025-01-09 18:37:51,09/01/2025 18:37,-,-,-,-,-,-,-
1413345,Entregas Finalizadas Fora de Manaus,8,-,-,2025-01-08 13:24:49,08/01/2025 13:24,-,-,-,-,-,-,-
1413336,Entregas Finalizadas Manaus,6,-,-,2025-01-07 21:07:55,07/01/2025 21:07,-,-,-,-,-,-,-
1413315,Entregas Finalizadas Fora de Manaus,8,-,-,2025-01-08 10:50:01,08/01/2025 10:50,-,-,-,-,-,-,-
1413303,Entregas Finalizadas Manaus,6,-,-,2025-01-07 17:48:36,07/01/2025 17:48,-,-,-,-,-,-,-
1413280,Vendedor - Nova Encomenda,1,-,-,2025-01-07 14:17:36,07/01/2025 14:17,-,-,-,-,-,-,-
1413278,Entregas Finalizadas Manaus,6,-,-,2025-01-07 19:00:18,07/01/2025 19:00,-,-,-,-,-,-,-
1413268,Entregas Finalizadas Fora de Manaus,8,-,-,2025-01-08 13:56:57,08/01/2025 13:56,-,-,-,-,-,-,-
1413261,Entregas Finalizadas Manaus,6,-,-,2025-01-07 18:36:08,07/01/2025 18:36,-,-,-,-,-,-,-
1413255,Entregas Finalizadas Manaus,6,-,-,2025-01-07 18:32:10,07/01/2025 18:32,-,-,-,-,-,-,-
1413245,Entregas Finalizadas Fora de Manaus,8,-,-,2025-01-09 13:48:17,09/01/2025 13:48,-,-,-,-,-,-,-
1413208,Entregas Finalizadas Manaus,6,-,-,2025-01-07 18:14:14,07/01/2025 18:14,-,-,-,-,-,-,-
1413206,Entregas Finalizadas Fora de Manaus,8,-,-,2025-01-07 17:53:17,07/01/2025 17:53,-,-,-,-,-,-,-
1413165,Entregas Finalizadas Manaus,6,-,-,2025-01-07 18:59:13,07/01/2025 18:59,-,-,-,-,-,-,-
1413082,Entregas Finalizadas Manaus,6,-,-,2025-01-07 20:20:56,07/01/2025 20:20,-,-,-,-,-,-,-
1413062,Entregas Finalizadas Fora de Manaus,8,-,-,2025-01-07 18:56:27,07/01/2025 18:56,-,-,-,-,-,-,-
1413047,Vendedor - Nova Encomenda,1,-,-,2025-01-07 12:00:52,07/01/2025 12:00,-,-,-,-,-,-,-
1413042,Entregas Finalizadas Fora de Manaus,8,-,-,2025-01-07 13:56:01,07/01/2025 13:56,-,-,-,-,-,-,-
1413028,Entregas Finalizadas Manaus,6,-,-,2025-01-08 13:02:39,08/01/2025 13:02,-,-,-,-,-,-,-
1413018,Vendedor - Nova Encomenda,1,-,-,2025-01-07 11:45:43,07/01/2025 11:45,-,-,-,-,-,-,-
1412992,Entregas Finalizadas Fora de Manaus,8,-,-,2025-01-07 17:45:23,07/01/2025 17:45,-,-,-,-,-,-,-
1412775,Entregas Finalizadas Fora de Manaus,8,-,-,2025-01-07 13:40:07,07/01/2025 13:40,-,-,-,-,-,-,-
1412771,Entregas Finalizadas Fora de Manaus,8,-,-,2025-01-09 14:18:46,09/01/2025 14:18,-,-,-,-,-,-,-
1412732,Vendedor - Nova Encomenda,1,-,-,2025-01-07 09:30:02,07/01/2025 09:30,-,-,-,-,-,-,-
1412705,Entregas Finalizadas Fora de Manaus,8,-,-,2025-01-07 18:21:22,07/01/2025 18:21,-,-,-,-,-,-,-
1412650,Entregas Finalizadas Fora de Manaus,8,-,-,2025-01-07 14:14:02,07/01/2025 14:14,-,-,-,-,-,-,-
1412455,Entregas Finalizadas Manaus,6,-,-,2025-01-08 19:25:57,08/01/2025 19:25,-,-,-,-,-,-,-
1412421,Entregas Finalizadas Fora de Manaus,8,-,-,2025-01-08 13:13:26,08/01/2025 13:13,-,-,-,-,-,-,-
1412408,Entregas Finalizadas Fora de Manaus,8,-,-,2025-01-08 17:03:23,08/01/2025 17:03,-,-,-,-,-,-,-
1412183,Entregas Finalizadas Fora de Manaus,8,-,-,2025-01-06 17:02:22,06/01/2025 17:02,-,-,-,-,-,-,-
1411913,Entregas Finalizadas Fora de Manaus,8,-,-,2025-01-07 17:41:25,07/01/2025 17:41,-,-,-,-,-,-,-
1411712,Entregas Finalizadas Manaus,6,-,-,2025-01-06 17:47:34,06/01/2025 17:47,-,-,-,-,-,-,-
1411693,Entregas Finalizadas Manaus,6,-,-,2025-01-06 17:08:34,06/01/2025 17:08,-,-,-,-,-,-,-
1411635,Entregas Finalizadas Fora de Manaus,8,-,-,2025-01-06 17:31:28,06/01/2025 17:31,-,-,-,-,-,-,-
1411632,Entregas Finalizadas Fora de Manaus,8,-,-,2025-01-07 13:57:02,07/01/2025 13:57,-,-,-,-,-,-,-
1411572,Entregas Finalizadas Fora de Manaus,8,-,-,2025-01-07 16:00:38,07/01/2025 16:00,-,-,-,-,-,-,-
1411561,Entregas Finalizadas Fora de Manaus,8,-,-,2025-01-07 17:05:38,07/01/2025 17:05,-,-,-,-,-,-,-
1411557,Entregas Finalizadas Fora de Manaus,8,-,-,2025-01-07 16:04:06,07/01/2025 16:04,-,-,-,-,-,-,-
1411540,Entregas Finalizadas Manaus,6,-,-,2025-01-06 17:26:48,06/01/2025 17:26,-,-,-,-,-,-,-
1411536,Entregas Finalizadas Fora de Manaus,8,-,-,2025-01-07 14:12:38,07/01/2025 14:12,-,-,-,-,-,-,-
1411532,Vendedor - Nova Encomenda,1,-,-,2025-01-06 11:46:50,06/01/2025 11:46,-,-,-,-,-,-,-
1411467,Entregas Finalizadas Manaus,6,-,-,2025-01-11 14:34:48,11/01/2025 14:34,-,-,-,-,-,-,-
1411461,Logística - Despacho da Encomenda,2,-,00:00 Horas,2025-01-13 12:16:59,13/01/2025 12:16,-,13/01/2025 12:16,-,-,-,-,-
1411454,Entregas Finalizadas Fora de Manaus,8,-,-,2025-01-06 13:55:53,06/01/2025 13:55,-,-,-,-,-,-,-
1411444,Entregas Finalizadas Manaus,6,-,-,2025-01-06 17:32:33,06/01/2025 17:32,-,-,-,-,-,-,-
1411418,Entregas Finalizadas Fora de Manaus,8,-,-,2025-01-07 17:54:11,07/01/2025 17:54,-,-,-,-,-,-,-
1411386,Entregas Finalizadas Fora de Manaus,8,-,-,2025-01-06 13:57:18,06/01/2025 13:57,-,-,-,-,-,-,-
1411279,Entregas Finalizadas Fora de Manaus,8,-,-,2025-01-07 13:38:38,07/01/2025 13:38,-,-,-,-,-,-,-
1411260,Entregas Finalizadas Fora de Manaus,8,-,-,2025-01-06 13:51:05,06/01/2025 13:51,-,-,-,-,-,-,-
1411206,Entregas Finalizadas Fora de Manaus,8,-,-,2025-01-06 14:15:28,06/01/2025 14:15,-,-,-,-,-,-,-
1410492,Vendedor - Nova Encomenda,1,-,-,2025-01-04 14:49:46,04/01/2025 14:49,-,-,-,-,-,-,-
1410453,Entregas Finalizadas Fora de Manaus,8,-,-,2025-01-06 13:49:50,06/01/2025 13:49,-,-,-,-,-,-,-
1410449,Vendedor - Nova Encomenda,1,-,-,2025-01-04 13:36:02,04/01/2025 13:36,-,-,-,-,-,-,-
1410445,Entregas Finalizadas Manaus,6,-,-,2025-01-09 15:00:49,09/01/2025 15:00,-,-,-,-,-,-,-
1410405,Entregas Finalizadas Fora de Manaus,8,-,-,2025-01-06 16:39:03,06/01/2025 16:39,-,-,-,-,-,-,-
1410393,Entregas Finalizadas Fora de Manaus,8,-,-,2025-01-06 13:07:13,06/01/2025 13:07,-,-,-,-,-,-,-
1410391,Entregas Finalizadas Manaus,6,-,-,2025-01-06 18:02:09,06/01/2025 18:02,-,-,-,-,-,-,-
1410381,Entregas Finalizadas Fora de Manaus,8,-,-,2025-01-04 13:12:33,04/01/2025 13:12,-,-,-,-,-,-,-
1410376,Vendedor - Nova Encomenda,1,-,-,2025-01-04 12:10:49,04/01/2025 12:10,-,-,-,-,-,-,-
1410371,Vendedor - Nova Encomenda,1,-,-,2025-01-04 12:09:34,04/01/2025 12:09,-,-,-,-,-,-,-
1410363,Entregas Finalizadas Fora de Manaus,8,-,-,2025-01-04 14:08:46,04/01/2025 14:08,-,-,-,-,-,-,-
1410350,Vendedor - Nova Encomenda,1,-,-,2025-01-04 12:01:14,04/01/2025 12:01,-,-,-,-,-,-,-
1410348,Entregas Finalizadas Fora de Manaus,8,-,-,2025-01-06 13:08:57,06/01/2025 13:08,-,-,-,-,-,-,-
1410318,Entregas Finalizadas Fora de Manaus,8,-,-,2025-01-04 14:48:52,04/01/2025 14:48,-,-,-,-,-,-,-
1410305,Entregas Finalizadas Manaus,6,-,-,2025-01-04 14:49:54,04/01/2025 14:49,-,-,-,-,-,-,-
1410294,Entregas Finalizadas Fora de Manaus,8,-,-,2025-01-06 17:55:33,06/01/2025 17:55,-,-,-,-,-,-,-
1410292,Entregas Finalizadas Fora de Manaus,8,-,-,2025-01-06 12:46:36,06/01/2025 12:46,-,-,-,-,-,-,-
1410273,Entregas Finalizadas Fora de Manaus,8,-,-,2025-01-04 14:10:42,04/01/2025 14:10,-,-,-,-,-,-,-
1410244,Entregas Finalizadas Fora de Manaus,8,-,-,2025-01-06 12:45:31,06/01/2025 12:45,-,-,-,-,-,-,-
1410240,Entregas Finalizadas Fora de Manaus,8,-,-,2025-01-06 15:35:45,06/01/2025 15:35,-,-,-,-,-,-,-
1410237,Entregas Finalizadas Fora de Manaus,8,-,-,2025-01-06 13:52:22,06/01/2025 13:52,-,-,-,-,-,-,-
1410222,Entregas Finalizadas Fora de Manaus,8,-,-,2025-01-04 18:03:47,04/01/2025 18:03,-,-,-,-,-,-,-
1410215,Entregas Finalizadas Fora de Manaus,8,-,-,2025-01-06 13:32:13,06/01/2025 13:32,-,-,-,-,-,-,-
1409992,Entregas Finalizadas Fora de Manaus,8,-,-,2025-01-04 13:38:48,04/01/2025 13:38,-,-,-,-,-,-,-
1409990,Entregas Finalizadas Manaus,6,-,-,2025-01-04 15:40:11,04/01/2025 15:40,-,-,-,-,-,-,-
1409984,Entregas Finalizadas Fora de Manaus,8,-,-,2025-01-06 13:12:54,06/01/2025 13:12,-,-,-,-,-,-,-
1409974,Entregas Finalizadas Manaus,6,-,-,2025-01-04 16:18:32,04/01/2025 16:18,-,-,-,-,-,-,-
1409972,Entregas Finalizadas Fora de Manaus,8,-,-,2025-01-06 17:57:17,06/01/2025 17:57,-,-,-,-,-,-,-
1409931,Entregas Finalizadas Fora de Manaus,8,-,-,2025-01-06 15:37:54,06/01/2025 15:37,-,-,-,-,-,-,-
1409925,Entregas Finalizadas Fora de Manaus,8,-,-,2025-01-04 18:08:19,04/01/2025 18:08,-,-,-,-,-,-,-
1409921,Entregas Finalizadas Fora de Manaus,8,-,-,2025-01-04 18:01:14,04/01/2025 18:01,-,-,-,-,-,-,-
1409834,Entregas Finalizadas Fora de Manaus,8,-,-,2025-01-04 15:10:46,04/01/2025 15:10,-,-,-,-,-,-,-
1409816,Entregas Finalizadas Fora de Manaus,8,-,-,2025-01-06 12:53:41,06/01/2025 12:53,-,-,-,-,-,-,-
1409809,Entregas Finalizadas Fora de Manaus,8,-,-,2025-01-06 15:44:35,06/01/2025 15:44,-,-,-,-,-,-,-
1409785,Entregas Finalizadas Fora de Manaus,8,-,-,2025-01-06 16:43:47,06/01/2025 16:43,-,-,-,-,-,-,-
1409757,Entregas Finalizadas Manaus,6,-,-,2025-01-03 18:33:13,03/01/2025 18:33,-,-,-,-,-,-,-
1409714,Entregas Finalizadas Manaus,6,-,-,2025-01-03 19:03:27,03/01/2025 19:03,-,-,-,-,-,-,-
1409703,Entregas Finalizadas Fora de Manaus,8,-,-,2025-01-06 10:12:45,06/01/2025 10:12,-,-,-,-,-,-,-
1409700,Entregas Finalizadas Manaus,6,-,-,2025-01-04 15:27:51,04/01/2025 15:27,-,-,-,-,-,-,-
1409655,Entregas Finalizadas Fora de Manaus,8,-,-,2025-01-03 18:01:55,03/01/2025 18:01,-,-,-,-,-,-,-
1409648,Entregas Finalizadas Fora de Manaus,8,-,-,2025-01-06 16:45:03,06/01/2025 16:45,-,-,-,-,-,-,-
1409587,Entregas Finalizadas Fora de Manaus,8,-,-,2025-01-03 15:54:54,03/01/2025 15:54,-,-,-,-,-,-,-
1409583,Entregas Finalizadas Manaus,6,-,-,2025-01-03 18:49:18,03/01/2025 18:49,-,-,-,-,-,-,-
1409556,Entregas Finalizadas Fora de Manaus,8,-,-,2025-01-03 17:48:22,03/01/2025 17:48,-,-,-,-,-,-,-
1409531,Entregas Finalizadas Manaus,6,-,-,2025-01-03 19:46:10,03/01/2025 19:46,-,-,-,-,-,-,-
1409529,Vendedor - Nova Encomenda,1,-,-,2025-01-03 13:33:13,03/01/2025 13:33,-,-,-,-,-,-,-
1409419,Entregas Finalizadas Fora de Manaus,8,-,-,2025-01-04 18:11:12,04/01/2025 18:11,-,-,-,-,-,-,-
1409404,Entregas Finalizadas Fora de Manaus,8,-,-,2025-01-04 13:41:25,04/01/2025 13:41,-,-,-,-,-,-,-
1409388,Entregas Finalizadas Fora de Manaus,8,-,-,2025-01-03 15:52:29,03/01/2025 15:52,-,-,-,-,-,-,-
1409379,Entregas Finalizadas Manaus,6,-,-,2025-01-03 13:29:34,03/01/2025 13:29,-,-,-,-,-,-,-
1409374,Vendedor - Nova Encomenda,1,-,-,2025-01-03 12:34:20,03/01/2025 12:34,-,-,-,-,-,-,-
1409314,Entregas Finalizadas Fora de Manaus,8,-,-,2025-01-04 11:15:49,04/01/2025 11:15,-,-,-,-,-,-,-
1409311,Entregas Finalizadas Fora de Manaus,8,-,-,2025-01-04 17:59:03,04/01/2025 17:59,-,-,-,-,-,-,-
1409247,Entregas Finalizadas Fora de Manaus,8,-,-,2025-01-03 16:46:46,03/01/2025 16:46,-,-,-,-,-,-,-
1409244,Entregas Finalizadas Fora de Manaus,8,-,-,2025-01-03 21:44:19,03/01/2025 21:44,-,-,-,-,-,-,-
1409151,Entregas Finalizadas Fora de Manaus,8,-,-,2025-01-06 13:29:08,06/01/2025 13:29,-,-,-,-,-,-,-
1409056,Entregas Finalizadas Manaus,6,-,-,2025-01-03 19:29:47,03/01/2025 19:29,-,-,-,-,-,-,-
1409026,Entregas Finalizadas Fora de Manaus,8,-,-,2025-01-03 13:51:22,03/01/2025 13:51,-,-,-,-,-,-,-
1408640,Entregas Finalizadas Fora de Manaus,8,-,-,2025-01-03 21:58:27,03/01/2025 21:58,-,-,-,-,-,-,-
1408638,Vendedor - Nova Encomenda,1,-,-,2025-01-03 10:07:44,03/01/2025 10:07,-,-,-,-,-,-,-
1408627,Entregas Finalizadas Manaus,6,-,-,2025-01-03 17:21:39,03/01/2025 17:21,-,-,-,-,-,-,-
1408624,Entregas Finalizadas Fora de Manaus,8,-,-,2025-01-04 13:35:55,04/01/2025 13:35,-,-,-,-,-,-,-
1408611,Entregas Finalizadas Fora de Manaus,8,-,-,2025-01-03 21:47:54,03/01/2025 21:47,-,-,-,-,-,-,-
1408605,Entregas Finalizadas Fora de Manaus,8,-,-,2025-01-07 12:37:42,07/01/2025 12:37,-,-,-,-,-,-,-
1408601,Entregas Finalizadas Fora de Manaus,8,-,-,2025-01-03 21:42:26,03/01/2025 21:42,-,-,-,-,-,-,-
1408591,Entregas Finalizadas Manaus,6,-,-,2025-01-03 13:37:02,03/01/2025 13:37,-,-,-,-,-,-,-
1408281,Entregas Finalizadas Fora de Manaus,8,-,-,2025-01-03 12:58:19,03/01/2025 12:58,-,-,-,-,-,-,-
1408254,Entregas Finalizadas Fora de Manaus,8,-,-,2025-01-03 21:59:47,03/01/2025 21:59,-,-,-,-,-,-,-
1408246,Canceladas,X,lojarui@mondellebrasil.com.br,-,2025-01-02 17:30:09,02/01/2025 17:30,-,-,-,-,-,-,-
1408236,Entregas Finalizadas Fora de Manaus,8,-,-,2025-01-03 21:53:12,03/01/2025 21:53,-,-,-,-,-,-,-
1408230,Vendedor - Nova Encomenda,1,-,-,2025-01-02 17:14:07,02/01/2025 17:14,-,-,-,-,-,-,-
1408181,Entregas Finalizadas Fora de Manaus,8,-,-,2025-01-03 21:56:13,03/01/2025 21:56,-,-,-,-,-,-,-
1408171,Entregas Finalizadas Manaus,6,-,-,2025-01-03 13:25:42,03/01/2025 13:25,-,-,-,-,-,-,-
1408161,Entregas Finalizadas Fora de Manaus,8,-,-,2025-01-04 14:12:48,04/01/2025 14:12,-,-,-,-,-,-,-
1408150,Entregas Finalizadas Fora de Manaus,8,-,-,2025-01-06 15:19:02,06/01/2025 15:19,-,-,-,-,-,-,-
1408148,Entregas Finalizadas Fora de Manaus,8,-,-,2025-01-04 16:16:20,04/01/2025 16:16,-,-,-,-,-,-,-
1408135,Entregas Finalizadas Fora de Manaus,8,-,-,2025-01-04 18:13:04,04/01/2025 18:13,-,-,-,-,-,-,-
1408119,Entregas Finalizadas Fora de Manaus,8,-,-,2025-01-04 11:10:30,04/01/2025 11:10,-,-,-,-,-,-,-
1407931,Logística - Despacho da Encomenda,2,-,00:00 Horas,2025-01-02 15:56:14,02/01/2025 15:56,-,02/01/2025 15:56,-,-,-,-,-
1407777,Entregas Finalizadas Fora de Manaus,8,-,-,2025-01-02 17:41:32,02/01/2025 17:41,-,-,-,-,-,-,-
1407629,Vendedor - Nova Encomenda,1,-,-,2025-01-02 15:27:59,02/01/2025 15:27,-,-,-,-,-,-,-
1407625,Entregas Finalizadas Fora de Manaus,8,-,-,2025-01-03 17:42:06,03/01/2025 17:42,-,-,-,-,-,-,-
1407270,Entregas Finalizadas Fora de Manaus,8,-,-,2025-01-02 16:35:50,02/01/2025 16:35,-,-,-,-,-,-,-
1407070,Logística - Despacho da Encomenda,2,-,00:00 Horas,2025-01-02 15:31:31,02/01/2025 15:31,-,02/01/2025 15:31,-,-,-,-,-
1406961,Entregas Finalizadas Fora de Manaus,8,-,-,2025-01-02 17:46:35,02/01/2025 17:46,-,-,-,-,-,-,-
1406943,Entregas Finalizadas Fora de Manaus,8,-,-,2025-01-03 17:40:17,03/01/2025 17:40,-,-,-,-,-,-,-
1406812,Entregas Finalizadas Manaus,6,-,-,2025-01-02 18:55:42,02/01/2025 18:55,-,-,-,-,-,-,-
1406669,Entregas Finalizadas Manaus,6,-,-,2025-01-03 17:20:35,03/01/2025 17:20,-,-,-,-,-,-,-
1406351,Entregas Finalizadas Fora de Manaus,8,-,-,2025-01-02 18:17:21,02/01/2025 18:17,-,-,-,-,-,-,-
1406148,Entregas Finalizadas Fora de Manaus,8,-,-,2025-01-02 17:05:25,02/01/2025 17:05,-,-,-,-,-,-,-
1406142,Entregas Finalizadas Fora de Manaus,8,-,-,2025-01-02 16:33:13,02/01/2025 16:33,-,-,-,-,-,-,-
1406139,Entregas Finalizadas Fora de Manaus,8,-,-,2025-01-03 18:05:37,03/01/2025 18:05,-,-,-,-,-,-,-
1406136,Entregas Finalizadas Fora de Manaus,8,-,-,2025-01-02 17:03:48,02/01/2025 17:03,-,-,-,-,-,-,-
1406131,Entregas Finalizadas Fora de Manaus,8,-,-,2025-01-03 17:45:04,03/01/2025 17:45,-,-,-,-,-,-,-
1406128,Entregas Finalizadas Fora de Manaus,8,-,-,2025-01-02 16:47:52,02/01/2025 16:47,-,-,-,-,-,-,-
1406126,Entregas Finalizadas Fora de Manaus,8,-,-,2025-01-06 10:37:21,06/01/2025 10:37,-,-,-,-,-,-,-
1406124,Entregas Finalizadas Manaus,6,-,-,2025-01-02 17:39:36,02/01/2025 17:39,-,-,-,-,-,-,-
1406122,Entregas Finalizadas Fora de Manaus,8,-,-,2025-01-03 16:33:55,03/01/2025 16:33,-,-,-,-,-,-,-
1406120,Entregas Finalizadas Manaus,6,-,-,2025-01-02 19:08:35,02/01/2025 19:08,-,-,-,-,-,-,-
1406114,Vendedor - Nova Encomenda,1,-,-,2025-01-02 12:43:46,02/01/2025 12:43,-,-,-,-,-,-,-
1406112,Entregas Finalizadas Fora de Manaus,8,-,-,2025-01-04 17:54:31,04/01/2025 17:54,-,-,-,-,-,-,-
1406109,Entregas Finalizadas Manaus,6,-,-,2025-01-02 17:23:58,02/01/2025 17:23,-,-,-,-,-,-,-
1406105,Entregas Finalizadas Fora de Manaus,8,-,-,2025-01-02 18:47:15,02/01/2025 18:47,-,-,-,-,-,-,-
1406102,Entregas Finalizadas Manaus,6,-,-,2025-01-02 16:57:38,02/01/2025 16:57,-,-,-,-,-,-,-
1406082,Entregas Finalizadas Fora de Manaus,8,-,-,2025-01-06 14:14:20,06/01/2025 14:14,-,-,-,-,-,-,-
1406079,Entregas Finalizadas Fora de Manaus,8,-,-,2025-01-02 18:42:23,02/01/2025 18:42,-,-,-,-,-,-,-
1406073,Entregas Finalizadas Manaus,6,-,-,2025-01-02 17:10:42,02/01/2025 17:10,-,-,-,-,-,-,-
1406063,Entregas Finalizadas Manaus,6,-,-,2025-01-02 13:56:07,02/01/2025 13:56,-,-,-,-,-,-,-
1406056,Entregas Finalizadas Fora de Manaus,8,-,-,2025-01-02 17:45:57,02/01/2025 17:45,-,-,-,-,-,-,-
1406038,Entregas Finalizadas Fora de Manaus,8,-,-,2025-01-03 17:52:47,03/01/2025 17:52,-,-,-,-,-,-,-
1406032,Entregas Finalizadas Fora de Manaus,8,-,-,2025-01-03 13:11:03,03/01/2025 13:11,-,-,-,-,-,-,-
1406005,Entregas Finalizadas Manaus,6,-,-,2025-01-02 20:43:49,02/01/2025 20:43,-,-,-,-,-,-,-
1406002,Entregas Finalizadas Manaus,6,-,-,2025-01-02 16:51:51,02/01/2025 16:51,-,-,-,-,-,-,-
1405995,Entregas Finalizadas Fora de Manaus,8,-,-,2025-01-03 12:53:38,03/01/2025 12:53,-,-,-,-,-,-,-
1405992,Entregas Finalizadas Fora de Manaus,8,-,-,2025-01-02 17:17:31,02/01/2025 17:17,-,-,-,-,-,-,-
1405979,Entregas Finalizadas Fora de Manaus,8,-,-,2025-01-02 19:00:38,02/01/2025 19:00,-,-,-,-,-,-,-
1405969,Entregas Finalizadas Fora de Manaus,8,-,-,2025-01-02 13:32:55,02/01/2025 13:32,-,-,-,-,-,-,-
1405965,Entregas Finalizadas Fora de Manaus,8,-,-,2025-01-03 12:19:29,03/01/2025 12:19,-,-,-,-,-,-,-
1405962,Entregas Finalizadas Fora de Manaus,8,-,-,2025-01-02 18:36:12,02/01/2025 18:36,-,-,-,-,-,-,-
1405958,Entregas Finalizadas Manaus,6,-,-,2025-01-02 20:32:33,02/01/2025 20:32,-,-,-,-,-,-,-
1405955,Entregas Finalizadas Fora de Manaus,8,-,-,2025-01-04 17:52:15,04/01/2025 17:52,-,-,-,-,-,-,-
1405949,Entregas Finalizadas Fora de Manaus,8,-,-,2025-01-02 18:48:08,02/01/2025 18:48,-,-,-,-,-,-,-
1405942,Entregas Finalizadas Fora de Manaus,8,-,-,2025-01-02 18:31:54,02/01/2025 18:31,-,-,-,-,-,-,-
1405937,Vendedor - Nova Encomenda,1,-,-,2025-01-02 11:15:07,02/01/2025 11:15,-,-,-,-,-,-,-
1405926,Entregas Finalizadas Fora de Manaus,8,-,-,2025-01-04 17:46:45,04/01/2025 17:46,-,-,-,-,-,-,-
1405921,Entregas Finalizadas Fora de Manaus,8,-,-,2025-01-03 13:17:39,03/01/2025 13:17,-,-,-,-,-,-,-
1405904,Entregas Finalizadas Fora de Manaus,8,-,-,2025-01-02 19:01:48,02/01/2025 19:01,-,-,-,-,-,-,-
1405899,Entregas Finalizadas Manaus,6,-,-,2025-01-04 16:35:43,04/01/2025 16:35,-,-,-,-,-,-,-
1405894,Vendedor - Nova Encomenda,1,-,-,2025-01-02 10:59:23,02/01/2025 10:59,-,-,-,-,-,-,-
1405882,Vendedor - Nova Encomenda,1,-,-,2025-01-02 10:54:59,02/01/2025 10:54,-,-,-,-,-,-,-
1405877,Entregas Finalizadas Fora de Manaus,8,-,-,2025-01-02 18:59:39,02/01/2025 18:59,-,-,-,-,-,-,-
1405873,Entregas Finalizadas Fora de Manaus,8,-,-,2025-01-02 18:37:14,02/01/2025 18:37,-,-,-,-,-,-,-
1405868,Entregas Finalizadas Fora de Manaus,8,-,-,2025-01-02 14:05:28,02/01/2025 14:05,-,-,-,-,-,-,-
1405865,Vendedor - Nova Encomenda,1,-,-,2025-01-02 10:49:48,02/01/2025 10:49,-,-,-,-,-,-,-
1405854,Entregas Finalizadas Fora de Manaus,8,-,-,2025-01-02 18:01:07,02/01/2025 18:01,-,-,-,-,-,-,-
1405841,Entregas Finalizadas Fora de Manaus,8,-,-,2025-01-02 16:27:46,02/01/2025 16:27,-,-,-,-,-,-,-
1405839,Entregas Finalizadas Fora de Manaus,8,-,-,2025-01-06 11:00:47,06/01/2025 11:00,-,-,-,-,-,-,-
1405830,Entregas Finalizadas Fora de Manaus,8,-,-,2025-01-02 14:22:22,02/01/2025 14:22,-,-,-,-,-,-,-
1405821,Entregas Finalizadas Fora de Manaus,8,-,-,2025-01-03 08:40:26,03/01/2025 08:40,-,-,-,-,-,-,-
1405809,Entregas Finalizadas Fora de Manaus,8,-,-,2025-01-02 17:21:15,02/01/2025 17:21,-,-,-,-,-,-,-
1405805,Entregas Finalizadas Fora de Manaus,8,-,-,2025-01-02 16:54:03,02/01/2025 16:54,-,-,-,-,-,-,-
1405609,Entregas Finalizadas Fora de Manaus,8,-,-,2025-01-03 10:06:42,03/01/2025 10:06,-,-,-,-,-,-,-
1405601,Entregas Finalizadas Fora de Manaus,8,-,-,2025-01-06 13:54:05,06/01/2025 13:54,-,-,-,-,-,-,-
1405596,Entregas Finalizadas Fora de Manaus,8,-,-,2025-01-02 13:18:37,02/01/2025 13:18,-,-,-,-,-,-,-
1405594,Entregas Finalizadas Manaus,6,-,-,2025-01-02 15:20:21,02/01/2025 15:20,-,-,-,-,-,-,-
1405589,Entregas Finalizadas Fora de Manaus,8,-,-,2025-01-02 13:17:34,02/01/2025 13:17,-,-,-,-,-,-,-
1405573,Entregas Finalizadas Fora de Manaus,8,-,-,2025-01-06 18:00:15,06/01/2025 18:00,-,-,-,-,-,-,-
1405571,Entregas Finalizadas Fora de Manaus,8,-,-,2025-01-03 12:55:06,03/01/2025 12:55,-,-,-,-,-,-,-
1405560,Entregas Finalizadas Fora de Manaus,8,-,-,2025-01-02 13:19:44,02/01/2025 13:19,-,-,-,-,-,-,-
1405550,Entregas Finalizadas Fora de Manaus,8,-,-,2025-01-02 18:20:52,02/01/2025 18:20,-,-,-,-,-,-,-
