ID da Ordem,Etapa,Código do Status,Modificado por,SLA,Data do Evento,Data Início Execução,Data Final Execução,Prazo Máximo,Duração Total,Duração Útil,Status SLA,Excedido Total (min),Excedido Útil (min)
1907973,✅ Aprovado,9,talita.prates@ppgj.com.br,-,2025-09-05 16:55:39,05/09/2025 16:55,-,-,-,-,-,-,-
1947888,😔 Desistiu (1 hora sem interação),1,-,-,2025-09-19 19:36:39,19/09/2025 19:36,-,-,-,-,-,-,-
1907181,📵 Black List (Impedir número de fazer novos processos),B,julia.bevilacqua@ppgj.com.br,-,2025-09-12 17:19:27,12/09/2025 17:19,-,-,-,-,-,-,-
1804274,🤔 Em Análise Parte2,8,pasquali@pasquali.com.br,-,2025-07-03 10:12:30,03/07/2025 10:12,-,-,-,-,-,-,-
1947876,🧑‍🧑‍🧒‍🧒 Apresentação da Vaga,6,mariajulia.souza@ppgj.com.br,-,2025-09-19 09:02:58,19/09/2025 09:02,-,-,-,-,-,-,-
1942786,🧑‍🧑‍🧒‍🧒 Apresentação da Vaga,6,mariajulia.souza@ppgj.com.br,-,2025-09-16 13:06:59,16/09/2025 13:06,-,-,-,-,-,-,-
1912210,🤔 Em Análise Parte2,8,julia.bevilacqua@ppgj.com.br,-,2025-08-28 09:46:15,28/08/2025 09:46,-,-,-,-,-,-,-
1908084,🤔 Em Análise Parte2,8,julia.bevilacqua@ppgj.com.br,-,2025-08-26 10:43:30,26/08/2025 10:43,-,-,-,-,-,-,-
1887616,✅ Aprovado,9,julia.bevilacqua@ppgj.com.br,-,2025-08-22 13:16:43,22/08/2025 13:16,-,-,-,-,-,-,-
1887362,😭 Não Apto,4,-,-,2025-08-16 20:40:39,16/08/2025 20:40,-,-,-,-,-,-,-
1864297,😔 Desistiu (1 hora sem interação),1,pasquali@pasquali.com.br,-,2025-07-31 14:30:38,31/07/2025 14:30,-,-,-,-,-,-,-
1828822,😭 Não Apto,4,pasquali@pasquali.com.br,-,2025-07-17 14:51:31,17/07/2025 14:51,-,-,-,-,-,-,-
1825690,😔 Desistiu (1 hora sem interação),1,-,-,2025-07-11 16:51:38,11/07/2025 16:51,-,-,-,-,-,-,-
1820463,🤔 Em Análise Parte2,8,pasquali@pasquali.com.br,-,2025-07-16 15:07:08,16/07/2025 15:07,-,-,-,-,-,-,-
1813139,😔 Desistiu (1 hora sem interação),1,-,-,2025-07-04 10:05:37,04/07/2025 10:05,-,-,-,-,-,-,-
1810824,🤔 Em Análise Parte2,8,pasquali@pasquali.com.br,-,2025-07-03 11:09:35,03/07/2025 11:09,-,-,-,-,-,-,-
1955035,🤖 Respondendo Chat,0,-,-,2025-09-23 08:53:39,23/09/2025 08:53,23/09/2025 09:01,-,0.01 dias,-,-,-,-
1955035,🧑‍💻2️⃣✅  Apto Vaga 2,3,-,-,2025-09-23 09:01:48,23/09/2025 09:01,-,-,-,-,-,-,-
1951616,🧑‍🧑‍🧒‍🧒 Apresentação da Vaga,6,julia.bevilacqua@ppgj.com.br,-,2025-09-22 13:21:19,22/09/2025 13:21,-,-,-,-,-,-,-
1949529,🤔 Em Análise Parte2,8,julia.bevilacqua@ppgj.com.br,-,2025-09-22 11:09:01,22/09/2025 11:09,-,-,-,-,-,-,-
1944207,🤔 Em Análise Parte2,8,julia.bevilacqua@ppgj.com.br,-,2025-09-17 14:05:05,17/09/2025 14:05,-,-,-,-,-,-,-
1942011,🤔 Em Análise Parte2,8,julia.bevilacqua@ppgj.com.br,-,2025-09-16 10:24:09,16/09/2025 10:24,-,-,-,-,-,-,-
1931916,🤔 Em Análise Parte2,8,talita.prates@ppgj.com.br,-,2025-09-09 14:10:43,09/09/2025 14:10,-,-,-,-,-,-,-
1931671,🤔 Em Análise Parte2,8,julia.bevilacqua@ppgj.com.br,-,2025-09-10 13:58:14,10/09/2025 13:58,-,-,-,-,-,-,-
1885618,✅ Aprovado,9,julia.bevilacqua@ppgj.com.br,-,2025-08-15 15:31:27,15/08/2025 15:31,-,-,-,-,-,-,-
1844735,🤔 Em Análise Parte2,8,pasquali@pasquali.com.br,-,2025-07-24 10:26:23,24/07/2025 10:26,-,-,-,-,-,-,-
1835476,😔 Desistiu (1 hora sem interação),1,-,-,2025-07-17 15:27:23,17/07/2025 15:27,-,-,-,-,-,-,-
1831012,🤔 Em Análise Parte2,8,pasquali@pasquali.com.br,-,2025-07-15 12:18:06,15/07/2025 12:18,-,-,-,-,-,-,-
1826109,🤔 Em Análise Parte2,8,pasquali@pasquali.com.br,-,2025-07-14 11:27:44,14/07/2025 11:27,-,-,-,-,-,-,-
1820104,🧑‍🧑‍🧒‍🧒 Entrevista Individual,7,pasquali@pasquali.com.br,-,2025-07-08 14:46:57,08/07/2025 14:46,-,-,-,-,-,-,-
1818510,🤔 Em Análise Parte2,8,pasquali@pasquali.com.br,-,2025-07-08 10:09:25,08/07/2025 10:09,-,-,-,-,-,-,-
1814537,🤔 Em Análise Parte2,8,pasquali@pasquali.com.br,-,2025-07-07 11:01:49,07/07/2025 11:01,-,-,-,-,-,-,-
1811136,🤔 Em Análise Parte2,8,pasquali@pasquali.com.br,-,2025-07-03 10:25:19,03/07/2025 10:25,-,-,-,-,-,-,-
1807709,🤔 Em Análise Parte2,8,pasquali@pasquali.com.br,-,2025-07-03 09:54:04,03/07/2025 09:54,-,-,-,-,-,-,-
1804473,🤔 Em Análise Parte2,8,pasquali@pasquali.com.br,-,2025-07-02 11:03:40,02/07/2025 11:03,-,-,-,-,-,-,-
1804287,😔 Desistiu (1 hora sem interação),1,-,-,2025-07-02 10:06:23,02/07/2025 10:06,-,-,-,-,-,-,-
1955048,🤖 Respondendo Chat,0,-,-,2025-09-23 09:05:58,23/09/2025 09:05,-,-,-,-,-,-,-
1955027,🤖 Respondendo Chat,0,-,-,2025-09-23 08:42:31,23/09/2025 08:42,23/09/2025 08:47,-,0.0 dias,-,-,-,-
1955027,🧑‍💻1️⃣✅  Apto Vaga 1,2,-,-,2025-09-23 08:47:42,23/09/2025 08:47,23/09/2025 08:51,-,0.0 dias,-,-,-,-
1955027,👍 Confirmação de Agendamento,C,mariajulia.souza@ppgj.com.br,-,2025-09-23 08:51:13,23/09/2025 08:51,23/09/2025 08:57,-,0.0 dias,-,-,-,-
1955027,🧑‍🧑‍🧒‍🧒 Apresentação da Vaga,6,mariajulia.souza@ppgj.com.br,-,2025-09-23 08:57:09,23/09/2025 08:57,-,-,-,-,-,-,-
1955019,🤖 Respondendo Chat,0,-,-,2025-09-23 08:36:00,23/09/2025 08:36,-,-,-,-,-,-,-
1955006,🤖 Respondendo Chat,0,-,-,2025-09-23 08:15:38,23/09/2025 08:15,23/09/2025 08:17,-,0.0 dias,-,-,-,-
1955006,🧑‍💻1️⃣✅  Apto Vaga 1,2,-,-,2025-09-23 08:17:57,23/09/2025 08:17,23/09/2025 08:36,-,0.01 dias,-,-,-,-
1955006,😭 Não Apto,4,julia.bevilacqua@ppgj.com.br,-,2025-09-23 08:36:45,23/09/2025 08:36,-,-,-,-,-,-,-
1955004,🤖 Respondendo Chat,0,-,-,2025-09-23 08:11:58,23/09/2025 08:11,23/09/2025 08:14,-,0.0 dias,-,-,-,-
1955004,😭 Não Apto,4,-,-,2025-09-23 08:14:33,23/09/2025 08:14,-,-,-,-,-,-,-
1955001,🤖 Respondendo Chat,0,-,-,2025-09-23 08:06:00,23/09/2025 08:06,23/09/2025 08:11,-,0.0 dias,-,-,-,-
1955001,😭 Não Apto,4,-,-,2025-09-23 08:11:05,23/09/2025 08:11,-,-,-,-,-,-,-
1954994,🤖 Respondendo Chat,0,-,-,2025-09-23 07:33:54,23/09/2025 07:33,23/09/2025 07:48,-,0.01 dias,-,-,-,-
1954994,🧑‍💻1️⃣✅  Apto Vaga 1,2,-,-,2025-09-23 07:48:43,23/09/2025 07:48,23/09/2025 08:41,-,0.04 dias,-,-,-,-
1954994,👍 Confirmação de Agendamento,C,julia.bevilacqua@ppgj.com.br,-,2025-09-23 08:41:16,23/09/2025 08:41,23/09/2025 09:12,-,0.02 dias,-,-,-,-
1954994,🧑‍🧑‍🧒‍🧒 Apresentação da Vaga,6,mariajulia.souza@ppgj.com.br,-,2025-09-23 09:12:48,23/09/2025 09:12,-,-,-,-,-,-,-
1954848,🤖 Respondendo Chat,0,-,-,2025-09-22 22:22:34,22/09/2025 22:22,22/09/2025 22:27,-,0.0 dias,-,-,-,-
1954848,🧑‍💻1️⃣✅  Apto Vaga 1,2,-,-,2025-09-22 22:27:26,22/09/2025 22:27,23/09/2025 08:43,-,0.43 dias,-,-,-,-
1954848,👍 Confirmação de Agendamento,C,julia.bevilacqua@ppgj.com.br,-,2025-09-23 08:43:28,23/09/2025 08:43,-,-,-,-,-,-,-
1954718,🤖 Respondendo Chat,0,-,-,2025-09-22 18:59:07,22/09/2025 18:59,-,-,-,-,-,-,-
1954710,🤖 Respondendo Chat,0,-,-,2025-09-22 18:47:13,22/09/2025 18:47,22/09/2025 18:54,-,0.01 dias,-,-,-,-
1954710,🧑‍💻2️⃣✅  Apto Vaga 2,3,-,-,2025-09-22 18:54:44,22/09/2025 18:54,23/09/2025 08:44,-,0.58 dias,-,-,-,-
1954710,😭 Não Apto,4,mariajulia.souza@ppgj.com.br,-,2025-09-23 08:44:33,23/09/2025 08:44,-,-,-,-,-,-,-
1954705,🤖 Respondendo Chat,0,-,-,2025-09-22 18:32:31,22/09/2025 18:32,-,-,-,-,-,-,-
1954665,🤖 Respondendo Chat,0,-,-,2025-09-22 18:01:15,22/09/2025 18:01,22/09/2025 18:06,-,0.0 dias,-,-,-,-
1954665,🧑‍💻1️⃣✅  Apto Vaga 1,2,-,-,2025-09-22 18:06:51,22/09/2025 18:06,23/09/2025 08:45,-,0.61 dias,-,-,-,-
1954665,👍 Confirmação de Agendamento,C,mariajulia.souza@ppgj.com.br,-,2025-09-23 08:45:46,23/09/2025 08:45,-,-,-,-,-,-,-
1954659,🤖 Respondendo Chat,0,-,-,2025-09-22 17:57:11,22/09/2025 17:57,-,-,-,-,-,-,-
1954552,🤖 Respondendo Chat,0,-,-,2025-09-22 17:09:25,22/09/2025 17:09,-,-,-,-,-,-,-
1954525,🤖 Respondendo Chat,0,-,-,2025-09-22 17:01:26,22/09/2025 17:01,22/09/2025 17:19,-,0.01 dias,-,-,-,-
1954525,😭 Não Apto,4,-,-,2025-09-22 17:19:05,22/09/2025 17:19,-,-,-,-,-,-,-
1954523,🤖 Respondendo Chat,0,-,-,2025-09-22 17:01:13,22/09/2025 17:01,22/09/2025 17:11,-,0.01 dias,-,-,-,-
1954523,🧑‍💻1️⃣✅  Apto Vaga 1,2,-,-,2025-09-22 17:11:06,22/09/2025 17:11,22/09/2025 17:18,-,0.0 dias,-,-,-,-
1954523,👍 Confirmação de Agendamento,C,julia.bevilacqua@ppgj.com.br,-,2025-09-22 17:18:06,22/09/2025 17:18,22/09/2025 17:20,-,0.0 dias,-,-,-,-
1954523,🧑‍🧑‍🧒‍🧒 Apresentação da Vaga,6,talita.prates@ppgj.com.br,-,2025-09-22 17:20:53,22/09/2025 17:20,-,-,-,-,-,-,-
1954143,🤖 Respondendo Chat,0,-,-,2025-09-22 16:34:14,22/09/2025 16:34,22/09/2025 16:37,-,0.0 dias,-,-,-,-
1954143,😔 Desistiu (1 hora sem interação),1,talita.prates@ppgj.com.br,-,2025-09-22 16:37:01,22/09/2025 16:37,22/09/2025 16:37,-,0.0 dias,-,-,-,-
1954143,🤖 Respondendo Chat,0,talita.prates@ppgj.com.br,-,2025-09-22 16:37:07,22/09/2025 16:37,22/09/2025 16:45,-,0.01 dias,-,-,-,-
1954143,😭 Não Apto,4,talita.prates@ppgj.com.br,-,2025-09-22 16:45:44,22/09/2025 16:45,22/09/2025 16:46,-,0.0 dias,-,-,-,-
1954143,🤖 Respondendo Chat,0,talita.prates@ppgj.com.br,-,2025-09-22 16:46:10,22/09/2025 16:46,22/09/2025 16:54,-,0.01 dias,-,-,-,-
1954143,👍 Confirmação de Agendamento,C,talita.prates@ppgj.com.br,-,2025-09-22 16:54:40,22/09/2025 16:54,22/09/2025 16:58,-,0.0 dias,-,-,-,-
1954143,🧑‍🧑‍🧒‍🧒 Apresentação da Vaga,6,talita.prates@ppgj.com.br,-,2025-09-22 16:58:07,22/09/2025 16:58,-,-,-,-,-,-,-
1954129,🤖 Respondendo Chat,0,-,-,2025-09-22 16:32:43,22/09/2025 16:32,-,-,-,-,-,-,-
1954127,🤖 Respondendo Chat,0,-,-,2025-09-22 16:31:48,22/09/2025 16:31,22/09/2025 16:37,-,0.0 dias,-,-,-,-
1954127,🧑‍💻1️⃣✅  Apto Vaga 1,2,-,-,2025-09-22 16:37:36,22/09/2025 16:37,22/09/2025 16:39,-,0.0 dias,-,-,-,-
1954127,👍 Confirmação de Agendamento,C,julia.bevilacqua@ppgj.com.br,-,2025-09-22 16:39:15,22/09/2025 16:39,22/09/2025 16:42,-,0.0 dias,-,-,-,-
1954127,🧑‍🧑‍🧒‍🧒 Apresentação da Vaga,6,julia.bevilacqua@ppgj.com.br,-,2025-09-22 16:42:43,22/09/2025 16:42,-,-,-,-,-,-,-
1954124,🤖 Respondendo Chat,0,-,-,2025-09-22 16:30:40,22/09/2025 16:30,22/09/2025 16:35,-,0.0 dias,-,-,-,-
1954124,🧑‍💻1️⃣✅  Apto Vaga 1,2,-,-,2025-09-22 16:35:09,22/09/2025 16:35,22/09/2025 16:37,-,0.0 dias,-,-,-,-
1954124,👍 Confirmação de Agendamento,C,julia.bevilacqua@ppgj.com.br,-,2025-09-22 16:37:02,22/09/2025 16:37,22/09/2025 16:38,-,0.0 dias,-,-,-,-
1954124,🧑‍🧑‍🧒‍🧒 Apresentação da Vaga,6,julia.bevilacqua@ppgj.com.br,-,2025-09-22 16:38:34,22/09/2025 16:38,-,-,-,-,-,-,-
1954117,🤖 Respondendo Chat,0,-,-,2025-09-22 16:25:34,22/09/2025 16:25,22/09/2025 16:34,-,0.01 dias,-,-,-,-
1954117,🧑‍💻1️⃣✅  Apto Vaga 1,2,-,-,2025-09-22 16:34:01,22/09/2025 16:34,22/09/2025 16:37,-,0.0 dias,-,-,-,-
1954117,👍 Confirmação de Agendamento,C,julia.bevilacqua@ppgj.com.br,-,2025-09-22 16:37:43,22/09/2025 16:37,22/09/2025 17:17,-,0.03 dias,-,-,-,-
1954117,🧑‍🧑‍🧒‍🧒 Apresentação da Vaga,6,talita.prates@ppgj.com.br,-,2025-09-22 17:17:48,22/09/2025 17:17,-,-,-,-,-,-,-
1954105,🤖 Respondendo Chat,0,-,-,2025-09-22 16:20:39,22/09/2025 16:20,22/09/2025 16:28,-,0.01 dias,-,-,-,-
1954105,😭 Não Apto,4,-,-,2025-09-22 16:28:07,22/09/2025 16:28,-,-,-,-,-,-,-
1954038,🤖 Respondendo Chat,0,-,-,2025-09-22 16:09:30,22/09/2025 16:09,-,-,-,-,-,-,-
1953829,🤖 Respondendo Chat,0,-,-,2025-09-22 15:55:53,22/09/2025 15:55,-,-,-,-,-,-,-
1953693,🤖 Respondendo Chat,0,-,-,2025-09-22 15:48:37,22/09/2025 15:48,22/09/2025 15:54,-,0.0 dias,-,-,-,-
1953693,🧑‍💻1️⃣✅  Apto Vaga 1,2,-,-,2025-09-22 15:54:53,22/09/2025 15:54,22/09/2025 15:58,-,0.0 dias,-,-,-,-
1953693,👍 Confirmação de Agendamento,C,julia.bevilacqua@ppgj.com.br,-,2025-09-22 15:58:21,22/09/2025 15:58,22/09/2025 16:01,-,0.0 dias,-,-,-,-
1953693,🧑‍🧑‍🧒‍🧒 Apresentação da Vaga,6,julia.bevilacqua@ppgj.com.br,-,2025-09-22 16:01:17,22/09/2025 16:01,-,-,-,-,-,-,-
1953668,🤖 Respondendo Chat,0,-,-,2025-09-22 15:46:43,22/09/2025 15:46,22/09/2025 15:57,-,0.01 dias,-,-,-,-
1953668,😭 Não Apto,4,-,-,2025-09-22 15:57:25,22/09/2025 15:57,-,-,-,-,-,-,-
1953447,🤖 Respondendo Chat,0,-,-,2025-09-22 15:30:03,22/09/2025 15:30,22/09/2025 16:04,-,0.02 dias,-,-,-,-
1953447,🧑‍💻1️⃣✅  Apto Vaga 1,2,-,-,2025-09-22 16:04:27,22/09/2025 16:04,22/09/2025 16:12,-,0.01 dias,-,-,-,-
1953447,😭 Não Apto,4,talita.prates@ppgj.com.br,-,2025-09-22 16:12:06,22/09/2025 16:12,-,-,-,-,-,-,-
1953380,🤖 Respondendo Chat,0,-,-,2025-09-22 15:25:42,22/09/2025 15:25,-,-,-,-,-,-,-
1953375,🤖 Respondendo Chat,0,-,-,2025-09-22 15:25:29,22/09/2025 15:25,-,-,-,-,-,-,-
1953367,🤖 Respondendo Chat,0,-,-,2025-09-22 15:25:10,22/09/2025 15:25,22/09/2025 18:35,-,0.13 dias,-,-,-,-
1953367,🧑‍💻1️⃣✅  Apto Vaga 1,2,-,-,2025-09-22 18:35:01,22/09/2025 18:35,23/09/2025 08:46,-,0.59 dias,-,-,-,-
1953367,👍 Confirmação de Agendamento,C,julia.bevilacqua@ppgj.com.br,-,2025-09-23 08:46:38,23/09/2025 08:46,23/09/2025 08:54,-,0.01 dias,-,-,-,-
1953367,🧑‍🧑‍🧒‍🧒 Apresentação da Vaga,6,mariajulia.souza@ppgj.com.br,-,2025-09-23 08:54:17,23/09/2025 08:54,-,-,-,-,-,-,-
1953336,🤖 Respondendo Chat,0,-,-,2025-09-22 15:23:33,22/09/2025 15:23,-,-,-,-,-,-,-
1953261,🤖 Respondendo Chat,0,-,-,2025-09-22 15:17:04,22/09/2025 15:17,22/09/2025 15:27,-,0.01 dias,-,-,-,-
1953261,🧑‍💻1️⃣✅  Apto Vaga 1,2,-,-,2025-09-22 15:27:13,22/09/2025 15:27,22/09/2025 15:31,-,0.0 dias,-,-,-,-
1953261,👍 Confirmação de Agendamento,C,julia.bevilacqua@ppgj.com.br,-,2025-09-22 15:31:10,22/09/2025 15:31,22/09/2025 15:36,-,0.0 dias,-,-,-,-
1953261,🧑‍🧑‍🧒‍🧒 Apresentação da Vaga,6,talita.prates@ppgj.com.br,-,2025-09-22 15:36:42,22/09/2025 15:36,-,-,-,-,-,-,-
1952921,🤖 Respondendo Chat,0,-,-,2025-09-22 14:55:27,22/09/2025 14:55,-,-,-,-,-,-,-
1952793,🤖 Respondendo Chat,0,-,-,2025-09-22 14:45:10,22/09/2025 14:45,-,-,-,-,-,-,-
1952786,🤖 Respondendo Chat,0,-,-,2025-09-22 14:44:03,22/09/2025 14:44,22/09/2025 18:25,-,0.15 dias,-,-,-,-
1952786,🧑‍💻1️⃣✅  Apto Vaga 1,2,-,-,2025-09-22 18:25:08,22/09/2025 18:25,-,-,-,-,-,-,-
1952776,🤖 Respondendo Chat,0,-,-,2025-09-22 14:37:48,22/09/2025 14:37,22/09/2025 14:44,-,0.0 dias,-,-,-,-
1952776,🧑‍💻1️⃣✅  Apto Vaga 1,2,-,-,2025-09-22 14:44:48,22/09/2025 14:44,22/09/2025 14:46,-,0.0 dias,-,-,-,-
1952776,👍 Confirmação de Agendamento,C,julia.bevilacqua@ppgj.com.br,-,2025-09-22 14:46:25,22/09/2025 14:46,22/09/2025 14:51,-,0.0 dias,-,-,-,-
1952776,🧑‍🧑‍🧒‍🧒 Apresentação da Vaga,6,julia.bevilacqua@ppgj.com.br,-,2025-09-22 14:51:46,22/09/2025 14:51,-,-,-,-,-,-,-
1952775,🤖 Respondendo Chat,0,-,-,2025-09-22 14:37:35,22/09/2025 14:37,22/09/2025 14:45,-,0.01 dias,-,-,-,-
1952775,🧑‍💻1️⃣✅  Apto Vaga 1,2,-,-,2025-09-22 14:45:56,22/09/2025 14:45,22/09/2025 14:48,-,0.0 dias,-,-,-,-
1952775,👍 Confirmação de Agendamento,C,julia.bevilacqua@ppgj.com.br,-,2025-09-22 14:48:48,22/09/2025 14:48,22/09/2025 14:53,-,0.0 dias,-,-,-,-
1952775,🧑‍🧑‍🧒‍🧒 Apresentação da Vaga,6,julia.bevilacqua@ppgj.com.br,-,2025-09-22 14:53:08,22/09/2025 14:53,-,-,-,-,-,-,-
1952774,🤖 Respondendo Chat,0,-,-,2025-09-22 14:37:13,22/09/2025 14:37,22/09/2025 14:43,-,0.0 dias,-,-,-,-
1952774,🧑‍💻1️⃣✅  Apto Vaga 1,2,-,-,2025-09-22 14:43:09,22/09/2025 14:43,22/09/2025 14:50,-,0.01 dias,-,-,-,-
1952774,👍 Confirmação de Agendamento,C,julia.bevilacqua@ppgj.com.br,-,2025-09-22 14:50:42,22/09/2025 14:50,22/09/2025 15:07,-,0.01 dias,-,-,-,-
1952774,🧑‍🧑‍🧒‍🧒 Apresentação da Vaga,6,julia.bevilacqua@ppgj.com.br,-,2025-09-22 15:07:52,22/09/2025 15:07,-,-,-,-,-,-,-
1952773,🤖 Respondendo Chat,0,-,-,2025-09-22 14:37:13,22/09/2025 14:37,-,-,-,-,-,-,-
1952759,🤖 Respondendo Chat,0,-,-,2025-09-22 14:29:41,22/09/2025 14:29,-,-,-,-,-,-,-
1952753,🤖 Respondendo Chat,0,-,-,2025-09-22 14:27:20,22/09/2025 14:27,22/09/2025 14:36,-,0.01 dias,-,-,-,-
1952753,🧑‍💻1️⃣✅  Apto Vaga 1,2,-,-,2025-09-22 14:36:05,22/09/2025 14:36,22/09/2025 14:39,-,0.0 dias,-,-,-,-
1952753,👍 Confirmação de Agendamento,C,julia.bevilacqua@ppgj.com.br,-,2025-09-22 14:39:02,22/09/2025 14:39,22/09/2025 14:41,-,0.0 dias,-,-,-,-
1952753,🧑‍🧑‍🧒‍🧒 Apresentação da Vaga,6,julia.bevilacqua@ppgj.com.br,-,2025-09-22 14:41:03,22/09/2025 14:41,-,-,-,-,-,-,-
1952749,🤖 Respondendo Chat,0,-,-,2025-09-22 14:26:16,22/09/2025 14:26,22/09/2025 14:32,-,0.0 dias,-,-,-,-
1952749,🧑‍💻1️⃣✅  Apto Vaga 1,2,-,-,2025-09-22 14:32:36,22/09/2025 14:32,22/09/2025 14:36,-,0.0 dias,-,-,-,-
1952749,🤖 Respondendo Chat,0,talita.prates@ppgj.com.br,-,2025-09-22 14:36:21,22/09/2025 14:36,22/09/2025 17:48,-,0.13 dias,-,-,-,-
1952749,🧑‍🧑‍🧒‍🧒 Apresentação da Vaga,6,talita.prates@ppgj.com.br,-,2025-09-22 17:48:43,22/09/2025 17:48,-,-,-,-,-,-,-
1952743,🤖 Respondendo Chat,0,-,-,2025-09-22 14:24:48,22/09/2025 14:24,22/09/2025 15:41,-,0.05 dias,-,-,-,-
1952743,🧑‍💻1️⃣✅  Apto Vaga 1,2,-,-,2025-09-22 15:41:21,22/09/2025 15:41,22/09/2025 15:57,-,0.01 dias,-,-,-,-
1952743,👍 Confirmação de Agendamento,C,julia.bevilacqua@ppgj.com.br,-,2025-09-22 15:57:05,22/09/2025 15:57,-,-,-,-,-,-,-
1952742,🤖 Respondendo Chat,0,-,-,2025-09-22 14:24:09,22/09/2025 14:24,22/09/2025 14:32,-,0.01 dias,-,-,-,-
1952742,🧑‍💻2️⃣✅  Apto Vaga 2,3,-,-,2025-09-22 14:32:32,22/09/2025 14:32,22/09/2025 15:34,-,0.04 dias,-,-,-,-
1952742,👍 Confirmação de Agendamento,C,talita.prates@ppgj.com.br,-,2025-09-22 15:34:17,22/09/2025 15:34,22/09/2025 15:38,-,0.0 dias,-,-,-,-
1952742,🧑‍🧑‍🧒‍🧒 Apresentação da Vaga,6,talita.prates@ppgj.com.br,-,2025-09-22 15:38:16,22/09/2025 15:38,-,-,-,-,-,-,-
1952693,🤖 Respondendo Chat,0,-,-,2025-09-22 14:03:57,22/09/2025 14:03,-,-,-,-,-,-,-
1952659,🤖 Respondendo Chat,0,-,-,2025-09-22 13:47:30,22/09/2025 13:47,22/09/2025 16:50,-,0.13 dias,-,-,-,-
1952659,🧑‍💻1️⃣✅  Apto Vaga 1,2,-,-,2025-09-22 16:50:49,22/09/2025 16:50,22/09/2025 16:53,-,0.0 dias,-,-,-,-
1952659,👍 Confirmação de Agendamento,C,julia.bevilacqua@ppgj.com.br,-,2025-09-22 16:53:31,22/09/2025 16:53,22/09/2025 16:56,-,0.0 dias,-,-,-,-
1952659,🧑‍🧑‍🧒‍🧒 Apresentação da Vaga,6,talita.prates@ppgj.com.br,-,2025-09-22 16:56:51,22/09/2025 16:56,-,-,-,-,-,-,-
1952653,🤖 Respondendo Chat,0,-,-,2025-09-22 13:43:58,22/09/2025 13:43,-,-,-,-,-,-,-
1952649,🤖 Respondendo Chat,0,-,-,2025-09-22 13:40:03,22/09/2025 13:40,-,-,-,-,-,-,-
1952646,🤖 Respondendo Chat,0,-,-,2025-09-22 13:38:42,22/09/2025 13:38,22/09/2025 16:50,-,0.13 dias,-,-,-,-
1952646,🧑‍💻1️⃣✅  Apto Vaga 1,2,-,-,2025-09-22 16:50:49,22/09/2025 16:50,23/09/2025 08:48,-,0.67 dias,-,-,-,-
1952646,😭 Não Apto,4,mariajulia.souza@ppgj.com.br,-,2025-09-23 08:48:28,23/09/2025 08:48,-,-,-,-,-,-,-
1952636,😔 Desistiu (1 hora sem interação),1,julia.bevilacqua@ppgj.com.br,-,2025-09-22 13:34:39,22/09/2025 13:34,22/09/2025 13:34,-,0.0 dias,-,-,-,-
1952636,🤖 Respondendo Chat,0,julia.bevilacqua@ppgj.com.br,-,2025-09-22 13:34:39,22/09/2025 13:34,-,-,-,-,-,-,-
1952574,😔 Desistiu (1 hora sem interação),1,talita.prates@ppgj.com.br,-,2025-09-22 13:45:27,22/09/2025 13:45,-,-,-,-,-,-,-
1952264,👍 Confirmação de Agendamento,C,julia.bevilacqua@ppgj.com.br,-,2025-09-22 13:30:30,22/09/2025 13:30,22/09/2025 15:39,-,0.09 dias,-,-,-,-
1952264,🧑‍🧑‍🧒‍🧒 Apresentação da Vaga,6,talita.prates@ppgj.com.br,-,2025-09-22 15:39:11,22/09/2025 15:39,-,-,-,-,-,-,-
1952253,📵 Black List (Impedir número de fazer novos processos),B,julia.bevilacqua@ppgj.com.br,-,2025-09-22 12:16:57,22/09/2025 12:16,-,-,-,-,-,-,-
1952220,🧑‍🧑‍🧒‍🧒 Apresentação da Vaga,6,julia.bevilacqua@ppgj.com.br,-,2025-09-22 12:20:30,22/09/2025 12:20,-,-,-,-,-,-,-
1952103,👍 Confirmação de Agendamento,C,julia.bevilacqua@ppgj.com.br,-,2025-09-22 11:31:14,22/09/2025 11:31,22/09/2025 17:49,-,0.26 dias,-,-,-,-
1952103,🧑‍🧑‍🧒‍🧒 Apresentação da Vaga,6,talita.prates@ppgj.com.br,-,2025-09-22 17:49:51,22/09/2025 17:49,-,-,-,-,-,-,-
1951953,🧑‍🧑‍🧒‍🧒 Apresentação da Vaga,6,talita.prates@ppgj.com.br,-,2025-09-22 12:02:29,22/09/2025 12:02,-,-,-,-,-,-,-
1951945,🤖 Respondendo Chat,0,-,-,2025-09-22 10:10:37,22/09/2025 10:10,-,-,-,-,-,-,-
1951885,🧑‍🧑‍🧒‍🧒 Apresentação da Vaga,6,talita.prates@ppgj.com.br,-,2025-09-22 12:05:09,22/09/2025 12:05,-,-,-,-,-,-,-
1951660,🤖 Respondendo Chat,0,-,-,2025-09-22 07:48:43,22/09/2025 07:48,23/09/2025 07:49,-,1.0 dias,-,-,-,-
1951660,😔 Desistiu (1 hora sem interação),1,-,-,2025-09-23 07:49:08,23/09/2025 07:49,-,-,-,-,-,-,-
1951656,🤖 Respondendo Chat,0,-,-,2025-09-22 07:22:42,22/09/2025 07:22,23/09/2025 07:23,-,1.0 dias,-,-,-,-
1951656,😔 Desistiu (1 hora sem interação),1,-,-,2025-09-23 07:23:05,23/09/2025 07:23,-,-,-,-,-,-,-
1951634,👍 Confirmação de Agendamento,C,julia.bevilacqua@ppgj.com.br,-,2025-09-22 08:50:06,22/09/2025 08:50,22/09/2025 17:41,-,0.37 dias,-,-,-,-
1951634,🧑‍🧑‍🧒‍🧒 Apresentação da Vaga,6,talita.prates@ppgj.com.br,-,2025-09-22 17:41:55,22/09/2025 17:41,-,-,-,-,-,-,-
1951469,😔 Desistiu (1 hora sem interação),1,-,-,2025-09-22 13:31:17,22/09/2025 13:31,-,-,-,-,-,-,-
1951468,🧑‍🧑‍🧒‍🧒 Apresentação da Vaga,6,talita.prates@ppgj.com.br,-,2025-09-22 12:06:26,22/09/2025 12:06,-,-,-,-,-,-,-
1951462,😭 Não Apto,4,julia.bevilacqua@ppgj.com.br,-,2025-09-22 11:34:15,22/09/2025 11:34,-,-,-,-,-,-,-
1951456,🧑‍🧑‍🧒‍🧒 Apresentação da Vaga,6,talita.prates@ppgj.com.br,-,2025-09-22 13:42:28,22/09/2025 13:42,-,-,-,-,-,-,-
1951441,😔 Desistiu (1 hora sem interação),1,-,-,2025-09-22 04:45:56,22/09/2025 04:45,-,-,-,-,-,-,-
1951439,😭 Não Apto,4,julia.bevilacqua@ppgj.com.br,-,2025-09-22 11:39:25,22/09/2025 11:39,-,-,-,-,-,-,-
1951433,😔 Desistiu (1 hora sem interação),1,-,-,2025-09-21 23:00:01,21/09/2025 23:00,-,-,-,-,-,-,-
1951428,😔 Desistiu (1 hora sem interação),1,-,-,2025-09-21 21:42:49,21/09/2025 21:42,-,-,-,-,-,-,-
1951347,😔 Desistiu (1 hora sem interação),1,-,-,2025-09-21 13:38:33,21/09/2025 13:38,-,-,-,-,-,-,-
1951183,😔 Desistiu (1 hora sem interação),1,-,-,2025-09-21 02:40:11,21/09/2025 02:40,-,-,-,-,-,-,-
1951145,🧑‍🧑‍🧒‍🧒 Apresentação da Vaga,6,julia.bevilacqua@ppgj.com.br,-,2025-09-22 12:14:24,22/09/2025 12:14,-,-,-,-,-,-,-
1951140,🧑‍🧑‍🧒‍🧒 Apresentação da Vaga,6,julia.bevilacqua@ppgj.com.br,-,2025-09-22 12:13:39,22/09/2025 12:13,-,-,-,-,-,-,-
1951094,🧑‍🧑‍🧒‍🧒 Apresentação da Vaga,6,talita.prates@ppgj.com.br,-,2025-09-22 13:23:34,22/09/2025 13:23,-,-,-,-,-,-,-
1951026,😭 Não Apto,4,talita.prates@ppgj.com.br,-,2025-09-22 11:59:46,22/09/2025 11:59,-,-,-,-,-,-,-
1950998,👍 Confirmação de Agendamento,C,julia.bevilacqua@ppgj.com.br,-,2025-09-22 11:45:28,22/09/2025 11:45,22/09/2025 17:38,-,0.25 dias,-,-,-,-
1950998,🧑‍🧑‍🧒‍🧒 Apresentação da Vaga,6,talita.prates@ppgj.com.br,-,2025-09-22 17:38:41,22/09/2025 17:38,-,-,-,-,-,-,-
1950980,🧑‍🧑‍🧒‍🧒 Apresentação da Vaga,6,talita.prates@ppgj.com.br,-,2025-09-22 13:28:03,22/09/2025 13:28,-,-,-,-,-,-,-
1950946,🧑‍🧑‍🧒‍🧒 Apresentação da Vaga,6,talita.prates@ppgj.com.br,-,2025-09-22 13:30:21,22/09/2025 13:30,-,-,-,-,-,-,-
1950937,🤔 Em Análise Parte2,8,julia.bevilacqua@ppgj.com.br,-,2025-09-22 09:44:37,22/09/2025 09:44,-,-,-,-,-,-,-
1950929,🧑‍🧑‍🧒‍🧒 Apresentação da Vaga,6,julia.bevilacqua@ppgj.com.br,-,2025-09-19 17:14:50,19/09/2025 17:14,-,-,-,-,-,-,-
1950925,🤔 Em Análise Parte2,8,julia.bevilacqua@ppgj.com.br,-,2025-09-22 10:33:02,22/09/2025 10:33,-,-,-,-,-,-,-
1950922,🧑‍🧑‍🧒‍🧒 Apresentação da Vaga,6,talita.prates@ppgj.com.br,-,2025-09-22 13:34:17,22/09/2025 13:34,-,-,-,-,-,-,-
1950916,👍 Confirmação de Agendamento,C,talita.prates@ppgj.com.br,-,2025-09-22 11:34:03,22/09/2025 11:34,22/09/2025 15:26,-,0.16 dias,-,-,-,-
1950916,🧑‍🧑‍🧒‍🧒 Apresentação da Vaga,6,talita.prates@ppgj.com.br,-,2025-09-22 15:26:21,22/09/2025 15:26,-,-,-,-,-,-,-
1950834,🧑‍🧑‍🧒‍🧒 Apresentação da Vaga,6,julia.bevilacqua@ppgj.com.br,-,2025-09-19 16:42:46,19/09/2025 16:42,-,-,-,-,-,-,-
1950831,🧑‍🧑‍🧒‍🧒 Apresentação da Vaga,6,julia.bevilacqua@ppgj.com.br,-,2025-09-19 17:33:45,19/09/2025 17:33,-,-,-,-,-,-,-
1950826,🧑‍🧑‍🧒‍🧒 Apresentação da Vaga,6,julia.bevilacqua@ppgj.com.br,-,2025-09-19 16:45:14,19/09/2025 16:45,-,-,-,-,-,-,-
1950824,👍 Confirmação de Agendamento,C,julia.bevilacqua@ppgj.com.br,-,2025-09-19 17:26:48,19/09/2025 17:26,23/09/2025 08:55,-,3.64 dias,-,-,-,-
1950824,🧑‍🧑‍🧒‍🧒 Apresentação da Vaga,6,mariajulia.souza@ppgj.com.br,-,2025-09-23 08:55:15,23/09/2025 08:55,-,-,-,-,-,-,-
1950811,😔 Desistiu (1 hora sem interação),1,-,-,2025-09-20 16:19:20,20/09/2025 16:19,-,-,-,-,-,-,-
1950804,😔 Desistiu (1 hora sem interação),1,-,-,2025-09-20 16:15:19,20/09/2025 16:15,-,-,-,-,-,-,-
1950772,🧑‍🧑‍🧒‍🧒 Apresentação da Vaga,6,julia.bevilacqua@ppgj.com.br,-,2025-09-19 16:32:41,19/09/2025 16:32,-,-,-,-,-,-,-
1950765,🧑‍🧑‍🧒‍🧒 Apresentação da Vaga,6,julia.bevilacqua@ppgj.com.br,-,2025-09-19 16:50:32,19/09/2025 16:50,-,-,-,-,-,-,-
1950763,🤔 Em Análise Parte2,8,talita.prates@ppgj.com.br,-,2025-09-22 10:04:58,22/09/2025 10:04,-,-,-,-,-,-,-
1950760,😔 Desistiu (1 hora sem interação),1,-,-,2025-09-20 15:52:15,20/09/2025 15:52,-,-,-,-,-,-,-
1950636,🤔 Em Análise Parte2,8,julia.bevilacqua@ppgj.com.br,-,2025-09-22 10:15:02,22/09/2025 10:15,-,-,-,-,-,-,-
1950595,🧑‍🧑‍🧒‍🧒 Apresentação da Vaga,6,julia.bevilacqua@ppgj.com.br,-,2025-09-22 14:00:38,22/09/2025 14:00,-,-,-,-,-,-,-
1950522,😔 Desistiu (1 hora sem interação),1,talita.prates@ppgj.com.br,-,2025-09-19 17:15:28,19/09/2025 17:15,-,-,-,-,-,-,-
1950366,😔 Desistiu (1 hora sem interação),1,-,-,2025-09-20 14:42:03,20/09/2025 14:42,-,-,-,-,-,-,-
1950232,😔 Desistiu (1 hora sem interação),1,julia.bevilacqua@ppgj.com.br,-,2025-09-22 11:53:36,22/09/2025 11:53,-,-,-,-,-,-,-
1950193,😔 Desistiu (1 hora sem interação),1,mariajulia.souza@ppgj.com.br,-,2025-09-19 14:01:37,19/09/2025 14:01,-,-,-,-,-,-,-
1950189,😔 Desistiu (1 hora sem interação),1,-,-,2025-09-20 13:56:55,20/09/2025 13:56,-,-,-,-,-,-,-
1950094,🤖 Respondendo Chat,0,talita.prates@ppgj.com.br,-,2025-09-22 11:35:03,22/09/2025 11:35,-,-,-,-,-,-,-
1950040,😔 Desistiu (1 hora sem interação),1,-,-,2025-09-20 13:05:46,20/09/2025 13:05,-,-,-,-,-,-,-
1950036,😔 Desistiu (1 hora sem interação),1,-,-,2025-09-20 12:59:45,20/09/2025 12:59,-,-,-,-,-,-,-
1950034,😭 Não Apto,4,-,-,2025-09-19 13:05:34,19/09/2025 13:05,-,-,-,-,-,-,-
1949571,😔 Desistiu (1 hora sem interação),1,-,-,2025-09-20 11:53:33,20/09/2025 11:53,-,-,-,-,-,-,-
1949570,😔 Desistiu (1 hora sem interação),1,-,-,2025-09-20 11:53:33,20/09/2025 11:53,-,-,-,-,-,-,-
1949341,🧑‍🧑‍🧒‍🧒 Apresentação da Vaga,6,mariajulia.souza@ppgj.com.br,-,2025-09-19 11:51:20,19/09/2025 11:51,-,-,-,-,-,-,-
1949222,👍 Confirmação de Agendamento,C,mariajulia.souza@ppgj.com.br,-,2025-09-19 11:42:30,19/09/2025 11:42,-,-,-,-,-,-,-
1949203,😭 Não Apto,4,mariajulia.souza@ppgj.com.br,-,2025-09-19 11:28:27,19/09/2025 11:28,-,-,-,-,-,-,-
1949135,😔 Desistiu (1 hora sem interação),1,-,-,2025-09-20 10:53:22,20/09/2025 10:53,-,-,-,-,-,-,-
1948936,🤔 Em Análise Parte2,8,julia.bevilacqua@ppgj.com.br,-,2025-09-22 09:58:28,22/09/2025 09:58,-,-,-,-,-,-,-
1948846,😔 Desistiu (1 hora sem interação),1,-,-,2025-09-20 10:20:17,20/09/2025 10:20,-,-,-,-,-,-,-
1948845,😔 Desistiu (1 hora sem interação),1,-,-,2025-09-20 10:20:17,20/09/2025 10:20,-,-,-,-,-,-,-
1948680,😭 Não Apto,4,mariajulia.souza@ppgj.com.br,-,2025-09-19 10:08:40,19/09/2025 10:08,-,-,-,-,-,-,-
1948418,😭 Não Apto,4,mariajulia.souza@ppgj.com.br,-,2025-09-19 11:37:12,19/09/2025 11:37,-,-,-,-,-,-,-
1948373,😔 Desistiu (1 hora sem interação),1,-,-,2025-09-20 09:11:04,20/09/2025 09:11,-,-,-,-,-,-,-
1948282,😔 Desistiu (1 hora sem interação),1,-,-,2025-09-20 08:57:02,20/09/2025 08:57,-,-,-,-,-,-,-
1948209,😔 Desistiu (1 hora sem interação),1,-,-,2025-09-20 08:48:00,20/09/2025 08:48,-,-,-,-,-,-,-
1948203,😔 Desistiu (1 hora sem interação),1,-,-,2025-09-20 08:39:59,20/09/2025 08:39,-,-,-,-,-,-,-
1948133,😭 Não Apto,4,-,-,2025-09-19 08:37:42,19/09/2025 08:37,-,-,-,-,-,-,-
1947971,😔 Desistiu (1 hora sem interação),1,-,-,2025-09-20 04:37:16,20/09/2025 04:37,-,-,-,-,-,-,-
1947956,👍 Confirmação de Agendamento,C,mariajulia.souza@ppgj.com.br,-,2025-09-19 08:54:22,19/09/2025 08:54,-,-,-,-,-,-,-
1947942,😔 Desistiu (1 hora sem interação),1,-,-,2025-09-19 22:12:08,19/09/2025 22:12,-,-,-,-,-,-,-
1947928,🤔 Em Análise Parte2,8,julia.bevilacqua@ppgj.com.br,-,2025-09-22 10:34:12,22/09/2025 10:34,-,-,-,-,-,-,-
1947926,😔 Desistiu (1 hora sem interação),1,-,-,2025-09-19 21:15:57,19/09/2025 21:15,-,-,-,-,-,-,-
1947925,😔 Desistiu (1 hora sem interação),1,-,-,2025-09-19 21:05:55,19/09/2025 21:05,-,-,-,-,-,-,-
1947882,🧑‍🧑‍🧒‍🧒 Apresentação da Vaga,6,mariajulia.souza@ppgj.com.br,-,2025-09-19 08:58:05,19/09/2025 08:58,-,-,-,-,-,-,-
1947832,😔 Desistiu (1 hora sem interação),1,-,-,2025-09-19 18:27:28,19/09/2025 18:27,-,-,-,-,-,-,-
1947827,😔 Desistiu (1 hora sem interação),1,-,-,2025-09-19 18:24:27,19/09/2025 18:24,-,-,-,-,-,-,-
1947824,😔 Desistiu (1 hora sem interação),1,-,-,2025-09-19 18:21:26,19/09/2025 18:21,-,-,-,-,-,-,-
1947822,😔 Desistiu (1 hora sem interação),1,-,-,2025-09-19 18:20:26,19/09/2025 18:20,-,-,-,-,-,-,-
1947806,😭 Não Apto,4,mariajulia.souza@ppgj.com.br,-,2025-09-19 09:04:10,19/09/2025 09:04,-,-,-,-,-,-,-
1947800,😭 Não Apto,4,talita.prates@ppgj.com.br,-,2025-09-18 18:18:33,18/09/2025 18:18,-,-,-,-,-,-,-
1947795,😔 Desistiu (1 hora sem interação),1,-,-,2025-09-19 17:59:22,19/09/2025 17:59,-,-,-,-,-,-,-
1947777,😔 Desistiu (1 hora sem interação),1,-,-,2025-09-19 18:18:25,19/09/2025 18:18,-,-,-,-,-,-,-
1947770,😭 Não Apto,4,talita.prates@ppgj.com.br,-,2025-09-18 18:10:00,18/09/2025 18:10,-,-,-,-,-,-,-
1947732,😔 Desistiu (1 hora sem interação),1,-,-,2025-09-19 17:16:15,19/09/2025 17:16,-,-,-,-,-,-,-
1947730,😔 Desistiu (1 hora sem interação),1,julia.bevilacqua@ppgj.com.br,-,2025-09-22 12:04:05,22/09/2025 12:04,-,-,-,-,-,-,-
1947727,😔 Desistiu (1 hora sem interação),1,-,-,2025-09-19 17:15:14,19/09/2025 17:15,-,-,-,-,-,-,-
1947726,😔 Desistiu (1 hora sem interação),1,julia.bevilacqua@ppgj.com.br,-,2025-09-22 12:02:19,22/09/2025 12:02,-,-,-,-,-,-,-
1947724,😔 Desistiu (1 hora sem interação),1,-,-,2025-09-19 17:13:14,19/09/2025 17:13,-,-,-,-,-,-,-
1947719,😔 Desistiu (1 hora sem interação),1,-,-,2025-09-19 17:12:14,19/09/2025 17:12,-,-,-,-,-,-,-
1947717,😔 Desistiu (1 hora sem interação),1,-,-,2025-09-19 17:12:15,19/09/2025 17:12,-,-,-,-,-,-,-
1947715,✅ Aprovado,9,julia.bevilacqua@ppgj.com.br,-,2025-09-22 11:29:27,22/09/2025 11:29,-,-,-,-,-,-,-
1947709,😭 Não Apto,4,-,-,2025-09-18 17:32:12,18/09/2025 17:32,-,-,-,-,-,-,-
1947692,✅ Aprovado,9,julia.bevilacqua@ppgj.com.br,-,2025-09-19 14:30:11,19/09/2025 14:30,-,-,-,-,-,-,-
1947660,😔 Desistiu (1 hora sem interação),1,-,-,2025-09-19 16:47:11,19/09/2025 16:47,-,-,-,-,-,-,-
1947650,😔 Desistiu (1 hora sem interação),1,julia.bevilacqua@ppgj.com.br,-,2025-09-19 15:35:34,19/09/2025 15:35,-,-,-,-,-,-,-
1947619,😔 Desistiu (1 hora sem interação),1,-,-,2025-09-19 16:31:07,19/09/2025 16:31,-,-,-,-,-,-,-
1947618,😔 Desistiu (1 hora sem interação),1,-,-,2025-09-19 16:31:07,19/09/2025 16:31,-,-,-,-,-,-,-
1947616,😔 Desistiu (1 hora sem interação),1,talita.prates@ppgj.com.br,-,2025-09-19 17:10:33,19/09/2025 17:10,-,-,-,-,-,-,-
1947593,😭 Não Apto,4,julia.bevilacqua@ppgj.com.br,-,2025-09-18 17:01:40,18/09/2025 17:01,-,-,-,-,-,-,-
1947584,😔 Desistiu (1 hora sem interação),1,-,-,2025-09-19 16:18:04,19/09/2025 16:18,-,-,-,-,-,-,-
1947519,🤔 Em Análise Parte1,5,mariajulia.souza@ppgj.com.br,-,2025-09-19 10:24:32,19/09/2025 10:24,-,-,-,-,-,-,-
1947382,😔 Desistiu (1 hora sem interação),1,-,-,2025-09-19 15:42:00,19/09/2025 15:42,-,-,-,-,-,-,-
1947311,😭 Não Apto,4,talita.prates@ppgj.com.br,-,2025-09-18 15:57:24,18/09/2025 15:57,-,-,-,-,-,-,-
1947294,😔 Desistiu (1 hora sem interação),1,-,-,2025-09-19 15:33:00,19/09/2025 15:33,-,-,-,-,-,-,-
1947115,😭 Não Apto,4,talita.prates@ppgj.com.br,-,2025-09-18 16:02:04,18/09/2025 16:02,-,-,-,-,-,-,-
1947078,😔 Desistiu (1 hora sem interação),1,-,-,2025-09-19 15:09:52,19/09/2025 15:09,-,-,-,-,-,-,-
1946983,😔 Desistiu (1 hora sem interação),1,-,-,2025-09-19 14:56:50,19/09/2025 14:56,-,-,-,-,-,-,-
1946943,😔 Desistiu (1 hora sem interação),1,-,-,2025-09-19 14:51:49,19/09/2025 14:51,-,-,-,-,-,-,-
1946909,😔 Desistiu (1 hora sem interação),1,-,-,2025-09-19 14:44:48,19/09/2025 14:44,-,-,-,-,-,-,-
1946881,😔 Desistiu (1 hora sem interação),1,-,-,2025-09-19 14:39:47,19/09/2025 14:39,-,-,-,-,-,-,-
1946831,😔 Desistiu (1 hora sem interação),1,-,-,2025-09-19 14:32:46,19/09/2025 14:32,-,-,-,-,-,-,-
1946758,😔 Desistiu (1 hora sem interação),1,-,-,2025-09-19 14:19:44,19/09/2025 14:19,-,-,-,-,-,-,-
1946729,🤔 Em Análise Parte2,8,julia.bevilacqua@ppgj.com.br,-,2025-09-19 10:13:36,19/09/2025 10:13,-,-,-,-,-,-,-
1946712,😔 Desistiu (1 hora sem interação),1,-,-,2025-09-19 14:14:43,19/09/2025 14:14,-,-,-,-,-,-,-
1946615,😔 Desistiu (1 hora sem interação),1,julia.bevilacqua@ppgj.com.br,-,2025-09-22 12:00:49,22/09/2025 12:00,-,-,-,-,-,-,-
1946605,😔 Desistiu (1 hora sem interação),1,-,-,2025-09-19 13:57:40,19/09/2025 13:57,-,-,-,-,-,-,-
1946602,😔 Desistiu (1 hora sem interação),1,talita.prates@ppgj.com.br,-,2025-09-22 13:50:30,22/09/2025 13:50,-,-,-,-,-,-,-
1946600,😔 Desistiu (1 hora sem interação),1,talita.prates@ppgj.com.br,-,2025-09-22 13:48:57,22/09/2025 13:48,-,-,-,-,-,-,-
1946589,🧑‍🧑‍🧒‍🧒 Apresentação da Vaga,6,mariajulia.souza@ppgj.com.br,-,2025-09-18 14:20:01,18/09/2025 14:20,-,-,-,-,-,-,-
1946581,😔 Desistiu (1 hora sem interação),1,-,-,2025-09-19 13:50:39,19/09/2025 13:50,-,-,-,-,-,-,-
1946504,🤔 Em Análise Parte2,8,talita.prates@ppgj.com.br,-,2025-09-19 14:01:41,19/09/2025 14:01,-,-,-,-,-,-,-
1946400,😭 Não Apto,4,mariajulia.souza@ppgj.com.br,-,2025-09-18 13:32:08,18/09/2025 13:32,-,-,-,-,-,-,-
1946303,😔 Desistiu (1 hora sem interação),1,mariajulia.souza@ppgj.com.br,-,2025-09-18 13:43:07,18/09/2025 13:43,-,-,-,-,-,-,-
1946206,😔 Desistiu (1 hora sem interação),1,-,-,2025-09-19 12:41:27,19/09/2025 12:41,-,-,-,-,-,-,-
1946119,😭 Não Apto,4,mariajulia.souza@ppgj.com.br,-,2025-09-18 13:09:43,18/09/2025 13:09,-,-,-,-,-,-,-
1946049,🤔 Em Análise Parte2,8,julia.bevilacqua@ppgj.com.br,-,2025-09-19 09:52:30,19/09/2025 09:52,-,-,-,-,-,-,-
1945961,🤔 Em Análise Parte2,8,julia.bevilacqua@ppgj.com.br,-,2025-09-19 10:36:47,19/09/2025 10:36,-,-,-,-,-,-,-
1945919,🤔 Em Análise Parte2,8,talita.prates@ppgj.com.br,-,2025-09-18 14:46:25,18/09/2025 14:46,-,-,-,-,-,-,-
1945777,😔 Desistiu (1 hora sem interação),1,-,-,2025-09-19 11:37:17,19/09/2025 11:37,-,-,-,-,-,-,-
1945479,😔 Desistiu (1 hora sem interação),1,mariajulia.souza@ppgj.com.br,-,2025-09-18 12:10:45,18/09/2025 12:10,-,-,-,-,-,-,-
1945315,😔 Desistiu (1 hora sem interação),1,-,-,2025-09-19 10:12:03,19/09/2025 10:12,-,-,-,-,-,-,-
1945271,😔 Desistiu (1 hora sem interação),1,mariajulia.souza@ppgj.com.br,-,2025-09-18 10:21:35,18/09/2025 10:21,-,-,-,-,-,-,-
1945227,😭 Não Apto,4,-,-,2025-09-18 09:22:49,18/09/2025 09:22,-,-,-,-,-,-,-
1945072,🤔 Em Análise Parte2,8,talita.prates@ppgj.com.br,-,2025-09-19 09:50:55,19/09/2025 09:50,-,-,-,-,-,-,-
1945060,😭 Não Apto,4,-,-,2025-09-18 01:58:16,18/09/2025 01:58,-,-,-,-,-,-,-
1945014,👍 Confirmação de Agendamento,C,mariajulia.souza@ppgj.com.br,-,2025-09-18 13:28:45,18/09/2025 13:28,-,-,-,-,-,-,-
1944998,😭 Não Apto,4,mariajulia.souza@ppgj.com.br,-,2025-09-18 10:13:50,18/09/2025 10:13,-,-,-,-,-,-,-
1944997,🤔 Em Análise Parte2,8,talita.prates@ppgj.com.br,-,2025-09-19 10:52:59,19/09/2025 10:52,-,-,-,-,-,-,-
1944985,😔 Desistiu (1 hora sem interação),1,talita.prates@ppgj.com.br,-,2025-09-22 13:51:26,22/09/2025 13:51,-,-,-,-,-,-,-
1944969,🤔 Em Análise Parte1,5,mariajulia.souza@ppgj.com.br,-,2025-09-18 10:20:17,18/09/2025 10:20,-,-,-,-,-,-,-
1944936,😔 Desistiu (1 hora sem interação),1,talita.prates@ppgj.com.br,-,2025-09-22 13:50:04,22/09/2025 13:50,-,-,-,-,-,-,-
1944923,😭 Não Apto,4,mariajulia.souza@ppgj.com.br,-,2025-09-18 10:24:32,18/09/2025 10:24,-,-,-,-,-,-,-
1944919,🧑‍🧑‍🧒‍🧒 Apresentação da Vaga,6,mariajulia.souza@ppgj.com.br,-,2025-09-18 09:00:56,18/09/2025 09:00,-,-,-,-,-,-,-
1944851,😭 Não Apto,4,mariajulia.souza@ppgj.com.br,-,2025-09-18 08:38:53,18/09/2025 08:38,-,-,-,-,-,-,-
1944758,😔 Desistiu (1 hora sem interação),1,mariajulia.souza@ppgj.com.br,-,2025-09-19 10:22:23,19/09/2025 10:22,-,-,-,-,-,-,-
1944743,😭 Não Apto,4,mariajulia.souza@ppgj.com.br,-,2025-09-18 11:20:22,18/09/2025 11:20,-,-,-,-,-,-,-
1944741,🤔 Em Análise Parte2,8,julia.bevilacqua@ppgj.com.br,-,2025-09-19 10:48:08,19/09/2025 10:48,-,-,-,-,-,-,-
1944734,🤔 Em Análise Parte2,8,julia.bevilacqua@ppgj.com.br,-,2025-09-18 14:16:40,18/09/2025 14:16,-,-,-,-,-,-,-
1944710,😭 Não Apto,4,mariajulia.souza@ppgj.com.br,-,2025-09-18 10:26:54,18/09/2025 10:26,-,-,-,-,-,-,-
1944669,😔 Desistiu (1 hora sem interação),1,-,-,2025-09-18 15:31:26,18/09/2025 15:31,-,-,-,-,-,-,-
1944665,🤔 Em Análise Parte1,5,julia.bevilacqua@ppgj.com.br,-,2025-09-17 16:02:19,17/09/2025 16:02,-,-,-,-,-,-,-
1944630,😔 Desistiu (1 hora sem interação),1,-,-,2025-09-18 15:15:24,18/09/2025 15:15,-,-,-,-,-,-,-
1944618,😔 Desistiu (1 hora sem interação),1,-,-,2025-09-18 15:08:22,18/09/2025 15:08,-,-,-,-,-,-,-
1944595,🧑‍🧑‍🧒‍🧒 Apresentação da Vaga,6,talita.prates@ppgj.com.br,-,2025-09-18 15:58:19,18/09/2025 15:58,-,-,-,-,-,-,-
1944543,😔 Desistiu (1 hora sem interação),1,-,-,2025-09-18 14:32:16,18/09/2025 14:32,-,-,-,-,-,-,-
1944448,🤔 Em Análise Parte2,8,julia.bevilacqua@ppgj.com.br,-,2025-09-18 14:05:17,18/09/2025 14:05,-,-,-,-,-,-,-
1944428,👍 Confirmação de Agendamento,C,mariajulia.souza@ppgj.com.br,-,2025-09-17 13:50:29,17/09/2025 13:50,-,-,-,-,-,-,-
1944423,😔 Desistiu (1 hora sem interação),1,mariajulia.souza@ppgj.com.br,-,2025-09-18 10:29:13,18/09/2025 10:29,-,-,-,-,-,-,-
1944400,😔 Desistiu (1 hora sem interação),1,-,-,2025-09-18 13:18:04,18/09/2025 13:18,-,-,-,-,-,-,-
1944394,😔 Desistiu (1 hora sem interação),1,-,-,2025-09-18 13:13:04,18/09/2025 13:13,-,-,-,-,-,-,-
1944385,😭 Não Apto,4,mariajulia.souza@ppgj.com.br,-,2025-09-17 13:27:10,17/09/2025 13:27,-,-,-,-,-,-,-
1944276,😔 Desistiu (1 hora sem interação),1,talita.prates@ppgj.com.br,-,2025-09-22 13:50:58,22/09/2025 13:50,-,-,-,-,-,-,-
1944272,😔 Desistiu (1 hora sem interação),1,mariajulia.souza@ppgj.com.br,-,2025-09-17 13:42:26,17/09/2025 13:42,-,-,-,-,-,-,-
1944271,🧑‍🧑‍🧒‍🧒 Apresentação da Vaga,6,julia.bevilacqua@ppgj.com.br,-,2025-09-17 15:10:41,17/09/2025 15:10,-,-,-,-,-,-,-
1944269,😔 Desistiu (1 hora sem interação),1,-,-,2025-09-18 12:24:57,18/09/2025 12:24,-,-,-,-,-,-,-
1944260,😔 Desistiu (1 hora sem interação),1,talita.prates@ppgj.com.br,-,2025-09-18 09:43:00,18/09/2025 09:43,-,-,-,-,-,-,-
1944257,😔 Desistiu (1 hora sem interação),1,-,-,2025-09-18 12:13:55,18/09/2025 12:13,-,-,-,-,-,-,-
1944209,😔 Desistiu (1 hora sem interação),1,-,-,2025-09-18 11:41:50,18/09/2025 11:41,-,-,-,-,-,-,-
1944199,🤔 Em Análise Parte2,8,julia.bevilacqua@ppgj.com.br,-,2025-09-18 09:41:53,18/09/2025 09:41,-,-,-,-,-,-,-
1944194,😔 Desistiu (1 hora sem interação),1,mariajulia.souza@ppgj.com.br,-,2025-09-17 11:47:25,17/09/2025 11:47,-,-,-,-,-,-,-
1944186,✅ Aprovado,9,julia.bevilacqua@ppgj.com.br,-,2025-09-18 16:26:24,18/09/2025 16:26,-,-,-,-,-,-,-
1944173,😔 Desistiu (1 hora sem interação),1,mariajulia.souza@ppgj.com.br,-,2025-09-17 11:49:01,17/09/2025 11:49,-,-,-,-,-,-,-
1944164,😔 Desistiu (1 hora sem interação),1,-,-,2025-09-18 11:11:45,18/09/2025 11:11,-,-,-,-,-,-,-
1944163,🤔 Em Análise Parte2,8,talita.prates@ppgj.com.br,-,2025-09-18 09:58:13,18/09/2025 09:58,-,-,-,-,-,-,-
1944137,😔 Desistiu (1 hora sem interação),1,-,-,2025-09-18 10:55:42,18/09/2025 10:55,-,-,-,-,-,-,-
1944014,😔 Desistiu (1 hora sem interação),1,mariajulia.souza@ppgj.com.br,-,2025-09-17 10:47:50,17/09/2025 10:47,-,-,-,-,-,-,-
1943984,✅ Aprovado,9,julia.bevilacqua@ppgj.com.br,-,2025-09-18 16:48:39,18/09/2025 16:48,-,-,-,-,-,-,-
1943978,😔 Desistiu (1 hora sem interação),1,mariajulia.souza@ppgj.com.br,-,2025-09-17 14:03:35,17/09/2025 14:03,-,-,-,-,-,-,-
1943826,😭 Não Apto,4,julia.bevilacqua@ppgj.com.br,-,2025-09-17 08:39:20,17/09/2025 08:39,-,-,-,-,-,-,-
1943815,👍 Confirmação de Agendamento,C,mariajulia.souza@ppgj.com.br,-,2025-09-17 10:49:40,17/09/2025 10:49,-,-,-,-,-,-,-
1943737,😔 Desistiu (1 hora sem interação),1,julia.bevilacqua@ppgj.com.br,-,2025-09-17 08:41:32,17/09/2025 08:41,-,-,-,-,-,-,-
1943691,😔 Desistiu (1 hora sem interação),1,-,-,2025-09-18 07:30:11,18/09/2025 07:30,-,-,-,-,-,-,-
1943689,🤔 Em Análise Parte1,5,mariajulia.souza@ppgj.com.br,-,2025-09-17 08:59:13,17/09/2025 08:59,-,-,-,-,-,-,-
1943688,🤔 Em Análise Parte2,8,talita.prates@ppgj.com.br,-,2025-09-18 09:39:21,18/09/2025 09:39,-,-,-,-,-,-,-
1943608,✅ Aprovado,9,julia.bevilacqua@ppgj.com.br,-,2025-09-18 13:29:05,18/09/2025 13:29,-,-,-,-,-,-,-
1943524,🧑‍🧑‍🧒‍🧒 Apresentação da Vaga,6,mariajulia.souza@ppgj.com.br,-,2025-09-17 13:59:21,17/09/2025 13:59,-,-,-,-,-,-,-
1943486,🤔 Em Análise Parte2,8,talita.prates@ppgj.com.br,-,2025-09-22 10:20:25,22/09/2025 10:20,-,-,-,-,-,-,-
1943447,👍 Confirmação de Agendamento,C,mariajulia.souza@ppgj.com.br,-,2025-09-17 14:28:30,17/09/2025 14:28,-,-,-,-,-,-,-
1943359,😔 Desistiu (1 hora sem interação),1,mariajulia.souza@ppgj.com.br,-,2025-09-17 10:52:47,17/09/2025 10:52,-,-,-,-,-,-,-
1943345,😔 Desistiu (1 hora sem interação),1,talita.prates@ppgj.com.br,-,2025-09-18 17:06:54,18/09/2025 17:06,-,-,-,-,-,-,-
1943340,😔 Desistiu (1 hora sem interação),1,talita.prates@ppgj.com.br,-,2025-09-18 09:03:49,18/09/2025 09:03,-,-,-,-,-,-,-
1943327,😔 Desistiu (1 hora sem interação),1,-,-,2025-09-17 16:28:47,17/09/2025 16:28,-,-,-,-,-,-,-
1943297,😔 Desistiu (1 hora sem interação),1,-,-,2025-09-17 16:14:45,17/09/2025 16:14,-,-,-,-,-,-,-
1943291,🤔 Em Análise Parte1,5,mariajulia.souza@ppgj.com.br,-,2025-09-17 09:21:54,17/09/2025 09:21,-,-,-,-,-,-,-
1943277,😔 Desistiu (1 hora sem interação),1,-,-,2025-09-17 16:05:47,17/09/2025 16:05,-,-,-,-,-,-,-
1943275,😔 Desistiu (1 hora sem interação),1,talita.prates@ppgj.com.br,-,2025-09-18 15:19:15,18/09/2025 15:19,-,-,-,-,-,-,-
1943250,😔 Desistiu (1 hora sem interação),1,-,-,2025-09-17 15:55:42,17/09/2025 15:55,-,-,-,-,-,-,-
1943241,😔 Desistiu (1 hora sem interação),1,talita.prates@ppgj.com.br,-,2025-09-18 15:18:34,18/09/2025 15:18,-,-,-,-,-,-,-
1943190,😔 Desistiu (1 hora sem interação),1,-,-,2025-09-17 15:29:38,17/09/2025 15:29,-,-,-,-,-,-,-
1943120,😔 Desistiu (1 hora sem interação),1,-,-,2025-09-17 14:51:32,17/09/2025 14:51,-,-,-,-,-,-,-
1943107,😔 Desistiu (1 hora sem interação),1,-,-,2025-09-17 14:48:32,17/09/2025 14:48,-,-,-,-,-,-,-
1943076,😔 Desistiu (1 hora sem interação),1,talita.prates@ppgj.com.br,-,2025-09-18 15:18:00,18/09/2025 15:18,-,-,-,-,-,-,-
1943025,😔 Desistiu (1 hora sem interação),1,mariajulia.souza@ppgj.com.br,-,2025-09-16 14:25:13,16/09/2025 14:25,-,-,-,-,-,-,-
1943021,😭 Não Apto,4,mariajulia.souza@ppgj.com.br,-,2025-09-16 14:24:08,16/09/2025 14:24,-,-,-,-,-,-,-
1943013,😭 Não Apto,4,mariajulia.souza@ppgj.com.br,-,2025-09-17 11:42:31,17/09/2025 11:42,-,-,-,-,-,-,-
1942981,😔 Desistiu (1 hora sem interação),1,-,-,2025-09-17 13:48:22,17/09/2025 13:48,-,-,-,-,-,-,-
1942882,🤔 Em Análise Parte1,5,mariajulia.souza@ppgj.com.br,-,2025-09-16 13:26:14,16/09/2025 13:26,-,-,-,-,-,-,-
1942862,😭 Não Apto,4,mariajulia.souza@ppgj.com.br,-,2025-09-16 13:20:08,16/09/2025 13:20,-,-,-,-,-,-,-
1942861,😔 Desistiu (1 hora sem interação),1,-,-,2025-09-17 12:48:13,17/09/2025 12:48,-,-,-,-,-,-,-
1942835,✅ Aprovado,9,julia.bevilacqua@ppgj.com.br,-,2025-09-18 13:26:32,18/09/2025 13:26,-,-,-,-,-,-,-
1942825,😔 Desistiu (1 hora sem interação),1,-,-,2025-09-17 12:31:11,17/09/2025 12:31,-,-,-,-,-,-,-
1942775,✅ Aprovado,9,julia.bevilacqua@ppgj.com.br,-,2025-09-17 14:36:50,17/09/2025 14:36,-,-,-,-,-,-,-
1942755,😔 Desistiu (1 hora sem interação),1,-,-,2025-09-17 11:57:05,17/09/2025 11:57,-,-,-,-,-,-,-
1942709,😔 Desistiu (1 hora sem interação),1,talita.prates@ppgj.com.br,-,2025-09-19 17:00:22,19/09/2025 17:00,-,-,-,-,-,-,-
1942677,✅ Aprovado,9,julia.bevilacqua@ppgj.com.br,-,2025-09-18 13:15:35,18/09/2025 13:15,-,-,-,-,-,-,-
1942605,😔 Desistiu (1 hora sem interação),1,mariajulia.souza@ppgj.com.br,-,2025-09-16 11:09:41,16/09/2025 11:09,-,-,-,-,-,-,-
1942587,😔 Desistiu (1 hora sem interação),1,mariajulia.souza@ppgj.com.br,-,2025-09-16 11:09:55,16/09/2025 11:09,-,-,-,-,-,-,-
1942576,😔 Desistiu (1 hora sem interação),1,-,-,2025-09-17 10:27:51,17/09/2025 10:27,-,-,-,-,-,-,-
1942571,😔 Desistiu (1 hora sem interação),1,-,-,2025-09-17 10:22:50,17/09/2025 10:22,-,-,-,-,-,-,-
1942570,😔 Desistiu (1 hora sem interação),1,mariajulia.souza@ppgj.com.br,-,2025-09-16 11:10:18,16/09/2025 11:10,-,-,-,-,-,-,-
1942555,👍 Confirmação de Agendamento,C,mariajulia.souza@ppgj.com.br,-,2025-09-16 10:32:42,16/09/2025 10:32,-,-,-,-,-,-,-
1942541,🤔 Em Análise Parte2,8,julia.bevilacqua@ppgj.com.br,-,2025-09-16 14:10:50,16/09/2025 14:10,-,-,-,-,-,-,-
1942538,😔 Desistiu (1 hora sem interação),1,mariajulia.souza@ppgj.com.br,-,2025-09-16 11:11:03,16/09/2025 11:11,-,-,-,-,-,-,-
1942531,✅ Aprovado,9,julia.bevilacqua@ppgj.com.br,-,2025-09-18 13:19:16,18/09/2025 13:19,-,-,-,-,-,-,-
1942465,😔 Desistiu (1 hora sem interação),1,-,-,2025-09-17 09:33:43,17/09/2025 09:33,-,-,-,-,-,-,-
1942463,😔 Desistiu (1 hora sem interação),1,mariajulia.souza@ppgj.com.br,-,2025-09-16 11:13:54,16/09/2025 11:13,-,-,-,-,-,-,-
1942457,🤔 Em Análise Parte2,8,julia.bevilacqua@ppgj.com.br,-,2025-09-19 11:08:22,19/09/2025 11:08,-,-,-,-,-,-,-
1942445,😔 Desistiu (1 hora sem interação),1,-,-,2025-09-17 09:23:41,17/09/2025 09:23,-,-,-,-,-,-,-
1942389,😔 Desistiu (1 hora sem interação),1,talita.prates@ppgj.com.br,-,2025-09-18 08:58:56,18/09/2025 08:58,-,-,-,-,-,-,-
1942388,🧑‍🧑‍🧒‍🧒 Apresentação da Vaga,6,mariajulia.souza@ppgj.com.br,-,2025-09-16 10:33:39,16/09/2025 10:33,-,-,-,-,-,-,-
1942387,😭 Não Apto,4,julia.bevilacqua@ppgj.com.br,-,2025-09-16 08:52:28,16/09/2025 08:52,-,-,-,-,-,-,-
1942359,✅ Aprovado,9,julia.bevilacqua@ppgj.com.br,-,2025-09-17 14:39:27,17/09/2025 14:39,-,-,-,-,-,-,-
1942354,😔 Desistiu (1 hora sem interação),1,mariajulia.souza@ppgj.com.br,-,2025-09-16 11:24:02,16/09/2025 11:24,-,-,-,-,-,-,-
1942342,😔 Desistiu (1 hora sem interação),1,mariajulia.souza@ppgj.com.br,-,2025-09-18 11:23:13,18/09/2025 11:23,-,-,-,-,-,-,-
1942330,😔 Desistiu (1 hora sem interação),1,-,-,2025-09-16 21:02:44,16/09/2025 21:02,-,-,-,-,-,-,-
1942309,✅ Aprovado,9,julia.bevilacqua@ppgj.com.br,-,2025-09-18 16:24:22,18/09/2025 16:24,-,-,-,-,-,-,-
1942296,😔 Desistiu (1 hora sem interação),1,mariajulia.souza@ppgj.com.br,-,2025-09-16 11:25:19,16/09/2025 11:25,-,-,-,-,-,-,-
1942265,😔 Desistiu (1 hora sem interação),1,-,-,2025-09-16 18:18:19,16/09/2025 18:18,-,-,-,-,-,-,-
1942254,😔 Desistiu (1 hora sem interação),1,-,-,2025-09-16 18:02:16,16/09/2025 18:02,-,-,-,-,-,-,-
1942252,😔 Desistiu (1 hora sem interação),1,-,-,2025-09-16 17:58:15,16/09/2025 17:58,-,-,-,-,-,-,-
1942160,😔 Desistiu (1 hora sem interação),1,-,-,2025-09-16 17:02:07,16/09/2025 17:02,-,-,-,-,-,-,-
1942158,🧑‍🧑‍🧒‍🧒 Apresentação da Vaga,6,mariajulia.souza@ppgj.com.br,-,2025-09-16 10:01:15,16/09/2025 10:01,-,-,-,-,-,-,-
1942140,🧑‍🧑‍🧒‍🧒 Apresentação da Vaga,6,mariajulia.souza@ppgj.com.br,-,2025-09-16 09:05:02,16/09/2025 09:05,-,-,-,-,-,-,-
1942133,😔 Desistiu (1 hora sem interação),1,mariajulia.souza@ppgj.com.br,-,2025-09-16 11:28:45,16/09/2025 11:28,-,-,-,-,-,-,-
1942106,😔 Desistiu (1 hora sem interação),1,-,-,2025-09-16 16:39:03,16/09/2025 16:39,-,-,-,-,-,-,-
1942097,😔 Desistiu (1 hora sem interação),1,-,-,2025-09-16 16:33:05,16/09/2025 16:33,-,-,-,-,-,-,-
1942088,😔 Desistiu (1 hora sem interação),1,-,-,2025-09-16 16:26:01,16/09/2025 16:26,-,-,-,-,-,-,-
1942079,😔 Desistiu (1 hora sem interação),1,mariajulia.souza@ppgj.com.br,-,2025-09-17 10:57:57,17/09/2025 10:57,-,-,-,-,-,-,-
1942068,✅ Aprovado,9,julia.bevilacqua@ppgj.com.br,-,2025-09-18 13:16:37,18/09/2025 13:16,-,-,-,-,-,-,-
1942047,😔 Desistiu (1 hora sem interação),1,-,-,2025-09-16 16:00:57,16/09/2025 16:00,-,-,-,-,-,-,-
1942004,🤔 Em Análise Parte2,8,julia.bevilacqua@ppgj.com.br,-,2025-09-16 09:53:58,16/09/2025 09:53,-,-,-,-,-,-,-
1941857,😔 Desistiu (1 hora sem interação),1,-,-,2025-09-16 15:31:53,16/09/2025 15:31,22/09/2025 16:19,-,6.03 dias,-,-,-,-
1941857,✅ Aprovado,9,talita.prates@ppgj.com.br,-,2025-09-22 16:19:02,22/09/2025 16:19,-,-,-,-,-,-,-
1941787,🤔 Em Análise Parte2,8,talita.prates@ppgj.com.br,-,2025-09-16 09:36:34,16/09/2025 09:36,-,-,-,-,-,-,-
1941692,🤔 Em Análise Parte2,8,julia.bevilacqua@ppgj.com.br,-,2025-09-17 10:24:43,17/09/2025 10:24,-,-,-,-,-,-,-
1941616,😔 Desistiu (1 hora sem interação),1,-,-,2025-09-16 14:45:46,16/09/2025 14:45,-,-,-,-,-,-,-
1941608,🤔 Em Análise Parte2,8,talita.prates@ppgj.com.br,-,2025-09-16 10:47:28,16/09/2025 10:47,-,-,-,-,-,-,-
1941512,📵 Black List (Impedir número de fazer novos processos),B,julia.bevilacqua@ppgj.com.br,-,2025-09-17 11:40:50,17/09/2025 11:40,-,-,-,-,-,-,-
1941495,😔 Desistiu (1 hora sem interação),1,-,-,2025-09-16 14:29:43,16/09/2025 14:29,-,-,-,-,-,-,-
1941382,😔 Desistiu (1 hora sem interação),1,-,-,2025-09-16 14:08:40,16/09/2025 14:08,-,-,-,-,-,-,-
1941350,😔 Desistiu (1 hora sem interação),1,mariajulia.souza@ppgj.com.br,-,2025-09-15 14:02:54,15/09/2025 14:02,-,-,-,-,-,-,-
1941271,😭 Não Apto,4,mariajulia.souza@ppgj.com.br,-,2025-09-15 14:07:02,15/09/2025 14:07,-,-,-,-,-,-,-
1941151,😔 Desistiu (1 hora sem interação),1,-,-,2025-09-16 13:21:32,16/09/2025 13:21,-,-,-,-,-,-,-
1941031,🤔 Em Análise Parte2,8,talita.prates@ppgj.com.br,-,2025-09-16 11:22:43,16/09/2025 11:22,-,-,-,-,-,-,-
1941001,😔 Desistiu (1 hora sem interação),1,mariajulia.souza@ppgj.com.br,-,2025-09-15 14:58:35,15/09/2025 14:58,-,-,-,-,-,-,-
1941000,😔 Desistiu (1 hora sem interação),1,mariajulia.souza@ppgj.com.br,-,2025-09-15 14:53:51,15/09/2025 14:53,-,-,-,-,-,-,-
1940994,🤔 Em Análise Parte2,8,julia.bevilacqua@ppgj.com.br,-,2025-09-16 11:06:02,16/09/2025 11:06,-,-,-,-,-,-,-
1940991,😔 Desistiu (1 hora sem interação),1,mariajulia.souza@ppgj.com.br,-,2025-09-16 14:20:34,16/09/2025 14:20,-,-,-,-,-,-,-
1940985,😔 Desistiu (1 hora sem interação),1,mariajulia.souza@ppgj.com.br,-,2025-09-15 14:52:46,15/09/2025 14:52,-,-,-,-,-,-,-
1940974,😔 Desistiu (1 hora sem interação),1,mariajulia.souza@ppgj.com.br,-,2025-09-15 14:53:00,15/09/2025 14:53,-,-,-,-,-,-,-
1940971,😔 Desistiu (1 hora sem interação),1,mariajulia.souza@ppgj.com.br,-,2025-09-15 14:53:23,15/09/2025 14:53,-,-,-,-,-,-,-
1940964,😔 Desistiu (1 hora sem interação),1,mariajulia.souza@ppgj.com.br,-,2025-09-15 14:54:08,15/09/2025 14:54,-,-,-,-,-,-,-
1940952,😔 Desistiu (1 hora sem interação),1,talita.prates@ppgj.com.br,-,2025-09-16 17:54:10,16/09/2025 17:54,-,-,-,-,-,-,-
1940948,😔 Desistiu (1 hora sem interação),1,mariajulia.souza@ppgj.com.br,-,2025-09-15 14:54:24,15/09/2025 14:54,-,-,-,-,-,-,-
1940946,😔 Desistiu (1 hora sem interação),1,talita.prates@ppgj.com.br,-,2025-09-18 15:19:48,18/09/2025 15:19,-,-,-,-,-,-,-
1940919,📵 Black List (Impedir número de fazer novos processos),B,mariajulia.souza@ppgj.com.br,-,2025-09-15 12:55:49,15/09/2025 12:55,-,-,-,-,-,-,-
1940890,📵 Black List (Impedir número de fazer novos processos),B,mariajulia.souza@ppgj.com.br,-,2025-09-17 09:43:21,17/09/2025 09:43,-,-,-,-,-,-,-
1940851,📵 Black List (Impedir número de fazer novos processos),B,julia.bevilacqua@ppgj.com.br,-,2025-09-17 11:42:01,17/09/2025 11:42,-,-,-,-,-,-,-
1940833,🧑‍🧑‍🧒‍🧒 Apresentação da Vaga,6,julia.bevilacqua@ppgj.com.br,-,2025-09-15 16:51:28,15/09/2025 16:51,-,-,-,-,-,-,-
1940768,✅ Aprovado,9,julia.bevilacqua@ppgj.com.br,-,2025-09-17 14:34:35,17/09/2025 14:34,-,-,-,-,-,-,-
1940711,😔 Desistiu (1 hora sem interação),1,mariajulia.souza@ppgj.com.br,-,2025-09-17 11:03:36,17/09/2025 11:03,-,-,-,-,-,-,-
1940707,😔 Desistiu (1 hora sem interação),1,mariajulia.souza@ppgj.com.br,-,2025-09-17 10:56:20,17/09/2025 10:56,-,-,-,-,-,-,-
1940705,😭 Não Apto,4,-,-,2025-09-15 15:24:12,15/09/2025 15:24,22/09/2025 16:18,-,7.04 dias,-,-,-,-
1940705,✅ Aprovado,9,talita.prates@ppgj.com.br,-,2025-09-22 16:18:50,22/09/2025 16:18,-,-,-,-,-,-,-
1940700,❌ Reprovado,A,julia.bevilacqua@ppgj.com.br,-,2025-09-17 11:38:02,17/09/2025 11:38,-,-,-,-,-,-,-
1940689,🤔 Em Análise Parte2,8,julia.bevilacqua@ppgj.com.br,-,2025-09-16 11:35:14,16/09/2025 11:35,-,-,-,-,-,-,-
1940629,🤔 Em Análise Parte2,8,talita.prates@ppgj.com.br,-,2025-09-17 10:44:08,17/09/2025 10:44,-,-,-,-,-,-,-
1940624,❌ Reprovado,A,julia.bevilacqua@ppgj.com.br,-,2025-09-17 11:39:04,17/09/2025 11:39,-,-,-,-,-,-,-
1940599,😔 Desistiu (1 hora sem interação),1,-,-,2025-09-16 10:35:07,16/09/2025 10:35,-,-,-,-,-,-,-
1940557,😔 Desistiu (1 hora sem interação),1,talita.prates@ppgj.com.br,-,2025-09-18 08:56:47,18/09/2025 08:56,-,-,-,-,-,-,-
1940509,😔 Desistiu (1 hora sem interação),1,mariajulia.souza@ppgj.com.br,-,2025-09-17 10:55:08,17/09/2025 10:55,-,-,-,-,-,-,-
1940503,😔 Desistiu (1 hora sem interação),1,julia.bevilacqua@ppgj.com.br,-,2025-09-17 10:34:35,17/09/2025 10:34,-,-,-,-,-,-,-
1940500,🤔 Em Análise Parte2,8,talita.prates@ppgj.com.br,-,2025-09-18 14:17:48,18/09/2025 14:17,22/09/2025 16:18,-,4.08 dias,-,-,-,-
1940500,✅ Aprovado,9,talita.prates@ppgj.com.br,-,2025-09-22 16:18:40,22/09/2025 16:18,-,-,-,-,-,-,-
1940176,😔 Desistiu (1 hora sem interação),1,-,-,2025-09-15 12:26:34,15/09/2025 12:26,-,-,-,-,-,-,-
1940020,✅ Aprovado,9,julia.bevilacqua@ppgj.com.br,-,2025-09-15 16:20:41,15/09/2025 16:20,-,-,-,-,-,-,-
1939983,😔 Desistiu (1 hora sem interação),1,-,-,2025-09-14 16:29:19,14/09/2025 16:29,-,-,-,-,-,-,-
1939961,❌ Reprovado,A,julia.bevilacqua@ppgj.com.br,-,2025-09-17 11:48:02,17/09/2025 11:48,-,-,-,-,-,-,-
1939757,😔 Desistiu (1 hora sem interação),1,mariajulia.souza@ppgj.com.br,-,2025-09-16 09:07:39,16/09/2025 09:07,-,-,-,-,-,-,-
1939746,😔 Desistiu (1 hora sem interação),1,julia.bevilacqua@ppgj.com.br,-,2025-09-15 16:10:34,15/09/2025 16:10,-,-,-,-,-,-,-
1939730,😭 Não Apto,4,talita.prates@ppgj.com.br,-,2025-09-18 14:46:48,18/09/2025 14:46,-,-,-,-,-,-,-
1939725,✅ Aprovado,9,julia.bevilacqua@ppgj.com.br,-,2025-09-18 13:21:03,18/09/2025 13:21,-,-,-,-,-,-,-
1939652,😔 Desistiu (1 hora sem interação),1,-,-,2025-09-13 18:24:14,13/09/2025 18:24,-,-,-,-,-,-,-
1939643,😔 Desistiu (1 hora sem interação),1,-,-,2025-09-13 18:06:11,13/09/2025 18:06,-,-,-,-,-,-,-
1939494,😭 Não Apto,4,julia.bevilacqua@ppgj.com.br,-,2025-09-15 08:41:26,15/09/2025 08:41,-,-,-,-,-,-,-
1939355,😔 Desistiu (1 hora sem interação),1,-,-,2025-09-18 15:14:26,18/09/2025 15:14,-,-,-,-,-,-,-
1939352,😔 Desistiu (1 hora sem interação),1,-,-,2025-09-13 15:02:37,13/09/2025 15:02,-,-,-,-,-,-,-
1939344,😔 Desistiu (1 hora sem interação),1,-,-,2025-09-13 14:58:36,13/09/2025 14:58,-,-,-,-,-,-,-
1939312,😔 Desistiu (1 hora sem interação),1,-,-,2025-09-13 14:40:33,13/09/2025 14:40,-,-,-,-,-,-,-
1939298,😔 Desistiu (1 hora sem interação),1,-,-,2025-09-13 14:31:31,13/09/2025 14:31,-,-,-,-,-,-,-
1939276,🤔 Em Análise Parte2,8,julia.bevilacqua@ppgj.com.br,-,2025-09-15 09:41:59,15/09/2025 09:41,-,-,-,-,-,-,-
1939275,😔 Desistiu (1 hora sem interação),1,-,-,2025-09-13 14:15:28,13/09/2025 14:15,-,-,-,-,-,-,-
1939270,😭 Não Apto,4,-,-,2025-09-12 14:21:19,12/09/2025 14:21,-,-,-,-,-,-,-
1939121,😔 Desistiu (1 hora sem interação),1,-,-,2025-09-13 12:38:11,13/09/2025 12:38,-,-,-,-,-,-,-
1939043,😔 Desistiu (1 hora sem interação),1,-,-,2025-09-13 11:34:59,13/09/2025 11:34,-,-,-,-,-,-,-
1939018,😔 Desistiu (1 hora sem interação),1,-,-,2025-09-13 11:22:57,13/09/2025 11:22,-,-,-,-,-,-,-
1938999,📵 Black List (Impedir número de fazer novos processos),B,talita.prates@ppgj.com.br,-,2025-09-15 17:16:12,15/09/2025 17:16,-,-,-,-,-,-,-
1938913,😔 Desistiu (1 hora sem interação),1,-,-,2025-09-13 10:51:51,13/09/2025 10:51,-,-,-,-,-,-,-
1938900,😔 Desistiu (1 hora sem interação),1,talita.prates@ppgj.com.br,-,2025-09-16 17:47:28,16/09/2025 17:47,-,-,-,-,-,-,-
1938891,👍 Confirmação de Agendamento,C,mariajulia.souza@ppgj.com.br,-,2025-09-12 11:01:48,12/09/2025 11:01,-,-,-,-,-,-,-
1938868,🤔 Em Análise Parte2,8,talita.prates@ppgj.com.br,-,2025-09-16 11:40:49,16/09/2025 11:40,-,-,-,-,-,-,-
1938796,😔 Desistiu (1 hora sem interação),1,-,-,2025-09-13 10:23:46,13/09/2025 10:23,-,-,-,-,-,-,-
1938701,😔 Desistiu (1 hora sem interação),1,-,-,2025-09-13 10:01:42,13/09/2025 10:01,-,-,-,-,-,-,-
1938690,✅ Aprovado,9,julia.bevilacqua@ppgj.com.br,-,2025-09-18 13:30:25,18/09/2025 13:30,-,-,-,-,-,-,-
1938681,✅ Aprovado,9,julia.bevilacqua@ppgj.com.br,-,2025-09-12 17:27:24,12/09/2025 17:27,-,-,-,-,-,-,-
1938680,😔 Desistiu (1 hora sem interação),1,-,-,2025-09-13 09:50:40,13/09/2025 09:50,-,-,-,-,-,-,-
1938673,😔 Desistiu (1 hora sem interação),1,talita.prates@ppgj.com.br,-,2025-09-17 17:45:41,17/09/2025 17:45,-,-,-,-,-,-,-
1938638,✅ Aprovado,9,julia.bevilacqua@ppgj.com.br,-,2025-09-12 17:06:58,12/09/2025 17:06,-,-,-,-,-,-,-
1938629,🤔 Em Análise Parte2,8,julia.bevilacqua@ppgj.com.br,-,2025-09-15 09:53:55,15/09/2025 09:53,-,-,-,-,-,-,-
1938586,😔 Desistiu (1 hora sem interação),1,-,-,2025-09-13 08:37:26,13/09/2025 08:37,-,-,-,-,-,-,-
1938450,😭 Não Apto,4,-,-,2025-09-12 07:10:31,12/09/2025 07:10,-,-,-,-,-,-,-
1938449,🤔 Em Análise Parte1,5,julia.bevilacqua@ppgj.com.br,-,2025-09-12 08:37:49,12/09/2025 08:37,-,-,-,-,-,-,-
1938414,😭 Não Apto,4,julia.bevilacqua@ppgj.com.br,-,2025-09-12 08:49:51,12/09/2025 08:49,-,-,-,-,-,-,-
1938405,😭 Não Apto,4,julia.bevilacqua@ppgj.com.br,-,2025-09-12 08:51:19,12/09/2025 08:51,-,-,-,-,-,-,-
1938380,😔 Desistiu (1 hora sem interação),1,-,-,2025-09-12 19:16:28,12/09/2025 19:16,-,-,-,-,-,-,-
1938374,😔 Desistiu (1 hora sem interação),1,-,-,2025-09-12 19:09:28,12/09/2025 19:09,-,-,-,-,-,-,-
1938353,😭 Não Apto,4,julia.bevilacqua@ppgj.com.br,-,2025-09-12 10:56:02,12/09/2025 10:56,-,-,-,-,-,-,-
1938311,😔 Desistiu (1 hora sem interação),1,julia.bevilacqua@ppgj.com.br,-,2025-09-18 09:57:32,18/09/2025 09:57,-,-,-,-,-,-,-
1938305,😔 Desistiu (1 hora sem interação),1,-,-,2025-09-12 17:57:25,12/09/2025 17:57,-,-,-,-,-,-,-
1938239,😔 Desistiu (1 hora sem interação),1,-,-,2025-09-12 17:09:24,12/09/2025 17:09,-,-,-,-,-,-,-
1938237,🧑‍🧑‍🧒‍🧒 Apresentação da Vaga,6,julia.bevilacqua@ppgj.com.br,-,2025-09-11 17:31:47,11/09/2025 17:31,-,-,-,-,-,-,-
1938225,🧑‍🧑‍🧒‍🧒 Apresentação da Vaga,6,talita.prates@ppgj.com.br,-,2025-09-12 09:05:36,12/09/2025 09:05,-,-,-,-,-,-,-
1938207,🤔 Em Análise Parte2,8,julia.bevilacqua@ppgj.com.br,-,2025-09-16 10:46:20,16/09/2025 10:46,-,-,-,-,-,-,-
1938205,🤔 Em Análise Parte2,8,julia.bevilacqua@ppgj.com.br,-,2025-09-12 14:33:04,12/09/2025 14:33,-,-,-,-,-,-,-
1938176,🧑‍🧑‍🧒‍🧒 Apresentação da Vaga,6,mariajulia.souza@ppgj.com.br,-,2025-09-12 10:10:19,12/09/2025 10:10,-,-,-,-,-,-,-
1938167,😔 Desistiu (1 hora sem interação),1,talita.prates@ppgj.com.br,-,2025-09-11 17:06:15,11/09/2025 17:06,-,-,-,-,-,-,-
1938159,😔 Desistiu (1 hora sem interação),1,talita.prates@ppgj.com.br,-,2025-09-11 17:30:58,11/09/2025 17:30,-,-,-,-,-,-,-
1938132,😔 Desistiu (1 hora sem interação),1,-,-,2025-09-12 16:25:22,12/09/2025 16:25,-,-,-,-,-,-,-
1938114,✅ Aprovado,9,julia.bevilacqua@ppgj.com.br,-,2025-09-12 17:00:35,12/09/2025 17:00,-,-,-,-,-,-,-
1938094,😔 Desistiu (1 hora sem interação),1,-,-,2025-09-12 16:09:22,12/09/2025 16:09,-,-,-,-,-,-,-
1938065,😔 Desistiu (1 hora sem interação),1,-,-,2025-09-12 15:49:22,12/09/2025 15:49,-,-,-,-,-,-,-
1938052,😔 Desistiu (1 hora sem interação),1,-,-,2025-09-12 15:43:21,12/09/2025 15:43,-,-,-,-,-,-,-
1938030,😭 Não Apto,4,talita.prates@ppgj.com.br,-,2025-09-11 17:25:49,11/09/2025 17:25,-,-,-,-,-,-,-
1938025,✅ Aprovado,9,julia.bevilacqua@ppgj.com.br,-,2025-09-15 16:22:29,15/09/2025 16:22,-,-,-,-,-,-,-
1937976,😔 Desistiu (1 hora sem interação),1,-,-,2025-09-12 14:54:34,12/09/2025 14:54,-,-,-,-,-,-,-
1937971,😔 Desistiu (1 hora sem interação),1,-,-,2025-09-12 14:49:30,12/09/2025 14:49,-,-,-,-,-,-,-
1937959,😔 Desistiu (1 hora sem interação),1,julia.bevilacqua@ppgj.com.br,-,2025-09-16 10:09:19,16/09/2025 10:09,-,-,-,-,-,-,-
1937950,✅ Aprovado,9,julia.bevilacqua@ppgj.com.br,-,2025-09-12 17:25:08,12/09/2025 17:25,-,-,-,-,-,-,-
1937929,🧑‍🧑‍🧒‍🧒 Entrevista Individual,7,julia.bevilacqua@ppgj.com.br,-,2025-09-12 13:54:28,12/09/2025 13:54,-,-,-,-,-,-,-
1937928,🧑‍🧑‍🧒‍🧒 Apresentação da Vaga,6,mariajulia.souza@ppgj.com.br,-,2025-09-12 12:09:30,12/09/2025 12:09,-,-,-,-,-,-,-
1937909,🧑‍🧑‍🧒‍🧒 Apresentação da Vaga,6,talita.prates@ppgj.com.br,-,2025-09-11 17:19:45,11/09/2025 17:19,-,-,-,-,-,-,-
1937893,🤔 Em Análise Parte1,5,talita.prates@ppgj.com.br,-,2025-09-11 17:46:50,11/09/2025 17:46,-,-,-,-,-,-,-
1937892,🧑‍🧑‍🧒‍🧒 Apresentação da Vaga,6,talita.prates@ppgj.com.br,-,2025-09-11 17:34:04,11/09/2025 17:34,-,-,-,-,-,-,-
1937885,😔 Desistiu (1 hora sem interação),1,mariajulia.souza@ppgj.com.br,-,2025-09-15 10:28:39,15/09/2025 10:28,-,-,-,-,-,-,-
1937884,😔 Desistiu (1 hora sem interação),1,-,-,2025-09-12 14:11:39,12/09/2025 14:11,-,-,-,-,-,-,-
1937880,✅ Aprovado,9,julia.bevilacqua@ppgj.com.br,-,2025-09-12 17:03:59,12/09/2025 17:03,-,-,-,-,-,-,-
1937874,✅ Aprovado,9,julia.bevilacqua@ppgj.com.br,-,2025-09-12 16:58:59,12/09/2025 16:58,-,-,-,-,-,-,-
1937871,😔 Desistiu (1 hora sem interação),1,-,-,2025-09-12 14:07:38,12/09/2025 14:07,-,-,-,-,-,-,-
1937847,✅ Aprovado,9,julia.bevilacqua@ppgj.com.br,-,2025-09-12 17:07:59,12/09/2025 17:07,-,-,-,-,-,-,-
1937688,😔 Desistiu (1 hora sem interação),1,-,-,2025-09-12 13:02:28,12/09/2025 13:02,-,-,-,-,-,-,-
1937683,😔 Desistiu (1 hora sem interação),1,mariajulia.souza@ppgj.com.br,-,2025-09-12 13:42:02,12/09/2025 13:42,-,-,-,-,-,-,-
1937676,😔 Desistiu (1 hora sem interação),1,-,-,2025-09-12 12:56:27,12/09/2025 12:56,-,-,-,-,-,-,-
1937661,😔 Desistiu (1 hora sem interação),1,-,-,2025-09-12 12:42:25,12/09/2025 12:42,-,-,-,-,-,-,-
1937660,😭 Não Apto,4,mariajulia.souza@ppgj.com.br,-,2025-09-11 13:21:27,11/09/2025 13:21,-,-,-,-,-,-,-
1937565,❌ Reprovado,A,julia.bevilacqua@ppgj.com.br,-,2025-09-17 11:26:30,17/09/2025 11:26,-,-,-,-,-,-,-
1937564,❌ Reprovado,A,julia.bevilacqua@ppgj.com.br,-,2025-09-17 11:28:09,17/09/2025 11:28,-,-,-,-,-,-,-
1937548,✅ Aprovado,9,julia.bevilacqua@ppgj.com.br,-,2025-09-15 16:36:43,15/09/2025 16:36,-,-,-,-,-,-,-
1937541,😭 Não Apto,4,-,-,2025-09-11 11:32:06,11/09/2025 11:32,-,-,-,-,-,-,-
1937540,😔 Desistiu (1 hora sem interação),1,-,-,2025-09-12 11:22:13,12/09/2025 11:22,-,-,-,-,-,-,-
1937523,😭 Não Apto,4,-,-,2025-09-11 11:22:30,11/09/2025 11:22,-,-,-,-,-,-,-
1937436,👍 Confirmação de Agendamento,C,mariajulia.souza@ppgj.com.br,-,2025-09-11 11:26:23,11/09/2025 11:26,-,-,-,-,-,-,-
1937357,✅ Aprovado,9,julia.bevilacqua@ppgj.com.br,-,2025-09-15 11:19:49,15/09/2025 11:19,-,-,-,-,-,-,-
1937246,✅ Aprovado,9,julia.bevilacqua@ppgj.com.br,-,2025-09-12 17:27:47,12/09/2025 17:27,-,-,-,-,-,-,-
1937180,✅ Aprovado,9,julia.bevilacqua@ppgj.com.br,-,2025-09-12 17:30:27,12/09/2025 17:30,-,-,-,-,-,-,-
1937179,😔 Desistiu (1 hora sem interação),1,mariajulia.souza@ppgj.com.br,-,2025-09-17 10:57:25,17/09/2025 10:57,-,-,-,-,-,-,-
1937165,✅ Aprovado,9,julia.bevilacqua@ppgj.com.br,-,2025-09-15 16:23:53,15/09/2025 16:23,-,-,-,-,-,-,-
1937163,✅ Aprovado,9,julia.bevilacqua@ppgj.com.br,-,2025-09-15 16:34:55,15/09/2025 16:34,-,-,-,-,-,-,-
1937155,❌ Reprovado,A,julia.bevilacqua@ppgj.com.br,-,2025-09-17 11:32:06,17/09/2025 11:32,-,-,-,-,-,-,-
1937128,🧑‍🧑‍🧒‍🧒 Entrevista Individual,7,talita.prates@ppgj.com.br,-,2025-09-12 09:27:01,12/09/2025 09:27,-,-,-,-,-,-,-
1937122,😔 Desistiu (1 hora sem interação),1,-,-,2025-09-12 10:03:01,12/09/2025 10:03,-,-,-,-,-,-,-
1937121,😭 Não Apto,4,mariajulia.souza@ppgj.com.br,-,2025-09-11 11:06:34,11/09/2025 11:06,-,-,-,-,-,-,-
1937119,😔 Desistiu (1 hora sem interação),1,julia.bevilacqua@ppgj.com.br,-,2025-09-15 10:15:14,15/09/2025 10:15,-,-,-,-,-,-,-
1937113,😔 Desistiu (1 hora sem interação),1,julia.bevilacqua@ppgj.com.br,-,2025-09-15 10:14:18,15/09/2025 10:14,-,-,-,-,-,-,-
1937108,😔 Desistiu (1 hora sem interação),1,-,-,2025-09-12 09:55:00,12/09/2025 09:55,-,-,-,-,-,-,-
1937083,✅ Aprovado,9,julia.bevilacqua@ppgj.com.br,-,2025-09-12 17:30:07,12/09/2025 17:30,-,-,-,-,-,-,-
1937039,🧑‍🧑‍🧒‍🧒 Apresentação da Vaga,6,mariajulia.souza@ppgj.com.br,-,2025-09-11 10:48:21,11/09/2025 10:48,-,-,-,-,-,-,-
1936907,😔 Desistiu (1 hora sem interação),1,mariajulia.souza@ppgj.com.br,-,2025-09-11 09:51:16,11/09/2025 09:51,-,-,-,-,-,-,-
1936874,😔 Desistiu (1 hora sem interação),1,-,-,2025-09-12 08:38:48,12/09/2025 08:38,-,-,-,-,-,-,-
1936869,❌ Reprovado,A,julia.bevilacqua@ppgj.com.br,-,2025-09-17 11:29:27,17/09/2025 11:29,-,-,-,-,-,-,-
1936727,😭 Não Apto,4,mariajulia.souza@ppgj.com.br,-,2025-09-12 12:13:27,12/09/2025 12:13,-,-,-,-,-,-,-
1936701,📵 Black List (Impedir número de fazer novos processos),B,julia.bevilacqua@ppgj.com.br,-,2025-09-17 11:30:22,17/09/2025 11:30,-,-,-,-,-,-,-
1936692,😔 Desistiu (1 hora sem interação),1,-,-,2025-09-11 21:15:05,11/09/2025 21:15,-,-,-,-,-,-,-
1936690,😔 Desistiu (1 hora sem interação),1,julia.bevilacqua@ppgj.com.br,-,2025-09-15 10:16:27,15/09/2025 10:16,-,-,-,-,-,-,-
1936689,😔 Desistiu (1 hora sem interação),1,-,-,2025-09-11 21:04:04,11/09/2025 21:04,-,-,-,-,-,-,-
1936661,😔 Desistiu (1 hora sem interação),1,-,-,2025-09-11 19:55:54,11/09/2025 19:55,-,-,-,-,-,-,-
1936654,😔 Desistiu (1 hora sem interação),1,-,-,2025-09-19 18:00:25,19/09/2025 18:00,-,-,-,-,-,-,-
1936634,✅ Aprovado,9,julia.bevilacqua@ppgj.com.br,-,2025-09-12 17:02:00,12/09/2025 17:02,-,-,-,-,-,-,-
1936591,😔 Desistiu (1 hora sem interação),1,-,-,2025-09-11 18:15:40,11/09/2025 18:15,-,-,-,-,-,-,-
1936588,❌ Reprovado,A,julia.bevilacqua@ppgj.com.br,-,2025-09-17 11:48:47,17/09/2025 11:48,-,-,-,-,-,-,-
1936578,✅ Aprovado,9,julia.bevilacqua@ppgj.com.br,-,2025-09-15 16:37:07,15/09/2025 16:37,-,-,-,-,-,-,-
1936571,❌ Reprovado,A,talita.prates@ppgj.com.br,-,2025-09-10 18:09:21,10/09/2025 18:09,-,-,-,-,-,-,-
1936567,😔 Desistiu (1 hora sem interação),1,-,-,2025-09-11 17:53:36,11/09/2025 17:53,-,-,-,-,-,-,-
1936562,😔 Desistiu (1 hora sem interação),1,-,-,2025-09-11 17:48:35,11/09/2025 17:48,-,-,-,-,-,-,-
1936482,📵 Black List (Impedir número de fazer novos processos),B,julia.bevilacqua@ppgj.com.br,-,2025-09-17 11:25:25,17/09/2025 11:25,-,-,-,-,-,-,-
1936470,😭 Não Apto,4,julia.bevilacqua@ppgj.com.br,-,2025-09-10 17:27:16,10/09/2025 17:27,-,-,-,-,-,-,-
1936466,😭 Não Apto,4,talita.prates@ppgj.com.br,-,2025-09-10 17:16:18,10/09/2025 17:16,-,-,-,-,-,-,-
1936438,✅ Aprovado,9,julia.bevilacqua@ppgj.com.br,-,2025-09-15 16:19:06,15/09/2025 16:19,-,-,-,-,-,-,-
1936372,✅ Aprovado,9,julia.bevilacqua@ppgj.com.br,-,2025-09-12 17:30:55,12/09/2025 17:30,-,-,-,-,-,-,-
1936354,✅ Aprovado,9,julia.bevilacqua@ppgj.com.br,-,2025-09-15 16:31:22,15/09/2025 16:31,-,-,-,-,-,-,-
1936004,😔 Desistiu (1 hora sem interação),1,-,-,2025-09-11 15:45:17,11/09/2025 15:45,-,-,-,-,-,-,-
1935844,✅ Aprovado,9,julia.bevilacqua@ppgj.com.br,-,2025-09-15 16:27:16,15/09/2025 16:27,-,-,-,-,-,-,-
1935790,🧑‍🧑‍🧒‍🧒 Apresentação da Vaga,6,julia.bevilacqua@ppgj.com.br,-,2025-09-10 15:57:48,10/09/2025 15:57,-,-,-,-,-,-,-
1935732,✅ Aprovado,9,julia.bevilacqua@ppgj.com.br,-,2025-09-15 16:34:02,15/09/2025 16:34,-,-,-,-,-,-,-
1935674,😔 Desistiu (1 hora sem interação),1,-,-,2025-09-11 15:12:12,11/09/2025 15:12,-,-,-,-,-,-,-
1935395,🧑‍🧑‍🧒‍🧒 Apresentação da Vaga,6,julia.bevilacqua@ppgj.com.br,-,2025-09-10 15:56:55,10/09/2025 15:56,-,-,-,-,-,-,-
1935379,😭 Não Apto,4,-,-,2025-09-10 15:03:57,10/09/2025 15:03,-,-,-,-,-,-,-
1934584,😔 Desistiu (1 hora sem interação),1,-,-,2025-09-11 13:46:00,11/09/2025 13:46,-,-,-,-,-,-,-
1934367,😭 Não Apto,4,talita.prates@ppgj.com.br,-,2025-09-10 16:29:16,10/09/2025 16:29,-,-,-,-,-,-,-
1934302,😔 Desistiu (1 hora sem interação),1,-,-,2025-09-11 12:27:48,11/09/2025 12:27,-,-,-,-,-,-,-
1934279,👍 Confirmação de Agendamento,C,talita.prates@ppgj.com.br,-,2025-09-10 12:18:04,10/09/2025 12:18,-,-,-,-,-,-,-
1934278,😔 Desistiu (1 hora sem interação),1,-,-,2025-09-11 12:00:45,11/09/2025 12:00,-,-,-,-,-,-,-
1934196,🤔 Em Análise Parte2,8,julia.bevilacqua@ppgj.com.br,-,2025-09-11 14:07:34,11/09/2025 14:07,-,-,-,-,-,-,-
1934165,😔 Desistiu (1 hora sem interação),1,julia.bevilacqua@ppgj.com.br,-,2025-09-15 09:59:57,15/09/2025 09:59,-,-,-,-,-,-,-
1933414,🤔 Em Análise Parte2,8,julia.bevilacqua@ppgj.com.br,-,2025-09-10 14:13:37,10/09/2025 14:13,-,-,-,-,-,-,-
1933410,😭 Não Apto,4,julia.bevilacqua@ppgj.com.br,-,2025-09-10 11:45:50,10/09/2025 11:45,-,-,-,-,-,-,-
1933333,😔 Desistiu (1 hora sem interação),1,-,-,2025-09-11 09:32:23,11/09/2025 09:32,-,-,-,-,-,-,-
1933332,🤔 Em Análise Parte2,8,talita.prates@ppgj.com.br,-,2025-09-11 10:02:27,11/09/2025 10:02,-,-,-,-,-,-,-
1933306,😔 Desistiu (1 hora sem interação),1,-,-,2025-09-11 09:17:20,11/09/2025 09:17,-,-,-,-,-,-,-
1933227,😔 Desistiu (1 hora sem interação),1,mariajulia.souza@ppgj.com.br,-,2025-09-12 09:36:52,12/09/2025 09:36,-,-,-,-,-,-,-
1933111,😭 Não Apto,4,-,-,2025-09-10 05:25:23,10/09/2025 05:25,-,-,-,-,-,-,-
1933108,😔 Desistiu (1 hora sem interação),1,mariajulia.souza@ppgj.com.br,-,2025-09-12 09:39:12,12/09/2025 09:39,-,-,-,-,-,-,-
1933080,😔 Desistiu (1 hora sem interação),1,talita.prates@ppgj.com.br,-,2025-09-17 16:27:06,17/09/2025 16:27,-,-,-,-,-,-,-
1933075,😭 Não Apto,4,-,-,2025-09-09 22:19:47,09/09/2025 22:19,-,-,-,-,-,-,-
1933073,😔 Desistiu (1 hora sem interação),1,-,-,2025-09-10 21:53:38,10/09/2025 21:53,-,-,-,-,-,-,-
1933052,😭 Não Apto,4,talita.prates@ppgj.com.br,-,2025-09-10 09:15:24,10/09/2025 09:15,-,-,-,-,-,-,-
1933037,📵 Black List (Impedir número de fazer novos processos),B,julia.bevilacqua@ppgj.com.br,-,2025-09-10 16:38:02,10/09/2025 16:38,-,-,-,-,-,-,-
1933034,🤔 Em Análise Parte1,5,julia.bevilacqua@ppgj.com.br,-,2025-09-10 08:59:22,10/09/2025 08:59,-,-,-,-,-,-,-
1933013,✅ Aprovado,9,julia.bevilacqua@ppgj.com.br,-,2025-09-15 16:32:46,15/09/2025 16:32,-,-,-,-,-,-,-
1932981,😔 Desistiu (1 hora sem interação),1,-,-,2025-09-10 18:22:06,10/09/2025 18:22,-,-,-,-,-,-,-
1932943,✅ Aprovado,9,julia.bevilacqua@ppgj.com.br,-,2025-09-15 16:36:16,15/09/2025 16:36,-,-,-,-,-,-,-
1932941,👍 Confirmação de Agendamento,C,julia.bevilacqua@ppgj.com.br,-,2025-09-10 15:52:20,10/09/2025 15:52,-,-,-,-,-,-,-
1932933,😔 Desistiu (1 hora sem interação),1,-,-,2025-09-10 17:34:59,10/09/2025 17:34,-,-,-,-,-,-,-
1932924,😭 Não Apto,4,-,-,2025-09-09 17:37:35,09/09/2025 17:37,-,-,-,-,-,-,-
1932874,😔 Desistiu (1 hora sem interação),1,mariajulia.souza@ppgj.com.br,-,2025-09-11 13:11:58,11/09/2025 13:11,-,-,-,-,-,-,-
1932851,😔 Desistiu (1 hora sem interação),1,-,-,2025-09-10 16:52:52,10/09/2025 16:52,-,-,-,-,-,-,-
1932843,✅ Aprovado,9,talita.prates@ppgj.com.br,-,2025-09-15 08:50:41,15/09/2025 08:50,-,-,-,-,-,-,-
1932839,🤔 Em Análise Parte2,8,talita.prates@ppgj.com.br,-,2025-09-10 10:06:28,10/09/2025 10:06,-,-,-,-,-,-,-
1932793,😭 Não Apto,4,talita.prates@ppgj.com.br,-,2025-09-09 16:54:14,09/09/2025 16:54,-,-,-,-,-,-,-
1932707,✅ Aprovado,9,julia.bevilacqua@ppgj.com.br,-,2025-09-18 13:24:30,18/09/2025 13:24,-,-,-,-,-,-,-
1932675,😔 Desistiu (1 hora sem interação),1,-,-,2025-09-10 15:25:38,10/09/2025 15:25,-,-,-,-,-,-,-
1932639,😭 Não Apto,4,julia.bevilacqua@ppgj.com.br,-,2025-09-09 15:55:38,09/09/2025 15:55,-,-,-,-,-,-,-
1932529,😔 Desistiu (1 hora sem interação),1,-,-,2025-09-10 13:57:23,10/09/2025 13:57,-,-,-,-,-,-,-
1932447,😔 Desistiu (1 hora sem interação),1,-,-,2025-09-10 13:29:26,10/09/2025 13:29,-,-,-,-,-,-,-
1932406,👍 Confirmação de Agendamento,C,mariajulia.souza@ppgj.com.br,-,2025-09-09 13:36:21,09/09/2025 13:36,-,-,-,-,-,-,-
1932385,👍 Confirmação de Agendamento,C,mariajulia.souza@ppgj.com.br,-,2025-09-09 13:25:11,09/09/2025 13:25,22/09/2025 14:57,-,13.06 dias,-,-,-,-
1932385,🧑‍🧑‍🧒‍🧒 Apresentação da Vaga,6,julia.bevilacqua@ppgj.com.br,-,2025-09-22 14:57:09,22/09/2025 14:57,-,-,-,-,-,-,-
1932370,😭 Não Apto,4,-,-,2025-09-10 06:46:03,10/09/2025 06:46,-,-,-,-,-,-,-
1932356,😔 Desistiu (1 hora sem interação),1,talita.prates@ppgj.com.br,-,2025-09-10 12:07:20,10/09/2025 12:07,-,-,-,-,-,-,-
1932355,😔 Desistiu (1 hora sem interação),1,-,-,2025-09-10 12:48:50,10/09/2025 12:48,-,-,-,-,-,-,-
1932341,😔 Desistiu (1 hora sem interação),1,-,-,2025-09-10 12:39:39,10/09/2025 12:39,-,-,-,-,-,-,-
1932336,😭 Não Apto,4,mariajulia.souza@ppgj.com.br,-,2025-09-09 13:04:45,09/09/2025 13:04,-,-,-,-,-,-,-
1932289,😔 Desistiu (1 hora sem interação),1,-,-,2025-09-10 12:08:58,10/09/2025 12:08,-,-,-,-,-,-,-
1932260,👍 Confirmação de Agendamento,C,mariajulia.souza@ppgj.com.br,-,2025-09-09 12:08:03,09/09/2025 12:08,-,-,-,-,-,-,-
1932250,🤔 Em Análise Parte2,8,talita.prates@ppgj.com.br,-,2025-09-17 10:24:56,17/09/2025 10:24,-,-,-,-,-,-,-
1932223,😔 Desistiu (1 hora sem interação),1,-,-,2025-09-10 11:37:31,10/09/2025 11:37,-,-,-,-,-,-,-
1932217,📵 Black List (Impedir número de fazer novos processos),B,talita.prates@ppgj.com.br,-,2025-09-15 08:49:40,15/09/2025 08:49,-,-,-,-,-,-,-
1932212,😔 Desistiu (1 hora sem interação),1,-,-,2025-09-10 11:32:26,10/09/2025 11:32,-,-,-,-,-,-,-
1932206,😔 Desistiu (1 hora sem interação),1,mariajulia.souza@ppgj.com.br,-,2025-09-09 14:06:50,09/09/2025 14:06,-,-,-,-,-,-,-
1932178,😭 Não Apto,4,mariajulia.souza@ppgj.com.br,-,2025-09-09 12:00:14,09/09/2025 12:00,-,-,-,-,-,-,-
1932103,❌ Reprovado,A,julia.bevilacqua@ppgj.com.br,-,2025-09-17 11:33:31,17/09/2025 11:33,-,-,-,-,-,-,-
1931971,😭 Não Apto,4,mariajulia.souza@ppgj.com.br,-,2025-09-09 11:06:07,09/09/2025 11:06,-,-,-,-,-,-,-
1931970,🧑‍🧑‍🧒‍🧒 Apresentação da Vaga,6,mariajulia.souza@ppgj.com.br,-,2025-09-09 13:55:34,09/09/2025 13:55,-,-,-,-,-,-,-
1931956,😔 Desistiu (1 hora sem interação),1,-,-,2025-09-10 09:07:20,10/09/2025 09:07,-,-,-,-,-,-,-
1931903,🤔 Em Análise Parte2,8,julia.bevilacqua@ppgj.com.br,-,2025-09-10 11:06:26,10/09/2025 11:06,-,-,-,-,-,-,-
1931890,😔 Desistiu (1 hora sem interação),1,-,-,2025-09-18 14:12:15,18/09/2025 14:12,-,-,-,-,-,-,-
1931882,😔 Desistiu (1 hora sem interação),1,julia.bevilacqua@ppgj.com.br,-,2025-09-11 09:21:59,11/09/2025 09:21,-,-,-,-,-,-,-
1931862,🤔 Em Análise Parte1,5,julia.bevilacqua@ppgj.com.br,-,2025-09-09 08:47:02,09/09/2025 08:47,-,-,-,-,-,-,-
1931830,🧑‍🧑‍🧒‍🧒 Apresentação da Vaga,6,mariajulia.souza@ppgj.com.br,-,2025-09-09 10:06:48,09/09/2025 10:06,-,-,-,-,-,-,-
1931764,🤔 Em Análise Parte2,8,julia.bevilacqua@ppgj.com.br,-,2025-09-10 10:17:53,10/09/2025 10:17,-,-,-,-,-,-,-
1931752,😔 Desistiu (1 hora sem interação),1,-,-,2025-09-09 18:56:10,09/09/2025 18:56,-,-,-,-,-,-,-
1931718,😔 Desistiu (1 hora sem interação),1,-,-,2025-09-09 18:25:06,09/09/2025 18:25,-,-,-,-,-,-,-
1931717,😔 Desistiu (1 hora sem interação),1,talita.prates@ppgj.com.br,-,2025-09-10 16:00:40,10/09/2025 16:00,-,-,-,-,-,-,-
1931697,😔 Desistiu (1 hora sem interação),1,julia.bevilacqua@ppgj.com.br,-,2025-09-09 15:53:00,09/09/2025 15:53,-,-,-,-,-,-,-
1931655,🤔 Em Análise Parte2,8,julia.bevilacqua@ppgj.com.br,-,2025-09-11 11:17:03,11/09/2025 11:17,-,-,-,-,-,-,-
1931653,📵 Black List (Impedir número de fazer novos processos),B,talita.prates@ppgj.com.br,-,2025-09-08 18:47:16,08/09/2025 18:47,-,-,-,-,-,-,-
1931645,😭 Não Apto,4,mariajulia.souza@ppgj.com.br,-,2025-09-09 08:49:17,09/09/2025 08:49,-,-,-,-,-,-,-
1931619,😔 Desistiu (1 hora sem interação),1,julia.bevilacqua@ppgj.com.br,-,2025-09-10 09:10:03,10/09/2025 09:10,-,-,-,-,-,-,-
1931618,😔 Desistiu (1 hora sem interação),1,talita.prates@ppgj.com.br,-,2025-09-08 18:30:22,08/09/2025 18:30,-,-,-,-,-,-,-
1931587,❌ Reprovado,A,julia.bevilacqua@ppgj.com.br,-,2025-09-10 17:03:18,10/09/2025 17:03,-,-,-,-,-,-,-
1931577,👍 Confirmação de Agendamento,C,talita.prates@ppgj.com.br,-,2025-09-11 16:42:38,11/09/2025 16:42,-,-,-,-,-,-,-
1931567,😔 Desistiu (1 hora sem interação),1,-,-,2025-09-09 16:49:51,09/09/2025 16:49,-,-,-,-,-,-,-
1931388,😭 Não Apto,4,julia.bevilacqua@ppgj.com.br,-,2025-09-08 16:54:35,08/09/2025 16:54,-,-,-,-,-,-,-
1931294,✅ Aprovado,9,julia.bevilacqua@ppgj.com.br,-,2025-09-15 16:28:09,15/09/2025 16:28,-,-,-,-,-,-,-
1931225,😔 Desistiu (1 hora sem interação),1,-,-,2025-09-09 15:36:41,09/09/2025 15:36,-,-,-,-,-,-,-
1931221,😔 Desistiu (1 hora sem interação),1,mariajulia.souza@ppgj.com.br,-,2025-09-09 09:53:07,09/09/2025 09:53,-,-,-,-,-,-,-
1931152,😔 Desistiu (1 hora sem interação),1,-,-,2025-09-09 14:59:35,09/09/2025 14:59,-,-,-,-,-,-,-
1931136,😔 Desistiu (1 hora sem interação),1,-,-,2025-09-09 14:46:32,09/09/2025 14:46,-,-,-,-,-,-,-
1931059,❌ Reprovado,A,julia.bevilacqua@ppgj.com.br,-,2025-09-10 17:08:40,10/09/2025 17:08,-,-,-,-,-,-,-
1931050,😭 Não Apto,4,julia.bevilacqua@ppgj.com.br,-,2025-09-08 14:19:55,08/09/2025 14:19,-,-,-,-,-,-,-
1931048,🤔 Em Análise Parte2,8,talita.prates@ppgj.com.br,-,2025-09-09 11:18:21,09/09/2025 11:18,-,-,-,-,-,-,-
1931046,😔 Desistiu (1 hora sem interação),1,-,-,2025-09-09 13:54:24,09/09/2025 13:54,-,-,-,-,-,-,-
1930970,😔 Desistiu (1 hora sem interação),1,-,-,2025-09-09 12:59:15,09/09/2025 12:59,-,-,-,-,-,-,-
1930961,🤔 Em Análise Parte2,8,julia.bevilacqua@ppgj.com.br,-,2025-09-10 09:53:07,10/09/2025 09:53,-,-,-,-,-,-,-
1930945,😭 Não Apto,4,julia.bevilacqua@ppgj.com.br,-,2025-09-11 16:23:35,11/09/2025 16:23,-,-,-,-,-,-,-
1930928,😔 Desistiu (1 hora sem interação),1,-,-,2025-09-09 12:41:12,09/09/2025 12:41,-,-,-,-,-,-,-
1930927,🧑‍🧑‍🧒‍🧒 Entrevista Individual,7,julia.bevilacqua@ppgj.com.br,-,2025-09-09 14:07:00,09/09/2025 14:07,-,-,-,-,-,-,-
1930911,🧑‍🧑‍🧒‍🧒 Entrevista Individual,7,julia.bevilacqua@ppgj.com.br,-,2025-09-09 10:25:40,09/09/2025 10:25,-,-,-,-,-,-,-
1930901,😔 Desistiu (1 hora sem interação),1,-,-,2025-09-09 12:22:08,09/09/2025 12:22,-,-,-,-,-,-,-
1930889,😭 Não Apto,4,mariajulia.souza@ppgj.com.br,-,2025-09-08 13:01:10,08/09/2025 13:01,-,-,-,-,-,-,-
1930883,🧑‍🧑‍🧒‍🧒 Entrevista Individual,7,julia.bevilacqua@ppgj.com.br,-,2025-09-09 09:29:54,09/09/2025 09:29,-,-,-,-,-,-,-
1930878,😔 Desistiu (1 hora sem interação),1,talita.prates@ppgj.com.br,-,2025-09-11 17:31:10,11/09/2025 17:31,-,-,-,-,-,-,-
1930870,😔 Desistiu (1 hora sem interação),1,talita.prates@ppgj.com.br,-,2025-09-10 15:42:15,10/09/2025 15:42,-,-,-,-,-,-,-
1930869,😔 Desistiu (1 hora sem interação),1,-,-,2025-09-09 11:58:04,09/09/2025 11:58,-,-,-,-,-,-,-
1930867,📵 Black List (Impedir número de fazer novos processos),B,julia.bevilacqua@ppgj.com.br,-,2025-09-17 11:24:16,17/09/2025 11:24,-,-,-,-,-,-,-
1930849,😭 Não Apto,4,mariajulia.souza@ppgj.com.br,-,2025-09-08 12:21:29,08/09/2025 12:21,-,-,-,-,-,-,-
1930841,🤔 Em Análise Parte2,8,julia.bevilacqua@ppgj.com.br,-,2025-09-09 14:04:37,09/09/2025 14:04,-,-,-,-,-,-,-
1930827,😭 Não Apto,4,mariajulia.souza@ppgj.com.br,-,2025-09-08 13:16:27,08/09/2025 13:16,-,-,-,-,-,-,-
1930817,🤔 Em Análise Parte2,8,talita.prates@ppgj.com.br,-,2025-09-09 09:55:14,09/09/2025 09:55,-,-,-,-,-,-,-
1930801,😔 Desistiu (1 hora sem interação),1,talita.prates@ppgj.com.br,-,2025-09-08 13:24:22,08/09/2025 13:24,-,-,-,-,-,-,-
1930765,🤔 Em Análise Parte2,8,talita.prates@ppgj.com.br,-,2025-09-09 11:42:47,09/09/2025 11:42,-,-,-,-,-,-,-
1930712,😭 Não Apto,4,mariajulia.souza@ppgj.com.br,-,2025-09-08 11:06:32,08/09/2025 11:06,-,-,-,-,-,-,-
1930702,😔 Desistiu (1 hora sem interação),1,-,-,2025-09-18 10:27:39,18/09/2025 10:27,-,-,-,-,-,-,-
1930632,😔 Desistiu (1 hora sem interação),1,-,-,2025-09-09 09:59:30,09/09/2025 09:59,-,-,-,-,-,-,-
1930239,🧑‍🧑‍🧒‍🧒 Apresentação da Vaga,6,mariajulia.souza@ppgj.com.br,-,2025-09-08 10:16:10,08/09/2025 10:16,-,-,-,-,-,-,-
1930217,😔 Desistiu (1 hora sem interação),1,talita.prates@ppgj.com.br,-,2025-09-11 17:31:18,11/09/2025 17:31,-,-,-,-,-,-,-
1930216,✅ Aprovado,9,julia.bevilacqua@ppgj.com.br,-,2025-09-15 16:26:13,15/09/2025 16:26,-,-,-,-,-,-,-
1930201,❌ Reprovado,A,julia.bevilacqua@ppgj.com.br,-,2025-09-10 17:05:11,10/09/2025 17:05,-,-,-,-,-,-,-
1930133,👍 Confirmação de Agendamento,C,talita.prates@ppgj.com.br,-,2025-09-11 16:46:39,11/09/2025 16:46,-,-,-,-,-,-,-
1930114,😔 Desistiu (1 hora sem interação),1,-,-,2025-09-08 22:11:34,08/09/2025 22:11,-,-,-,-,-,-,-
1930103,😔 Desistiu (1 hora sem interação),1,-,-,2025-09-08 21:39:29,08/09/2025 21:39,-,-,-,-,-,-,-
1930066,✅ Aprovado,9,julia.bevilacqua@ppgj.com.br,-,2025-09-08 15:32:22,08/09/2025 15:32,-,-,-,-,-,-,-
1930064,😔 Desistiu (1 hora sem interação),1,-,-,2025-09-08 18:54:00,08/09/2025 18:54,-,-,-,-,-,-,-
1930016,😔 Desistiu (1 hora sem interação),1,-,-,2025-09-08 15:46:30,08/09/2025 15:46,-,-,-,-,-,-,-
1930005,❌ Reprovado,A,julia.bevilacqua@ppgj.com.br,-,2025-09-10 17:02:28,10/09/2025 17:02,-,-,-,-,-,-,-
1929884,✅ Aprovado,9,talita.prates@ppgj.com.br,-,2025-09-15 08:45:56,15/09/2025 08:45,-,-,-,-,-,-,-
1929877,😔 Desistiu (1 hora sem interação),1,mariajulia.souza@ppgj.com.br,-,2025-09-08 09:58:31,08/09/2025 09:58,-,-,-,-,-,-,-
1929860,😔 Desistiu (1 hora sem interação),1,-,-,2025-09-07 16:53:28,07/09/2025 16:53,-,-,-,-,-,-,-
1929661,✅ Aprovado,9,julia.bevilacqua@ppgj.com.br,-,2025-09-12 17:31:33,12/09/2025 17:31,-,-,-,-,-,-,-
1929640,😔 Desistiu (1 hora sem interação),1,talita.prates@ppgj.com.br,-,2025-09-09 16:40:10,09/09/2025 16:40,-,-,-,-,-,-,-
1929627,😔 Desistiu (1 hora sem interação),1,-,-,2025-09-07 10:23:30,07/09/2025 10:23,-,-,-,-,-,-,-
1929416,😔 Desistiu (1 hora sem interação),1,-,-,2025-09-07 01:24:53,07/09/2025 01:24,-,-,-,-,-,-,-
1929305,😔 Desistiu (1 hora sem interação),1,-,-,2025-09-06 21:23:28,06/09/2025 21:23,-,-,-,-,-,-,-
1929295,🤔 Em Análise Parte2,8,talita.prates@ppgj.com.br,-,2025-09-11 11:44:19,11/09/2025 11:44,-,-,-,-,-,-,-
1929283,😭 Não Apto,4,-,-,2025-09-05 20:01:33,05/09/2025 20:01,-,-,-,-,-,-,-
1929270,😔 Desistiu (1 hora sem interação),1,julia.bevilacqua@ppgj.com.br,-,2025-09-11 10:14:45,11/09/2025 10:14,-,-,-,-,-,-,-
1929247,😔 Desistiu (1 hora sem interação),1,-,-,2025-09-06 21:23:27,06/09/2025 21:23,-,-,-,-,-,-,-
1929203,😔 Desistiu (1 hora sem interação),1,-,-,2025-09-06 17:59:46,06/09/2025 17:59,-,-,-,-,-,-,-
1929187,😭 Não Apto,4,mariajulia.souza@ppgj.com.br,-,2025-09-08 09:13:16,08/09/2025 09:13,-,-,-,-,-,-,-
1929176,😔 Desistiu (1 hora sem interação),1,-,-,2025-09-06 17:41:46,06/09/2025 17:41,-,-,-,-,-,-,-
1929152,❌ Reprovado,A,julia.bevilacqua@ppgj.com.br,-,2025-09-10 17:07:32,10/09/2025 17:07,-,-,-,-,-,-,-
1929094,😔 Desistiu (1 hora sem interação),1,-,-,2025-09-06 16:55:30,06/09/2025 16:55,-,-,-,-,-,-,-
1929050,😔 Desistiu (1 hora sem interação),1,-,-,2025-09-06 16:29:29,06/09/2025 16:29,-,-,-,-,-,-,-
1929007,😔 Desistiu (1 hora sem interação),1,mariajulia.souza@ppgj.com.br,-,2025-09-08 14:31:00,08/09/2025 14:31,-,-,-,-,-,-,-
1928954,😔 Desistiu (1 hora sem interação),1,-,-,2025-09-06 15:49:29,06/09/2025 15:49,-,-,-,-,-,-,-
1928763,😔 Desistiu (1 hora sem interação),1,talita.prates@ppgj.com.br,-,2025-09-10 15:48:39,10/09/2025 15:48,-,-,-,-,-,-,-
1928736,😔 Desistiu (1 hora sem interação),1,talita.prates@ppgj.com.br,-,2025-09-10 08:55:33,10/09/2025 08:55,-,-,-,-,-,-,-
1928626,✅ Aprovado,9,julia.bevilacqua@ppgj.com.br,-,2025-09-08 15:33:57,08/09/2025 15:33,-,-,-,-,-,-,-
1928559,😔 Desistiu (1 hora sem interação),1,-,-,2025-09-06 11:54:14,06/09/2025 11:54,-,-,-,-,-,-,-
1928527,😔 Desistiu (1 hora sem interação),1,-,-,2025-09-06 11:28:14,06/09/2025 11:28,-,-,-,-,-,-,-
1928443,😔 Desistiu (1 hora sem interação),1,-,-,2025-09-06 10:27:55,06/09/2025 10:27,-,-,-,-,-,-,-
1928328,✅ Aprovado,9,julia.bevilacqua@ppgj.com.br,-,2025-09-17 14:35:32,17/09/2025 14:35,-,-,-,-,-,-,-
1928200,😔 Desistiu (1 hora sem interação),1,-,-,2025-09-06 08:53:54,06/09/2025 08:53,-,-,-,-,-,-,-
1928045,😭 Não Apto,4,julia.bevilacqua@ppgj.com.br,-,2025-09-05 08:44:52,05/09/2025 08:44,-,-,-,-,-,-,-
1928038,🧑‍🧑‍🧒‍🧒 Apresentação da Vaga,6,talita.prates@ppgj.com.br,-,2025-09-08 18:05:53,08/09/2025 18:05,-,-,-,-,-,-,-
1928032,✅ Aprovado,9,julia.bevilacqua@ppgj.com.br,-,2025-09-05 16:32:41,05/09/2025 16:32,-,-,-,-,-,-,-
1928030,🧑‍🧑‍🧒‍🧒 Entrevista Individual,7,julia.bevilacqua@ppgj.com.br,-,2025-09-08 09:43:44,08/09/2025 09:43,-,-,-,-,-,-,-
1928002,😭 Não Apto,4,julia.bevilacqua@ppgj.com.br,-,2025-09-05 11:23:57,05/09/2025 11:23,-,-,-,-,-,-,-
1927992,😔 Desistiu (1 hora sem interação),1,-,-,2025-09-05 20:54:58,05/09/2025 20:54,-,-,-,-,-,-,-
1927963,😔 Desistiu (1 hora sem interação),1,talita.prates@ppgj.com.br,-,2025-09-10 15:26:08,10/09/2025 15:26,-,-,-,-,-,-,-
1927928,✅ Aprovado,9,julia.bevilacqua@ppgj.com.br,-,2025-09-08 11:11:19,08/09/2025 11:11,-,-,-,-,-,-,-
1927873,👍 Confirmação de Agendamento,C,julia.bevilacqua@ppgj.com.br,-,2025-09-05 08:59:27,05/09/2025 08:59,-,-,-,-,-,-,-
1927868,📵 Black List (Impedir número de fazer novos processos),B,julia.bevilacqua@ppgj.com.br,-,2025-09-10 17:01:14,10/09/2025 17:01,-,-,-,-,-,-,-
1927854,🧑‍🧑‍🧒‍🧒 Apresentação da Vaga,6,talita.prates@ppgj.com.br,-,2025-09-04 18:05:57,04/09/2025 18:05,-,-,-,-,-,-,-
1927848,😔 Desistiu (1 hora sem interação),1,-,-,2025-09-05 17:40:57,05/09/2025 17:40,-,-,-,-,-,-,-
1927828,✅ Aprovado,9,julia.bevilacqua@ppgj.com.br,-,2025-09-05 16:34:14,05/09/2025 16:34,-,-,-,-,-,-,-
1927808,😔 Desistiu (1 hora sem interação),1,-,-,2025-09-05 17:16:57,05/09/2025 17:16,-,-,-,-,-,-,-
1927805,✅ Aprovado,9,julia.bevilacqua@ppgj.com.br,-,2025-09-08 10:52:35,08/09/2025 10:52,-,-,-,-,-,-,-
1927732,🧑‍🧑‍🧒‍🧒 Entrevista Individual,7,julia.bevilacqua@ppgj.com.br,-,2025-09-05 14:00:36,05/09/2025 14:00,-,-,-,-,-,-,-
1927731,🧑‍🧑‍🧒‍🧒 Apresentação da Vaga,6,julia.bevilacqua@ppgj.com.br,-,2025-09-05 15:25:38,05/09/2025 15:25,-,-,-,-,-,-,-
1927718,😔 Desistiu (1 hora sem interação),1,mariajulia.souza@ppgj.com.br,-,2025-09-11 12:11:42,11/09/2025 12:11,-,-,-,-,-,-,-
1927691,😔 Desistiu (1 hora sem interação),1,-,-,2025-09-05 16:32:56,05/09/2025 16:32,-,-,-,-,-,-,-
1927673,😔 Desistiu (1 hora sem interação),1,-,-,2025-09-05 16:28:56,05/09/2025 16:28,-,-,-,-,-,-,-
1927640,🤔 Em Análise Parte1,5,julia.bevilacqua@ppgj.com.br,-,2025-09-04 16:50:42,04/09/2025 16:50,-,-,-,-,-,-,-
1927602,😭 Não Apto,4,julia.bevilacqua@ppgj.com.br,-,2025-09-04 16:25:46,04/09/2025 16:25,-,-,-,-,-,-,-
1927544,😭 Não Apto,4,julia.bevilacqua@ppgj.com.br,-,2025-09-04 16:30:21,04/09/2025 16:30,-,-,-,-,-,-,-
1927514,😭 Não Apto,4,julia.bevilacqua@ppgj.com.br,-,2025-09-04 16:57:41,04/09/2025 16:57,-,-,-,-,-,-,-
1927508,😭 Não Apto,4,julia.bevilacqua@ppgj.com.br,-,2025-09-04 16:33:57,04/09/2025 16:33,-,-,-,-,-,-,-
1927503,😔 Desistiu (1 hora sem interação),1,julia.bevilacqua@ppgj.com.br,-,2025-09-08 09:43:05,08/09/2025 09:43,-,-,-,-,-,-,-
1927497,😭 Não Apto,4,julia.bevilacqua@ppgj.com.br,-,2025-09-04 17:01:00,04/09/2025 17:01,-,-,-,-,-,-,-
1927488,😔 Desistiu (1 hora sem interação),1,talita.prates@ppgj.com.br,-,2025-09-10 16:12:18,10/09/2025 16:12,-,-,-,-,-,-,-
1927485,😔 Desistiu (1 hora sem interação),1,julia.bevilacqua@ppgj.com.br,-,2025-09-04 16:41:22,04/09/2025 16:41,-,-,-,-,-,-,-
1927482,🤔 Em Análise Parte2,8,talita.prates@ppgj.com.br,-,2025-09-19 10:37:45,19/09/2025 10:37,-,-,-,-,-,-,-
1927476,😭 Não Apto,4,julia.bevilacqua@ppgj.com.br,-,2025-09-04 17:03:03,04/09/2025 17:03,-,-,-,-,-,-,-
1927474,👍 Confirmação de Agendamento,C,julia.bevilacqua@ppgj.com.br,-,2025-09-04 17:18:50,04/09/2025 17:18,-,-,-,-,-,-,-
1927461,😭 Não Apto,4,julia.bevilacqua@ppgj.com.br,-,2025-09-04 16:46:59,04/09/2025 16:46,-,-,-,-,-,-,-
1927436,😭 Não Apto,4,julia.bevilacqua@ppgj.com.br,-,2025-09-04 16:48:27,04/09/2025 16:48,-,-,-,-,-,-,-
1927435,😭 Não Apto,4,-,-,2025-09-04 15:20:55,04/09/2025 15:20,-,-,-,-,-,-,-
1927416,😔 Desistiu (1 hora sem interação),1,-,-,2025-09-05 14:59:55,05/09/2025 14:59,-,-,-,-,-,-,-
1927407,😔 Desistiu (1 hora sem interação),1,-,-,2025-09-05 14:54:56,05/09/2025 14:54,-,-,-,-,-,-,-
1927394,😔 Desistiu (1 hora sem interação),1,-,-,2025-09-05 14:36:56,05/09/2025 14:36,-,-,-,-,-,-,-
1927376,😭 Não Apto,4,mariajulia.souza@ppgj.com.br,-,2025-09-04 14:38:39,04/09/2025 14:38,-,-,-,-,-,-,-
1927088,👍 Confirmação de Agendamento,C,mariajulia.souza@ppgj.com.br,-,2025-09-04 14:07:48,04/09/2025 14:07,-,-,-,-,-,-,-
1927026,🧑‍🧑‍🧒‍🧒 Apresentação da Vaga,6,mariajulia.souza@ppgj.com.br,-,2025-09-04 14:13:38,04/09/2025 14:13,-,-,-,-,-,-,-
1927017,✅ Aprovado,9,julia.bevilacqua@ppgj.com.br,-,2025-09-05 16:39:13,05/09/2025 16:39,-,-,-,-,-,-,-
1926861,😔 Desistiu (1 hora sem interação),1,-,-,2025-09-05 12:37:55,05/09/2025 12:37,-,-,-,-,-,-,-
1926856,😔 Desistiu (1 hora sem interação),1,-,-,2025-09-05 14:22:56,05/09/2025 14:22,-,-,-,-,-,-,-
1926831,😔 Desistiu (1 hora sem interação),1,-,-,2025-09-05 12:14:54,05/09/2025 12:14,-,-,-,-,-,-,-
1926814,🤔 Em Análise Parte2,8,julia.bevilacqua@ppgj.com.br,-,2025-09-08 10:04:59,08/09/2025 10:04,-,-,-,-,-,-,-
1926813,✅ Aprovado,9,julia.bevilacqua@ppgj.com.br,-,2025-09-05 16:36:09,05/09/2025 16:36,-,-,-,-,-,-,-
1926789,😔 Desistiu (1 hora sem interação),1,-,-,2025-09-05 11:49:54,05/09/2025 11:49,-,-,-,-,-,-,-
1926776,😔 Desistiu (1 hora sem interação),1,-,-,2025-09-05 11:45:54,05/09/2025 11:45,-,-,-,-,-,-,-
1926775,😔 Desistiu (1 hora sem interação),1,-,-,2025-09-05 11:45:54,05/09/2025 11:45,-,-,-,-,-,-,-
1926732,❌ Reprovado,A,julia.bevilacqua@ppgj.com.br,-,2025-09-17 11:46:54,17/09/2025 11:46,-,-,-,-,-,-,-
1926711,✅ Aprovado,9,julia.bevilacqua@ppgj.com.br,-,2025-09-08 11:03:53,08/09/2025 11:03,-,-,-,-,-,-,-
1926679,😭 Não Apto,4,-,-,2025-09-04 11:03:33,04/09/2025 11:03,-,-,-,-,-,-,-
1926677,👍 Confirmação de Agendamento,C,mariajulia.souza@ppgj.com.br,-,2025-09-04 11:38:47,04/09/2025 11:38,-,-,-,-,-,-,-
1926674,👍 Confirmação de Agendamento,C,mariajulia.souza@ppgj.com.br,-,2025-09-04 11:29:42,04/09/2025 11:29,-,-,-,-,-,-,-
1926662,😔 Desistiu (1 hora sem interação),1,-,-,2025-09-05 10:53:54,05/09/2025 10:53,-,-,-,-,-,-,-
1926660,😔 Desistiu (1 hora sem interação),1,-,-,2025-09-05 10:52:54,05/09/2025 10:52,-,-,-,-,-,-,-
1926658,😭 Não Apto,4,-,-,2025-09-04 10:57:39,04/09/2025 10:57,-,-,-,-,-,-,-
1926635,✅ Aprovado,9,julia.bevilacqua@ppgj.com.br,-,2025-09-05 16:35:11,05/09/2025 16:35,-,-,-,-,-,-,-
1926628,😔 Desistiu (1 hora sem interação),1,-,-,2025-09-05 10:29:54,05/09/2025 10:29,-,-,-,-,-,-,-
1926614,😔 Desistiu (1 hora sem interação),1,-,-,2025-09-05 10:24:54,05/09/2025 10:24,-,-,-,-,-,-,-
1926547,😔 Desistiu (1 hora sem interação),1,-,-,2025-09-05 09:49:53,05/09/2025 09:49,-,-,-,-,-,-,-
1926540,😔 Desistiu (1 hora sem interação),1,-,-,2025-09-18 17:13:43,18/09/2025 17:13,-,-,-,-,-,-,-
1926539,😔 Desistiu (1 hora sem interação),1,-,-,2025-09-05 09:43:53,05/09/2025 09:43,-,-,-,-,-,-,-
1926527,✅ Aprovado,9,julia.bevilacqua@ppgj.com.br,-,2025-09-05 16:45:43,05/09/2025 16:45,-,-,-,-,-,-,-
1926428,✅ Aprovado,9,julia.bevilacqua@ppgj.com.br,-,2025-09-05 16:47:20,05/09/2025 16:47,-,-,-,-,-,-,-
1926402,✅ Aprovado,9,julia.bevilacqua@ppgj.com.br,-,2025-09-05 16:48:04,05/09/2025 16:48,-,-,-,-,-,-,-
1926388,😔 Desistiu (1 hora sem interação),1,-,-,2025-09-05 09:04:53,05/09/2025 09:04,-,-,-,-,-,-,-
1926385,😔 Desistiu (1 hora sem interação),1,julia.bevilacqua@ppgj.com.br,-,2025-09-05 09:27:38,05/09/2025 09:27,-,-,-,-,-,-,-
1926368,😔 Desistiu (1 hora sem interação),1,-,-,2025-09-05 08:52:53,05/09/2025 08:52,-,-,-,-,-,-,-
1926234,✅ Aprovado,9,julia.bevilacqua@ppgj.com.br,-,2025-09-05 16:30:36,05/09/2025 16:30,-,-,-,-,-,-,-
1926107,😔 Desistiu (1 hora sem interação),1,julia.bevilacqua@ppgj.com.br,-,2025-09-04 15:46:00,04/09/2025 15:46,-,-,-,-,-,-,-
1926104,😭 Não Apto,4,julia.bevilacqua@ppgj.com.br,-,2025-09-04 08:30:19,04/09/2025 08:30,-,-,-,-,-,-,-
1926101,😔 Desistiu (1 hora sem interação),1,-,-,2025-09-05 07:25:52,05/09/2025 07:25,-,-,-,-,-,-,-
1926097,✅ Aprovado,9,julia.bevilacqua@ppgj.com.br,-,2025-09-05 16:43:25,05/09/2025 16:43,-,-,-,-,-,-,-
1926094,🧑‍🧑‍🧒‍🧒 Apresentação da Vaga,6,julia.bevilacqua@ppgj.com.br,-,2025-09-04 15:01:12,04/09/2025 15:01,-,-,-,-,-,-,-
1926086,😔 Desistiu (1 hora sem interação),1,-,-,2025-09-04 22:57:49,04/09/2025 22:57,-,-,-,-,-,-,-
1926047,✅ Aprovado,9,julia.bevilacqua@ppgj.com.br,-,2025-09-05 16:48:48,05/09/2025 16:48,-,-,-,-,-,-,-
1926042,🤔 Em Análise Parte2,8,julia.bevilacqua@ppgj.com.br,-,2025-09-19 10:03:49,19/09/2025 10:03,-,-,-,-,-,-,-
1926039,😔 Desistiu (1 hora sem interação),1,julia.bevilacqua@ppgj.com.br,-,2025-09-08 10:09:57,08/09/2025 10:09,-,-,-,-,-,-,-
1926032,😔 Desistiu (1 hora sem interação),1,-,-,2025-09-04 19:53:55,04/09/2025 19:53,-,-,-,-,-,-,-
1926031,😔 Desistiu (1 hora sem interação),1,-,-,2025-09-04 19:42:55,04/09/2025 19:42,-,-,-,-,-,-,-
1926027,😔 Desistiu (1 hora sem interação),1,-,-,2025-09-04 19:30:55,04/09/2025 19:30,-,-,-,-,-,-,-
1926026,😔 Desistiu (1 hora sem interação),1,-,-,2025-09-04 19:30:55,04/09/2025 19:30,-,-,-,-,-,-,-
1926025,😔 Desistiu (1 hora sem interação),1,-,-,2025-09-04 19:28:55,04/09/2025 19:28,-,-,-,-,-,-,-
1926021,😔 Desistiu (1 hora sem interação),1,-,-,2025-09-04 19:07:55,04/09/2025 19:07,-,-,-,-,-,-,-
1926019,😭 Não Apto,4,talita.prates@ppgj.com.br,-,2025-09-11 17:26:32,11/09/2025 17:26,-,-,-,-,-,-,-
1926014,😔 Desistiu (1 hora sem interação),1,-,-,2025-09-04 18:52:55,04/09/2025 18:52,-,-,-,-,-,-,-
1925998,😭 Não Apto,4,mariajulia.souza@ppgj.com.br,-,2025-09-08 08:55:38,08/09/2025 08:55,-,-,-,-,-,-,-
1925993,😭 Não Apto,4,-,-,2025-09-03 18:37:17,03/09/2025 18:37,-,-,-,-,-,-,-
1925991,😭 Não Apto,4,julia.bevilacqua@ppgj.com.br,-,2025-09-04 08:42:25,04/09/2025 08:42,-,-,-,-,-,-,-
1925990,😭 Não Apto,4,-,-,2025-09-03 18:29:56,03/09/2025 18:29,-,-,-,-,-,-,-
1925985,😔 Desistiu (1 hora sem interação),1,-,-,2025-09-04 18:15:54,04/09/2025 18:15,-,-,-,-,-,-,-
1925982,😔 Desistiu (1 hora sem interação),1,-,-,2025-09-04 18:10:54,04/09/2025 18:10,-,-,-,-,-,-,-
1925980,😔 Desistiu (1 hora sem interação),1,-,-,2025-09-04 18:07:54,04/09/2025 18:07,-,-,-,-,-,-,-
1925969,😔 Desistiu (1 hora sem interação),1,talita.prates@ppgj.com.br,-,2025-09-08 18:14:34,08/09/2025 18:14,-,-,-,-,-,-,-
1925968,😔 Desistiu (1 hora sem interação),1,-,-,2025-09-04 17:54:54,04/09/2025 17:54,-,-,-,-,-,-,-
1925962,😔 Desistiu (1 hora sem interação),1,-,-,2025-09-04 17:49:54,04/09/2025 17:49,-,-,-,-,-,-,-
1925932,😔 Desistiu (1 hora sem interação),1,-,-,2025-09-04 17:32:54,04/09/2025 17:32,-,-,-,-,-,-,-
1925920,🧑‍🧑‍🧒‍🧒 Apresentação da Vaga,6,talita.prates@ppgj.com.br,-,2025-09-03 18:25:45,03/09/2025 18:25,-,-,-,-,-,-,-
1925910,✅ Aprovado,9,julia.bevilacqua@ppgj.com.br,-,2025-09-05 16:38:15,05/09/2025 16:38,-,-,-,-,-,-,-
1925897,😭 Não Apto,4,-,-,2025-09-03 17:26:20,03/09/2025 17:26,-,-,-,-,-,-,-
1925877,😔 Desistiu (1 hora sem interação),1,talita.prates@ppgj.com.br,-,2025-09-05 10:17:58,05/09/2025 10:17,-,-,-,-,-,-,-
1925868,😔 Desistiu (1 hora sem interação),1,-,-,2025-09-04 16:57:54,04/09/2025 16:57,-,-,-,-,-,-,-
1925863,✅ Aprovado,9,julia.bevilacqua@ppgj.com.br,-,2025-09-05 16:52:59,05/09/2025 16:52,-,-,-,-,-,-,-
1925847,🧑‍🧑‍🧒‍🧒 Apresentação da Vaga,6,julia.bevilacqua@ppgj.com.br,-,2025-09-03 17:33:51,03/09/2025 17:33,-,-,-,-,-,-,-
1925839,✅ Aprovado,9,julia.bevilacqua@ppgj.com.br,-,2025-09-05 16:46:27,05/09/2025 16:46,-,-,-,-,-,-,-
1925838,😔 Desistiu (1 hora sem interação),1,-,-,2025-09-04 16:44:54,04/09/2025 16:44,-,-,-,-,-,-,-
1925823,😔 Desistiu (1 hora sem interação),1,-,-,2025-09-04 16:33:53,04/09/2025 16:33,-,-,-,-,-,-,-
1925812,😔 Desistiu (1 hora sem interação),1,-,-,2025-09-04 16:30:53,04/09/2025 16:30,-,-,-,-,-,-,-
1925804,😔 Desistiu (1 hora sem interação),1,talita.prates@ppgj.com.br,-,2025-09-09 16:36:57,09/09/2025 16:36,-,-,-,-,-,-,-
1925797,😔 Desistiu (1 hora sem interação),1,mariajulia.souza@ppgj.com.br,-,2025-09-04 11:51:23,04/09/2025 11:51,-,-,-,-,-,-,-
1925776,🤔 Em Análise Parte2,8,talita.prates@ppgj.com.br,-,2025-09-19 11:45:54,19/09/2025 11:45,-,-,-,-,-,-,-
1925765,😔 Desistiu (1 hora sem interação),1,-,-,2025-09-18 16:46:39,18/09/2025 16:46,-,-,-,-,-,-,-
1925756,🧑‍🧑‍🧒‍🧒 Apresentação da Vaga,6,talita.prates@ppgj.com.br,-,2025-09-03 18:24:00,03/09/2025 18:24,-,-,-,-,-,-,-
1925755,😭 Não Apto,4,-,-,2025-09-03 16:04:48,03/09/2025 16:04,-,-,-,-,-,-,-
1925745,😔 Desistiu (1 hora sem interação),1,-,-,2025-09-04 15:56:53,04/09/2025 15:56,-,-,-,-,-,-,-
1925741,😭 Não Apto,4,-,-,2025-09-03 16:01:29,03/09/2025 16:01,-,-,-,-,-,-,-
1925740,😔 Desistiu (1 hora sem interação),1,-,-,2025-09-04 15:56:53,04/09/2025 15:56,-,-,-,-,-,-,-
1925693,😔 Desistiu (1 hora sem interação),1,-,-,2025-09-04 15:30:54,04/09/2025 15:30,-,-,-,-,-,-,-
1925673,😔 Desistiu (1 hora sem interação),1,-,-,2025-09-04 15:19:53,04/09/2025 15:19,-,-,-,-,-,-,-
1925664,😔 Desistiu (1 hora sem interação),1,-,-,2025-09-18 16:40:41,18/09/2025 16:40,-,-,-,-,-,-,-
1925648,😔 Desistiu (1 hora sem interação),1,-,-,2025-09-04 15:09:52,04/09/2025 15:09,-,-,-,-,-,-,-
1925550,😔 Desistiu (1 hora sem interação),1,-,-,2025-09-04 14:53:52,04/09/2025 14:53,-,-,-,-,-,-,-
1925531,😔 Desistiu (1 hora sem interação),1,-,-,2025-09-04 14:51:53,04/09/2025 14:51,-,-,-,-,-,-,-
1925438,😔 Desistiu (1 hora sem interação),1,-,-,2025-09-04 14:40:53,04/09/2025 14:40,-,-,-,-,-,-,-
1925437,😔 Desistiu (1 hora sem interação),1,-,-,2025-09-04 14:39:52,04/09/2025 14:39,-,-,-,-,-,-,-
1925429,😭 Não Apto,4,julia.bevilacqua@ppgj.com.br,-,2025-09-03 14:47:51,03/09/2025 14:47,-,-,-,-,-,-,-
1925421,✅ Aprovado,9,julia.bevilacqua@ppgj.com.br,-,2025-09-05 16:40:13,05/09/2025 16:40,-,-,-,-,-,-,-
1925322,😔 Desistiu (1 hora sem interação),1,-,-,2025-09-04 14:13:52,04/09/2025 14:13,-,-,-,-,-,-,-
1925265,😔 Desistiu (1 hora sem interação),1,-,-,2025-09-04 14:08:52,04/09/2025 14:08,-,-,-,-,-,-,-
1925247,😔 Desistiu (1 hora sem interação),1,-,-,2025-09-04 14:07:52,04/09/2025 14:07,-,-,-,-,-,-,-
1925246,😔 Desistiu (1 hora sem interação),1,-,-,2025-09-04 14:07:52,04/09/2025 14:07,-,-,-,-,-,-,-
1925244,😔 Desistiu (1 hora sem interação),1,-,-,2025-09-04 14:07:53,04/09/2025 14:07,-,-,-,-,-,-,-
1925222,✅ Aprovado,9,julia.bevilacqua@ppgj.com.br,-,2025-09-15 16:29:54,15/09/2025 16:29,-,-,-,-,-,-,-
1925161,✅ Aprovado,9,julia.bevilacqua@ppgj.com.br,-,2025-09-05 16:44:51,05/09/2025 16:44,-,-,-,-,-,-,-
1925160,🧑‍🧑‍🧒‍🧒 Apresentação da Vaga,6,julia.bevilacqua@ppgj.com.br,-,2025-09-03 15:00:31,03/09/2025 15:00,-,-,-,-,-,-,-
1925122,😔 Desistiu (1 hora sem interação),1,-,-,2025-09-04 13:58:52,04/09/2025 13:58,-,-,-,-,-,-,-
1925119,✅ Aprovado,9,julia.bevilacqua@ppgj.com.br,-,2025-09-05 16:42:31,05/09/2025 16:42,-,-,-,-,-,-,-
1925069,😔 Desistiu (1 hora sem interação),1,talita.prates@ppgj.com.br,-,2025-09-04 09:31:11,04/09/2025 09:31,-,-,-,-,-,-,-
1925014,😭 Não Apto,4,mariajulia.souza@ppgj.com.br,-,2025-09-04 10:19:18,04/09/2025 10:19,-,-,-,-,-,-,-
1925010,🧑‍🧑‍🧒‍🧒 Apresentação da Vaga,6,julia.bevilacqua@ppgj.com.br,-,2025-09-03 15:25:53,03/09/2025 15:25,-,-,-,-,-,-,-
1924972,😔 Desistiu (1 hora sem interação),1,-,-,2025-09-04 13:49:53,04/09/2025 13:49,-,-,-,-,-,-,-
1924970,😔 Desistiu (1 hora sem interação),1,-,-,2025-09-04 13:49:53,04/09/2025 13:49,-,-,-,-,-,-,-
1924951,📵 Black List (Impedir número de fazer novos processos),B,mariajulia.souza@ppgj.com.br,-,2025-09-03 14:17:47,03/09/2025 14:17,-,-,-,-,-,-,-
1924850,😭 Não Apto,4,mariajulia.souza@ppgj.com.br,-,2025-09-03 13:49:58,03/09/2025 13:49,-,-,-,-,-,-,-
1924848,😔 Desistiu (1 hora sem interação),1,-,-,2025-09-04 13:39:52,04/09/2025 13:39,-,-,-,-,-,-,-
1924847,✅ Aprovado,9,julia.bevilacqua@ppgj.com.br,-,2025-09-05 16:36:58,05/09/2025 16:36,-,-,-,-,-,-,-
1924837,😔 Desistiu (1 hora sem interação),1,mariajulia.souza@ppgj.com.br,-,2025-09-04 11:51:43,04/09/2025 11:51,-,-,-,-,-,-,-
1924823,📵 Black List (Impedir número de fazer novos processos),B,julia.bevilacqua@ppgj.com.br,-,2025-09-10 17:00:27,10/09/2025 17:00,-,-,-,-,-,-,-
1924821,😔 Desistiu (1 hora sem interação),1,-,-,2025-09-04 13:36:53,04/09/2025 13:36,-,-,-,-,-,-,-
1924811,😔 Desistiu (1 hora sem interação),1,-,-,2025-09-04 13:35:56,04/09/2025 13:35,-,-,-,-,-,-,-
1924801,😔 Desistiu (1 hora sem interação),1,-,-,2025-09-04 13:35:56,04/09/2025 13:35,-,-,-,-,-,-,-
1924789,✅ Aprovado,9,julia.bevilacqua@ppgj.com.br,-,2025-09-05 16:57:47,05/09/2025 16:57,-,-,-,-,-,-,-
1924780,😔 Desistiu (1 hora sem interação),1,-,-,2025-09-18 15:55:31,18/09/2025 15:55,-,-,-,-,-,-,-
1924766,😔 Desistiu (1 hora sem interação),1,-,-,2025-09-04 13:33:52,04/09/2025 13:33,-,-,-,-,-,-,-
1924749,🧑‍🧑‍🧒‍🧒 Apresentação da Vaga,6,mariajulia.souza@ppgj.com.br,-,2025-09-03 14:02:00,03/09/2025 14:02,-,-,-,-,-,-,-
1924740,😔 Desistiu (1 hora sem interação),1,-,-,2025-09-04 13:30:52,04/09/2025 13:30,-,-,-,-,-,-,-
1924738,📵 Black List (Impedir número de fazer novos processos),B,mariajulia.souza@ppgj.com.br,-,2025-09-03 13:38:25,03/09/2025 13:38,-,-,-,-,-,-,-
1924735,😔 Desistiu (1 hora sem interação),1,-,-,2025-09-04 13:29:52,04/09/2025 13:29,-,-,-,-,-,-,-
1924734,😔 Desistiu (1 hora sem interação),1,-,-,2025-09-04 13:28:52,04/09/2025 13:28,-,-,-,-,-,-,-
1924733,😔 Desistiu (1 hora sem interação),1,julia.bevilacqua@ppgj.com.br,-,2025-09-05 15:56:14,05/09/2025 15:56,-,-,-,-,-,-,-
1924732,😔 Desistiu (1 hora sem interação),1,-,-,2025-09-18 16:02:30,18/09/2025 16:02,-,-,-,-,-,-,-
1924730,😔 Desistiu (1 hora sem interação),1,mariajulia.souza@ppgj.com.br,-,2025-09-04 09:51:23,04/09/2025 09:51,-,-,-,-,-,-,-
1924729,😔 Desistiu (1 hora sem interação),1,talita.prates@ppgj.com.br,-,2025-09-22 13:49:30,22/09/2025 13:49,-,-,-,-,-,-,-
1924728,✅ Aprovado,9,julia.bevilacqua@ppgj.com.br,-,2025-09-05 16:44:16,05/09/2025 16:44,-,-,-,-,-,-,-
1924727,✅ Aprovado,9,julia.bevilacqua@ppgj.com.br,-,2025-09-05 16:50:57,05/09/2025 16:50,-,-,-,-,-,-,-
1924725,😔 Desistiu (1 hora sem interação),1,-,-,2025-09-04 13:26:52,04/09/2025 13:26,-,-,-,-,-,-,-
1924723,✅ Aprovado,9,julia.bevilacqua@ppgj.com.br,-,2025-09-05 16:54:26,05/09/2025 16:54,-,-,-,-,-,-,-
1924722,😔 Desistiu (1 hora sem interação),1,-,-,2025-09-04 13:26:52,04/09/2025 13:26,-,-,-,-,-,-,-
1924697,😔 Desistiu (1 hora sem interação),1,-,-,2025-09-04 13:24:51,04/09/2025 13:24,-,-,-,-,-,-,-
1924690,😔 Desistiu (1 hora sem interação),1,-,-,2025-09-04 13:24:51,04/09/2025 13:24,-,-,-,-,-,-,-
1924632,✅ Aprovado,9,julia.bevilacqua@ppgj.com.br,-,2025-09-08 15:30:10,08/09/2025 15:30,-,-,-,-,-,-,-
1924622,👍 Confirmação de Agendamento,C,mariajulia.souza@ppgj.com.br,-,2025-09-03 13:30:05,03/09/2025 13:30,-,-,-,-,-,-,-
1924620,🧑‍🧑‍🧒‍🧒 Apresentação da Vaga,6,mariajulia.souza@ppgj.com.br,-,2025-09-03 14:36:31,03/09/2025 14:36,-,-,-,-,-,-,-
1924619,🤔 Em Análise Parte2,8,julia.bevilacqua@ppgj.com.br,-,2025-09-03 14:04:14,03/09/2025 14:04,-,-,-,-,-,-,-
1924565,😔 Desistiu (1 hora sem interação),1,-,-,2025-09-04 13:01:52,04/09/2025 13:01,-,-,-,-,-,-,-
1924539,😔 Desistiu (1 hora sem interação),1,-,-,2025-09-04 12:42:51,04/09/2025 12:42,-,-,-,-,-,-,-
1924538,😔 Desistiu (1 hora sem interação),1,-,-,2025-09-04 12:42:51,04/09/2025 12:42,-,-,-,-,-,-,-
1924526,😭 Não Apto,4,-,-,2025-09-03 18:25:01,03/09/2025 18:25,-,-,-,-,-,-,-
1924524,✅ Aprovado,9,julia.bevilacqua@ppgj.com.br,-,2025-09-05 16:41:25,05/09/2025 16:41,-,-,-,-,-,-,-
1924481,📵 Black List (Impedir número de fazer novos processos),B,mariajulia.souza@ppgj.com.br,-,2025-09-03 12:12:06,03/09/2025 12:12,-,-,-,-,-,-,-
1924480,🧑‍🧑‍🧒‍🧒 Apresentação da Vaga,6,mariajulia.souza@ppgj.com.br,-,2025-09-03 12:18:23,03/09/2025 12:18,-,-,-,-,-,-,-
1924467,😔 Desistiu (1 hora sem interação),1,-,-,2025-09-04 11:59:51,04/09/2025 11:59,-,-,-,-,-,-,-
1924465,😔 Desistiu (1 hora sem interação),1,-,-,2025-09-04 11:59:51,04/09/2025 11:59,-,-,-,-,-,-,-
1924462,😭 Não Apto,4,mariajulia.souza@ppgj.com.br,-,2025-09-03 12:17:33,03/09/2025 12:17,-,-,-,-,-,-,-
1924451,😔 Desistiu (1 hora sem interação),1,-,-,2025-09-04 11:52:51,04/09/2025 11:52,-,-,-,-,-,-,-
1924434,😔 Desistiu (1 hora sem interação),1,-,-,2025-09-04 11:45:51,04/09/2025 11:45,-,-,-,-,-,-,-
1924420,😭 Não Apto,4,-,-,2025-09-03 11:44:32,03/09/2025 11:44,-,-,-,-,-,-,-
1924398,📵 Black List (Impedir número de fazer novos processos),B,talita.prates@ppgj.com.br,-,2025-09-03 13:30:35,03/09/2025 13:30,-,-,-,-,-,-,-
1924356,👍 Confirmação de Agendamento,C,talita.prates@ppgj.com.br,-,2025-09-11 13:36:26,11/09/2025 13:36,-,-,-,-,-,-,-
1924347,🧑‍🧑‍🧒‍🧒 Apresentação da Vaga,6,mariajulia.souza@ppgj.com.br,-,2025-09-03 11:26:34,03/09/2025 11:26,-,-,-,-,-,-,-
1924337,😔 Desistiu (1 hora sem interação),1,talita.prates@ppgj.com.br,-,2025-09-15 17:09:18,15/09/2025 17:09,-,-,-,-,-,-,-
1924276,✅ Aprovado,9,julia.bevilacqua@ppgj.com.br,-,2025-09-05 16:58:34,05/09/2025 16:58,-,-,-,-,-,-,-
1924081,😔 Desistiu (1 hora sem interação),1,-,-,2025-09-04 10:34:50,04/09/2025 10:34,-,-,-,-,-,-,-
1923638,🤔 Em Análise Parte2,8,julia.bevilacqua@ppgj.com.br,-,2025-09-03 14:27:23,03/09/2025 14:27,-,-,-,-,-,-,-
1923612,🧑‍🧑‍🧒‍🧒 Apresentação da Vaga,6,mariajulia.souza@ppgj.com.br,-,2025-09-03 10:05:14,03/09/2025 10:05,-,-,-,-,-,-,-
1923525,😔 Desistiu (1 hora sem interação),1,mariajulia.souza@ppgj.com.br,-,2025-09-03 11:09:37,03/09/2025 11:09,-,-,-,-,-,-,-
1923524,😔 Desistiu (1 hora sem interação),1,-,-,2025-09-04 09:40:49,04/09/2025 09:40,-,-,-,-,-,-,-
1923516,🤔 Em Análise Parte2,8,talita.prates@ppgj.com.br,-,2025-09-03 14:19:10,03/09/2025 14:19,-,-,-,-,-,-,-
1923505,🧑‍🧑‍🧒‍🧒 Apresentação da Vaga,6,mariajulia.souza@ppgj.com.br,-,2025-09-03 10:04:35,03/09/2025 10:04,-,-,-,-,-,-,-
1923493,📵 Black List (Impedir número de fazer novos processos),B,julia.bevilacqua@ppgj.com.br,-,2025-09-10 16:59:36,10/09/2025 16:59,-,-,-,-,-,-,-
1923492,❌ Reprovado,A,julia.bevilacqua@ppgj.com.br,-,2025-09-10 17:01:55,10/09/2025 17:01,-,-,-,-,-,-,-
1923490,😔 Desistiu (1 hora sem interação),1,-,-,2025-09-04 09:18:49,04/09/2025 09:18,-,-,-,-,-,-,-
1923464,😭 Não Apto,4,mariajulia.souza@ppgj.com.br,-,2025-09-03 09:15:33,03/09/2025 09:15,-,-,-,-,-,-,-
1923425,✅ Aprovado,9,julia.bevilacqua@ppgj.com.br,-,2025-09-18 13:25:15,18/09/2025 13:25,-,-,-,-,-,-,-
1923416,😔 Desistiu (1 hora sem interação),1,-,-,2025-09-04 07:14:05,04/09/2025 07:14,-,-,-,-,-,-,-
1923407,✅ Aprovado,9,julia.bevilacqua@ppgj.com.br,-,2025-09-05 16:57:09,05/09/2025 16:57,-,-,-,-,-,-,-
1923389,😔 Desistiu (1 hora sem interação),1,mariajulia.souza@ppgj.com.br,-,2025-09-17 10:42:13,17/09/2025 10:42,-,-,-,-,-,-,-
1923375,😔 Desistiu (1 hora sem interação),1,-,-,2025-09-03 21:35:03,03/09/2025 21:35,-,-,-,-,-,-,-
1923366,🧑‍🧑‍🧒‍🧒 Apresentação da Vaga,6,mariajulia.souza@ppgj.com.br,-,2025-09-03 10:40:21,03/09/2025 10:40,-,-,-,-,-,-,-
1923310,👍 Confirmação de Agendamento,C,talita.prates@ppgj.com.br,-,2025-09-11 13:41:10,11/09/2025 13:41,-,-,-,-,-,-,-
1923309,🤔 Em Análise Parte1,5,julia.bevilacqua@ppgj.com.br,-,2025-09-03 08:37:11,03/09/2025 08:37,-,-,-,-,-,-,-
1923286,😔 Desistiu (1 hora sem interação),1,-,-,2025-09-18 16:37:40,18/09/2025 16:37,-,-,-,-,-,-,-
1923282,😔 Desistiu (1 hora sem interação),1,-,-,2025-09-03 18:41:01,03/09/2025 18:41,-,-,-,-,-,-,-
1923281,🧑‍🧑‍🧒‍🧒 Apresentação da Vaga,6,julia.bevilacqua@ppgj.com.br,-,2025-09-03 14:54:05,03/09/2025 14:54,-,-,-,-,-,-,-
1923277,😭 Não Apto,4,-,-,2025-09-02 18:40:55,02/09/2025 18:40,-,-,-,-,-,-,-
1923247,🧑‍🧑‍🧒‍🧒 Apresentação da Vaga,6,julia.bevilacqua@ppgj.com.br,-,2025-09-03 15:35:53,03/09/2025 15:35,-,-,-,-,-,-,-
1923246,✅ Aprovado,9,julia.bevilacqua@ppgj.com.br,-,2025-09-08 11:12:14,08/09/2025 11:12,-,-,-,-,-,-,-
1923219,😔 Desistiu (1 hora sem interação),1,mariajulia.souza@ppgj.com.br,-,2025-09-03 13:10:52,03/09/2025 13:10,-,-,-,-,-,-,-
1923191,😔 Desistiu (1 hora sem interação),1,mariajulia.souza@ppgj.com.br,-,2025-09-03 13:11:09,03/09/2025 13:11,-,-,-,-,-,-,-
1923188,😔 Desistiu (1 hora sem interação),1,mariajulia.souza@ppgj.com.br,-,2025-09-03 13:10:27,03/09/2025 13:10,-,-,-,-,-,-,-
1923166,😔 Desistiu (1 hora sem interação),1,talita.prates@ppgj.com.br,-,2025-09-04 10:17:57,04/09/2025 10:17,-,-,-,-,-,-,-
1923092,😔 Desistiu (1 hora sem interação),1,-,-,2025-09-03 16:31:00,03/09/2025 16:31,-,-,-,-,-,-,-
1923077,😔 Desistiu (1 hora sem interação),1,-,-,2025-09-03 16:22:01,03/09/2025 16:22,-,-,-,-,-,-,-
1923040,😔 Desistiu (1 hora sem interação),1,mariajulia.souza@ppgj.com.br,-,2025-09-03 11:48:19,03/09/2025 11:48,-,-,-,-,-,-,-
1922857,😭 Não Apto,4,julia.bevilacqua@ppgj.com.br,-,2025-09-02 16:58:09,02/09/2025 16:58,-,-,-,-,-,-,-
1922829,😔 Desistiu (1 hora sem interação),1,mariajulia.souza@ppgj.com.br,-,2025-09-03 13:09:12,03/09/2025 13:09,-,-,-,-,-,-,-
1922794,😔 Desistiu (1 hora sem interação),1,-,-,2025-09-03 14:52:00,03/09/2025 14:52,-,-,-,-,-,-,-
1922588,📵 Black List (Impedir número de fazer novos processos),B,mariajulia.souza@ppgj.com.br,-,2025-09-02 14:11:36,02/09/2025 14:11,-,-,-,-,-,-,-
1922561,😔 Desistiu (1 hora sem interação),1,-,-,2025-09-03 13:51:59,03/09/2025 13:51,-,-,-,-,-,-,-
1922540,😭 Não Apto,4,mariajulia.souza@ppgj.com.br,-,2025-09-02 14:00:48,02/09/2025 14:00,-,-,-,-,-,-,-
1922436,😔 Desistiu (1 hora sem interação),1,mariajulia.souza@ppgj.com.br,-,2025-09-02 14:14:13,02/09/2025 14:14,-,-,-,-,-,-,-
1922425,😔 Desistiu (1 hora sem interação),1,talita.prates@ppgj.com.br,-,2025-09-04 16:35:08,04/09/2025 16:35,-,-,-,-,-,-,-
1922421,🧑‍🧑‍🧒‍🧒 Entrevista Individual,7,julia.bevilacqua@ppgj.com.br,-,2025-09-03 10:00:50,03/09/2025 10:00,-,-,-,-,-,-,-
1922392,😔 Desistiu (1 hora sem interação),1,-,-,2025-09-03 13:05:58,03/09/2025 13:05,-,-,-,-,-,-,-
1922385,🤔 Em Análise Parte2,8,julia.bevilacqua@ppgj.com.br,-,2025-09-03 09:39:56,03/09/2025 09:39,-,-,-,-,-,-,-
1922327,😔 Desistiu (1 hora sem interação),1,-,-,2025-09-03 12:18:58,03/09/2025 12:18,-,-,-,-,-,-,-
1922296,😔 Desistiu (1 hora sem interação),1,-,-,2025-09-03 12:03:58,03/09/2025 12:03,-,-,-,-,-,-,-
1922267,🧑‍🧑‍🧒‍🧒 Apresentação da Vaga,6,mariajulia.souza@ppgj.com.br,-,2025-09-02 11:59:42,02/09/2025 11:59,-,-,-,-,-,-,-
1922242,😔 Desistiu (1 hora sem interação),1,julia.bevilacqua@ppgj.com.br,-,2025-09-03 13:39:27,03/09/2025 13:39,-,-,-,-,-,-,-
1922238,🧑‍🧑‍🧒‍🧒 Apresentação da Vaga,6,mariajulia.souza@ppgj.com.br,-,2025-09-02 11:55:17,02/09/2025 11:55,-,-,-,-,-,-,-
1922237,🧑‍🧑‍🧒‍🧒 Apresentação da Vaga,6,julia.bevilacqua@ppgj.com.br,-,2025-09-02 17:10:46,02/09/2025 17:10,-,-,-,-,-,-,-
1922235,❌ Reprovado,A,julia.bevilacqua@ppgj.com.br,-,2025-09-08 10:23:04,08/09/2025 10:23,-,-,-,-,-,-,-
1922076,🤔 Em Análise Parte2,8,julia.bevilacqua@ppgj.com.br,-,2025-09-03 10:11:49,03/09/2025 10:11,-,-,-,-,-,-,-
1922073,😔 Desistiu (1 hora sem interação),1,-,-,2025-09-03 10:22:57,03/09/2025 10:22,-,-,-,-,-,-,-
1921939,😔 Desistiu (1 hora sem interação),1,talita.prates@ppgj.com.br,-,2025-09-02 10:33:30,02/09/2025 10:33,-,-,-,-,-,-,-
1921922,😔 Desistiu (1 hora sem interação),1,-,-,2025-09-12 09:51:31,12/09/2025 09:51,-,-,-,-,-,-,-
1921901,🤔 Em Análise Parte2,8,julia.bevilacqua@ppgj.com.br,-,2025-09-03 10:22:32,03/09/2025 10:22,-,-,-,-,-,-,-
1921870,😭 Não Apto,4,mariajulia.souza@ppgj.com.br,-,2025-09-02 09:49:25,02/09/2025 09:49,-,-,-,-,-,-,-
1921857,😔 Desistiu (1 hora sem interação),1,-,-,2025-09-03 09:09:57,03/09/2025 09:09,-,-,-,-,-,-,-
1921773,😔 Desistiu (1 hora sem interação),1,-,-,2025-09-02 22:01:48,02/09/2025 22:01,-,-,-,-,-,-,-
1921736,😔 Desistiu (1 hora sem interação),1,-,-,2025-09-02 20:44:47,02/09/2025 20:44,-,-,-,-,-,-,-
1921715,✅ Aprovado,9,julia.bevilacqua@ppgj.com.br,-,2025-09-05 16:49:31,05/09/2025 16:49,-,-,-,-,-,-,-
1921687,✅ Aprovado,9,julia.bevilacqua@ppgj.com.br,-,2025-09-05 16:55:29,05/09/2025 16:55,-,-,-,-,-,-,-
1921651,😔 Desistiu (1 hora sem interação),1,-,-,2025-09-02 17:54:46,02/09/2025 17:54,-,-,-,-,-,-,-
1921586,😔 Desistiu (1 hora sem interação),1,talita.prates@ppgj.com.br,-,2025-09-03 09:47:00,03/09/2025 09:47,-,-,-,-,-,-,-
1921569,✅ Aprovado,9,julia.bevilacqua@ppgj.com.br,-,2025-09-05 16:59:17,05/09/2025 16:59,-,-,-,-,-,-,-
1920766,😔 Desistiu (1 hora sem interação),1,mariajulia.souza@ppgj.com.br,-,2025-09-02 14:09:31,02/09/2025 14:09,-,-,-,-,-,-,-
1920600,❌ Reprovado,A,julia.bevilacqua@ppgj.com.br,-,2025-09-03 11:22:13,03/09/2025 11:22,-,-,-,-,-,-,-
1920598,😔 Desistiu (1 hora sem interação),1,julia.bevilacqua@ppgj.com.br,-,2025-09-02 09:54:21,02/09/2025 09:54,-,-,-,-,-,-,-
1920338,😔 Desistiu (1 hora sem interação),1,mariajulia.souza@ppgj.com.br,-,2025-09-03 14:10:43,03/09/2025 14:10,-,-,-,-,-,-,-
1920199,❌ Reprovado,A,julia.bevilacqua@ppgj.com.br,-,2025-09-10 16:58:50,10/09/2025 16:58,-,-,-,-,-,-,-
1920166,🧑‍🧑‍🧒‍🧒 Entrevista Individual,7,julia.bevilacqua@ppgj.com.br,-,2025-09-02 09:59:14,02/09/2025 09:59,-,-,-,-,-,-,-
1920157,😔 Desistiu (1 hora sem interação),1,-,-,2025-09-02 15:07:45,02/09/2025 15:07,-,-,-,-,-,-,-
1919573,🧑‍🧑‍🧒‍🧒 Entrevista Individual,7,talita.prates@ppgj.com.br,-,2025-09-11 11:17:40,11/09/2025 11:17,-,-,-,-,-,-,-
1919549,🤔 Em Análise Parte2,8,julia.bevilacqua@ppgj.com.br,-,2025-09-02 10:12:27,02/09/2025 10:12,-,-,-,-,-,-,-
1919544,😔 Desistiu (1 hora sem interação),1,-,-,2025-09-02 14:19:45,02/09/2025 14:19,-,-,-,-,-,-,-
1919423,🧑‍🧑‍🧒‍🧒 Apresentação da Vaga,6,mariajulia.souza@ppgj.com.br,-,2025-09-01 14:48:44,01/09/2025 14:48,-,-,-,-,-,-,-
1919383,🤔 Em Análise Parte2,8,julia.bevilacqua@ppgj.com.br,-,2025-09-02 14:06:54,02/09/2025 14:06,-,-,-,-,-,-,-
1919204,😔 Desistiu (1 hora sem interação),1,-,-,2025-09-02 13:41:44,02/09/2025 13:41,-,-,-,-,-,-,-
1919040,😭 Não Apto,4,mariajulia.souza@ppgj.com.br,-,2025-09-01 13:32:44,01/09/2025 13:32,-,-,-,-,-,-,-
1918805,📵 Black List (Impedir número de fazer novos processos),B,julia.bevilacqua@ppgj.com.br,-,2025-09-03 11:23:30,03/09/2025 11:23,-,-,-,-,-,-,-
1918803,😔 Desistiu (1 hora sem interação),1,-,-,2025-09-03 11:23:58,03/09/2025 11:23,-,-,-,-,-,-,-
1918790,🧑‍🧑‍🧒‍🧒 Apresentação da Vaga,6,mariajulia.souza@ppgj.com.br,-,2025-09-01 13:09:12,01/09/2025 13:09,-,-,-,-,-,-,-
1918754,😔 Desistiu (1 hora sem interação),1,-,-,2025-09-02 12:31:44,02/09/2025 12:31,-,-,-,-,-,-,-
1918747,🤔 Em Análise Parte2,8,julia.bevilacqua@ppgj.com.br,-,2025-09-02 14:18:58,02/09/2025 14:18,-,-,-,-,-,-,-
1918746,😔 Desistiu (1 hora sem interação),1,-,-,2025-09-02 12:23:43,02/09/2025 12:23,-,-,-,-,-,-,-
1918733,😔 Desistiu (1 hora sem interação),1,talita.prates@ppgj.com.br,-,2025-09-02 10:31:25,02/09/2025 10:31,-,-,-,-,-,-,-
1918728,✅ Aprovado,9,julia.bevilacqua@ppgj.com.br,-,2025-09-03 11:44:54,03/09/2025 11:44,-,-,-,-,-,-,-
1918702,😔 Desistiu (1 hora sem interação),1,julia.bevilacqua@ppgj.com.br,-,2025-09-03 09:21:48,03/09/2025 09:21,-,-,-,-,-,-,-
1918694,🧑‍🧑‍🧒‍🧒 Apresentação da Vaga,6,mariajulia.souza@ppgj.com.br,-,2025-09-01 13:36:05,01/09/2025 13:36,-,-,-,-,-,-,-
1918673,🤔 Em Análise Parte2,8,julia.bevilacqua@ppgj.com.br,-,2025-09-02 09:52:32,02/09/2025 09:52,-,-,-,-,-,-,-
1918664,😔 Desistiu (1 hora sem interação),1,julia.bevilacqua@ppgj.com.br,-,2025-09-02 10:20:00,02/09/2025 10:20,-,-,-,-,-,-,-
1918651,😔 Desistiu (1 hora sem interação),1,-,-,2025-09-02 11:35:43,02/09/2025 11:35,-,-,-,-,-,-,-
1918650,😔 Desistiu (1 hora sem interação),1,talita.prates@ppgj.com.br,-,2025-09-03 18:37:54,03/09/2025 18:37,-,-,-,-,-,-,-
1918644,😔 Desistiu (1 hora sem interação),1,talita.prates@ppgj.com.br,-,2025-09-03 18:36:30,03/09/2025 18:36,-,-,-,-,-,-,-
1918637,🤔 Em Análise Parte2,8,julia.bevilacqua@ppgj.com.br,-,2025-09-02 14:31:44,02/09/2025 14:31,-,-,-,-,-,-,-
1918632,🤔 Em Análise Parte2,8,julia.bevilacqua@ppgj.com.br,-,2025-09-02 10:32:49,02/09/2025 10:32,-,-,-,-,-,-,-
1918627,🧑‍🧑‍🧒‍🧒 Apresentação da Vaga,6,mariajulia.souza@ppgj.com.br,-,2025-09-01 12:54:53,01/09/2025 12:54,-,-,-,-,-,-,-
1918609,😔 Desistiu (1 hora sem interação),1,-,-,2025-09-02 11:21:43,02/09/2025 11:21,-,-,-,-,-,-,-
1918603,😭 Não Apto,4,mariajulia.souza@ppgj.com.br,-,2025-09-01 11:58:09,01/09/2025 11:58,-,-,-,-,-,-,-
1918599,😔 Desistiu (1 hora sem interação),1,-,-,2025-09-02 11:17:43,02/09/2025 11:17,-,-,-,-,-,-,-
1918520,😭 Não Apto,4,mariajulia.souza@ppgj.com.br,-,2025-09-01 10:50:22,01/09/2025 10:50,-,-,-,-,-,-,-
1918212,😔 Desistiu (1 hora sem interação),1,mariajulia.souza@ppgj.com.br,-,2025-09-04 14:18:38,04/09/2025 14:18,-,-,-,-,-,-,-
1917953,😭 Não Apto,4,-,-,2025-09-01 09:16:58,01/09/2025 09:16,-,-,-,-,-,-,-
1917222,😔 Desistiu (1 hora sem interação),1,mariajulia.souza@ppgj.com.br,-,2025-09-02 10:56:15,02/09/2025 10:56,-,-,-,-,-,-,-
1916844,😔 Desistiu (1 hora sem interação),1,-,-,2025-09-01 23:02:37,01/09/2025 23:02,-,-,-,-,-,-,-
1916829,😔 Desistiu (1 hora sem interação),1,-,-,2025-09-01 20:30:35,01/09/2025 20:30,-,-,-,-,-,-,-
1916770,✅ Aprovado,9,julia.bevilacqua@ppgj.com.br,-,2025-09-03 11:55:52,03/09/2025 11:55,-,-,-,-,-,-,-
1916639,😔 Desistiu (1 hora sem interação),1,-,-,2025-08-31 17:43:18,31/08/2025 17:43,-,-,-,-,-,-,-
1916573,😔 Desistiu (1 hora sem interação),1,-,-,2025-08-31 13:59:17,31/08/2025 13:59,-,-,-,-,-,-,-
1916553,😔 Desistiu (1 hora sem interação),1,-,-,2025-08-31 13:35:17,31/08/2025 13:35,-,-,-,-,-,-,-
1916549,😔 Desistiu (1 hora sem interação),1,-,-,2025-08-31 13:28:17,31/08/2025 13:28,-,-,-,-,-,-,-
1916367,😔 Desistiu (1 hora sem interação),1,-,-,2025-08-31 09:06:15,31/08/2025 09:06,-,-,-,-,-,-,-
1916300,📵 Black List (Impedir número de fazer novos processos),B,julia.bevilacqua@ppgj.com.br,-,2025-09-01 08:49:18,01/09/2025 08:49,-,-,-,-,-,-,-
1916279,😔 Desistiu (1 hora sem interação),1,talita.prates@ppgj.com.br,-,2025-09-05 16:03:46,05/09/2025 16:03,-,-,-,-,-,-,-
1916229,😭 Não Apto,4,-,-,2025-08-29 19:15:21,29/08/2025 19:15,-,-,-,-,-,-,-
1916224,😭 Não Apto,4,-,-,2025-08-29 19:11:41,29/08/2025 19:11,-,-,-,-,-,-,-
1916190,😭 Não Apto,4,-,-,2025-08-29 18:56:51,29/08/2025 18:56,-,-,-,-,-,-,-
1915678,😔 Desistiu (1 hora sem interação),1,-,-,2025-08-30 16:28:06,30/08/2025 16:28,-,-,-,-,-,-,-
1915435,😔 Desistiu (1 hora sem interação),1,-,-,2025-08-30 16:19:06,30/08/2025 16:19,-,-,-,-,-,-,-
1915229,😭 Não Apto,4,mariajulia.souza@ppgj.com.br,-,2025-09-01 08:59:53,01/09/2025 08:59,-,-,-,-,-,-,-
1914589,😔 Desistiu (1 hora sem interação),1,mariajulia.souza@ppgj.com.br,-,2025-08-29 14:43:10,29/08/2025 14:43,-,-,-,-,-,-,-
1914563,😔 Desistiu (1 hora sem interação),1,-,-,2025-08-30 14:10:04,30/08/2025 14:10,-,-,-,-,-,-,-
1914549,😔 Desistiu (1 hora sem interação),1,-,-,2025-08-30 14:01:04,30/08/2025 14:01,-,-,-,-,-,-,-
1914450,✅ Aprovado,9,julia.bevilacqua@ppgj.com.br,-,2025-09-03 11:47:41,03/09/2025 11:47,-,-,-,-,-,-,-
1914447,🧑‍🧑‍🧒‍🧒 Entrevista Individual,7,julia.bevilacqua@ppgj.com.br,-,2025-09-01 10:02:43,01/09/2025 10:02,-,-,-,-,-,-,-
1914433,😔 Desistiu (1 hora sem interação),1,-,-,2025-08-30 12:22:03,30/08/2025 12:22,-,-,-,-,-,-,-
1914402,😭 Não Apto,4,mariajulia.souza@ppgj.com.br,-,2025-08-29 12:08:04,29/08/2025 12:08,-,-,-,-,-,-,-
1914387,😔 Desistiu (1 hora sem interação),1,-,-,2025-08-30 11:57:03,30/08/2025 11:57,-,-,-,-,-,-,-
1914386,😔 Desistiu (1 hora sem interação),1,talita.prates@ppgj.com.br,-,2025-08-29 18:03:51,29/08/2025 18:03,-,-,-,-,-,-,-
1914332,😔 Desistiu (1 hora sem interação),1,-,-,2025-08-30 14:01:04,30/08/2025 14:01,-,-,-,-,-,-,-
1914312,✅ Aprovado,9,talita.prates@ppgj.com.br,-,2025-09-05 14:01:28,05/09/2025 14:01,-,-,-,-,-,-,-
1914295,😔 Desistiu (1 hora sem interação),1,talita.prates@ppgj.com.br,-,2025-09-05 15:21:36,05/09/2025 15:21,-,-,-,-,-,-,-
1914280,😔 Desistiu (1 hora sem interação),1,-,-,2025-08-30 11:00:02,30/08/2025 11:00,-,-,-,-,-,-,-
1914246,😔 Desistiu (1 hora sem interação),1,-,-,2025-09-08 10:30:12,08/09/2025 10:30,-,-,-,-,-,-,-
1914236,✅ Aprovado,9,talita.prates@ppgj.com.br,-,2025-09-05 15:47:33,05/09/2025 15:47,-,-,-,-,-,-,-
1914227,😭 Não Apto,4,mariajulia.souza@ppgj.com.br,-,2025-08-29 10:29:32,29/08/2025 10:29,-,-,-,-,-,-,-
1914170,😔 Desistiu (1 hora sem interação),1,-,-,2025-08-30 10:15:02,30/08/2025 10:15,-,-,-,-,-,-,-
1914168,😔 Desistiu (1 hora sem interação),1,talita.prates@ppgj.com.br,-,2025-09-05 16:24:43,05/09/2025 16:24,-,-,-,-,-,-,-
1914114,😔 Desistiu (1 hora sem interação),1,-,-,2025-08-30 09:44:03,30/08/2025 09:44,-,-,-,-,-,-,-
1914096,✅ Aprovado,9,talita.prates@ppgj.com.br,-,2025-09-05 14:23:45,05/09/2025 14:23,-,-,-,-,-,-,-
1914093,🧑‍🧑‍🧒‍🧒 Apresentação da Vaga,6,talita.prates@ppgj.com.br,-,2025-08-29 18:02:41,29/08/2025 18:02,-,-,-,-,-,-,-
1914087,🧑‍🧑‍🧒‍🧒 Apresentação da Vaga,6,mariajulia.souza@ppgj.com.br,-,2025-08-29 11:37:08,29/08/2025 11:37,-,-,-,-,-,-,-
1913921,🤔 Em Análise Parte2,8,talita.prates@ppgj.com.br,-,2025-08-29 14:04:21,29/08/2025 14:04,-,-,-,-,-,-,-
1913876,😔 Desistiu (1 hora sem interação),1,-,-,2025-08-29 23:30:56,29/08/2025 23:30,-,-,-,-,-,-,-
1913875,😭 Não Apto,4,-,-,2025-08-29 08:56:53,29/08/2025 08:56,-,-,-,-,-,-,-
1913870,✅ Aprovado,9,julia.bevilacqua@ppgj.com.br,-,2025-09-03 11:53:44,03/09/2025 11:53,-,-,-,-,-,-,-
1913867,😔 Desistiu (1 hora sem interação),1,-,-,2025-08-29 22:24:56,29/08/2025 22:24,-,-,-,-,-,-,-
1913865,❌ Reprovado,A,julia.bevilacqua@ppgj.com.br,-,2025-09-03 11:21:22,03/09/2025 11:21,-,-,-,-,-,-,-
1913820,😭 Não Apto,4,julia.bevilacqua@ppgj.com.br,-,2025-08-29 08:48:31,29/08/2025 08:48,-,-,-,-,-,-,-
1913763,📵 Black List (Impedir número de fazer novos processos),B,julia.bevilacqua@ppgj.com.br,-,2025-09-03 11:20:24,03/09/2025 11:20,-,-,-,-,-,-,-
1913753,😔 Desistiu (1 hora sem interação),1,-,-,2025-08-29 18:23:53,29/08/2025 18:23,-,-,-,-,-,-,-
1913674,✅ Aprovado,9,talita.prates@ppgj.com.br,-,2025-09-05 15:15:00,05/09/2025 15:15,-,-,-,-,-,-,-
1913666,😔 Desistiu (1 hora sem interação),1,talita.prates@ppgj.com.br,-,2025-08-28 18:26:41,28/08/2025 18:26,-,-,-,-,-,-,-
1913664,✅ Aprovado,9,julia.bevilacqua@ppgj.com.br,-,2025-09-03 11:31:27,03/09/2025 11:31,-,-,-,-,-,-,-
1913660,😭 Não Apto,4,talita.prates@ppgj.com.br,-,2025-08-28 18:27:22,28/08/2025 18:27,-,-,-,-,-,-,-
1913585,😔 Desistiu (1 hora sem interação),1,-,-,2025-08-29 16:12:52,29/08/2025 16:12,-,-,-,-,-,-,-
1913584,😔 Desistiu (1 hora sem interação),1,-,-,2025-08-29 16:12:52,29/08/2025 16:12,-,-,-,-,-,-,-
1913573,😭 Não Apto,4,julia.bevilacqua@ppgj.com.br,-,2025-08-28 16:54:20,28/08/2025 16:54,-,-,-,-,-,-,-
1913554,✅ Aprovado,9,julia.bevilacqua@ppgj.com.br,-,2025-09-03 11:30:30,03/09/2025 11:30,-,-,-,-,-,-,-
1913551,😔 Desistiu (1 hora sem interação),1,-,-,2025-08-29 15:57:52,29/08/2025 15:57,-,-,-,-,-,-,-
1913518,😔 Desistiu (1 hora sem interação),1,-,-,2025-08-29 15:34:52,29/08/2025 15:34,-,-,-,-,-,-,-
1913480,😔 Desistiu (1 hora sem interação),1,-,-,2025-08-29 15:14:53,29/08/2025 15:14,-,-,-,-,-,-,-
1913364,😔 Desistiu (1 hora sem interação),1,talita.prates@ppgj.com.br,-,2025-08-28 18:22:40,28/08/2025 18:22,-,-,-,-,-,-,-
1913363,😔 Desistiu (1 hora sem interação),1,-,-,2025-08-29 14:07:51,29/08/2025 14:07,-,-,-,-,-,-,-
1913346,😔 Desistiu (1 hora sem interação),1,-,-,2025-08-29 13:59:51,29/08/2025 13:59,-,-,-,-,-,-,-
1913311,❌ Reprovado,A,julia.bevilacqua@ppgj.com.br,-,2025-09-03 11:18:27,03/09/2025 11:18,-,-,-,-,-,-,-
1913309,😔 Desistiu (1 hora sem interação),1,-,-,2025-08-29 13:35:51,29/08/2025 13:35,-,-,-,-,-,-,-
1913293,✅ Aprovado,9,talita.prates@ppgj.com.br,-,2025-09-05 14:29:57,05/09/2025 14:29,-,-,-,-,-,-,-
1913277,😔 Desistiu (1 hora sem interação),1,-,-,2025-08-29 13:12:51,29/08/2025 13:12,-,-,-,-,-,-,-
1913266,🤔 Em Análise Parte2,8,julia.bevilacqua@ppgj.com.br,-,2025-08-29 10:09:06,29/08/2025 10:09,-,-,-,-,-,-,-
1913265,✅ Aprovado,9,julia.bevilacqua@ppgj.com.br,-,2025-09-03 11:34:50,03/09/2025 11:34,-,-,-,-,-,-,-
1913254,😔 Desistiu (1 hora sem interação),1,-,-,2025-08-29 12:55:50,29/08/2025 12:55,-,-,-,-,-,-,-
1913217,😔 Desistiu (1 hora sem interação),1,-,-,2025-08-29 12:22:50,29/08/2025 12:22,-,-,-,-,-,-,-
1913216,😔 Desistiu (1 hora sem interação),1,talita.prates@ppgj.com.br,-,2025-08-29 18:01:07,29/08/2025 18:01,-,-,-,-,-,-,-
1913211,😔 Desistiu (1 hora sem interação),1,mariajulia.souza@ppgj.com.br,-,2025-09-03 10:58:39,03/09/2025 10:58,-,-,-,-,-,-,-
1913204,😔 Desistiu (1 hora sem interação),1,-,-,2025-08-29 12:15:50,29/08/2025 12:15,-,-,-,-,-,-,-
1913165,✅ Aprovado,9,talita.prates@ppgj.com.br,-,2025-09-05 15:17:03,05/09/2025 15:17,-,-,-,-,-,-,-
1913143,🤔 Em Análise Parte2,8,talita.prates@ppgj.com.br,-,2025-08-29 09:51:33,29/08/2025 09:51,-,-,-,-,-,-,-
1913126,🤔 Em Análise Parte2,8,talita.prates@ppgj.com.br,-,2025-08-28 14:05:12,28/08/2025 14:05,-,-,-,-,-,-,-
1913031,😭 Não Apto,4,-,-,2025-08-28 11:20:44,28/08/2025 11:20,-,-,-,-,-,-,-
1913028,😔 Desistiu (1 hora sem interação),1,-,-,2025-08-29 11:16:50,29/08/2025 11:16,-,-,-,-,-,-,-
1913027,😭 Não Apto,4,mariajulia.souza@ppgj.com.br,-,2025-08-28 11:38:13,28/08/2025 11:38,-,-,-,-,-,-,-
1913024,🧑‍🧑‍🧒‍🧒 Apresentação da Vaga,6,mariajulia.souza@ppgj.com.br,-,2025-08-28 12:15:52,28/08/2025 12:15,-,-,-,-,-,-,-
1913023,🤔 Em Análise Parte2,8,julia.bevilacqua@ppgj.com.br,-,2025-08-28 14:18:52,28/08/2025 14:18,-,-,-,-,-,-,-
1913019,😭 Não Apto,4,-,-,2025-08-28 11:14:23,28/08/2025 11:14,-,-,-,-,-,-,-
1913013,😔 Desistiu (1 hora sem interação),1,-,-,2025-08-29 11:06:50,29/08/2025 11:06,-,-,-,-,-,-,-
1912984,🧑‍🧑‍🧒‍🧒 Apresentação da Vaga,6,mariajulia.souza@ppgj.com.br,-,2025-08-28 11:17:11,28/08/2025 11:17,-,-,-,-,-,-,-
1912960,😔 Desistiu (1 hora sem interação),1,-,-,2025-08-29 10:34:49,29/08/2025 10:34,-,-,-,-,-,-,-
1912955,😭 Não Apto,4,-,-,2025-08-28 10:34:04,28/08/2025 10:34,-,-,-,-,-,-,-
1912848,😔 Desistiu (1 hora sem interação),1,-,-,2025-08-29 10:19:49,29/08/2025 10:19,-,-,-,-,-,-,-
1912827,😔 Desistiu (1 hora sem interação),1,talita.prates@ppgj.com.br,-,2025-09-05 15:56:20,05/09/2025 15:56,-,-,-,-,-,-,-
1912825,🤔 Em Análise Parte2,8,julia.bevilacqua@ppgj.com.br,-,2025-08-28 14:26:02,28/08/2025 14:26,-,-,-,-,-,-,-
1912823,😔 Desistiu (1 hora sem interação),1,-,-,2025-09-07 10:05:30,07/09/2025 10:05,-,-,-,-,-,-,-
1912810,😭 Não Apto,4,mariajulia.souza@ppgj.com.br,-,2025-08-28 12:12:46,28/08/2025 12:12,-,-,-,-,-,-,-
1912805,😔 Desistiu (1 hora sem interação),1,talita.prates@ppgj.com.br,-,2025-09-05 15:09:48,05/09/2025 15:09,-,-,-,-,-,-,-
1912804,😔 Desistiu (1 hora sem interação),1,-,-,2025-08-29 09:53:49,29/08/2025 09:53,-,-,-,-,-,-,-
1912784,😔 Desistiu (1 hora sem interação),1,talita.prates@ppgj.com.br,-,2025-09-11 18:24:00,11/09/2025 18:24,-,-,-,-,-,-,-
1912760,😭 Não Apto,4,-,-,2025-08-28 10:10:44,28/08/2025 10:10,-,-,-,-,-,-,-
1912736,❌ Reprovado,A,mariajulia.souza@ppgj.com.br,-,2025-08-28 09:16:37,28/08/2025 09:16,-,-,-,-,-,-,-
1912712,😔 Desistiu (1 hora sem interação),1,-,-,2025-08-29 08:38:48,29/08/2025 08:38,-,-,-,-,-,-,-
1912697,✅ Aprovado,9,talita.prates@ppgj.com.br,-,2025-09-05 16:53:41,05/09/2025 16:53,-,-,-,-,-,-,-
1912688,😔 Desistiu (1 hora sem interação),1,-,-,2025-08-29 07:31:52,29/08/2025 07:31,-,-,-,-,-,-,-
1912687,🤔 Em Análise Parte2,8,julia.bevilacqua@ppgj.com.br,-,2025-08-28 14:52:35,28/08/2025 14:52,-,-,-,-,-,-,-
1912672,🤔 Em Análise Parte2,8,julia.bevilacqua@ppgj.com.br,-,2025-08-29 09:58:16,29/08/2025 09:58,-,-,-,-,-,-,-
1912641,🤔 Em Análise Parte2,8,mariajulia.souza@ppgj.com.br,-,2025-09-01 09:45:57,01/09/2025 09:45,-,-,-,-,-,-,-
1912640,😭 Não Apto,4,mariajulia.souza@ppgj.com.br,-,2025-08-28 08:52:10,28/08/2025 08:52,-,-,-,-,-,-,-
1912619,😭 Não Apto,4,mariajulia.souza@ppgj.com.br,-,2025-08-28 08:50:41,28/08/2025 08:50,-,-,-,-,-,-,-
1912613,🤔 Em Análise Parte2,8,julia.bevilacqua@ppgj.com.br,-,2025-09-01 10:28:46,01/09/2025 10:28,-,-,-,-,-,-,-
1912598,🤔 Em Análise Parte2,8,talita.prates@ppgj.com.br,-,2025-08-29 10:09:58,29/08/2025 10:09,-,-,-,-,-,-,-
1912556,😔 Desistiu (1 hora sem interação),1,talita.prates@ppgj.com.br,-,2025-09-05 14:41:16,05/09/2025 14:41,-,-,-,-,-,-,-
1912530,❌ Reprovado,A,julia.bevilacqua@ppgj.com.br,-,2025-09-03 11:16:36,03/09/2025 11:16,-,-,-,-,-,-,-
1912526,😔 Desistiu (1 hora sem interação),1,-,-,2025-08-28 17:37:41,28/08/2025 17:37,-,-,-,-,-,-,-
1912517,😔 Desistiu (1 hora sem interação),1,talita.prates@ppgj.com.br,-,2025-08-28 16:57:16,28/08/2025 16:57,-,-,-,-,-,-,-
1912508,🤔 Em Análise Parte2,8,talita.prates@ppgj.com.br,-,2025-08-28 15:59:02,28/08/2025 15:59,-,-,-,-,-,-,-
1912505,😔 Desistiu (1 hora sem interação),1,-,-,2025-08-28 17:26:40,28/08/2025 17:26,-,-,-,-,-,-,-
1912483,😔 Desistiu (1 hora sem interação),1,talita.prates@ppgj.com.br,-,2025-08-28 18:18:37,28/08/2025 18:18,-,-,-,-,-,-,-
1912472,♻️✅ Liberar Blacklist (Liberar número de fazer novos processos),Z,talita.prates@ppgj.com.br,-,2025-08-27 18:40:08,27/08/2025 18:40,-,-,-,-,-,-,-
1912471,😔 Desistiu (1 hora sem interação),1,talita.prates@ppgj.com.br,-,2025-08-27 18:18:46,27/08/2025 18:18,-,-,-,-,-,-,-
1912453,✅ Aprovado,9,julia.bevilacqua@ppgj.com.br,-,2025-09-03 11:29:36,03/09/2025 11:29,-,-,-,-,-,-,-
1912441,😔 Desistiu (1 hora sem interação),1,-,-,2025-08-29 11:34:50,29/08/2025 11:34,-,-,-,-,-,-,-
1912436,📵 Black List (Impedir número de fazer novos processos),B,julia.bevilacqua@ppgj.com.br,-,2025-08-27 16:54:39,27/08/2025 16:54,-,-,-,-,-,-,-
1912435,✅ Aprovado,9,talita.prates@ppgj.com.br,-,2025-09-08 14:24:03,08/09/2025 14:24,-,-,-,-,-,-,-
1912430,📵 Black List (Impedir número de fazer novos processos),B,julia.bevilacqua@ppgj.com.br,-,2025-09-03 11:17:55,03/09/2025 11:17,-,-,-,-,-,-,-
1912398,😭 Não Apto,4,julia.bevilacqua@ppgj.com.br,-,2025-08-27 16:31:06,27/08/2025 16:31,-,-,-,-,-,-,-
1912324,😭 Não Apto,4,julia.bevilacqua@ppgj.com.br,-,2025-08-27 15:46:51,27/08/2025 15:46,-,-,-,-,-,-,-
1912295,😔 Desistiu (1 hora sem interação),1,-,-,2025-08-28 15:20:39,28/08/2025 15:20,-,-,-,-,-,-,-
1912279,🤔 Em Análise Parte2,8,talita.prates@ppgj.com.br,-,2025-08-28 14:59:32,28/08/2025 14:59,-,-,-,-,-,-,-
1912204,🤔 Em Análise Parte2,8,julia.bevilacqua@ppgj.com.br,-,2025-08-28 10:07:02,28/08/2025 10:07,-,-,-,-,-,-,-
1912176,😔 Desistiu (1 hora sem interação),1,-,-,2025-08-28 14:21:39,28/08/2025 14:21,-,-,-,-,-,-,-
1912167,😔 Desistiu (1 hora sem interação),1,-,-,2025-09-06 14:16:47,06/09/2025 14:16,-,-,-,-,-,-,-
1912166,❌ Reprovado,A,julia.bevilacqua@ppgj.com.br,-,2025-09-04 10:29:22,04/09/2025 10:29,-,-,-,-,-,-,-
1912164,🤔 Em Análise Parte2,8,talita.prates@ppgj.com.br,-,2025-08-29 15:10:44,29/08/2025 15:10,-,-,-,-,-,-,-
1912163,😔 Desistiu (1 hora sem interação),1,-,-,2025-08-28 14:14:39,28/08/2025 14:14,-,-,-,-,-,-,-
1912155,😔 Desistiu (1 hora sem interação),1,-,-,2025-08-28 14:07:38,28/08/2025 14:07,-,-,-,-,-,-,-
1912146,✅ Aprovado,9,talita.prates@ppgj.com.br,-,2025-09-05 15:46:01,05/09/2025 15:46,-,-,-,-,-,-,-
1912138,🤔 Em Análise Parte1,5,mariajulia.souza@ppgj.com.br,-,2025-08-28 11:51:37,28/08/2025 11:51,-,-,-,-,-,-,-
1912137,😭 Não Apto,4,mariajulia.souza@ppgj.com.br,-,2025-08-28 13:26:39,28/08/2025 13:26,-,-,-,-,-,-,-
1912116,😔 Desistiu (1 hora sem interação),1,mariajulia.souza@ppgj.com.br,-,2025-08-27 14:17:55,27/08/2025 14:17,-,-,-,-,-,-,-
1912110,✅ Aprovado,9,talita.prates@ppgj.com.br,-,2025-09-05 14:14:48,05/09/2025 14:14,-,-,-,-,-,-,-
1912063,🧑‍🧑‍🧒‍🧒 Apresentação da Vaga,6,mariajulia.souza@ppgj.com.br,-,2025-08-27 13:39:50,27/08/2025 13:39,-,-,-,-,-,-,-
1912055,🧑‍🧑‍🧒‍🧒 Entrevista Individual,7,talita.prates@ppgj.com.br,-,2025-08-28 14:05:53,28/08/2025 14:05,-,-,-,-,-,-,-
1912026,😔 Desistiu (1 hora sem interação),1,-,-,2025-08-28 13:11:38,28/08/2025 13:11,-,-,-,-,-,-,-
1912025,😔 Desistiu (1 hora sem interação),1,-,-,2025-08-28 13:09:39,28/08/2025 13:09,-,-,-,-,-,-,-
1912006,😔 Desistiu (1 hora sem interação),1,-,-,2025-08-28 12:53:38,28/08/2025 12:53,-,-,-,-,-,-,-
1912005,🤔 Em Análise Parte2,8,julia.bevilacqua@ppgj.com.br,-,2025-08-28 10:28:54,28/08/2025 10:28,-,-,-,-,-,-,-
1911983,😔 Desistiu (1 hora sem interação),1,-,-,2025-08-28 12:42:38,28/08/2025 12:42,-,-,-,-,-,-,-
1911939,😔 Desistiu (1 hora sem interação),1,-,-,2025-08-28 12:27:38,28/08/2025 12:27,-,-,-,-,-,-,-
1911930,😔 Desistiu (1 hora sem interação),1,-,-,2025-08-28 12:25:38,28/08/2025 12:25,-,-,-,-,-,-,-
1911928,✅ Aprovado,9,talita.prates@ppgj.com.br,-,2025-09-05 15:50:04,05/09/2025 15:50,-,-,-,-,-,-,-
1911927,😔 Desistiu (1 hora sem interação),1,talita.prates@ppgj.com.br,-,2025-08-28 18:18:11,28/08/2025 18:18,-,-,-,-,-,-,-
1911923,✅ Aprovado,9,talita.prates@ppgj.com.br,-,2025-09-05 16:26:11,05/09/2025 16:26,-,-,-,-,-,-,-
1911920,😭 Não Apto,4,mariajulia.souza@ppgj.com.br,-,2025-08-27 12:56:01,27/08/2025 12:56,-,-,-,-,-,-,-
1911918,😔 Desistiu (1 hora sem interação),1,talita.prates@ppgj.com.br,-,2025-09-05 16:40:49,05/09/2025 16:40,-,-,-,-,-,-,-
1911911,🧑‍🧑‍🧒‍🧒 Apresentação da Vaga,6,mariajulia.souza@ppgj.com.br,-,2025-08-27 12:24:53,27/08/2025 12:24,-,-,-,-,-,-,-
1911905,😔 Desistiu (1 hora sem interação),1,-,-,2025-08-28 12:11:38,28/08/2025 12:11,-,-,-,-,-,-,-
1911898,😔 Desistiu (1 hora sem interação),1,talita.prates@ppgj.com.br,-,2025-08-27 18:55:55,27/08/2025 18:55,-,-,-,-,-,-,-
1911892,😔 Desistiu (1 hora sem interação),1,talita.prates@ppgj.com.br,-,2025-08-27 18:56:34,27/08/2025 18:56,-,-,-,-,-,-,-
1911878,😔 Desistiu (1 hora sem interação),1,talita.prates@ppgj.com.br,-,2025-08-28 18:19:03,28/08/2025 18:19,-,-,-,-,-,-,-
1911856,✅ Aprovado,9,talita.prates@ppgj.com.br,-,2025-09-05 16:40:16,05/09/2025 16:40,-,-,-,-,-,-,-
1911836,✅ Aprovado,9,julia.bevilacqua@ppgj.com.br,-,2025-08-27 11:47:51,27/08/2025 11:47,-,-,-,-,-,-,-
1911826,😔 Desistiu (1 hora sem interação),1,-,-,2025-08-28 11:19:37,28/08/2025 11:19,-,-,-,-,-,-,-
1911780,✅ Aprovado,9,julia.bevilacqua@ppgj.com.br,-,2025-09-03 11:32:37,03/09/2025 11:32,-,-,-,-,-,-,-
1911779,📵 Black List (Impedir número de fazer novos processos),B,talita.prates@ppgj.com.br,-,2025-08-27 18:59:33,27/08/2025 18:59,-,-,-,-,-,-,-
1911759,✅ Aprovado,9,julia.bevilacqua@ppgj.com.br,-,2025-09-03 11:35:29,03/09/2025 11:35,-,-,-,-,-,-,-
1911748,😔 Desistiu (1 hora sem interação),1,talita.prates@ppgj.com.br,-,2025-09-05 15:28:22,05/09/2025 15:28,-,-,-,-,-,-,-
1911743,😔 Desistiu (1 hora sem interação),1,-,-,2025-08-28 10:27:37,28/08/2025 10:27,-,-,-,-,-,-,-
1911739,🤔 Em Análise Parte2,8,julia.bevilacqua@ppgj.com.br,-,2025-08-28 10:16:04,28/08/2025 10:16,-,-,-,-,-,-,-
1911671,✅ Aprovado,9,talita.prates@ppgj.com.br,-,2025-09-05 16:02:34,05/09/2025 16:02,-,-,-,-,-,-,-
1911633,😔 Desistiu (1 hora sem interação),1,mariajulia.souza@ppgj.com.br,-,2025-08-27 13:19:29,27/08/2025 13:19,-,-,-,-,-,-,-
1911596,🤔 Em Análise Parte2,8,talita.prates@ppgj.com.br,-,2025-08-28 10:38:57,28/08/2025 10:38,-,-,-,-,-,-,-
1911591,😔 Desistiu (1 hora sem interação),1,-,-,2025-08-28 09:57:38,28/08/2025 09:57,-,-,-,-,-,-,-
1911517,😔 Desistiu (1 hora sem interação),1,-,-,2025-08-28 09:22:37,28/08/2025 09:22,-,-,-,-,-,-,-
1911461,😭 Não Apto,4,mariajulia.souza@ppgj.com.br,-,2025-08-27 08:55:30,27/08/2025 08:55,-,-,-,-,-,-,-
1911439,📵 Black List (Impedir número de fazer novos processos),B,talita.prates@ppgj.com.br,-,2025-08-27 19:09:38,27/08/2025 19:09,-,-,-,-,-,-,-
1911434,😔 Desistiu (1 hora sem interação),1,-,-,2025-08-28 07:50:36,28/08/2025 07:50,-,-,-,-,-,-,-
1911425,😔 Desistiu (1 hora sem interação),1,mariajulia.souza@ppgj.com.br,-,2025-08-27 13:33:09,27/08/2025 13:33,-,-,-,-,-,-,-
1911401,😭 Não Apto,4,mariajulia.souza@ppgj.com.br,-,2025-08-27 08:44:26,27/08/2025 08:44,-,-,-,-,-,-,-
1911336,😔 Desistiu (1 hora sem interação),1,talita.prates@ppgj.com.br,-,2025-09-05 14:46:53,05/09/2025 14:46,-,-,-,-,-,-,-
1911329,🧑‍🧑‍🧒‍🧒 Apresentação da Vaga,6,mariajulia.souza@ppgj.com.br,-,2025-08-27 13:13:28,27/08/2025 13:13,-,-,-,-,-,-,-
1911271,🧑‍🧑‍🧒‍🧒 Apresentação da Vaga,6,mariajulia.souza@ppgj.com.br,-,2025-08-28 09:03:42,28/08/2025 09:03,-,-,-,-,-,-,-
1911214,😔 Desistiu (1 hora sem interação),1,-,-,2025-08-27 18:15:26,27/08/2025 18:15,-,-,-,-,-,-,-
1911209,😔 Desistiu (1 hora sem interação),1,talita.prates@ppgj.com.br,-,2025-09-05 15:15:51,05/09/2025 15:15,-,-,-,-,-,-,-
1911185,😔 Desistiu (1 hora sem interação),1,-,-,2025-08-27 18:00:26,27/08/2025 18:00,-,-,-,-,-,-,-
1911180,😔 Desistiu (1 hora sem interação),1,-,-,2025-08-27 17:55:26,27/08/2025 17:55,-,-,-,-,-,-,-
1911159,🤔 Em Análise Parte2,8,julia.bevilacqua@ppgj.com.br,-,2025-08-29 10:38:08,29/08/2025 10:38,-,-,-,-,-,-,-
1911157,😭 Não Apto,4,mariajulia.souza@ppgj.com.br,-,2025-08-27 08:38:25,27/08/2025 08:38,-,-,-,-,-,-,-
1911085,😭 Não Apto,4,talita.prates@ppgj.com.br,-,2025-09-05 14:44:40,05/09/2025 14:44,-,-,-,-,-,-,-
1911049,😔 Desistiu (1 hora sem interação),1,julia.bevilacqua@ppgj.com.br,-,2025-08-26 16:45:18,26/08/2025 16:45,-,-,-,-,-,-,-
1910864,😔 Desistiu (1 hora sem interação),1,-,-,2025-08-27 15:06:24,27/08/2025 15:06,-,-,-,-,-,-,-
1910836,😔 Desistiu (1 hora sem interação),1,-,-,2025-08-27 14:53:25,27/08/2025 14:53,-,-,-,-,-,-,-
1910808,😭 Não Apto,4,julia.bevilacqua@ppgj.com.br,-,2025-08-26 16:24:03,26/08/2025 16:24,-,-,-,-,-,-,-
1910800,👍 Confirmação de Agendamento,C,julia.bevilacqua@ppgj.com.br,-,2025-09-12 08:55:23,12/09/2025 08:55,-,-,-,-,-,-,-
1910781,👍 Confirmação de Agendamento,C,julia.bevilacqua@ppgj.com.br,-,2025-08-26 16:29:57,26/08/2025 16:29,-,-,-,-,-,-,-
1910773,✅ Aprovado,9,talita.prates@ppgj.com.br,-,2025-09-05 16:32:07,05/09/2025 16:32,-,-,-,-,-,-,-
1910752,😔 Desistiu (1 hora sem interação),1,-,-,2025-08-27 14:16:24,27/08/2025 14:16,-,-,-,-,-,-,-
1910696,😔 Desistiu (1 hora sem interação),1,mariajulia.souza@ppgj.com.br,-,2025-08-27 11:28:40,27/08/2025 11:28,-,-,-,-,-,-,-
1910692,😔 Desistiu (1 hora sem interação),1,-,-,2025-08-27 13:44:24,27/08/2025 13:44,-,-,-,-,-,-,-
1910600,😔 Desistiu (1 hora sem interação),1,-,-,2025-08-27 12:55:23,27/08/2025 12:55,-,-,-,-,-,-,-
1910579,📵 Black List (Impedir número de fazer novos processos),B,julia.bevilacqua@ppgj.com.br,-,2025-08-27 16:50:44,27/08/2025 16:50,-,-,-,-,-,-,-
1910560,😭 Não Apto,4,mariajulia.souza@ppgj.com.br,-,2025-08-26 13:09:03,26/08/2025 13:09,-,-,-,-,-,-,-
1910556,❌ Reprovado,A,julia.bevilacqua@ppgj.com.br,-,2025-09-03 11:15:40,03/09/2025 11:15,-,-,-,-,-,-,-
1910553,😭 Não Apto,4,-,-,2025-08-26 19:08:12,26/08/2025 19:08,-,-,-,-,-,-,-
1910546,😭 Não Apto,4,mariajulia.souza@ppgj.com.br,-,2025-08-27 13:57:07,27/08/2025 13:57,-,-,-,-,-,-,-
1910544,😭 Não Apto,4,mariajulia.souza@ppgj.com.br,-,2025-08-26 13:01:52,26/08/2025 13:01,-,-,-,-,-,-,-
1910515,🧑‍🧑‍🧒‍🧒 Apresentação da Vaga,6,mariajulia.souza@ppgj.com.br,-,2025-08-26 13:51:38,26/08/2025 13:51,-,-,-,-,-,-,-
1910502,📵 Black List (Impedir número de fazer novos processos),B,julia.bevilacqua@ppgj.com.br,-,2025-09-03 11:14:18,03/09/2025 11:14,-,-,-,-,-,-,-
1910496,😔 Desistiu (1 hora sem interação),1,mariajulia.souza@ppgj.com.br,-,2025-08-27 10:15:05,27/08/2025 10:15,-,-,-,-,-,-,-
1910486,🤔 Em Análise Parte2,8,julia.bevilacqua@ppgj.com.br,-,2025-08-27 09:54:53,27/08/2025 09:54,-,-,-,-,-,-,-
1910483,😔 Desistiu (1 hora sem interação),1,talita.prates@ppgj.com.br,-,2025-08-28 09:04:29,28/08/2025 09:04,-,-,-,-,-,-,-
1910458,🤔 Em Análise Parte2,8,julia.bevilacqua@ppgj.com.br,-,2025-08-27 10:42:26,27/08/2025 10:42,-,-,-,-,-,-,-
1910454,🤔 Em Análise Parte2,8,talita.prates@ppgj.com.br,-,2025-08-26 14:59:37,26/08/2025 14:59,-,-,-,-,-,-,-
1910423,😔 Desistiu (1 hora sem interação),1,julia.bevilacqua@ppgj.com.br,-,2025-08-28 09:16:42,28/08/2025 09:16,-,-,-,-,-,-,-
1910411,😭 Não Apto,4,mariajulia.souza@ppgj.com.br,-,2025-08-26 11:35:58,26/08/2025 11:35,-,-,-,-,-,-,-
1910373,😔 Desistiu (1 hora sem interação),1,-,-,2025-08-27 11:12:23,27/08/2025 11:12,-,-,-,-,-,-,-
1910348,👍 Confirmação de Agendamento,C,talita.prates@ppgj.com.br,-,2025-09-05 08:45:24,05/09/2025 08:45,-,-,-,-,-,-,-
1910336,😭 Não Apto,4,mariajulia.souza@ppgj.com.br,-,2025-08-26 11:17:58,26/08/2025 11:17,-,-,-,-,-,-,-
1910335,😔 Desistiu (1 hora sem interação),1,-,-,2025-08-27 10:53:23,27/08/2025 10:53,-,-,-,-,-,-,-
1910315,😔 Desistiu (1 hora sem interação),1,julia.bevilacqua@ppgj.com.br,-,2025-08-26 13:38:03,26/08/2025 13:38,-,-,-,-,-,-,-
1910237,🤔 Em Análise Parte2,8,julia.bevilacqua@ppgj.com.br,-,2025-08-27 10:07:06,27/08/2025 10:07,-,-,-,-,-,-,-
1909643,✅ Aprovado,9,talita.prates@ppgj.com.br,-,2025-09-05 14:57:50,05/09/2025 14:57,-,-,-,-,-,-,-
1909357,🤔 Em Análise Parte2,8,talita.prates@ppgj.com.br,-,2025-08-26 14:41:17,26/08/2025 14:41,-,-,-,-,-,-,-
1909348,😔 Desistiu (1 hora sem interação),1,-,-,2025-08-27 09:25:22,27/08/2025 09:25,-,-,-,-,-,-,-
1909343,🤔 Em Análise Parte2,8,julia.bevilacqua@ppgj.com.br,-,2025-08-26 14:30:13,26/08/2025 14:30,-,-,-,-,-,-,-
1909078,🤔 Em Análise Parte2,8,julia.bevilacqua@ppgj.com.br,-,2025-08-26 15:00:51,26/08/2025 15:00,-,-,-,-,-,-,-
1909069,🤔 Em Análise Parte2,8,julia.bevilacqua@ppgj.com.br,-,2025-08-27 10:18:20,27/08/2025 10:18,-,-,-,-,-,-,-
1909061,✅ Aprovado,9,talita.prates@ppgj.com.br,-,2025-09-05 14:03:51,05/09/2025 14:03,-,-,-,-,-,-,-
1909047,❌ Reprovado,A,julia.bevilacqua@ppgj.com.br,-,2025-09-03 11:19:21,03/09/2025 11:19,-,-,-,-,-,-,-
1909031,😔 Desistiu (1 hora sem interação),1,-,-,2025-08-27 07:58:21,27/08/2025 07:58,-,-,-,-,-,-,-
1909026,😔 Desistiu (1 hora sem interação),1,-,-,2025-08-27 07:37:21,27/08/2025 07:37,-,-,-,-,-,-,-
1909024,😔 Desistiu (1 hora sem interação),1,-,-,2025-08-27 07:32:58,27/08/2025 07:32,-,-,-,-,-,-,-
1909022,📵 Black List (Impedir número de fazer novos processos),B,julia.bevilacqua@ppgj.com.br,-,2025-09-08 10:13:15,08/09/2025 10:13,-,-,-,-,-,-,-
1908992,😔 Desistiu (1 hora sem interação),1,-,-,2025-08-26 22:49:49,26/08/2025 22:49,-,-,-,-,-,-,-
1908918,🤔 Em Análise Parte2,8,julia.bevilacqua@ppgj.com.br,-,2025-08-27 10:29:41,27/08/2025 10:29,22/09/2025 15:12,-,26.2 dias,-,-,-,-
1908918,✅ Aprovado,9,talita.prates@ppgj.com.br,-,2025-09-22 15:12:55,22/09/2025 15:12,-,-,-,-,-,-,-
1908901,😔 Desistiu (1 hora sem interação),1,-,-,2025-08-26 19:25:48,26/08/2025 19:25,-,-,-,-,-,-,-
1908872,❌ Reprovado,A,julia.bevilacqua@ppgj.com.br,-,2025-09-04 10:28:07,04/09/2025 10:28,-,-,-,-,-,-,-
1908869,😔 Desistiu (1 hora sem interação),1,-,-,2025-08-26 18:58:48,26/08/2025 18:58,-,-,-,-,-,-,-
1908786,✅ Aprovado,9,talita.prates@ppgj.com.br,-,2025-09-05 15:24:20,05/09/2025 15:24,-,-,-,-,-,-,-
1908576,😔 Desistiu (1 hora sem interação),1,julia.bevilacqua@ppgj.com.br,-,2025-08-27 09:08:27,27/08/2025 09:08,-,-,-,-,-,-,-
1908536,😭 Não Apto,4,julia.bevilacqua@ppgj.com.br,-,2025-08-25 16:51:47,25/08/2025 16:51,-,-,-,-,-,-,-
1908501,😔 Desistiu (1 hora sem interação),1,-,-,2025-08-26 16:21:47,26/08/2025 16:21,-,-,-,-,-,-,-
1908445,✅ Aprovado,9,julia.bevilacqua@ppgj.com.br,-,2025-09-12 17:33:20,12/09/2025 17:33,-,-,-,-,-,-,-
1908408,😔 Desistiu (1 hora sem interação),1,-,-,2025-08-26 15:45:48,26/08/2025 15:45,-,-,-,-,-,-,-
1908402,😭 Não Apto,4,talita.prates@ppgj.com.br,-,2025-08-27 17:03:22,27/08/2025 17:03,-,-,-,-,-,-,-
1908379,😔 Desistiu (1 hora sem interação),1,julia.bevilacqua@ppgj.com.br,-,2025-08-27 10:05:47,27/08/2025 10:05,-,-,-,-,-,-,-
1908247,🤔 Em Análise Parte2,8,julia.bevilacqua@ppgj.com.br,-,2025-08-26 14:15:36,26/08/2025 14:15,-,-,-,-,-,-,-
1908238,😔 Desistiu (1 hora sem interação),1,talita.prates@ppgj.com.br,-,2025-09-05 16:43:13,05/09/2025 16:43,-,-,-,-,-,-,-
1908215,😔 Desistiu (1 hora sem interação),1,-,-,2025-08-26 15:04:47,26/08/2025 15:04,-,-,-,-,-,-,-
1908204,✅ Aprovado,9,talita.prates@ppgj.com.br,-,2025-09-05 14:03:24,05/09/2025 14:03,-,-,-,-,-,-,-
1908029,😭 Não Apto,4,talita.prates@ppgj.com.br,-,2025-09-05 14:13:11,05/09/2025 14:13,-,-,-,-,-,-,-
1908028,🤔 Em Análise Parte2,8,talita.prates@ppgj.com.br,-,2025-08-26 14:21:10,26/08/2025 14:21,-,-,-,-,-,-,-
1908013,😭 Não Apto,4,mariajulia.souza@ppgj.com.br,-,2025-08-25 14:14:12,25/08/2025 14:14,-,-,-,-,-,-,-
1907950,😔 Desistiu (1 hora sem interação),1,mariajulia.souza@ppgj.com.br,-,2025-08-25 13:52:04,25/08/2025 13:52,-,-,-,-,-,-,-
1907917,😔 Desistiu (1 hora sem interação),1,-,-,2025-08-26 13:13:46,26/08/2025 13:13,-,-,-,-,-,-,-
1907888,✅ Aprovado,9,talita.prates@ppgj.com.br,-,2025-09-05 16:28:37,05/09/2025 16:28,-,-,-,-,-,-,-
1907886,😔 Desistiu (1 hora sem interação),1,-,-,2025-08-26 12:56:46,26/08/2025 12:56,-,-,-,-,-,-,-
1907847,😔 Desistiu (1 hora sem interação),1,julia.bevilacqua@ppgj.com.br,-,2025-08-26 10:08:57,26/08/2025 10:08,-,-,-,-,-,-,-
1907833,😔 Desistiu (1 hora sem interação),1,talita.prates@ppgj.com.br,-,2025-09-04 10:45:40,04/09/2025 10:45,-,-,-,-,-,-,-
1907793,😭 Não Apto,4,mariajulia.souza@ppgj.com.br,-,2025-08-25 12:15:27,25/08/2025 12:15,-,-,-,-,-,-,-
1907783,✅ Aprovado,9,talita.prates@ppgj.com.br,-,2025-09-05 13:55:43,05/09/2025 13:55,-,-,-,-,-,-,-
1907782,😔 Desistiu (1 hora sem interação),1,-,-,2025-08-26 11:50:45,26/08/2025 11:50,-,-,-,-,-,-,-
1907739,🤔 Em Análise Parte2,8,julia.bevilacqua@ppgj.com.br,-,2025-08-25 14:05:16,25/08/2025 14:05,-,-,-,-,-,-,-
1907728,😔 Desistiu (1 hora sem interação),1,-,-,2025-08-26 11:21:45,26/08/2025 11:21,-,-,-,-,-,-,-
1907713,😔 Desistiu (1 hora sem interação),1,-,-,2025-08-26 11:15:45,26/08/2025 11:15,-,-,-,-,-,-,-
1907709,😔 Desistiu (1 hora sem interação),1,-,-,2025-08-26 11:12:45,26/08/2025 11:12,-,-,-,-,-,-,-
1907694,😔 Desistiu (1 hora sem interação),1,talita.prates@ppgj.com.br,-,2025-08-27 16:46:30,27/08/2025 16:46,-,-,-,-,-,-,-
1907686,😔 Desistiu (1 hora sem interação),1,-,-,2025-08-26 11:04:45,26/08/2025 11:04,-,-,-,-,-,-,-
1907668,😔 Desistiu (1 hora sem interação),1,-,-,2025-08-26 10:56:45,26/08/2025 10:56,-,-,-,-,-,-,-
1907652,🤔 Em Análise Parte2,8,julia.bevilacqua@ppgj.com.br,-,2025-08-25 14:14:41,25/08/2025 14:14,-,-,-,-,-,-,-
1907648,✅ Aprovado,9,talita.prates@ppgj.com.br,-,2025-09-05 15:46:26,05/09/2025 15:46,-,-,-,-,-,-,-
1907644,😔 Desistiu (1 hora sem interação),1,-,-,2025-08-26 10:44:45,26/08/2025 10:44,-,-,-,-,-,-,-
1907635,👍 Confirmação de Agendamento,C,talita.prates@ppgj.com.br,-,2025-09-11 16:06:13,11/09/2025 16:06,-,-,-,-,-,-,-
1907611,😭 Não Apto,4,julia.bevilacqua@ppgj.com.br,-,2025-08-25 10:48:52,25/08/2025 10:48,-,-,-,-,-,-,-
1907610,😔 Desistiu (1 hora sem interação),1,talita.prates@ppgj.com.br,-,2025-09-08 13:26:49,08/09/2025 13:26,-,-,-,-,-,-,-
1907416,😔 Desistiu (1 hora sem interação),1,talita.prates@ppgj.com.br,-,2025-08-27 16:43:59,27/08/2025 16:43,-,-,-,-,-,-,-
1907402,😔 Desistiu (1 hora sem interação),1,talita.prates@ppgj.com.br,-,2025-08-27 16:44:46,27/08/2025 16:44,-,-,-,-,-,-,-
1907393,😔 Desistiu (1 hora sem interação),1,-,-,2025-08-26 10:13:45,26/08/2025 10:13,-,-,-,-,-,-,-
1907374,✅ Aprovado,9,talita.prates@ppgj.com.br,-,2025-09-05 14:32:00,05/09/2025 14:32,-,-,-,-,-,-,-
1907355,😔 Desistiu (1 hora sem interação),1,talita.prates@ppgj.com.br,-,2025-08-27 16:42:02,27/08/2025 16:42,-,-,-,-,-,-,-
1907342,😔 Desistiu (1 hora sem interação),1,julia.bevilacqua@ppgj.com.br,-,2025-08-26 14:49:19,26/08/2025 14:49,-,-,-,-,-,-,-
1907318,😔 Desistiu (1 hora sem interação),1,-,-,2025-08-26 09:43:44,26/08/2025 09:43,-,-,-,-,-,-,-
1907307,😔 Desistiu (1 hora sem interação),1,-,-,2025-08-26 09:35:44,26/08/2025 09:35,-,-,-,-,-,-,-
1907303,😔 Desistiu (1 hora sem interação),1,-,-,2025-08-26 09:33:45,26/08/2025 09:33,-,-,-,-,-,-,-
1907287,😔 Desistiu (1 hora sem interação),1,-,-,2025-08-26 09:25:27,26/08/2025 09:25,-,-,-,-,-,-,-
1907284,😔 Desistiu (1 hora sem interação),1,mariajulia.souza@ppgj.com.br,-,2025-08-26 11:58:51,26/08/2025 11:58,-,-,-,-,-,-,-
1907282,😭 Não Apto,4,-,-,2025-08-25 09:25:26,25/08/2025 09:25,-,-,-,-,-,-,-
1907207,😔 Desistiu (1 hora sem interação),1,-,-,2025-08-26 01:31:58,26/08/2025 01:31,-,-,-,-,-,-,-
1907186,😭 Não Apto,4,julia.bevilacqua@ppgj.com.br,-,2025-08-25 17:32:26,25/08/2025 17:32,-,-,-,-,-,-,-
1907184,😔 Desistiu (1 hora sem interação),1,-,-,2025-08-25 22:23:41,25/08/2025 22:23,-,-,-,-,-,-,-
1906977,😔 Desistiu (1 hora sem interação),1,-,-,2025-08-25 11:47:52,25/08/2025 11:47,-,-,-,-,-,-,-
1906944,😔 Desistiu (1 hora sem interação),1,talita.prates@ppgj.com.br,-,2025-08-27 16:45:21,27/08/2025 16:45,-,-,-,-,-,-,-
1906934,😔 Desistiu (1 hora sem interação),1,-,-,2025-08-25 01:22:48,25/08/2025 01:22,-,-,-,-,-,-,-
1906921,✅ Aprovado,9,talita.prates@ppgj.com.br,-,2025-09-05 15:04:36,05/09/2025 15:04,-,-,-,-,-,-,-
1906917,😔 Desistiu (1 hora sem interação),1,-,-,2025-08-24 22:06:47,24/08/2025 22:06,-,-,-,-,-,-,-
1906899,😔 Desistiu (1 hora sem interação),1,-,-,2025-08-24 20:01:46,24/08/2025 20:01,-,-,-,-,-,-,-
1906874,😔 Desistiu (1 hora sem interação),1,-,-,2025-08-24 17:25:45,24/08/2025 17:25,-,-,-,-,-,-,-
1906540,❌ Reprovado,A,julia.bevilacqua@ppgj.com.br,-,2025-08-28 08:54:22,28/08/2025 08:54,-,-,-,-,-,-,-
1906420,😔 Desistiu (1 hora sem interação),1,mariajulia.souza@ppgj.com.br,-,2025-08-26 11:23:35,26/08/2025 11:23,-,-,-,-,-,-,-
1906331,🤔 Em Análise Parte2,8,julia.bevilacqua@ppgj.com.br,-,2025-08-25 14:23:17,25/08/2025 14:23,-,-,-,-,-,-,-
1906263,❌ Reprovado,A,julia.bevilacqua@ppgj.com.br,-,2025-08-27 16:47:35,27/08/2025 16:47,-,-,-,-,-,-,-
1906258,🤔 Em Análise Parte2,8,talita.prates@ppgj.com.br,-,2025-08-26 10:26:18,26/08/2025 10:26,-,-,-,-,-,-,-
1906240,😔 Desistiu (1 hora sem interação),1,talita.prates@ppgj.com.br,-,2025-08-27 16:42:45,27/08/2025 16:42,-,-,-,-,-,-,-
1906232,😔 Desistiu (1 hora sem interação),1,-,-,2025-08-23 16:26:34,23/08/2025 16:26,-,-,-,-,-,-,-
1906187,😔 Desistiu (1 hora sem interação),1,mariajulia.souza@ppgj.com.br,-,2025-09-17 11:05:07,17/09/2025 11:05,-,-,-,-,-,-,-
1906174,😭 Não Apto,4,mariajulia.souza@ppgj.com.br,-,2025-08-25 08:49:07,25/08/2025 08:49,-,-,-,-,-,-,-
1906167,🧑‍🧑‍🧒‍🧒 Apresentação da Vaga,6,mariajulia.souza@ppgj.com.br,-,2025-08-28 09:05:30,28/08/2025 09:05,-,-,-,-,-,-,-
1906091,📵 Black List (Impedir número de fazer novos processos),B,julia.bevilacqua@ppgj.com.br,-,2025-09-17 11:42:57,17/09/2025 11:42,-,-,-,-,-,-,-
1906080,😭 Não Apto,4,julia.bevilacqua@ppgj.com.br,-,2025-08-22 16:04:31,22/08/2025 16:04,-,-,-,-,-,-,-
1906041,😔 Desistiu (1 hora sem interação),1,-,-,2025-08-23 14:33:34,23/08/2025 14:33,-,-,-,-,-,-,-
1906004,😔 Desistiu (1 hora sem interação),1,julia.bevilacqua@ppgj.com.br,-,2025-08-25 08:11:24,25/08/2025 08:11,-,-,-,-,-,-,-
1905976,❌ Reprovado,A,julia.bevilacqua@ppgj.com.br,-,2025-08-27 16:49:57,27/08/2025 16:49,-,-,-,-,-,-,-
1905959,❌ Reprovado,A,julia.bevilacqua@ppgj.com.br,-,2025-08-28 08:55:11,28/08/2025 08:55,-,-,-,-,-,-,-
1905952,😔 Desistiu (1 hora sem interação),1,-,-,2025-08-23 13:40:33,23/08/2025 13:40,-,-,-,-,-,-,-
1905937,😭 Não Apto,4,mariajulia.souza@ppgj.com.br,-,2025-08-22 13:37:46,22/08/2025 13:37,-,-,-,-,-,-,-
1905785,✅ Aprovado,9,julia.bevilacqua@ppgj.com.br,-,2025-08-25 11:44:49,25/08/2025 11:44,-,-,-,-,-,-,-
1905740,😔 Desistiu (1 hora sem interação),1,-,-,2025-08-23 11:34:32,23/08/2025 11:34,-,-,-,-,-,-,-
1905733,😔 Desistiu (1 hora sem interação),1,talita.prates@ppgj.com.br,-,2025-09-05 14:30:58,05/09/2025 14:30,-,-,-,-,-,-,-
1905644,✅ Aprovado,9,julia.bevilacqua@ppgj.com.br,-,2025-08-25 11:06:28,25/08/2025 11:06,-,-,-,-,-,-,-
1905642,😔 Desistiu (1 hora sem interação),1,-,-,2025-08-23 10:36:32,23/08/2025 10:36,-,-,-,-,-,-,-
1905556,🧑‍🧑‍🧒‍🧒 Apresentação da Vaga,6,mariajulia.souza@ppgj.com.br,-,2025-08-22 13:55:30,22/08/2025 13:55,-,-,-,-,-,-,-
1905537,✅ Aprovado,9,julia.bevilacqua@ppgj.com.br,-,2025-08-25 11:45:53,25/08/2025 11:45,-,-,-,-,-,-,-
1905479,😔 Desistiu (1 hora sem interação),1,talita.prates@ppgj.com.br,-,2025-09-05 14:25:41,05/09/2025 14:25,-,-,-,-,-,-,-
1905412,😔 Desistiu (1 hora sem interação),1,-,-,2025-08-23 09:00:31,23/08/2025 09:00,-,-,-,-,-,-,-
1905408,😔 Desistiu (1 hora sem interação),1,-,-,2025-08-23 08:56:31,23/08/2025 08:56,-,-,-,-,-,-,-
1905356,✅ Aprovado,9,julia.bevilacqua@ppgj.com.br,-,2025-08-25 11:08:11,25/08/2025 11:08,-,-,-,-,-,-,-
1905350,😔 Desistiu (1 hora sem interação),1,-,-,2025-08-22 23:58:29,22/08/2025 23:58,-,-,-,-,-,-,-
1905325,🧑‍🧑‍🧒‍🧒 Apresentação da Vaga,6,mariajulia.souza@ppgj.com.br,-,2025-08-22 09:13:05,22/08/2025 09:13,-,-,-,-,-,-,-
1905316,😔 Desistiu (1 hora sem interação),1,-,-,2025-08-22 21:33:28,22/08/2025 21:33,-,-,-,-,-,-,-
1905315,😔 Desistiu (1 hora sem interação),1,-,-,2025-08-23 10:35:32,23/08/2025 10:35,-,-,-,-,-,-,-
1905314,✅ Aprovado,9,julia.bevilacqua@ppgj.com.br,-,2025-08-25 11:48:43,25/08/2025 11:48,-,-,-,-,-,-,-
1905312,✅ Aprovado,9,julia.bevilacqua@ppgj.com.br,-,2025-08-25 11:07:19,25/08/2025 11:07,-,-,-,-,-,-,-
1905275,😔 Desistiu (1 hora sem interação),1,-,-,2025-08-22 19:31:04,22/08/2025 19:31,-,-,-,-,-,-,-
1905259,✅ Aprovado,9,julia.bevilacqua@ppgj.com.br,-,2025-08-25 11:47:34,25/08/2025 11:47,-,-,-,-,-,-,-
1905257,❌ Reprovado,A,julia.bevilacqua@ppgj.com.br,-,2025-08-28 08:53:14,28/08/2025 08:53,-,-,-,-,-,-,-
1905236,🧑‍🧑‍🧒‍🧒 Apresentação da Vaga,6,mariajulia.souza@ppgj.com.br,-,2025-08-22 09:46:35,22/08/2025 09:46,-,-,-,-,-,-,-
1905222,😔 Desistiu (1 hora sem interação),1,talita.prates@ppgj.com.br,-,2025-09-05 16:38:09,05/09/2025 16:38,-,-,-,-,-,-,-
1905217,😔 Desistiu (1 hora sem interação),1,talita.prates@ppgj.com.br,-,2025-08-26 10:28:40,26/08/2025 10:28,-,-,-,-,-,-,-
1904988,✅ Aprovado,9,julia.bevilacqua@ppgj.com.br,-,2025-08-25 11:35:02,25/08/2025 11:35,-,-,-,-,-,-,-
1904536,😔 Desistiu (1 hora sem interação),1,-,-,2025-08-31 15:50:40,31/08/2025 15:50,-,-,-,-,-,-,-
1904334,😔 Desistiu (1 hora sem interação),1,talita.prates@ppgj.com.br,-,2025-09-09 10:47:48,09/09/2025 10:47,-,-,-,-,-,-,-
1904328,🧑‍🧑‍🧒‍🧒 Apresentação da Vaga,6,julia.bevilacqua@ppgj.com.br,-,2025-08-21 15:25:17,21/08/2025 15:25,-,-,-,-,-,-,-
1904104,😔 Desistiu (1 hora sem interação),1,-,-,2025-08-22 14:44:20,22/08/2025 14:44,-,-,-,-,-,-,-
1904060,📵 Black List (Impedir número de fazer novos processos),B,talita.prates,-,2025-08-21 17:57:22,21/08/2025 17:57,-,-,-,-,-,-,-
1904024,😔 Desistiu (1 hora sem interação),1,talita.prates@ppgj.com.br,-,2025-09-05 16:47:37,05/09/2025 16:47,-,-,-,-,-,-,-
1904008,🧑‍🧑‍🧒‍🧒 Apresentação da Vaga,6,julia.bevilacqua@ppgj.com.br,-,2025-08-21 14:41:59,21/08/2025 14:41,-,-,-,-,-,-,-
1903921,😔 Desistiu (1 hora sem interação),1,mariajulia.souza@ppgj.com.br,-,2025-08-26 14:29:02,26/08/2025 14:29,-,-,-,-,-,-,-
1903899,😔 Desistiu (1 hora sem interação),1,-,-,2025-08-22 13:10:19,22/08/2025 13:10,-,-,-,-,-,-,-
1903890,✅ Aprovado,9,julia.bevilacqua@ppgj.com.br,-,2025-08-21 14:36:55,21/08/2025 14:36,-,-,-,-,-,-,-
1903867,✅ Aprovado,9,julia.bevilacqua@ppgj.com.br,-,2025-08-25 11:33:15,25/08/2025 11:33,-,-,-,-,-,-,-
1903850,✅ Aprovado,9,talita.prates@ppgj.com.br,-,2025-09-05 14:26:08,05/09/2025 14:26,-,-,-,-,-,-,-
1903844,😭 Não Apto,4,julia.bevilacqua@ppgj.com.br,-,2025-08-21 15:06:08,21/08/2025 15:06,-,-,-,-,-,-,-
1903839,😔 Desistiu (1 hora sem interação),1,-,-,2025-08-22 12:43:19,22/08/2025 12:43,-,-,-,-,-,-,-
1903833,🧑‍🧑‍🧒‍🧒 Apresentação da Vaga,6,mariajulia.souza@ppgj.com.br,-,2025-08-21 13:00:22,21/08/2025 13:00,-,-,-,-,-,-,-
1903811,😔 Desistiu (1 hora sem interação),1,-,-,2025-08-22 12:23:19,22/08/2025 12:23,-,-,-,-,-,-,-
1903795,😔 Desistiu (1 hora sem interação),1,julia.bevilacqua@ppgj.com.br,-,2025-08-22 09:22:12,22/08/2025 09:22,-,-,-,-,-,-,-
1903779,😔 Desistiu (1 hora sem interação),1,-,-,2025-08-22 12:05:19,22/08/2025 12:05,-,-,-,-,-,-,-
1903726,❌ Reprovado,A,julia.bevilacqua@ppgj.com.br,-,2025-08-28 08:52:32,28/08/2025 08:52,-,-,-,-,-,-,-
1903524,✅ Aprovado,9,julia.bevilacqua@ppgj.com.br,-,2025-08-22 11:17:01,22/08/2025 11:17,-,-,-,-,-,-,-
1903494,✅ Aprovado,9,julia.bevilacqua@ppgj.com.br,-,2025-08-22 11:17:41,22/08/2025 11:17,-,-,-,-,-,-,-
1903406,🤔 Em Análise Parte1,5,julia.bevilacqua@ppgj.com.br,-,2025-08-21 09:48:08,21/08/2025 09:48,-,-,-,-,-,-,-
1903372,😔 Desistiu (1 hora sem interação),1,talita.prates@ppgj.com.br,-,2025-08-25 15:52:18,25/08/2025 15:52,-,-,-,-,-,-,-
1903363,🧑‍🧑‍🧒‍🧒 Apresentação da Vaga,6,julia.bevilacqua@ppgj.com.br,-,2025-08-21 09:50:27,21/08/2025 09:50,-,-,-,-,-,-,-
1903318,😔 Desistiu (1 hora sem interação),1,mariajulia.souza@ppgj.com.br,-,2025-08-26 14:18:33,26/08/2025 14:18,-,-,-,-,-,-,-
1902475,❌ Reprovado,A,julia.bevilacqua@ppgj.com.br,-,2025-08-27 16:48:52,27/08/2025 16:48,-,-,-,-,-,-,-
1902374,😔 Desistiu (1 hora sem interação),1,julia.bevilacqua@ppgj.com.br,-,2025-08-22 10:08:21,22/08/2025 10:08,-,-,-,-,-,-,-
1902158,❌ Reprovado,A,julia.bevilacqua@ppgj.com.br,-,2025-08-28 08:51:36,28/08/2025 08:51,-,-,-,-,-,-,-
1902131,😔 Desistiu (1 hora sem interação),1,-,-,2025-08-21 21:57:02,21/08/2025 21:57,-,-,-,-,-,-,-
1902100,🤔 Em Análise Parte2,8,talita.prates@ppgj.com.br,-,2025-08-25 09:40:56,25/08/2025 09:40,-,-,-,-,-,-,-
1902095,😭 Não Apto,4,-,-,2025-08-20 20:01:06,20/08/2025 20:01,-,-,-,-,-,-,-
1902091,😔 Desistiu (1 hora sem interação),1,-,-,2025-08-21 19:43:22,21/08/2025 19:43,-,-,-,-,-,-,-
1902045,😔 Desistiu (1 hora sem interação),1,-,-,2025-08-21 18:57:22,21/08/2025 18:57,-,-,-,-,-,-,-
1902035,😔 Desistiu (1 hora sem interação),1,-,-,2025-08-21 18:48:21,21/08/2025 18:48,-,-,-,-,-,-,-
1902029,😭 Não Apto,4,-,-,2025-08-20 18:46:45,20/08/2025 18:46,-,-,-,-,-,-,-
1902026,🧑‍🧑‍🧒‍🧒 Apresentação da Vaga,6,mariajulia.souza@ppgj.com.br,-,2025-08-21 09:32:32,21/08/2025 09:32,-,-,-,-,-,-,-
1902011,😭 Não Apto,4,julia.bevilacqua@ppgj.com.br,-,2025-08-21 08:51:02,21/08/2025 08:51,-,-,-,-,-,-,-
1902005,😔 Desistiu (1 hora sem interação),1,-,-,2025-08-21 18:06:21,21/08/2025 18:06,-,-,-,-,-,-,-
1901978,😔 Desistiu (1 hora sem interação),1,-,-,2025-08-21 17:47:21,21/08/2025 17:47,-,-,-,-,-,-,-
1901966,😔 Desistiu (1 hora sem interação),1,-,-,2025-08-21 17:39:21,21/08/2025 17:39,-,-,-,-,-,-,-
1901961,😔 Desistiu (1 hora sem interação),1,-,-,2025-08-21 17:35:21,21/08/2025 17:35,-,-,-,-,-,-,-
1901889,😔 Desistiu (1 hora sem interação),1,-,-,2025-08-21 17:01:21,21/08/2025 17:01,-,-,-,-,-,-,-
1901877,✅ Aprovado,9,julia.bevilacqua@ppgj.com.br,-,2025-08-25 11:26:47,25/08/2025 11:26,-,-,-,-,-,-,-
1901871,😔 Desistiu (1 hora sem interação),1,-,-,2025-08-21 16:54:21,21/08/2025 16:54,-,-,-,-,-,-,-
1901667,😭 Não Apto,4,mariajulia.souza@ppgj.com.br,-,2025-08-21 08:52:55,21/08/2025 08:52,-,-,-,-,-,-,-
1901489,😔 Desistiu (1 hora sem interação),1,-,-,2025-08-21 16:20:21,21/08/2025 16:20,-,-,-,-,-,-,-
1901420,😔 Desistiu (1 hora sem interação),1,-,-,2025-08-21 16:17:20,21/08/2025 16:17,-,-,-,-,-,-,-
1901199,😔 Desistiu (1 hora sem interação),1,talita.prates@ppgj.com.br,-,2025-08-25 16:55:19,25/08/2025 16:55,-,-,-,-,-,-,-
1900859,😭 Não Apto,4,-,-,2025-08-20 15:52:04,20/08/2025 15:52,-,-,-,-,-,-,-
1899934,✅ Aprovado,9,julia.bevilacqua@ppgj.com.br,-,2025-08-25 11:09:14,25/08/2025 11:09,-,-,-,-,-,-,-
1899734,😭 Não Apto,4,talita.prates@ppgj.com.br,-,2025-09-05 16:06:56,05/09/2025 16:06,-,-,-,-,-,-,-
1899506,😔 Desistiu (1 hora sem interação),1,julia.bevilacqua@ppgj.com.br,-,2025-08-22 14:39:49,22/08/2025 14:39,-,-,-,-,-,-,-
1899287,👍 Confirmação de Agendamento,C,talita.prates@ppgj.com.br,-,2025-09-11 15:55:52,11/09/2025 15:55,-,-,-,-,-,-,-
1899197,😔 Desistiu (1 hora sem interação),1,julia.bevilacqua@ppgj.com.br,-,2025-08-25 10:51:44,25/08/2025 10:51,-,-,-,-,-,-,-
1899184,🤔 Em Análise Parte2,8,mariajulia.souza@ppgj.com.br,-,2025-08-21 08:45:22,21/08/2025 08:45,-,-,-,-,-,-,-
1899178,😔 Desistiu (1 hora sem interação),1,-,-,2025-08-21 13:55:19,21/08/2025 13:55,-,-,-,-,-,-,-
1899175,🤔 Em Análise Parte2,8,julia.bevilacqua@ppgj.com.br,-,2025-08-22 09:48:31,22/08/2025 09:48,-,-,-,-,-,-,-
1899104,✅ Aprovado,9,julia.bevilacqua@ppgj.com.br,-,2025-08-25 11:35:44,25/08/2025 11:35,-,-,-,-,-,-,-
1899065,✅ Aprovado,9,julia.bevilacqua@ppgj.com.br,-,2025-08-22 11:26:19,22/08/2025 11:26,-,-,-,-,-,-,-
1898713,😔 Desistiu (1 hora sem interação),1,mariajulia.souza@ppgj.com.br,-,2025-08-27 11:42:07,27/08/2025 11:42,-,-,-,-,-,-,-
1898643,👍 Confirmação de Agendamento,C,mariajulia.souza@ppgj.com.br,-,2025-08-20 12:58:02,20/08/2025 12:58,-,-,-,-,-,-,-
1898615,✅ Aprovado,9,julia.bevilacqua@ppgj.com.br,-,2025-08-22 11:48:25,22/08/2025 11:48,-,-,-,-,-,-,-
1898539,😔 Desistiu (1 hora sem interação),1,julia.bevilacqua@ppgj.com.br,-,2025-08-21 14:59:35,21/08/2025 14:59,-,-,-,-,-,-,-
1898399,✅ Aprovado,9,julia.bevilacqua@ppgj.com.br,-,2025-08-22 11:44:43,22/08/2025 11:44,-,-,-,-,-,-,-
1898306,✅ Aprovado,9,julia.bevilacqua@ppgj.com.br,-,2025-08-22 11:25:36,22/08/2025 11:25,-,-,-,-,-,-,-
1898303,✅ Aprovado,9,julia.bevilacqua@ppgj.com.br,-,2025-08-22 11:19:23,22/08/2025 11:19,-,-,-,-,-,-,-
1898301,😭 Não Apto,4,mariajulia.souza@ppgj.com.br,-,2025-08-20 12:24:30,20/08/2025 12:24,-,-,-,-,-,-,-
1898179,✅ Aprovado,9,talita.prates@ppgj.com.br,-,2025-09-05 14:19:29,05/09/2025 14:19,-,-,-,-,-,-,-
1898000,😔 Desistiu (1 hora sem interação),1,talita.prates@ppgj.com.br,-,2025-08-27 16:45:57,27/08/2025 16:45,-,-,-,-,-,-,-
1897998,🧑‍🧑‍🧒‍🧒 Entrevista Individual,7,mariajulia.souza@ppgj.com.br,-,2025-08-21 10:55:23,21/08/2025 10:55,22/09/2025 15:27,-,32.19 dias,-,-,-,-
1897998,🧑‍🧑‍🧒‍🧒 Apresentação da Vaga,6,julia.bevilacqua@ppgj.com.br,-,2025-09-22 15:27:14,22/09/2025 15:27,23/09/2025 09:38,-,0.76 dias,-,-,-,-
1897998,🧑‍🧑‍🧒‍🧒 Entrevista Individual,7,talita.prates@ppgj.com.br,-,2025-09-23 09:38:46,23/09/2025 09:38,23/09/2025 09:46,-,0.01 dias,-,-,-,-
1897998,😔 Desistiu (1 hora sem interação),1,talita.prates@ppgj.com.br,-,2025-09-23 09:46:55,23/09/2025 09:46,-,-,-,-,-,-,-
1897996,😔 Desistiu (1 hora sem interação),1,talita.prates,-,2025-08-21 17:44:05,21/08/2025 17:44,-,-,-,-,-,-,-
1897840,😭 Não Apto,4,-,-,2025-08-20 11:02:50,20/08/2025 11:02,-,-,-,-,-,-,-
1896872,🤔 Em Análise Parte2,8,talita.prates@ppgj.com.br,-,2025-08-20 14:47:57,20/08/2025 14:47,-,-,-,-,-,-,-
1896643,😔 Desistiu (1 hora sem interação),1,-,-,2025-08-21 09:53:13,21/08/2025 09:53,-,-,-,-,-,-,-
1896462,✅ Aprovado,9,julia.bevilacqua@ppgj.com.br,-,2025-08-25 11:36:36,25/08/2025 11:36,-,-,-,-,-,-,-
1896460,😔 Desistiu (1 hora sem interação),1,talita.prates@ppgj.com.br,-,2025-08-21 10:48:23,21/08/2025 10:48,-,-,-,-,-,-,-
1896132,✅ Aprovado,9,julia.bevilacqua@ppgj.com.br,-,2025-08-22 11:49:30,22/08/2025 11:49,-,-,-,-,-,-,-
1895744,😔 Desistiu (1 hora sem interação),1,talita.prates@ppgj.com.br,-,2025-08-25 15:43:26,25/08/2025 15:43,-,-,-,-,-,-,-
1895310,😔 Desistiu (1 hora sem interação),1,-,-,2025-08-21 08:11:12,21/08/2025 08:11,-,-,-,-,-,-,-
1895302,✅ Aprovado,9,julia.bevilacqua@ppgj.com.br,-,2025-08-22 11:52:26,22/08/2025 11:52,-,-,-,-,-,-,-
1895282,😔 Desistiu (1 hora sem interação),1,talita.prates@ppgj.com.br,-,2025-08-20 17:22:23,20/08/2025 17:22,-,-,-,-,-,-,-
1895271,😔 Desistiu (1 hora sem interação),1,-,-,2025-08-20 22:03:08,20/08/2025 22:03,-,-,-,-,-,-,-
1895243,😔 Desistiu (1 hora sem interação),1,mariajulia.souza@ppgj.com.br,-,2025-08-28 12:20:36,28/08/2025 12:20,-,-,-,-,-,-,-
1895121,📵 Black List (Impedir número de fazer novos processos),B,talita.prates@ppgj.com.br,-,2025-08-19 17:44:20,19/08/2025 17:44,-,-,-,-,-,-,-
1895120,📵 Black List (Impedir número de fazer novos processos),B,talita.prates@ppgj.com.br,-,2025-08-19 17:44:38,19/08/2025 17:44,-,-,-,-,-,-,-
1895106,😔 Desistiu (1 hora sem interação),1,-,-,2025-08-20 17:30:48,20/08/2025 17:30,-,-,-,-,-,-,-
1895065,🤔 Em Análise Parte2,8,julia.bevilacqua@ppgj.com.br,-,2025-08-26 10:06:21,26/08/2025 10:06,-,-,-,-,-,-,-
1895063,😔 Desistiu (1 hora sem interação),1,-,-,2025-08-20 17:16:48,20/08/2025 17:16,-,-,-,-,-,-,-
1894997,😔 Desistiu (1 hora sem interação),1,-,-,2025-08-20 16:43:47,20/08/2025 16:43,-,-,-,-,-,-,-
1894993,✅ Aprovado,9,julia.bevilacqua@ppgj.com.br,-,2025-08-22 13:21:04,22/08/2025 13:21,-,-,-,-,-,-,-
1894985,😔 Desistiu (1 hora sem interação),1,-,-,2025-08-20 16:38:47,20/08/2025 16:38,-,-,-,-,-,-,-
1894495,😔 Desistiu (1 hora sem interação),1,-,-,2025-08-20 15:48:47,20/08/2025 15:48,-,-,-,-,-,-,-
1894407,✅ Aprovado,9,julia.bevilacqua@ppgj.com.br,-,2025-08-22 11:54:32,22/08/2025 11:54,-,-,-,-,-,-,-
1894369,😔 Desistiu (1 hora sem interação),1,-,-,2025-08-20 14:51:47,20/08/2025 14:51,-,-,-,-,-,-,-
1894273,🧑‍🧑‍🧒‍🧒 Apresentação da Vaga,6,mariajulia.souza@ppgj.com.br,-,2025-08-22 13:25:41,22/08/2025 13:25,-,-,-,-,-,-,-
1894005,😔 Desistiu (1 hora sem interação),1,-,-,2025-08-20 14:09:46,20/08/2025 14:09,-,-,-,-,-,-,-
1893985,🧑‍🧑‍🧒‍🧒 Apresentação da Vaga,6,julia.bevilacqua@ppgj.com.br,-,2025-08-19 16:11:33,19/08/2025 16:11,-,-,-,-,-,-,-
1893851,😔 Desistiu (1 hora sem interação),1,-,-,2025-08-20 13:42:46,20/08/2025 13:42,-,-,-,-,-,-,-
1893822,✅ Aprovado,9,julia.bevilacqua@ppgj.com.br,-,2025-08-22 11:46:49,22/08/2025 11:46,-,-,-,-,-,-,-
1893767,😭 Não Apto,4,-,-,2025-08-19 17:28:27,19/08/2025 17:28,-,-,-,-,-,-,-
1893760,♻️✅ Liberar Blacklist (Liberar número de fazer novos processos),Z,talita.prates@ppgj.com.br,-,2025-08-19 17:30:26,19/08/2025 17:30,-,-,-,-,-,-,-
1893475,😔 Desistiu (1 hora sem interação),1,-,-,2025-08-20 13:00:46,20/08/2025 13:00,-,-,-,-,-,-,-
1893343,😔 Desistiu (1 hora sem interação),1,-,-,2025-08-20 12:43:46,20/08/2025 12:43,-,-,-,-,-,-,-
1893322,✅ Aprovado,9,julia.bevilacqua@ppgj.com.br,-,2025-08-22 11:28:49,22/08/2025 11:28,-,-,-,-,-,-,-
1893320,😔 Desistiu (1 hora sem interação),1,talita.prates@ppgj.com.br,-,2025-08-20 11:59:15,20/08/2025 11:59,-,-,-,-,-,-,-
1893298,👍 Confirmação de Agendamento,C,julia.bevilacqua@ppgj.com.br,-,2025-08-19 15:55:21,19/08/2025 15:55,-,-,-,-,-,-,-
1893283,😭 Não Apto,4,mariajulia.souza@ppgj.com.br,-,2025-08-19 13:51:11,19/08/2025 13:51,-,-,-,-,-,-,-
1893254,♻️✅ Liberar Blacklist (Liberar número de fazer novos processos),Z,admin-ale,-,2025-08-19 12:10:13,19/08/2025 12:10,-,-,-,-,-,-,-
1893250,♻️✅ Liberar Blacklist (Liberar número de fazer novos processos),Z,admin-ale,-,2025-08-19 12:11:12,19/08/2025 12:11,-,-,-,-,-,-,-
1893245,♻️✅ Liberar Blacklist (Liberar número de fazer novos processos),Z,admin-ale,-,2025-08-19 12:11:12,19/08/2025 12:11,-,-,-,-,-,-,-
1893239,♻️✅ Liberar Blacklist (Liberar número de fazer novos processos),Z,admin-ale,-,2025-08-19 12:11:12,19/08/2025 12:11,-,-,-,-,-,-,-
1893228,♻️✅ Liberar Blacklist (Liberar número de fazer novos processos),Z,admin-ale,-,2025-08-19 12:11:12,19/08/2025 12:11,-,-,-,-,-,-,-
1893222,♻️✅ Liberar Blacklist (Liberar número de fazer novos processos),Z,admin-ale,-,2025-08-19 12:11:12,19/08/2025 12:11,-,-,-,-,-,-,-
1893219,♻️✅ Liberar Blacklist (Liberar número de fazer novos processos),Z,admin-ale,-,2025-08-19 12:11:12,19/08/2025 12:11,-,-,-,-,-,-,-
1893215,♻️✅ Liberar Blacklist (Liberar número de fazer novos processos),Z,admin-ale,-,2025-08-19 12:11:12,19/08/2025 12:11,-,-,-,-,-,-,-
1893191,♻️✅ Liberar Blacklist (Liberar número de fazer novos processos),Z,admin-ale,-,2025-08-19 12:11:12,19/08/2025 12:11,-,-,-,-,-,-,-
1893188,😔 Desistiu (1 hora sem interação),1,-,-,2025-08-20 11:29:45,20/08/2025 11:29,-,-,-,-,-,-,-
1893183,😔 Desistiu (1 hora sem interação),1,-,-,2025-08-20 11:28:46,20/08/2025 11:28,-,-,-,-,-,-,-
1893181,✅ Aprovado,9,julia.bevilacqua@ppgj.com.br,-,2025-08-22 11:38:36,22/08/2025 11:38,-,-,-,-,-,-,-
1893069,😔 Desistiu (1 hora sem interação),1,julia.bevilacqua@ppgj.com.br,-,2025-08-21 09:37:10,21/08/2025 09:37,-,-,-,-,-,-,-
1893068,😔 Desistiu (1 hora sem interação),1,-,-,2025-08-20 11:13:45,20/08/2025 11:13,-,-,-,-,-,-,-
1892968,😔 Desistiu (1 hora sem interação),1,-,-,2025-08-20 11:02:46,20/08/2025 11:02,-,-,-,-,-,-,-
1892818,😭 Não Apto,4,mariajulia.souza@ppgj.com.br,-,2025-08-19 10:59:22,19/08/2025 10:59,-,-,-,-,-,-,-
1892791,😭 Não Apto,4,mariajulia.souza@ppgj.com.br,-,2025-08-19 10:52:20,19/08/2025 10:52,-,-,-,-,-,-,-
1892708,😔 Desistiu (1 hora sem interação),1,talita.prates@ppgj.com.br,-,2025-08-25 15:29:25,25/08/2025 15:29,-,-,-,-,-,-,-
1892655,✅ Aprovado,9,julia.bevilacqua@ppgj.com.br,-,2025-08-22 11:16:05,22/08/2025 11:16,-,-,-,-,-,-,-
1892646,📵 Black List (Impedir número de fazer novos processos),B,talita.prates@ppgj.com.br,-,2025-08-20 16:07:34,20/08/2025 16:07,-,-,-,-,-,-,-
1892630,😭 Não Apto,4,-,-,2025-08-19 10:42:23,19/08/2025 10:42,-,-,-,-,-,-,-
1892563,😭 Não Apto,4,mariajulia.souza@ppgj.com.br,-,2025-08-19 10:41:49,19/08/2025 10:41,-,-,-,-,-,-,-
1892261,📵 Black List (Impedir número de fazer novos processos),B,talita.prates@ppgj.com.br,-,2025-08-20 16:07:58,20/08/2025 16:07,-,-,-,-,-,-,-
1892189,😔 Desistiu (1 hora sem interação),1,-,-,2025-08-20 09:58:45,20/08/2025 09:58,-,-,-,-,-,-,-
1892160,✅ Aprovado,9,julia.bevilacqua@ppgj.com.br,-,2025-08-25 11:37:35,25/08/2025 11:37,-,-,-,-,-,-,-
1892004,😭 Não Apto,4,mariajulia.souza@ppgj.com.br,-,2025-08-19 09:51:42,19/08/2025 09:51,-,-,-,-,-,-,-
1891980,😔 Desistiu (1 hora sem interação),1,talita.prates@ppgj.com.br,-,2025-08-25 16:48:02,25/08/2025 16:48,-,-,-,-,-,-,-
1891979,😔 Desistiu (1 hora sem interação),1,mariajulia.souza@ppgj.com.br,-,2025-08-19 14:37:55,19/08/2025 14:37,-,-,-,-,-,-,-
1891970,✅ Aprovado,9,julia.bevilacqua@ppgj.com.br,-,2025-08-22 11:58:14,22/08/2025 11:58,-,-,-,-,-,-,-
1891764,😔 Desistiu (1 hora sem interação),1,julia.bevilacqua@ppgj.com.br,-,2025-08-19 15:46:11,19/08/2025 15:46,-,-,-,-,-,-,-
1891689,😔 Desistiu (1 hora sem interação),1,talita.prates@ppgj.com.br,-,2025-08-20 09:48:58,20/08/2025 09:48,-,-,-,-,-,-,-
1891659,🧑‍🧑‍🧒‍🧒 Apresentação da Vaga,6,mariajulia.souza@ppgj.com.br,-,2025-08-19 10:36:01,19/08/2025 10:36,-,-,-,-,-,-,-
1891645,✅ Aprovado,9,julia.bevilacqua@ppgj.com.br,-,2025-08-22 11:47:27,22/08/2025 11:47,-,-,-,-,-,-,-
1891471,😔 Desistiu (1 hora sem interação),1,-,-,2025-08-20 08:31:01,20/08/2025 08:31,-,-,-,-,-,-,-
1891394,😔 Desistiu (1 hora sem interação),1,talita.prates@ppgj.com.br,-,2025-08-20 12:00:11,20/08/2025 12:00,-,-,-,-,-,-,-
1891289,😔 Desistiu (1 hora sem interação),1,-,-,2025-08-20 08:07:44,20/08/2025 08:07,-,-,-,-,-,-,-
1891283,😔 Desistiu (1 hora sem interação),1,talita.prates@ppgj.com.br,-,2025-08-20 17:06:12,20/08/2025 17:06,-,-,-,-,-,-,-
1891263,✅ Aprovado,9,julia.bevilacqua@ppgj.com.br,-,2025-08-22 13:20:07,22/08/2025 13:20,-,-,-,-,-,-,-
1891262,✅ Aprovado,9,julia.bevilacqua@ppgj.com.br,-,2025-08-22 13:11:54,22/08/2025 13:11,-,-,-,-,-,-,-
1891251,😔 Desistiu (1 hora sem interação),1,-,-,2025-08-19 23:10:41,19/08/2025 23:10,-,-,-,-,-,-,-
1891240,✅ Aprovado,9,julia.bevilacqua@ppgj.com.br,-,2025-08-22 11:27:57,22/08/2025 11:27,-,-,-,-,-,-,-
1891210,😔 Desistiu (1 hora sem interação),1,-,-,2025-08-19 21:26:40,19/08/2025 21:26,-,-,-,-,-,-,-
1891204,🧑‍🧑‍🧒‍🧒 Apresentação da Vaga,6,mariajulia.souza@ppgj.com.br,-,2025-08-19 09:13:05,19/08/2025 09:13,-,-,-,-,-,-,-
1891097,✅ Aprovado,9,julia.bevilacqua@ppgj.com.br,-,2025-08-25 11:38:35,25/08/2025 11:38,-,-,-,-,-,-,-
1891016,😔 Desistiu (1 hora sem interação),1,-,-,2025-08-19 18:07:09,19/08/2025 18:07,-,-,-,-,-,-,-
1890993,😭 Não Apto,4,julia.bevilacqua@ppgj.com.br,-,2025-08-19 08:19:55,19/08/2025 08:19,-,-,-,-,-,-,-
1890984,😔 Desistiu (1 hora sem interação),1,-,-,2025-08-19 17:39:08,19/08/2025 17:39,-,-,-,-,-,-,-
1890973,✅ Aprovado,9,talita.prates@ppgj.com.br,-,2025-08-25 17:35:25,25/08/2025 17:35,-,-,-,-,-,-,-
1890967,🧑‍🧑‍🧒‍🧒 Apresentação da Vaga,6,mariajulia.souza@ppgj.com.br,-,2025-08-19 11:09:59,19/08/2025 11:09,-,-,-,-,-,-,-
1890942,😔 Desistiu (1 hora sem interação),1,-,-,2025-08-19 17:17:08,19/08/2025 17:17,-,-,-,-,-,-,-
1890938,✅ Aprovado,9,julia.bevilacqua@ppgj.com.br,-,2025-08-25 11:39:27,25/08/2025 11:39,-,-,-,-,-,-,-
1890880,😔 Desistiu (1 hora sem interação),1,-,-,2025-08-19 16:43:08,19/08/2025 16:43,-,-,-,-,-,-,-
1890738,😭 Não Apto,4,julia.bevilacqua@ppgj.com.br,-,2025-08-18 16:30:43,18/08/2025 16:30,-,-,-,-,-,-,-
1890688,😔 Desistiu (1 hora sem interação),1,talita.prates@ppgj.com.br,-,2025-08-20 17:05:29,20/08/2025 17:05,-,-,-,-,-,-,-
1890559,😭 Não Apto,4,julia.bevilacqua@ppgj.com.br,-,2025-08-18 16:17:57,18/08/2025 16:17,-,-,-,-,-,-,-
1890160,😔 Desistiu (1 hora sem interação),1,talita.prates@ppgj.com.br,-,2025-08-27 16:47:36,27/08/2025 16:47,-,-,-,-,-,-,-
1890122,✅ Aprovado,9,julia.bevilacqua@ppgj.com.br,-,2025-08-25 11:28:50,25/08/2025 11:28,-,-,-,-,-,-,-
1890067,😔 Desistiu (1 hora sem interação),1,talita.prates@ppgj.com.br,-,2025-08-20 17:17:45,20/08/2025 17:17,-,-,-,-,-,-,-
1889826,✅ Aprovado,9,julia.bevilacqua@ppgj.com.br,-,2025-08-22 13:13:30,22/08/2025 13:13,-,-,-,-,-,-,-
1889612,✅ Aprovado,9,julia.bevilacqua@ppgj.com.br,-,2025-08-22 11:29:47,22/08/2025 11:29,-,-,-,-,-,-,-
1889523,😔 Desistiu (1 hora sem interação),1,-,-,2025-08-19 14:45:07,19/08/2025 14:45,-,-,-,-,-,-,-
1889485,✅ Aprovado,9,julia.bevilacqua@ppgj.com.br,-,2025-08-22 11:33:38,22/08/2025 11:33,-,-,-,-,-,-,-
1889382,✅ Aprovado,9,julia.bevilacqua@ppgj.com.br,-,2025-08-22 11:39:04,22/08/2025 11:39,-,-,-,-,-,-,-
1889051,😔 Desistiu (1 hora sem interação),1,-,-,2025-08-19 14:06:07,19/08/2025 14:06,-,-,-,-,-,-,-
1888947,😭 Não Apto,4,-,-,2025-08-19 14:04:12,19/08/2025 14:04,-,-,-,-,-,-,-
1888939,✅ Aprovado,9,julia.bevilacqua@ppgj.com.br,-,2025-08-22 11:50:30,22/08/2025 11:50,-,-,-,-,-,-,-
1888935,😭 Não Apto,4,-,-,2025-08-18 13:39:25,18/08/2025 13:39,-,-,-,-,-,-,-
1888929,😭 Não Apto,4,mariajulia.souza@ppgj.com.br,-,2025-08-18 13:41:34,18/08/2025 13:41,-,-,-,-,-,-,-
1888859,😭 Não Apto,4,talita.prates@ppgj.com.br,-,2025-08-25 17:18:44,25/08/2025 17:18,-,-,-,-,-,-,-
1888840,🧑‍🧑‍🧒‍🧒 Apresentação da Vaga,6,mariajulia.souza@ppgj.com.br,-,2025-08-18 13:07:20,18/08/2025 13:07,-,-,-,-,-,-,-
1888832,😔 Desistiu (1 hora sem interação),1,-,-,2025-08-19 12:27:06,19/08/2025 12:27,-,-,-,-,-,-,-
1888829,😔 Desistiu (1 hora sem interação),1,talita.prates@ppgj.com.br,-,2025-09-05 15:26:24,05/09/2025 15:26,-,-,-,-,-,-,-
1888809,😔 Desistiu (1 hora sem interação),1,-,-,2025-08-19 12:15:06,19/08/2025 12:15,-,-,-,-,-,-,-
1888805,✅ Aprovado,9,julia.bevilacqua@ppgj.com.br,-,2025-08-22 11:42:37,22/08/2025 11:42,-,-,-,-,-,-,-
1888799,😔 Desistiu (1 hora sem interação),1,talita.prates@ppgj.com.br,-,2025-08-20 17:15:03,20/08/2025 17:15,-,-,-,-,-,-,-
1888794,😔 Desistiu (1 hora sem interação),1,-,-,2025-08-19 12:04:06,19/08/2025 12:04,-,-,-,-,-,-,-
1888764,😔 Desistiu (1 hora sem interação),1,-,-,2025-08-19 11:49:06,19/08/2025 11:49,-,-,-,-,-,-,-
1888735,😔 Desistiu (1 hora sem interação),1,-,-,2025-08-19 11:35:06,19/08/2025 11:35,-,-,-,-,-,-,-
1888731,😔 Desistiu (1 hora sem interação),1,-,-,2025-08-19 11:32:06,19/08/2025 11:32,-,-,-,-,-,-,-
1888666,😭 Não Apto,4,-,-,2025-08-18 11:13:18,18/08/2025 11:13,-,-,-,-,-,-,-
1888660,😭 Não Apto,4,mariajulia.souza@ppgj.com.br,-,2025-08-18 11:12:24,18/08/2025 11:12,-,-,-,-,-,-,-
1888654,✅ Aprovado,9,julia.bevilacqua@ppgj.com.br,-,2025-08-22 11:34:20,22/08/2025 11:34,-,-,-,-,-,-,-
1888646,😔 Desistiu (1 hora sem interação),1,-,-,2025-08-19 10:59:06,19/08/2025 10:59,-,-,-,-,-,-,-
1888629,😔 Desistiu (1 hora sem interação),1,talita.prates@ppgj.com.br,-,2025-08-20 17:13:49,20/08/2025 17:13,-,-,-,-,-,-,-
1888614,✅ Aprovado,9,julia.bevilacqua@ppgj.com.br,-,2025-08-22 11:35:09,22/08/2025 11:35,-,-,-,-,-,-,-
1888610,😭 Não Apto,4,mariajulia.souza@ppgj.com.br,-,2025-08-18 11:34:30,18/08/2025 11:34,-,-,-,-,-,-,-
1888608,😔 Desistiu (1 hora sem interação),1,mariajulia.souza@ppgj.com.br,-,2025-08-20 12:03:43,20/08/2025 12:03,-,-,-,-,-,-,-
1888602,😔 Desistiu (1 hora sem interação),1,talita.prates@ppgj.com.br,-,2025-09-05 14:07:11,05/09/2025 14:07,-,-,-,-,-,-,-
1888573,❌ Reprovado,A,admin-ale,-,2025-08-18 11:06:46,18/08/2025 11:06,-,-,-,-,-,-,-
1888565,😔 Desistiu (1 hora sem interação),1,talita.prates@ppgj.com.br,-,2025-08-20 17:09:22,20/08/2025 17:09,-,-,-,-,-,-,-
1888459,😔 Desistiu (1 hora sem interação),1,talita.prates@ppgj.com.br,-,2025-08-20 17:15:29,20/08/2025 17:15,-,-,-,-,-,-,-
1888392,😭 Não Apto,4,julia.bevilacqua@ppgj.com.br,-,2025-08-18 10:07:56,18/08/2025 10:07,-,-,-,-,-,-,-
1888326,✅ Aprovado,9,julia.bevilacqua@ppgj.com.br,-,2025-08-22 13:10:56,22/08/2025 13:10,-,-,-,-,-,-,-
1888229,😭 Não Apto,4,julia.bevilacqua@ppgj.com.br,-,2025-08-18 10:57:52,18/08/2025 10:57,-,-,-,-,-,-,-
1888167,✅ Aprovado,9,julia.bevilacqua@ppgj.com.br,-,2025-08-22 11:32:16,22/08/2025 11:32,-,-,-,-,-,-,-
1887895,😔 Desistiu (1 hora sem interação),1,talita.prates@ppgj.com.br,-,2025-08-20 17:02:07,20/08/2025 17:02,-,-,-,-,-,-,-
1887809,😔 Desistiu (1 hora sem interação),1,-,-,2025-08-19 09:12:04,19/08/2025 09:12,-,-,-,-,-,-,-
1887741,✅ Aprovado,9,julia.bevilacqua@ppgj.com.br,-,2025-08-22 13:14:23,22/08/2025 13:14,-,-,-,-,-,-,-
1887695,✅ Aprovado,9,julia.bevilacqua@ppgj.com.br,-,2025-08-22 13:15:39,22/08/2025 13:15,-,-,-,-,-,-,-
1887625,✅ Aprovado,9,julia.bevilacqua@ppgj.com.br,-,2025-08-22 13:22:11,22/08/2025 13:22,-,-,-,-,-,-,-
1887617,😭 Não Apto,4,-,-,2025-08-18 08:51:19,18/08/2025 08:51,-,-,-,-,-,-,-
1887615,😔 Desistiu (1 hora sem interação),1,-,-,2025-08-19 08:46:04,19/08/2025 08:46,-,-,-,-,-,-,-
1887597,😭 Não Apto,4,-,-,2025-08-18 08:18:42,18/08/2025 08:18,-,-,-,-,-,-,-
1887594,😔 Desistiu (1 hora sem interação),1,-,-,2025-08-19 07:59:04,19/08/2025 07:59,-,-,-,-,-,-,-
1887593,😭 Não Apto,4,-,-,2025-08-18 08:00:46,18/08/2025 08:00,-,-,-,-,-,-,-
1887581,😔 Desistiu (1 hora sem interação),1,-,-,2025-08-19 02:35:13,19/08/2025 02:35,-,-,-,-,-,-,-
1887580,😭 Não Apto,4,-,-,2025-08-18 02:33:23,18/08/2025 02:33,-,-,-,-,-,-,-
1887554,😔 Desistiu (1 hora sem interação),1,talita.prates@ppgj.com.br,-,2025-08-27 16:47:02,27/08/2025 16:47,-,-,-,-,-,-,-
1887524,😔 Desistiu (1 hora sem interação),1,mariajulia.souza@ppgj.com.br,-,2025-08-18 10:26:13,18/08/2025 10:26,-,-,-,-,-,-,-
1887435,😔 Desistiu (1 hora sem interação),1,-,-,2025-08-18 12:43:57,18/08/2025 12:43,-,-,-,-,-,-,-
1887421,✅ Aprovado,9,julia.bevilacqua@ppgj.com.br,-,2025-08-22 11:30:33,22/08/2025 11:30,-,-,-,-,-,-,-
1887383,😭 Não Apto,4,mariajulia.souza@ppgj.com.br,-,2025-08-18 11:37:09,18/08/2025 11:37,-,-,-,-,-,-,-
1887378,😔 Desistiu (1 hora sem interação),1,-,-,2025-08-17 23:47:50,17/08/2025 23:47,-,-,-,-,-,-,-
1887307,😭 Não Apto,4,-,-,2025-08-16 16:34:14,16/08/2025 16:34,-,-,-,-,-,-,-
1887306,😔 Desistiu (1 hora sem interação),1,-,-,2025-08-17 16:27:47,17/08/2025 16:27,-,-,-,-,-,-,-
1887295,😭 Não Apto,4,-,-,2025-08-16 16:23:28,16/08/2025 16:23,-,-,-,-,-,-,-
1887259,😔 Desistiu (1 hora sem interação),1,mariajulia.souza@ppgj.com.br,-,2025-08-20 12:04:06,20/08/2025 12:04,-,-,-,-,-,-,-
1887237,😔 Desistiu (1 hora sem interação),1,-,-,2025-08-17 14:18:46,17/08/2025 14:18,-,-,-,-,-,-,-
1887155,❌ Reprovado,A,julia.bevilacqua@ppgj.com.br,-,2025-08-21 14:03:56,21/08/2025 14:03,-,-,-,-,-,-,-
1887118,😭 Não Apto,4,-,-,2025-08-16 14:25:46,16/08/2025 14:25,-,-,-,-,-,-,-
1887083,✅ Aprovado,9,julia.bevilacqua@ppgj.com.br,-,2025-08-22 13:18:07,22/08/2025 13:18,-,-,-,-,-,-,-
1887043,😔 Desistiu (1 hora sem interação),1,julia.bevilacqua@ppgj.com.br,-,2025-08-19 10:24:36,19/08/2025 10:24,-,-,-,-,-,-,-
1887012,😔 Desistiu (1 hora sem interação),1,-,-,2025-08-17 09:15:43,17/08/2025 09:15,-,-,-,-,-,-,-
1886939,😔 Desistiu (1 hora sem interação),1,-,-,2025-08-16 21:10:38,16/08/2025 21:10,-,-,-,-,-,-,-
1886755,✅ Aprovado,9,julia.bevilacqua@ppgj.com.br,-,2025-08-22 11:39:54,22/08/2025 11:39,-,-,-,-,-,-,-
1886729,😭 Não Apto,4,-,-,2025-08-16 16:14:20,16/08/2025 16:14,-,-,-,-,-,-,-
1886553,😔 Desistiu (1 hora sem interação),1,-,-,2025-08-16 15:47:36,16/08/2025 15:47,-,-,-,-,-,-,-
1886549,😔 Desistiu (1 hora sem interação),1,-,-,2025-08-16 15:43:36,16/08/2025 15:43,-,-,-,-,-,-,-
1886534,😭 Não Apto,4,julia.bevilacqua@ppgj.com.br,-,2025-08-15 15:59:48,15/08/2025 15:59,-,-,-,-,-,-,-
1886504,😔 Desistiu (1 hora sem interação),1,-,-,2025-08-16 15:20:36,16/08/2025 15:20,-,-,-,-,-,-,-
1886478,😔 Desistiu (1 hora sem interação),1,-,-,2025-08-16 15:04:36,16/08/2025 15:04,-,-,-,-,-,-,-
1886288,😔 Desistiu (1 hora sem interação),1,-,-,2025-08-16 13:33:35,16/08/2025 13:33,-,-,-,-,-,-,-
1886281,✅ Aprovado,9,talita.prates@ppgj.com.br,-,2025-09-08 13:33:29,08/09/2025 13:33,-,-,-,-,-,-,-
1886273,😔 Desistiu (1 hora sem interação),1,talita.prates@ppgj.com.br,-,2025-08-15 17:14:06,15/08/2025 17:14,-,-,-,-,-,-,-
1886266,📵 Black List (Impedir número de fazer novos processos),B,julia.bevilacqua@ppgj.com.br,-,2025-08-21 14:04:50,21/08/2025 14:04,-,-,-,-,-,-,-
1886258,✅ Aprovado,9,julia.bevilacqua@ppgj.com.br,-,2025-08-22 11:53:39,22/08/2025 11:53,-,-,-,-,-,-,-
1886247,😔 Desistiu (1 hora sem interação),1,-,-,2025-08-16 13:09:35,16/08/2025 13:09,-,-,-,-,-,-,-
1886238,😔 Desistiu (1 hora sem interação),1,talita.prates@ppgj.com.br,-,2025-08-20 17:12:52,20/08/2025 17:12,-,-,-,-,-,-,-
1886214,😔 Desistiu (1 hora sem interação),1,-,-,2025-08-16 12:43:35,16/08/2025 12:43,-,-,-,-,-,-,-
1886206,😔 Desistiu (1 hora sem interação),1,-,-,2025-08-16 12:38:35,16/08/2025 12:38,-,-,-,-,-,-,-
1886178,🧑‍🧑‍🧒‍🧒 Apresentação da Vaga,6,mariajulia.souza@ppgj.com.br,-,2025-08-15 14:14:54,15/08/2025 14:14,-,-,-,-,-,-,-
1886160,✅ Aprovado,9,julia.bevilacqua@ppgj.com.br,-,2025-08-15 15:30:50,15/08/2025 15:30,-,-,-,-,-,-,-
1886110,😔 Desistiu (1 hora sem interação),1,-,-,2025-08-16 11:33:35,16/08/2025 11:33,-,-,-,-,-,-,-
1886091,😭 Não Apto,4,julia.bevilacqua@ppgj.com.br,-,2025-08-15 13:57:55,15/08/2025 13:57,-,-,-,-,-,-,-
1886079,😔 Desistiu (1 hora sem interação),1,talita.prates@ppgj.com.br,-,2025-08-15 17:15:31,15/08/2025 17:15,-,-,-,-,-,-,-
1885928,😔 Desistiu (1 hora sem interação),1,-,-,2025-08-16 09:48:34,16/08/2025 09:48,-,-,-,-,-,-,-
1885925,😔 Desistiu (1 hora sem interação),1,-,-,2025-08-16 09:48:34,16/08/2025 09:48,-,-,-,-,-,-,-
1885886,✅ Aprovado,9,julia.bevilacqua@ppgj.com.br,-,2025-08-22 11:35:58,22/08/2025 11:35,-,-,-,-,-,-,-
1885855,😭 Não Apto,4,-,-,2025-08-15 09:20:07,15/08/2025 09:20,-,-,-,-,-,-,-
1885846,😔 Desistiu (1 hora sem interação),1,julia.bevilacqua@ppgj.com.br,-,2025-08-28 09:20:03,28/08/2025 09:20,-,-,-,-,-,-,-
1885845,👍 Confirmação de Agendamento,C,julia.bevilacqua@ppgj.com.br,-,2025-08-25 17:27:32,25/08/2025 17:27,-,-,-,-,-,-,-
1885844,🤔 Em Análise Parte2,8,talita.prates@ppgj.com.br,-,2025-08-15 14:02:39,15/08/2025 14:02,-,-,-,-,-,-,-
1885842,❌ Reprovado,A,julia.bevilacqua@ppgj.com.br,-,2025-08-21 14:05:28,21/08/2025 14:05,-,-,-,-,-,-,-
1885741,❌ Reprovado,A,julia.bevilacqua@ppgj.com.br,-,2025-08-27 16:46:19,27/08/2025 16:46,-,-,-,-,-,-,-
1885657,😔 Desistiu (1 hora sem interação),1,-,-,2025-08-15 18:57:25,15/08/2025 18:57,-,-,-,-,-,-,-
1885620,😔 Desistiu (1 hora sem interação),1,-,-,2025-08-15 17:59:23,15/08/2025 17:59,-,-,-,-,-,-,-
1885572,📵 Black List (Impedir número de fazer novos processos),B,talita.prates@ppgj.com.br,-,2025-08-25 17:16:24,25/08/2025 17:16,-,-,-,-,-,-,-
1885546,😔 Desistiu (1 hora sem interação),1,-,-,2025-08-15 17:19:23,15/08/2025 17:19,-,-,-,-,-,-,-
1885516,😔 Desistiu (1 hora sem interação),1,talita.prates@ppgj.com.br,-,2025-08-20 11:17:38,20/08/2025 11:17,-,-,-,-,-,-,-
1885509,😔 Desistiu (1 hora sem interação),1,-,-,2025-08-15 16:58:22,15/08/2025 16:58,-,-,-,-,-,-,-
1885500,😔 Desistiu (1 hora sem interação),1,-,-,2025-08-15 16:54:22,15/08/2025 16:54,-,-,-,-,-,-,-
1885470,✅ Aprovado,9,julia.bevilacqua@ppgj.com.br,-,2025-08-22 11:46:08,22/08/2025 11:46,-,-,-,-,-,-,-
1885446,😭 Não Apto,4,julia.bevilacqua@ppgj.com.br,-,2025-08-14 16:43:43,14/08/2025 16:43,-,-,-,-,-,-,-
1885438,😔 Desistiu (1 hora sem interação),1,-,-,2025-08-15 16:24:21,15/08/2025 16:24,-,-,-,-,-,-,-
1885375,😔 Desistiu (1 hora sem interação),1,-,-,2025-08-15 15:55:21,15/08/2025 15:55,-,-,-,-,-,-,-
1885371,😔 Desistiu (1 hora sem interação),1,talita.prates@ppgj.com.br,-,2025-08-14 17:03:32,14/08/2025 17:03,-,-,-,-,-,-,-
1885328,😔 Desistiu (1 hora sem interação),1,talita.prates@ppgj.com.br,-,2025-08-18 14:41:40,18/08/2025 14:41,-,-,-,-,-,-,-
1885302,😔 Desistiu (1 hora sem interação),1,talita.prates@ppgj.com.br,-,2025-08-25 17:14:43,25/08/2025 17:14,-,-,-,-,-,-,-
1885272,😔 Desistiu (1 hora sem interação),1,julia.bevilacqua@ppgj.com.br,-,2025-08-18 10:35:36,18/08/2025 10:35,-,-,-,-,-,-,-
1885245,😔 Desistiu (1 hora sem interação),1,talita.prates@ppgj.com.br,-,2025-08-20 11:57:28,20/08/2025 11:57,-,-,-,-,-,-,-
1885213,📵 Black List (Impedir número de fazer novos processos),B,talita.prates@ppgj.com.br,-,2025-08-20 08:50:48,20/08/2025 08:50,-,-,-,-,-,-,-
1885182,✅ Aprovado,9,julia.bevilacqua@ppgj.com.br,-,2025-08-15 15:29:40,15/08/2025 15:29,-,-,-,-,-,-,-
1885171,😔 Desistiu (1 hora sem interação),1,talita.prates@ppgj.com.br,-,2025-08-15 13:32:51,15/08/2025 13:32,-,-,-,-,-,-,-
1885118,😔 Desistiu (1 hora sem interação),1,-,-,2025-08-15 13:57:21,15/08/2025 13:57,-,-,-,-,-,-,-
1885107,😔 Desistiu (1 hora sem interação),1,talita.prates@ppgj.com.br,-,2025-08-20 11:58:20,20/08/2025 11:58,-,-,-,-,-,-,-
1885082,😔 Desistiu (1 hora sem interação),1,talita.prates@ppgj.com.br,-,2025-08-14 15:09:35,14/08/2025 15:09,-,-,-,-,-,-,-
1885070,😭 Não Apto,4,talita.prates@ppgj.com.br,-,2025-08-14 15:04:58,14/08/2025 15:04,-,-,-,-,-,-,-
1885068,🧑‍🧑‍🧒‍🧒 Apresentação da Vaga,6,mariajulia.souza@ppgj.com.br,-,2025-08-14 14:15:55,14/08/2025 14:15,-,-,-,-,-,-,-
1885061,😔 Desistiu (1 hora sem interação),1,-,-,2025-08-15 13:37:20,15/08/2025 13:37,-,-,-,-,-,-,-
1885013,😔 Desistiu (1 hora sem interação),1,-,-,2025-08-15 13:07:20,15/08/2025 13:07,-,-,-,-,-,-,-
1885001,✅ Aprovado,9,julia.bevilacqua@ppgj.com.br,-,2025-08-15 12:16:52,15/08/2025 12:16,-,-,-,-,-,-,-
1884996,😔 Desistiu (1 hora sem interação),1,-,-,2025-08-15 12:49:20,15/08/2025 12:49,-,-,-,-,-,-,-
1884983,🤔 Em Análise Parte1,5,mariajulia.souza@ppgj.com.br,-,2025-08-14 13:18:39,14/08/2025 13:18,-,-,-,-,-,-,-
1884981,😭 Não Apto,4,mariajulia.souza@ppgj.com.br,-,2025-08-14 13:05:39,14/08/2025 13:05,-,-,-,-,-,-,-
1884973,✅ Aprovado,9,julia.bevilacqua@ppgj.com.br,-,2025-08-22 11:59:16,22/08/2025 11:59,-,-,-,-,-,-,-
1884971,😔 Desistiu (1 hora sem interação),1,-,-,2025-08-15 12:32:20,15/08/2025 12:32,-,-,-,-,-,-,-
1884949,😭 Não Apto,4,mariajulia.souza@ppgj.com.br,-,2025-08-14 12:31:58,14/08/2025 12:31,-,-,-,-,-,-,-
1884939,✅ Aprovado,9,julia.bevilacqua@ppgj.com.br,-,2025-08-25 11:31:59,25/08/2025 11:31,-,-,-,-,-,-,-
1884938,✅ Aprovado,9,julia.bevilacqua@ppgj.com.br,-,2025-08-25 11:30:45,25/08/2025 11:30,-,-,-,-,-,-,-
1884895,😔 Desistiu (1 hora sem interação),1,talita.prates@ppgj.com.br,-,2025-08-15 10:02:41,15/08/2025 10:02,-,-,-,-,-,-,-
1884893,🤔 Em Análise Parte2,8,talita.prates@ppgj.com.br,-,2025-08-18 18:29:39,18/08/2025 18:29,-,-,-,-,-,-,-
1884872,✅ Aprovado,9,talita.prates@ppgj.com.br,-,2025-09-05 15:52:48,05/09/2025 15:52,-,-,-,-,-,-,-
1884861,❌ Reprovado,A,julia.bevilacqua@ppgj.com.br,-,2025-08-15 17:03:02,15/08/2025 17:03,-,-,-,-,-,-,-
1884796,❌ Reprovado,A,talita.prates@ppgj.com.br,-,2025-08-22 13:46:28,22/08/2025 13:46,-,-,-,-,-,-,-
1884775,🧑‍🧑‍🧒‍🧒 Apresentação da Vaga,6,julia.bevilacqua@ppgj.com.br,-,2025-08-14 11:49:52,14/08/2025 11:49,-,-,-,-,-,-,-
1884620,🤔 Em Análise Parte1,5,julia.bevilacqua@ppgj.com.br,-,2025-08-15 08:38:47,15/08/2025 08:38,-,-,-,-,-,-,-
1884607,📵 Black List (Impedir número de fazer novos processos),B,talita.prates@ppgj.com.br,-,2025-08-20 11:35:43,20/08/2025 11:35,-,-,-,-,-,-,-
1884582,😭 Não Apto,4,talita.prates@ppgj.com.br,-,2025-08-14 15:37:35,14/08/2025 15:37,-,-,-,-,-,-,-
1884574,✅ Aprovado,9,julia.bevilacqua@ppgj.com.br,-,2025-08-15 12:16:11,15/08/2025 12:16,-,-,-,-,-,-,-
1884492,😔 Desistiu (1 hora sem interação),1,-,-,2025-08-15 08:38:19,15/08/2025 08:38,-,-,-,-,-,-,-
1884465,❌ Reprovado,A,talita.prates@ppgj.com.br,-,2025-09-05 16:33:32,05/09/2025 16:33,-,-,-,-,-,-,-
1884423,😔 Desistiu (1 hora sem interação),1,julia.bevilacqua@ppgj.com.br,-,2025-08-18 10:33:44,18/08/2025 10:33,-,-,-,-,-,-,-
1884410,😔 Desistiu (1 hora sem interação),1,-,-,2025-08-14 20:52:47,14/08/2025 20:52,-,-,-,-,-,-,-
1884394,😔 Desistiu (1 hora sem interação),1,-,-,2025-08-15 12:11:20,15/08/2025 12:11,-,-,-,-,-,-,-
1884392,😭 Não Apto,4,mariajulia.souza@ppgj.com.br,-,2025-08-14 09:09:56,14/08/2025 09:09,-,-,-,-,-,-,-
1884382,✅ Aprovado,9,julia.bevilacqua@ppgj.com.br,-,2025-08-22 11:41:43,22/08/2025 11:41,-,-,-,-,-,-,-
1884380,😔 Desistiu (1 hora sem interação),1,julia.bevilacqua@ppgj.com.br,-,2025-08-18 10:34:44,18/08/2025 10:34,-,-,-,-,-,-,-
1884376,😔 Desistiu (1 hora sem interação),1,-,-,2025-08-14 19:51:47,14/08/2025 19:51,-,-,-,-,-,-,-
1884373,😔 Desistiu (1 hora sem interação),1,talita.prates@ppgj.com.br,-,2025-08-19 15:09:39,19/08/2025 15:09,-,-,-,-,-,-,-
1884371,😭 Não Apto,4,mariajulia.souza@ppgj.com.br,-,2025-08-14 11:45:29,14/08/2025 11:45,-,-,-,-,-,-,-
1884370,😭 Não Apto,4,-,-,2025-08-13 20:01:54,13/08/2025 20:01,-,-,-,-,-,-,-
1884339,😔 Desistiu (1 hora sem interação),1,talita.prates@ppgj.com.br,-,2025-08-15 13:31:54,15/08/2025 13:31,-,-,-,-,-,-,-
1884325,😭 Não Apto,4,talita.prates@ppgj.com.br,-,2025-08-13 19:22:55,13/08/2025 19:22,-,-,-,-,-,-,-
1884314,😔 Desistiu (1 hora sem interação),1,-,-,2025-08-14 18:37:46,14/08/2025 18:37,-,-,-,-,-,-,-
1884255,📵 Black List (Impedir número de fazer novos processos),B,talita.prates@ppgj.com.br,-,2025-08-20 08:50:48,20/08/2025 08:50,-,-,-,-,-,-,-
1884230,✅ Aprovado,9,julia.bevilacqua@ppgj.com.br,-,2025-08-14 16:11:41,14/08/2025 16:11,-,-,-,-,-,-,-
1884211,😔 Desistiu (1 hora sem interação),1,-,-,2025-08-14 17:17:39,14/08/2025 17:17,-,-,-,-,-,-,-
1884116,😔 Desistiu (1 hora sem interação),1,talita.prates@ppgj.com.br,-,2025-08-15 13:36:15,15/08/2025 13:36,-,-,-,-,-,-,-
1884113,✅ Aprovado,9,julia.bevilacqua@ppgj.com.br,-,2025-08-14 16:20:33,14/08/2025 16:20,-,-,-,-,-,-,-
1884066,✅ Aprovado,9,julia.bevilacqua@ppgj.com.br,-,2025-08-22 13:12:33,22/08/2025 13:12,-,-,-,-,-,-,-
1884053,😔 Desistiu (1 hora sem interação),1,talita.prates@ppgj.com.br,-,2025-08-15 13:21:18,15/08/2025 13:21,-,-,-,-,-,-,-
1883756,✅ Aprovado,9,julia.bevilacqua@ppgj.com.br,-,2025-08-15 15:29:00,15/08/2025 15:29,-,-,-,-,-,-,-
1883742,😔 Desistiu (1 hora sem interação),1,-,-,2025-08-14 13:22:38,14/08/2025 13:22,-,-,-,-,-,-,-
1883739,✅ Aprovado,9,julia.bevilacqua@ppgj.com.br,-,2025-08-14 16:17:01,14/08/2025 16:17,-,-,-,-,-,-,-
1883733,✅ Aprovado,9,talita.prates@ppgj.com.br,-,2025-09-05 16:15:44,05/09/2025 16:15,-,-,-,-,-,-,-
1883731,😔 Desistiu (1 hora sem interação),1,-,-,2025-08-14 13:14:38,14/08/2025 13:14,-,-,-,-,-,-,-
1883721,😔 Desistiu (1 hora sem interação),1,-,-,2025-08-14 13:06:38,14/08/2025 13:06,-,-,-,-,-,-,-
1883709,✅ Aprovado,9,julia.bevilacqua@ppgj.com.br,-,2025-08-14 16:12:54,14/08/2025 16:12,-,-,-,-,-,-,-
1883705,😔 Desistiu (1 hora sem interação),1,-,-,2025-08-19 14:38:07,19/08/2025 14:38,-,-,-,-,-,-,-
1883693,✅ Aprovado,9,julia.bevilacqua@ppgj.com.br,-,2025-08-14 16:21:18,14/08/2025 16:21,-,-,-,-,-,-,-
1883683,😔 Desistiu (1 hora sem interação),1,-,-,2025-08-14 12:33:38,14/08/2025 12:33,-,-,-,-,-,-,-
1883670,😭 Não Apto,4,talita.prates,-,2025-08-13 12:51:29,13/08/2025 12:51,-,-,-,-,-,-,-
1883665,😭 Não Apto,4,talita.prates,-,2025-08-13 13:23:46,13/08/2025 13:23,-,-,-,-,-,-,-
1883660,😔 Desistiu (1 hora sem interação),1,-,-,2025-08-14 12:16:37,14/08/2025 12:16,-,-,-,-,-,-,-
1883652,😔 Desistiu (1 hora sem interação),1,-,-,2025-08-14 12:10:38,14/08/2025 12:10,-,-,-,-,-,-,-
1883648,✅ Aprovado,9,julia.bevilacqua@ppgj.com.br,-,2025-08-14 15:53:48,14/08/2025 15:53,-,-,-,-,-,-,-
1883639,✅ Aprovado,9,julia.bevilacqua@ppgj.com.br,-,2025-08-14 15:57:21,14/08/2025 15:57,-,-,-,-,-,-,-
1883627,📵 Black List (Impedir número de fazer novos processos),B,talita.prates@ppgj.com.br,-,2025-08-20 08:50:49,20/08/2025 08:50,-,-,-,-,-,-,-
1883610,✅ Aprovado,9,julia.bevilacqua@ppgj.com.br,-,2025-09-18 13:22:50,18/09/2025 13:22,-,-,-,-,-,-,-
1883593,😔 Desistiu (1 hora sem interação),1,-,-,2025-08-14 11:34:37,14/08/2025 11:34,-,-,-,-,-,-,-
1883589,😭 Não Apto,4,talita.prates,-,2025-08-13 13:03:42,13/08/2025 13:03,-,-,-,-,-,-,-
1883588,👍 Confirmação de Agendamento,C,talita.prates@ppgj.com.br,-,2025-09-11 17:48:33,11/09/2025 17:48,-,-,-,-,-,-,-
1883587,📵 Black List (Impedir número de fazer novos processos),B,julia.bevilacqua@ppgj.com.br,-,2025-08-21 14:06:19,21/08/2025 14:06,-,-,-,-,-,-,-
1883584,😔 Desistiu (1 hora sem interação),1,-,-,2025-09-12 14:26:50,12/09/2025 14:26,-,-,-,-,-,-,-
1883532,😔 Desistiu (1 hora sem interação),1,-,-,2025-08-14 11:06:38,14/08/2025 11:06,-,-,-,-,-,-,-
1883524,😔 Desistiu (1 hora sem interação),1,talita.prates@ppgj.com.br,-,2025-08-15 13:25:39,15/08/2025 13:25,-,-,-,-,-,-,-
1883515,😔 Desistiu (1 hora sem interação),1,julia.bevilacqua@ppgj.com.br,-,2025-08-18 10:38:06,18/08/2025 10:38,-,-,-,-,-,-,-
1883507,✅ Aprovado,9,julia.bevilacqua@ppgj.com.br,-,2025-08-14 16:16:06,14/08/2025 16:16,-,-,-,-,-,-,-
1883505,😔 Desistiu (1 hora sem interação),1,-,-,2025-08-14 10:55:37,14/08/2025 10:55,-,-,-,-,-,-,-
1883501,❌ Reprovado,A,julia.bevilacqua@ppgj.com.br,-,2025-08-28 08:56:17,28/08/2025 08:56,-,-,-,-,-,-,-
1883499,✅ Aprovado,9,julia.bevilacqua@ppgj.com.br,-,2025-08-22 11:36:44,22/08/2025 11:36,-,-,-,-,-,-,-
1883266,✅ Aprovado,9,julia.bevilacqua@ppgj.com.br,-,2025-08-22 11:40:54,22/08/2025 11:40,-,-,-,-,-,-,-
1883041,😔 Desistiu (1 hora sem interação),1,talita.prates@ppgj.com.br,-,2025-08-15 13:37:17,15/08/2025 13:37,-,-,-,-,-,-,-
1883040,😭 Não Apto,4,julia.bevilacqua@ppgj.com.br,-,2025-08-13 11:52:24,13/08/2025 11:52,-,-,-,-,-,-,-
1883038,😔 Desistiu (1 hora sem interação),1,-,-,2025-08-14 09:00:36,14/08/2025 09:00,-,-,-,-,-,-,-
1883000,✅ Aprovado,9,julia.bevilacqua@ppgj.com.br,-,2025-08-14 16:21:54,14/08/2025 16:21,-,-,-,-,-,-,-
1882997,😭 Não Apto,4,talita.prates,-,2025-08-13 09:15:22,13/08/2025 09:15,-,-,-,-,-,-,-
1882900,😔 Desistiu (1 hora sem interação),1,julia.bevilacqua@ppgj.com.br,-,2025-08-18 10:38:56,18/08/2025 10:38,-,-,-,-,-,-,-
1882894,😔 Desistiu (1 hora sem interação),1,talita.prates@ppgj.com.br,-,2025-08-15 13:24:13,15/08/2025 13:24,-,-,-,-,-,-,-
1882890,✅ Aprovado,9,julia.bevilacqua@ppgj.com.br,-,2025-08-15 12:17:35,15/08/2025 12:17,-,-,-,-,-,-,-
1882850,😔 Desistiu (1 hora sem interação),1,talita.prates@ppgj.com.br,-,2025-08-15 13:35:42,15/08/2025 13:35,-,-,-,-,-,-,-
1882820,😭 Não Apto,4,talita.prates,-,2025-08-13 08:39:47,13/08/2025 08:39,-,-,-,-,-,-,-
1882815,😔 Desistiu (1 hora sem interação),1,-,-,2025-08-13 17:45:28,13/08/2025 17:45,-,-,-,-,-,-,-
1882756,😭 Não Apto,4,-,-,2025-08-12 17:08:13,12/08/2025 17:08,-,-,-,-,-,-,-
1882740,🧑‍🧑‍🧒‍🧒 Entrevista Individual,7,julia.bevilacqua@ppgj.com.br,-,2025-08-13 09:27:00,13/08/2025 09:27,-,-,-,-,-,-,-
1882737,✅ Aprovado,9,julia.bevilacqua@ppgj.com.br,-,2025-08-14 16:59:24,14/08/2025 16:59,-,-,-,-,-,-,-
1882712,🧑‍🧑‍🧒‍🧒 Apresentação da Vaga,6,mariajulia.souza@ppgj.com.br,-,2025-08-13 14:26:16,13/08/2025 14:26,-,-,-,-,-,-,-
1882710,😔 Desistiu (1 hora sem interação),1,pasquali@pasquali.com.br,-,2025-08-12 16:59:14,12/08/2025 16:59,-,-,-,-,-,-,-
1882414,🧑‍🧑‍🧒‍🧒 Apresentação da Vaga,6,mariajulia.souza@ppgj.com.br,-,2025-08-22 09:10:23,22/08/2025 09:10,-,-,-,-,-,-,-
1882113,✅ Aprovado,9,julia.bevilacqua@ppgj.com.br,-,2025-08-14 16:51:05,14/08/2025 16:51,-,-,-,-,-,-,-
1881941,😭 Não Apto,4,pasquali@pasquali.com.br,-,2025-08-12 14:50:40,12/08/2025 14:50,-,-,-,-,-,-,-
1881936,✅ Aprovado,9,julia.bevilacqua@ppgj.com.br,-,2025-08-14 16:40:40,14/08/2025 16:40,-,-,-,-,-,-,-
1881895,✅ Aprovado,9,julia.bevilacqua@ppgj.com.br,-,2025-08-14 16:56:29,14/08/2025 16:56,-,-,-,-,-,-,-
1881892,✅ Aprovado,9,julia.bevilacqua@ppgj.com.br,-,2025-08-14 16:01:52,14/08/2025 16:01,-,-,-,-,-,-,-
1881863,✅ Aprovado,9,julia.bevilacqua@ppgj.com.br,-,2025-08-15 15:30:14,15/08/2025 15:30,-,-,-,-,-,-,-
1881650,😔 Desistiu (1 hora sem interação),1,-,-,2025-08-13 14:10:33,13/08/2025 14:10,-,-,-,-,-,-,-
1881614,😔 Desistiu (1 hora sem interação),1,-,-,2025-08-13 13:56:32,13/08/2025 13:56,-,-,-,-,-,-,-
1881521,😔 Desistiu (1 hora sem interação),1,talita.prates@ppgj.com.br,-,2025-09-05 16:48:56,05/09/2025 16:48,-,-,-,-,-,-,-
1881204,✅ Aprovado,9,julia.bevilacqua@ppgj.com.br,-,2025-08-22 11:37:28,22/08/2025 11:37,-,-,-,-,-,-,-
1881015,📵 Black List (Impedir número de fazer novos processos),B,talita.prates@ppgj.com.br,-,2025-08-25 17:30:02,25/08/2025 17:30,-,-,-,-,-,-,-
1880895,✅ Aprovado,9,julia.bevilacqua@ppgj.com.br,-,2025-08-14 15:59:46,14/08/2025 15:59,-,-,-,-,-,-,-
1880809,✅ Aprovado,9,julia.bevilacqua@ppgj.com.br,-,2025-08-14 17:00:31,14/08/2025 17:00,-,-,-,-,-,-,-
1880630,✅ Aprovado,9,julia.bevilacqua@ppgj.com.br,-,2025-08-14 16:20:12,14/08/2025 16:20,-,-,-,-,-,-,-
1880614,✅ Aprovado,9,talita.prates@ppgj.com.br,-,2025-09-05 16:08:17,05/09/2025 16:08,-,-,-,-,-,-,-
1880607,✅ Aprovado,9,julia.bevilacqua@ppgj.com.br,-,2025-08-14 16:39:36,14/08/2025 16:39,-,-,-,-,-,-,-
1880532,😔 Desistiu (1 hora sem interação),1,-,-,2025-08-13 12:22:31,13/08/2025 12:22,-,-,-,-,-,-,-
1880365,✅ Aprovado,9,julia.bevilacqua@ppgj.com.br,-,2025-08-14 15:54:38,14/08/2025 15:54,-,-,-,-,-,-,-
1880303,😔 Desistiu (1 hora sem interação),1,-,-,2025-08-13 11:35:32,13/08/2025 11:35,-,-,-,-,-,-,-
1880283,🤔 Em Análise Parte2,8,talita.prates@ppgj.com.br,-,2025-08-13 10:51:28,13/08/2025 10:51,-,-,-,-,-,-,-
1879752,😔 Desistiu (1 hora sem interação),1,-,-,2025-08-13 08:08:30,13/08/2025 08:08,-,-,-,-,-,-,-
1879745,😔 Desistiu (1 hora sem interação),1,-,-,2025-08-13 07:48:30,13/08/2025 07:48,-,-,-,-,-,-,-
1879711,🤔 Em Análise Parte2,8,talita.prates@ppgj.com.br,-,2025-08-15 14:53:55,15/08/2025 14:53,-,-,-,-,-,-,-
1879706,😔 Desistiu (1 hora sem interação),1,-,-,2025-08-19 13:47:07,19/08/2025 13:47,-,-,-,-,-,-,-
1879664,✅ Aprovado,9,talita.prates@ppgj.com.br,-,2025-08-19 14:44:34,19/08/2025 14:44,-,-,-,-,-,-,-
1879661,😔 Desistiu (1 hora sem interação),1,-,-,2025-08-12 21:16:53,12/08/2025 21:16,-,-,-,-,-,-,-
1879628,✅ Aprovado,9,julia.bevilacqua@ppgj.com.br,-,2025-08-14 16:45:52,14/08/2025 16:45,-,-,-,-,-,-,-
1879601,😔 Desistiu (1 hora sem interação),1,-,-,2025-08-12 19:13:30,12/08/2025 19:13,-,-,-,-,-,-,-
1879588,🤔 Em Análise Parte1,5,pasquali@pasquali.com.br,-,2025-08-12 08:42:36,12/08/2025 08:42,-,-,-,-,-,-,-
1879585,😔 Desistiu (1 hora sem interação),1,-,-,2025-08-12 18:44:30,12/08/2025 18:44,-,-,-,-,-,-,-
1879584,✅ Aprovado,9,julia.bevilacqua@ppgj.com.br,-,2025-08-14 16:55:54,14/08/2025 16:55,-,-,-,-,-,-,-
1879582,😭 Não Apto,4,pasquali@pasquali.com.br,-,2025-08-12 08:46:55,12/08/2025 08:46,-,-,-,-,-,-,-
1879581,😭 Não Apto,4,-,-,2025-08-11 18:46:29,11/08/2025 18:46,-,-,-,-,-,-,-
1879579,😭 Não Apto,4,-,-,2025-08-11 19:02:43,11/08/2025 19:02,-,-,-,-,-,-,-
1879547,👍 Confirmação de Agendamento,C,pasquali@pasquali.com.br,-,2025-08-12 08:55:25,12/08/2025 08:55,-,-,-,-,-,-,-
1879479,🤔 Em Análise Parte1,5,pasquali@pasquali.com.br,-,2025-08-12 13:38:46,12/08/2025 13:38,-,-,-,-,-,-,-
1879365,✅ Aprovado,9,julia.bevilacqua@ppgj.com.br,-,2025-08-14 16:03:42,14/08/2025 16:03,-,-,-,-,-,-,-
1879357,✅ Aprovado,9,julia.bevilacqua@ppgj.com.br,-,2025-08-14 15:58:37,14/08/2025 15:58,-,-,-,-,-,-,-
1879354,😔 Desistiu (1 hora sem interação),1,-,-,2025-08-12 16:30:29,12/08/2025 16:30,-,-,-,-,-,-,-
1879328,✅ Aprovado,9,julia.bevilacqua@ppgj.com.br,-,2025-08-14 16:36:28,14/08/2025 16:36,-,-,-,-,-,-,-
1879314,😔 Desistiu (1 hora sem interação),1,pasquali@pasquali.com.br,-,2025-08-11 16:28:52,11/08/2025 16:28,-,-,-,-,-,-,-
1879310,🧑‍🧑‍🧒‍🧒 Apresentação da Vaga,6,pasquali@pasquali.com.br,-,2025-08-11 16:29:39,11/08/2025 16:29,-,-,-,-,-,-,-
1879298,😔 Desistiu (1 hora sem interação),1,mariajulia.souza@ppgj.com.br,-,2025-08-18 13:04:58,18/08/2025 13:04,-,-,-,-,-,-,-
1879293,😔 Desistiu (1 hora sem interação),1,talita.prates@ppgj.com.br,-,2025-08-15 13:29:55,15/08/2025 13:29,-,-,-,-,-,-,-
1879273,❌ Reprovado,A,julia.bevilacqua@ppgj.com.br,-,2025-08-15 17:02:36,15/08/2025 17:02,-,-,-,-,-,-,-
1879251,😭 Não Apto,4,pasquali@pasquali.com.br,-,2025-08-12 11:44:43,12/08/2025 11:44,-,-,-,-,-,-,-
1879223,✅ Aprovado,9,julia.bevilacqua@ppgj.com.br,-,2025-08-14 16:57:10,14/08/2025 16:57,-,-,-,-,-,-,-
1879205,🤔 Em Análise Parte2,8,pasquali@pasquali.com.br,-,2025-08-12 14:21:18,12/08/2025 14:21,-,-,-,-,-,-,-
1879178,✅ Aprovado,9,talita.prates@ppgj.com.br,-,2025-08-18 14:26:15,18/08/2025 14:26,-,-,-,-,-,-,-
1879160,😭 Não Apto,4,pasquali@pasquali.com.br,-,2025-08-11 15:51:37,11/08/2025 15:51,-,-,-,-,-,-,-
1879101,😔 Desistiu (1 hora sem interação),1,-,-,2025-08-12 14:43:28,12/08/2025 14:43,-,-,-,-,-,-,-
1879043,😔 Desistiu (1 hora sem interação),1,-,-,2025-08-12 14:36:28,12/08/2025 14:36,-,-,-,-,-,-,-
1879040,😔 Desistiu (1 hora sem interação),1,talita.prates@ppgj.com.br,-,2025-08-25 17:15:33,25/08/2025 17:15,-,-,-,-,-,-,-
1879033,😔 Desistiu (1 hora sem interação),1,-,-,2025-08-12 14:30:28,12/08/2025 14:30,-,-,-,-,-,-,-
1878989,✅ Aprovado,9,julia.bevilacqua@ppgj.com.br,-,2025-08-14 16:15:00,14/08/2025 16:15,-,-,-,-,-,-,-
1878970,😔 Desistiu (1 hora sem interação),1,pasquali@pasquali.com.br,-,2025-08-11 14:28:38,11/08/2025 14:28,-,-,-,-,-,-,-
1878952,😔 Desistiu (1 hora sem interação),1,pasquali@pasquali.com.br,-,2025-08-11 18:36:14,11/08/2025 18:36,-,-,-,-,-,-,-
1878925,😔 Desistiu (1 hora sem interação),1,pasquali@pasquali.com.br,-,2025-08-12 09:05:55,12/08/2025 09:05,-,-,-,-,-,-,-
1878884,😔 Desistiu (1 hora sem interação),1,talita.prates@ppgj.com.br,-,2025-08-25 16:40:09,25/08/2025 16:40,-,-,-,-,-,-,-
1878881,😔 Desistiu (1 hora sem interação),1,julia.bevilacqua@ppgj.com.br,-,2025-08-14 11:48:04,14/08/2025 11:48,-,-,-,-,-,-,-
1878861,😔 Desistiu (1 hora sem interação),1,pasquali@pasquali.com.br,-,2025-08-11 15:57:02,11/08/2025 15:57,-,-,-,-,-,-,-
1878764,✅ Aprovado,9,julia.bevilacqua@ppgj.com.br,-,2025-08-14 16:54:36,14/08/2025 16:54,-,-,-,-,-,-,-
1878745,✅ Aprovado,9,julia.bevilacqua@ppgj.com.br,-,2025-08-14 16:05:21,14/08/2025 16:05,-,-,-,-,-,-,-
1878665,😔 Desistiu (1 hora sem interação),1,-,-,2025-08-12 13:59:27,12/08/2025 13:59,-,-,-,-,-,-,-
1878651,✅ Aprovado,9,julia.bevilacqua@ppgj.com.br,-,2025-08-14 16:52:26,14/08/2025 16:52,-,-,-,-,-,-,-
1878645,🧑‍🧑‍🧒‍🧒 Entrevista Individual,7,talita.prates@ppgj.com.br,-,2025-08-13 14:57:51,13/08/2025 14:57,-,-,-,-,-,-,-
1878640,😔 Desistiu (1 hora sem interação),1,talita.prates@ppgj.com.br,-,2025-08-25 16:47:22,25/08/2025 16:47,-,-,-,-,-,-,-
1878634,😔 Desistiu (1 hora sem interação),1,julia.bevilacqua@ppgj.com.br,-,2025-08-13 08:29:04,13/08/2025 08:29,-,-,-,-,-,-,-
1878630,✅ Aprovado,9,julia.bevilacqua@ppgj.com.br,-,2025-08-14 16:53:38,14/08/2025 16:53,-,-,-,-,-,-,-
1878627,😔 Desistiu (1 hora sem interação),1,talita.prates@ppgj.com.br,-,2025-09-22 15:15:09,22/09/2025 15:15,-,-,-,-,-,-,-
1878625,✅ Aprovado,9,julia.bevilacqua@ppgj.com.br,-,2025-08-14 16:38:18,14/08/2025 16:38,-,-,-,-,-,-,-
1878623,🤔 Em Análise Parte2,8,pasquali@pasquali.com.br,-,2025-08-12 15:46:46,12/08/2025 15:46,-,-,-,-,-,-,-
1878617,🤔 Em Análise Parte2,8,talita.prates@ppgj.com.br,-,2025-09-03 11:04:37,03/09/2025 11:04,-,-,-,-,-,-,-
1878602,🤔 Em Análise Parte2,8,pasquali@pasquali.com.br,-,2025-08-12 10:48:07,12/08/2025 10:48,-,-,-,-,-,-,-
1878594,😔 Desistiu (1 hora sem interação),1,-,-,2025-08-12 13:27:30,12/08/2025 13:27,-,-,-,-,-,-,-
1878593,✅ Aprovado,9,julia.bevilacqua@ppgj.com.br,-,2025-08-14 15:57:58,14/08/2025 15:57,-,-,-,-,-,-,-
1878592,✅ Aprovado,9,julia.bevilacqua@ppgj.com.br,-,2025-08-14 16:37:39,14/08/2025 16:37,-,-,-,-,-,-,-
1878587,✅ Aprovado,9,julia.bevilacqua@ppgj.com.br,-,2025-08-14 16:51:37,14/08/2025 16:51,-,-,-,-,-,-,-
1878581,😔 Desistiu (1 hora sem interação),1,-,-,2025-08-12 13:23:27,12/08/2025 13:23,-,-,-,-,-,-,-
1878578,😔 Desistiu (1 hora sem interação),1,-,-,2025-08-12 13:21:28,12/08/2025 13:21,-,-,-,-,-,-,-
1878573,😔 Desistiu (1 hora sem interação),1,-,-,2025-08-12 13:18:27,12/08/2025 13:18,-,-,-,-,-,-,-
1878570,😔 Desistiu (1 hora sem interação),1,mariajulia.souza@ppgj.com.br,-,2025-08-14 12:18:37,14/08/2025 12:18,-,-,-,-,-,-,-
1878569,😔 Desistiu (1 hora sem interação),1,-,-,2025-08-12 13:15:27,12/08/2025 13:15,-,-,-,-,-,-,-
1878561,😔 Desistiu (1 hora sem interação),1,-,-,2025-08-12 13:09:27,12/08/2025 13:09,-,-,-,-,-,-,-
1878553,✅ Aprovado,9,julia.bevilacqua@ppgj.com.br,-,2025-08-22 13:19:02,22/08/2025 13:19,-,-,-,-,-,-,-
1878422,🤔 Em Análise Parte2,8,talita.prates@ppgj.com.br,-,2025-09-08 14:12:57,08/09/2025 14:12,-,-,-,-,-,-,-
1878025,😭 Não Apto,4,pasquali@pasquali.com.br,-,2025-08-11 13:18:10,11/08/2025 13:18,-,-,-,-,-,-,-
1877941,🧑‍🧑‍🧒‍🧒 Apresentação da Vaga,6,mariajulia.souza@ppgj.com.br,-,2025-09-12 14:52:54,12/09/2025 14:52,-,-,-,-,-,-,-
1877925,😔 Desistiu (1 hora sem interação),1,-,-,2025-08-12 11:55:27,12/08/2025 11:55,-,-,-,-,-,-,-
1877903,😔 Desistiu (1 hora sem interação),1,-,-,2025-08-12 11:54:27,12/08/2025 11:54,-,-,-,-,-,-,-
1877233,😔 Desistiu (1 hora sem interação),1,-,-,2025-08-12 10:57:27,12/08/2025 10:57,-,-,-,-,-,-,-
1877231,😔 Desistiu (1 hora sem interação),1,-,-,2025-08-12 10:57:27,12/08/2025 10:57,-,-,-,-,-,-,-
1876727,😔 Desistiu (1 hora sem interação),1,-,-,2025-08-12 10:08:26,12/08/2025 10:08,-,-,-,-,-,-,-
1876460,😔 Desistiu (1 hora sem interação),1,-,-,2025-08-12 09:32:26,12/08/2025 09:32,-,-,-,-,-,-,-
1876423,😔 Desistiu (1 hora sem interação),1,-,-,2025-08-12 09:23:26,12/08/2025 09:23,-,-,-,-,-,-,-
1876410,❌ Reprovado,A,julia.bevilacqua@ppgj.com.br,-,2025-08-28 08:57:03,28/08/2025 08:57,-,-,-,-,-,-,-
1876401,✅ Aprovado,9,julia.bevilacqua@ppgj.com.br,-,2025-08-14 16:58:46,14/08/2025 16:58,-,-,-,-,-,-,-
1876399,😔 Desistiu (1 hora sem interação),1,-,-,2025-08-12 09:05:25,12/08/2025 09:05,-,-,-,-,-,-,-
1876392,😭 Não Apto,4,pasquali@pasquali.com.br,-,2025-08-11 12:13:33,11/08/2025 12:13,-,-,-,-,-,-,-
1876384,🧑‍🧑‍🧒‍🧒 Apresentação da Vaga,6,pasquali@pasquali.com.br,-,2025-08-11 09:05:39,11/08/2025 09:05,-,-,-,-,-,-,-
1876378,😔 Desistiu (1 hora sem interação),1,-,-,2025-08-12 08:39:25,12/08/2025 08:39,-,-,-,-,-,-,-
1876375,👍 Confirmação de Agendamento,C,talita.prates@ppgj.com.br,-,2025-09-11 16:10:25,11/09/2025 16:10,-,-,-,-,-,-,-
1876371,😔 Desistiu (1 hora sem interação),1,-,-,2025-08-12 14:51:28,12/08/2025 14:51,-,-,-,-,-,-,-
1876351,😔 Desistiu (1 hora sem interação),1,talita.prates@ppgj.com.br,-,2025-08-18 10:55:43,18/08/2025 10:55,-,-,-,-,-,-,-
1876319,✅ Aprovado,9,julia.bevilacqua@ppgj.com.br,-,2025-08-25 11:42:49,25/08/2025 11:42,-,-,-,-,-,-,-
1876014,😔 Desistiu (1 hora sem interação),1,-,-,2025-08-10 19:28:20,10/08/2025 19:28,-,-,-,-,-,-,-
1875906,😭 Não Apto,4,pasquali@pasquali.com.br,-,2025-08-11 08:54:35,11/08/2025 08:54,-,-,-,-,-,-,-
1875646,✅ Aprovado,9,julia.bevilacqua@ppgj.com.br,-,2025-08-14 16:02:49,14/08/2025 16:02,-,-,-,-,-,-,-
1875395,👍 Confirmação de Agendamento,C,pasquali@pasquali.com.br,-,2025-08-08 17:05:08,08/08/2025 17:05,22/09/2025 15:46,-,44.95 dias,-,-,-,-
1875395,🧑‍🧑‍🧒‍🧒 Apresentação da Vaga,6,talita.prates@ppgj.com.br,-,2025-09-22 15:46:30,22/09/2025 15:46,-,-,-,-,-,-,-
1875386,👍 Confirmação de Agendamento,C,talita.prates@ppgj.com.br,-,2025-09-11 16:03:21,11/09/2025 16:03,-,-,-,-,-,-,-
1875213,✅ Aprovado,9,pasquali@pasquali.com.br,-,2025-08-11 15:18:27,11/08/2025 15:18,-,-,-,-,-,-,-
1875181,✅ Aprovado,9,pasquali@pasquali.com.br,-,2025-08-11 15:18:49,11/08/2025 15:18,-,-,-,-,-,-,-
1875103,😔 Desistiu (1 hora sem interação),1,-,-,2025-08-09 14:52:21,09/08/2025 14:52,-,-,-,-,-,-,-
1875040,✅ Aprovado,9,pasquali@pasquali.com.br,-,2025-08-11 15:19:24,11/08/2025 15:19,-,-,-,-,-,-,-
1874885,😔 Desistiu (1 hora sem interação),1,pasquali@pasquali.com.br,-,2025-08-11 15:40:18,11/08/2025 15:40,-,-,-,-,-,-,-
1874874,😔 Desistiu (1 hora sem interação),1,-,-,2025-08-18 13:02:49,18/08/2025 13:02,-,-,-,-,-,-,-
1874869,😔 Desistiu (1 hora sem interação),1,-,-,2025-08-09 13:00:20,09/08/2025 13:00,-,-,-,-,-,-,-
1874838,✅ Aprovado,9,julia.bevilacqua@ppgj.com.br,-,2025-08-14 15:55:14,14/08/2025 15:55,-,-,-,-,-,-,-
1874824,😔 Desistiu (1 hora sem interação),1,-,-,2025-08-09 12:34:20,09/08/2025 12:34,-,-,-,-,-,-,-
1874736,😔 Desistiu (1 hora sem interação),1,-,-,2025-08-09 11:47:19,09/08/2025 11:47,-,-,-,-,-,-,-
1874711,😔 Desistiu (1 hora sem interação),1,pasquali@pasquali.com.br,-,2025-08-12 10:16:25,12/08/2025 10:16,-,-,-,-,-,-,-
1874662,😔 Desistiu (1 hora sem interação),1,talita.prates,-,2025-08-21 17:44:56,21/08/2025 17:44,-,-,-,-,-,-,-
1874644,😔 Desistiu (1 hora sem interação),1,pasquali@pasquali.com.br,-,2025-08-08 11:50:46,08/08/2025 11:50,-,-,-,-,-,-,-
1874597,😔 Desistiu (1 hora sem interação),1,-,-,2025-08-09 10:49:19,09/08/2025 10:49,-,-,-,-,-,-,-
1874567,😔 Desistiu (1 hora sem interação),1,-,-,2025-08-09 10:37:19,09/08/2025 10:37,-,-,-,-,-,-,-
1874563,😔 Desistiu (1 hora sem interação),1,-,-,2025-08-09 10:36:19,09/08/2025 10:36,-,-,-,-,-,-,-
1874559,😔 Desistiu (1 hora sem interação),1,pasquali@pasquali.com.br,-,2025-08-08 15:32:08,08/08/2025 15:32,-,-,-,-,-,-,-
1874556,✅ Aprovado,9,julia.bevilacqua@ppgj.com.br,-,2025-09-08 15:30:49,08/09/2025 15:30,-,-,-,-,-,-,-
1874546,😔 Desistiu (1 hora sem interação),1,-,-,2025-08-23 10:28:32,23/08/2025 10:28,-,-,-,-,-,-,-
1874532,😔 Desistiu (1 hora sem interação),1,-,-,2025-08-09 10:23:19,09/08/2025 10:23,-,-,-,-,-,-,-
1874509,😔 Desistiu (1 hora sem interação),1,-,-,2025-08-09 10:19:19,09/08/2025 10:19,-,-,-,-,-,-,-
1874506,✅ Aprovado,9,julia.bevilacqua@ppgj.com.br,-,2025-08-14 16:00:56,14/08/2025 16:00,-,-,-,-,-,-,-
1874475,✅ Aprovado,9,pasquali@pasquali.com.br,-,2025-08-08 11:36:10,08/08/2025 11:36,-,-,-,-,-,-,-
1874458,✅ Aprovado,9,julia.bevilacqua@ppgj.com.br,-,2025-08-14 16:55:15,14/08/2025 16:55,-,-,-,-,-,-,-
1874390,✅ Aprovado,9,pasquali@pasquali.com.br,-,2025-08-08 16:08:42,08/08/2025 16:08,-,-,-,-,-,-,-
1874351,😔 Desistiu (1 hora sem interação),1,-,-,2025-08-09 00:12:15,09/08/2025 00:12,-,-,-,-,-,-,-
1874346,😭 Não Apto,4,pasquali@pasquali.com.br,-,2025-08-11 09:06:59,11/08/2025 09:06,-,-,-,-,-,-,-
1874292,😔 Desistiu (1 hora sem interação),1,-,-,2025-08-08 19:41:41,08/08/2025 19:41,-,-,-,-,-,-,-
1874206,😔 Desistiu (1 hora sem interação),1,-,-,2025-08-08 18:05:40,08/08/2025 18:05,-,-,-,-,-,-,-
1874190,😔 Desistiu (1 hora sem interação),1,-,-,2025-08-08 17:50:41,08/08/2025 17:50,-,-,-,-,-,-,-
1874184,😔 Desistiu (1 hora sem interação),1,-,-,2025-08-08 17:46:37,08/08/2025 17:46,-,-,-,-,-,-,-
1874148,😭 Não Apto,4,-,-,2025-08-07 17:43:29,07/08/2025 17:43,-,-,-,-,-,-,-
1874092,😔 Desistiu (1 hora sem interação),1,pasquali@pasquali.com.br,-,2025-08-08 11:22:14,08/08/2025 11:22,-,-,-,-,-,-,-
1874078,📵 Black List (Impedir número de fazer novos processos),B,talita.prates@ppgj.com.br,-,2025-08-20 08:50:47,20/08/2025 08:50,-,-,-,-,-,-,-
1874056,😔 Desistiu (1 hora sem interação),1,talita.prates@ppgj.com.br,-,2025-08-25 16:19:40,25/08/2025 16:19,-,-,-,-,-,-,-
1874033,✅ Aprovado,9,pasquali@pasquali.com.br,-,2025-08-08 16:04:37,08/08/2025 16:04,-,-,-,-,-,-,-
1873982,😔 Desistiu (1 hora sem interação),1,-,-,2025-08-09 16:58:22,09/08/2025 16:58,-,-,-,-,-,-,-
1873977,✅ Aprovado,9,pasquali@pasquali.com.br,-,2025-08-08 16:06:47,08/08/2025 16:06,-,-,-,-,-,-,-
1873967,😔 Desistiu (1 hora sem interação),1,pasquali@pasquali.com.br,-,2025-08-11 14:16:49,11/08/2025 14:16,-,-,-,-,-,-,-
1873941,😭 Não Apto,4,-,-,2025-08-07 15:38:02,07/08/2025 15:38,-,-,-,-,-,-,-
1873939,🧑‍🧑‍🧒‍🧒 Apresentação da Vaga,6,pasquali@pasquali.com.br,-,2025-08-07 16:43:58,07/08/2025 16:43,-,-,-,-,-,-,-
1873937,😔 Desistiu (1 hora sem interação),1,pasquali@pasquali.com.br,-,2025-08-08 10:24:01,08/08/2025 10:24,-,-,-,-,-,-,-
1873928,😭 Não Apto,4,pasquali@pasquali.com.br,-,2025-08-07 15:44:08,07/08/2025 15:44,-,-,-,-,-,-,-
1873910,✅ Aprovado,9,pasquali@pasquali.com.br,-,2025-08-08 11:56:04,08/08/2025 11:56,-,-,-,-,-,-,-
1873902,🧑‍🧑‍🧒‍🧒 Apresentação da Vaga,6,pasquali@pasquali.com.br,-,2025-08-07 16:13:56,07/08/2025 16:13,-,-,-,-,-,-,-
1873869,👍 Confirmação de Agendamento,C,talita.prates@ppgj.com.br,-,2025-09-11 13:41:53,11/09/2025 13:41,-,-,-,-,-,-,-
1873842,🧑‍🧑‍🧒‍🧒 Apresentação da Vaga,6,mariajulia.souza@ppgj.com.br,-,2025-09-19 13:39:47,19/09/2025 13:39,23/09/2025 09:50,-,3.84 dias,-,-,-,-
1873842,😔 Desistiu (1 hora sem interação),1,mariajulia.souza@ppgj.com.br,-,2025-09-23 09:50:24,23/09/2025 09:50,-,-,-,-,-,-,-
1873819,😔 Desistiu (1 hora sem interação),1,-,-,2025-08-08 14:20:15,08/08/2025 14:20,-,-,-,-,-,-,-
1873695,😭 Não Apto,4,pasquali@pasquali.com.br,-,2025-08-07 13:26:51,07/08/2025 13:26,-,-,-,-,-,-,-
1873686,🧑‍🧑‍🧒‍🧒 Apresentação da Vaga,6,pasquali@pasquali.com.br,-,2025-08-08 09:01:43,08/08/2025 09:01,-,-,-,-,-,-,-
1873676,😔 Desistiu (1 hora sem interação),1,-,-,2025-08-08 13:01:14,08/08/2025 13:01,-,-,-,-,-,-,-
1873674,😭 Não Apto,4,pasquali@pasquali.com.br,-,2025-08-08 11:05:33,08/08/2025 11:05,-,-,-,-,-,-,-
1873673,😭 Não Apto,4,pasquali@pasquali.com.br,-,2025-08-08 11:34:55,08/08/2025 11:34,-,-,-,-,-,-,-
1873636,😔 Desistiu (1 hora sem interação),1,pasquali@pasquali.com.br,-,2025-08-07 15:18:16,07/08/2025 15:18,-,-,-,-,-,-,-
1873581,✅ Aprovado,9,julia.bevilacqua@ppgj.com.br,-,2025-08-14 16:37:03,14/08/2025 16:37,-,-,-,-,-,-,-
1873574,🤔 Em Análise Parte2,8,julia.bevilacqua@ppgj.com.br,-,2025-08-19 14:56:57,19/08/2025 14:56,-,-,-,-,-,-,-
1873561,😔 Desistiu (1 hora sem interação),1,-,-,2025-08-08 11:46:14,08/08/2025 11:46,-,-,-,-,-,-,-
1873530,😔 Desistiu (1 hora sem interação),1,pasquali@pasquali.com.br,-,2025-08-08 09:46:37,08/08/2025 09:46,-,-,-,-,-,-,-
1873520,😔 Desistiu (1 hora sem interação),1,talita.prates@ppgj.com.br,-,2025-08-12 18:31:37,12/08/2025 18:31,-,-,-,-,-,-,-
1873513,😭 Não Apto,4,pasquali@pasquali.com.br,-,2025-08-07 11:44:23,07/08/2025 11:44,-,-,-,-,-,-,-
1873508,🧑‍🧑‍🧒‍🧒 Apresentação da Vaga,6,pasquali@pasquali.com.br,-,2025-08-08 09:03:41,08/08/2025 09:03,-,-,-,-,-,-,-
1873507,😔 Desistiu (1 hora sem interação),1,-,-,2025-08-08 11:19:14,08/08/2025 11:19,-,-,-,-,-,-,-
1873488,😔 Desistiu (1 hora sem interação),1,-,-,2025-08-08 11:09:14,08/08/2025 11:09,-,-,-,-,-,-,-
1873443,😔 Desistiu (1 hora sem interação),1,-,-,2025-08-08 10:37:13,08/08/2025 10:37,-,-,-,-,-,-,-
1873424,😔 Desistiu (1 hora sem interação),1,-,-,2025-08-08 10:26:14,08/08/2025 10:26,-,-,-,-,-,-,-
1873303,✅ Aprovado,9,julia.bevilacqua@ppgj.com.br,-,2025-08-14 16:35:32,14/08/2025 16:35,-,-,-,-,-,-,-
1873300,😔 Desistiu (1 hora sem interação),1,-,-,2025-08-08 10:07:13,08/08/2025 10:07,-,-,-,-,-,-,-
1873283,🤔 Em Análise Parte2,8,pasquali@pasquali.com.br,-,2025-08-07 14:38:11,07/08/2025 14:38,-,-,-,-,-,-,-
1873241,✅ Aprovado,9,pasquali@pasquali.com.br,-,2025-08-08 16:10:34,08/08/2025 16:10,-,-,-,-,-,-,-
1873239,❌ Reprovado,A,pasquali@pasquali.com.br,-,2025-08-08 17:09:15,08/08/2025 17:09,-,-,-,-,-,-,-
1873220,😔 Desistiu (1 hora sem interação),1,-,-,2025-08-08 09:16:13,08/08/2025 09:16,-,-,-,-,-,-,-
1873177,😭 Não Apto,4,pasquali@pasquali.com.br,-,2025-08-07 10:32:35,07/08/2025 10:32,-,-,-,-,-,-,-
1873169,✅ Aprovado,9,julia.bevilacqua@ppgj.com.br,-,2025-09-18 13:18:01,18/09/2025 13:18,-,-,-,-,-,-,-
1873152,😔 Desistiu (1 hora sem interação),1,-,-,2025-08-08 07:50:17,08/08/2025 07:50,-,-,-,-,-,-,-
1873150,📵 Black List (Impedir número de fazer novos processos),B,talita.prates@ppgj.com.br,-,2025-08-20 11:48:59,20/08/2025 11:48,-,-,-,-,-,-,-
1873143,✅ Aprovado,9,pasquali@pasquali.com.br,-,2025-08-08 11:54:05,08/08/2025 11:54,-,-,-,-,-,-,-
1873140,😭 Não Apto,4,pasquali@pasquali.com.br,-,2025-08-07 11:22:51,07/08/2025 11:22,-,-,-,-,-,-,-
1873139,😭 Não Apto,4,-,-,2025-08-07 00:50:35,07/08/2025 00:50,-,-,-,-,-,-,-
1873135,😔 Desistiu (1 hora sem interação),1,-,-,2025-08-07 23:10:38,07/08/2025 23:10,-,-,-,-,-,-,-
1873056,✅ Aprovado,9,pasquali@pasquali.com.br,-,2025-08-08 12:23:26,08/08/2025 12:23,-,-,-,-,-,-,-
1873001,✅ Aprovado,9,talita.prates@ppgj.com.br,-,2025-09-05 14:33:56,05/09/2025 14:33,-,-,-,-,-,-,-
1872931,📵 Black List (Impedir número de fazer novos processos),B,talita.prates,-,2025-08-21 18:00:10,21/08/2025 18:00,-,-,-,-,-,-,-
1872924,👍 Confirmação de Agendamento,C,pasquali@pasquali.com.br,-,2025-08-07 09:10:43,07/08/2025 09:10,-,-,-,-,-,-,-
1872758,😔 Desistiu (1 hora sem interação),1,-,-,2025-08-07 15:10:20,07/08/2025 15:10,-,-,-,-,-,-,-
1872704,😔 Desistiu (1 hora sem interação),1,talita.prates@ppgj.com.br,-,2025-08-25 16:46:27,25/08/2025 16:46,-,-,-,-,-,-,-
1872693,🧑‍🧑‍🧒‍🧒 Apresentação da Vaga,6,pasquali@pasquali.com.br,-,2025-08-07 10:08:21,07/08/2025 10:08,-,-,-,-,-,-,-
1872680,😔 Desistiu (1 hora sem interação),1,pasquali@pasquali.com.br,-,2025-08-08 10:17:16,08/08/2025 10:17,-,-,-,-,-,-,-
1872665,😔 Desistiu (1 hora sem interação),1,pasquali@pasquali.com.br,-,2025-08-08 10:21:21,08/08/2025 10:21,-,-,-,-,-,-,-
1872659,🧑‍🧑‍🧒‍🧒 Apresentação da Vaga,6,pasquali@pasquali.com.br,-,2025-08-07 10:09:37,07/08/2025 10:09,-,-,-,-,-,-,-
1872648,😔 Desistiu (1 hora sem interação),1,talita.prates@ppgj.com.br,-,2025-08-19 13:43:06,19/08/2025 13:43,-,-,-,-,-,-,-
1872636,✅ Aprovado,9,pasquali@pasquali.com.br,-,2025-08-08 12:09:18,08/08/2025 12:09,-,-,-,-,-,-,-
1872553,🤔 Em Análise Parte2,8,pasquali@pasquali.com.br,-,2025-08-08 14:05:49,08/08/2025 14:05,-,-,-,-,-,-,-
1872533,😔 Desistiu (1 hora sem interação),1,pasquali@pasquali.com.br,-,2025-08-07 08:22:27,07/08/2025 08:22,-,-,-,-,-,-,-
1872484,🧑‍🧑‍🧒‍🧒 Apresentação da Vaga,6,pasquali@pasquali.com.br,-,2025-08-06 14:24:36,06/08/2025 14:24,-,-,-,-,-,-,-
1872483,❌ Reprovado,A,julia.bevilacqua@ppgj.com.br,-,2025-08-13 11:19:01,13/08/2025 11:19,-,-,-,-,-,-,-
1872350,😔 Desistiu (1 hora sem interação),1,pasquali@pasquali.com.br,-,2025-08-07 09:12:47,07/08/2025 09:12,-,-,-,-,-,-,-
1871909,✅ Aprovado,9,pasquali@pasquali.com.br,-,2025-08-08 12:21:57,08/08/2025 12:21,-,-,-,-,-,-,-
1871853,😭 Não Apto,4,pasquali@pasquali.com.br,-,2025-08-06 12:09:26,06/08/2025 12:09,-,-,-,-,-,-,-
1871721,😔 Desistiu (1 hora sem interação),1,talita.prates@ppgj.com.br,-,2025-08-18 10:56:56,18/08/2025 10:56,-,-,-,-,-,-,-
1871666,✅ Aprovado,9,pasquali@pasquali.com.br,-,2025-08-08 12:24:14,08/08/2025 12:24,-,-,-,-,-,-,-
1871564,✅ Aprovado,9,pasquali@pasquali.com.br,-,2025-08-06 17:14:07,06/08/2025 17:14,-,-,-,-,-,-,-
1871305,😔 Desistiu (1 hora sem interação),1,-,-,2025-08-07 10:24:16,07/08/2025 10:24,-,-,-,-,-,-,-
1871175,😔 Desistiu (1 hora sem interação),1,talita.prates@ppgj.com.br,-,2025-09-05 16:23:20,05/09/2025 16:23,-,-,-,-,-,-,-
1871129,😭 Não Apto,4,pasquali@pasquali.com.br,-,2025-08-08 17:00:54,08/08/2025 17:00,-,-,-,-,-,-,-
1871114,😭 Não Apto,4,pasquali@pasquali.com.br,-,2025-08-06 10:30:23,06/08/2025 10:30,-,-,-,-,-,-,-
1871033,😔 Desistiu (1 hora sem interação),1,pasquali@pasquali.com.br,-,2025-08-11 11:58:05,11/08/2025 11:58,-,-,-,-,-,-,-
1870863,😔 Desistiu (1 hora sem interação),1,pasquali@pasquali.com.br,-,2025-08-08 10:11:54,08/08/2025 10:11,-,-,-,-,-,-,-
1870594,😔 Desistiu (1 hora sem interação),1,-,-,2025-08-07 09:10:15,07/08/2025 09:10,-,-,-,-,-,-,-
1870547,😭 Não Apto,4,-,-,2025-08-06 08:22:55,06/08/2025 08:22,-,-,-,-,-,-,-
1870539,😭 Não Apto,4,talita.prates@ppgj.com.br,-,2025-09-05 15:33:32,05/09/2025 15:33,-,-,-,-,-,-,-
1870487,😔 Desistiu (1 hora sem interação),1,pasquali@pasquali.com.br,-,2025-08-08 10:15:30,08/08/2025 10:15,-,-,-,-,-,-,-
1870419,😔 Desistiu (1 hora sem interação),1,-,-,2025-08-06 19:46:02,06/08/2025 19:46,-,-,-,-,-,-,-
1870334,🧑‍🧑‍🧒‍🧒 Apresentação da Vaga,6,pasquali@pasquali.com.br,-,2025-08-07 10:13:34,07/08/2025 10:13,-,-,-,-,-,-,-
1870258,🧑‍🧑‍🧒‍🧒 Apresentação da Vaga,6,pasquali@pasquali.com.br,-,2025-08-06 14:33:44,06/08/2025 14:33,-,-,-,-,-,-,-
1870247,😔 Desistiu (1 hora sem interação),1,talita.prates@ppgj.com.br,-,2025-09-05 16:34:15,05/09/2025 16:34,-,-,-,-,-,-,-
1870185,😔 Desistiu (1 hora sem interação),1,-,-,2025-08-06 16:24:00,06/08/2025 16:24,-,-,-,-,-,-,-
1870168,✅ Aprovado,9,pasquali@pasquali.com.br,-,2025-08-08 12:22:50,08/08/2025 12:22,-,-,-,-,-,-,-
1870120,😭 Não Apto,4,pasquali@pasquali.com.br,-,2025-08-06 09:57:58,06/08/2025 09:57,-,-,-,-,-,-,-
1870083,😔 Desistiu (1 hora sem interação),1,-,-,2025-08-06 15:36:00,06/08/2025 15:36,-,-,-,-,-,-,-
1870035,✅ Aprovado,9,pasquali@pasquali.com.br,-,2025-08-08 12:05:23,08/08/2025 12:05,-,-,-,-,-,-,-
1870009,😔 Desistiu (1 hora sem interação),1,talita.prates@ppgj.com.br,-,2025-08-15 13:33:35,15/08/2025 13:33,-,-,-,-,-,-,-
1870008,✅ Aprovado,9,pasquali@pasquali.com.br,-,2025-08-06 17:13:12,06/08/2025 17:13,-,-,-,-,-,-,-
1869966,😔 Desistiu (1 hora sem interação),1,-,-,2025-08-06 14:26:00,06/08/2025 14:26,-,-,-,-,-,-,-
1869935,😭 Não Apto,4,pasquali@pasquali.com.br,-,2025-08-05 15:27:41,05/08/2025 15:27,-,-,-,-,-,-,-
1869903,🧑‍🧑‍🧒‍🧒 Apresentação da Vaga,6,talita.prates@ppgj.com.br,-,2025-08-15 17:45:25,15/08/2025 17:45,-,-,-,-,-,-,-
1869874,✅ Aprovado,9,pasquali@pasquali.com.br,-,2025-08-06 16:54:54,06/08/2025 16:54,-,-,-,-,-,-,-
1869870,😔 Desistiu (1 hora sem interação),1,-,-,2025-08-06 13:40:59,06/08/2025 13:40,-,-,-,-,-,-,-
1869846,👍 Confirmação de Agendamento,C,julia.bevilacqua@ppgj.com.br,-,2025-09-11 16:15:48,11/09/2025 16:15,-,-,-,-,-,-,-
1869842,✅ Aprovado,9,pasquali@pasquali.com.br,-,2025-08-07 12:10:29,07/08/2025 12:10,-,-,-,-,-,-,-
1869824,😭 Não Apto,4,pasquali@pasquali.com.br,-,2025-08-05 13:25:38,05/08/2025 13:25,-,-,-,-,-,-,-
1869783,✅ Aprovado,9,pasquali@pasquali.com.br,-,2025-08-08 12:20:49,08/08/2025 12:20,-,-,-,-,-,-,-
1869767,✅ Aprovado,9,julia.bevilacqua@ppgj.com.br,-,2025-08-22 11:18:36,22/08/2025 11:18,-,-,-,-,-,-,-
1869764,✅ Aprovado,9,pasquali@pasquali.com.br,-,2025-08-06 16:51:42,06/08/2025 16:51,-,-,-,-,-,-,-
1869762,😭 Não Apto,4,-,-,2025-08-05 12:39:45,05/08/2025 12:39,-,-,-,-,-,-,-
1869729,😔 Desistiu (1 hora sem interação),1,-,-,2025-08-06 12:05:58,06/08/2025 12:05,-,-,-,-,-,-,-
1869721,😔 Desistiu (1 hora sem interação),1,pasquali@pasquali.com.br,-,2025-08-06 08:56:45,06/08/2025 08:56,-,-,-,-,-,-,-
1869686,😔 Desistiu (1 hora sem interação),1,talita.prates@ppgj.com.br,-,2025-08-27 16:50:23,27/08/2025 16:50,-,-,-,-,-,-,-
1869676,😔 Desistiu (1 hora sem interação),1,pasquali@pasquali.com.br,-,2025-08-08 10:20:14,08/08/2025 10:20,-,-,-,-,-,-,-
1869635,😔 Desistiu (1 hora sem interação),1,-,-,2025-08-06 11:14:58,06/08/2025 11:14,-,-,-,-,-,-,-
1869609,✅ Aprovado,9,pasquali@pasquali.com.br,-,2025-08-06 16:57:25,06/08/2025 16:57,-,-,-,-,-,-,-
1869552,😔 Desistiu (1 hora sem interação),1,talita.prates@ppgj.com.br,-,2025-08-18 10:57:13,18/08/2025 10:57,-,-,-,-,-,-,-
1869398,😔 Desistiu (1 hora sem interação),1,-,-,2025-08-06 10:00:58,06/08/2025 10:00,-,-,-,-,-,-,-
1869393,✅ Aprovado,9,pasquali@pasquali.com.br,-,2025-08-07 12:00:39,07/08/2025 12:00,-,-,-,-,-,-,-
1869385,🧑‍🧑‍🧒‍🧒 Apresentação da Vaga,6,pasquali@pasquali.com.br,-,2025-08-05 11:07:01,05/08/2025 11:07,-,-,-,-,-,-,-
1869380,🧑‍🧑‍🧒‍🧒 Apresentação da Vaga,6,pasquali@pasquali.com.br,-,2025-08-05 11:12:28,05/08/2025 11:12,-,-,-,-,-,-,-
1869378,✅ Aprovado,9,pasquali@pasquali.com.br,-,2025-08-08 12:17:47,08/08/2025 12:17,-,-,-,-,-,-,-
1869376,✅ Aprovado,9,pasquali@pasquali.com.br,-,2025-08-07 11:59:14,07/08/2025 11:59,-,-,-,-,-,-,-
1869371,😔 Desistiu (1 hora sem interação),1,pasquali@pasquali.com.br,-,2025-08-06 09:55:54,06/08/2025 09:55,-,-,-,-,-,-,-
1869284,😭 Não Apto,4,julia.bevilacqua@ppgj.com.br,-,2025-08-18 12:28:52,18/08/2025 12:28,-,-,-,-,-,-,-
1869220,😔 Desistiu (1 hora sem interação),1,-,-,2025-08-06 08:23:57,06/08/2025 08:23,-,-,-,-,-,-,-
1869143,😔 Desistiu (1 hora sem interação),1,-,-,2025-08-05 21:16:53,05/08/2025 21:16,-,-,-,-,-,-,-
1869140,❌ Reprovado,A,pasquali@pasquali.com.br,-,2025-08-07 15:29:32,07/08/2025 15:29,-,-,-,-,-,-,-
1869128,✅ Aprovado,9,pasquali@pasquali.com.br,-,2025-08-06 17:07:11,06/08/2025 17:07,-,-,-,-,-,-,-
1869127,✅ Aprovado,9,pasquali@pasquali.com.br,-,2025-08-06 16:54:01,06/08/2025 16:54,-,-,-,-,-,-,-
1869094,✅ Aprovado,9,pasquali@pasquali.com.br,-,2025-08-06 17:15:16,06/08/2025 17:15,-,-,-,-,-,-,-
1869028,✅ Aprovado,9,pasquali@pasquali.com.br,-,2025-08-07 12:03:37,07/08/2025 12:03,-,-,-,-,-,-,-
1868708,😔 Desistiu (1 hora sem interação),1,talita.prates@ppgj.com.br,-,2025-08-19 15:30:21,19/08/2025 15:30,-,-,-,-,-,-,-
1868430,😭 Não Apto,4,pasquali@pasquali.com.br,-,2025-08-04 16:11:20,04/08/2025 16:11,-,-,-,-,-,-,-
1868409,😔 Desistiu (1 hora sem interação),1,-,-,2025-08-05 15:42:51,05/08/2025 15:42,-,-,-,-,-,-,-
1868405,✅ Aprovado,9,pasquali@pasquali.com.br,-,2025-08-08 12:10:11,08/08/2025 12:10,-,-,-,-,-,-,-
1868403,😔 Desistiu (1 hora sem interação),1,pasquali@pasquali.com.br,-,2025-08-06 08:43:34,06/08/2025 08:43,-,-,-,-,-,-,-
1868399,❌ Reprovado,A,pasquali@pasquali.com.br,-,2025-08-04 15:41:37,04/08/2025 15:41,-,-,-,-,-,-,-
1868389,😔 Desistiu (1 hora sem interação),1,-,-,2025-08-05 15:32:51,05/08/2025 15:32,-,-,-,-,-,-,-
1868379,🧑‍🧑‍🧒‍🧒 Apresentação da Vaga,6,pasquali@pasquali.com.br,-,2025-08-04 17:34:49,04/08/2025 17:34,-,-,-,-,-,-,-
1868371,✅ Aprovado,9,pasquali@pasquali.com.br,-,2025-08-07 11:51:47,07/08/2025 11:51,-,-,-,-,-,-,-
1868369,😔 Desistiu (1 hora sem interação),1,pasquali@pasquali.com.br,-,2025-08-04 16:54:51,04/08/2025 16:54,-,-,-,-,-,-,-
1868363,😔 Desistiu (1 hora sem interação),1,-,-,2025-08-05 15:15:51,05/08/2025 15:15,-,-,-,-,-,-,-
1868341,😔 Desistiu (1 hora sem interação),1,pasquali@pasquali.com.br,-,2025-08-05 13:44:15,05/08/2025 13:44,-,-,-,-,-,-,-
1868326,😭 Não Apto,4,pasquali@pasquali.com.br,-,2025-08-04 15:26:00,04/08/2025 15:26,-,-,-,-,-,-,-
1868197,😔 Desistiu (1 hora sem interação),1,pasquali@pasquali.com.br,-,2025-08-05 14:01:32,05/08/2025 14:01,-,-,-,-,-,-,-
1868186,😔 Desistiu (1 hora sem interação),1,pasquali@pasquali.com.br,-,2025-08-04 15:04:08,04/08/2025 15:04,-,-,-,-,-,-,-
1868176,✅ Aprovado,9,pasquali@pasquali.com.br,-,2025-08-07 15:21:44,07/08/2025 15:21,-,-,-,-,-,-,-
1868174,😔 Desistiu (1 hora sem interação),1,-,-,2025-08-05 14:07:50,05/08/2025 14:07,-,-,-,-,-,-,-
1868161,😔 Desistiu (1 hora sem interação),1,-,-,2025-08-05 14:02:49,05/08/2025 14:02,-,-,-,-,-,-,-
1868118,😔 Desistiu (1 hora sem interação),1,talita.prates@ppgj.com.br,-,2025-08-25 15:25:01,25/08/2025 15:25,-,-,-,-,-,-,-
1868093,😔 Desistiu (1 hora sem interação),1,-,-,2025-08-05 13:28:49,05/08/2025 13:28,-,-,-,-,-,-,-
1868007,✅ Aprovado,9,pasquali@pasquali.com.br,-,2025-08-06 16:52:17,06/08/2025 16:52,-,-,-,-,-,-,-
1868000,✅ Aprovado,9,pasquali@pasquali.com.br,-,2025-08-07 11:50:42,07/08/2025 11:50,-,-,-,-,-,-,-
1867985,😭 Não Apto,4,pasquali@pasquali.com.br,-,2025-08-04 13:33:06,04/08/2025 13:33,-,-,-,-,-,-,-
1867973,😔 Desistiu (1 hora sem interação),1,pasquali@pasquali.com.br,-,2025-08-06 11:42:25,06/08/2025 11:42,-,-,-,-,-,-,-
1867969,👍 Confirmação de Agendamento,C,julia.bevilacqua@ppgj.com.br,-,2025-08-18 10:39:49,18/08/2025 10:39,-,-,-,-,-,-,-
1867965,😔 Desistiu (1 hora sem interação),1,-,-,2025-08-05 11:55:49,05/08/2025 11:55,-,-,-,-,-,-,-
1867943,✅ Aprovado,9,pasquali@pasquali.com.br,-,2025-08-07 12:02:51,07/08/2025 12:02,-,-,-,-,-,-,-
1867876,✅ Aprovado,9,pasquali@pasquali.com.br,-,2025-08-08 12:11:21,08/08/2025 12:11,-,-,-,-,-,-,-
1867866,👍 Confirmação de Agendamento,C,pasquali@pasquali.com.br,-,2025-08-04 13:35:47,04/08/2025 13:35,-,-,-,-,-,-,-
1867841,✅ Aprovado,9,pasquali@pasquali.com.br,-,2025-08-06 16:56:27,06/08/2025 16:56,-,-,-,-,-,-,-
1867838,😔 Desistiu (1 hora sem interação),1,pasquali@pasquali.com.br,-,2025-08-05 14:06:21,05/08/2025 14:06,-,-,-,-,-,-,-
1867828,😔 Desistiu (1 hora sem interação),1,-,-,2025-08-05 10:47:48,05/08/2025 10:47,-,-,-,-,-,-,-
1867602,😔 Desistiu (1 hora sem interação),1,-,-,2025-08-05 10:16:48,05/08/2025 10:16,-,-,-,-,-,-,-
1867577,😔 Desistiu (1 hora sem interação),1,-,-,2025-08-05 10:02:48,05/08/2025 10:02,-,-,-,-,-,-,-
1867540,📵 Black List (Impedir número de fazer novos processos),B,talita.prates@ppgj.com.br,-,2025-08-20 08:50:47,20/08/2025 08:50,-,-,-,-,-,-,-
1867505,😭 Não Apto,4,pasquali@pasquali.com.br,-,2025-08-04 10:35:41,04/08/2025 10:35,-,-,-,-,-,-,-
1867499,🧑‍🧑‍🧒‍🧒 Apresentação da Vaga,6,pasquali@pasquali.com.br,-,2025-08-07 08:56:42,07/08/2025 08:56,-,-,-,-,-,-,-
1867483,🧑‍🧑‍🧒‍🧒 Apresentação da Vaga,6,pasquali@pasquali.com.br,-,2025-08-04 09:23:37,04/08/2025 09:23,-,-,-,-,-,-,-
1867446,😭 Não Apto,4,pasquali@pasquali.com.br,-,2025-08-04 10:11:24,04/08/2025 10:11,-,-,-,-,-,-,-
1867441,😔 Desistiu (1 hora sem interação),1,-,-,2025-08-05 08:42:47,05/08/2025 08:42,-,-,-,-,-,-,-
1867387,📵 Black List (Impedir número de fazer novos processos),B,talita.prates@ppgj.com.br,-,2025-08-20 08:50:47,20/08/2025 08:50,-,-,-,-,-,-,-
1867246,😔 Desistiu (1 hora sem interação),1,talita.prates@ppgj.com.br,-,2025-08-19 15:33:43,19/08/2025 15:33,-,-,-,-,-,-,-
1866989,😔 Desistiu (1 hora sem interação),1,-,-,2025-08-03 10:13:19,03/08/2025 10:13,-,-,-,-,-,-,-
1866925,😔 Desistiu (1 hora sem interação),1,pasquali@pasquali.com.br,-,2025-08-07 11:49:40,07/08/2025 11:49,-,-,-,-,-,-,-
1866840,😔 Desistiu (1 hora sem interação),1,-,-,2025-08-02 20:50:02,02/08/2025 20:50,-,-,-,-,-,-,-
1866757,😭 Não Apto,4,pasquali@pasquali.com.br,-,2025-08-05 14:24:28,05/08/2025 14:24,-,-,-,-,-,-,-
1866751,✅ Aprovado,9,pasquali@pasquali.com.br,-,2025-08-07 11:44:36,07/08/2025 11:44,-,-,-,-,-,-,-
1866726,😔 Desistiu (1 hora sem interação),1,-,-,2025-08-02 17:55:01,02/08/2025 17:55,-,-,-,-,-,-,-
1866709,😔 Desistiu (1 hora sem interação),1,-,-,2025-08-02 17:40:01,02/08/2025 17:40,-,-,-,-,-,-,-
1866707,😔 Desistiu (1 hora sem interação),1,pasquali@pasquali.com.br,-,2025-08-07 09:10:25,07/08/2025 09:10,-,-,-,-,-,-,-
1866698,😭 Não Apto,4,-,-,2025-08-01 17:32:52,01/08/2025 17:32,-,-,-,-,-,-,-
1866697,🧑‍🧑‍🧒‍🧒 Apresentação da Vaga,6,pasquali@pasquali.com.br,-,2025-08-04 09:43:18,04/08/2025 09:43,-,-,-,-,-,-,-
1866696,😔 Desistiu (1 hora sem interação),1,-,-,2025-08-02 17:27:01,02/08/2025 17:27,-,-,-,-,-,-,-
1866688,🧑‍🧑‍🧒‍🧒 Apresentação da Vaga,6,pasquali@pasquali.com.br,-,2025-08-04 13:26:27,04/08/2025 13:26,-,-,-,-,-,-,-
1866684,👍 Confirmação de Agendamento,C,pasquali@pasquali.com.br,-,2025-08-04 08:57:55,04/08/2025 08:57,-,-,-,-,-,-,-
1866681,😔 Desistiu (1 hora sem interação),1,pasquali@pasquali.com.br,-,2025-08-06 10:59:54,06/08/2025 10:59,-,-,-,-,-,-,-
1866667,😔 Desistiu (1 hora sem interação),1,-,-,2025-08-02 17:11:00,02/08/2025 17:11,-,-,-,-,-,-,-
1866650,😔 Desistiu (1 hora sem interação),1,-,-,2025-08-02 17:02:00,02/08/2025 17:02,-,-,-,-,-,-,-
1866431,✅ Aprovado,9,pasquali@pasquali.com.br,-,2025-08-07 12:06:13,07/08/2025 12:06,-,-,-,-,-,-,-
1866429,😔 Desistiu (1 hora sem interação),1,-,-,2025-08-02 15:17:00,02/08/2025 15:17,-,-,-,-,-,-,-
1866420,😭 Não Apto,4,pasquali@pasquali.com.br,-,2025-08-04 08:43:37,04/08/2025 08:43,-,-,-,-,-,-,-
1866414,✅ Aprovado,9,pasquali@pasquali.com.br,-,2025-08-07 12:05:38,07/08/2025 12:05,-,-,-,-,-,-,-
1866406,😔 Desistiu (1 hora sem interação),1,talita.prates@ppgj.com.br,-,2025-08-19 15:29:52,19/08/2025 15:29,-,-,-,-,-,-,-
1866384,😔 Desistiu (1 hora sem interação),1,-,-,2025-08-02 14:53:59,02/08/2025 14:53,-,-,-,-,-,-,-
1866308,😔 Desistiu (1 hora sem interação),1,-,-,2025-08-02 14:11:59,02/08/2025 14:11,-,-,-,-,-,-,-
1866281,😔 Desistiu (1 hora sem interação),1,-,-,2025-08-02 13:55:59,02/08/2025 13:55,-,-,-,-,-,-,-
1866207,😭 Não Apto,4,pasquali@pasquali.com.br,-,2025-08-01 13:50:24,01/08/2025 13:50,-,-,-,-,-,-,-
1866155,✅ Aprovado,9,pasquali@pasquali.com.br,-,2025-08-07 12:01:49,07/08/2025 12:01,-,-,-,-,-,-,-
1866144,😔 Desistiu (1 hora sem interação),1,-,-,2025-08-02 12:31:58,02/08/2025 12:31,-,-,-,-,-,-,-
1866123,😔 Desistiu (1 hora sem interação),1,-,-,2025-08-02 12:12:58,02/08/2025 12:12,-,-,-,-,-,-,-
1866051,✅ Aprovado,9,pasquali@pasquali.com.br,-,2025-08-01 15:50:28,01/08/2025 15:50,-,-,-,-,-,-,-
1866020,✅ Aprovado,9,pasquali@pasquali.com.br,-,2025-08-07 11:55:58,07/08/2025 11:55,-,-,-,-,-,-,-
1865976,😔 Desistiu (1 hora sem interação),1,-,-,2025-08-02 11:00:58,02/08/2025 11:00,-,-,-,-,-,-,-
1865928,😔 Desistiu (1 hora sem interação),1,-,-,2025-08-02 10:41:58,02/08/2025 10:41,-,-,-,-,-,-,-
1865883,😔 Desistiu (1 hora sem interação),1,pasquali@pasquali.com.br,-,2025-08-06 11:43:53,06/08/2025 11:43,-,-,-,-,-,-,-
1865782,🧑‍🧑‍🧒‍🧒 Apresentação da Vaga,6,pasquali@pasquali.com.br,-,2025-08-01 10:52:42,01/08/2025 10:52,-,-,-,-,-,-,-
1865752,🤔 Em Análise Parte2,8,pasquali@pasquali.com.br,-,2025-08-04 09:38:02,04/08/2025 09:38,-,-,-,-,-,-,-
1865639,✅ Aprovado,9,talita.prates@ppgj.com.br,-,2025-08-20 11:39:15,20/08/2025 11:39,-,-,-,-,-,-,-
1865637,✅ Aprovado,9,talita.prates@ppgj.com.br,-,2025-08-20 11:42:14,20/08/2025 11:42,-,-,-,-,-,-,-
1865616,✅ Aprovado,9,pasquali@pasquali.com.br,-,2025-08-07 11:29:33,07/08/2025 11:29,-,-,-,-,-,-,-
1865613,🤔 Em Análise Parte2,8,pasquali@pasquali.com.br,-,2025-08-04 11:22:54,04/08/2025 11:22,-,-,-,-,-,-,-
1865516,😔 Desistiu (1 hora sem interação),1,-,-,2025-08-01 19:59:51,01/08/2025 19:59,-,-,-,-,-,-,-
1865494,😔 Desistiu (1 hora sem interação),1,-,-,2025-08-01 19:26:50,01/08/2025 19:26,-,-,-,-,-,-,-
1865489,✅ Aprovado,9,pasquali@pasquali.com.br,-,2025-08-07 12:08:53,07/08/2025 12:08,-,-,-,-,-,-,-
1865477,😔 Desistiu (1 hora sem interação),1,pasquali@pasquali.com.br,-,2025-08-07 08:48:53,07/08/2025 08:48,-,-,-,-,-,-,-
1865459,😔 Desistiu (1 hora sem interação),1,pasquali@pasquali.com.br,-,2025-08-04 15:08:39,04/08/2025 15:08,-,-,-,-,-,-,-
1865443,😔 Desistiu (1 hora sem interação),1,-,-,2025-08-01 18:20:50,01/08/2025 18:20,-,-,-,-,-,-,-
1865431,😔 Desistiu (1 hora sem interação),1,pasquali@pasquali.com.br,-,2025-08-05 10:42:58,05/08/2025 10:42,-,-,-,-,-,-,-
1865427,😭 Não Apto,4,pasquali@pasquali.com.br,-,2025-08-01 08:50:59,01/08/2025 08:50,-,-,-,-,-,-,-
1865414,✅ Aprovado,9,pasquali@pasquali.com.br,-,2025-08-06 16:53:07,06/08/2025 16:53,-,-,-,-,-,-,-
1865407,😔 Desistiu (1 hora sem interação),1,-,-,2025-08-01 17:50:50,01/08/2025 17:50,-,-,-,-,-,-,-
1865374,😔 Desistiu (1 hora sem interação),1,-,-,2025-08-01 17:32:49,01/08/2025 17:32,-,-,-,-,-,-,-
1865353,😔 Desistiu (1 hora sem interação),1,-,-,2025-08-01 17:19:49,01/08/2025 17:19,-,-,-,-,-,-,-
1865346,😔 Desistiu (1 hora sem interação),1,-,-,2025-08-01 17:12:50,01/08/2025 17:12,-,-,-,-,-,-,-
1865333,😔 Desistiu (1 hora sem interação),1,-,-,2025-08-01 17:06:51,01/08/2025 17:06,-,-,-,-,-,-,-
1865286,😔 Desistiu (1 hora sem interação),1,-,-,2025-08-01 16:46:49,01/08/2025 16:46,-,-,-,-,-,-,-
1865282,👍 Confirmação de Agendamento,C,pasquali@pasquali.com.br,-,2025-07-31 17:17:46,31/07/2025 17:17,-,-,-,-,-,-,-
1865248,🧑‍🧑‍🧒‍🧒 Apresentação da Vaga,6,pasquali@pasquali.com.br,-,2025-07-31 17:43:07,31/07/2025 17:43,-,-,-,-,-,-,-
1865247,😔 Desistiu (1 hora sem interação),1,-,-,2025-08-01 16:24:49,01/08/2025 16:24,-,-,-,-,-,-,-
1865228,😔 Desistiu (1 hora sem interação),1,-,-,2025-08-01 16:15:49,01/08/2025 16:15,-,-,-,-,-,-,-
1865213,🤔 Em Análise Parte2,8,pasquali@pasquali.com.br,-,2025-08-01 15:34:11,01/08/2025 15:34,-,-,-,-,-,-,-
1865209,😔 Desistiu (1 hora sem interação),1,mariajulia.souza@ppgj.com.br,-,2025-08-22 11:27:21,22/08/2025 11:27,-,-,-,-,-,-,-
1865207,😔 Desistiu (1 hora sem interação),1,-,-,2025-08-01 15:55:49,01/08/2025 15:55,-,-,-,-,-,-,-
1865186,😔 Desistiu (1 hora sem interação),1,-,-,2025-08-01 15:44:49,01/08/2025 15:44,-,-,-,-,-,-,-
1865180,😔 Desistiu (1 hora sem interação),1,-,-,2025-08-01 15:38:49,01/08/2025 15:38,-,-,-,-,-,-,-
1865159,✅ Aprovado,9,pasquali@pasquali.com.br,-,2025-08-07 12:07:37,07/08/2025 12:07,-,-,-,-,-,-,-
1865154,😔 Desistiu (1 hora sem interação),1,pasquali@pasquali.com.br,-,2025-08-04 14:17:00,04/08/2025 14:17,-,-,-,-,-,-,-
1865150,😔 Desistiu (1 hora sem interação),1,-,-,2025-08-01 15:22:49,01/08/2025 15:22,-,-,-,-,-,-,-
1865117,🧑‍🧑‍🧒‍🧒 Apresentação da Vaga,6,pasquali@pasquali.com.br,-,2025-08-01 11:37:32,01/08/2025 11:37,-,-,-,-,-,-,-
1865113,🧑‍🧑‍🧒‍🧒 Apresentação da Vaga,6,pasquali@pasquali.com.br,-,2025-08-01 12:16:00,01/08/2025 12:16,-,-,-,-,-,-,-
1865112,😔 Desistiu (1 hora sem interação),1,-,-,2025-08-01 14:48:49,01/08/2025 14:48,-,-,-,-,-,-,-
1865095,😔 Desistiu (1 hora sem interação),1,-,-,2025-08-01 14:36:48,01/08/2025 14:36,-,-,-,-,-,-,-
1865083,🧑‍🧑‍🧒‍🧒 Apresentação da Vaga,6,pasquali@pasquali.com.br,-,2025-08-01 09:36:04,01/08/2025 09:36,-,-,-,-,-,-,-
1865082,🧑‍🧑‍🧒‍🧒 Entrevista Individual,7,pasquali@pasquali.com.br,-,2025-08-04 10:05:22,04/08/2025 10:05,-,-,-,-,-,-,-
1865079,😔 Desistiu (1 hora sem interação),1,-,-,2025-08-01 14:28:48,01/08/2025 14:28,-,-,-,-,-,-,-
1865070,😔 Desistiu (1 hora sem interação),1,-,-,2025-08-01 14:24:48,01/08/2025 14:24,-,-,-,-,-,-,-
1865065,😔 Desistiu (1 hora sem interação),1,pasquali@pasquali.com.br,-,2025-08-06 10:07:56,06/08/2025 10:07,-,-,-,-,-,-,-
1865064,😔 Desistiu (1 hora sem interação),1,pasquali@pasquali.com.br,-,2025-07-31 16:18:32,31/07/2025 16:18,-,-,-,-,-,-,-
1865034,😭 Não Apto,4,pasquali@pasquali.com.br,-,2025-07-31 14:22:14,31/07/2025 14:22,-,-,-,-,-,-,-
1865020,😔 Desistiu (1 hora sem interação),1,pasquali@pasquali.com.br,-,2025-08-05 13:57:16,05/08/2025 13:57,-,-,-,-,-,-,-
1865004,🤔 Em Análise Parte2,8,pasquali@pasquali.com.br,-,2025-08-01 10:43:38,01/08/2025 10:43,-,-,-,-,-,-,-
1865003,🧑‍🧑‍🧒‍🧒 Apresentação da Vaga,6,pasquali@pasquali.com.br,-,2025-08-01 13:49:41,01/08/2025 13:49,-,-,-,-,-,-,-
1865001,😔 Desistiu (1 hora sem interação),1,-,-,2025-08-01 13:39:48,01/08/2025 13:39,-,-,-,-,-,-,-
1864989,😔 Desistiu (1 hora sem interação),1,pasquali@pasquali.com.br,-,2025-08-01 10:15:02,01/08/2025 10:15,-,-,-,-,-,-,-
1864977,😔 Desistiu (1 hora sem interação),1,-,-,2025-08-01 13:22:48,01/08/2025 13:22,-,-,-,-,-,-,-
1864972,✅ Aprovado,9,pasquali@pasquali.com.br,-,2025-08-07 11:43:45,07/08/2025 11:43,-,-,-,-,-,-,-
1864945,😭 Não Apto,4,pasquali@pasquali.com.br,-,2025-07-31 14:12:26,31/07/2025 14:12,-,-,-,-,-,-,-
1864939,🤔 Em Análise Parte2,8,pasquali@pasquali.com.br,-,2025-08-01 09:40:05,01/08/2025 09:40,-,-,-,-,-,-,-
1864904,😔 Desistiu (1 hora sem interação),1,-,-,2025-08-01 12:53:47,01/08/2025 12:53,-,-,-,-,-,-,-
1864899,😔 Desistiu (1 hora sem interação),1,-,-,2025-08-01 12:48:47,01/08/2025 12:48,-,-,-,-,-,-,-
1864886,😔 Desistiu (1 hora sem interação),1,-,-,2025-08-01 12:40:47,01/08/2025 12:40,-,-,-,-,-,-,-
1864868,🤔 Em Análise Parte2,8,pasquali@pasquali.com.br,-,2025-08-04 11:13:10,04/08/2025 11:13,-,-,-,-,-,-,-
1864867,😔 Desistiu (1 hora sem interação),1,pasquali@pasquali.com.br,-,2025-08-04 14:13:15,04/08/2025 14:13,-,-,-,-,-,-,-
1864864,🧑‍🧑‍🧒‍🧒 Apresentação da Vaga,6,pasquali@pasquali.com.br,-,2025-08-01 10:28:10,01/08/2025 10:28,-,-,-,-,-,-,-
1864860,😔 Desistiu (1 hora sem interação),1,-,-,2025-08-01 12:25:48,01/08/2025 12:25,-,-,-,-,-,-,-
1864856,😔 Desistiu (1 hora sem interação),1,pasquali@pasquali.com.br,-,2025-08-04 14:17:29,04/08/2025 14:17,-,-,-,-,-,-,-
1864845,😔 Desistiu (1 hora sem interação),1,-,-,2025-08-01 12:15:47,01/08/2025 12:15,-,-,-,-,-,-,-
1864832,😔 Desistiu (1 hora sem interação),1,-,-,2025-08-01 12:07:47,01/08/2025 12:07,-,-,-,-,-,-,-
1864828,✅ Aprovado,9,pasquali@pasquali.com.br,-,2025-08-07 11:12:24,07/08/2025 11:12,-,-,-,-,-,-,-
1864822,🧑‍🧑‍🧒‍🧒 Apresentação da Vaga,6,pasquali@pasquali.com.br,-,2025-07-31 13:37:35,31/07/2025 13:37,-,-,-,-,-,-,-
1864808,😔 Desistiu (1 hora sem interação),1,-,-,2025-08-01 11:52:46,01/08/2025 11:52,-,-,-,-,-,-,-
1864807,😔 Desistiu (1 hora sem interação),1,-,-,2025-08-01 11:52:47,01/08/2025 11:52,-,-,-,-,-,-,-
1864796,😔 Desistiu (1 hora sem interação),1,-,-,2025-08-01 11:50:46,01/08/2025 11:50,-,-,-,-,-,-,-
1864795,😔 Desistiu (1 hora sem interação),1,-,-,2025-08-01 11:50:46,01/08/2025 11:50,-,-,-,-,-,-,-
1864794,😔 Desistiu (1 hora sem interação),1,-,-,2025-08-01 11:50:46,01/08/2025 11:50,-,-,-,-,-,-,-
1864792,🧑‍🧑‍🧒‍🧒 Entrevista Individual,7,pasquali@pasquali.com.br,-,2025-08-05 10:48:48,05/08/2025 10:48,-,-,-,-,-,-,-
1864789,😔 Desistiu (1 hora sem interação),1,-,-,2025-08-01 11:48:46,01/08/2025 11:48,-,-,-,-,-,-,-
1864785,😔 Desistiu (1 hora sem interação),1,-,-,2025-08-01 11:46:46,01/08/2025 11:46,-,-,-,-,-,-,-
1864774,😔 Desistiu (1 hora sem interação),1,-,-,2025-08-01 11:42:46,01/08/2025 11:42,-,-,-,-,-,-,-
1864772,😔 Desistiu (1 hora sem interação),1,pasquali@pasquali.com.br,-,2025-08-04 14:04:54,04/08/2025 14:04,-,-,-,-,-,-,-
1864767,😔 Desistiu (1 hora sem interação),1,-,-,2025-08-01 11:40:46,01/08/2025 11:40,-,-,-,-,-,-,-
1864765,😔 Desistiu (1 hora sem interação),1,-,-,2025-08-01 11:39:46,01/08/2025 11:39,-,-,-,-,-,-,-
1864759,✅ Aprovado,9,pasquali@pasquali.com.br,-,2025-08-04 16:21:17,04/08/2025 16:21,-,-,-,-,-,-,-
1864741,😔 Desistiu (1 hora sem interação),1,-,-,2025-08-01 11:33:45,01/08/2025 11:33,-,-,-,-,-,-,-
1864740,🤔 Em Análise Parte2,8,pasquali@pasquali.com.br,-,2025-08-04 10:54:20,04/08/2025 10:54,-,-,-,-,-,-,-
1864736,🧑‍🧑‍🧒‍🧒 Entrevista Individual,7,pasquali@pasquali.com.br,-,2025-08-01 10:32:28,01/08/2025 10:32,-,-,-,-,-,-,-
1864729,😔 Desistiu (1 hora sem interação),1,-,-,2025-08-01 11:26:45,01/08/2025 11:26,-,-,-,-,-,-,-
1864728,😔 Desistiu (1 hora sem interação),1,talita.prates@ppgj.com.br,-,2025-09-18 15:33:47,18/09/2025 15:33,-,-,-,-,-,-,-
1864727,✅ Aprovado,9,pasquali@pasquali.com.br,-,2025-08-07 12:05:02,07/08/2025 12:05,-,-,-,-,-,-,-
1864716,😔 Desistiu (1 hora sem interação),1,pasquali@pasquali.com.br,-,2025-08-04 14:07:44,04/08/2025 14:07,-,-,-,-,-,-,-
1864708,✅ Aprovado,9,pasquali@pasquali.com.br,-,2025-08-08 12:01:35,08/08/2025 12:01,-,-,-,-,-,-,-
1864707,😔 Desistiu (1 hora sem interação),1,pasquali@pasquali.com.br,-,2025-08-01 10:16:06,01/08/2025 10:16,-,-,-,-,-,-,-
1864695,😔 Desistiu (1 hora sem interação),1,pasquali@pasquali.com.br,-,2025-07-31 16:26:16,31/07/2025 16:26,-,-,-,-,-,-,-
1864690,😔 Desistiu (1 hora sem interação),1,-,-,2025-08-01 11:16:45,01/08/2025 11:16,-,-,-,-,-,-,-
1864688,😔 Desistiu (1 hora sem interação),1,talita.prates@ppgj.com.br,-,2025-09-19 17:12:19,19/09/2025 17:12,-,-,-,-,-,-,-
1864680,😔 Desistiu (1 hora sem interação),1,-,-,2025-08-01 11:13:45,01/08/2025 11:13,-,-,-,-,-,-,-
1864677,❌ Reprovado,A,pasquali@pasquali.com.br,-,2025-08-07 15:26:18,07/08/2025 15:26,-,-,-,-,-,-,-
1864676,📵 Black List (Impedir número de fazer novos processos),B,talita.prates@ppgj.com.br,-,2025-08-20 08:50:47,20/08/2025 08:50,-,-,-,-,-,-,-
1864675,😔 Desistiu (1 hora sem interação),1,pasquali@pasquali.com.br,-,2025-08-04 09:12:13,04/08/2025 09:12,-,-,-,-,-,-,-
1864670,🤔 Em Análise Parte2,8,pasquali@pasquali.com.br,-,2025-08-01 10:15:28,01/08/2025 10:15,-,-,-,-,-,-,-
1864655,🧑‍🧑‍🧒‍🧒 Apresentação da Vaga,6,pasquali@pasquali.com.br,-,2025-07-31 14:00:41,31/07/2025 14:00,-,-,-,-,-,-,-
1864609,🧑‍🧑‍🧒‍🧒 Apresentação da Vaga,6,pasquali@pasquali.com.br,-,2025-07-31 11:13:32,31/07/2025 11:13,-,-,-,-,-,-,-
1864605,🤔 Em Análise Parte2,8,pasquali@pasquali.com.br,-,2025-08-01 10:28:34,01/08/2025 10:28,-,-,-,-,-,-,-
1864602,🤔 Em Análise Parte2,8,pasquali@pasquali.com.br,-,2025-08-01 10:11:15,01/08/2025 10:11,-,-,-,-,-,-,-
1864601,🤔 Em Análise Parte2,8,pasquali@pasquali.com.br,-,2025-08-01 10:02:17,01/08/2025 10:02,-,-,-,-,-,-,-
1864579,✅ Aprovado,9,pasquali@pasquali.com.br,-,2025-08-07 11:08:09,07/08/2025 11:08,-,-,-,-,-,-,-
1864543,😔 Desistiu (1 hora sem interação),1,pasquali@pasquali.com.br,-,2025-08-04 14:06:43,04/08/2025 14:06,-,-,-,-,-,-,-
1864508,📵 Black List (Impedir número de fazer novos processos),B,talita.prates@ppgj.com.br,-,2025-08-20 08:50:47,20/08/2025 08:50,-,-,-,-,-,-,-
1864445,✅ Aprovado,9,pasquali@pasquali.com.br,-,2025-08-06 17:04:46,06/08/2025 17:04,-,-,-,-,-,-,-
1864328,🤔 Em Análise Parte1,5,pasquali@pasquali.com.br,-,2025-07-31 14:27:25,31/07/2025 14:27,-,-,-,-,-,-,-
1864257,👍 Confirmação de Agendamento,C,pasquali@pasquali.com.br,-,2025-07-31 09:35:37,31/07/2025 09:35,-,-,-,-,-,-,-
1864205,✅ Aprovado,9,pasquali@pasquali.com.br,-,2025-08-01 15:49:08,01/08/2025 15:49,-,-,-,-,-,-,-
1864176,✅ Aprovado,9,julia.bevilacqua@ppgj.com.br,-,2025-09-05 16:31:26,05/09/2025 16:31,-,-,-,-,-,-,-
1864144,🧑‍🧑‍🧒‍🧒 Apresentação da Vaga,6,pasquali@pasquali.com.br,-,2025-07-31 08:58:12,31/07/2025 08:58,-,-,-,-,-,-,-
1863991,😭 Não Apto,4,pasquali@pasquali.com.br,-,2025-07-31 08:54:17,31/07/2025 08:54,-,-,-,-,-,-,-
1863952,😔 Desistiu (1 hora sem interação),1,-,-,2025-07-31 16:19:39,31/07/2025 16:19,-,-,-,-,-,-,-
1863863,😔 Desistiu (1 hora sem interação),1,-,-,2025-07-31 15:36:38,31/07/2025 15:36,-,-,-,-,-,-,-
1863815,😔 Desistiu (1 hora sem interação),1,pasquali@pasquali.com.br,-,2025-08-04 14:00:45,04/08/2025 14:00,-,-,-,-,-,-,-
1863704,✅ Aprovado,9,pasquali@pasquali.com.br,-,2025-08-04 16:23:25,04/08/2025 16:23,-,-,-,-,-,-,-
1863680,🤔 Em Análise Parte2,8,pasquali@pasquali.com.br,-,2025-08-04 09:53:15,04/08/2025 09:53,-,-,-,-,-,-,-
1863667,😔 Desistiu (1 hora sem interação),1,-,-,2025-07-31 13:52:38,31/07/2025 13:52,-,-,-,-,-,-,-
1863635,😔 Desistiu (1 hora sem interação),1,pasquali@pasquali.com.br,-,2025-08-04 14:14:35,04/08/2025 14:14,-,-,-,-,-,-,-
1863627,😭 Não Apto,4,talita.prates@ppgj.com.br,-,2025-09-10 16:50:08,10/09/2025 16:50,-,-,-,-,-,-,-
1863598,😔 Desistiu (1 hora sem interação),1,-,-,2025-07-31 13:08:37,31/07/2025 13:08,-,-,-,-,-,-,-
1863519,🤔 Em Análise Parte2,8,pasquali@pasquali.com.br,-,2025-07-31 09:47:52,31/07/2025 09:47,-,-,-,-,-,-,-
1863499,😔 Desistiu (1 hora sem interação),1,-,-,2025-07-31 12:05:37,31/07/2025 12:05,-,-,-,-,-,-,-
1863482,😔 Desistiu (1 hora sem interação),1,pasquali@pasquali.com.br,-,2025-07-30 14:30:48,30/07/2025 14:30,-,-,-,-,-,-,-
1863452,😔 Desistiu (1 hora sem interação),1,-,-,2025-07-31 11:42:37,31/07/2025 11:42,-,-,-,-,-,-,-
1863425,😔 Desistiu (1 hora sem interação),1,pasquali@pasquali.com.br,-,2025-07-31 17:29:35,31/07/2025 17:29,-,-,-,-,-,-,-
1863394,✅ Aprovado,9,pasquali@pasquali.com.br,-,2025-08-06 17:16:27,06/08/2025 17:16,-,-,-,-,-,-,-
1863383,😔 Desistiu (1 hora sem interação),1,pasquali@pasquali.com.br,-,2025-07-31 17:30:22,31/07/2025 17:30,-,-,-,-,-,-,-
1863371,❌ Reprovado,A,pasquali@pasquali.com.br,-,2025-08-04 15:14:55,04/08/2025 15:14,-,-,-,-,-,-,-
1863370,🧑‍🧑‍🧒‍🧒 Entrevista Individual,7,pasquali@pasquali.com.br,-,2025-07-30 15:05:56,30/07/2025 15:05,-,-,-,-,-,-,-
1863235,🤔 Em Análise Parte2,8,pasquali@pasquali.com.br,-,2025-07-31 09:33:37,31/07/2025 09:33,-,-,-,-,-,-,-
1863155,😔 Desistiu (1 hora sem interação),1,pasquali@pasquali.com.br,-,2025-07-31 17:28:59,31/07/2025 17:28,-,-,-,-,-,-,-
1863154,✅ Aprovado,9,pasquali@pasquali.com.br,-,2025-08-01 15:47:54,01/08/2025 15:47,-,-,-,-,-,-,-
1863153,🤔 Em Análise Parte2,8,pasquali@pasquali.com.br,-,2025-07-31 14:53:58,31/07/2025 14:53,-,-,-,-,-,-,-
1863132,👍 Confirmação de Agendamento,C,pasquali@pasquali.com.br,-,2025-07-30 09:31:33,30/07/2025 09:31,-,-,-,-,-,-,-
1863095,🤔 Em Análise Parte2,8,pasquali@pasquali.com.br,-,2025-07-30 14:22:27,30/07/2025 14:22,-,-,-,-,-,-,-
1863093,😭 Não Apto,4,-,-,2025-07-30 09:01:22,30/07/2025 09:01,-,-,-,-,-,-,-
1863053,🧑‍🧑‍🧒‍🧒 Apresentação da Vaga,6,pasquali@pasquali.com.br,-,2025-07-30 09:49:54,30/07/2025 09:49,-,-,-,-,-,-,-
1863038,😔 Desistiu (1 hora sem interação),1,pasquali@pasquali.com.br,-,2025-07-31 09:49:00,31/07/2025 09:49,-,-,-,-,-,-,-
1863037,😔 Desistiu (1 hora sem interação),1,-,-,2025-07-31 01:15:29,31/07/2025 01:15,-,-,-,-,-,-,-
1863025,😭 Não Apto,4,-,-,2025-07-29 22:09:44,29/07/2025 22:09,-,-,-,-,-,-,-
1863022,🤔 Em Análise Parte2,8,pasquali@pasquali.com.br,-,2025-07-30 15:40:09,30/07/2025 15:40,-,-,-,-,-,-,-
1862984,🤔 Em Análise Parte2,8,pasquali@pasquali.com.br,-,2025-07-30 15:03:06,30/07/2025 15:03,-,-,-,-,-,-,-
1862889,😔 Desistiu (1 hora sem interação),1,pasquali@pasquali.com.br,-,2025-08-04 16:30:41,04/08/2025 16:30,-,-,-,-,-,-,-
1862849,😭 Não Apto,4,-,-,2025-07-29 18:17:06,29/07/2025 18:17,-,-,-,-,-,-,-
1862799,🤔 Em Análise Parte2,8,pasquali@pasquali.com.br,-,2025-07-30 14:48:24,30/07/2025 14:48,-,-,-,-,-,-,-
1862793,🧑‍🧑‍🧒‍🧒 Apresentação da Vaga,6,pasquali@pasquali.com.br,-,2025-07-30 13:00:14,30/07/2025 13:00,-,-,-,-,-,-,-
1862781,❌ Reprovado,A,pasquali@pasquali.com.br,-,2025-08-04 15:15:40,04/08/2025 15:15,-,-,-,-,-,-,-
1862774,😔 Desistiu (1 hora sem interação),1,-,-,2025-08-08 17:18:00,08/08/2025 17:18,-,-,-,-,-,-,-
1862756,😔 Desistiu (1 hora sem interação),1,pasquali@pasquali.com.br,-,2025-07-31 17:20:47,31/07/2025 17:20,-,-,-,-,-,-,-
1862675,😭 Não Apto,4,pasquali@pasquali.com.br,-,2025-07-30 10:07:31,30/07/2025 10:07,-,-,-,-,-,-,-
1862529,😔 Desistiu (1 hora sem interação),1,pasquali@pasquali.com.br,-,2025-07-31 17:31:17,31/07/2025 17:31,-,-,-,-,-,-,-
1862499,😔 Desistiu (1 hora sem interação),1,pasquali@pasquali.com.br,-,2025-07-31 17:13:47,31/07/2025 17:13,-,-,-,-,-,-,-
1862483,😔 Desistiu (1 hora sem interação),1,pasquali@pasquali.com.br,-,2025-07-31 17:15:05,31/07/2025 17:15,-,-,-,-,-,-,-
1862475,😔 Desistiu (1 hora sem interação),1,-,-,2025-07-30 14:47:22,30/07/2025 14:47,-,-,-,-,-,-,-
1862452,✅ Aprovado,9,pasquali@pasquali.com.br,-,2025-08-04 16:25:34,04/08/2025 16:25,-,-,-,-,-,-,-
1862369,😔 Desistiu (1 hora sem interação),1,pasquali@pasquali.com.br,-,2025-07-30 08:40:47,30/07/2025 08:40,-,-,-,-,-,-,-
1862367,🤔 Em Análise Parte2,8,pasquali@pasquali.com.br,-,2025-07-30 09:59:30,30/07/2025 09:59,-,-,-,-,-,-,-
1862330,😔 Desistiu (1 hora sem interação),1,-,-,2025-07-30 13:25:21,30/07/2025 13:25,-,-,-,-,-,-,-
1862313,🤔 Em Análise Parte2,8,pasquali@pasquali.com.br,-,2025-07-31 09:34:34,31/07/2025 09:34,-,-,-,-,-,-,-
1862309,😔 Desistiu (1 hora sem interação),1,-,-,2025-07-30 13:10:22,30/07/2025 13:10,-,-,-,-,-,-,-
1862271,✅ Aprovado,9,pasquali@pasquali.com.br,-,2025-08-07 12:04:16,07/08/2025 12:04,-,-,-,-,-,-,-
1862265,😔 Desistiu (1 hora sem interação),1,pasquali@pasquali.com.br,-,2025-07-31 17:21:42,31/07/2025 17:21,-,-,-,-,-,-,-
1862257,😭 Não Apto,4,pasquali@pasquali.com.br,-,2025-07-30 15:09:34,30/07/2025 15:09,-,-,-,-,-,-,-
1862161,😭 Não Apto,4,-,-,2025-07-29 12:27:00,29/07/2025 12:27,-,-,-,-,-,-,-
1862113,😔 Desistiu (1 hora sem interação),1,pasquali@pasquali.com.br,-,2025-07-31 17:14:24,31/07/2025 17:14,-,-,-,-,-,-,-
1862101,🧑‍🧑‍🧒‍🧒 Apresentação da Vaga,6,pasquali@pasquali.com.br,-,2025-07-29 13:16:44,29/07/2025 13:16,-,-,-,-,-,-,-
1862089,🧑‍🧑‍🧒‍🧒 Apresentação da Vaga,6,pasquali@pasquali.com.br,-,2025-07-30 09:24:11,30/07/2025 09:24,-,-,-,-,-,-,-
1862087,😔 Desistiu (1 hora sem interação),1,-,-,2025-07-30 11:52:20,30/07/2025 11:52,-,-,-,-,-,-,-
1861974,🤔 Em Análise Parte2,8,pasquali@pasquali.com.br,-,2025-07-30 09:39:22,30/07/2025 09:39,-,-,-,-,-,-,-
1861866,😔 Desistiu (1 hora sem interação),1,-,-,2025-07-30 10:01:19,30/07/2025 10:01,-,-,-,-,-,-,-
1861816,🤔 Em Análise Parte2,8,pasquali@pasquali.com.br,-,2025-07-30 10:39:58,30/07/2025 10:39,-,-,-,-,-,-,-
1861808,😔 Desistiu (1 hora sem interação),1,-,-,2025-07-30 09:28:19,30/07/2025 09:28,-,-,-,-,-,-,-
1861786,🤔 Em Análise Parte2,8,pasquali@pasquali.com.br,-,2025-08-04 11:34:26,04/08/2025 11:34,-,-,-,-,-,-,-
1861785,🤔 Em Análise Parte2,8,pasquali@pasquali.com.br,-,2025-07-29 14:29:54,29/07/2025 14:29,-,-,-,-,-,-,-
1861772,😔 Desistiu (1 hora sem interação),1,-,-,2025-07-30 09:07:19,30/07/2025 09:07,-,-,-,-,-,-,-
1861768,😔 Desistiu (1 hora sem interação),1,-,-,2025-07-30 09:03:18,30/07/2025 09:03,-,-,-,-,-,-,-
1861765,😔 Desistiu (1 hora sem interação),1,pasquali@pasquali.com.br,-,2025-07-30 09:29:48,30/07/2025 09:29,-,-,-,-,-,-,-
1861751,🤔 Em Análise Parte2,8,pasquali@pasquali.com.br,-,2025-07-31 10:03:00,31/07/2025 10:03,-,-,-,-,-,-,-
1861737,✅ Aprovado,9,pasquali@pasquali.com.br,-,2025-08-07 11:25:54,07/08/2025 11:25,-,-,-,-,-,-,-
1861722,🤔 Em Análise Parte2,8,pasquali@pasquali.com.br,-,2025-07-29 14:54:30,29/07/2025 14:54,-,-,-,-,-,-,-
1861719,😔 Desistiu (1 hora sem interação),1,pasquali@pasquali.com.br,-,2025-07-29 14:03:50,29/07/2025 14:03,-,-,-,-,-,-,-
1861696,😭 Não Apto,4,pasquali@pasquali.com.br,-,2025-07-29 13:29:10,29/07/2025 13:29,-,-,-,-,-,-,-
1861689,😭 Não Apto,4,pasquali@pasquali.com.br,-,2025-07-29 08:40:40,29/07/2025 08:40,-,-,-,-,-,-,-
1861637,🤔 Em Análise Parte2,8,pasquali@pasquali.com.br,-,2025-07-30 09:47:12,30/07/2025 09:47,-,-,-,-,-,-,-
1861634,😔 Desistiu (1 hora sem interação),1,-,-,2025-07-29 21:58:13,29/07/2025 21:58,-,-,-,-,-,-,-
1861630,😭 Não Apto,4,pasquali@pasquali.com.br,-,2025-07-29 09:31:22,29/07/2025 09:31,-,-,-,-,-,-,-
1861620,😭 Não Apto,4,-,-,2025-07-28 21:33:41,28/07/2025 21:33,-,-,-,-,-,-,-
1861617,😭 Não Apto,4,pasquali@pasquali.com.br,-,2025-07-29 09:20:16,29/07/2025 09:20,-,-,-,-,-,-,-
1861616,😭 Não Apto,4,-,-,2025-07-28 21:25:33,28/07/2025 21:25,-,-,-,-,-,-,-
1861609,✅ Aprovado,9,pasquali@pasquali.com.br,-,2025-08-04 16:14:53,04/08/2025 16:14,-,-,-,-,-,-,-
1861587,😔 Desistiu (1 hora sem interação),1,pasquali@pasquali.com.br,-,2025-08-11 15:13:46,11/08/2025 15:13,-,-,-,-,-,-,-
1861583,😭 Não Apto,4,pasquali@pasquali.com.br,-,2025-07-29 18:19:12,29/07/2025 18:19,-,-,-,-,-,-,-
1861520,😭 Não Apto,4,pasquali@pasquali.com.br,-,2025-07-29 08:45:21,29/07/2025 08:45,-,-,-,-,-,-,-
1861456,😔 Desistiu (1 hora sem interação),1,pasquali@pasquali.com.br,-,2025-07-31 17:19:54,31/07/2025 17:19,-,-,-,-,-,-,-
1861408,🧑‍🧑‍🧒‍🧒 Apresentação da Vaga,6,pasquali@pasquali.com.br,-,2025-07-29 09:53:57,29/07/2025 09:53,-,-,-,-,-,-,-
1861358,❌ Reprovado,A,pasquali@pasquali.com.br,-,2025-08-04 15:35:09,04/08/2025 15:35,-,-,-,-,-,-,-
1861345,😔 Desistiu (1 hora sem interação),1,pasquali@pasquali.com.br,-,2025-07-31 17:13:11,31/07/2025 17:13,-,-,-,-,-,-,-
1861335,😔 Desistiu (1 hora sem interação),1,-,-,2025-07-29 16:32:11,29/07/2025 16:32,-,-,-,-,-,-,-
1861283,😔 Desistiu (1 hora sem interação),1,pasquali@pasquali.com.br,-,2025-07-29 13:25:20,29/07/2025 13:25,-,-,-,-,-,-,-
1861254,😭 Não Apto,4,-,-,2025-07-28 16:03:55,28/07/2025 16:03,-,-,-,-,-,-,-
1861233,😔 Desistiu (1 hora sem interação),1,-,-,2025-07-29 15:43:10,29/07/2025 15:43,-,-,-,-,-,-,-
1861219,🧑‍🧑‍🧒‍🧒 Entrevista Individual,7,pasquali@pasquali.com.br,-,2025-07-29 10:09:35,29/07/2025 10:09,-,-,-,-,-,-,-
1861185,😭 Não Apto,4,pasquali@pasquali.com.br,-,2025-07-29 14:41:54,29/07/2025 14:41,-,-,-,-,-,-,-
1861084,😭 Não Apto,4,pasquali@pasquali.com.br,-,2025-07-28 15:00:36,28/07/2025 15:00,-,-,-,-,-,-,-
1861082,✅ Aprovado,9,pasquali@pasquali.com.br,-,2025-08-05 11:16:28,05/08/2025 11:16,-,-,-,-,-,-,-
1861068,😔 Desistiu (1 hora sem interação),1,-,-,2025-07-29 14:30:10,29/07/2025 14:30,-,-,-,-,-,-,-
1861044,🤔 Em Análise Parte2,8,pasquali@pasquali.com.br,-,2025-07-29 09:51:25,29/07/2025 09:51,-,-,-,-,-,-,-
1861033,😭 Não Apto,4,pasquali@pasquali.com.br,-,2025-07-29 15:18:53,29/07/2025 15:18,-,-,-,-,-,-,-
1860994,🤔 Em Análise Parte2,8,pasquali@pasquali.com.br,-,2025-07-30 10:24:28,30/07/2025 10:24,-,-,-,-,-,-,-
1860993,😔 Desistiu (1 hora sem interação),1,-,-,2025-07-29 13:57:10,29/07/2025 13:57,-,-,-,-,-,-,-
1860888,😔 Desistiu (1 hora sem interação),1,-,-,2025-07-29 13:04:09,29/07/2025 13:04,-,-,-,-,-,-,-
1860876,🤔 Em Análise Parte2,8,pasquali@pasquali.com.br,-,2025-07-29 14:43:11,29/07/2025 14:43,-,-,-,-,-,-,-
1860863,😭 Não Apto,4,-,-,2025-07-28 12:50:15,28/07/2025 12:50,-,-,-,-,-,-,-
1860852,😔 Desistiu (1 hora sem interação),1,-,-,2025-07-29 12:38:09,29/07/2025 12:38,-,-,-,-,-,-,-
1860831,😭 Não Apto,4,-,-,2025-07-28 12:45:03,28/07/2025 12:45,-,-,-,-,-,-,-
1860816,✅ Aprovado,9,pasquali@pasquali.com.br,-,2025-08-04 16:10:12,04/08/2025 16:10,-,-,-,-,-,-,-
1860811,✅ Aprovado,9,pasquali@pasquali.com.br,-,2025-08-04 16:17:52,04/08/2025 16:17,-,-,-,-,-,-,-
1860804,🤔 Em Análise Parte2,8,pasquali@pasquali.com.br,-,2025-07-31 14:59:53,31/07/2025 14:59,-,-,-,-,-,-,-
1860799,😔 Desistiu (1 hora sem interação),1,pasquali@pasquali.com.br,-,2025-07-30 14:43:14,30/07/2025 14:43,-,-,-,-,-,-,-
1860754,😔 Desistiu (1 hora sem interação),1,-,-,2025-07-29 11:47:09,29/07/2025 11:47,-,-,-,-,-,-,-
1860707,✅ Aprovado,9,pasquali@pasquali.com.br,-,2025-07-31 12:12:18,31/07/2025 12:12,-,-,-,-,-,-,-
1860688,✅ Aprovado,9,pasquali@pasquali.com.br,-,2025-08-04 16:10:57,04/08/2025 16:10,-,-,-,-,-,-,-
1860687,😭 Não Apto,4,pasquali@pasquali.com.br,-,2025-07-28 11:37:15,28/07/2025 11:37,-,-,-,-,-,-,-
1860672,😔 Desistiu (1 hora sem interação),1,pasquali@pasquali.com.br,-,2025-07-28 11:46:20,28/07/2025 11:46,-,-,-,-,-,-,-
1860549,🧑‍🧑‍🧒‍🧒 Entrevista Individual,7,pasquali@pasquali.com.br,-,2025-07-29 09:25:03,29/07/2025 09:25,-,-,-,-,-,-,-
1860160,😔 Desistiu (1 hora sem interação),1,pasquali@pasquali.com.br,-,2025-07-31 17:17:52,31/07/2025 17:17,-,-,-,-,-,-,-
1859722,😔 Desistiu (1 hora sem interação),1,-,-,2025-07-29 09:46:08,29/07/2025 09:46,-,-,-,-,-,-,-
1859568,❌ Reprovado,A,pasquali@pasquali.com.br,-,2025-08-04 15:14:13,04/08/2025 15:14,-,-,-,-,-,-,-
1859411,🧑‍🧑‍🧒‍🧒 Apresentação da Vaga,6,pasquali@pasquali.com.br,-,2025-07-28 10:34:42,28/07/2025 10:34,-,-,-,-,-,-,-
1859393,✅ Aprovado,9,pasquali@pasquali.com.br,-,2025-08-05 11:08:06,05/08/2025 11:08,-,-,-,-,-,-,-
1859294,🧑‍🧑‍🧒‍🧒 Apresentação da Vaga,6,pasquali@pasquali.com.br,-,2025-07-28 09:27:42,28/07/2025 09:27,-,-,-,-,-,-,-
1859293,🤔 Em Análise Parte2,8,pasquali@pasquali.com.br,-,2025-07-31 10:30:47,31/07/2025 10:30,-,-,-,-,-,-,-
1859292,❌ Reprovado,A,pasquali@pasquali.com.br,-,2025-07-30 11:57:45,30/07/2025 11:57,-,-,-,-,-,-,-
1859148,😔 Desistiu (1 hora sem interação),1,pasquali@pasquali.com.br,-,2025-07-29 16:15:08,29/07/2025 16:15,-,-,-,-,-,-,-
1859138,😔 Desistiu (1 hora sem interação),1,pasquali@pasquali.com.br,-,2025-08-06 11:43:12,06/08/2025 11:43,-,-,-,-,-,-,-
1858636,😔 Desistiu (1 hora sem interação),1,-,-,2025-07-26 22:52:41,26/07/2025 22:52,-,-,-,-,-,-,-
1858593,🧑‍🧑‍🧒‍🧒 Apresentação da Vaga,6,pasquali@pasquali.com.br,-,2025-07-28 14:25:09,28/07/2025 14:25,-,-,-,-,-,-,-
1858569,😭 Não Apto,4,-,-,2025-07-25 22:51:22,25/07/2025 22:51,-,-,-,-,-,-,-
1858536,😔 Desistiu (1 hora sem interação),1,-,-,2025-07-26 19:01:40,26/07/2025 19:01,-,-,-,-,-,-,-
1858463,🤔 Em Análise Parte1,5,pasquali@pasquali.com.br,-,2025-07-28 12:19:15,28/07/2025 12:19,-,-,-,-,-,-,-
1858380,😔 Desistiu (1 hora sem interação),1,-,-,2025-07-26 16:35:39,26/07/2025 16:35,-,-,-,-,-,-,-
1858332,🤔 Em Análise Parte2,8,pasquali@pasquali.com.br,-,2025-07-28 10:04:48,28/07/2025 10:04,-,-,-,-,-,-,-
1858305,😔 Desistiu (1 hora sem interação),1,-,-,2025-07-26 15:49:39,26/07/2025 15:49,-,-,-,-,-,-,-
1858222,😔 Desistiu (1 hora sem interação),1,pasquali@pasquali.com.br,-,2025-07-28 13:59:18,28/07/2025 13:59,-,-,-,-,-,-,-
1858099,😔 Desistiu (1 hora sem interação),1,pasquali@pasquali.com.br,-,2025-07-29 14:45:26,29/07/2025 14:45,-,-,-,-,-,-,-
1858066,😔 Desistiu (1 hora sem interação),1,-,-,2025-07-26 13:24:38,26/07/2025 13:24,-,-,-,-,-,-,-
1858050,🤔 Em Análise Parte2,8,pasquali@pasquali.com.br,-,2025-07-25 15:09:46,25/07/2025 15:09,-,-,-,-,-,-,-
1858030,😔 Desistiu (1 hora sem interação),1,-,-,2025-07-26 13:01:38,26/07/2025 13:01,-,-,-,-,-,-,-
1857837,😔 Desistiu (1 hora sem interação),1,pasquali@pasquali.com.br,-,2025-07-29 16:23:26,29/07/2025 16:23,-,-,-,-,-,-,-
1857719,🤔 Em Análise Parte1,5,pasquali@pasquali.com.br,-,2025-07-25 16:49:58,25/07/2025 16:49,-,-,-,-,-,-,-
1857711,😭 Não Apto,4,pasquali@pasquali.com.br,-,2025-07-25 11:59:12,25/07/2025 11:59,-,-,-,-,-,-,-
1857459,😔 Desistiu (1 hora sem interação),1,pasquali@pasquali.com.br,-,2025-07-29 16:24:10,29/07/2025 16:24,-,-,-,-,-,-,-
1857359,🤔 Em Análise Parte2,8,pasquali@pasquali.com.br,-,2025-07-28 10:37:36,28/07/2025 10:37,-,-,-,-,-,-,-
1857357,✅ Aprovado,9,pasquali@pasquali.com.br,-,2025-08-05 11:55:59,05/08/2025 11:55,-,-,-,-,-,-,-
1857315,😔 Desistiu (1 hora sem interação),1,-,-,2025-07-26 10:35:37,26/07/2025 10:35,-,-,-,-,-,-,-
1857082,✅ Aprovado,9,pasquali@pasquali.com.br,-,2025-08-04 16:13:05,04/08/2025 16:13,-,-,-,-,-,-,-
1857076,😭 Não Apto,4,pasquali@pasquali.com.br,-,2025-07-25 15:48:36,25/07/2025 15:48,-,-,-,-,-,-,-
1857017,✅ Aprovado,9,pasquali@pasquali.com.br,-,2025-07-30 18:11:55,30/07/2025 18:11,-,-,-,-,-,-,-
1856765,🧑‍🧑‍🧒‍🧒 Apresentação da Vaga,6,pasquali@pasquali.com.br,-,2025-07-25 15:36:57,25/07/2025 15:36,-,-,-,-,-,-,-
1856384,👍 Confirmação de Agendamento,C,talita.prates@ppgj.com.br,-,2025-09-18 13:12:09,18/09/2025 13:12,-,-,-,-,-,-,-
1855970,🧑‍🧑‍🧒‍🧒 Apresentação da Vaga,6,pasquali@pasquali.com.br,-,2025-07-25 13:28:08,25/07/2025 13:28,-,-,-,-,-,-,-
1855807,🤔 Em Análise Parte2,8,pasquali@pasquali.com.br,-,2025-07-28 10:53:26,28/07/2025 10:53,-,-,-,-,-,-,-
1855768,🤔 Em Análise Parte2,8,pasquali@pasquali.com.br,-,2025-07-29 14:54:54,29/07/2025 14:54,-,-,-,-,-,-,-
1855474,🧑‍🧑‍🧒‍🧒 Apresentação da Vaga,6,pasquali@pasquali.com.br,-,2025-07-25 13:12:12,25/07/2025 13:12,-,-,-,-,-,-,-
1855367,😔 Desistiu (1 hora sem interação),1,-,-,2025-07-25 16:02:28,25/07/2025 16:02,-,-,-,-,-,-,-
1855358,😔 Desistiu (1 hora sem interação),1,pasquali@pasquali.com.br,-,2025-07-29 16:26:06,29/07/2025 16:26,-,-,-,-,-,-,-
1854970,😔 Desistiu (1 hora sem interação),1,-,-,2025-07-25 15:38:28,25/07/2025 15:38,-,-,-,-,-,-,-
1854677,😔 Desistiu (1 hora sem interação),1,-,-,2025-07-25 15:21:27,25/07/2025 15:21,-,-,-,-,-,-,-
1854264,🤔 Em Análise Parte2,8,pasquali@pasquali.com.br,-,2025-07-28 10:11:07,28/07/2025 10:11,-,-,-,-,-,-,-
1853936,😔 Desistiu (1 hora sem interação),1,-,-,2025-07-25 14:22:27,25/07/2025 14:22,-,-,-,-,-,-,-
1853779,😭 Não Apto,4,pasquali@pasquali.com.br,-,2025-07-25 08:49:55,25/07/2025 08:49,-,-,-,-,-,-,-
1853581,😭 Não Apto,4,pasquali@pasquali.com.br,-,2025-07-25 08:46:44,25/07/2025 08:46,-,-,-,-,-,-,-
1853577,😔 Desistiu (1 hora sem interação),1,pasquali@pasquali.com.br,-,2025-07-30 14:33:38,30/07/2025 14:33,-,-,-,-,-,-,-
1853569,😭 Não Apto,4,pasquali@pasquali.com.br,-,2025-07-25 08:21:55,25/07/2025 08:21,-,-,-,-,-,-,-
1853544,😔 Desistiu (1 hora sem interação),1,pasquali@pasquali.com.br,-,2025-07-29 16:24:38,29/07/2025 16:24,-,-,-,-,-,-,-
1853421,🤔 Em Análise Parte2,8,pasquali@pasquali.com.br,-,2025-07-28 10:45:28,28/07/2025 10:45,-,-,-,-,-,-,-
1853408,😔 Desistiu (1 hora sem interação),1,-,-,2025-07-25 12:35:26,25/07/2025 12:35,-,-,-,-,-,-,-
1853339,🤔 Em Análise Parte2,8,pasquali@pasquali.com.br,-,2025-07-25 14:34:07,25/07/2025 14:34,-,-,-,-,-,-,-
1853330,✅ Aprovado,9,pasquali@pasquali.com.br,-,2025-08-05 11:56:23,05/08/2025 11:56,-,-,-,-,-,-,-
1853174,😔 Desistiu (1 hora sem interação),1,pasquali@pasquali.com.br,-,2025-07-24 11:27:06,24/07/2025 11:27,-,-,-,-,-,-,-
1853172,😔 Desistiu (1 hora sem interação),1,-,-,2025-07-25 11:16:26,25/07/2025 11:16,-,-,-,-,-,-,-
1853148,🤔 Em Análise Parte2,8,pasquali@pasquali.com.br,-,2025-07-28 10:50:37,28/07/2025 10:50,-,-,-,-,-,-,-
1853147,🧑‍🧑‍🧒‍🧒 Apresentação da Vaga,6,pasquali@pasquali.com.br,-,2025-07-24 11:20:25,24/07/2025 11:20,-,-,-,-,-,-,-
1852860,🤔 Em Análise Parte2,8,pasquali@pasquali.com.br,-,2025-07-28 10:23:43,28/07/2025 10:23,-,-,-,-,-,-,-
1852841,😔 Desistiu (1 hora sem interação),1,-,-,2025-07-25 10:07:25,25/07/2025 10:07,-,-,-,-,-,-,-
1852824,😔 Desistiu (1 hora sem interação),1,-,-,2025-07-25 10:01:26,25/07/2025 10:01,-,-,-,-,-,-,-
1852771,😭 Não Apto,4,pasquali@pasquali.com.br,-,2025-07-24 09:55:59,24/07/2025 09:55,-,-,-,-,-,-,-
1852766,😔 Desistiu (1 hora sem interação),1,pasquali@pasquali.com.br,-,2025-07-29 16:25:13,29/07/2025 16:25,-,-,-,-,-,-,-
1852760,🤔 Em Análise Parte2,8,pasquali@pasquali.com.br,-,2025-07-25 09:38:39,25/07/2025 09:38,-,-,-,-,-,-,-
1852728,😔 Desistiu (1 hora sem interação),1,-,-,2025-07-25 09:03:25,25/07/2025 09:03,-,-,-,-,-,-,-
1852715,😔 Desistiu (1 hora sem interação),1,-,-,2025-07-25 08:52:24,25/07/2025 08:52,-,-,-,-,-,-,-
1852681,🤔 Em Análise Parte2,8,pasquali@pasquali.com.br,-,2025-07-28 11:04:04,28/07/2025 11:04,-,-,-,-,-,-,-
1852674,😔 Desistiu (1 hora sem interação),1,-,-,2025-07-25 08:38:24,25/07/2025 08:38,-,-,-,-,-,-,-
1852601,✅ Aprovado,9,pasquali@pasquali.com.br,-,2025-07-30 18:05:38,30/07/2025 18:05,-,-,-,-,-,-,-
1852596,😔 Desistiu (1 hora sem interação),1,pasquali@pasquali.com.br,-,2025-07-24 08:55:03,24/07/2025 08:55,-,-,-,-,-,-,-
1852572,🧑‍🧑‍🧒‍🧒 Apresentação da Vaga,6,pasquali@pasquali.com.br,-,2025-07-24 10:13:38,24/07/2025 10:13,-,-,-,-,-,-,-
1852568,😭 Não Apto,4,pasquali@pasquali.com.br,-,2025-07-24 08:43:27,24/07/2025 08:43,-,-,-,-,-,-,-
1852492,🤔 Em Análise Parte2,8,pasquali@pasquali.com.br,-,2025-07-25 09:54:01,25/07/2025 09:54,-,-,-,-,-,-,-
1852491,😔 Desistiu (1 hora sem interação),1,-,-,2025-07-24 18:52:19,24/07/2025 18:52,-,-,-,-,-,-,-
1852462,😔 Desistiu (1 hora sem interação),1,-,-,2025-07-24 18:24:19,24/07/2025 18:24,-,-,-,-,-,-,-
1852446,😔 Desistiu (1 hora sem interação),1,pasquali@pasquali.com.br,-,2025-07-28 13:51:09,28/07/2025 13:51,-,-,-,-,-,-,-
1852436,😭 Não Apto,4,pasquali@pasquali.com.br,-,2025-07-24 08:48:35,24/07/2025 08:48,-,-,-,-,-,-,-
1852435,😔 Desistiu (1 hora sem interação),1,-,-,2025-07-24 18:01:19,24/07/2025 18:01,-,-,-,-,-,-,-
1852406,❌ Reprovado,A,pasquali@pasquali.com.br,-,2025-07-30 13:37:53,30/07/2025 13:37,-,-,-,-,-,-,-
1852278,😔 Desistiu (1 hora sem interação),1,-,-,2025-07-24 16:56:18,24/07/2025 16:56,-,-,-,-,-,-,-
1852054,🤔 Em Análise Parte2,8,pasquali@pasquali.com.br,-,2025-07-24 14:19:55,24/07/2025 14:19,-,-,-,-,-,-,-
1851985,🤔 Em Análise Parte2,8,pasquali@pasquali.com.br,-,2025-07-24 09:59:41,24/07/2025 09:59,-,-,-,-,-,-,-
1851979,😔 Desistiu (1 hora sem interação),1,-,-,2025-07-24 14:50:18,24/07/2025 14:50,-,-,-,-,-,-,-
1851973,😔 Desistiu (1 hora sem interação),1,-,-,2025-07-24 14:46:17,24/07/2025 14:46,-,-,-,-,-,-,-
1851944,😔 Desistiu (1 hora sem interação),1,-,-,2025-07-24 14:33:17,24/07/2025 14:33,-,-,-,-,-,-,-
1851922,🧑‍🧑‍🧒‍🧒 Apresentação da Vaga,6,pasquali@pasquali.com.br,-,2025-07-23 16:46:06,23/07/2025 16:46,-,-,-,-,-,-,-
1851904,😔 Desistiu (1 hora sem interação),1,pasquali@pasquali.com.br,-,2025-07-24 14:23:26,24/07/2025 14:23,-,-,-,-,-,-,-
1851890,😔 Desistiu (1 hora sem interação),1,pasquali@pasquali.com.br,-,2025-07-29 14:17:40,29/07/2025 14:17,-,-,-,-,-,-,-
1851886,🤔 Em Análise Parte2,8,pasquali@pasquali.com.br,-,2025-07-24 09:36:52,24/07/2025 09:36,-,-,-,-,-,-,-
1851869,🧑‍🧑‍🧒‍🧒 Apresentação da Vaga,6,pasquali@pasquali.com.br,-,2025-07-23 15:32:29,23/07/2025 15:32,-,-,-,-,-,-,-
1851840,😭 Não Apto,4,-,-,2025-07-23 13:52:46,23/07/2025 13:52,-,-,-,-,-,-,-
1851827,👍 Confirmação de Agendamento,C,pasquali@pasquali.com.br,-,2025-07-23 13:53:04,23/07/2025 13:53,-,-,-,-,-,-,-
1851806,😭 Não Apto,4,-,-,2025-07-23 13:47:54,23/07/2025 13:47,-,-,-,-,-,-,-
1851704,🤔 Em Análise Parte2,8,pasquali@pasquali.com.br,-,2025-07-24 09:47:42,24/07/2025 09:47,-,-,-,-,-,-,-
1851596,😔 Desistiu (1 hora sem interação),1,-,-,2025-07-24 11:37:15,24/07/2025 11:37,-,-,-,-,-,-,-
1851590,🤔 Em Análise Parte1,5,pasquali@pasquali.com.br,-,2025-07-23 11:54:52,23/07/2025 11:54,-,-,-,-,-,-,-
1851452,🧑‍🧑‍🧒‍🧒 Apresentação da Vaga,6,pasquali@pasquali.com.br,-,2025-07-23 11:02:54,23/07/2025 11:02,-,-,-,-,-,-,-
1851446,😔 Desistiu (1 hora sem interação),1,-,-,2025-07-24 10:45:14,24/07/2025 10:45,-,-,-,-,-,-,-
1851312,🧑‍🧑‍🧒‍🧒 Apresentação da Vaga,6,pasquali@pasquali.com.br,-,2025-07-23 11:06:37,23/07/2025 11:06,-,-,-,-,-,-,-
1851226,😔 Desistiu (1 hora sem interação),1,-,-,2025-07-24 09:36:13,24/07/2025 09:36,-,-,-,-,-,-,-
1851218,✅ Aprovado,9,pasquali@pasquali.com.br,-,2025-08-08 15:11:52,08/08/2025 15:11,-,-,-,-,-,-,-
1851195,😔 Desistiu (1 hora sem interação),1,-,-,2025-07-24 09:19:13,24/07/2025 09:19,-,-,-,-,-,-,-
1851170,🤔 Em Análise Parte2,8,pasquali@pasquali.com.br,-,2025-07-23 14:39:26,23/07/2025 14:39,-,-,-,-,-,-,-
1851118,🧑‍🧑‍🧒‍🧒 Apresentação da Vaga,6,pasquali@pasquali.com.br,-,2025-07-23 09:26:03,23/07/2025 09:26,-,-,-,-,-,-,-
1851032,👍 Confirmação de Agendamento,C,pasquali@pasquali.com.br,-,2025-07-23 09:10:37,23/07/2025 09:10,-,-,-,-,-,-,-
1851019,😭 Não Apto,4,pasquali@pasquali.com.br,-,2025-07-23 09:08:51,23/07/2025 09:08,-,-,-,-,-,-,-
1850977,😔 Desistiu (1 hora sem interação),1,pasquali@pasquali.com.br,-,2025-07-23 14:44:55,23/07/2025 14:44,-,-,-,-,-,-,-
1850975,✅ Aprovado,9,julia.bevilacqua@ppgj.com.br,-,2025-08-22 11:55:34,22/08/2025 11:55,-,-,-,-,-,-,-
1850972,📵 Black List (Impedir número de fazer novos processos),B,talita.prates,-,2025-08-21 17:59:23,21/08/2025 17:59,-,-,-,-,-,-,-
1850931,😔 Desistiu (1 hora sem interação),1,-,-,2025-07-23 18:18:07,23/07/2025 18:18,-,-,-,-,-,-,-
1850882,👍 Confirmação de Agendamento,C,pasquali@pasquali.com.br,-,2025-07-23 09:00:38,23/07/2025 09:00,-,-,-,-,-,-,-
1850823,🧑‍🧑‍🧒‍🧒 Apresentação da Vaga,6,pasquali@pasquali.com.br,-,2025-07-23 10:30:15,23/07/2025 10:30,-,-,-,-,-,-,-
1850805,😔 Desistiu (1 hora sem interação),1,mariajulia.souza@ppgj.com.br,-,2025-08-22 11:30:28,22/08/2025 11:30,-,-,-,-,-,-,-
1850774,🧑‍🧑‍🧒‍🧒 Apresentação da Vaga,6,pasquali@pasquali.com.br,-,2025-07-23 10:00:44,23/07/2025 10:00,-,-,-,-,-,-,-
1850736,😔 Desistiu (1 hora sem interação),1,-,-,2025-07-23 16:52:07,23/07/2025 16:52,-,-,-,-,-,-,-
1850722,😔 Desistiu (1 hora sem interação),1,-,-,2025-07-23 16:46:06,23/07/2025 16:46,-,-,-,-,-,-,-
1850710,😭 Não Apto,4,-,-,2025-07-22 16:48:16,22/07/2025 16:48,-,-,-,-,-,-,-
1850617,🤔 Em Análise Parte1,5,mariajulia.souza@ppgj.com.br,-,2025-08-25 11:31:23,25/08/2025 11:31,-,-,-,-,-,-,-
1850551,🤔 Em Análise Parte2,8,pasquali@pasquali.com.br,-,2025-07-24 09:58:00,24/07/2025 09:58,-,-,-,-,-,-,-
1850458,🤔 Em Análise Parte2,8,pasquali@pasquali.com.br,-,2025-07-23 09:45:23,23/07/2025 09:45,-,-,-,-,-,-,-
1850431,😔 Desistiu (1 hora sem interação),1,-,-,2025-07-23 14:29:06,23/07/2025 14:29,-,-,-,-,-,-,-
1850425,😔 Desistiu (1 hora sem interação),1,-,-,2025-07-23 14:24:06,23/07/2025 14:24,-,-,-,-,-,-,-
1850414,😔 Desistiu (1 hora sem interação),1,-,-,2025-07-23 14:18:06,23/07/2025 14:18,-,-,-,-,-,-,-
1850405,😭 Não Apto,4,-,-,2025-07-22 14:17:17,22/07/2025 14:17,-,-,-,-,-,-,-
1850393,🤔 Em Análise Parte2,8,pasquali@pasquali.com.br,-,2025-07-23 10:08:06,23/07/2025 10:08,-,-,-,-,-,-,-
1850385,🤔 Em Análise Parte2,8,pasquali@pasquali.com.br,-,2025-07-23 14:52:27,23/07/2025 14:52,-,-,-,-,-,-,-
1850364,😔 Desistiu (1 hora sem interação),1,talita.prates@ppgj.com.br,-,2025-09-19 17:13:06,19/09/2025 17:13,-,-,-,-,-,-,-
1850340,😭 Não Apto,4,pasquali@pasquali.com.br,-,2025-07-22 13:54:14,22/07/2025 13:54,-,-,-,-,-,-,-
1850310,😔 Desistiu (1 hora sem interação),1,-,-,2025-07-23 13:29:05,23/07/2025 13:29,-,-,-,-,-,-,-
1850265,😔 Desistiu (1 hora sem interação),1,mariajulia.souza@ppgj.com.br,-,2025-09-18 14:13:58,18/09/2025 14:13,-,-,-,-,-,-,-
1850243,🧑‍🧑‍🧒‍🧒 Apresentação da Vaga,6,pasquali@pasquali.com.br,-,2025-07-23 14:08:30,23/07/2025 14:08,-,-,-,-,-,-,-
1850237,🤔 Em Análise Parte2,8,pasquali@pasquali.com.br,-,2025-07-30 10:29:30,30/07/2025 10:29,-,-,-,-,-,-,-
1850204,😔 Desistiu (1 hora sem interação),1,pasquali@pasquali.com.br,-,2025-07-23 09:36:21,23/07/2025 09:36,-,-,-,-,-,-,-
1850115,✅ Aprovado,9,talita.prates@ppgj.com.br,-,2025-09-08 18:50:17,08/09/2025 18:50,-,-,-,-,-,-,-
1850112,🤔 Em Análise Parte2,8,pasquali@pasquali.com.br,-,2025-07-23 14:23:31,23/07/2025 14:23,-,-,-,-,-,-,-
1850056,🤔 Em Análise Parte2,8,pasquali@pasquali.com.br,-,2025-07-22 15:13:32,22/07/2025 15:13,-,-,-,-,-,-,-
1850035,🤔 Em Análise Parte2,8,pasquali@pasquali.com.br,-,2025-07-23 09:33:19,23/07/2025 09:33,-,-,-,-,-,-,-
1850015,😔 Desistiu (1 hora sem interação),1,-,-,2025-07-23 11:34:04,23/07/2025 11:34,-,-,-,-,-,-,-
1849953,😔 Desistiu (1 hora sem interação),1,pasquali@pasquali.com.br,-,2025-07-23 12:00:08,23/07/2025 12:00,-,-,-,-,-,-,-
1849899,😔 Desistiu (1 hora sem interação),1,pasquali@pasquali.com.br,-,2025-07-23 14:23:11,23/07/2025 14:23,-,-,-,-,-,-,-
1849869,😔 Desistiu (1 hora sem interação),1,-,-,2025-07-23 11:03:04,23/07/2025 11:03,-,-,-,-,-,-,-
1849836,😔 Desistiu (1 hora sem interação),1,-,-,2025-07-23 10:58:03,23/07/2025 10:58,-,-,-,-,-,-,-
1849705,😔 Desistiu (1 hora sem interação),1,-,-,2025-07-23 10:46:03,23/07/2025 10:46,-,-,-,-,-,-,-
1849698,😭 Não Apto,4,pasquali@pasquali.com.br,-,2025-07-22 10:57:12,22/07/2025 10:57,-,-,-,-,-,-,-
1849687,😔 Desistiu (1 hora sem interação),1,pasquali@pasquali.com.br,-,2025-07-23 11:38:25,23/07/2025 11:38,-,-,-,-,-,-,-
1849475,😔 Desistiu (1 hora sem interação),1,-,-,2025-07-23 10:18:09,23/07/2025 10:18,-,-,-,-,-,-,-
1849281,😔 Desistiu (1 hora sem interação),1,-,-,2025-07-23 09:51:03,23/07/2025 09:51,-,-,-,-,-,-,-
1849176,🧑‍🧑‍🧒‍🧒 Apresentação da Vaga,6,pasquali@pasquali.com.br,-,2025-07-22 13:05:30,22/07/2025 13:05,-,-,-,-,-,-,-
1849173,😔 Desistiu (1 hora sem interação),1,pasquali@pasquali.com.br,-,2025-07-25 08:59:07,25/07/2025 08:59,-,-,-,-,-,-,-
1849108,😔 Desistiu (1 hora sem interação),1,-,-,2025-07-23 09:20:02,23/07/2025 09:20,-,-,-,-,-,-,-
1849034,🧑‍🧑‍🧒‍🧒 Apresentação da Vaga,6,pasquali@pasquali.com.br,-,2025-07-22 11:00:54,22/07/2025 11:00,-,-,-,-,-,-,-
1849015,🤔 Em Análise Parte2,8,pasquali@pasquali.com.br,-,2025-07-23 09:36:23,23/07/2025 09:36,-,-,-,-,-,-,-
1848946,😔 Desistiu (1 hora sem interação),1,-,-,2025-07-23 09:00:02,23/07/2025 09:00,-,-,-,-,-,-,-
1848896,😔 Desistiu (1 hora sem interação),1,-,-,2025-07-23 08:53:02,23/07/2025 08:53,-,-,-,-,-,-,-
1848894,🧑‍🧑‍🧒‍🧒 Apresentação da Vaga,6,pasquali@pasquali.com.br,-,2025-07-22 10:01:14,22/07/2025 10:01,-,-,-,-,-,-,-
1848822,🧑‍🧑‍🧒‍🧒 Apresentação da Vaga,6,pasquali@pasquali.com.br,-,2025-07-22 11:36:18,22/07/2025 11:36,-,-,-,-,-,-,-
1848757,😔 Desistiu (1 hora sem interação),1,pasquali@pasquali.com.br,-,2025-07-24 11:35:15,24/07/2025 11:35,-,-,-,-,-,-,-
1848630,😔 Desistiu (1 hora sem interação),1,-,-,2025-07-22 19:55:56,22/07/2025 19:55,-,-,-,-,-,-,-
1848627,😔 Desistiu (1 hora sem interação),1,-,-,2025-07-22 19:46:56,22/07/2025 19:46,-,-,-,-,-,-,-
1848590,🧑‍🧑‍🧒‍🧒 Apresentação da Vaga,6,pasquali@pasquali.com.br,-,2025-07-22 08:43:52,22/07/2025 08:43,-,-,-,-,-,-,-
1848577,👍 Confirmação de Agendamento,C,pasquali@pasquali.com.br,-,2025-07-22 08:34:15,22/07/2025 08:34,-,-,-,-,-,-,-
1848549,😭 Não Apto,4,pasquali@pasquali.com.br,-,2025-07-22 08:42:23,22/07/2025 08:42,-,-,-,-,-,-,-
1848505,😭 Não Apto,4,pasquali@pasquali.com.br,-,2025-07-22 08:38:52,22/07/2025 08:38,-,-,-,-,-,-,-
1848500,😔 Desistiu (1 hora sem interação),1,-,-,2025-07-22 18:07:56,22/07/2025 18:07,-,-,-,-,-,-,-
1848373,🤔 Em Análise Parte2,8,pasquali@pasquali.com.br,-,2025-07-22 11:44:12,22/07/2025 11:44,-,-,-,-,-,-,-
1848198,😭 Não Apto,4,pasquali@pasquali.com.br,-,2025-07-21 17:04:39,21/07/2025 17:04,-,-,-,-,-,-,-
1848181,😔 Desistiu (1 hora sem interação),1,pasquali@pasquali.com.br,-,2025-07-22 11:48:30,22/07/2025 11:48,-,-,-,-,-,-,-
1848146,😭 Não Apto,4,pasquali@pasquali.com.br,-,2025-07-21 15:45:03,21/07/2025 15:45,-,-,-,-,-,-,-
1848131,🤔 Em Análise Parte2,8,pasquali@pasquali.com.br,-,2025-07-24 09:51:26,24/07/2025 09:51,-,-,-,-,-,-,-
1848064,😭 Não Apto,4,pasquali@pasquali.com.br,-,2025-07-21 15:59:09,21/07/2025 15:59,-,-,-,-,-,-,-
1848035,😔 Desistiu (1 hora sem interação),1,pasquali@pasquali.com.br,-,2025-07-23 15:19:35,23/07/2025 15:19,-,-,-,-,-,-,-
1847985,🤔 Em Análise Parte2,8,pasquali@pasquali.com.br,-,2025-07-25 10:14:13,25/07/2025 10:14,-,-,-,-,-,-,-
1847983,😔 Desistiu (1 hora sem interação),1,-,-,2025-07-22 14:40:54,22/07/2025 14:40,-,-,-,-,-,-,-
1847975,🤔 Em Análise Parte2,8,pasquali@pasquali.com.br,-,2025-07-22 11:43:14,22/07/2025 11:43,-,-,-,-,-,-,-
1847974,🤔 Em Análise Parte2,8,pasquali@pasquali.com.br,-,2025-07-22 15:00:45,22/07/2025 15:00,-,-,-,-,-,-,-
1847968,🤔 Em Análise Parte2,8,pasquali@pasquali.com.br,-,2025-07-22 14:38:38,22/07/2025 14:38,-,-,-,-,-,-,-
1847946,😔 Desistiu (1 hora sem interação),1,-,-,2025-07-22 14:25:54,22/07/2025 14:25,-,-,-,-,-,-,-
1847925,🧑‍🧑‍🧒‍🧒 Apresentação da Vaga,6,pasquali@pasquali.com.br,-,2025-07-21 15:07:05,21/07/2025 15:07,-,-,-,-,-,-,-
1847898,😔 Desistiu (1 hora sem interação),1,-,-,2025-07-22 14:06:54,22/07/2025 14:06,-,-,-,-,-,-,-
1847876,😭 Não Apto,4,pasquali@pasquali.com.br,-,2025-07-21 15:24:52,21/07/2025 15:24,-,-,-,-,-,-,-
1847857,😔 Desistiu (1 hora sem interação),1,pasquali@pasquali.com.br,-,2025-07-23 09:13:33,23/07/2025 09:13,-,-,-,-,-,-,-
1847854,😔 Desistiu (1 hora sem interação),1,pasquali@pasquali.com.br,-,2025-07-23 14:03:27,23/07/2025 14:03,-,-,-,-,-,-,-
1847844,🤔 Em Análise Parte2,8,pasquali@pasquali.com.br,-,2025-07-22 11:39:04,22/07/2025 11:39,-,-,-,-,-,-,-
1847767,🤔 Em Análise Parte2,8,pasquali@pasquali.com.br,-,2025-07-22 11:38:35,22/07/2025 11:38,-,-,-,-,-,-,-
1847764,😔 Desistiu (1 hora sem interação),1,pasquali@pasquali.com.br,-,2025-07-23 13:53:51,23/07/2025 13:53,-,-,-,-,-,-,-
1847746,😔 Desistiu (1 hora sem interação),1,-,-,2025-07-22 12:48:53,22/07/2025 12:48,-,-,-,-,-,-,-
1847598,🧑‍🧑‍🧒‍🧒 Apresentação da Vaga,6,pasquali@pasquali.com.br,-,2025-07-21 14:33:27,21/07/2025 14:33,-,-,-,-,-,-,-
1847386,😔 Desistiu (1 hora sem interação),1,pasquali@pasquali.com.br,-,2025-07-24 09:19:25,24/07/2025 09:19,-,-,-,-,-,-,-
1847383,🤔 Em Análise Parte2,8,pasquali@pasquali.com.br,-,2025-07-22 11:42:54,22/07/2025 11:42,-,-,-,-,-,-,-
1847369,✅ Aprovado,9,pasquali@pasquali.com.br,-,2025-07-30 18:11:07,30/07/2025 18:11,-,-,-,-,-,-,-
1847358,🤔 Em Análise Parte2,8,pasquali@pasquali.com.br,-,2025-07-21 14:04:35,21/07/2025 14:04,-,-,-,-,-,-,-
1847172,😔 Desistiu (1 hora sem interação),1,pasquali@pasquali.com.br,-,2025-07-23 15:19:10,23/07/2025 15:19,-,-,-,-,-,-,-
1847137,❌ Reprovado,A,pasquali@pasquali.com.br,-,2025-07-30 11:56:45,30/07/2025 11:56,-,-,-,-,-,-,-
1847101,😔 Desistiu (1 hora sem interação),1,-,-,2025-07-22 11:34:52,22/07/2025 11:34,-,-,-,-,-,-,-
1847094,😔 Desistiu (1 hora sem interação),1,-,-,2025-07-22 11:32:52,22/07/2025 11:32,-,-,-,-,-,-,-
1846934,😔 Desistiu (1 hora sem interação),1,pasquali@pasquali.com.br,-,2025-07-22 10:23:33,22/07/2025 10:23,-,-,-,-,-,-,-
1846894,😔 Desistiu (1 hora sem interação),1,-,-,2025-07-22 11:08:52,22/07/2025 11:08,-,-,-,-,-,-,-
1846893,😔 Desistiu (1 hora sem interação),1,pasquali@pasquali.com.br,-,2025-07-22 10:37:44,22/07/2025 10:37,-,-,-,-,-,-,-
1846879,🤔 Em Análise Parte2,8,pasquali@pasquali.com.br,-,2025-07-21 14:15:20,21/07/2025 14:15,-,-,-,-,-,-,-
1846706,😔 Desistiu (1 hora sem interação),1,pasquali@pasquali.com.br,-,2025-07-30 11:28:43,30/07/2025 11:28,-,-,-,-,-,-,-
1846694,😔 Desistiu (1 hora sem interação),1,-,-,2025-07-22 10:45:52,22/07/2025 10:45,-,-,-,-,-,-,-
1846580,😔 Desistiu (1 hora sem interação),1,pasquali@pasquali.com.br,-,2025-07-22 14:00:21,22/07/2025 14:00,-,-,-,-,-,-,-
1846298,😔 Desistiu (1 hora sem interação),1,-,-,2025-07-22 10:25:53,22/07/2025 10:25,-,-,-,-,-,-,-
1846212,😔 Desistiu (1 hora sem interação),1,-,-,2025-07-22 10:24:53,22/07/2025 10:24,-,-,-,-,-,-,-
1846001,😔 Desistiu (1 hora sem interação),1,pasquali@pasquali.com.br,-,2025-07-21 13:19:56,21/07/2025 13:19,-,-,-,-,-,-,-
1845898,😔 Desistiu (1 hora sem interação),1,-,-,2025-07-22 10:07:52,22/07/2025 10:07,-,-,-,-,-,-,-
1845514,🤔 Em Análise Parte2,8,pasquali@pasquali.com.br,-,2025-07-22 11:41:12,22/07/2025 11:41,-,-,-,-,-,-,-
1845448,🤔 Em Análise Parte2,8,pasquali@pasquali.com.br,-,2025-07-22 11:38:21,22/07/2025 11:38,-,-,-,-,-,-,-
1845357,😭 Não Apto,4,pasquali@pasquali.com.br,-,2025-07-21 10:43:26,21/07/2025 10:43,-,-,-,-,-,-,-
1845104,📵 Black List (Impedir número de fazer novos processos),B,talita.prates,-,2025-08-21 17:59:56,21/08/2025 17:59,-,-,-,-,-,-,-
1845094,📵 Black List (Impedir número de fazer novos processos),B,talita.prates@ppgj.com.br,-,2025-08-20 08:50:47,20/08/2025 08:50,-,-,-,-,-,-,-
1845054,🧑‍🧑‍🧒‍🧒 Apresentação da Vaga,6,pasquali@pasquali.com.br,-,2025-07-21 11:33:19,21/07/2025 11:33,-,-,-,-,-,-,-
1845043,😔 Desistiu (1 hora sem interação),1,pasquali@pasquali.com.br,-,2025-07-21 16:06:19,21/07/2025 16:06,-,-,-,-,-,-,-
1845042,😔 Desistiu (1 hora sem interação),1,pasquali@pasquali.com.br,-,2025-07-23 13:55:35,23/07/2025 13:55,-,-,-,-,-,-,-
1845036,😔 Desistiu (1 hora sem interação),1,pasquali@pasquali.com.br,-,2025-07-23 13:52:07,23/07/2025 13:52,-,-,-,-,-,-,-
1845021,😔 Desistiu (1 hora sem interação),1,pasquali@pasquali.com.br,-,2025-07-24 11:33:05,24/07/2025 11:33,-,-,-,-,-,-,-
1845008,😔 Desistiu (1 hora sem interação),1,-,-,2025-07-22 02:39:49,22/07/2025 02:39,-,-,-,-,-,-,-
1844772,😔 Desistiu (1 hora sem interação),1,-,-,2025-07-21 13:15:43,21/07/2025 13:15,-,-,-,-,-,-,-
1844748,😔 Desistiu (1 hora sem interação),1,-,-,2025-07-21 12:00:42,21/07/2025 12:00,-,-,-,-,-,-,-
1844642,😔 Desistiu (1 hora sem interação),1,pasquali@pasquali.com.br,-,2025-07-23 13:51:24,23/07/2025 13:51,-,-,-,-,-,-,-
1844625,😔 Desistiu (1 hora sem interação),1,-,-,2025-07-20 20:39:35,20/07/2025 20:39,-,-,-,-,-,-,-
1844362,😔 Desistiu (1 hora sem interação),1,-,-,2025-07-20 12:30:32,20/07/2025 12:30,-,-,-,-,-,-,-
1844186,✅ Aprovado,9,pasquali@pasquali.com.br,-,2025-07-30 17:32:35,30/07/2025 17:32,-,-,-,-,-,-,-
1844004,🤔 Em Análise Parte2,8,pasquali@pasquali.com.br,-,2025-07-28 10:37:35,28/07/2025 10:37,-,-,-,-,-,-,-
1843936,😔 Desistiu (1 hora sem interação),1,-,-,2025-07-19 18:50:23,19/07/2025 18:50,-,-,-,-,-,-,-
1843763,😔 Desistiu (1 hora sem interação),1,-,-,2025-07-19 17:08:23,19/07/2025 17:08,-,-,-,-,-,-,-
1843666,😔 Desistiu (1 hora sem interação),1,-,-,2025-07-19 16:29:22,19/07/2025 16:29,-,-,-,-,-,-,-
1843658,✅ Aprovado,9,pasquali@pasquali.com.br,-,2025-08-06 16:47:53,06/08/2025 16:47,-,-,-,-,-,-,-
1843507,😔 Desistiu (1 hora sem interação),1,-,-,2025-07-19 15:31:22,19/07/2025 15:31,-,-,-,-,-,-,-
1843493,😔 Desistiu (1 hora sem interação),1,pasquali@pasquali.com.br,-,2025-07-23 09:41:16,23/07/2025 09:41,-,-,-,-,-,-,-
1843435,🤔 Em Análise Parte2,8,pasquali@pasquali.com.br,-,2025-07-23 10:42:01,23/07/2025 10:42,-,-,-,-,-,-,-
1843406,😔 Desistiu (1 hora sem interação),1,talita.prates@ppgj.com.br,-,2025-09-18 15:29:30,18/09/2025 15:29,-,-,-,-,-,-,-
1843349,😔 Desistiu (1 hora sem interação),1,-,-,2025-07-19 14:26:21,19/07/2025 14:26,-,-,-,-,-,-,-
1843255,😔 Desistiu (1 hora sem interação),1,-,-,2025-07-19 14:07:21,19/07/2025 14:07,-,-,-,-,-,-,-
1843208,😔 Desistiu (1 hora sem interação),1,-,-,2025-07-19 14:01:21,19/07/2025 14:01,-,-,-,-,-,-,-
1843165,😔 Desistiu (1 hora sem interação),1,-,-,2025-07-19 13:50:21,19/07/2025 13:50,-,-,-,-,-,-,-
1843159,😔 Desistiu (1 hora sem interação),1,pasquali@pasquali.com.br,-,2025-07-23 15:18:30,23/07/2025 15:18,-,-,-,-,-,-,-
1843144,😔 Desistiu (1 hora sem interação),1,-,-,2025-07-19 13:37:21,19/07/2025 13:37,-,-,-,-,-,-,-
1843092,😔 Desistiu (1 hora sem interação),1,-,-,2025-07-19 13:10:21,19/07/2025 13:10,-,-,-,-,-,-,-
1843020,😔 Desistiu (1 hora sem interação),1,-,-,2025-07-19 12:42:21,19/07/2025 12:42,-,-,-,-,-,-,-
1842770,😔 Desistiu (1 hora sem interação),1,pasquali@pasquali.com.br,-,2025-07-18 13:54:53,18/07/2025 13:54,-,-,-,-,-,-,-
1842747,😔 Desistiu (1 hora sem interação),1,-,-,2025-07-19 11:57:21,19/07/2025 11:57,-,-,-,-,-,-,-
1842695,😔 Desistiu (1 hora sem interação),1,-,-,2025-07-19 11:52:22,19/07/2025 11:52,-,-,-,-,-,-,-
1842617,😭 Não Apto,4,-,-,2025-07-18 16:37:40,18/07/2025 16:37,-,-,-,-,-,-,-
1842603,✅ Aprovado,9,pasquali@pasquali.com.br,-,2025-07-30 17:49:08,30/07/2025 17:49,-,-,-,-,-,-,-
1842510,😔 Desistiu (1 hora sem interação),1,-,-,2025-07-19 11:34:20,19/07/2025 11:34,-,-,-,-,-,-,-
1842238,😔 Desistiu (1 hora sem interação),1,-,-,2025-07-19 11:06:20,19/07/2025 11:06,-,-,-,-,-,-,-
1842120,😭 Não Apto,4,pasquali@pasquali.com.br,-,2025-07-21 08:58:46,21/07/2025 08:58,-,-,-,-,-,-,-
1842092,😭 Não Apto,4,-,-,2025-07-18 11:00:28,18/07/2025 11:00,-,-,-,-,-,-,-
1842060,🧑‍🧑‍🧒‍🧒 Apresentação da Vaga,6,pasquali@pasquali.com.br,-,2025-07-18 11:07:41,18/07/2025 11:07,-,-,-,-,-,-,-
1842026,👍 Confirmação de Agendamento,C,pasquali@pasquali.com.br,-,2025-07-21 11:24:25,21/07/2025 11:24,-,-,-,-,-,-,-
1841964,😔 Desistiu (1 hora sem interação),1,-,-,2025-07-19 10:39:20,19/07/2025 10:39,-,-,-,-,-,-,-
1841742,🤔 Em Análise Parte2,8,pasquali@pasquali.com.br,-,2025-07-21 10:35:50,21/07/2025 10:35,-,-,-,-,-,-,-
1841735,😔 Desistiu (1 hora sem interação),1,-,-,2025-07-19 10:00:20,19/07/2025 10:00,-,-,-,-,-,-,-
1841733,🧑‍🧑‍🧒‍🧒 Apresentação da Vaga,6,pasquali@pasquali.com.br,-,2025-07-18 11:02:36,18/07/2025 11:02,-,-,-,-,-,-,-
1841626,🧑‍🧑‍🧒‍🧒 Apresentação da Vaga,6,pasquali@pasquali.com.br,-,2025-07-18 09:17:53,18/07/2025 09:17,-,-,-,-,-,-,-
1841615,😔 Desistiu (1 hora sem interação),1,-,-,2025-07-19 09:06:20,19/07/2025 09:06,-,-,-,-,-,-,-
1841427,😔 Desistiu (1 hora sem interação),1,mariajulia.souza@ppgj.com.br,-,2025-08-18 12:19:22,18/08/2025 12:19,-,-,-,-,-,-,-
1841374,😔 Desistiu (1 hora sem interação),1,pasquali@pasquali.com.br,-,2025-07-21 11:38:02,21/07/2025 11:38,-,-,-,-,-,-,-
1841360,😔 Desistiu (1 hora sem interação),1,-,-,2025-07-18 21:34:16,18/07/2025 21:34,-,-,-,-,-,-,-
1841236,😔 Desistiu (1 hora sem interação),1,-,-,2025-07-18 18:51:14,18/07/2025 18:51,-,-,-,-,-,-,-
1841233,😔 Desistiu (1 hora sem interação),1,-,-,2025-07-18 18:48:14,18/07/2025 18:48,-,-,-,-,-,-,-
1841226,✅ Aprovado,9,pasquali@pasquali.com.br,-,2025-07-30 17:56:41,30/07/2025 17:56,-,-,-,-,-,-,-
1841215,😔 Desistiu (1 hora sem interação),1,-,-,2025-07-18 18:35:15,18/07/2025 18:35,-,-,-,-,-,-,-
1841193,😔 Desistiu (1 hora sem interação),1,-,-,2025-07-18 18:26:14,18/07/2025 18:26,-,-,-,-,-,-,-
1841173,🧑‍🧑‍🧒‍🧒 Apresentação da Vaga,6,pasquali@pasquali.com.br,-,2025-07-22 09:45:17,22/07/2025 09:45,-,-,-,-,-,-,-
1841159,👍 Confirmação de Agendamento,C,pasquali@pasquali.com.br,-,2025-07-18 08:33:22,18/07/2025 08:33,-,-,-,-,-,-,-
1841146,🤔 Em Análise Parte2,8,pasquali@pasquali.com.br,-,2025-07-21 09:37:58,21/07/2025 09:37,-,-,-,-,-,-,-
1841060,🧑‍🧑‍🧒‍🧒 Apresentação da Vaga,6,pasquali@pasquali.com.br,-,2025-07-18 09:44:48,18/07/2025 09:44,-,-,-,-,-,-,-
1840954,✅ Aprovado,9,pasquali@pasquali.com.br,-,2025-07-30 17:52:21,30/07/2025 17:52,-,-,-,-,-,-,-
1840339,🧑‍🧑‍🧒‍🧒 Entrevista Individual,7,pasquali@pasquali.com.br,-,2025-07-18 14:52:25,18/07/2025 14:52,-,-,-,-,-,-,-
1840319,🤔 Em Análise Parte2,8,pasquali@pasquali.com.br,-,2025-07-21 10:38:42,21/07/2025 10:38,-,-,-,-,-,-,-
1840033,😔 Desistiu (1 hora sem interação),1,-,-,2025-07-18 15:17:13,18/07/2025 15:17,-,-,-,-,-,-,-
1840007,🤔 Em Análise Parte2,8,pasquali@pasquali.com.br,-,2025-07-18 10:21:15,18/07/2025 10:21,-,-,-,-,-,-,-
1839501,😔 Desistiu (1 hora sem interação),1,-,-,2025-07-18 14:27:12,18/07/2025 14:27,-,-,-,-,-,-,-
1839059,😔 Desistiu (1 hora sem interação),1,-,-,2025-07-18 13:45:12,18/07/2025 13:45,-,-,-,-,-,-,-
1839047,🤔 Em Análise Parte2,8,pasquali@pasquali.com.br,-,2025-07-23 15:55:08,23/07/2025 15:55,-,-,-,-,-,-,-
1839045,😔 Desistiu (1 hora sem interação),1,-,-,2025-07-18 13:34:12,18/07/2025 13:34,-,-,-,-,-,-,-
1838992,😔 Desistiu (1 hora sem interação),1,-,-,2025-07-18 13:29:12,18/07/2025 13:29,-,-,-,-,-,-,-
1838795,🧑‍🧑‍🧒‍🧒 Apresentação da Vaga,6,pasquali@pasquali.com.br,-,2025-07-18 09:54:41,18/07/2025 09:54,-,-,-,-,-,-,-
1838789,😔 Desistiu (1 hora sem interação),1,-,-,2025-07-18 12:48:12,18/07/2025 12:48,-,-,-,-,-,-,-
1838777,😔 Desistiu (1 hora sem interação),1,-,-,2025-07-18 12:39:12,18/07/2025 12:39,-,-,-,-,-,-,-
1838775,🤔 Em Análise Parte2,8,pasquali@pasquali.com.br,-,2025-07-30 10:11:13,30/07/2025 10:11,-,-,-,-,-,-,-
1838764,😭 Não Apto,4,pasquali@pasquali.com.br,-,2025-07-17 16:38:52,17/07/2025 16:38,-,-,-,-,-,-,-
1838751,😭 Não Apto,4,pasquali@pasquali.com.br,-,2025-07-17 16:41:41,17/07/2025 16:41,-,-,-,-,-,-,-
1838748,😔 Desistiu (1 hora sem interação),1,pasquali@pasquali.com.br,-,2025-07-21 08:40:06,21/07/2025 08:40,-,-,-,-,-,-,-
1838660,😔 Desistiu (1 hora sem interação),1,pasquali@pasquali.com.br,-,2025-07-17 16:49:28,17/07/2025 16:49,-,-,-,-,-,-,-
1838623,😭 Não Apto,4,pasquali@pasquali.com.br,-,2025-07-17 13:22:41,17/07/2025 13:22,-,-,-,-,-,-,-
1838601,🤔 Em Análise Parte2,8,pasquali@pasquali.com.br,-,2025-07-18 11:06:41,18/07/2025 11:06,-,-,-,-,-,-,-
1838548,😔 Desistiu (1 hora sem interação),1,-,-,2025-07-18 11:57:11,18/07/2025 11:57,-,-,-,-,-,-,-
1838546,😭 Não Apto,4,pasquali@pasquali.com.br,-,2025-07-17 12:13:19,17/07/2025 12:13,-,-,-,-,-,-,-
1838485,🧑‍🧑‍🧒‍🧒 Apresentação da Vaga,6,pasquali@pasquali.com.br,-,2025-07-18 11:10:42,18/07/2025 11:10,-,-,-,-,-,-,-
1838442,❌ Reprovado,A,pasquali@pasquali.com.br,-,2025-07-22 16:48:39,22/07/2025 16:48,-,-,-,-,-,-,-
1838311,📵 Black List (Impedir número de fazer novos processos),B,talita.prates@ppgj.com.br,-,2025-08-20 08:50:47,20/08/2025 08:50,-,-,-,-,-,-,-
1838305,😔 Desistiu (1 hora sem interação),1,-,-,2025-07-18 11:34:11,18/07/2025 11:34,-,-,-,-,-,-,-
1838167,😔 Desistiu (1 hora sem interação),1,mariajulia.souza@ppgj.com.br,-,2025-08-21 11:54:18,21/08/2025 11:54,-,-,-,-,-,-,-
1838065,🤔 Em Análise Parte2,8,pasquali@pasquali.com.br,-,2025-07-23 15:40:32,23/07/2025 15:40,-,-,-,-,-,-,-
1837994,😔 Desistiu (1 hora sem interação),1,pasquali@pasquali.com.br,-,2025-07-18 08:31:37,18/07/2025 08:31,-,-,-,-,-,-,-
1837949,😔 Desistiu (1 hora sem interação),1,pasquali@pasquali.com.br,-,2025-07-17 16:46:07,17/07/2025 16:46,-,-,-,-,-,-,-
1837938,😔 Desistiu (1 hora sem interação),1,-,-,2025-07-18 11:09:11,18/07/2025 11:09,-,-,-,-,-,-,-
1837927,🤔 Em Análise Parte2,8,pasquali@pasquali.com.br,-,2025-07-18 11:14:35,18/07/2025 11:14,-,-,-,-,-,-,-
1837903,👍 Confirmação de Agendamento,C,pasquali@pasquali.com.br,-,2025-07-17 11:16:00,17/07/2025 11:16,-,-,-,-,-,-,-
1837879,🤔 Em Análise Parte2,8,pasquali@pasquali.com.br,-,2025-07-17 15:39:43,17/07/2025 15:39,-,-,-,-,-,-,-
1837871,😔 Desistiu (1 hora sem interação),1,-,-,2025-07-18 11:06:11,18/07/2025 11:06,-,-,-,-,-,-,-
1837843,😔 Desistiu (1 hora sem interação),1,pasquali@pasquali.com.br,-,2025-07-17 13:59:54,17/07/2025 13:59,-,-,-,-,-,-,-
1837827,✅ Aprovado,9,pasquali@pasquali.com.br,-,2025-07-30 16:48:03,30/07/2025 16:48,-,-,-,-,-,-,-
1837733,🧑‍🧑‍🧒‍🧒 Apresentação da Vaga,6,pasquali@pasquali.com.br,-,2025-07-17 11:20:51,17/07/2025 11:20,-,-,-,-,-,-,-
1837658,😔 Desistiu (1 hora sem interação),1,-,-,2025-07-18 10:50:11,18/07/2025 10:50,-,-,-,-,-,-,-
1837520,😔 Desistiu (1 hora sem interação),1,pasquali@pasquali.com.br,-,2025-07-18 16:34:19,18/07/2025 16:34,-,-,-,-,-,-,-
1837146,😔 Desistiu (1 hora sem interação),1,pasquali@pasquali.com.br,-,2025-07-23 10:52:02,23/07/2025 10:52,-,-,-,-,-,-,-
1837136,🤔 Em Análise Parte2,8,pasquali@pasquali.com.br,-,2025-07-17 14:43:27,17/07/2025 14:43,-,-,-,-,-,-,-
1837034,🤔 Em Análise Parte2,8,pasquali@pasquali.com.br,-,2025-07-17 15:52:23,17/07/2025 15:52,-,-,-,-,-,-,-
1837031,🧑‍🧑‍🧒‍🧒 Apresentação da Vaga,6,pasquali@pasquali.com.br,-,2025-07-17 12:01:25,17/07/2025 12:01,-,-,-,-,-,-,-
1836900,😔 Desistiu (1 hora sem interação),1,-,-,2025-07-18 09:27:09,18/07/2025 09:27,-,-,-,-,-,-,-
1836874,😔 Desistiu (1 hora sem interação),1,-,-,2025-07-18 09:22:11,18/07/2025 09:22,-,-,-,-,-,-,-
1836566,🧑‍🧑‍🧒‍🧒 Entrevista Individual,7,pasquali@pasquali.com.br,-,2025-07-18 10:22:33,18/07/2025 10:22,-,-,-,-,-,-,-
1836469,😭 Não Apto,4,pasquali@pasquali.com.br,-,2025-07-17 08:25:21,17/07/2025 08:25,-,-,-,-,-,-,-
1836129,😭 Não Apto,4,pasquali@pasquali.com.br,-,2025-07-17 08:23:43,17/07/2025 08:23,-,-,-,-,-,-,-
1836126,😔 Desistiu (1 hora sem interação),1,-,-,2025-07-17 21:10:22,17/07/2025 21:10,-,-,-,-,-,-,-
1835999,😔 Desistiu (1 hora sem interação),1,-,-,2025-07-17 18:26:24,17/07/2025 18:26,-,-,-,-,-,-,-
1835745,😔 Desistiu (1 hora sem interação),1,-,-,2025-07-17 16:35:23,17/07/2025 16:35,-,-,-,-,-,-,-
1835596,😔 Desistiu (1 hora sem interação),1,-,-,2025-07-17 16:16:23,17/07/2025 16:16,-,-,-,-,-,-,-
1835593,🧑‍🧑‍🧒‍🧒 Apresentação da Vaga,6,pasquali@pasquali.com.br,-,2025-07-16 16:25:36,16/07/2025 16:25,-,-,-,-,-,-,-
1835411,✅ Aprovado,9,julia.bevilacqua@ppgj.com.br,-,2025-09-12 17:32:37,12/09/2025 17:32,-,-,-,-,-,-,-
1835251,😔 Desistiu (1 hora sem interação),1,-,-,2025-07-17 14:11:24,17/07/2025 14:11,-,-,-,-,-,-,-
1835249,😔 Desistiu (1 hora sem interação),1,-,-,2025-07-17 14:10:22,17/07/2025 14:10,-,-,-,-,-,-,-
1835241,🧑‍🧑‍🧒‍🧒 Apresentação da Vaga,6,pasquali@pasquali.com.br,-,2025-07-16 16:21:29,16/07/2025 16:21,-,-,-,-,-,-,-
1835149,😔 Desistiu (1 hora sem interação),1,-,-,2025-07-17 13:39:22,17/07/2025 13:39,-,-,-,-,-,-,-
1835121,😭 Não Apto,4,pasquali@pasquali.com.br,-,2025-07-16 16:41:23,16/07/2025 16:41,-,-,-,-,-,-,-
1835068,🤔 Em Análise Parte2,8,pasquali@pasquali.com.br,-,2025-07-17 16:02:41,17/07/2025 16:02,-,-,-,-,-,-,-
1835034,😔 Desistiu (1 hora sem interação),1,-,-,2025-07-17 12:28:22,17/07/2025 12:28,-,-,-,-,-,-,-
1835007,❌ Reprovado,A,pasquali@pasquali.com.br,-,2025-07-22 16:40:13,22/07/2025 16:40,-,-,-,-,-,-,-
1835003,✅ Aprovado,9,pasquali@pasquali.com.br,-,2025-07-30 18:03:22,30/07/2025 18:03,-,-,-,-,-,-,-
1835000,😔 Desistiu (1 hora sem interação),1,-,-,2025-07-26 12:14:14,26/07/2025 12:14,-,-,-,-,-,-,-
1834919,😔 Desistiu (1 hora sem interação),1,-,-,2025-07-17 11:38:21,17/07/2025 11:38,-,-,-,-,-,-,-
1834838,😔 Desistiu (1 hora sem interação),1,-,-,2025-07-17 11:10:21,17/07/2025 11:10,-,-,-,-,-,-,-
1834813,😭 Não Apto,4,-,-,2025-07-16 11:08:14,16/07/2025 11:08,-,-,-,-,-,-,-
1834752,🤔 Em Análise Parte2,8,pasquali@pasquali.com.br,-,2025-07-17 15:49:45,17/07/2025 15:49,-,-,-,-,-,-,-
1834725,🤔 Em Análise Parte2,8,pasquali@pasquali.com.br,-,2025-07-17 09:35:17,17/07/2025 09:35,-,-,-,-,-,-,-
1834715,😔 Desistiu (1 hora sem interação),1,-,-,2025-07-17 10:24:21,17/07/2025 10:24,-,-,-,-,-,-,-
1834624,😔 Desistiu (1 hora sem interação),1,-,-,2025-07-17 10:03:21,17/07/2025 10:03,-,-,-,-,-,-,-
1834610,😔 Desistiu (1 hora sem interação),1,pasquali@pasquali.com.br,-,2025-07-23 15:10:20,23/07/2025 15:10,-,-,-,-,-,-,-
1834474,🤔 Em Análise Parte2,8,pasquali@pasquali.com.br,-,2025-07-16 14:49:01,16/07/2025 14:49,-,-,-,-,-,-,-
1834443,😔 Desistiu (1 hora sem interação),1,-,-,2025-07-17 08:54:20,17/07/2025 08:54,-,-,-,-,-,-,-
1834437,😔 Desistiu (1 hora sem interação),1,-,-,2025-07-17 08:53:20,17/07/2025 08:53,-,-,-,-,-,-,-
1834431,😭 Não Apto,4,pasquali@pasquali.com.br,-,2025-07-17 11:29:40,17/07/2025 11:29,-,-,-,-,-,-,-
1834361,😔 Desistiu (1 hora sem interação),1,-,-,2025-07-17 06:42:19,17/07/2025 06:42,-,-,-,-,-,-,-
1834347,😔 Desistiu (1 hora sem interação),1,-,-,2025-07-16 23:56:16,16/07/2025 23:56,-,-,-,-,-,-,-
1834329,😭 Não Apto,4,-,-,2025-07-15 22:49:42,15/07/2025 22:49,-,-,-,-,-,-,-
1834316,😭 Não Apto,4,pasquali@pasquali.com.br,-,2025-07-16 10:01:57,16/07/2025 10:01,-,-,-,-,-,-,-
1834239,😔 Desistiu (1 hora sem interação),1,-,-,2025-07-16 20:04:36,16/07/2025 20:04,-,-,-,-,-,-,-
1834204,😔 Desistiu (1 hora sem interação),1,-,-,2025-07-16 19:22:36,16/07/2025 19:22,-,-,-,-,-,-,-
1834168,😭 Não Apto,4,-,-,2025-07-15 19:07:53,15/07/2025 19:07,-,-,-,-,-,-,-
1834115,😔 Desistiu (1 hora sem interação),1,-,-,2025-07-16 18:19:36,16/07/2025 18:19,-,-,-,-,-,-,-
1834069,😔 Desistiu (1 hora sem interação),1,pasquali@pasquali.com.br,-,2025-07-23 15:20:04,23/07/2025 15:20,-,-,-,-,-,-,-
1834067,😔 Desistiu (1 hora sem interação),1,-,-,2025-07-16 17:50:35,16/07/2025 17:50,-,-,-,-,-,-,-
1834059,😭 Não Apto,4,pasquali@pasquali.com.br,-,2025-07-17 16:40:13,17/07/2025 16:40,-,-,-,-,-,-,-
1834032,🤔 Em Análise Parte2,8,pasquali@pasquali.com.br,-,2025-07-17 09:31:59,17/07/2025 09:31,-,-,-,-,-,-,-
1833987,🤔 Em Análise Parte2,8,pasquali@pasquali.com.br,-,2025-07-17 15:46:57,17/07/2025 15:46,-,-,-,-,-,-,-
1833966,😭 Não Apto,4,pasquali@pasquali.com.br,-,2025-07-15 17:19:57,15/07/2025 17:19,-,-,-,-,-,-,-
1833947,😔 Desistiu (1 hora sem interação),1,-,-,2025-07-16 17:01:35,16/07/2025 17:01,-,-,-,-,-,-,-
1833831,😔 Desistiu (1 hora sem interação),1,-,-,2025-07-16 16:33:35,16/07/2025 16:33,-,-,-,-,-,-,-
1833732,😔 Desistiu (1 hora sem interação),1,-,-,2025-07-16 16:21:34,16/07/2025 16:21,-,-,-,-,-,-,-
1833718,😔 Desistiu (1 hora sem interação),1,pasquali@pasquali.com.br,-,2025-07-17 11:03:55,17/07/2025 11:03,-,-,-,-,-,-,-
1833706,🤔 Em Análise Parte2,8,pasquali@pasquali.com.br,-,2025-07-16 15:54:45,16/07/2025 15:54,-,-,-,-,-,-,-
1833541,🤔 Em Análise Parte2,8,pasquali@pasquali.com.br,-,2025-07-16 11:03:06,16/07/2025 11:03,-,-,-,-,-,-,-
1833456,😔 Desistiu (1 hora sem interação),1,pasquali@pasquali.com.br,-,2025-07-21 08:41:11,21/07/2025 08:41,-,-,-,-,-,-,-
1833434,👍 Confirmação de Agendamento,C,pasquali@pasquali.com.br,-,2025-07-15 16:16:11,15/07/2025 16:16,-,-,-,-,-,-,-
1833348,✅ Aprovado,9,pasquali@pasquali.com.br,-,2025-08-06 16:58:14,06/08/2025 16:58,-,-,-,-,-,-,-
1833269,🧑‍🧑‍🧒‍🧒 Entrevista Individual,7,pasquali@pasquali.com.br,-,2025-07-17 09:36:27,17/07/2025 09:36,-,-,-,-,-,-,-
1833020,🤔 Em Análise Parte2,8,pasquali@pasquali.com.br,-,2025-07-17 15:58:09,17/07/2025 15:58,-,-,-,-,-,-,-
1832875,❌ Reprovado,A,pasquali@pasquali.com.br,-,2025-07-22 16:45:42,22/07/2025 16:45,-,-,-,-,-,-,-
1832798,🤔 Em Análise Parte2,8,pasquali@pasquali.com.br,-,2025-07-16 15:57:52,16/07/2025 15:57,-,-,-,-,-,-,-
1832733,😔 Desistiu (1 hora sem interação),1,pasquali@pasquali.com.br,-,2025-07-18 16:37:11,18/07/2025 16:37,-,-,-,-,-,-,-
1832690,😔 Desistiu (1 hora sem interação),1,pasquali@pasquali.com.br,-,2025-07-15 14:40:15,15/07/2025 14:40,-,-,-,-,-,-,-
1832660,👍 Confirmação de Agendamento,C,pasquali@pasquali.com.br,-,2025-07-15 15:50:52,15/07/2025 15:50,-,-,-,-,-,-,-
1832560,😔 Desistiu (1 hora sem interação),1,pasquali@pasquali.com.br,-,2025-07-15 17:03:19,15/07/2025 17:03,-,-,-,-,-,-,-
1832554,😔 Desistiu (1 hora sem interação),1,pasquali@pasquali.com.br,-,2025-07-15 17:00:46,15/07/2025 17:00,-,-,-,-,-,-,-
1832542,🧑‍🧑‍🧒‍🧒 Apresentação da Vaga,6,pasquali@pasquali.com.br,-,2025-07-15 15:57:46,15/07/2025 15:57,-,-,-,-,-,-,-
1832522,😔 Desistiu (1 hora sem interação),1,-,-,2025-07-16 14:08:33,16/07/2025 14:08,-,-,-,-,-,-,-
1832513,😔 Desistiu (1 hora sem interação),1,-,-,2025-07-16 14:06:34,16/07/2025 14:06,-,-,-,-,-,-,-
1832488,🤔 Em Análise Parte2,8,pasquali@pasquali.com.br,-,2025-07-16 10:58:34,16/07/2025 10:58,-,-,-,-,-,-,-
1832400,😔 Desistiu (1 hora sem interação),1,pasquali@pasquali.com.br,-,2025-07-15 13:37:55,15/07/2025 13:37,-,-,-,-,-,-,-
1832361,😔 Desistiu (1 hora sem interação),1,pasquali@pasquali.com.br,-,2025-07-17 08:57:18,17/07/2025 08:57,-,-,-,-,-,-,-
1832358,😔 Desistiu (1 hora sem interação),1,pasquali@pasquali.com.br,-,2025-07-17 09:59:45,17/07/2025 09:59,-,-,-,-,-,-,-
1832250,🤔 Em Análise Parte2,8,pasquali@pasquali.com.br,-,2025-07-18 10:06:55,18/07/2025 10:06,-,-,-,-,-,-,-
1832234,😭 Não Apto,4,pasquali@pasquali.com.br,-,2025-07-15 13:09:04,15/07/2025 13:09,-,-,-,-,-,-,-
1832216,😔 Desistiu (1 hora sem interação),1,-,-,2025-07-25 12:40:48,25/07/2025 12:40,-,-,-,-,-,-,-
1832214,🤔 Em Análise Parte2,8,pasquali@pasquali.com.br,-,2025-07-22 11:39:27,22/07/2025 11:39,-,-,-,-,-,-,-
1832191,😔 Desistiu (1 hora sem interação),1,pasquali@pasquali.com.br,-,2025-07-17 10:02:48,17/07/2025 10:02,-,-,-,-,-,-,-
1832182,😔 Desistiu (1 hora sem interação),1,-,-,2025-07-16 12:23:33,16/07/2025 12:23,-,-,-,-,-,-,-
1832161,😔 Desistiu (1 hora sem interação),1,pasquali@pasquali.com.br,-,2025-07-16 13:08:27,16/07/2025 13:08,-,-,-,-,-,-,-
1832120,😔 Desistiu (1 hora sem interação),1,pasquali@pasquali.com.br,-,2025-07-17 09:46:39,17/07/2025 09:46,-,-,-,-,-,-,-
1832094,😔 Desistiu (1 hora sem interação),1,-,-,2025-07-16 11:32:15,16/07/2025 11:32,-,-,-,-,-,-,-
1832081,😔 Desistiu (1 hora sem interação),1,-,-,2025-07-16 11:26:14,16/07/2025 11:26,-,-,-,-,-,-,-
1832052,😔 Desistiu (1 hora sem interação),1,-,-,2025-07-16 11:15:13,16/07/2025 11:15,-,-,-,-,-,-,-
1832047,😔 Desistiu (1 hora sem interação),1,-,-,2025-07-16 11:10:13,16/07/2025 11:10,-,-,-,-,-,-,-
1832042,😭 Não Apto,4,pasquali@pasquali.com.br,-,2025-07-15 11:32:14,15/07/2025 11:32,-,-,-,-,-,-,-
1831913,🤔 Em Análise Parte2,8,pasquali@pasquali.com.br,-,2025-07-16 11:01:47,16/07/2025 11:01,-,-,-,-,-,-,-
1831908,😔 Desistiu (1 hora sem interação),1,-,-,2025-07-16 10:15:13,16/07/2025 10:15,-,-,-,-,-,-,-
1831901,😔 Desistiu (1 hora sem interação),1,-,-,2025-07-16 10:13:13,16/07/2025 10:13,-,-,-,-,-,-,-
1831810,🤔 Em Análise Parte2,8,pasquali@pasquali.com.br,-,2025-07-17 10:33:11,17/07/2025 10:33,-,-,-,-,-,-,-
1831802,😔 Desistiu (1 hora sem interação),1,-,-,2025-07-16 09:31:12,16/07/2025 09:31,-,-,-,-,-,-,-
1831772,😔 Desistiu (1 hora sem interação),1,pasquali@pasquali.com.br,-,2025-07-17 10:49:12,17/07/2025 10:49,-,-,-,-,-,-,-
1831747,🤔 Em Análise Parte2,8,pasquali@pasquali.com.br,-,2025-07-16 10:57:44,16/07/2025 10:57,-,-,-,-,-,-,-
1831741,🤔 Em Análise Parte2,8,pasquali@pasquali.com.br,-,2025-07-16 10:15:41,16/07/2025 10:15,-,-,-,-,-,-,-
1831740,😔 Desistiu (1 hora sem interação),1,-,-,2025-07-16 09:06:12,16/07/2025 09:06,-,-,-,-,-,-,-
1831583,😔 Desistiu (1 hora sem interação),1,-,-,2025-07-15 22:45:08,15/07/2025 22:45,-,-,-,-,-,-,-
1831564,😔 Desistiu (1 hora sem interação),1,pasquali@pasquali.com.br,-,2025-07-18 16:33:37,18/07/2025 16:33,-,-,-,-,-,-,-
1831550,😔 Desistiu (1 hora sem interação),1,-,-,2025-07-15 20:58:07,15/07/2025 20:58,-,-,-,-,-,-,-
1831496,✅ Aprovado,9,pasquali@pasquali.com.br,-,2025-07-30 18:04:31,30/07/2025 18:04,-,-,-,-,-,-,-
1831468,😔 Desistiu (1 hora sem interação),1,pasquali@pasquali.com.br,-,2025-07-17 08:39:08,17/07/2025 08:39,-,-,-,-,-,-,-
1831437,✅ Aprovado,9,pasquali@pasquali.com.br,-,2025-07-30 18:09:59,30/07/2025 18:09,-,-,-,-,-,-,-
1831302,😔 Desistiu (1 hora sem interação),1,pasquali@pasquali.com.br,-,2025-07-18 16:32:59,18/07/2025 16:32,-,-,-,-,-,-,-
1831262,😔 Desistiu (1 hora sem interação),1,-,-,2025-07-15 16:57:06,15/07/2025 16:57,-,-,-,-,-,-,-
1831202,🤔 Em Análise Parte2,8,pasquali@pasquali.com.br,-,2025-07-15 12:18:57,15/07/2025 12:18,-,-,-,-,-,-,-
1831184,🤔 Em Análise Parte2,8,pasquali@pasquali.com.br,-,2025-07-16 09:39:13,16/07/2025 09:39,-,-,-,-,-,-,-
1831092,😔 Desistiu (1 hora sem interação),1,-,-,2025-07-15 16:04:05,15/07/2025 16:04,-,-,-,-,-,-,-
1831059,😔 Desistiu (1 hora sem interação),1,pasquali@pasquali.com.br,-,2025-07-17 10:03:37,17/07/2025 10:03,-,-,-,-,-,-,-
1831056,😔 Desistiu (1 hora sem interação),1,-,-,2025-07-15 15:50:05,15/07/2025 15:50,-,-,-,-,-,-,-
1831035,😔 Desistiu (1 hora sem interação),1,pasquali@pasquali.com.br,-,2025-07-15 15:16:34,15/07/2025 15:16,-,-,-,-,-,-,-
1831024,🤔 Em Análise Parte2,8,pasquali@pasquali.com.br,-,2025-07-15 12:25:28,15/07/2025 12:25,-,-,-,-,-,-,-
1831009,😔 Desistiu (1 hora sem interação),1,-,-,2025-07-15 15:29:05,15/07/2025 15:29,-,-,-,-,-,-,-
1830992,🤔 Em Análise Parte2,8,pasquali@pasquali.com.br,-,2025-07-15 12:23:49,15/07/2025 12:23,-,-,-,-,-,-,-
1830977,😔 Desistiu (1 hora sem interação),1,-,-,2025-07-15 15:18:04,15/07/2025 15:18,-,-,-,-,-,-,-
1830899,😔 Desistiu (1 hora sem interação),1,pasquali@pasquali.com.br,-,2025-07-17 09:43:10,17/07/2025 09:43,-,-,-,-,-,-,-
1830888,🧑‍🧑‍🧒‍🧒 Apresentação da Vaga,6,pasquali@pasquali.com.br,-,2025-07-14 14:48:19,14/07/2025 14:48,-,-,-,-,-,-,-
1830867,😔 Desistiu (1 hora sem interação),1,-,-,2025-07-15 14:32:04,15/07/2025 14:32,-,-,-,-,-,-,-
1830864,😔 Desistiu (1 hora sem interação),1,-,-,2025-07-15 14:31:04,15/07/2025 14:31,-,-,-,-,-,-,-
1830805,❌ Reprovado,A,pasquali@pasquali.com.br,-,2025-07-22 16:54:18,22/07/2025 16:54,-,-,-,-,-,-,-
1830781,❌ Reprovado,A,pasquali@pasquali.com.br,-,2025-07-22 16:52:34,22/07/2025 16:52,-,-,-,-,-,-,-
1830774,❌ Reprovado,A,pasquali@pasquali.com.br,-,2025-07-22 16:54:54,22/07/2025 16:54,-,-,-,-,-,-,-
1830764,🤔 Em Análise Parte2,8,pasquali@pasquali.com.br,-,2025-07-16 14:31:41,16/07/2025 14:31,-,-,-,-,-,-,-
1830736,😭 Não Apto,4,-,-,2025-07-14 14:00:39,14/07/2025 14:00,-,-,-,-,-,-,-
1830702,😔 Desistiu (1 hora sem interação),1,-,-,2025-07-15 13:36:04,15/07/2025 13:36,-,-,-,-,-,-,-
1830699,😔 Desistiu (1 hora sem interação),1,pasquali@pasquali.com.br,-,2025-07-16 16:37:23,16/07/2025 16:37,-,-,-,-,-,-,-
1830673,😔 Desistiu (1 hora sem interação),1,pasquali@pasquali.com.br,-,2025-07-16 12:21:17,16/07/2025 12:21,-,-,-,-,-,-,-
1830670,🧑‍🧑‍🧒‍🧒 Entrevista Individual,7,pasquali@pasquali.com.br,-,2025-07-15 10:40:39,15/07/2025 10:40,-,-,-,-,-,-,-
1830668,😔 Desistiu (1 hora sem interação),1,-,-,2025-07-15 13:18:04,15/07/2025 13:18,-,-,-,-,-,-,-
1830667,😔 Desistiu (1 hora sem interação),1,pasquali@pasquali.com.br,-,2025-07-14 15:35:38,14/07/2025 15:35,-,-,-,-,-,-,-
1830666,😔 Desistiu (1 hora sem interação),1,-,-,2025-07-15 13:16:03,15/07/2025 13:16,-,-,-,-,-,-,-
1830665,📵 Black List (Impedir número de fazer novos processos),B,talita.prates@ppgj.com.br,-,2025-08-20 08:50:47,20/08/2025 08:50,-,-,-,-,-,-,-
1830660,🤔 Em Análise Parte2,8,pasquali@pasquali.com.br,-,2025-07-16 11:03:48,16/07/2025 11:03,-,-,-,-,-,-,-
1830659,😔 Desistiu (1 hora sem interação),1,pasquali@pasquali.com.br,-,2025-07-16 10:32:28,16/07/2025 10:32,-,-,-,-,-,-,-
1830654,😔 Desistiu (1 hora sem interação),1,pasquali@pasquali.com.br,-,2025-07-14 13:39:56,14/07/2025 13:39,-,-,-,-,-,-,-
1830593,😔 Desistiu (1 hora sem interação),1,-,-,2025-07-15 12:37:03,15/07/2025 12:37,-,-,-,-,-,-,-
1830550,😔 Desistiu (1 hora sem interação),1,-,-,2025-07-15 12:15:03,15/07/2025 12:15,-,-,-,-,-,-,-
1830548,✅ Aprovado,9,pasquali@pasquali.com.br,-,2025-07-22 14:04:58,22/07/2025 14:04,-,-,-,-,-,-,-
1830522,😔 Desistiu (1 hora sem interação),1,-,-,2025-07-15 11:56:03,15/07/2025 11:56,-,-,-,-,-,-,-
1830475,🤔 Em Análise Parte2,8,pasquali@pasquali.com.br,-,2025-07-25 14:33:57,25/07/2025 14:33,-,-,-,-,-,-,-
1830463,🤔 Em Análise Parte2,8,pasquali@pasquali.com.br,-,2025-07-25 14:46:03,25/07/2025 14:46,-,-,-,-,-,-,-
1830455,😔 Desistiu (1 hora sem interação),1,-,-,2025-07-15 11:26:03,15/07/2025 11:26,-,-,-,-,-,-,-
1830449,😔 Desistiu (1 hora sem interação),1,-,-,2025-07-15 11:24:03,15/07/2025 11:24,-,-,-,-,-,-,-
1830109,😔 Desistiu (1 hora sem interação),1,-,-,2025-07-15 09:53:02,15/07/2025 09:53,-,-,-,-,-,-,-
1829913,😔 Desistiu (1 hora sem interação),1,-,-,2025-07-15 09:28:02,15/07/2025 09:28,-,-,-,-,-,-,-
1829708,✅ Aprovado,9,pasquali@pasquali.com.br,-,2025-07-22 14:03:32,22/07/2025 14:03,-,-,-,-,-,-,-
1829693,😔 Desistiu (1 hora sem interação),1,-,-,2025-07-15 09:06:01,15/07/2025 09:06,-,-,-,-,-,-,-
1829648,😔 Desistiu (1 hora sem interação),1,pasquali@pasquali.com.br,-,2025-07-14 14:58:43,14/07/2025 14:58,-,-,-,-,-,-,-
1829327,😭 Não Apto,4,pasquali@pasquali.com.br,-,2025-07-14 08:39:02,14/07/2025 08:39,-,-,-,-,-,-,-
1829250,🧑‍🧑‍🧒‍🧒 Entrevista Individual,7,pasquali@pasquali.com.br,-,2025-07-15 11:01:29,15/07/2025 11:01,-,-,-,-,-,-,-
1829227,😔 Desistiu (1 hora sem interação),1,pasquali@pasquali.com.br,-,2025-07-17 13:58:11,17/07/2025 13:58,-,-,-,-,-,-,-
1829219,✅ Aprovado,9,pasquali@pasquali.com.br,-,2025-07-30 17:57:58,30/07/2025 17:57,-,-,-,-,-,-,-
1829194,😔 Desistiu (1 hora sem interação),1,pasquali@pasquali.com.br,-,2025-07-17 10:36:13,17/07/2025 10:36,-,-,-,-,-,-,-
1829125,😔 Desistiu (1 hora sem interação),1,-,-,2025-07-14 19:17:55,14/07/2025 19:17,-,-,-,-,-,-,-
1829080,✅ Aprovado,9,pasquali@pasquali.com.br,-,2025-07-22 14:05:15,22/07/2025 14:05,-,-,-,-,-,-,-
1828988,😔 Desistiu (1 hora sem interação),1,-,-,2025-07-14 13:33:52,14/07/2025 13:33,-,-,-,-,-,-,-
1828967,😭 Não Apto,4,-,-,2025-07-13 13:41:06,13/07/2025 13:41,-,-,-,-,-,-,-
1828965,🤔 Em Análise Parte2,8,pasquali@pasquali.com.br,-,2025-07-15 12:26:35,15/07/2025 12:26,-,-,-,-,-,-,-
1828915,😔 Desistiu (1 hora sem interação),1,-,-,2025-07-14 10:14:48,14/07/2025 10:14,-,-,-,-,-,-,-
1828826,📵 Black List (Impedir número de fazer novos processos),B,talita.prates@ppgj.com.br,-,2025-08-20 08:50:47,20/08/2025 08:50,-,-,-,-,-,-,-
1828700,😔 Desistiu (1 hora sem interação),1,-,-,2025-07-13 17:36:40,13/07/2025 17:36,-,-,-,-,-,-,-
1828648,🤔 Em Análise Parte2,8,pasquali@pasquali.com.br,-,2025-07-15 11:48:50,15/07/2025 11:48,-,-,-,-,-,-,-
1828646,😔 Desistiu (1 hora sem interação),1,-,-,2025-07-13 15:59:40,13/07/2025 15:59,-,-,-,-,-,-,-
1828641,😔 Desistiu (1 hora sem interação),1,-,-,2025-07-13 15:42:40,13/07/2025 15:42,-,-,-,-,-,-,-
1828619,😔 Desistiu (1 hora sem interação),1,-,-,2025-07-13 15:05:42,13/07/2025 15:05,-,-,-,-,-,-,-
1828539,✅ Aprovado,9,pasquali@pasquali.com.br,-,2025-07-22 14:02:44,22/07/2025 14:02,-,-,-,-,-,-,-
1828507,😭 Não Apto,4,pasquali@pasquali.com.br,-,2025-07-14 14:30:14,14/07/2025 14:30,-,-,-,-,-,-,-
1828499,😔 Desistiu (1 hora sem interação),1,-,-,2025-07-13 12:37:39,13/07/2025 12:37,-,-,-,-,-,-,-
1828476,😔 Desistiu (1 hora sem interação),1,pasquali@pasquali.com.br,-,2025-07-15 13:22:36,15/07/2025 13:22,-,-,-,-,-,-,-
1828407,😔 Desistiu (1 hora sem interação),1,-,-,2025-07-13 10:37:38,13/07/2025 10:37,-,-,-,-,-,-,-
1828403,😔 Desistiu (1 hora sem interação),1,pasquali@pasquali.com.br,-,2025-07-15 08:18:42,15/07/2025 08:18,-,-,-,-,-,-,-
1828399,😔 Desistiu (1 hora sem interação),1,-,-,2025-07-13 10:31:38,13/07/2025 10:31,-,-,-,-,-,-,-
1828394,😔 Desistiu (1 hora sem interação),1,-,-,2025-07-13 10:28:38,13/07/2025 10:28,-,-,-,-,-,-,-
1828393,😔 Desistiu (1 hora sem interação),1,pasquali@pasquali.com.br,-,2025-07-17 10:22:20,17/07/2025 10:22,-,-,-,-,-,-,-
1828391,😔 Desistiu (1 hora sem interação),1,pasquali@pasquali.com.br,-,2025-07-17 09:59:57,17/07/2025 09:59,-,-,-,-,-,-,-
1828390,😔 Desistiu (1 hora sem interação),1,pasquali@pasquali.com.br,-,2025-07-17 10:00:41,17/07/2025 10:00,-,-,-,-,-,-,-
1828388,😔 Desistiu (1 hora sem interação),1,-,-,2025-07-13 10:25:38,13/07/2025 10:25,-,-,-,-,-,-,-
1828383,😔 Desistiu (1 hora sem interação),1,-,-,2025-07-13 10:21:38,13/07/2025 10:21,-,-,-,-,-,-,-
1828382,❌ Reprovado,A,pasquali@pasquali.com.br,-,2025-07-22 16:42:30,22/07/2025 16:42,-,-,-,-,-,-,-
1828377,😔 Desistiu (1 hora sem interação),1,pasquali@pasquali.com.br,-,2025-07-14 09:27:47,14/07/2025 09:27,-,-,-,-,-,-,-
1828364,😔 Desistiu (1 hora sem interação),1,pasquali@pasquali.com.br,-,2025-07-17 10:39:58,17/07/2025 10:39,-,-,-,-,-,-,-
1828359,✅ Aprovado,9,pasquali@pasquali.com.br,-,2025-07-22 14:03:00,22/07/2025 14:03,-,-,-,-,-,-,-
1828353,😔 Desistiu (1 hora sem interação),1,-,-,2025-07-13 09:51:38,13/07/2025 09:51,-,-,-,-,-,-,-
1828345,🤔 Em Análise Parte2,8,pasquali@pasquali.com.br,-,2025-07-16 10:55:59,16/07/2025 10:55,-,-,-,-,-,-,-
1828316,✅ Aprovado,9,pasquali@pasquali.com.br,-,2025-07-22 14:05:30,22/07/2025 14:05,-,-,-,-,-,-,-
1828277,😔 Desistiu (1 hora sem interação),1,-,-,2025-07-13 00:28:34,13/07/2025 00:28,-,-,-,-,-,-,-
1828273,🤔 Em Análise Parte2,8,pasquali@pasquali.com.br,-,2025-07-16 15:51:54,16/07/2025 15:51,-,-,-,-,-,-,-
1828202,😔 Desistiu (1 hora sem interação),1,-,-,2025-07-12 21:30:30,12/07/2025 21:30,-,-,-,-,-,-,-
1828195,😔 Desistiu (1 hora sem interação),1,-,-,2025-07-12 21:04:56,12/07/2025 21:04,-,-,-,-,-,-,-
1828186,😭 Não Apto,4,pasquali@pasquali.com.br,-,2025-07-15 11:51:04,15/07/2025 11:51,-,-,-,-,-,-,-
1828165,😭 Não Apto,4,-,-,2025-07-11 20:06:11,11/07/2025 20:06,-,-,-,-,-,-,-
1828132,😭 Não Apto,4,pasquali@pasquali.com.br,-,2025-07-14 14:32:31,14/07/2025 14:32,-,-,-,-,-,-,-
1828082,🤔 Em Análise Parte2,8,pasquali@pasquali.com.br,-,2025-07-16 11:19:24,16/07/2025 11:19,-,-,-,-,-,-,-
1828041,✅ Aprovado,9,pasquali@pasquali.com.br,-,2025-07-22 14:03:14,22/07/2025 14:03,-,-,-,-,-,-,-
1827982,😔 Desistiu (1 hora sem interação),1,-,-,2025-07-12 17:29:22,12/07/2025 17:29,-,-,-,-,-,-,-
1827960,🤔 Em Análise Parte2,8,pasquali@pasquali.com.br,-,2025-07-16 15:35:12,16/07/2025 15:35,-,-,-,-,-,-,-
1827921,😔 Desistiu (1 hora sem interação),1,pasquali@pasquali.com.br,-,2025-07-15 13:45:17,15/07/2025 13:45,-,-,-,-,-,-,-
1827839,🤔 Em Análise Parte2,8,pasquali@pasquali.com.br,-,2025-07-14 11:40:54,14/07/2025 11:40,-,-,-,-,-,-,-
1827831,😔 Desistiu (1 hora sem interação),1,pasquali@pasquali.com.br,-,2025-07-15 13:21:35,15/07/2025 13:21,-,-,-,-,-,-,-
1827819,😔 Desistiu (1 hora sem interação),1,pasquali@pasquali.com.br,-,2025-07-11 16:40:10,11/07/2025 16:40,-,-,-,-,-,-,-
1827793,😭 Não Apto,4,pasquali@pasquali.com.br,-,2025-07-11 16:33:54,11/07/2025 16:33,-,-,-,-,-,-,-
1827765,🧑‍🧑‍🧒‍🧒 Apresentação da Vaga,6,pasquali@pasquali.com.br,-,2025-07-11 16:31:31,11/07/2025 16:31,-,-,-,-,-,-,-
1827737,😔 Desistiu (1 hora sem interação),1,pasquali@pasquali.com.br,-,2025-07-11 17:29:17,11/07/2025 17:29,-,-,-,-,-,-,-
1827724,😔 Desistiu (1 hora sem interação),1,pasquali@pasquali.com.br,-,2025-07-11 17:22:20,11/07/2025 17:22,-,-,-,-,-,-,-
1827704,🤔 Em Análise Parte2,8,pasquali@pasquali.com.br,-,2025-07-14 11:44:09,14/07/2025 11:44,-,-,-,-,-,-,-
1827693,👍 Confirmação de Agendamento,C,pasquali@pasquali.com.br,-,2025-07-11 16:04:10,11/07/2025 16:04,-,-,-,-,-,-,-
1827690,😔 Desistiu (1 hora sem interação),1,pasquali@pasquali.com.br,-,2025-07-11 15:37:26,11/07/2025 15:37,-,-,-,-,-,-,-
1827646,😔 Desistiu (1 hora sem interação),1,-,-,2025-07-12 14:59:20,12/07/2025 14:59,-,-,-,-,-,-,-
1827628,😔 Desistiu (1 hora sem interação),1,-,-,2025-07-12 14:49:19,12/07/2025 14:49,-,-,-,-,-,-,-
1827602,😔 Desistiu (1 hora sem interação),1,-,-,2025-07-12 14:41:19,12/07/2025 14:41,-,-,-,-,-,-,-
1827563,😔 Desistiu (1 hora sem interação),1,-,-,2025-07-12 14:24:19,12/07/2025 14:24,-,-,-,-,-,-,-
1827471,😔 Desistiu (1 hora sem interação),1,-,-,2025-07-12 13:40:19,12/07/2025 13:40,-,-,-,-,-,-,-
1827444,🤔 Em Análise Parte2,8,pasquali@pasquali.com.br,-,2025-07-15 09:40:31,15/07/2025 09:40,-,-,-,-,-,-,-
1827418,😔 Desistiu (1 hora sem interação),1,-,-,2025-07-12 13:09:18,12/07/2025 13:09,-,-,-,-,-,-,-
1827410,🧑‍🧑‍🧒‍🧒 Apresentação da Vaga,6,pasquali@pasquali.com.br,-,2025-07-28 13:24:54,28/07/2025 13:24,-,-,-,-,-,-,-
1827369,❌ Reprovado,A,pasquali@pasquali.com.br,-,2025-07-11 14:12:27,11/07/2025 14:12,-,-,-,-,-,-,-
1827364,😔 Desistiu (1 hora sem interação),1,-,-,2025-07-12 12:40:18,12/07/2025 12:40,-,-,-,-,-,-,-
1827303,👍 Confirmação de Agendamento,C,pasquali@pasquali.com.br,-,2025-08-07 16:58:55,07/08/2025 16:58,-,-,-,-,-,-,-
1827293,😔 Desistiu (1 hora sem interação),1,pasquali@pasquali.com.br,-,2025-07-14 10:25:28,14/07/2025 10:25,-,-,-,-,-,-,-
1827265,😔 Desistiu (1 hora sem interação),1,-,-,2025-07-21 11:43:45,21/07/2025 11:43,-,-,-,-,-,-,-
1827260,🤔 Em Análise Parte2,8,pasquali@pasquali.com.br,-,2025-07-14 11:42:00,14/07/2025 11:42,-,-,-,-,-,-,-
1827214,😔 Desistiu (1 hora sem interação),1,pasquali@pasquali.com.br,-,2025-07-11 17:19:03,11/07/2025 17:19,-,-,-,-,-,-,-
1827148,🧑‍🧑‍🧒‍🧒 Apresentação da Vaga,6,pasquali@pasquali.com.br,-,2025-07-11 16:04:52,11/07/2025 16:04,-,-,-,-,-,-,-
1826883,🧑‍🧑‍🧒‍🧒 Apresentação da Vaga,6,pasquali@pasquali.com.br,-,2025-07-11 13:45:59,11/07/2025 13:45,-,-,-,-,-,-,-
1826776,😔 Desistiu (1 hora sem interação),1,-,-,2025-07-12 10:34:17,12/07/2025 10:34,-,-,-,-,-,-,-
1826774,🧑‍🧑‍🧒‍🧒 Apresentação da Vaga,6,pasquali@pasquali.com.br,-,2025-07-11 10:52:26,11/07/2025 10:52,-,-,-,-,-,-,-
1826763,🧑‍🧑‍🧒‍🧒 Apresentação da Vaga,6,pasquali@pasquali.com.br,-,2025-07-11 10:45:01,11/07/2025 10:45,-,-,-,-,-,-,-
1826684,😔 Desistiu (1 hora sem interação),1,-,-,2025-07-12 10:23:18,12/07/2025 10:23,-,-,-,-,-,-,-
1826663,🤔 Em Análise Parte2,8,pasquali@pasquali.com.br,-,2025-07-14 09:53:01,14/07/2025 09:53,-,-,-,-,-,-,-
1826656,😔 Desistiu (1 hora sem interação),1,pasquali@pasquali.com.br,-,2025-07-16 15:52:13,16/07/2025 15:52,-,-,-,-,-,-,-
1826542,😔 Desistiu (1 hora sem interação),1,-,-,2025-07-12 09:55:17,12/07/2025 09:55,-,-,-,-,-,-,-
1826492,😔 Desistiu (1 hora sem interação),1,-,-,2025-07-12 09:46:17,12/07/2025 09:46,-,-,-,-,-,-,-
1826489,😔 Desistiu (1 hora sem interação),1,-,-,2025-07-12 09:45:18,12/07/2025 09:45,-,-,-,-,-,-,-
1826483,✅ Aprovado,9,pasquali@pasquali.com.br,-,2025-07-22 14:02:26,22/07/2025 14:02,-,-,-,-,-,-,-
1826329,😔 Desistiu (1 hora sem interação),1,-,-,2025-07-12 09:26:17,12/07/2025 09:26,-,-,-,-,-,-,-
1826266,😔 Desistiu (1 hora sem interação),1,-,-,2025-07-12 09:15:17,12/07/2025 09:15,-,-,-,-,-,-,-
1826188,😔 Desistiu (1 hora sem interação),1,-,-,2025-07-12 08:51:17,12/07/2025 08:51,-,-,-,-,-,-,-
1826184,👍 Confirmação de Agendamento,C,pasquali@pasquali.com.br,-,2025-07-11 08:59:33,11/07/2025 08:59,-,-,-,-,-,-,-
1826178,😔 Desistiu (1 hora sem interação),1,-,-,2025-07-12 08:46:17,12/07/2025 08:46,-,-,-,-,-,-,-
1826123,❌ Reprovado,A,pasquali@pasquali.com.br,-,2025-07-22 16:39:02,22/07/2025 16:39,-,-,-,-,-,-,-
1826116,✅ Aprovado,9,pasquali@pasquali.com.br,-,2025-07-30 17:58:59,30/07/2025 17:58,-,-,-,-,-,-,-
1826114,😔 Desistiu (1 hora sem interação),1,-,-,2025-07-12 07:35:16,12/07/2025 07:35,-,-,-,-,-,-,-
1826108,🤔 Em Análise Parte2,8,pasquali@pasquali.com.br,-,2025-07-21 10:28:33,21/07/2025 10:28,-,-,-,-,-,-,-
1826081,✅ Aprovado,9,pasquali@pasquali.com.br,-,2025-07-30 18:06:53,30/07/2025 18:06,-,-,-,-,-,-,-
1826051,😔 Desistiu (1 hora sem interação),1,pasquali@pasquali.com.br,-,2025-07-11 16:06:39,11/07/2025 16:06,-,-,-,-,-,-,-
1826019,😔 Desistiu (1 hora sem interação),1,-,-,2025-07-11 20:49:55,11/07/2025 20:49,-,-,-,-,-,-,-
1825907,✅ Aprovado,9,julia.bevilacqua@ppgj.com.br,-,2025-08-14 16:23:33,14/08/2025 16:23,-,-,-,-,-,-,-
1825895,🤔 Em Análise Parte2,8,pasquali@pasquali.com.br,-,2025-07-14 11:42:52,14/07/2025 11:42,-,-,-,-,-,-,-
1825890,😔 Desistiu (1 hora sem interação),1,-,-,2025-07-11 18:33:39,11/07/2025 18:33,-,-,-,-,-,-,-
1825841,😔 Desistiu (1 hora sem interação),1,-,-,2025-07-11 17:58:39,11/07/2025 17:58,-,-,-,-,-,-,-
1825805,🤔 Em Análise Parte2,8,pasquali@pasquali.com.br,-,2025-07-14 11:40:04,14/07/2025 11:40,-,-,-,-,-,-,-
1825750,😭 Não Apto,4,pasquali@pasquali.com.br,-,2025-07-11 08:36:04,11/07/2025 08:36,-,-,-,-,-,-,-
1825737,😭 Não Apto,4,pasquali@pasquali.com.br,-,2025-07-11 08:29:54,11/07/2025 08:29,-,-,-,-,-,-,-
1825705,😭 Não Apto,4,pasquali@pasquali.com.br,-,2025-07-10 17:22:14,10/07/2025 17:22,-,-,-,-,-,-,-
1825587,😔 Desistiu (1 hora sem interação),1,-,-,2025-07-11 16:36:37,11/07/2025 16:36,-,-,-,-,-,-,-
1825562,😔 Desistiu (1 hora sem interação),1,pasquali@pasquali.com.br,-,2025-07-11 16:00:02,11/07/2025 16:00,-,-,-,-,-,-,-
1825549,😔 Desistiu (1 hora sem interação),1,-,-,2025-07-11 16:20:09,11/07/2025 16:20,-,-,-,-,-,-,-
1825544,🤔 Em Análise Parte2,8,pasquali@pasquali.com.br,-,2025-07-11 12:17:43,11/07/2025 12:17,-,-,-,-,-,-,-
1825500,😔 Desistiu (1 hora sem interação),1,-,-,2025-07-11 16:10:09,11/07/2025 16:10,-,-,-,-,-,-,-
1825484,😔 Desistiu (1 hora sem interação),1,pasquali@pasquali.com.br,-,2025-07-11 11:41:19,11/07/2025 11:41,-,-,-,-,-,-,-
1825482,🤔 Em Análise Parte2,8,pasquali@pasquali.com.br,-,2025-07-11 10:24:35,11/07/2025 10:24,-,-,-,-,-,-,-
1825436,😔 Desistiu (1 hora sem interação),1,pasquali@pasquali.com.br,-,2025-07-11 15:50:27,11/07/2025 15:50,-,-,-,-,-,-,-
1825433,😔 Desistiu (1 hora sem interação),1,-,-,2025-07-11 15:44:09,11/07/2025 15:44,-,-,-,-,-,-,-
1825422,😔 Desistiu (1 hora sem interação),1,-,-,2025-07-11 15:39:11,11/07/2025 15:39,-,-,-,-,-,-,-
1825420,😔 Desistiu (1 hora sem interação),1,-,-,2025-07-11 15:37:09,11/07/2025 15:37,-,-,-,-,-,-,-
1825375,😔 Desistiu (1 hora sem interação),1,-,-,2025-07-11 15:19:07,11/07/2025 15:19,-,-,-,-,-,-,-
1825326,😔 Desistiu (1 hora sem interação),1,-,-,2025-07-11 14:58:21,11/07/2025 14:58,-,-,-,-,-,-,-
1825316,😔 Desistiu (1 hora sem interação),1,-,-,2025-07-11 14:53:20,11/07/2025 14:53,-,-,-,-,-,-,-
1825314,🤔 Em Análise Parte2,8,pasquali@pasquali.com.br,-,2025-07-11 12:05:01,11/07/2025 12:05,-,-,-,-,-,-,-
1825300,😔 Desistiu (1 hora sem interação),1,pasquali@pasquali.com.br,-,2025-07-11 15:56:00,11/07/2025 15:56,-,-,-,-,-,-,-
1825295,😔 Desistiu (1 hora sem interação),1,-,-,2025-07-11 14:43:20,11/07/2025 14:43,-,-,-,-,-,-,-
1825187,🧑‍🧑‍🧒‍🧒 Apresentação da Vaga,6,pasquali@pasquali.com.br,-,2025-07-11 09:44:45,11/07/2025 09:44,-,-,-,-,-,-,-
1825164,😔 Desistiu (1 hora sem interação),1,-,-,2025-07-11 14:20:20,11/07/2025 14:20,-,-,-,-,-,-,-
1825151,😭 Não Apto,4,pasquali@pasquali.com.br,-,2025-07-11 08:48:15,11/07/2025 08:48,-,-,-,-,-,-,-
1825145,🤔 Em Análise Parte2,8,pasquali@pasquali.com.br,-,2025-07-28 09:56:37,28/07/2025 09:56,-,-,-,-,-,-,-
1825137,😔 Desistiu (1 hora sem interação),1,-,-,2025-07-11 14:06:20,11/07/2025 14:06,-,-,-,-,-,-,-
1825104,🤔 Em Análise Parte2,8,pasquali@pasquali.com.br,-,2025-07-14 10:57:07,14/07/2025 10:57,-,-,-,-,-,-,-
1825097,😔 Desistiu (1 hora sem interação),1,-,-,2025-07-11 13:48:52,11/07/2025 13:48,-,-,-,-,-,-,-
1825091,✅ Aprovado,9,pasquali@pasquali.com.br,-,2025-07-30 18:06:17,30/07/2025 18:06,-,-,-,-,-,-,-
1825083,🤔 Em Análise Parte2,8,pasquali@pasquali.com.br,-,2025-07-11 11:01:59,11/07/2025 11:01,-,-,-,-,-,-,-
1825068,😭 Não Apto,4,-,-,2025-07-10 13:40:06,10/07/2025 13:40,-,-,-,-,-,-,-
1825067,😔 Desistiu (1 hora sem interação),1,-,-,2025-07-11 13:35:52,11/07/2025 13:35,-,-,-,-,-,-,-
1825062,😔 Desistiu (1 hora sem interação),1,-,-,2025-07-11 13:33:52,11/07/2025 13:33,-,-,-,-,-,-,-
1825057,😔 Desistiu (1 hora sem interação),1,-,-,2025-07-11 13:32:52,11/07/2025 13:32,-,-,-,-,-,-,-
1825054,😔 Desistiu (1 hora sem interação),1,pasquali@pasquali.com.br,-,2025-07-11 15:57:34,11/07/2025 15:57,-,-,-,-,-,-,-
1824813,🧑‍🧑‍🧒‍🧒 Apresentação da Vaga,6,pasquali@pasquali.com.br,-,2025-07-11 17:38:06,11/07/2025 17:38,-,-,-,-,-,-,-
1824812,🤔 Em Análise Parte2,8,pasquali@pasquali.com.br,-,2025-07-14 11:24:12,14/07/2025 11:24,-,-,-,-,-,-,-
1824797,😔 Desistiu (1 hora sem interação),1,pasquali@pasquali.com.br,-,2025-07-15 17:03:55,15/07/2025 17:03,-,-,-,-,-,-,-
1824640,😔 Desistiu (1 hora sem interação),1,-,-,2025-07-20 12:27:18,20/07/2025 12:27,-,-,-,-,-,-,-
1824635,😭 Não Apto,4,pasquali@pasquali.com.br,-,2025-07-10 16:06:12,10/07/2025 16:06,-,-,-,-,-,-,-
1824614,😔 Desistiu (1 hora sem interação),1,pasquali@pasquali.com.br,-,2025-07-10 15:13:45,10/07/2025 15:13,-,-,-,-,-,-,-
1824609,🤔 Em Análise Parte2,8,talita.prates@ppgj.com.br,-,2025-09-03 10:50:32,03/09/2025 10:50,-,-,-,-,-,-,-
1824603,😔 Desistiu (1 hora sem interação),1,-,-,2025-07-11 12:17:14,11/07/2025 12:17,-,-,-,-,-,-,-
1824596,😔 Desistiu (1 hora sem interação),1,pasquali@pasquali.com.br,-,2025-07-11 11:30:06,11/07/2025 11:30,-,-,-,-,-,-,-
1824579,😔 Desistiu (1 hora sem interação),1,pasquali@pasquali.com.br,-,2025-07-17 11:01:27,17/07/2025 11:01,-,-,-,-,-,-,-
1824557,😔 Desistiu (1 hora sem interação),1,-,-,2025-07-11 11:58:15,11/07/2025 11:58,-,-,-,-,-,-,-
1824555,🤔 Em Análise Parte2,8,pasquali@pasquali.com.br,-,2025-07-11 12:19:26,11/07/2025 12:19,-,-,-,-,-,-,-
1824527,🤔 Em Análise Parte2,8,pasquali@pasquali.com.br,-,2025-07-11 12:15:17,11/07/2025 12:15,-,-,-,-,-,-,-
1824346,❌ Reprovado,A,pasquali@pasquali.com.br,-,2025-07-14 13:58:54,14/07/2025 13:58,-,-,-,-,-,-,-
1824339,😔 Desistiu (1 hora sem interação),1,-,-,2025-07-11 11:18:39,11/07/2025 11:18,-,-,-,-,-,-,-
1824325,🤔 Em Análise Parte2,8,pasquali@pasquali.com.br,-,2025-07-11 10:37:07,11/07/2025 10:37,-,-,-,-,-,-,-
1824318,🤔 Em Análise Parte2,8,pasquali@pasquali.com.br,-,2025-07-10 15:43:30,10/07/2025 15:43,-,-,-,-,-,-,-
1824301,🤔 Em Análise Parte2,8,pasquali@pasquali.com.br,-,2025-07-10 15:41:34,10/07/2025 15:41,-,-,-,-,-,-,-
1824215,✅ Aprovado,9,pasquali@pasquali.com.br,-,2025-07-30 18:10:20,30/07/2025 18:10,-,-,-,-,-,-,-
1824093,🤔 Em Análise Parte2,8,pasquali@pasquali.com.br,-,2025-07-10 15:45:00,10/07/2025 15:45,-,-,-,-,-,-,-
1824078,😔 Desistiu (1 hora sem interação),1,pasquali@pasquali.com.br,-,2025-07-17 11:00:32,17/07/2025 11:00,-,-,-,-,-,-,-
1824063,✅ Aprovado,9,pasquali@pasquali.com.br,-,2025-07-22 14:05:46,22/07/2025 14:05,-,-,-,-,-,-,-
1824050,😔 Desistiu (1 hora sem interação),1,-,-,2025-07-11 10:50:39,11/07/2025 10:50,-,-,-,-,-,-,-
1824037,✅ Aprovado,9,pasquali@pasquali.com.br,-,2025-07-22 14:01:49,22/07/2025 14:01,-,-,-,-,-,-,-
1824032,🤔 Em Análise Parte2,8,pasquali@pasquali.com.br,-,2025-07-11 12:18:41,11/07/2025 12:18,-,-,-,-,-,-,-
1824023,🤔 Em Análise Parte2,8,pasquali@pasquali.com.br,-,2025-07-14 10:07:39,14/07/2025 10:07,-,-,-,-,-,-,-
1824017,😔 Desistiu (1 hora sem interação),1,-,-,2025-07-11 10:42:39,11/07/2025 10:42,-,-,-,-,-,-,-
1823997,😔 Desistiu (1 hora sem interação),1,pasquali@pasquali.com.br,-,2025-07-15 13:25:32,15/07/2025 13:25,-,-,-,-,-,-,-
1823993,😔 Desistiu (1 hora sem interação),1,-,-,2025-07-11 10:32:39,11/07/2025 10:32,-,-,-,-,-,-,-
1823992,✅ Aprovado,9,julia.bevilacqua@ppgj.com.br,-,2025-08-25 11:34:07,25/08/2025 11:34,-,-,-,-,-,-,-
1823988,📵 Black List (Impedir número de fazer novos processos),B,talita.prates@ppgj.com.br,-,2025-08-20 08:50:47,20/08/2025 08:50,-,-,-,-,-,-,-
1823959,😔 Desistiu (1 hora sem interação),1,-,-,2025-07-11 10:24:39,11/07/2025 10:24,-,-,-,-,-,-,-
1823813,🤔 Em Análise Parte2,8,pasquali@pasquali.com.br,-,2025-07-11 12:16:29,11/07/2025 12:16,-,-,-,-,-,-,-
1823809,😭 Não Apto,4,pasquali@pasquali.com.br,-,2025-07-10 10:30:22,10/07/2025 10:30,-,-,-,-,-,-,-
1823792,😔 Desistiu (1 hora sem interação),1,-,-,2025-07-11 10:02:38,11/07/2025 10:02,-,-,-,-,-,-,-
1823781,😔 Desistiu (1 hora sem interação),1,-,-,2025-07-11 09:56:39,11/07/2025 09:56,-,-,-,-,-,-,-
1823537,😔 Desistiu (1 hora sem interação),1,-,-,2025-07-11 09:32:30,11/07/2025 09:32,-,-,-,-,-,-,-
1823523,✅ Aprovado,9,pasquali@pasquali.com.br,-,2025-07-22 14:01:31,22/07/2025 14:01,-,-,-,-,-,-,-
1823360,😔 Desistiu (1 hora sem interação),1,pasquali@pasquali.com.br,-,2025-07-11 16:15:28,11/07/2025 16:15,-,-,-,-,-,-,-
1823207,🤔 Em Análise Parte2,8,pasquali@pasquali.com.br,-,2025-07-14 11:12:05,14/07/2025 11:12,-,-,-,-,-,-,-
1823193,😭 Não Apto,4,-,-,2025-07-10 11:12:54,10/07/2025 11:12,-,-,-,-,-,-,-
1823075,😭 Não Apto,4,pasquali@pasquali.com.br,-,2025-07-10 08:57:26,10/07/2025 08:57,-,-,-,-,-,-,-
1822095,🤔 Em Análise Parte2,8,pasquali@pasquali.com.br,-,2025-07-11 12:06:01,11/07/2025 12:06,-,-,-,-,-,-,-
1822032,😔 Desistiu (1 hora sem interação),1,-,-,2025-07-10 14:45:50,10/07/2025 14:45,-,-,-,-,-,-,-
1822022,😔 Desistiu (1 hora sem interação),1,pasquali@pasquali.com.br,-,2025-07-17 10:58:24,17/07/2025 10:58,-,-,-,-,-,-,-
1821908,👍 Confirmação de Agendamento,C,pasquali@pasquali.com.br,-,2025-07-10 09:08:46,10/07/2025 09:08,-,-,-,-,-,-,-
1821857,🤔 Em Análise Parte2,8,pasquali@pasquali.com.br,-,2025-07-11 10:49:03,11/07/2025 10:49,-,-,-,-,-,-,-
1821760,😔 Desistiu (1 hora sem interação),1,-,-,2025-07-10 11:00:48,10/07/2025 11:00,-,-,-,-,-,-,-
1821600,❌ Reprovado,A,pasquali@pasquali.com.br,-,2025-07-22 16:57:07,22/07/2025 16:57,-,-,-,-,-,-,-
1821598,😭 Não Apto,4,-,-,2025-07-09 09:29:45,09/07/2025 09:29,-,-,-,-,-,-,-
1821560,😭 Não Apto,4,pasquali@pasquali.com.br,-,2025-07-10 09:25:19,10/07/2025 09:25,-,-,-,-,-,-,-
1821512,😔 Desistiu (1 hora sem interação),1,pasquali@pasquali.com.br,-,2025-07-11 16:11:59,11/07/2025 16:11,-,-,-,-,-,-,-
1821482,😔 Desistiu (1 hora sem interação),1,-,-,2025-07-09 21:43:42,09/07/2025 21:43,-,-,-,-,-,-,-
1821442,😭 Não Apto,4,-,-,2025-07-08 20:19:01,08/07/2025 20:19,-,-,-,-,-,-,-
1821420,👍 Confirmação de Agendamento,C,pasquali@pasquali.com.br,-,2025-07-10 16:06:57,10/07/2025 16:06,-,-,-,-,-,-,-
1821185,😔 Desistiu (1 hora sem interação),1,-,-,2025-07-09 17:02:40,09/07/2025 17:02,-,-,-,-,-,-,-
1821177,🤔 Em Análise Parte2,8,pasquali@pasquali.com.br,-,2025-07-10 15:40:10,10/07/2025 15:40,-,-,-,-,-,-,-
1820968,🤔 Em Análise Parte2,8,pasquali@pasquali.com.br,-,2025-07-10 15:36:03,10/07/2025 15:36,-,-,-,-,-,-,-
1820950,😔 Desistiu (1 hora sem interação),1,-,-,2025-07-09 15:52:40,09/07/2025 15:52,-,-,-,-,-,-,-
1820894,😔 Desistiu (1 hora sem interação),1,-,-,2025-07-09 15:33:40,09/07/2025 15:33,-,-,-,-,-,-,-
1820822,✅ Aprovado,9,pasquali@pasquali.com.br,-,2025-07-22 14:02:07,22/07/2025 14:02,-,-,-,-,-,-,-
1820713,😔 Desistiu (1 hora sem interação),1,pasquali@pasquali.com.br,-,2025-07-11 16:18:11,11/07/2025 16:18,-,-,-,-,-,-,-
1820656,✅ Aprovado,9,pasquali@pasquali.com.br,-,2025-07-22 13:49:14,22/07/2025 13:49,-,-,-,-,-,-,-
1820639,😭 Não Apto,4,pasquali@pasquali.com.br,-,2025-07-08 14:20:49,08/07/2025 14:20,-,-,-,-,-,-,-
1820638,😔 Desistiu (1 hora sem interação),1,-,-,2025-07-09 14:03:39,09/07/2025 14:03,-,-,-,-,-,-,-
1820636,😔 Desistiu (1 hora sem interação),1,-,-,2025-07-09 14:02:40,09/07/2025 14:02,-,-,-,-,-,-,-
1820575,😔 Desistiu (1 hora sem interação),1,pasquali@pasquali.com.br,-,2025-07-11 09:35:48,11/07/2025 09:35,-,-,-,-,-,-,-
1820554,😔 Desistiu (1 hora sem interação),1,-,-,2025-07-09 13:20:39,09/07/2025 13:20,-,-,-,-,-,-,-
1820550,😔 Desistiu (1 hora sem interação),1,-,-,2025-07-09 13:16:39,09/07/2025 13:16,-,-,-,-,-,-,-
1820529,😔 Desistiu (1 hora sem interação),1,pasquali@pasquali.com.br,-,2025-07-11 16:04:39,11/07/2025 16:04,-,-,-,-,-,-,-
1820421,😭 Não Apto,4,pasquali@pasquali.com.br,-,2025-07-08 14:30:46,08/07/2025 14:30,-,-,-,-,-,-,-
1820405,😔 Desistiu (1 hora sem interação),1,-,-,2025-07-09 12:05:38,09/07/2025 12:05,-,-,-,-,-,-,-
1820403,😔 Desistiu (1 hora sem interação),1,pasquali@pasquali.com.br,-,2025-07-17 14:04:07,17/07/2025 14:04,-,-,-,-,-,-,-
1820386,🤔 Em Análise Parte2,8,pasquali@pasquali.com.br,-,2025-07-11 12:07:45,11/07/2025 12:07,-,-,-,-,-,-,-
1820367,🤔 Em Análise Parte2,8,pasquali@pasquali.com.br,-,2025-07-14 11:39:27,14/07/2025 11:39,-,-,-,-,-,-,-
1820354,😔 Desistiu (1 hora sem interação),1,-,-,2025-07-09 11:35:38,09/07/2025 11:35,-,-,-,-,-,-,-
1820335,❌ Reprovado,A,pasquali@pasquali.com.br,-,2025-07-14 13:57:34,14/07/2025 13:57,-,-,-,-,-,-,-
1820325,😭 Não Apto,4,pasquali@pasquali.com.br,-,2025-07-08 14:54:55,08/07/2025 14:54,-,-,-,-,-,-,-
1820307,😔 Desistiu (1 hora sem interação),1,-,-,2025-07-09 11:13:39,09/07/2025 11:13,-,-,-,-,-,-,-
1820294,😭 Não Apto,4,pasquali@pasquali.com.br,-,2025-07-08 13:46:42,08/07/2025 13:46,-,-,-,-,-,-,-
1820293,📵 Black List (Impedir número de fazer novos processos),B,talita.prates,-,2025-08-21 17:58:47,21/08/2025 17:58,-,-,-,-,-,-,-
1820287,😔 Desistiu (1 hora sem interação),1,pasquali@pasquali.com.br,-,2025-07-08 13:38:15,08/07/2025 13:38,-,-,-,-,-,-,-
1820278,😔 Desistiu (1 hora sem interação),1,-,-,2025-07-09 10:58:38,09/07/2025 10:58,-,-,-,-,-,-,-
1820249,😔 Desistiu (1 hora sem interação),1,-,-,2025-07-09 10:42:37,09/07/2025 10:42,-,-,-,-,-,-,-
1820245,😔 Desistiu (1 hora sem interação),1,-,-,2025-07-09 10:40:37,09/07/2025 10:40,-,-,-,-,-,-,-
1820227,🤔 Em Análise Parte2,8,pasquali@pasquali.com.br,-,2025-07-10 15:42:30,10/07/2025 15:42,-,-,-,-,-,-,-
1820214,😔 Desistiu (1 hora sem interação),1,-,-,2025-07-09 10:25:37,09/07/2025 10:25,-,-,-,-,-,-,-
1820183,😔 Desistiu (1 hora sem interação),1,-,-,2025-07-09 10:19:37,09/07/2025 10:19,-,-,-,-,-,-,-
1820146,😔 Desistiu (1 hora sem interação),1,pasquali@pasquali.com.br,-,2025-07-08 11:20:38,08/07/2025 11:20,-,-,-,-,-,-,-
1820118,😔 Desistiu (1 hora sem interação),1,pasquali@pasquali.com.br,-,2025-07-11 16:09:30,11/07/2025 16:09,-,-,-,-,-,-,-
1820117,😔 Desistiu (1 hora sem interação),1,-,-,2025-07-09 09:36:37,09/07/2025 09:36,-,-,-,-,-,-,-
1820039,😔 Desistiu (1 hora sem interação),1,-,-,2025-07-09 08:40:36,09/07/2025 08:40,-,-,-,-,-,-,-
1820032,😔 Desistiu (1 hora sem interação),1,pasquali@pasquali.com.br,-,2025-07-08 10:51:11,08/07/2025 10:51,-,-,-,-,-,-,-
1819986,😔 Desistiu (1 hora sem interação),1,-,-,2025-07-09 01:51:03,09/07/2025 01:51,-,-,-,-,-,-,-
1819771,😔 Desistiu (1 hora sem interação),1,-,-,2025-07-08 18:54:32,08/07/2025 18:54,-,-,-,-,-,-,-
1819768,😔 Desistiu (1 hora sem interação),1,pasquali@pasquali.com.br,-,2025-07-11 16:09:58,11/07/2025 16:09,-,-,-,-,-,-,-
1819704,😔 Desistiu (1 hora sem interação),1,pasquali@pasquali.com.br,-,2025-07-11 16:07:56,11/07/2025 16:07,-,-,-,-,-,-,-
1819664,🧑‍🧑‍🧒‍🧒 Entrevista Individual,7,pasquali@pasquali.com.br,-,2025-07-10 09:27:27,10/07/2025 09:27,-,-,-,-,-,-,-
1819640,😔 Desistiu (1 hora sem interação),1,pasquali@pasquali.com.br,-,2025-07-08 09:47:41,08/07/2025 09:47,-,-,-,-,-,-,-
1819588,😔 Desistiu (1 hora sem interação),1,-,-,2025-07-08 16:58:30,08/07/2025 16:58,-,-,-,-,-,-,-
1819563,😔 Desistiu (1 hora sem interação),1,pasquali@pasquali.com.br,-,2025-07-11 16:10:44,11/07/2025 16:10,-,-,-,-,-,-,-
1819549,🤔 Em Análise Parte2,8,pasquali@pasquali.com.br,-,2025-07-10 09:41:43,10/07/2025 09:41,-,-,-,-,-,-,-
1819546,😔 Desistiu (1 hora sem interação),1,pasquali@pasquali.com.br,-,2025-07-08 15:25:30,08/07/2025 15:25,-,-,-,-,-,-,-
1819509,😭 Não Apto,4,pasquali@pasquali.com.br,-,2025-07-08 10:33:37,08/07/2025 10:33,-,-,-,-,-,-,-
1819489,😔 Desistiu (1 hora sem interação),1,-,-,2025-07-08 16:22:30,08/07/2025 16:22,-,-,-,-,-,-,-
1819399,😔 Desistiu (1 hora sem interação),1,-,-,2025-07-08 16:04:30,08/07/2025 16:04,-,-,-,-,-,-,-
1819366,🧑‍🧑‍🧒‍🧒 Apresentação da Vaga,6,pasquali@pasquali.com.br,-,2025-07-07 15:58:56,07/07/2025 15:58,-,-,-,-,-,-,-
1819347,😔 Desistiu (1 hora sem interação),1,-,-,2025-07-08 15:41:30,08/07/2025 15:41,-,-,-,-,-,-,-
1819343,😔 Desistiu (1 hora sem interação),1,pasquali@pasquali.com.br,-,2025-07-07 15:54:46,07/07/2025 15:54,-,-,-,-,-,-,-
1819324,🧑‍🧑‍🧒‍🧒 Apresentação da Vaga,6,pasquali@pasquali.com.br,-,2025-07-07 15:50:14,07/07/2025 15:50,-,-,-,-,-,-,-
1819308,😔 Desistiu (1 hora sem interação),1,pasquali@pasquali.com.br,-,2025-07-11 09:53:07,11/07/2025 09:53,-,-,-,-,-,-,-
1819306,🤔 Em Análise Parte2,8,pasquali@pasquali.com.br,-,2025-07-08 09:59:50,08/07/2025 09:59,-,-,-,-,-,-,-
1819272,😭 Não Apto,4,pasquali@pasquali.com.br,-,2025-07-15 10:15:36,15/07/2025 10:15,-,-,-,-,-,-,-
1819225,🤔 Em Análise Parte2,8,pasquali@pasquali.com.br,-,2025-07-08 15:21:00,08/07/2025 15:21,-,-,-,-,-,-,-
1819209,🤔 Em Análise Parte2,8,pasquali@pasquali.com.br,-,2025-07-08 12:26:54,08/07/2025 12:26,-,-,-,-,-,-,-
1819185,😔 Desistiu (1 hora sem interação),1,pasquali@pasquali.com.br,-,2025-07-17 11:00:59,17/07/2025 11:00,-,-,-,-,-,-,-
1819147,😭 Não Apto,4,-,-,2025-07-07 14:28:26,07/07/2025 14:28,-,-,-,-,-,-,-
1819140,😔 Desistiu (1 hora sem interação),1,-,-,2025-07-08 14:16:29,08/07/2025 14:16,-,-,-,-,-,-,-
1819124,😔 Desistiu (1 hora sem interação),1,-,-,2025-07-08 14:07:29,08/07/2025 14:07,-,-,-,-,-,-,-
1819106,😔 Desistiu (1 hora sem interação),1,-,-,2025-07-08 14:00:29,08/07/2025 14:00,-,-,-,-,-,-,-
1819102,🤔 Em Análise Parte2,8,pasquali@pasquali.com.br,-,2025-07-11 12:14:52,11/07/2025 12:14,-,-,-,-,-,-,-
1819075,😔 Desistiu (1 hora sem interação),1,-,-,2025-07-08 13:49:29,08/07/2025 13:49,-,-,-,-,-,-,-
1819063,🤔 Em Análise Parte2,8,pasquali@pasquali.com.br,-,2025-07-08 15:05:34,08/07/2025 15:05,-,-,-,-,-,-,-
1819058,😔 Desistiu (1 hora sem interação),1,-,-,2025-07-08 13:39:29,08/07/2025 13:39,-,-,-,-,-,-,-
1819038,🤔 Em Análise Parte2,8,pasquali@pasquali.com.br,-,2025-07-08 11:53:02,08/07/2025 11:53,-,-,-,-,-,-,-
1819037,😔 Desistiu (1 hora sem interação),1,-,-,2025-07-08 13:30:29,08/07/2025 13:30,-,-,-,-,-,-,-
1819035,😔 Desistiu (1 hora sem interação),1,-,-,2025-07-08 13:29:29,08/07/2025 13:29,-,-,-,-,-,-,-
1819022,🤔 Em Análise Parte2,8,pasquali@pasquali.com.br,-,2025-07-10 10:23:17,10/07/2025 10:23,-,-,-,-,-,-,-
1819021,😔 Desistiu (1 hora sem interação),1,pasquali@pasquali.com.br,-,2025-07-08 13:57:38,08/07/2025 13:57,-,-,-,-,-,-,-
1818968,😔 Desistiu (1 hora sem interação),1,pasquali@pasquali.com.br,-,2025-07-08 09:44:43,08/07/2025 09:44,-,-,-,-,-,-,-
1818934,🤔 Em Análise Parte2,8,pasquali@pasquali.com.br,-,2025-07-08 09:57:36,08/07/2025 09:57,-,-,-,-,-,-,-
1818921,📵 Black List (Impedir número de fazer novos processos),B,talita.prates@ppgj.com.br,-,2025-08-20 08:50:47,20/08/2025 08:50,-,-,-,-,-,-,-
1818920,📵 Black List (Impedir número de fazer novos processos),B,talita.prates@ppgj.com.br,-,2025-08-20 08:54:06,20/08/2025 08:54,-,-,-,-,-,-,-
1818913,😔 Desistiu (1 hora sem interação),1,-,-,2025-07-08 12:13:29,08/07/2025 12:13,-,-,-,-,-,-,-
1818895,😔 Desistiu (1 hora sem interação),1,-,-,2025-07-08 11:59:28,08/07/2025 11:59,-,-,-,-,-,-,-
1818884,❌ Reprovado,A,pasquali@pasquali.com.br,-,2025-07-14 13:54:42,14/07/2025 13:54,-,-,-,-,-,-,-
1818883,🤔 Em Análise Parte2,8,pasquali@pasquali.com.br,-,2025-07-08 11:25:40,08/07/2025 11:25,-,-,-,-,-,-,-
1818873,❌ Reprovado,A,pasquali@pasquali.com.br,-,2025-07-14 14:07:47,14/07/2025 14:07,-,-,-,-,-,-,-
1818869,✅ Aprovado,9,pasquali@pasquali.com.br,-,2025-07-31 13:25:41,31/07/2025 13:25,-,-,-,-,-,-,-
1818867,🤔 Em Análise Parte2,8,pasquali@pasquali.com.br,-,2025-07-11 10:11:59,11/07/2025 10:11,-,-,-,-,-,-,-
1818859,🤔 Em Análise Parte2,8,pasquali@pasquali.com.br,-,2025-07-08 11:01:54,08/07/2025 11:01,-,-,-,-,-,-,-
1818857,✅ Aprovado,9,pasquali@pasquali.com.br,-,2025-07-10 14:56:16,10/07/2025 14:56,-,-,-,-,-,-,-
1818855,😔 Desistiu (1 hora sem interação),1,talita.prates@ppgj.com.br,-,2025-08-28 16:48:33,28/08/2025 16:48,-,-,-,-,-,-,-
1818851,🤔 Em Análise Parte2,8,pasquali@pasquali.com.br,-,2025-07-08 11:43:01,08/07/2025 11:43,-,-,-,-,-,-,-
1818844,😔 Desistiu (1 hora sem interação),1,-,-,2025-07-08 11:32:28,08/07/2025 11:32,-,-,-,-,-,-,-
1818840,🧑‍🧑‍🧒‍🧒 Apresentação da Vaga,6,pasquali@pasquali.com.br,-,2025-07-08 12:39:08,08/07/2025 12:39,-,-,-,-,-,-,-
1818806,❌ Reprovado,A,pasquali@pasquali.com.br,-,2025-07-22 16:49:52,22/07/2025 16:49,-,-,-,-,-,-,-
1818794,😔 Desistiu (1 hora sem interação),1,pasquali@pasquali.com.br,-,2025-07-07 11:10:16,07/07/2025 11:10,-,-,-,-,-,-,-
1818782,✅ Aprovado,9,pasquali@pasquali.com.br,-,2025-07-10 15:47:32,10/07/2025 15:47,-,-,-,-,-,-,-
1818760,😔 Desistiu (1 hora sem interação),1,-,-,2025-07-08 10:48:28,08/07/2025 10:48,-,-,-,-,-,-,-
1818653,🤔 Em Análise Parte2,8,pasquali@pasquali.com.br,-,2025-07-10 10:00:06,10/07/2025 10:00,-,-,-,-,-,-,-
1818490,🤔 Em Análise Parte2,8,pasquali@pasquali.com.br,-,2025-07-08 09:51:07,08/07/2025 09:51,-,-,-,-,-,-,-
1818155,✅ Aprovado,9,pasquali@pasquali.com.br,-,2025-07-10 16:03:11,10/07/2025 16:03,-,-,-,-,-,-,-
1818025,😔 Desistiu (1 hora sem interação),1,-,-,2025-07-08 09:22:27,08/07/2025 09:22,-,-,-,-,-,-,-
1818023,❌ Reprovado,A,pasquali@pasquali.com.br,-,2025-07-08 16:31:51,08/07/2025 16:31,-,-,-,-,-,-,-
1817819,😔 Desistiu (1 hora sem interação),1,-,-,2025-07-08 08:45:26,08/07/2025 08:45,-,-,-,-,-,-,-
1817817,🤔 Em Análise Parte2,8,pasquali@pasquali.com.br,-,2025-07-08 12:03:56,08/07/2025 12:03,-,-,-,-,-,-,-
1817814,🧑‍🧑‍🧒‍🧒 Entrevista Individual,7,pasquali@pasquali.com.br,-,2025-07-08 11:55:58,08/07/2025 11:55,-,-,-,-,-,-,-
1817786,😔 Desistiu (1 hora sem interação),1,-,-,2025-07-08 07:48:24,08/07/2025 07:48,-,-,-,-,-,-,-
1817782,❌ Reprovado,A,pasquali@pasquali.com.br,-,2025-07-14 14:01:11,14/07/2025 14:01,-,-,-,-,-,-,-
1817152,😔 Desistiu (1 hora sem interação),1,-,-,2025-07-06 08:55:05,06/07/2025 08:55,-,-,-,-,-,-,-
1817120,😔 Desistiu (1 hora sem interação),1,-,-,2025-07-05 22:38:50,05/07/2025 22:38,-,-,-,-,-,-,-
1816910,😔 Desistiu (1 hora sem interação),1,-,-,2025-07-05 17:25:48,05/07/2025 17:25,-,-,-,-,-,-,-
1816839,😔 Desistiu (1 hora sem interação),1,-,-,2025-07-05 16:43:47,05/07/2025 16:43,-,-,-,-,-,-,-
1816745,😔 Desistiu (1 hora sem interação),1,pasquali@pasquali.com.br,-,2025-07-11 16:09:04,11/07/2025 16:09,-,-,-,-,-,-,-
1816740,😔 Desistiu (1 hora sem interação),1,-,-,2025-07-05 15:59:47,05/07/2025 15:59,-,-,-,-,-,-,-
1816692,😔 Desistiu (1 hora sem interação),1,pasquali@pasquali.com.br,-,2025-07-04 15:38:34,04/07/2025 15:38,-,-,-,-,-,-,-
1816683,🤔 Em Análise Parte1,5,pasquali@pasquali.com.br,-,2025-07-04 16:52:16,04/07/2025 16:52,-,-,-,-,-,-,-
1816625,😔 Desistiu (1 hora sem interação),1,-,-,2025-07-05 14:35:46,05/07/2025 14:35,-,-,-,-,-,-,-
1816617,✅ Aprovado,9,pasquali@pasquali.com.br,-,2025-07-07 18:30:16,07/07/2025 18:30,-,-,-,-,-,-,-
1816614,😔 Desistiu (1 hora sem interação),1,-,-,2025-07-05 14:31:46,05/07/2025 14:31,-,-,-,-,-,-,-
1816613,🧑‍🧑‍🧒‍🧒 Apresentação da Vaga,6,pasquali@pasquali.com.br,-,2025-07-07 17:45:34,07/07/2025 17:45,-,-,-,-,-,-,-
1816490,😔 Desistiu (1 hora sem interação),1,pasquali@pasquali.com.br,-,2025-07-08 16:38:03,08/07/2025 16:38,-,-,-,-,-,-,-
1816412,🧑‍🧑‍🧒‍🧒 Entrevista Individual,7,pasquali@pasquali.com.br,-,2025-07-04 14:33:20,04/07/2025 14:33,-,-,-,-,-,-,-
1816408,😔 Desistiu (1 hora sem interação),1,-,-,2025-07-05 11:57:46,05/07/2025 11:57,-,-,-,-,-,-,-
1816404,❌ Reprovado,A,pasquali@pasquali.com.br,-,2025-07-08 12:27:36,08/07/2025 12:27,-,-,-,-,-,-,-
1816397,😔 Desistiu (1 hora sem interação),1,-,-,2025-07-05 11:49:45,05/07/2025 11:49,-,-,-,-,-,-,-
1816391,😔 Desistiu (1 hora sem interação),1,-,-,2025-07-05 11:46:45,05/07/2025 11:46,-,-,-,-,-,-,-
1816389,😔 Desistiu (1 hora sem interação),1,-,-,2025-07-05 11:45:45,05/07/2025 11:45,-,-,-,-,-,-,-
1816370,👍 Confirmação de Agendamento,C,pasquali@pasquali.com.br,-,2025-07-07 09:54:25,07/07/2025 09:54,-,-,-,-,-,-,-
1816282,😔 Desistiu (1 hora sem interação),1,pasquali@pasquali.com.br,-,2025-07-08 16:50:14,08/07/2025 16:50,-,-,-,-,-,-,-
1816272,📵 Black List (Impedir número de fazer novos processos),B,talita.prates@ppgj.com.br,-,2025-08-20 08:50:48,20/08/2025 08:50,-,-,-,-,-,-,-
1816271,😔 Desistiu (1 hora sem interação),1,-,-,2025-07-05 10:41:45,05/07/2025 10:41,-,-,-,-,-,-,-
1816258,🤔 Em Análise Parte2,8,pasquali@pasquali.com.br,-,2025-07-07 10:56:54,07/07/2025 10:56,-,-,-,-,-,-,-
1816147,🧑‍🧑‍🧒‍🧒 Entrevista Individual,7,pasquali@pasquali.com.br,-,2025-07-04 14:29:32,04/07/2025 14:29,-,-,-,-,-,-,-
1816139,🤔 Em Análise Parte2,8,pasquali@pasquali.com.br,-,2025-07-04 15:10:45,04/07/2025 15:10,-,-,-,-,-,-,-
1816088,😔 Desistiu (1 hora sem interação),1,pasquali@pasquali.com.br,-,2025-07-04 16:26:41,04/07/2025 16:26,-,-,-,-,-,-,-
1816084,😔 Desistiu (1 hora sem interação),1,-,-,2025-07-05 09:40:37,05/07/2025 09:40,-,-,-,-,-,-,-
1816080,😔 Desistiu (1 hora sem interação),1,pasquali@pasquali.com.br,-,2025-07-04 09:48:03,04/07/2025 09:48,-,-,-,-,-,-,-
1816076,😔 Desistiu (1 hora sem interação),1,pasquali@pasquali.com.br,-,2025-07-07 15:13:10,07/07/2025 15:13,-,-,-,-,-,-,-
1816061,😔 Desistiu (1 hora sem interação),1,-,-,2025-07-05 09:01:36,05/07/2025 09:01,-,-,-,-,-,-,-
1816060,😔 Desistiu (1 hora sem interação),1,-,-,2025-07-05 09:00:37,05/07/2025 09:00,-,-,-,-,-,-,-
1816044,🧑‍🧑‍🧒‍🧒 Apresentação da Vaga,6,pasquali@pasquali.com.br,-,2025-07-04 08:49:03,04/07/2025 08:49,-,-,-,-,-,-,-
1816023,😔 Desistiu (1 hora sem interação),1,pasquali@pasquali.com.br,-,2025-07-04 16:05:30,04/07/2025 16:05,-,-,-,-,-,-,-
1816012,😭 Não Apto,4,pasquali@pasquali.com.br,-,2025-07-04 09:11:59,04/07/2025 09:11,-,-,-,-,-,-,-
1816011,😔 Desistiu (1 hora sem interação),1,-,-,2025-07-05 00:06:28,05/07/2025 00:06,-,-,-,-,-,-,-
1816007,😔 Desistiu (1 hora sem interação),1,-,-,2025-07-04 23:50:28,04/07/2025 23:50,-,-,-,-,-,-,-
1816000,👍 Confirmação de Agendamento,C,pasquali@pasquali.com.br,-,2025-07-08 14:04:39,08/07/2025 14:04,-,-,-,-,-,-,-
1815986,🧑‍🧑‍🧒‍🧒 Apresentação da Vaga,6,pasquali@pasquali.com.br,-,2025-07-04 12:32:23,04/07/2025 12:32,-,-,-,-,-,-,-
1815962,😔 Desistiu (1 hora sem interação),1,mariajulia.souza@ppgj.com.br,-,2025-09-18 12:04:28,18/09/2025 12:04,-,-,-,-,-,-,-
1815958,😔 Desistiu (1 hora sem interação),1,pasquali@pasquali.com.br,-,2025-07-08 16:51:12,08/07/2025 16:51,-,-,-,-,-,-,-
1815923,👍 Confirmação de Agendamento,C,pasquali@pasquali.com.br,-,2025-07-04 08:30:05,04/07/2025 08:30,-,-,-,-,-,-,-
1815816,😔 Desistiu (1 hora sem interação),1,-,-,2025-07-04 17:37:40,04/07/2025 17:37,-,-,-,-,-,-,-
1815804,😔 Desistiu (1 hora sem interação),1,-,-,2025-07-04 17:26:40,04/07/2025 17:26,-,-,-,-,-,-,-
1815794,😔 Desistiu (1 hora sem interação),1,-,-,2025-07-04 17:19:40,04/07/2025 17:19,-,-,-,-,-,-,-
1815750,😔 Desistiu (1 hora sem interação),1,pasquali@pasquali.com.br,-,2025-07-11 16:19:03,11/07/2025 16:19,-,-,-,-,-,-,-
1815741,📵 Black List (Impedir número de fazer novos processos),B,talita.prates@ppgj.com.br,-,2025-08-25 17:16:35,25/08/2025 17:16,-,-,-,-,-,-,-
1815722,😔 Desistiu (1 hora sem interação),1,-,-,2025-07-13 16:33:11,13/07/2025 16:33,-,-,-,-,-,-,-
1815720,😔 Desistiu (1 hora sem interação),1,-,-,2025-07-04 16:32:39,04/07/2025 16:32,-,-,-,-,-,-,-
1815719,🤔 Em Análise Parte1,5,pasquali@pasquali.com.br,-,2025-07-03 16:52:20,03/07/2025 16:52,-,-,-,-,-,-,-
1815713,😔 Desistiu (1 hora sem interação),1,pasquali@pasquali.com.br,-,2025-07-07 10:51:57,07/07/2025 10:51,-,-,-,-,-,-,-
1815692,✅ Aprovado,9,pasquali@pasquali.com.br,-,2025-07-10 15:36:35,10/07/2025 15:36,-,-,-,-,-,-,-
1815624,✅ Aprovado,9,pasquali@pasquali.com.br,-,2025-07-07 18:33:05,07/07/2025 18:33,-,-,-,-,-,-,-
1815619,😔 Desistiu (1 hora sem interação),1,pasquali@pasquali.com.br,-,2025-07-07 15:24:20,07/07/2025 15:24,-,-,-,-,-,-,-
1815618,🤔 Em Análise Parte1,5,pasquali@pasquali.com.br,-,2025-07-04 09:25:22,04/07/2025 09:25,-,-,-,-,-,-,-
1815531,😔 Desistiu (1 hora sem interação),1,pasquali@pasquali.com.br,-,2025-07-07 15:30:08,07/07/2025 15:30,-,-,-,-,-,-,-
1815492,❌ Reprovado,A,pasquali@pasquali.com.br,-,2025-07-14 14:15:40,14/07/2025 14:15,-,-,-,-,-,-,-
1815362,😔 Desistiu (1 hora sem interação),1,-,-,2025-07-04 14:52:39,04/07/2025 14:52,-,-,-,-,-,-,-
1815117,🤔 Em Análise Parte1,5,pasquali@pasquali.com.br,-,2025-07-04 15:00:52,04/07/2025 15:00,-,-,-,-,-,-,-
1814989,😔 Desistiu (1 hora sem interação),1,pasquali@pasquali.com.br,-,2025-07-04 14:50:46,04/07/2025 14:50,-,-,-,-,-,-,-
1814948,😔 Desistiu (1 hora sem interação),1,-,-,2025-07-04 13:57:39,04/07/2025 13:57,-,-,-,-,-,-,-
1814931,😔 Desistiu (1 hora sem interação),1,pasquali@pasquali.com.br,-,2025-07-04 08:56:08,04/07/2025 08:56,-,-,-,-,-,-,-
1814919,😔 Desistiu (1 hora sem interação),1,-,-,2025-07-04 13:39:38,04/07/2025 13:39,-,-,-,-,-,-,-
1814903,🤔 Em Análise Parte2,8,pasquali@pasquali.com.br,-,2025-07-04 10:06:05,04/07/2025 10:06,-,-,-,-,-,-,-
1814902,😔 Desistiu (1 hora sem interação),1,-,-,2025-07-04 13:22:39,04/07/2025 13:22,-,-,-,-,-,-,-
1814894,😔 Desistiu (1 hora sem interação),1,pasquali@pasquali.com.br,-,2025-07-16 10:50:28,16/07/2025 10:50,-,-,-,-,-,-,-
1814891,😔 Desistiu (1 hora sem interação),1,pasquali@pasquali.com.br,-,2025-07-07 10:47:40,07/07/2025 10:47,-,-,-,-,-,-,-
1814883,🤔 Em Análise Parte2,8,pasquali@pasquali.com.br,-,2025-07-10 10:08:48,10/07/2025 10:08,-,-,-,-,-,-,-
1814880,😔 Desistiu (1 hora sem interação),1,-,-,2025-07-04 13:11:38,04/07/2025 13:11,-,-,-,-,-,-,-
1814801,😔 Desistiu (1 hora sem interação),1,pasquali@pasquali.com.br,-,2025-07-04 12:53:45,04/07/2025 12:53,-,-,-,-,-,-,-
1814772,😔 Desistiu (1 hora sem interação),1,-,-,2025-07-04 12:34:38,04/07/2025 12:34,-,-,-,-,-,-,-
1814694,😔 Desistiu (1 hora sem interação),1,pasquali@pasquali.com.br,-,2025-07-07 15:56:17,07/07/2025 15:56,-,-,-,-,-,-,-
1814642,😔 Desistiu (1 hora sem interação),1,pasquali@pasquali.com.br,-,2025-07-07 14:08:24,07/07/2025 14:08,-,-,-,-,-,-,-
1814584,😔 Desistiu (1 hora sem interação),1,-,-,2025-07-04 12:19:38,04/07/2025 12:19,-,-,-,-,-,-,-
1814357,🧑‍🧑‍🧒‍🧒 Entrevista Individual,7,pasquali@pasquali.com.br,-,2025-07-04 10:00:25,04/07/2025 10:00,-,-,-,-,-,-,-
1814319,😔 Desistiu (1 hora sem interação),1,pasquali@pasquali.com.br,-,2025-07-07 16:01:34,07/07/2025 16:01,-,-,-,-,-,-,-
1814299,🤔 Em Análise Parte2,8,pasquali@pasquali.com.br,-,2025-07-04 10:02:07,04/07/2025 10:02,-,-,-,-,-,-,-
1814280,😔 Desistiu (1 hora sem interação),1,-,-,2025-07-04 11:47:38,04/07/2025 11:47,-,-,-,-,-,-,-
1814275,❌ Reprovado,A,pasquali@pasquali.com.br,-,2025-07-07 08:33:02,07/07/2025 08:33,-,-,-,-,-,-,-
1814165,👍 Confirmação de Agendamento,C,pasquali@pasquali.com.br,-,2025-07-03 11:50:05,03/07/2025 11:50,-,-,-,-,-,-,-
1814151,😔 Desistiu (1 hora sem interação),1,pasquali@pasquali.com.br,-,2025-07-07 15:46:56,07/07/2025 15:46,-,-,-,-,-,-,-
1814145,🤔 Em Análise Parte2,8,pasquali@pasquali.com.br,-,2025-07-04 10:42:05,04/07/2025 10:42,-,-,-,-,-,-,-
1814140,📵 Black List (Impedir número de fazer novos processos),B,talita.prates@ppgj.com.br,-,2025-08-20 08:50:48,20/08/2025 08:50,-,-,-,-,-,-,-
1814080,😔 Desistiu (1 hora sem interação),1,-,-,2025-07-04 11:33:38,04/07/2025 11:33,-,-,-,-,-,-,-
1814030,🤔 Em Análise Parte2,8,pasquali@pasquali.com.br,-,2025-07-04 10:53:38,04/07/2025 10:53,-,-,-,-,-,-,-
1813940,😔 Desistiu (1 hora sem interação),1,pasquali@pasquali.com.br,-,2025-07-04 13:47:52,04/07/2025 13:47,-,-,-,-,-,-,-
1813787,😔 Desistiu (1 hora sem interação),1,-,-,2025-07-04 11:01:37,04/07/2025 11:01,-,-,-,-,-,-,-
1813614,😔 Desistiu (1 hora sem interação),1,pasquali@pasquali.com.br,-,2025-07-07 15:31:23,07/07/2025 15:31,-,-,-,-,-,-,-
1813603,😔 Desistiu (1 hora sem interação),1,-,-,2025-07-04 10:46:37,04/07/2025 10:46,-,-,-,-,-,-,-
1813579,😔 Desistiu (1 hora sem interação),1,-,-,2025-07-04 10:45:37,04/07/2025 10:45,-,-,-,-,-,-,-
1813512,😔 Desistiu (1 hora sem interação),1,-,-,2025-07-04 10:41:38,04/07/2025 10:41,-,-,-,-,-,-,-
1813435,😔 Desistiu (1 hora sem interação),1,pasquali@pasquali.com.br,-,2025-07-04 16:24:06,04/07/2025 16:24,-,-,-,-,-,-,-
1813415,😔 Desistiu (1 hora sem interação),1,pasquali@pasquali.com.br,-,2025-07-03 14:46:23,03/07/2025 14:46,-,-,-,-,-,-,-
1813176,🧑‍🧑‍🧒‍🧒 Entrevista Individual,7,pasquali@pasquali.com.br,-,2025-07-03 15:29:58,03/07/2025 15:29,-,-,-,-,-,-,-
1813174,😔 Desistiu (1 hora sem interação),1,pasquali@pasquali.com.br,-,2025-07-03 14:45:55,03/07/2025 14:45,-,-,-,-,-,-,-
1813172,✅ Aprovado,9,pasquali@pasquali.com.br,-,2025-07-07 18:34:28,07/07/2025 18:34,-,-,-,-,-,-,-
1813162,😔 Desistiu (1 hora sem interação),1,-,-,2025-07-04 10:11:37,04/07/2025 10:11,-,-,-,-,-,-,-
1813149,😔 Desistiu (1 hora sem interação),1,-,-,2025-07-04 10:09:39,04/07/2025 10:09,-,-,-,-,-,-,-
1813130,😔 Desistiu (1 hora sem interação),1,pasquali@pasquali.com.br,-,2025-07-04 16:16:27,04/07/2025 16:16,-,-,-,-,-,-,-
1813127,😔 Desistiu (1 hora sem interação),1,-,-,2025-07-04 10:02:37,04/07/2025 10:02,-,-,-,-,-,-,-
1813123,✅ Aprovado,9,pasquali@pasquali.com.br,-,2025-07-07 18:31:41,07/07/2025 18:31,-,-,-,-,-,-,-
1813094,😔 Desistiu (1 hora sem interação),1,pasquali@pasquali.com.br,-,2025-07-03 14:42:19,03/07/2025 14:42,-,-,-,-,-,-,-
1813092,😔 Desistiu (1 hora sem interação),1,pasquali@pasquali.com.br,-,2025-07-03 14:41:51,03/07/2025 14:41,-,-,-,-,-,-,-
1813089,😔 Desistiu (1 hora sem interação),1,pasquali@pasquali.com.br,-,2025-07-03 14:41:27,03/07/2025 14:41,-,-,-,-,-,-,-
1813087,😔 Desistiu (1 hora sem interação),1,pasquali@pasquali.com.br,-,2025-07-03 14:41:01,03/07/2025 14:41,-,-,-,-,-,-,-
1813084,😔 Desistiu (1 hora sem interação),1,pasquali@pasquali.com.br,-,2025-07-03 14:40:06,03/07/2025 14:40,-,-,-,-,-,-,-
1813073,😔 Desistiu (1 hora sem interação),1,pasquali@pasquali.com.br,-,2025-07-03 14:39:43,03/07/2025 14:39,-,-,-,-,-,-,-
1813060,😭 Não Apto,4,pasquali@pasquali.com.br,-,2025-07-03 09:56:10,03/07/2025 09:56,-,-,-,-,-,-,-
1812605,😔 Desistiu (1 hora sem interação),1,pasquali@pasquali.com.br,-,2025-07-03 14:39:13,03/07/2025 14:39,-,-,-,-,-,-,-
1812584,😭 Não Apto,4,pasquali@pasquali.com.br,-,2025-07-03 09:06:10,03/07/2025 09:06,-,-,-,-,-,-,-
1812556,🤔 Em Análise Parte2,8,pasquali@pasquali.com.br,-,2025-07-04 10:22:20,04/07/2025 10:22,-,-,-,-,-,-,-
1812554,✅ Aprovado,9,pasquali@pasquali.com.br,-,2025-07-22 13:59:17,22/07/2025 13:59,-,-,-,-,-,-,-
1812542,😔 Desistiu (1 hora sem interação),1,pasquali@pasquali.com.br,-,2025-07-04 16:47:41,04/07/2025 16:47,-,-,-,-,-,-,-
1812490,😔 Desistiu (1 hora sem interação),1,-,-,2025-07-03 23:41:21,03/07/2025 23:41,-,-,-,-,-,-,-
1812470,🤔 Em Análise Parte2,8,pasquali@pasquali.com.br,-,2025-07-04 14:49:30,04/07/2025 14:49,-,-,-,-,-,-,-
1812452,😔 Desistiu (1 hora sem interação),1,-,-,2025-07-03 21:34:38,03/07/2025 21:34,-,-,-,-,-,-,-
1812439,😔 Desistiu (1 hora sem interação),1,-,-,2025-07-03 20:52:52,03/07/2025 20:52,-,-,-,-,-,-,-
1812422,🤔 Em Análise Parte2,8,pasquali@pasquali.com.br,-,2025-07-03 14:58:01,03/07/2025 14:58,-,-,-,-,-,-,-
1812408,🤔 Em Análise Parte2,8,pasquali@pasquali.com.br,-,2025-07-03 16:38:46,03/07/2025 16:38,-,-,-,-,-,-,-
1812263,🧑‍🧑‍🧒‍🧒 Apresentação da Vaga,6,pasquali@pasquali.com.br,-,2025-07-03 11:30:11,03/07/2025 11:30,-,-,-,-,-,-,-
1812223,😔 Desistiu (1 hora sem interação),1,pasquali@pasquali.com.br,-,2025-07-08 16:38:50,08/07/2025 16:38,-,-,-,-,-,-,-
1812221,❌ Reprovado,A,pasquali@pasquali.com.br,-,2025-07-14 14:05:09,14/07/2025 14:05,-,-,-,-,-,-,-
1812204,😭 Não Apto,4,pasquali@pasquali.com.br,-,2025-07-03 10:00:09,03/07/2025 10:00,-,-,-,-,-,-,-
1812184,😭 Não Apto,4,pasquali@pasquali.com.br,-,2025-07-03 09:34:43,03/07/2025 09:34,-,-,-,-,-,-,-
1812154,😔 Desistiu (1 hora sem interação),1,pasquali@pasquali.com.br,-,2025-07-04 10:04:35,04/07/2025 10:04,-,-,-,-,-,-,-
1812103,🤔 Em Análise Parte2,8,pasquali@pasquali.com.br,-,2025-07-03 16:32:29,03/07/2025 16:32,-,-,-,-,-,-,-
1812098,😔 Desistiu (1 hora sem interação),1,pasquali@pasquali.com.br,-,2025-07-07 15:32:53,07/07/2025 15:32,-,-,-,-,-,-,-
1812094,😔 Desistiu (1 hora sem interação),1,pasquali@pasquali.com.br,-,2025-07-03 09:57:45,03/07/2025 09:57,-,-,-,-,-,-,-
1812033,😔 Desistiu (1 hora sem interação),1,-,-,2025-07-03 16:12:00,03/07/2025 16:12,-,-,-,-,-,-,-
1811927,😔 Desistiu (1 hora sem interação),1,pasquali@pasquali.com.br,-,2025-07-04 16:07:29,04/07/2025 16:07,-,-,-,-,-,-,-
1811860,😔 Desistiu (1 hora sem interação),1,-,-,2025-07-03 16:00:13,03/07/2025 16:00,-,-,-,-,-,-,-
1811853,😔 Desistiu (1 hora sem interação),1,-,-,2025-07-03 16:00:13,03/07/2025 16:00,-,-,-,-,-,-,-
1811668,😔 Desistiu (1 hora sem interação),1,-,-,2025-07-03 15:39:13,03/07/2025 15:39,-,-,-,-,-,-,-
1811460,😔 Desistiu (1 hora sem interação),1,talita.prates@ppgj.com.br,-,2025-08-20 16:21:11,20/08/2025 16:21,-,-,-,-,-,-,-
1811420,😔 Desistiu (1 hora sem interação),1,-,-,2025-07-03 14:59:52,03/07/2025 14:59,-,-,-,-,-,-,-
1811362,😔 Desistiu (1 hora sem interação),1,-,-,2025-07-03 14:53:52,03/07/2025 14:53,-,-,-,-,-,-,-
1811344,🤔 Em Análise Parte2,8,pasquali@pasquali.com.br,-,2025-07-03 14:40:23,03/07/2025 14:40,-,-,-,-,-,-,-
1811333,😭 Não Apto,4,pasquali@pasquali.com.br,-,2025-07-02 15:44:15,02/07/2025 15:44,-,-,-,-,-,-,-
1811332,🧑‍🧑‍🧒‍🧒 Entrevista Individual,7,pasquali@pasquali.com.br,-,2025-07-03 15:03:11,03/07/2025 15:03,-,-,-,-,-,-,-
1811268,😔 Desistiu (1 hora sem interação),1,-,-,2025-07-03 14:20:38,03/07/2025 14:20,-,-,-,-,-,-,-
1811257,✅ Aprovado,9,pasquali@pasquali.com.br,-,2025-07-11 09:34:58,11/07/2025 09:34,-,-,-,-,-,-,-
1811256,🧑‍🧑‍🧒‍🧒 Apresentação da Vaga,6,pasquali@pasquali.com.br,-,2025-07-02 15:30:13,02/07/2025 15:30,-,-,-,-,-,-,-
1811241,😔 Desistiu (1 hora sem interação),1,-,-,2025-07-03 14:00:38,03/07/2025 14:00,-,-,-,-,-,-,-
1811157,😔 Desistiu (1 hora sem interação),1,-,-,2025-07-03 13:53:57,03/07/2025 13:53,-,-,-,-,-,-,-
1811155,🤔 Em Análise Parte2,8,pasquali@pasquali.com.br,-,2025-07-03 10:33:47,03/07/2025 10:33,-,-,-,-,-,-,-
1811133,🤔 Em Análise Parte2,8,pasquali@pasquali.com.br,-,2025-07-04 10:44:19,04/07/2025 10:44,-,-,-,-,-,-,-
1811123,😔 Desistiu (1 hora sem interação),1,pasquali@pasquali.com.br,-,2025-07-02 17:48:19,02/07/2025 17:48,-,-,-,-,-,-,-
1811120,✅ Aprovado,9,pasquali@pasquali.com.br,-,2025-07-10 15:37:38,10/07/2025 15:37,-,-,-,-,-,-,-
1811118,😔 Desistiu (1 hora sem interação),1,pasquali@pasquali.com.br,-,2025-07-03 17:46:49,03/07/2025 17:46,-,-,-,-,-,-,-
1811105,😔 Desistiu (1 hora sem interação),1,pasquali@pasquali.com.br,-,2025-07-02 17:47:36,02/07/2025 17:47,-,-,-,-,-,-,-
1810680,😔 Desistiu (1 hora sem interação),1,pasquali@pasquali.com.br,-,2025-07-07 15:52:43,07/07/2025 15:52,-,-,-,-,-,-,-
1810670,😔 Desistiu (1 hora sem interação),1,pasquali@pasquali.com.br,-,2025-07-07 15:51:04,07/07/2025 15:51,-,-,-,-,-,-,-
1810637,😭 Não Apto,4,pasquali@pasquali.com.br,-,2025-07-02 13:58:55,02/07/2025 13:58,-,-,-,-,-,-,-
1810636,😔 Desistiu (1 hora sem interação),1,-,-,2025-07-03 12:52:36,03/07/2025 12:52,-,-,-,-,-,-,-
1810167,😭 Não Apto,4,pasquali@pasquali.com.br,-,2025-07-02 17:45:52,02/07/2025 17:45,-,-,-,-,-,-,-
1810135,✅ Aprovado,9,pasquali@pasquali.com.br,-,2025-07-17 11:26:51,17/07/2025 11:26,-,-,-,-,-,-,-
1810113,😭 Não Apto,4,pasquali@pasquali.com.br,-,2025-07-02 17:45:26,02/07/2025 17:45,-,-,-,-,-,-,-
1810031,😔 Desistiu (1 hora sem interação),1,-,-,2025-07-03 12:03:58,03/07/2025 12:03,-,-,-,-,-,-,-
1810000,😔 Desistiu (1 hora sem interação),1,pasquali@pasquali.com.br,-,2025-07-02 17:44:25,02/07/2025 17:44,-,-,-,-,-,-,-
1809986,😔 Desistiu (1 hora sem interação),1,-,-,2025-07-03 11:56:58,03/07/2025 11:56,-,-,-,-,-,-,-
1809888,🤔 Em Análise Parte2,8,pasquali@pasquali.com.br,-,2025-07-04 09:52:45,04/07/2025 09:52,-,-,-,-,-,-,-
1809511,😔 Desistiu (1 hora sem interação),1,pasquali@pasquali.com.br,-,2025-07-02 17:42:36,02/07/2025 17:42,-,-,-,-,-,-,-
1809485,😔 Desistiu (1 hora sem interação),1,pasquali@pasquali.com.br,-,2025-07-02 17:42:03,02/07/2025 17:42,-,-,-,-,-,-,-
1809415,😭 Não Apto,4,-,-,2025-07-02 11:34:46,02/07/2025 11:34,-,-,-,-,-,-,-
1809397,🤔 Em Análise Parte2,8,pasquali@pasquali.com.br,-,2025-07-02 16:22:15,02/07/2025 16:22,-,-,-,-,-,-,-
1809335,😔 Desistiu (1 hora sem interação),1,pasquali@pasquali.com.br,-,2025-07-04 14:09:55,04/07/2025 14:09,-,-,-,-,-,-,-
1809252,😔 Desistiu (1 hora sem interação),1,-,-,2025-07-03 11:20:58,03/07/2025 11:20,-,-,-,-,-,-,-
1809076,😔 Desistiu (1 hora sem interação),1,-,-,2025-07-03 11:13:03,03/07/2025 11:13,-,-,-,-,-,-,-
1808988,😔 Desistiu (1 hora sem interação),1,-,-,2025-07-03 11:09:03,03/07/2025 11:09,-,-,-,-,-,-,-
1808981,😭 Não Apto,4,pasquali@pasquali.com.br,-,2025-07-02 17:40:14,02/07/2025 17:40,-,-,-,-,-,-,-
1808890,😔 Desistiu (1 hora sem interação),1,pasquali@pasquali.com.br,-,2025-07-04 14:05:16,04/07/2025 14:05,-,-,-,-,-,-,-
1808705,😔 Desistiu (1 hora sem interação),1,-,-,2025-07-03 10:54:03,03/07/2025 10:54,-,-,-,-,-,-,-
1808132,😔 Desistiu (1 hora sem interação),1,-,-,2025-07-03 10:24:03,03/07/2025 10:24,-,-,-,-,-,-,-
1807937,😔 Desistiu (1 hora sem interação),1,pasquali@pasquali.com.br,-,2025-07-04 13:49:01,04/07/2025 13:49,-,-,-,-,-,-,-
1807914,🤔 Em Análise Parte2,8,pasquali@pasquali.com.br,-,2025-07-02 15:31:52,02/07/2025 15:31,-,-,-,-,-,-,-
1807912,😔 Desistiu (1 hora sem interação),1,pasquali@pasquali.com.br,-,2025-07-04 14:10:43,04/07/2025 14:10,-,-,-,-,-,-,-
1807907,😔 Desistiu (1 hora sem interação),1,-,-,2025-07-03 09:45:57,03/07/2025 09:45,-,-,-,-,-,-,-
1807897,✅ Aprovado,9,pasquali@pasquali.com.br,-,2025-07-22 13:53:31,22/07/2025 13:53,-,-,-,-,-,-,-
1807841,🤔 Em Análise Parte2,8,pasquali@pasquali.com.br,-,2025-07-03 11:07:01,03/07/2025 11:07,-,-,-,-,-,-,-
1807823,😔 Desistiu (1 hora sem interação),1,pasquali@pasquali.com.br,-,2025-07-02 15:05:04,02/07/2025 15:05,-,-,-,-,-,-,-
1807813,😔 Desistiu (1 hora sem interação),1,pasquali@pasquali.com.br,-,2025-07-04 14:04:43,04/07/2025 14:04,-,-,-,-,-,-,-
1807810,🤔 Em Análise Parte2,8,pasquali@pasquali.com.br,-,2025-07-03 15:27:08,03/07/2025 15:27,-,-,-,-,-,-,-
1807703,😔 Desistiu (1 hora sem interação),1,pasquali@pasquali.com.br,-,2025-07-04 14:08:28,04/07/2025 14:08,-,-,-,-,-,-,-
1807593,😭 Não Apto,4,pasquali@pasquali.com.br,-,2025-07-02 10:01:49,02/07/2025 10:01,-,-,-,-,-,-,-
1807590,😔 Desistiu (1 hora sem interação),1,pasquali@pasquali.com.br,-,2025-07-04 14:11:08,04/07/2025 14:11,-,-,-,-,-,-,-
1807576,😔 Desistiu (1 hora sem interação),1,pasquali@pasquali.com.br,-,2025-07-02 08:20:27,02/07/2025 08:20,-,-,-,-,-,-,-
1807496,😭 Não Apto,4,pasquali@pasquali.com.br,-,2025-07-02 08:46:02,02/07/2025 08:46,-,-,-,-,-,-,-
1807494,🧑‍🧑‍🧒‍🧒 Apresentação da Vaga,6,pasquali@pasquali.com.br,-,2025-07-01 17:25:28,01/07/2025 17:25,-,-,-,-,-,-,-
1807484,😔 Desistiu (1 hora sem interação),1,-,-,2025-07-02 16:52:25,02/07/2025 16:52,-,-,-,-,-,-,-
1807411,🧑‍🧑‍🧒‍🧒 Apresentação da Vaga,6,pasquali@pasquali.com.br,-,2025-07-01 17:57:55,01/07/2025 17:57,-,-,-,-,-,-,-
1807391,🤔 Em Análise Parte2,8,pasquali@pasquali.com.br,-,2025-07-01 17:00:37,01/07/2025 17:00,-,-,-,-,-,-,-
1807343,🤔 Em Análise Parte2,8,pasquali@pasquali.com.br,-,2025-07-02 10:25:39,02/07/2025 10:25,-,-,-,-,-,-,-
1807251,✅ Aprovado,9,pasquali@pasquali.com.br,-,2025-07-10 11:32:42,10/07/2025 11:32,-,-,-,-,-,-,-
1806857,😭 Não Apto,4,pasquali@pasquali.com.br,-,2025-07-01 16:11:11,01/07/2025 16:11,-,-,-,-,-,-,-
1806519,😔 Desistiu (1 hora sem interação),1,-,-,2025-07-02 15:08:25,02/07/2025 15:08,-,-,-,-,-,-,-
1806133,😔 Desistiu (1 hora sem interação),1,-,-,2025-07-02 14:18:24,02/07/2025 14:18,-,-,-,-,-,-,-
1806039,😔 Desistiu (1 hora sem interação),1,-,-,2025-07-02 14:05:25,02/07/2025 14:05,-,-,-,-,-,-,-
1805656,🤔 Em Análise Parte2,8,pasquali@pasquali.com.br,-,2025-07-02 16:06:36,02/07/2025 16:06,-,-,-,-,-,-,-
1805565,🤔 Em Análise Parte2,8,pasquali@pasquali.com.br,-,2025-07-14 12:07:20,14/07/2025 12:07,-,-,-,-,-,-,-
1805455,📵 Black List (Impedir número de fazer novos processos),B,talita.prates@ppgj.com.br,-,2025-08-20 08:53:14,20/08/2025 08:53,-,-,-,-,-,-,-
1805345,😭 Não Apto,4,pasquali@pasquali.com.br,-,2025-07-01 14:49:16,01/07/2025 14:49,-,-,-,-,-,-,-
1805119,😭 Não Apto,4,pasquali@pasquali.com.br,-,2025-07-01 15:00:04,01/07/2025 15:00,-,-,-,-,-,-,-
1805114,🤔 Em Análise Parte2,8,pasquali@pasquali.com.br,-,2025-07-02 11:05:48,02/07/2025 11:05,-,-,-,-,-,-,-
1805103,✅ Aprovado,9,pasquali@pasquali.com.br,-,2025-07-10 11:35:17,10/07/2025 11:35,-,-,-,-,-,-,-
1805088,😔 Desistiu (1 hora sem interação),1,-,-,2025-07-02 12:23:24,02/07/2025 12:23,-,-,-,-,-,-,-
1805006,😔 Desistiu (1 hora sem interação),1,-,-,2025-07-02 11:59:24,02/07/2025 11:59,-,-,-,-,-,-,-
1804756,😭 Não Apto,4,pasquali@pasquali.com.br,-,2025-07-01 15:10:10,01/07/2025 15:10,-,-,-,-,-,-,-
1804628,😔 Desistiu (1 hora sem interação),1,-,-,2025-07-02 11:09:24,02/07/2025 11:09,-,-,-,-,-,-,-
1804608,😭 Não Apto,4,pasquali@pasquali.com.br,-,2025-07-01 15:13:50,01/07/2025 15:13,-,-,-,-,-,-,-
1804517,👍 Confirmação de Agendamento,C,pasquali@pasquali.com.br,-,2025-07-01 11:26:38,01/07/2025 11:26,-,-,-,-,-,-,-
1804498,👍 Confirmação de Agendamento,C,pasquali@pasquali.com.br,-,2025-07-01 11:28:48,01/07/2025 11:28,-,-,-,-,-,-,-
1804341,🧑‍🧑‍🧒‍🧒 Apresentação da Vaga,6,pasquali@pasquali.com.br,-,2025-07-01 11:02:15,01/07/2025 11:02,-,-,-,-,-,-,-
1804323,🧑‍🧑‍🧒‍🧒 Apresentação da Vaga,6,pasquali@pasquali.com.br,-,2025-07-01 11:05:59,01/07/2025 11:05,-,-,-,-,-,-,-
1804286,😔 Desistiu (1 hora sem interação),1,-,-,2025-07-02 10:06:23,02/07/2025 10:06,-,-,-,-,-,-,-
1804270,😔 Desistiu (1 hora sem interação),1,-,-,2025-07-02 10:01:23,02/07/2025 10:01,-,-,-,-,-,-,-
1804253,😔 Desistiu (1 hora sem interação),1,-,-,2025-07-02 09:56:23,02/07/2025 09:56,-,-,-,-,-,-,-
1804214,😔 Desistiu (1 hora sem interação),1,pasquali@pasquali.com.br,-,2025-07-03 17:34:19,03/07/2025 17:34,-,-,-,-,-,-,-
1804208,😭 Não Apto,4,pasquali@pasquali.com.br,-,2025-07-01 10:15:03,01/07/2025 10:15,-,-,-,-,-,-,-
1804206,❌ Reprovado,A,pasquali@pasquali.com.br,-,2025-07-03 11:42:01,03/07/2025 11:42,-,-,-,-,-,-,-
1804158,✅ Aprovado,9,pasquali@pasquali.com.br,-,2025-07-22 14:04:41,22/07/2025 14:04,-,-,-,-,-,-,-
1804119,✅ Aprovado,9,pasquali@pasquali.com.br,-,2025-07-07 18:32:38,07/07/2025 18:32,-,-,-,-,-,-,-
1804088,😔 Desistiu (1 hora sem interação),1,-,-,2025-07-02 07:54:12,02/07/2025 07:54,-,-,-,-,-,-,-
1804086,😭 Não Apto,4,pasquali@pasquali.com.br,-,2025-07-01 08:40:57,01/07/2025 08:40,-,-,-,-,-,-,-
1804074,😭 Não Apto,4,pasquali@pasquali.com.br,-,2025-07-01 09:21:06,01/07/2025 09:21,-,-,-,-,-,-,-
1804073,😔 Desistiu (1 hora sem interação),1,pasquali@pasquali.com.br,-,2025-07-02 09:29:54,02/07/2025 09:29,-,-,-,-,-,-,-
1804037,😔 Desistiu (1 hora sem interação),1,-,-,2025-07-01 21:59:57,01/07/2025 21:59,-,-,-,-,-,-,-
