ID da Ordem,Etapa,Código do Status,Modificado por,SLA,Data do Evento,Data Início Execução,Data Final Execução,Prazo Máximo,Duração Total,Duração Útil,Status SLA,Excedido Total (min),Excedido Útil (min)
1949854,Aguardando Verificação/Aprovação (NAVA),0,-,-,2025-09-19 12:37:57,19/09/2025 12:37,19/09/2025 12:38,-,0.0 dias,-,-,-,-
1949854,Enviado para o RM (Integração),1,integracao-projetoisp,-,2025-09-19 12:38:44,19/09/2025 12:38,19/09/2025 12:39,-,0.0 dias,-,-,-,-
1949854,Contrato Ativo,2,integracao-projetoisp,-,2025-09-19 12:39:25,19/09/2025 12:39,-,-,-,-,-,-,-
1944788,Aguardando Verificação/Aprovação (NAVA),0,-,-,2025-09-17 16:38:36,17/09/2025 16:38,17/09/2025 16:38,-,0.0 dias,-,-,-,-
1944788,Enviado para o RM (Integração),1,integracao-projetoisp,-,2025-09-17 16:38:52,17/09/2025 16:38,17/09/2025 16:39,-,0.0 dias,-,-,-,-
1944788,Contrato Ativo,2,integracao-projetoisp,-,2025-09-17 16:39:29,17/09/2025 16:39,-,-,-,-,-,-,-
1944405,Aguardando Verificação/Aprovação (NAVA),0,-,-,2025-09-17 13:19:25,17/09/2025 13:19,17/09/2025 13:19,-,0.0 dias,-,-,-,-
1944405,Enviado para o RM (Integração),1,integracao-projetoisp,-,2025-09-17 13:19:48,17/09/2025 13:19,17/09/2025 13:20,-,0.0 dias,-,-,-,-
1944405,Contrato Ativo,2,integracao-projetoisp,-,2025-09-17 13:20:18,17/09/2025 13:20,-,-,-,-,-,-,-
1944313,Aguardando Verificação/Aprovação (NAVA),0,-,-,2025-09-17 12:38:48,17/09/2025 12:38,17/09/2025 12:39,-,0.0 dias,-,-,-,-
1944313,Enviado para o RM (Integração),1,integracao-projetoisp,-,2025-09-17 12:39:18,17/09/2025 12:39,17/09/2025 12:40,-,0.0 dias,-,-,-,-
1944313,Contrato Ativo,2,integracao-projetoisp,-,2025-09-17 12:40:20,17/09/2025 12:40,-,-,-,-,-,-,-
1944283,Aguardando Verificação/Aprovação (NAVA),0,-,-,2025-09-17 12:30:08,17/09/2025 12:30,17/09/2025 12:31,-,0.0 dias,-,-,-,-
1944283,Enviado para o RM (Integração),1,integracao-projetoisp,-,2025-09-17 12:31:58,17/09/2025 12:31,17/09/2025 12:32,-,0.0 dias,-,-,-,-
1944283,Contrato Ativo,2,integracao-projetoisp,-,2025-09-17 12:32:34,17/09/2025 12:32,17/09/2025 12:55,-,0.02 dias,-,-,-,-
1944283,Aguardando Verificação/Aprovação (NAVA),0,integracao-projetoisp,-,2025-09-17 12:55:02,17/09/2025 12:55,17/09/2025 12:56,-,0.0 dias,-,-,-,-
1944283,Contrato Ativo,2,vinicius.alexandre@nava.com.br,-,2025-09-17 12:56:43,17/09/2025 12:56,17/09/2025 12:57,-,0.0 dias,-,-,-,-
1944283,Aguardando Verificação/Aprovação (NAVA),0,vinicius.alexandre@nava.com.br,-,2025-09-17 12:57:42,17/09/2025 12:57,17/09/2025 13:00,-,0.0 dias,-,-,-,-
1944283,Enviado para o RM (Integração),1,integracao-projetoisp,-,2025-09-17 13:00:04,17/09/2025 13:00,17/09/2025 13:01,-,0.0 dias,-,-,-,-
1944283,Contrato Ativo,2,integracao-projetoisp,-,2025-09-17 13:01:07,17/09/2025 13:01,-,-,-,-,-,-,-
1944086,Aguardando Verificação/Aprovação (NAVA),0,-,-,2025-09-17 10:40:03,17/09/2025 10:40,17/09/2025 10:40,-,0.0 dias,-,-,-,-
1944086,Enviado para o RM (Integração),1,integracao-projetoisp,-,2025-09-17 10:40:38,17/09/2025 10:40,17/09/2025 10:41,-,0.0 dias,-,-,-,-
1944086,Contrato Ativo,2,integracao-projetoisp,-,2025-09-17 10:41:10,17/09/2025 10:41,17/09/2025 10:42,-,0.0 dias,-,-,-,-
1944086,Aguardando Verificação/Aprovação (NAVA),0,integracao-projetoisp,-,2025-09-17 10:42:17,17/09/2025 10:42,17/09/2025 10:42,-,0.0 dias,-,-,-,-
1944086,Enviado para o RM (Integração),1,integracao-projetoisp,-,2025-09-17 10:42:26,17/09/2025 10:42,17/09/2025 10:43,-,0.0 dias,-,-,-,-
1944086,Contrato Ativo,2,integracao-projetoisp,-,2025-09-17 10:43:08,17/09/2025 10:43,-,-,-,-,-,-,-
1943928,Aguardando Verificação/Aprovação (NAVA),0,-,-,2025-09-17 09:40:04,17/09/2025 09:40,17/09/2025 09:41,-,0.0 dias,-,-,-,-
1943928,Enviado para o RM (Integração),1,integracao-projetoisp,-,2025-09-17 09:41:51,17/09/2025 09:41,17/09/2025 09:42,-,0.0 dias,-,-,-,-
1943928,Contrato Ativo,2,integracao-projetoisp,-,2025-09-17 09:42:24,17/09/2025 09:42,17/09/2025 09:43,-,0.0 dias,-,-,-,-
1943928,Aguardando Verificação/Aprovação (NAVA),0,integracao-projetoisp,-,2025-09-17 09:43:41,17/09/2025 09:43,17/09/2025 09:44,-,0.0 dias,-,-,-,-
1943928,Enviado para o RM (Integração),1,integracao-projetoisp,-,2025-09-17 09:44:10,17/09/2025 09:44,17/09/2025 09:44,-,0.0 dias,-,-,-,-
1943928,Contrato Ativo,2,integracao-projetoisp,-,2025-09-17 09:44:32,17/09/2025 09:44,-,-,-,-,-,-,-
1943901,Aguardando Verificação/Aprovação (NAVA),0,-,-,2025-09-17 09:29:46,17/09/2025 09:29,17/09/2025 09:31,-,0.0 dias,-,-,-,-
1943901,Enviado para o RM (Integração),1,integracao-projetoisp,-,2025-09-17 09:31:10,17/09/2025 09:31,17/09/2025 09:31,-,0.0 dias,-,-,-,-
1943901,Contrato Ativo,2,integracao-projetoisp,-,2025-09-17 09:31:52,17/09/2025 09:31,17/09/2025 10:05,-,0.02 dias,-,-,-,-
1943901,Aguardando Verificação/Aprovação (NAVA),0,integracao-projetoisp,-,2025-09-17 10:05:39,17/09/2025 10:05,17/09/2025 10:05,-,0.0 dias,-,-,-,-
1943901,Enviado para o RM (Integração),1,integracao-projetoisp,-,2025-09-17 10:05:52,17/09/2025 10:05,17/09/2025 10:06,-,0.0 dias,-,-,-,-
1943901,Contrato Ativo,2,integracao-projetoisp,-,2025-09-17 10:06:23,17/09/2025 10:06,17/09/2025 10:12,-,0.0 dias,-,-,-,-
1943901,Aguardando Verificação/Aprovação (NAVA),0,integracao-projetoisp,-,2025-09-17 10:12:45,17/09/2025 10:12,17/09/2025 10:13,-,0.0 dias,-,-,-,-
1943901,Cancelado,X,thais.roberta@nava.com.br,-,2025-09-17 10:13:05,17/09/2025 10:13,-,-,-,-,-,-,-
1942837,Aguardando Verificação/Aprovação (NAVA),0,-,-,2025-09-16 12:39:52,16/09/2025 12:39,16/09/2025 12:40,-,0.0 dias,-,-,-,-
1942837,Enviado para o RM (Integração),1,integracao-projetoisp,-,2025-09-16 12:40:24,16/09/2025 12:40,16/09/2025 12:41,-,0.0 dias,-,-,-,-
1942837,Contrato Ativo,2,integracao-projetoisp,-,2025-09-16 12:41:07,16/09/2025 12:41,-,-,-,-,-,-,-
1927655,Aguardando Verificação/Aprovação (NAVA),0,-,-,2025-09-04 16:24:40,04/09/2025 16:24,04/09/2025 16:26,-,0.0 dias,-,-,-,-
1927655,Enviado para o RM (Integração),1,integracao-projetoisp,-,2025-09-04 16:26:31,04/09/2025 16:26,04/09/2025 16:27,-,0.0 dias,-,-,-,-
1927655,Contrato Ativo,2,integracao-projetoisp,-,2025-09-04 16:27:51,04/09/2025 16:27,-,-,-,-,-,-,-
1913799,Aguardando Verificação/Aprovação (NAVA),0,-,-,2025-08-28 19:29:13,28/08/2025 19:29,28/08/2025 19:31,-,0.0 dias,-,-,-,-
1913799,Enviado para o RM (Integração),1,integracao-projetoisp,-,2025-08-28 19:31:28,28/08/2025 19:31,28/08/2025 19:31,-,0.0 dias,-,-,-,-
1913799,Contrato Ativo,2,integracao-projetoisp,-,2025-08-28 19:31:41,28/08/2025 19:31,-,-,-,-,-,-,-
1913796,Aguardando Verificação/Aprovação (NAVA),0,-,-,2025-08-28 19:27:52,28/08/2025 19:27,28/08/2025 19:29,-,0.0 dias,-,-,-,-
1913796,Enviado para o RM (Integração),1,integracao-projetoisp,-,2025-08-28 19:29:49,28/08/2025 19:29,28/08/2025 19:30,-,0.0 dias,-,-,-,-
1913796,Contrato Ativo,2,integracao-projetoisp,-,2025-08-28 19:30:16,28/08/2025 19:30,-,-,-,-,-,-,-
1911864,Aguardando Verificação/Aprovação (NAVA),0,-,-,2025-08-27 11:46:21,27/08/2025 11:46,27/08/2025 15:06,-,0.14 dias,-,-,-,-
1911864,Enviado para o RM (Integração),1,integracao-projetoisp,-,2025-08-27 15:06:56,27/08/2025 15:06,27/08/2025 15:07,-,0.0 dias,-,-,-,-
1911864,Contrato Ativo,2,integracao-projetoisp,-,2025-08-27 15:07:24,27/08/2025 15:07,09/09/2025 09:30,-,12.77 dias,-,-,-,-
1911864,Aguardando Verificação/Aprovação (NAVA),0,integracao-projetoisp,-,2025-09-09 09:30:20,09/09/2025 09:30,09/09/2025 09:30,-,0.0 dias,-,-,-,-
1911864,Cancelado,X,thais.roberta@nava.com.br,-,2025-09-09 09:30:38,09/09/2025 09:30,-,-,-,-,-,-,-
1910701,Aguardando Verificação/Aprovação (NAVA),0,-,-,2025-08-26 13:50:39,26/08/2025 13:50,26/08/2025 14:04,-,0.01 dias,-,-,-,-
1910701,Contrato Ativo,2,celiene.pinho@nava.com.br,-,2025-08-26 14:04:25,26/08/2025 14:04,26/08/2025 14:04,-,0.0 dias,-,-,-,-
1910701,Aguardando Verificação/Aprovação (NAVA),0,celiene.pinho@nava.com.br,-,2025-08-26 14:04:39,26/08/2025 14:04,27/08/2025 12:30,-,0.93 dias,-,-,-,-
1910701,Enviado para o RM (Integração),1,integracao-projetoisp,-,2025-08-27 12:30:59,27/08/2025 12:30,27/08/2025 12:31,-,0.0 dias,-,-,-,-
1910701,Contrato Ativo,2,integracao-projetoisp,-,2025-08-27 12:31:18,27/08/2025 12:31,-,-,-,-,-,-,-
1907817,Aguardando Verificação/Aprovação (NAVA),0,-,-,2025-08-25 12:10:59,25/08/2025 12:10,25/08/2025 12:11,-,0.0 dias,-,-,-,-
1907817,Enviado para o RM (Integração),1,integracao-projetoisp,-,2025-08-25 12:11:22,25/08/2025 12:11,25/08/2025 12:11,-,0.0 dias,-,-,-,-
1907817,Contrato Ativo,2,integracao-projetoisp,-,2025-08-25 12:11:28,25/08/2025 12:11,-,-,-,-,-,-,-
1903681,Aguardando Verificação/Aprovação (NAVA),0,-,-,2025-08-21 11:12:29,21/08/2025 11:12,21/08/2025 11:14,-,0.0 dias,-,-,-,-
1903681,Enviado para o RM (Integração),1,integracao-projetoisp,-,2025-08-21 11:14:42,21/08/2025 11:14,21/08/2025 11:15,-,0.0 dias,-,-,-,-
1903681,Contrato Ativo,2,integracao-projetoisp,-,2025-08-21 11:15:02,21/08/2025 11:15,-,-,-,-,-,-,-
1903373,Aguardando Verificação/Aprovação (NAVA),0,-,-,2025-08-21 09:27:09,21/08/2025 09:27,21/08/2025 11:13,-,0.07 dias,-,-,-,-
1903373,Enviado para o RM (Integração),1,integracao-projetoisp,-,2025-08-21 11:13:57,21/08/2025 11:13,21/08/2025 11:14,-,0.0 dias,-,-,-,-
1903373,Contrato Ativo,2,integracao-projetoisp,-,2025-08-21 11:14:13,21/08/2025 11:14,-,-,-,-,-,-,-
1903369,Aguardando Verificação/Aprovação (NAVA),0,-,-,2025-08-21 09:25:42,21/08/2025 09:25,21/08/2025 11:12,-,0.07 dias,-,-,-,-
1903369,Enviado para o RM (Integração),1,integracao-projetoisp,-,2025-08-21 11:12:54,21/08/2025 11:12,21/08/2025 11:13,-,0.0 dias,-,-,-,-
1903369,Contrato Ativo,2,integracao-projetoisp,-,2025-08-21 11:13:12,21/08/2025 11:13,-,-,-,-,-,-,-
1898836,Aguardando Verificação/Aprovação (NAVA),0,-,-,2025-08-20 13:06:10,20/08/2025 13:06,20/08/2025 13:09,-,0.0 dias,-,-,-,-
1898836,Enviado para o RM (Integração),1,integracao-projetoisp,-,2025-08-20 13:09:01,20/08/2025 13:09,20/08/2025 13:09,-,0.0 dias,-,-,-,-
1898836,Contrato Ativo,2,integracao-projetoisp,-,2025-08-20 13:09:30,20/08/2025 13:09,-,-,-,-,-,-,-
1888579,Aguardando Verificação/Aprovação (NAVA),0,-,-,2025-08-18 10:28:47,18/08/2025 10:28,18/08/2025 10:29,-,0.0 dias,-,-,-,-
1888579,Enviado para o RM (Integração),1,integracao-projetoisp,-,2025-08-18 10:29:17,18/08/2025 10:29,18/08/2025 10:29,-,0.0 dias,-,-,-,-
1888579,Contrato Ativo,2,integracao-projetoisp,-,2025-08-18 10:29:44,18/08/2025 10:29,-,-,-,-,-,-,-
1888173,Aguardando Verificação/Aprovação (NAVA),0,-,-,2025-08-18 09:41:53,18/08/2025 09:41,18/08/2025 09:42,-,0.0 dias,-,-,-,-
1888173,Enviado para o RM (Integração),1,integracao-projetoisp,-,2025-08-18 09:42:18,18/08/2025 09:42,18/08/2025 09:42,-,0.0 dias,-,-,-,-
1888173,Contrato Ativo,2,integracao-projetoisp,-,2025-08-18 09:42:43,18/08/2025 09:42,-,-,-,-,-,-,-
1883538,Aguardando Verificação/Aprovação (NAVA),0,-,-,2025-08-13 11:10:41,13/08/2025 11:10,13/08/2025 11:11,-,0.0 dias,-,-,-,-
1883538,Enviado para o RM (Integração),1,integracao-projetoisp,-,2025-08-13 11:11:12,13/08/2025 11:11,13/08/2025 11:11,-,0.0 dias,-,-,-,-
1883538,Contrato Ativo,2,integracao-projetoisp,-,2025-08-13 11:11:45,13/08/2025 11:11,-,-,-,-,-,-,-
1883457,Aguardando Verificação/Aprovação (NAVA),0,-,-,2025-08-13 10:39:57,13/08/2025 10:39,13/08/2025 10:40,-,0.0 dias,-,-,-,-
1883457,Enviado para o RM (Integração),1,integracao-projetoisp,-,2025-08-13 10:40:25,13/08/2025 10:40,13/08/2025 10:40,-,0.0 dias,-,-,-,-
1883457,Contrato Ativo,2,integracao-projetoisp,-,2025-08-13 10:40:55,13/08/2025 10:40,-,-,-,-,-,-,-
1883281,Aguardando Verificação/Aprovação (NAVA),0,-,-,2025-08-13 10:17:49,13/08/2025 10:17,13/08/2025 10:18,-,0.0 dias,-,-,-,-
1883281,Enviado para o RM (Integração),1,integracao-projetoisp,-,2025-08-13 10:18:15,13/08/2025 10:18,13/08/2025 10:18,-,0.0 dias,-,-,-,-
1883281,Contrato Ativo,2,integracao-projetoisp,-,2025-08-13 10:18:48,13/08/2025 10:18,13/08/2025 10:23,-,0.0 dias,-,-,-,-
1883281,Aguardando Verificação/Aprovação (NAVA),0,integracao-projetoisp,-,2025-08-13 10:23:01,13/08/2025 10:23,13/08/2025 10:23,-,0.0 dias,-,-,-,-
1883281,Enviado para o RM (Integração),1,integracao-projetoisp,-,2025-08-13 10:23:07,13/08/2025 10:23,13/08/2025 10:23,-,0.0 dias,-,-,-,-
1883281,Contrato Ativo,2,integracao-projetoisp,-,2025-08-13 10:23:43,13/08/2025 10:23,-,-,-,-,-,-,-
1873719,Aguardando Verificação/Aprovação (NAVA),0,-,-,2025-08-07 13:27:28,07/08/2025 13:27,07/08/2025 13:27,-,0.0 dias,-,-,-,-
1873719,Enviado para o RM (Integração),1,integracao-projetoisp,-,2025-08-07 13:27:51,07/08/2025 13:27,07/08/2025 13:28,-,0.0 dias,-,-,-,-
1873719,Contrato Ativo,2,integracao-projetoisp,-,2025-08-07 13:28:16,07/08/2025 13:28,-,-,-,-,-,-,-
1872903,Aguardando Verificação/Aprovação (NAVA),0,-,-,2025-08-06 16:44:47,06/08/2025 16:44,06/08/2025 16:45,-,0.0 dias,-,-,-,-
1872903,Enviado para o RM (Integração),1,integracao-projetoisp,-,2025-08-06 16:45:08,06/08/2025 16:45,06/08/2025 16:45,-,0.0 dias,-,-,-,-
1872903,Contrato Ativo,2,integracao-projetoisp,-,2025-08-06 16:45:45,06/08/2025 16:45,-,-,-,-,-,-,-
1863535,Aguardando Verificação/Aprovação (NAVA),0,-,-,2025-07-30 12:43:42,30/07/2025 12:43,30/07/2025 12:54,-,0.01 dias,-,-,-,-
1863535,Enviado para o RM (Integração),1,integracao-projetoisp,-,2025-07-30 12:54:39,30/07/2025 12:54,30/07/2025 12:54,-,0.0 dias,-,-,-,-
1863535,Contrato Ativo,2,integracao-projetoisp,-,2025-07-30 12:54:58,30/07/2025 12:54,30/07/2025 14:45,-,0.08 dias,-,-,-,-
1863535,Aguardando Verificação/Aprovação (NAVA),0,integracao-projetoisp,-,2025-07-30 14:45:24,30/07/2025 14:45,30/07/2025 14:47,-,0.0 dias,-,-,-,-
1863535,Enviado para o RM (Integração),1,integracao-projetoisp,-,2025-07-30 14:47:39,30/07/2025 14:47,30/07/2025 14:48,-,0.0 dias,-,-,-,-
1863535,Contrato Ativo,2,integracao-projetoisp,-,2025-07-30 14:48:15,30/07/2025 14:48,-,-,-,-,-,-,-
1863533,Aguardando Verificação/Aprovação (NAVA),0,-,-,2025-07-30 12:42:02,30/07/2025 12:42,30/07/2025 12:55,-,0.01 dias,-,-,-,-
1863533,Enviado para o RM (Integração),1,integracao-projetoisp,-,2025-07-30 12:55:36,30/07/2025 12:55,30/07/2025 12:55,-,0.0 dias,-,-,-,-
1863533,Contrato Ativo,2,integracao-projetoisp,-,2025-07-30 12:55:57,30/07/2025 12:55,-,-,-,-,-,-,-
1861261,Aguardando Verificação/Aprovação (NAVA),0,-,-,2025-07-28 15:58:23,28/07/2025 15:58,28/07/2025 15:59,-,0.0 dias,-,-,-,-
1861261,Enviado para o RM (Integração),1,integracao-projetoisp,-,2025-07-28 15:59:22,28/07/2025 15:59,28/07/2025 15:59,-,0.0 dias,-,-,-,-
1861261,Contrato Ativo,2,integracao-projetoisp,-,2025-07-28 15:59:27,28/07/2025 15:59,06/08/2025 09:26,-,8.73 dias,-,-,-,-
1861261,Aguardando Verificação/Aprovação (NAVA),0,integracao-projetoisp,-,2025-08-06 09:26:54,06/08/2025 09:26,06/08/2025 09:27,-,0.0 dias,-,-,-,-
1861261,Contratos Encerrados,5,gabriels.santos@nava.com.br,-,2025-08-06 09:27:05,06/08/2025 09:27,-,-,-,-,-,-,-
1853146,Aguardando Verificação/Aprovação (NAVA),0,-,-,2025-07-24 11:09:31,24/07/2025 11:09,24/07/2025 11:10,-,0.0 dias,-,-,-,-
1853146,Enviado para o RM (Integração),1,integracao-projetoisp,-,2025-07-24 11:10:40,24/07/2025 11:10,24/07/2025 11:11,-,0.0 dias,-,-,-,-
1853146,Contrato Ativo,2,integracao-projetoisp,-,2025-07-24 11:11:10,24/07/2025 11:11,24/07/2025 11:11,-,0.0 dias,-,-,-,-
1853146,Enviado para o RM (Integração),1,celiene.pinho@nava.com.br,-,2025-07-24 11:11:51,24/07/2025 11:11,05/08/2025 10:53,-,11.99 dias,-,-,-,-
1853146,Contrato Ativo,2,celiene.pinho@nava.com.br,-,2025-08-05 10:53:52,05/08/2025 10:53,-,-,-,-,-,-,-
1852898,Aguardando Verificação/Aprovação (NAVA),0,-,-,2025-07-24 10:33:51,24/07/2025 10:33,24/07/2025 10:34,-,0.0 dias,-,-,-,-
1852898,Enviado para o RM (Integração),1,integracao-projetoisp,-,2025-07-24 10:34:14,24/07/2025 10:34,24/07/2025 10:34,-,0.0 dias,-,-,-,-
1852898,Contrato Ativo,2,integracao-projetoisp,-,2025-07-24 10:34:43,24/07/2025 10:34,31/07/2025 11:17,-,7.03 dias,-,-,-,-
1852898,Aguardando Verificação/Aprovação (NAVA),0,integracao-projetoisp,-,2025-07-31 11:17:51,31/07/2025 11:17,-,-,-,-,-,-,-
1851714,Aguardando Verificação/Aprovação (NAVA),0,-,-,2025-07-23 12:41:45,23/07/2025 12:41,23/07/2025 12:42,-,0.0 dias,-,-,-,-
1851714,Enviado para o RM (Integração),1,integracao-projetoisp,-,2025-07-23 12:42:15,23/07/2025 12:42,23/07/2025 12:42,-,0.0 dias,-,-,-,-
1851714,Contrato Ativo,2,integracao-projetoisp,-,2025-07-23 12:42:34,23/07/2025 12:42,-,-,-,-,-,-,-
1851684,Aguardando Verificação/Aprovação (NAVA),0,-,-,2025-07-23 12:25:43,23/07/2025 12:25,23/07/2025 12:26,-,0.0 dias,-,-,-,-
1851684,Enviado para o RM (Integração),1,integracao-projetoisp,-,2025-07-23 12:26:11,23/07/2025 12:26,23/07/2025 12:26,-,0.0 dias,-,-,-,-
1851684,Contrato Ativo,2,integracao-projetoisp,-,2025-07-23 12:26:29,23/07/2025 12:26,-,-,-,-,-,-,-
1851564,Aguardando Verificação/Aprovação (NAVA),0,-,-,2025-07-23 11:25:56,23/07/2025 11:25,23/07/2025 11:26,-,0.0 dias,-,-,-,-
1851564,Enviado para o RM (Integração),1,integracao-projetoisp,-,2025-07-23 11:26:41,23/07/2025 11:26,23/07/2025 11:27,-,0.0 dias,-,-,-,-
1851564,Contrato Ativo,2,integracao-projetoisp,-,2025-07-23 11:27:02,23/07/2025 11:27,-,-,-,-,-,-,-
1851514,Aguardando Verificação/Aprovação (NAVA),0,-,-,2025-07-23 11:17:29,23/07/2025 11:17,23/07/2025 11:18,-,0.0 dias,-,-,-,-
1851514,Enviado para o RM (Integração),1,integracao-projetoisp,-,2025-07-23 11:18:14,23/07/2025 11:18,23/07/2025 11:19,-,0.0 dias,-,-,-,-
1851514,Contrato Ativo,2,integracao-projetoisp,-,2025-07-23 11:19:19,23/07/2025 11:19,-,-,-,-,-,-,-
1851513,Aguardando Verificação/Aprovação (NAVA),0,-,-,2025-07-23 11:17:09,23/07/2025 11:17,23/07/2025 11:17,-,0.0 dias,-,-,-,-
1851513,Enviado para o RM (Integração),1,integracao-projetoisp,-,2025-07-23 11:17:27,23/07/2025 11:17,23/07/2025 11:17,-,0.0 dias,-,-,-,-
1851513,Contrato Ativo,2,integracao-projetoisp,-,2025-07-23 11:17:46,23/07/2025 11:17,-,-,-,-,-,-,-
1851496,Aguardando Verificação/Aprovação (NAVA),0,-,-,2025-07-23 11:11:38,23/07/2025 11:11,23/07/2025 11:11,-,0.0 dias,-,-,-,-
1851496,Enviado para o RM (Integração),1,integracao-projetoisp,-,2025-07-23 11:11:59,23/07/2025 11:11,23/07/2025 11:12,-,0.0 dias,-,-,-,-
1851496,Contrato Ativo,2,integracao-projetoisp,-,2025-07-23 11:12:22,23/07/2025 11:12,-,-,-,-,-,-,-
1851387,Aguardando Verificação/Aprovação (NAVA),0,-,-,2025-07-23 10:27:43,23/07/2025 10:27,23/07/2025 10:28,-,0.0 dias,-,-,-,-
1851387,Enviado para o RM (Integração),1,integracao-projetoisp,-,2025-07-23 10:28:55,23/07/2025 10:28,23/07/2025 10:29,-,0.0 dias,-,-,-,-
1851387,Contrato Ativo,2,integracao-projetoisp,-,2025-07-23 10:29:17,23/07/2025 10:29,-,-,-,-,-,-,-
1851150,Aguardando Verificação/Aprovação (NAVA),0,-,-,2025-07-23 08:45:48,23/07/2025 08:45,23/07/2025 08:46,-,0.0 dias,-,-,-,-
1851150,Enviado para o RM (Integração),1,integracao-projetoisp,-,2025-07-23 08:46:37,23/07/2025 08:46,23/07/2025 08:47,-,0.0 dias,-,-,-,-
1851150,Contrato Ativo,2,integracao-projetoisp,-,2025-07-23 08:47:08,23/07/2025 08:47,24/07/2025 10:41,-,1.08 dias,-,-,-,-
1851150,Aguardando Verificação/Aprovação (NAVA),0,integracao-projetoisp,-,2025-07-24 10:41:01,24/07/2025 10:41,24/07/2025 11:11,-,0.02 dias,-,-,-,-
1851150,Contrato Ativo,2,celiene.pinho@nava.com.br,-,2025-07-24 11:11:20,24/07/2025 11:11,24/07/2025 11:18,-,0.0 dias,-,-,-,-
1851150,Cancelado,X,vinicius.alexandre@nava.com.br,-,2025-07-24 11:18:13,24/07/2025 11:18,-,-,-,-,-,-,-
1850524,Aguardando Verificação/Aprovação (NAVA),0,-,-,2025-07-22 15:12:38,22/07/2025 15:12,23/07/2025 11:05,-,0.83 dias,-,-,-,-
1850524,Enviado para o RM (Integração),1,integracao-projetoisp,-,2025-07-23 11:05:31,23/07/2025 11:05,23/07/2025 11:05,-,0.0 dias,-,-,-,-
1850524,Contrato Ativo,2,integracao-projetoisp,-,2025-07-23 11:05:51,23/07/2025 11:05,-,-,-,-,-,-,-
1850210,Aguardando Verificação/Aprovação (NAVA),0,-,-,2025-07-22 12:41:30,22/07/2025 12:41,22/07/2025 12:41,-,0.0 dias,-,-,-,-
1850210,Enviado para o RM (Integração),1,integracao-projetoisp,-,2025-07-22 12:41:41,22/07/2025 12:41,22/07/2025 12:42,-,0.0 dias,-,-,-,-
1850210,Contrato Ativo,2,integracao-projetoisp,-,2025-07-22 12:42:13,22/07/2025 12:42,28/08/2025 10:00,-,36.89 dias,-,-,-,-
1850210,Aguardando Verificação/Aprovação (NAVA),0,integracao-projetoisp,-,2025-08-28 10:00:31,28/08/2025 10:00,28/08/2025 10:04,-,0.0 dias,-,-,-,-
1850210,Contratos Encerrados,5,gabriels.santos@nava.com.br,-,2025-08-28 10:04:51,28/08/2025 10:04,-,-,-,-,-,-,-
1849260,Aguardando Verificação/Aprovação (NAVA),0,-,-,2025-07-22 09:45:41,22/07/2025 09:45,22/07/2025 09:46,-,0.0 dias,-,-,-,-
1849260,Enviado para o RM (Integração),1,integracao-projetoisp,-,2025-07-22 09:46:22,22/07/2025 09:46,22/07/2025 09:46,-,0.0 dias,-,-,-,-
1849260,Contrato Ativo,2,integracao-projetoisp,-,2025-07-22 09:46:50,22/07/2025 09:46,-,-,-,-,-,-,-
1849252,Aguardando Verificação/Aprovação (NAVA),0,-,-,2025-07-22 09:42:26,22/07/2025 09:42,22/07/2025 09:51,-,0.01 dias,-,-,-,-
1849252,Enviado para o RM (Integração),1,integracao-projetoisp,-,2025-07-22 09:51:06,22/07/2025 09:51,22/07/2025 09:51,-,0.0 dias,-,-,-,-
1849252,Contrato Ativo,2,integracao-projetoisp,-,2025-07-22 09:51:35,22/07/2025 09:51,-,-,-,-,-,-,-
1843535,Aguardando Verificação/Aprovação (NAVA),0,-,-,2025-07-18 15:47:04,18/07/2025 15:47,18/07/2025 15:47,-,0.0 dias,-,-,-,-
1843535,Enviado para o RM (Integração),1,integracao-projetoisp,-,2025-07-18 15:47:56,18/07/2025 15:47,18/07/2025 15:48,-,0.0 dias,-,-,-,-
1843535,Contrato Ativo,2,integracao-projetoisp,-,2025-07-18 15:48:28,18/07/2025 15:48,-,-,-,-,-,-,-
1843534,Aguardando Verificação/Aprovação (NAVA),0,-,-,2025-07-18 15:47:04,18/07/2025 15:47,18/07/2025 15:57,-,0.01 dias,-,-,-,-
1843534,Cancelado,X,vinicius.alexandre@nava.com.br,-,2025-07-18 15:57:39,18/07/2025 15:57,18/07/2025 15:59,-,0.0 dias,-,-,-,-
1843534,Erro de Importação,E,vinicius.alexandre@nava.com.br,-,2025-07-18 15:59:28,18/07/2025 15:59,18/07/2025 15:59,-,0.0 dias,-,-,-,-
1843534,Cancelado,X,vinicius.alexandre@nava.com.br,-,2025-07-18 15:59:50,18/07/2025 15:59,-,-,-,-,-,-,-
1842231,Aguardando Verificação/Aprovação (NAVA),0,-,-,2025-07-18 11:05:22,18/07/2025 11:05,18/07/2025 11:25,-,0.01 dias,-,-,-,-
1842231,Enviado para o RM (Integração),1,integracao-projetoisp,-,2025-07-18 11:25:21,18/07/2025 11:25,18/07/2025 11:26,-,0.0 dias,-,-,-,-
1842231,Contrato Ativo,2,integracao-projetoisp,-,2025-07-18 11:26:16,18/07/2025 11:26,-,-,-,-,-,-,-
1835508,Aguardando Verificação/Aprovação (NAVA),0,-,-,2025-07-16 15:40:26,16/07/2025 15:40,16/07/2025 15:40,-,0.0 dias,-,-,-,-
1835508,Enviado para o RM (Integração),1,integracao-projetoisp,-,2025-07-16 15:40:52,16/07/2025 15:40,16/07/2025 15:41,-,0.0 dias,-,-,-,-
1835508,Contrato Ativo,2,integracao-projetoisp,-,2025-07-16 15:41:14,16/07/2025 15:41,-,-,-,-,-,-,-
1835462,Aguardando Verificação/Aprovação (NAVA),0,-,-,2025-07-16 15:25:38,16/07/2025 15:25,16/07/2025 15:26,-,0.0 dias,-,-,-,-
1835462,Enviado para o RM (Integração),1,integracao-projetoisp,-,2025-07-16 15:26:37,16/07/2025 15:26,16/07/2025 15:26,-,0.0 dias,-,-,-,-
1835462,Contrato Ativo,2,integracao-projetoisp,-,2025-07-16 15:26:56,16/07/2025 15:26,-,-,-,-,-,-,-
1833071,Aguardando Verificação/Aprovação (NAVA),0,-,-,2025-07-15 15:11:47,15/07/2025 15:11,15/07/2025 15:12,-,0.0 dias,-,-,-,-
1833071,Enviado para o RM (Integração),1,integracao-projetoisp,-,2025-07-15 15:12:16,15/07/2025 15:12,15/07/2025 15:12,-,0.0 dias,-,-,-,-
1833071,Contrato Ativo,2,integracao-projetoisp,-,2025-07-15 15:12:40,15/07/2025 15:12,-,-,-,-,-,-,-
1830827,Aguardando Verificação/Aprovação (NAVA),0,-,-,2025-07-14 14:22:25,14/07/2025 14:22,14/07/2025 14:23,-,0.0 dias,-,-,-,-
1830827,Enviado para o RM (Integração),1,integracao-projetoisp,-,2025-07-14 14:23:36,14/07/2025 14:23,14/07/2025 14:23,-,0.0 dias,-,-,-,-
1830827,Contrato Ativo,2,integracao-projetoisp,-,2025-07-14 14:23:55,14/07/2025 14:23,-,-,-,-,-,-,-
1827851,Aguardando Verificação/Aprovação (NAVA),0,-,-,2025-07-11 16:34:05,11/07/2025 16:34,11/07/2025 16:36,-,0.0 dias,-,-,-,-
1827851,Enviado para o RM (Integração),1,integracao-projetoisp,-,2025-07-11 16:36:45,11/07/2025 16:36,11/07/2025 16:37,-,0.0 dias,-,-,-,-
1827851,Contrato Ativo,2,integracao-projetoisp,-,2025-07-11 16:37:05,11/07/2025 16:37,-,-,-,-,-,-,-
1825503,Aguardando Verificação/Aprovação (NAVA),0,-,-,2025-07-10 16:11:18,10/07/2025 16:11,10/07/2025 16:12,-,0.0 dias,-,-,-,-
1825503,Enviado para o RM (Integração),1,integracao-projetoisp,-,2025-07-10 16:12:12,10/07/2025 16:12,10/07/2025 16:12,-,0.0 dias,-,-,-,-
1825503,Contrato Ativo,2,integracao-projetoisp,-,2025-07-10 16:12:52,10/07/2025 16:12,-,-,-,-,-,-,-
1821111,Aguardando Verificação/Aprovação (NAVA),0,-,-,2025-07-08 16:37:28,08/07/2025 16:37,10/07/2025 16:14,-,1.98 dias,-,-,-,-
1821111,Cancelado,X,celiene.pinho@nava.com.br,-,2025-07-10 16:14:08,10/07/2025 16:14,-,-,-,-,-,-,-
1820712,Aguardando Verificação/Aprovação (NAVA),0,-,-,2025-07-08 14:37:50,08/07/2025 14:37,22/07/2025 11:01,-,13.85 dias,-,-,-,-
1820712,Enviado para o RM (Integração),1,integracao-projetoisp,-,2025-07-22 11:01:33,22/07/2025 11:01,22/07/2025 11:02,-,0.0 dias,-,-,-,-
1820712,Contrato Ativo,2,integracao-projetoisp,-,2025-07-22 11:02:07,22/07/2025 11:02,22/07/2025 11:46,-,0.03 dias,-,-,-,-
1820712,Aguardando Verificação/Aprovação (NAVA),0,integracao-projetoisp,-,2025-07-22 11:46:33,22/07/2025 11:46,22/07/2025 11:46,-,0.0 dias,-,-,-,-
1820712,Enviado para o RM (Integração),1,integracao-projetoisp,-,2025-07-22 11:46:54,22/07/2025 11:46,22/07/2025 11:47,-,0.0 dias,-,-,-,-
1820712,Contrato Ativo,2,integracao-projetoisp,-,2025-07-22 11:47:26,22/07/2025 11:47,-,-,-,-,-,-,-
1820440,Aguardando Verificação/Aprovação (NAVA),0,-,-,2025-07-08 12:21:31,08/07/2025 12:21,08/07/2025 12:21,-,0.0 dias,-,-,-,-
1820440,Enviado para o RM (Integração),1,integracao-projetoisp,-,2025-07-08 12:21:51,08/07/2025 12:21,08/07/2025 12:22,-,0.0 dias,-,-,-,-
1820440,Contrato Ativo,2,integracao-projetoisp,-,2025-07-08 12:22:18,08/07/2025 12:22,08/07/2025 12:26,-,0.0 dias,-,-,-,-
1820440,Aguardando Verificação/Aprovação (NAVA),0,integracao-projetoisp,-,2025-07-08 12:26:34,08/07/2025 12:26,08/07/2025 12:27,-,0.0 dias,-,-,-,-
1820440,Enviado para o RM (Integração),1,integracao-projetoisp,-,2025-07-08 12:27:34,08/07/2025 12:27,08/07/2025 12:27,-,0.0 dias,-,-,-,-
1820440,Contrato Ativo,2,integracao-projetoisp,-,2025-07-08 12:27:39,08/07/2025 12:27,-,-,-,-,-,-,-
1818039,Aguardando Verificação/Aprovação (NAVA),0,-,-,2025-07-07 09:29:14,07/07/2025 09:29,18/07/2025 12:02,-,11.11 dias,-,-,-,-
1818039,Enviado para o RM (Integração),1,integracao-projetoisp,-,2025-07-18 12:02:54,18/07/2025 12:02,18/07/2025 12:03,-,0.0 dias,-,-,-,-
1818039,Contrato Ativo,2,integracao-projetoisp,-,2025-07-18 12:03:54,18/07/2025 12:03,-,-,-,-,-,-,-
1816815,Aguardando Verificação/Aprovação (NAVA),0,-,-,2025-07-04 16:30:57,04/07/2025 16:30,07/07/2025 09:35,-,2.71 dias,-,-,-,-
1816815,Cancelado,X,vinicius.alexandre@nava.com.br,-,2025-07-07 09:35:54,07/07/2025 09:35,-,-,-,-,-,-,-
1816803,Aguardando Verificação/Aprovação (NAVA),0,-,-,2025-07-04 16:24:14,04/07/2025 16:24,07/07/2025 16:31,-,3.01 dias,-,-,-,-
1816803,Cancelado,X,vinicius.alexandre@nava.com.br,-,2025-07-07 16:31:31,07/07/2025 16:31,-,-,-,-,-,-,-
1816698,Aguardando Verificação/Aprovação (NAVA),0,-,-,2025-07-04 15:42:24,04/07/2025 15:42,07/07/2025 09:36,-,2.75 dias,-,-,-,-
1816698,Cancelado,X,vinicius.alexandre@nava.com.br,-,2025-07-07 09:36:21,07/07/2025 09:36,-,-,-,-,-,-,-
1816301,Aguardando Verificação/Aprovação (NAVA),0,-,-,2025-07-04 10:57:55,04/07/2025 10:57,04/07/2025 10:59,-,0.0 dias,-,-,-,-
1816301,Enviado para o RM (Integração),1,integracao-projetoisp,-,2025-07-04 10:59:50,04/07/2025 10:59,04/07/2025 11:00,-,0.0 dias,-,-,-,-
1816301,Contrato Ativo,2,integracao-projetoisp,-,2025-07-04 11:00:21,04/07/2025 11:00,25/07/2025 19:28,-,21.35 dias,-,-,-,-
1816301,Aguardando Verificação/Aprovação (NAVA),0,integracao-projetoisp,-,2025-07-25 19:28:01,25/07/2025 19:28,-,-,-,-,-,-,-
1814181,Aguardando Verificação/Aprovação (NAVA),0,-,-,2025-07-03 11:41:29,03/07/2025 11:41,03/07/2025 11:42,-,0.0 dias,-,-,-,-
1814181,Enviado para o RM (Integração),1,integracao-projetoisp,-,2025-07-03 11:42:33,03/07/2025 11:42,03/07/2025 11:42,-,0.0 dias,-,-,-,-
1814181,Contrato Ativo,2,integracao-projetoisp,-,2025-07-03 11:42:54,03/07/2025 11:42,-,-,-,-,-,-,-
1814147,Aguardando Verificação/Aprovação (NAVA),0,-,-,2025-07-03 11:39:03,03/07/2025 11:39,03/07/2025 11:41,-,0.0 dias,-,-,-,-
1814147,Enviado para o RM (Integração),1,integracao-projetoisp,-,2025-07-03 11:41:12,03/07/2025 11:41,03/07/2025 11:41,-,0.0 dias,-,-,-,-
1814147,Contrato Ativo,2,integracao-projetoisp,-,2025-07-03 11:41:17,03/07/2025 11:41,07/07/2025 09:28,-,3.91 dias,-,-,-,-
1814147,Cancelado,X,celiene.pinho@nava.com.br,-,2025-07-07 09:28:50,07/07/2025 09:28,-,-,-,-,-,-,-
1813500,Aguardando Verificação/Aprovação (NAVA),0,-,-,2025-07-03 10:39:29,03/07/2025 10:39,03/07/2025 10:39,-,0.0 dias,-,-,-,-
1813500,Enviado para o RM (Integração),1,integracao-projetoisp,-,2025-07-03 10:39:50,03/07/2025 10:39,03/07/2025 10:40,-,0.0 dias,-,-,-,-
1813500,Contrato Ativo,2,integracao-projetoisp,-,2025-07-03 10:40:21,03/07/2025 10:40,-,-,-,-,-,-,-
1813151,Aguardando Verificação/Aprovação (NAVA),0,-,-,2025-07-03 10:10:26,03/07/2025 10:10,03/07/2025 10:10,-,0.0 dias,-,-,-,-
1813151,Enviado para o RM (Integração),1,integracao-projetoisp,-,2025-07-03 10:10:59,03/07/2025 10:10,03/07/2025 10:11,-,0.0 dias,-,-,-,-
1813151,Contrato Ativo,2,integracao-projetoisp,-,2025-07-03 10:11:21,03/07/2025 10:11,-,-,-,-,-,-,-
1804754,Aguardando Verificação/Aprovação (NAVA),0,-,-,2025-07-01 11:26:41,01/07/2025 11:26,01/07/2025 11:27,-,0.0 dias,-,-,-,-
1804754,Enviado para o RM (Integração),1,integracao-projetoisp,-,2025-07-01 11:27:29,01/07/2025 11:27,01/07/2025 11:27,-,0.0 dias,-,-,-,-
1804754,Contrato Ativo,2,integracao-projetoisp,-,2025-07-01 11:27:51,01/07/2025 11:27,-,-,-,-,-,-,-
1799293,Aguardando Verificação/Aprovação (NAVA),0,-,-,2025-06-27 17:42:22,27/06/2025 17:42,27/06/2025 17:43,-,0.0 dias,-,-,-,-
1799293,Enviado para o RM (Integração),1,integracao-projetoisp,-,2025-06-27 17:43:32,27/06/2025 17:43,27/06/2025 17:43,-,0.0 dias,-,-,-,-
1799293,Contrato Ativo,2,integracao-projetoisp,-,2025-06-27 17:43:54,27/06/2025 17:43,09/09/2025 09:31,-,73.66 dias,-,-,-,-
1799293,Aguardando Verificação/Aprovação (NAVA),0,integracao-projetoisp,-,2025-09-09 09:31:25,09/09/2025 09:31,09/09/2025 09:33,-,0.0 dias,-,-,-,-
1799293,Enviado para o RM (Integração),1,integracao-projetoisp,-,2025-09-09 09:33:31,09/09/2025 09:33,09/09/2025 09:34,-,0.0 dias,-,-,-,-
1799293,Contrato Ativo,2,integracao-projetoisp,-,2025-09-09 09:34:08,09/09/2025 09:34,-,-,-,-,-,-,-
1799270,Aguardando Verificação/Aprovação (NAVA),0,-,-,2025-06-27 17:33:19,27/06/2025 17:33,27/06/2025 17:34,-,0.0 dias,-,-,-,-
1799270,Enviado para o RM (Integração),1,integracao-projetoisp,-,2025-06-27 17:34:29,27/06/2025 17:34,27/06/2025 17:34,-,0.0 dias,-,-,-,-
1799270,Contrato Ativo,2,integracao-projetoisp,-,2025-06-27 17:34:51,27/06/2025 17:34,27/06/2025 17:40,-,0.0 dias,-,-,-,-
1799270,Cancelado,X,juliana.santos@nava.com.br,-,2025-06-27 17:40:54,27/06/2025 17:40,-,-,-,-,-,-,-
1799235,Aguardando Verificação/Aprovação (NAVA),0,-,-,2025-06-27 17:22:58,27/06/2025 17:22,27/06/2025 17:24,-,0.0 dias,-,-,-,-
1799235,Enviado para o RM (Integração),1,integracao-projetoisp,-,2025-06-27 17:24:33,27/06/2025 17:24,27/06/2025 17:24,-,0.0 dias,-,-,-,-
1799235,Contrato Ativo,2,integracao-projetoisp,-,2025-06-27 17:24:54,27/06/2025 17:24,-,-,-,-,-,-,-
1799164,Aguardando Verificação/Aprovação (NAVA),0,-,-,2025-06-27 16:50:30,27/06/2025 16:50,27/06/2025 16:52,-,0.0 dias,-,-,-,-
1799164,Enviado para o RM (Integração),1,integracao-projetoisp,-,2025-06-27 16:52:28,27/06/2025 16:52,27/06/2025 16:52,-,0.0 dias,-,-,-,-
1799164,Contrato Ativo,2,integracao-projetoisp,-,2025-06-27 16:52:56,27/06/2025 16:52,-,-,-,-,-,-,-
1799163,Aguardando Verificação/Aprovação (NAVA),0,-,-,2025-06-27 16:49:38,27/06/2025 16:49,12/08/2025 11:30,-,45.78 dias,-,-,-,-
1799163,Contratos Encerrados,5,gabriels.santos@nava.com.br,-,2025-08-12 11:30:46,12/08/2025 11:30,-,-,-,-,-,-,-
1799099,Aguardando Verificação/Aprovação (NAVA),0,-,-,2025-06-27 16:23:57,27/06/2025 16:23,27/06/2025 16:25,-,0.0 dias,-,-,-,-
1799099,Enviado para o RM (Integração),1,integracao-projetoisp,-,2025-06-27 16:25:23,27/06/2025 16:25,27/06/2025 16:25,-,0.0 dias,-,-,-,-
1799099,Contrato Ativo,2,integracao-projetoisp,-,2025-06-27 16:25:44,27/06/2025 16:25,-,-,-,-,-,-,-
1798754,Aguardando Verificação/Aprovação (NAVA),0,-,-,2025-06-27 13:26:57,27/06/2025 13:26,27/06/2025 13:27,-,0.0 dias,-,-,-,-
1798754,Enviado para o RM (Integração),1,integracao-projetoisp,-,2025-06-27 13:27:25,27/06/2025 13:27,27/06/2025 13:27,-,0.0 dias,-,-,-,-
1798754,Contrato Ativo,2,integracao-projetoisp,-,2025-06-27 13:27:49,27/06/2025 13:27,-,-,-,-,-,-,-
1794209,Aguardando Verificação/Aprovação (NAVA),0,-,-,2025-06-26 11:33:04,26/06/2025 11:33,26/06/2025 11:33,-,0.0 dias,-,-,-,-
1794209,Enviado para o RM (Integração),1,integracao-projetoisp,-,2025-06-26 11:33:41,26/06/2025 11:33,26/06/2025 11:34,-,0.0 dias,-,-,-,-
1794209,Contrato Ativo,2,integracao-projetoisp,-,2025-06-26 11:34:03,26/06/2025 11:34,-,-,-,-,-,-,-
1793551,Aguardando Verificação/Aprovação (NAVA),0,-,-,2025-06-26 10:11:22,26/06/2025 10:11,26/06/2025 10:12,-,0.0 dias,-,-,-,-
1793551,Enviado para o RM (Integração),1,integracao-projetoisp,-,2025-06-26 10:12:21,26/06/2025 10:12,26/06/2025 10:12,-,0.0 dias,-,-,-,-
1793551,Contrato Ativo,2,integracao-projetoisp,-,2025-06-26 10:12:53,26/06/2025 10:12,26/06/2025 10:21,-,0.01 dias,-,-,-,-
1793551,Aguardando Verificação/Aprovação (NAVA),0,integracao-projetoisp,-,2025-06-26 10:21:27,26/06/2025 10:21,26/06/2025 11:11,-,0.03 dias,-,-,-,-
1793551,Cancelado,X,juliana.santos@nava.com.br,-,2025-06-26 11:11:18,26/06/2025 11:11,-,-,-,-,-,-,-
1792821,Aguardando Verificação/Aprovação (NAVA),0,-,-,2025-06-25 17:17:49,25/06/2025 17:17,25/06/2025 17:27,-,0.01 dias,-,-,-,-
1792821,Enviado para o RM (Integração),1,integracao-projetoisp,-,2025-06-25 17:27:14,25/06/2025 17:27,25/06/2025 17:27,-,0.0 dias,-,-,-,-
1792821,Contrato Ativo,2,integracao-projetoisp,-,2025-06-25 17:27:36,25/06/2025 17:27,-,-,-,-,-,-,-
1788303,Aguardando Verificação/Aprovação (NAVA),0,-,-,2025-06-23 10:09:47,23/06/2025 10:09,01/07/2025 12:21,-,8.09 dias,-,-,-,-
1788303,Contrato Ativo,2,vinicius.alexandre@nava.com.br,-,2025-07-01 12:21:00,01/07/2025 12:21,22/07/2025 12:32,-,21.01 dias,-,-,-,-
1788303,Cancelado,X,vinicius.alexandre@nava.com.br,-,2025-07-22 12:32:25,22/07/2025 12:32,-,-,-,-,-,-,-
1773332,Aguardando Verificação/Aprovação (NAVA),0,-,-,2025-06-13 15:27:09,13/06/2025 15:27,13/06/2025 15:29,-,0.0 dias,-,-,-,-
1773332,Enviado para o RM (Integração),1,integracao-projetoisp,-,2025-06-13 15:29:12,13/06/2025 15:29,13/06/2025 15:29,-,0.0 dias,-,-,-,-
1773332,Contrato Ativo,2,integracao-projetoisp,-,2025-06-13 15:29:35,13/06/2025 15:29,-,-,-,-,-,-,-
1769040,Aguardando Verificação/Aprovação (NAVA),0,-,-,2025-06-11 09:53:52,11/06/2025 09:53,11/06/2025 09:54,-,0.0 dias,-,-,-,-
1769040,Enviado para o RM (Integração),1,integracao-projetoisp,-,2025-06-11 09:54:50,11/06/2025 09:54,11/06/2025 09:55,-,0.0 dias,-,-,-,-
1769040,Contrato Ativo,2,integracao-projetoisp,-,2025-06-11 09:55:15,11/06/2025 09:55,-,-,-,-,-,-,-
1768208,Aguardando Verificação/Aprovação (NAVA),0,-,-,2025-06-10 19:29:16,10/06/2025 19:29,10/06/2025 19:29,-,0.0 dias,-,-,-,-
1768208,Enviado para o RM (Integração),1,integracao-projetoisp,-,2025-06-10 19:29:42,10/06/2025 19:29,10/06/2025 19:30,-,0.0 dias,-,-,-,-
1768208,Contrato Ativo,2,integracao-projetoisp,-,2025-06-10 19:30:06,10/06/2025 19:30,18/07/2025 17:46,-,37.93 dias,-,-,-,-
1768208,Aguardando Verificação/Aprovação (NAVA),0,integracao-projetoisp,-,2025-07-18 17:46:16,18/07/2025 17:46,18/07/2025 17:46,-,0.0 dias,-,-,-,-
1768208,Cancelado,X,celiene.pinho@nava.com.br,-,2025-07-18 17:46:56,18/07/2025 17:46,-,-,-,-,-,-,-
1768184,Aguardando Verificação/Aprovação (NAVA),0,-,-,2025-06-10 19:17:47,10/06/2025 19:17,10/06/2025 19:18,-,0.0 dias,-,-,-,-
1768184,Enviado para o RM (Integração),1,integracao-projetoisp,-,2025-06-10 19:18:21,10/06/2025 19:18,10/06/2025 19:18,-,0.0 dias,-,-,-,-
1768184,Contrato Ativo,2,integracao-projetoisp,-,2025-06-10 19:18:43,10/06/2025 19:18,-,-,-,-,-,-,-
1767899,Aguardando Verificação/Aprovação (NAVA),0,-,-,2025-06-10 16:35:53,10/06/2025 16:35,10/06/2025 16:36,-,0.0 dias,-,-,-,-
1767899,Enviado para o RM (Integração),1,integracao-projetoisp,-,2025-06-10 16:36:18,10/06/2025 16:36,10/06/2025 16:36,-,0.0 dias,-,-,-,-
1767899,Contrato Ativo,2,integracao-projetoisp,-,2025-06-10 16:36:43,10/06/2025 16:36,-,-,-,-,-,-,-
1767765,Aguardando Verificação/Aprovação (NAVA),0,-,-,2025-06-10 15:54:14,10/06/2025 15:54,10/06/2025 15:54,-,0.0 dias,-,-,-,-
1767765,Enviado para o RM (Integração),1,integracao-projetoisp,-,2025-06-10 15:54:43,10/06/2025 15:54,10/06/2025 15:55,-,0.0 dias,-,-,-,-
1767765,Contrato Ativo,2,integracao-projetoisp,-,2025-06-10 15:55:10,10/06/2025 15:55,18/07/2025 17:47,-,38.08 dias,-,-,-,-
1767765,Aguardando Verificação/Aprovação (NAVA),0,integracao-projetoisp,-,2025-07-18 17:47:55,18/07/2025 17:47,18/07/2025 17:48,-,0.0 dias,-,-,-,-
1767765,Contratos Encerrados,5,celiene.pinho@nava.com.br,-,2025-07-18 17:48:16,18/07/2025 17:48,18/07/2025 17:48,-,0.0 dias,-,-,-,-
1767765,Cancelado,X,celiene.pinho@nava.com.br,-,2025-07-18 17:48:20,18/07/2025 17:48,-,-,-,-,-,-,-
1766798,Aguardando Verificação/Aprovação (NAVA),0,-,-,2025-06-10 13:08:05,10/06/2025 13:08,10/06/2025 13:08,-,0.0 dias,-,-,-,-
1766798,Enviado para o RM (Integração),1,integracao-projetoisp,-,2025-06-10 13:08:26,10/06/2025 13:08,10/06/2025 13:09,-,0.0 dias,-,-,-,-
1766798,Contrato Ativo,2,integracao-projetoisp,-,2025-06-10 13:09:18,10/06/2025 13:09,-,-,-,-,-,-,-
1766764,Aguardando Verificação/Aprovação (NAVA),0,-,-,2025-06-10 13:02:08,10/06/2025 13:02,-,-,-,-,-,-,-
1766763,Aguardando Verificação/Aprovação (NAVA),0,-,-,2025-06-10 13:02:07,10/06/2025 13:02,10/06/2025 13:02,-,0.0 dias,-,-,-,-
1766763,Enviado para o RM (Integração),1,integracao-projetoisp,-,2025-06-10 13:02:57,10/06/2025 13:02,10/06/2025 13:03,-,0.0 dias,-,-,-,-
1766763,Contrato Ativo,2,integracao-projetoisp,-,2025-06-10 13:03:56,10/06/2025 13:03,-,-,-,-,-,-,-
1766762,Aguardando Verificação/Aprovação (NAVA),0,-,-,2025-06-10 13:02:07,10/06/2025 13:02,-,-,-,-,-,-,-
1766738,Aguardando Verificação/Aprovação (NAVA),0,-,-,2025-06-10 12:55:16,10/06/2025 12:55,10/06/2025 12:55,-,0.0 dias,-,-,-,-
1766738,Enviado para o RM (Integração),1,integracao-projetoisp,-,2025-06-10 12:55:58,10/06/2025 12:55,10/06/2025 12:56,-,0.0 dias,-,-,-,-
1766738,Contrato Ativo,2,integracao-projetoisp,-,2025-06-10 12:56:25,10/06/2025 12:56,-,-,-,-,-,-,-
1766676,Aguardando Verificação/Aprovação (NAVA),0,-,-,2025-06-10 12:32:25,10/06/2025 12:32,10/06/2025 12:32,-,0.0 dias,-,-,-,-
1766676,Enviado para o RM (Integração),1,integracao-projetoisp,-,2025-06-10 12:32:44,10/06/2025 12:32,10/06/2025 12:33,-,0.0 dias,-,-,-,-
1766676,Contrato Ativo,2,integracao-projetoisp,-,2025-06-10 12:33:14,10/06/2025 12:33,-,-,-,-,-,-,-
1766661,Aguardando Verificação/Aprovação (NAVA),0,-,-,2025-06-10 12:28:04,10/06/2025 12:28,10/06/2025 12:28,-,0.0 dias,-,-,-,-
1766661,Enviado para o RM (Integração),1,integracao-projetoisp,-,2025-06-10 12:28:26,10/06/2025 12:28,10/06/2025 12:28,-,0.0 dias,-,-,-,-
1766661,Contrato Ativo,2,integracao-projetoisp,-,2025-06-10 12:28:50,10/06/2025 12:28,-,-,-,-,-,-,-
1766316,Aguardando Verificação/Aprovação (NAVA),0,-,-,2025-06-10 10:34:31,10/06/2025 10:34,10/06/2025 10:34,-,0.0 dias,-,-,-,-
1766316,Enviado para o RM (Integração),1,integracao-projetoisp,-,2025-06-10 10:34:52,10/06/2025 10:34,10/06/2025 10:35,-,0.0 dias,-,-,-,-
1766316,Contrato Ativo,2,integracao-projetoisp,-,2025-06-10 10:35:19,10/06/2025 10:35,20/08/2025 10:24,-,70.99 dias,-,-,-,-
1766316,Aguardando Verificação/Aprovação (NAVA),0,integracao-projetoisp,-,2025-08-20 10:24:01,20/08/2025 10:24,20/08/2025 10:24,-,0.0 dias,-,-,-,-
1766316,Contratos Encerrados,5,gabriels.santos@nava.com.br,-,2025-08-20 10:24:09,20/08/2025 10:24,-,-,-,-,-,-,-
1764979,Aguardando Verificação/Aprovação (NAVA),0,-,-,2025-06-09 15:37:47,09/06/2025 15:37,09/06/2025 15:38,-,0.0 dias,-,-,-,-
1764979,Enviado para o RM (Integração),1,integracao-projetoisp,-,2025-06-09 15:38:12,09/06/2025 15:38,09/06/2025 15:39,-,0.0 dias,-,-,-,-
1764979,Contrato Ativo,2,integracao-projetoisp,-,2025-06-09 15:39:37,09/06/2025 15:39,-,-,-,-,-,-,-
1763019,Aguardando Verificação/Aprovação (NAVA),0,-,-,2025-06-09 12:01:54,09/06/2025 12:01,-,-,-,-,-,-,-
1760863,Aguardando Verificação/Aprovação (NAVA),0,-,-,2025-06-09 09:15:12,09/06/2025 09:15,09/06/2025 09:15,-,0.0 dias,-,-,-,-
1760863,Enviado para o RM (Integração),1,integracao-projetoisp,-,2025-06-09 09:15:26,09/06/2025 09:15,09/06/2025 09:15,-,0.0 dias,-,-,-,-
1760863,Contrato Ativo,2,integracao-projetoisp,-,2025-06-09 09:15:54,09/06/2025 09:15,08/07/2025 16:58,-,29.32 dias,-,-,-,-
1760863,Aguardando Verificação/Aprovação (NAVA),0,integracao-projetoisp,-,2025-07-08 16:58:24,08/07/2025 16:58,08/07/2025 17:04,-,0.0 dias,-,-,-,-
1760863,Enviado para o RM (Integração),1,integracao-projetoisp,-,2025-07-08 17:04:41,08/07/2025 17:04,08/07/2025 17:05,-,0.0 dias,-,-,-,-
1760863,Contrato Ativo,2,integracao-projetoisp,-,2025-07-08 17:05:14,08/07/2025 17:05,05/08/2025 10:42,-,27.73 dias,-,-,-,-
1760863,Aguardando Verificação/Aprovação (NAVA),0,integracao-projetoisp,-,2025-08-05 10:42:57,05/08/2025 10:42,05/08/2025 10:43,-,0.0 dias,-,-,-,-
1760863,Enviado para o RM (Integração),1,integracao-projetoisp,-,2025-08-05 10:43:19,05/08/2025 10:43,05/08/2025 10:43,-,0.0 dias,-,-,-,-
1760863,Contrato Ativo,2,integracao-projetoisp,-,2025-08-05 10:43:51,05/08/2025 10:43,-,-,-,-,-,-,-
1760612,Aguardando Verificação/Aprovação (NAVA),0,-,-,2025-06-08 12:54:11,08/06/2025 12:54,08/07/2025 16:58,-,30.17 dias,-,-,-,-
1760612,Cancelado,X,celiene.pinho@nava.com.br,-,2025-07-08 16:58:03,08/07/2025 16:58,-,-,-,-,-,-,-
1759869,Aguardando Verificação/Aprovação (NAVA),0,-,-,2025-06-06 17:22:19,06/06/2025 17:22,06/06/2025 17:22,-,0.0 dias,-,-,-,-
1759869,Enviado para o RM (Integração),1,integracao-projetoisp,-,2025-06-06 17:22:38,06/06/2025 17:22,06/06/2025 17:23,-,0.0 dias,-,-,-,-
1759869,Contrato Ativo,2,integracao-projetoisp,-,2025-06-06 17:23:05,06/06/2025 17:23,18/07/2025 17:47,-,42.02 dias,-,-,-,-
1759869,Aguardando Verificação/Aprovação (NAVA),0,integracao-projetoisp,-,2025-07-18 17:47:22,18/07/2025 17:47,18/07/2025 17:47,-,0.0 dias,-,-,-,-
1759869,Cancelado,X,celiene.pinho@nava.com.br,-,2025-07-18 17:47:26,18/07/2025 17:47,-,-,-,-,-,-,-
1759833,Aguardando Verificação/Aprovação (NAVA),0,-,-,2025-06-06 17:09:37,06/06/2025 17:09,06/06/2025 17:15,-,0.0 dias,-,-,-,-
1759833,Enviado para o RM (Integração),1,integracao-projetoisp,-,2025-06-06 17:15:24,06/06/2025 17:15,06/06/2025 17:15,-,0.0 dias,-,-,-,-
1759833,Contrato Ativo,2,integracao-projetoisp,-,2025-06-06 17:15:48,06/06/2025 17:15,-,-,-,-,-,-,-
1759740,Aguardando Verificação/Aprovação (NAVA),0,-,-,2025-06-06 16:13:52,06/06/2025 16:13,06/06/2025 16:14,-,0.0 dias,-,-,-,-
1759740,Enviado para o RM (Integração),1,integracao-projetoisp,-,2025-06-06 16:14:54,06/06/2025 16:14,06/06/2025 16:15,-,0.0 dias,-,-,-,-
1759740,Contrato Ativo,2,integracao-projetoisp,-,2025-06-06 16:15:23,06/06/2025 16:15,-,-,-,-,-,-,-
1759661,Aguardando Verificação/Aprovação (NAVA),0,-,-,2025-06-06 15:24:46,06/06/2025 15:24,18/07/2025 09:57,-,41.77 dias,-,-,-,-
1759661,Cancelado,X,celiene.pinho@nava.com.br,-,2025-07-18 09:57:38,18/07/2025 09:57,18/07/2025 16:18,-,0.26 dias,-,-,-,-
1759661,Contrato Ativo,2,celiene.pinho@nava.com.br,-,2025-07-18 16:18:23,18/07/2025 16:18,18/07/2025 16:19,-,0.0 dias,-,-,-,-
1759661,Cancelado,X,celiene.pinho@nava.com.br,-,2025-07-18 16:19:41,18/07/2025 16:19,-,-,-,-,-,-,-
1759446,Aguardando Verificação/Aprovação (NAVA),0,-,-,2025-06-06 13:29:04,06/06/2025 13:29,06/06/2025 13:29,-,0.0 dias,-,-,-,-
1759446,Enviado para o RM (Integração),1,integracao-projetoisp,-,2025-06-06 13:29:29,06/06/2025 13:29,06/06/2025 13:29,-,0.0 dias,-,-,-,-
1759446,Contrato Ativo,2,integracao-projetoisp,-,2025-06-06 13:29:53,06/06/2025 13:29,-,-,-,-,-,-,-
1759368,Aguardando Verificação/Aprovação (NAVA),0,-,-,2025-06-06 13:12:15,06/06/2025 13:12,06/06/2025 13:13,-,0.0 dias,-,-,-,-
1759368,Enviado para o RM (Integração),1,integracao-projetoisp,-,2025-06-06 13:13:44,06/06/2025 13:13,06/06/2025 13:14,-,0.0 dias,-,-,-,-
1759368,Contrato Ativo,2,integracao-projetoisp,-,2025-06-06 13:14:47,06/06/2025 13:14,06/06/2025 13:14,-,0.0 dias,-,-,-,-
1759368,Erro de Importação,E,integracao-projetoisp,-,2025-06-06 13:14:48,06/06/2025 13:14,06/06/2025 13:17,-,0.0 dias,-,-,-,-
1759368,Contrato Ativo,2,celiene.pinho@nava.com.br,-,2025-06-06 13:17:41,06/06/2025 13:17,-,-,-,-,-,-,-
1759255,Aguardando Verificação/Aprovação (NAVA),0,-,-,2025-06-06 12:30:53,06/06/2025 12:30,06/06/2025 12:31,-,0.0 dias,-,-,-,-
1759255,Enviado para o RM (Integração),1,integracao-projetoisp,-,2025-06-06 12:31:19,06/06/2025 12:31,06/06/2025 12:32,-,0.0 dias,-,-,-,-
1759255,Contrato Ativo,2,integracao-projetoisp,-,2025-06-06 12:32:12,06/06/2025 12:32,-,-,-,-,-,-,-
1759174,Aguardando Verificação/Aprovação (NAVA),0,-,-,2025-06-06 12:00:11,06/06/2025 12:00,06/06/2025 12:00,-,0.0 dias,-,-,-,-
1759174,Enviado para o RM (Integração),1,integracao-projetoisp,-,2025-06-06 12:00:26,06/06/2025 12:00,06/06/2025 12:00,-,0.0 dias,-,-,-,-
1759174,Contrato Ativo,2,integracao-projetoisp,-,2025-06-06 12:00:53,06/06/2025 12:00,06/06/2025 12:01,-,0.0 dias,-,-,-,-
1759174,Aguardando Verificação/Aprovação (NAVA),0,integracao-projetoisp,-,2025-06-06 12:01:46,06/06/2025 12:01,06/06/2025 12:02,-,0.0 dias,-,-,-,-
1759174,Enviado para o RM (Integração),1,integracao-projetoisp,-,2025-06-06 12:02:02,06/06/2025 12:02,06/06/2025 12:02,-,0.0 dias,-,-,-,-
1759174,Contrato Ativo,2,integracao-projetoisp,-,2025-06-06 12:02:25,06/06/2025 12:02,-,-,-,-,-,-,-
1759120,Aguardando Verificação/Aprovação (NAVA),0,-,-,2025-06-06 11:48:55,06/06/2025 11:48,06/06/2025 11:49,-,0.0 dias,-,-,-,-
1759120,Enviado para o RM (Integração),1,integracao-projetoisp,-,2025-06-06 11:49:39,06/06/2025 11:49,06/06/2025 11:50,-,0.0 dias,-,-,-,-
1759120,Contrato Ativo,2,integracao-projetoisp,-,2025-06-06 11:50:14,06/06/2025 11:50,-,-,-,-,-,-,-
1758989,Aguardando Verificação/Aprovação (NAVA),0,-,-,2025-06-06 11:05:38,06/06/2025 11:05,06/06/2025 11:06,-,0.0 dias,-,-,-,-
1758989,Enviado para o RM (Integração),1,integracao-projetoisp,-,2025-06-06 11:06:06,06/06/2025 11:06,06/06/2025 11:06,-,0.0 dias,-,-,-,-
1758989,Contrato Ativo,2,integracao-projetoisp,-,2025-06-06 11:06:30,06/06/2025 11:06,-,-,-,-,-,-,-
1758180,Aguardando Verificação/Aprovação (NAVA),0,-,-,2025-06-05 16:11:17,05/06/2025 16:11,05/06/2025 16:11,-,0.0 dias,-,-,-,-
1758180,Enviado para o RM (Integração),1,integracao-projetoisp,-,2025-06-05 16:11:34,05/06/2025 16:11,05/06/2025 16:12,-,0.0 dias,-,-,-,-
1758180,Contrato Ativo,2,integracao-projetoisp,-,2025-06-05 16:12:28,05/06/2025 16:12,05/06/2025 16:13,-,0.0 dias,-,-,-,-
1758180,Aguardando Verificação/Aprovação (NAVA),0,integracao-projetoisp,-,2025-06-05 16:13:23,05/06/2025 16:13,05/06/2025 16:14,-,0.0 dias,-,-,-,-
1758180,Enviado para o RM (Integração),1,integracao-projetoisp,-,2025-06-05 16:14:09,05/06/2025 16:14,05/06/2025 16:15,-,0.0 dias,-,-,-,-
1758180,Contrato Ativo,2,integracao-projetoisp,-,2025-06-05 16:15:00,05/06/2025 16:15,26/06/2025 11:22,-,20.8 dias,-,-,-,-
1758180,Aguardando Verificação/Aprovação (NAVA),0,integracao-projetoisp,-,2025-06-26 11:22:36,26/06/2025 11:22,26/06/2025 11:23,-,0.0 dias,-,-,-,-
1758180,Enviado para o RM (Integração),1,integracao-projetoisp,-,2025-06-26 11:23:34,26/06/2025 11:23,26/06/2025 11:23,-,0.0 dias,-,-,-,-
1758180,Contrato Ativo,2,integracao-projetoisp,-,2025-06-26 11:23:59,26/06/2025 11:23,-,-,-,-,-,-,-
1758156,Aguardando Verificação/Aprovação (NAVA),0,-,-,2025-06-05 16:06:08,05/06/2025 16:06,05/06/2025 16:06,-,0.0 dias,-,-,-,-
1758156,Enviado para o RM (Integração),1,integracao-projetoisp,-,2025-06-05 16:06:41,05/06/2025 16:06,05/06/2025 16:07,-,0.0 dias,-,-,-,-
1758156,Contrato Ativo,2,integracao-projetoisp,-,2025-06-05 16:07:06,05/06/2025 16:07,26/06/2025 11:27,-,20.81 dias,-,-,-,-
1758156,Aguardando Verificação/Aprovação (NAVA),0,integracao-projetoisp,-,2025-06-26 11:27:06,26/06/2025 11:27,26/06/2025 11:27,-,0.0 dias,-,-,-,-
1758156,Enviado para o RM (Integração),1,integracao-projetoisp,-,2025-06-26 11:27:46,26/06/2025 11:27,26/06/2025 11:28,-,0.0 dias,-,-,-,-
1758156,Contrato Ativo,2,integracao-projetoisp,-,2025-06-26 11:28:18,26/06/2025 11:28,-,-,-,-,-,-,-
1758155,Aguardando Verificação/Aprovação (NAVA),0,-,-,2025-06-05 16:06:07,05/06/2025 16:06,05/06/2025 16:10,-,0.0 dias,-,-,-,-
1758155,Cancelado,X,celiene.pinho@nava.com.br,-,2025-06-05 16:10:24,05/06/2025 16:10,-,-,-,-,-,-,-
1758154,Aguardando Verificação/Aprovação (NAVA),0,-,-,2025-06-05 16:06:07,05/06/2025 16:06,05/06/2025 16:10,-,0.0 dias,-,-,-,-
1758154,Cancelado,X,celiene.pinho@nava.com.br,-,2025-06-05 16:10:14,05/06/2025 16:10,-,-,-,-,-,-,-
1758014,Aguardando Verificação/Aprovação (NAVA),0,-,-,2025-06-05 15:18:32,05/06/2025 15:18,05/06/2025 15:18,-,0.0 dias,-,-,-,-
1758014,Enviado para o RM (Integração),1,integracao-projetoisp,-,2025-06-05 15:18:59,05/06/2025 15:18,05/06/2025 15:19,-,0.0 dias,-,-,-,-
1758014,Contrato Ativo,2,integracao-projetoisp,-,2025-06-05 15:19:21,05/06/2025 15:19,-,-,-,-,-,-,-
1757194,Aguardando Verificação/Aprovação (NAVA),0,-,-,2025-06-05 11:54:02,05/06/2025 11:54,05/06/2025 18:06,-,0.26 dias,-,-,-,-
1757194,Enviado para o RM (Integração),1,integracao-projetoisp,-,2025-06-05 18:06:25,05/06/2025 18:06,05/06/2025 18:07,-,0.0 dias,-,-,-,-
1757194,Contrato Ativo,2,integracao-projetoisp,-,2025-06-05 18:07:45,05/06/2025 18:07,-,-,-,-,-,-,-
1756510,Aguardando Verificação/Aprovação (NAVA),0,-,-,2025-06-05 09:46:10,05/06/2025 09:46,05/06/2025 09:51,-,0.0 dias,-,-,-,-
1756510,Enviado para o RM (Integração),1,integracao-projetoisp,-,2025-06-05 09:51:31,05/06/2025 09:51,05/06/2025 09:53,-,0.0 dias,-,-,-,-
1756510,Contrato Ativo,2,integracao-projetoisp,-,2025-06-05 09:53:09,05/06/2025 09:53,05/06/2025 10:03,-,0.01 dias,-,-,-,-
1756510,Aguardando Verificação/Aprovação (NAVA),0,integracao-projetoisp,-,2025-06-05 10:03:09,05/06/2025 10:03,-,-,-,-,-,-,-
1754701,Aguardando Verificação/Aprovação (NAVA),0,-,-,2025-06-04 12:07:12,04/06/2025 12:07,04/06/2025 12:15,-,0.01 dias,-,-,-,-
1754701,Enviado para o RM (Integração),1,integracao-projetoisp,-,2025-06-04 12:15:06,04/06/2025 12:15,04/06/2025 12:15,-,0.0 dias,-,-,-,-
1754701,Contrato Ativo,2,integracao-projetoisp,-,2025-06-04 12:15:27,04/06/2025 12:15,04/06/2025 12:41,-,0.02 dias,-,-,-,-
1754701,Aguardando Verificação/Aprovação (NAVA),0,integracao-projetoisp,-,2025-06-04 12:41:54,04/06/2025 12:41,04/06/2025 12:42,-,0.0 dias,-,-,-,-
1754701,Enviado para o RM (Integração),1,integracao-projetoisp,-,2025-06-04 12:42:08,04/06/2025 12:42,04/06/2025 12:42,-,0.0 dias,-,-,-,-
1754701,Contrato Ativo,2,integracao-projetoisp,-,2025-06-04 12:42:29,04/06/2025 12:42,-,-,-,-,-,-,-
1754624,Aguardando Verificação/Aprovação (NAVA),0,-,-,2025-06-04 11:32:52,04/06/2025 11:32,04/06/2025 11:33,-,0.0 dias,-,-,-,-
1754624,Enviado para o RM (Integração),1,integracao-projetoisp,-,2025-06-04 11:33:39,04/06/2025 11:33,04/06/2025 11:34,-,0.0 dias,-,-,-,-
1754624,Contrato Ativo,2,integracao-projetoisp,-,2025-06-04 11:34:33,04/06/2025 11:34,04/06/2025 12:02,-,0.02 dias,-,-,-,-
1754624,Aguardando Verificação/Aprovação (NAVA),0,integracao-projetoisp,-,2025-06-04 12:02:21,04/06/2025 12:02,04/06/2025 12:26,-,0.02 dias,-,-,-,-
1754624,Enviado para o RM (Integração),1,integracao-projetoisp,-,2025-06-04 12:26:31,04/06/2025 12:26,04/06/2025 12:27,-,0.0 dias,-,-,-,-
1754624,Contrato Ativo,2,integracao-projetoisp,-,2025-06-04 12:27:22,04/06/2025 12:27,-,-,-,-,-,-,-
1753361,Aguardando Verificação/Aprovação (NAVA),0,-,-,2025-06-03 11:03:20,03/06/2025 11:03,03/06/2025 11:04,-,0.0 dias,-,-,-,-
1753361,Enviado para o RM (Integração),1,integracao-projetoisp,-,2025-06-03 11:04:29,03/06/2025 11:04,03/06/2025 11:04,-,0.0 dias,-,-,-,-
1753361,Contrato Ativo,2,integracao-projetoisp,-,2025-06-03 11:04:35,03/06/2025 11:04,11/09/2025 11:28,-,100.02 dias,-,-,-,-
1753361,Contratos Encerrados,5,gabriels.santos@nava.com.br,-,2025-09-11 11:28:47,11/09/2025 11:28,-,-,-,-,-,-,-
1751503,Aguardando Verificação/Aprovação (NAVA),0,-,-,2025-06-02 11:24:36,02/06/2025 11:24,03/06/2025 10:08,-,0.95 dias,-,-,-,-
1751503,Cancelado,X,thais.roberta@nava.com.br,-,2025-06-03 10:08:13,03/06/2025 10:08,-,-,-,-,-,-,-
1751367,Aguardando Verificação/Aprovação (NAVA),0,-,-,2025-06-02 11:18:50,02/06/2025 11:18,02/06/2025 11:21,-,0.0 dias,-,-,-,-
1751367,Contrato Ativo,2,thais.roberta@nava.com.br,-,2025-06-02 11:21:26,02/06/2025 11:21,02/06/2025 11:22,-,0.0 dias,-,-,-,-
1751367,Aguardando Verificação/Aprovação (NAVA),0,thais.roberta@nava.com.br,-,2025-06-02 11:22:37,02/06/2025 11:22,02/06/2025 11:28,-,0.0 dias,-,-,-,-
1751367,Cancelado,X,thais.roberta@nava.com.br,-,2025-06-02 11:28:40,02/06/2025 11:28,-,-,-,-,-,-,-
1750941,Aguardando Verificação/Aprovação (NAVA),0,-,-,2025-06-02 10:42:47,02/06/2025 10:42,02/06/2025 10:43,-,0.0 dias,-,-,-,-
1750941,Cancelado,X,thais.roberta@nava.com.br,-,2025-06-02 10:43:37,02/06/2025 10:43,24/07/2025 11:17,-,52.02 dias,-,-,-,-
1750941,Contrato Ativo,2,vinicius.alexandre@nava.com.br,-,2025-07-24 11:17:37,24/07/2025 11:17,05/08/2025 10:37,-,11.97 dias,-,-,-,-
1750941,Cancelado,X,vinicius.alexandre@nava.com.br,-,2025-08-05 10:37:27,05/08/2025 10:37,-,-,-,-,-,-,-
1749156,Aguardando Verificação/Aprovação (NAVA),0,-,-,2025-05-31 14:04:42,31/05/2025 14:04,31/05/2025 14:07,-,0.0 dias,-,-,-,-
1749156,Cancelado,X,thais.roberta@nava.com.br,-,2025-05-31 14:07:28,31/05/2025 14:07,-,-,-,-,-,-,-
1742460,Aguardando Verificação/Aprovação (NAVA),0,-,-,2025-05-28 17:14:13,28/05/2025 17:14,03/06/2025 10:39,-,5.73 dias,-,-,-,-
1742460,Cancelado,X,thais.roberta@nava.com.br,-,2025-06-03 10:39:55,03/06/2025 10:39,15/08/2025 10:03,-,72.97 dias,-,-,-,-
1742460,Contratos Encerrados,5,anny.araujo@nava.com.br,-,2025-08-15 10:03:03,15/08/2025 10:03,15/08/2025 10:03,-,0.0 dias,-,-,-,-
1742460,Contrato Ativo,2,anny.araujo@nava.com.br,-,2025-08-15 10:03:12,15/08/2025 10:03,15/08/2025 10:05,-,0.0 dias,-,-,-,-
1742460,Contratos Encerrados,5,anny.araujo@nava.com.br,-,2025-08-15 10:05:09,15/08/2025 10:05,15/08/2025 10:05,-,0.0 dias,-,-,-,-
1742460,Contrato Ativo,2,anny.araujo@nava.com.br,-,2025-08-15 10:05:18,15/08/2025 10:05,15/08/2025 10:06,-,0.0 dias,-,-,-,-
1742460,Cancelado,X,anny.araujo@nava.com.br,-,2025-08-15 10:06:46,15/08/2025 10:06,-,-,-,-,-,-,-
1742439,Aguardando Verificação/Aprovação (NAVA),0,-,-,2025-05-28 17:02:16,28/05/2025 17:02,28/05/2025 17:09,-,0.0 dias,-,-,-,-
1742439,Cancelado,X,thais.roberta@nava.com.br,-,2025-05-28 17:09:23,28/05/2025 17:09,02/06/2025 12:54,-,4.82 dias,-,-,-,-
1742439,Aguardando Verificação/Aprovação (NAVA),0,thais.roberta@nava.com.br,-,2025-06-02 12:54:32,02/06/2025 12:54,03/06/2025 10:40,-,0.91 dias,-,-,-,-
1742439,Cancelado,X,thais.roberta@nava.com.br,-,2025-06-03 10:40:03,03/06/2025 10:40,-,-,-,-,-,-,-
1741885,Aguardando Verificação/Aprovação (NAVA),0,-,-,2025-05-28 15:54:16,28/05/2025 15:54,28/05/2025 15:54,-,0.0 dias,-,-,-,-
1741885,Enviado para o RM (Integração),1,integracao-projetoisp,-,2025-05-28 15:54:46,28/05/2025 15:54,28/05/2025 15:55,-,0.0 dias,-,-,-,-
1741885,Contrato Ativo,2,integracao-projetoisp,-,2025-05-28 15:55:17,28/05/2025 15:55,-,-,-,-,-,-,-
1740869,Aguardando Verificação/Aprovação (NAVA),0,-,-,2025-05-28 10:58:59,28/05/2025 10:58,28/05/2025 11:00,-,0.0 dias,-,-,-,-
1740869,Enviado para o RM (Integração),1,integracao-projetoisp,-,2025-05-28 11:00:12,28/05/2025 11:00,28/05/2025 11:00,-,0.0 dias,-,-,-,-
1740869,Contrato Ativo,2,integracao-projetoisp,-,2025-05-28 11:00:44,28/05/2025 11:00,-,-,-,-,-,-,-
1740848,Aguardando Verificação/Aprovação (NAVA),0,-,-,2025-05-28 10:51:55,28/05/2025 10:51,28/05/2025 10:52,-,0.0 dias,-,-,-,-
1740848,Enviado para o RM (Integração),1,integracao-projetoisp,-,2025-05-28 10:52:34,28/05/2025 10:52,28/05/2025 10:52,-,0.0 dias,-,-,-,-
1740848,Contrato Ativo,2,integracao-projetoisp,-,2025-05-28 10:52:56,28/05/2025 10:52,-,-,-,-,-,-,-
1740824,Aguardando Verificação/Aprovação (NAVA),0,-,-,2025-05-28 10:46:51,28/05/2025 10:46,28/05/2025 10:47,-,0.0 dias,-,-,-,-
1740824,Enviado para o RM (Integração),1,integracao-projetoisp,-,2025-05-28 10:47:52,28/05/2025 10:47,28/05/2025 10:48,-,0.0 dias,-,-,-,-
1740824,Contrato Ativo,2,integracao-projetoisp,-,2025-05-28 10:48:18,28/05/2025 10:48,-,-,-,-,-,-,-
1739337,Aguardando Verificação/Aprovação (NAVA),0,-,-,2025-05-27 11:39:07,27/05/2025 11:39,27/05/2025 11:40,-,0.0 dias,-,-,-,-
1739337,Enviado para o RM (Integração),1,integracao-projetoisp,-,2025-05-27 11:40:18,27/05/2025 11:40,27/05/2025 11:40,-,0.0 dias,-,-,-,-
1739337,Contrato Ativo,2,integracao-projetoisp,-,2025-05-27 11:40:39,27/05/2025 11:40,27/05/2025 12:42,-,0.04 dias,-,-,-,-
1739337,Aguardando Verificação/Aprovação (NAVA),0,integracao-projetoisp,-,2025-05-27 12:42:57,27/05/2025 12:42,27/05/2025 13:12,-,0.02 dias,-,-,-,-
1739337,Enviado para o RM (Integração),1,integracao-projetoisp,-,2025-05-27 13:12:54,27/05/2025 13:12,27/05/2025 13:13,-,0.0 dias,-,-,-,-
1739337,Contrato Ativo,2,integracao-projetoisp,-,2025-05-27 13:13:18,27/05/2025 13:13,-,-,-,-,-,-,-
1738922,Aguardando Verificação/Aprovação (NAVA),0,-,-,2025-05-27 09:35:58,27/05/2025 09:35,27/05/2025 09:36,-,0.0 dias,-,-,-,-
1738922,Enviado para o RM (Integração),1,integracao-projetoisp,-,2025-05-27 09:36:49,27/05/2025 09:36,27/05/2025 09:37,-,0.0 dias,-,-,-,-
1738922,Contrato Ativo,2,integracao-projetoisp,-,2025-05-27 09:37:10,27/05/2025 09:37,-,-,-,-,-,-,-
1738903,Aguardando Verificação/Aprovação (NAVA),0,-,-,2025-05-27 09:31:51,27/05/2025 09:31,27/05/2025 09:32,-,0.0 dias,-,-,-,-
1738903,Enviado para o RM (Integração),1,integracao-projetoisp,-,2025-05-27 09:32:26,27/05/2025 09:32,27/05/2025 09:32,-,0.0 dias,-,-,-,-
1738903,Contrato Ativo,2,integracao-projetoisp,-,2025-05-27 09:32:46,27/05/2025 09:32,-,-,-,-,-,-,-
1738877,Aguardando Verificação/Aprovação (NAVA),0,-,-,2025-05-27 09:25:35,27/05/2025 09:25,27/05/2025 09:25,-,0.0 dias,-,-,-,-
1738877,Enviado para o RM (Integração),1,integracao-projetoisp,-,2025-05-27 09:25:56,27/05/2025 09:25,27/05/2025 09:26,-,0.0 dias,-,-,-,-
1738877,Contrato Ativo,2,integracao-projetoisp,-,2025-05-27 09:26:21,27/05/2025 09:26,-,-,-,-,-,-,-
1738360,Aguardando Verificação/Aprovação (NAVA),0,-,-,2025-05-26 17:15:16,26/05/2025 17:15,26/05/2025 17:16,-,0.0 dias,-,-,-,-
1738360,Enviado para o RM (Integração),1,integracao-projetoisp,-,2025-05-26 17:16:01,26/05/2025 17:16,26/05/2025 17:16,-,0.0 dias,-,-,-,-
1738360,Contrato Ativo,2,integracao-projetoisp,-,2025-05-26 17:16:35,26/05/2025 17:16,-,-,-,-,-,-,-
1737478,Aguardando Verificação/Aprovação (NAVA),0,-,-,2025-05-26 11:29:02,26/05/2025 11:29,26/05/2025 11:29,-,0.0 dias,-,-,-,-
1737478,Enviado para o RM (Integração),1,integracao-projetoisp,-,2025-05-26 11:29:31,26/05/2025 11:29,26/05/2025 11:29,-,0.0 dias,-,-,-,-
1737478,Contrato Ativo,2,integracao-projetoisp,-,2025-05-26 11:29:52,26/05/2025 11:29,-,-,-,-,-,-,-
1737359,Aguardando Verificação/Aprovação (NAVA),0,-,-,2025-05-26 10:41:38,26/05/2025 10:41,26/05/2025 10:41,-,0.0 dias,-,-,-,-
1737359,Enviado para o RM (Integração),1,integracao-projetoisp,-,2025-05-26 10:41:52,26/05/2025 10:41,26/05/2025 10:42,-,0.0 dias,-,-,-,-
1737359,Erro de Importação,E,integracao-projetoisp,-,2025-05-26 10:42:08,26/05/2025 10:42,-,-,-,-,-,-,-
1733109,Aguardando Verificação/Aprovação (NAVA),0,-,-,2025-05-22 10:36:56,22/05/2025 10:36,22/05/2025 10:39,-,0.0 dias,-,-,-,-
1733109,Cancelado,X,celiene.pinho@nava.com.br,-,2025-05-22 10:39:28,22/05/2025 10:39,-,-,-,-,-,-,-
1733048,Aguardando Verificação/Aprovação (NAVA),0,-,-,2025-05-22 10:07:45,22/05/2025 10:07,22/05/2025 10:23,-,0.01 dias,-,-,-,-
1733048,Contrato Ativo,2,celiene.pinho@nava.com.br,-,2025-05-22 10:23:06,22/05/2025 10:23,22/05/2025 10:39,-,0.01 dias,-,-,-,-
1733048,Cancelado,X,celiene.pinho@nava.com.br,-,2025-05-22 10:39:19,22/05/2025 10:39,-,-,-,-,-,-,-
1727308,Aguardando Verificação/Aprovação (NAVA),0,-,-,2025-05-20 15:51:39,20/05/2025 15:51,20/05/2025 15:54,-,0.0 dias,-,-,-,-
1727308,Enviado para o RM (Integração),1,integracao-projetoisp,-,2025-05-20 15:54:48,20/05/2025 15:54,20/05/2025 15:55,-,0.0 dias,-,-,-,-
1727308,Contrato Ativo,2,integracao-projetoisp,-,2025-05-20 15:55:13,20/05/2025 15:55,-,-,-,-,-,-,-
1724188,Aguardando Verificação/Aprovação (NAVA),0,-,-,2025-05-19 17:19:08,19/05/2025 17:19,19/05/2025 17:19,-,0.0 dias,-,-,-,-
1724188,Enviado para o RM (Integração),1,integracao-projetoisp,-,2025-05-19 17:19:29,19/05/2025 17:19,19/05/2025 17:19,-,0.0 dias,-,-,-,-
1724188,Contrato Ativo,2,integracao-projetoisp,-,2025-05-19 17:19:51,19/05/2025 17:19,19/05/2025 17:25,-,0.0 dias,-,-,-,-
1724188,Aguardando Verificação/Aprovação (NAVA),0,integracao-projetoisp,-,2025-05-19 17:25:48,19/05/2025 17:25,19/05/2025 17:26,-,0.0 dias,-,-,-,-
1724188,Enviado para o RM (Integração),1,integracao-projetoisp,-,2025-05-19 17:26:02,19/05/2025 17:26,19/05/2025 17:26,-,0.0 dias,-,-,-,-
1724188,Contrato Ativo,2,integracao-projetoisp,-,2025-05-19 17:26:23,19/05/2025 17:26,-,-,-,-,-,-,-
1722967,Aguardando Verificação/Aprovação (NAVA),0,-,-,2025-05-19 10:29:07,19/05/2025 10:29,19/05/2025 11:15,-,0.03 dias,-,-,-,-
1722967,Enviado para o RM (Integração),1,integracao-projetoisp,-,2025-05-19 11:15:18,19/05/2025 11:15,19/05/2025 11:15,-,0.0 dias,-,-,-,-
1722967,Contrato Ativo,2,integracao-projetoisp,-,2025-05-19 11:15:38,19/05/2025 11:15,19/05/2025 11:18,-,0.0 dias,-,-,-,-
1722967,Aguardando Verificação/Aprovação (NAVA),0,integracao-projetoisp,-,2025-05-19 11:18:09,19/05/2025 11:18,19/05/2025 11:19,-,0.0 dias,-,-,-,-
1722967,Enviado para o RM (Integração),1,integracao-projetoisp,-,2025-05-19 11:19:42,19/05/2025 11:19,19/05/2025 11:20,-,0.0 dias,-,-,-,-
1722967,Contrato Ativo,2,integracao-projetoisp,-,2025-05-19 11:20:01,19/05/2025 11:20,-,-,-,-,-,-,-
1720617,Aguardando Verificação/Aprovação (NAVA),0,-,-,2025-05-16 16:40:03,16/05/2025 16:40,16/05/2025 16:40,-,0.0 dias,-,-,-,-
1720617,Enviado para o RM (Integração),1,integracao-projetoisp,-,2025-05-16 16:40:20,16/05/2025 16:40,16/05/2025 16:40,-,0.0 dias,-,-,-,-
1720617,Erro de Importação,E,integracao-projetoisp,-,2025-05-16 16:40:33,16/05/2025 16:40,-,-,-,-,-,-,-
1720419,Aguardando Verificação/Aprovação (NAVA),0,-,-,2025-05-16 15:08:53,16/05/2025 15:08,16/05/2025 15:10,-,0.0 dias,-,-,-,-
1720419,Enviado para o RM (Integração),1,integracao-projetoisp,-,2025-05-16 15:10:17,16/05/2025 15:10,16/05/2025 15:10,-,0.0 dias,-,-,-,-
1720419,Contrato Ativo,2,integracao-projetoisp,-,2025-05-16 15:10:46,16/05/2025 15:10,16/05/2025 15:19,-,0.01 dias,-,-,-,-
1720419,Aguardando Verificação/Aprovação (NAVA),0,integracao-projetoisp,-,2025-05-16 15:19:00,16/05/2025 15:19,09/06/2025 12:03,-,23.86 dias,-,-,-,-
1720419,Cancelado,X,admin-ale,-,2025-06-09 12:03:42,09/06/2025 12:03,-,-,-,-,-,-,-
1720033,Aguardando Verificação/Aprovação (NAVA),0,-,-,2025-05-16 11:42:57,16/05/2025 11:42,16/05/2025 11:43,-,0.0 dias,-,-,-,-
1720033,Enviado para o RM (Integração),1,integracao-projetoisp,-,2025-05-16 11:43:32,16/05/2025 11:43,16/05/2025 11:43,-,0.0 dias,-,-,-,-
1720033,Erro de Importação,E,integracao-projetoisp,-,2025-05-16 11:43:45,16/05/2025 11:43,16/05/2025 11:46,-,0.0 dias,-,-,-,-
1720033,Contrato Ativo,2,celiene.pinho@nava.com.br,-,2025-05-16 11:46:46,16/05/2025 11:46,16/05/2025 11:48,-,0.0 dias,-,-,-,-
1720033,Erro de Importação,E,celiene.pinho@nava.com.br,-,2025-05-16 11:48:17,16/05/2025 11:48,-,-,-,-,-,-,-
1719745,Aguardando Verificação/Aprovação (NAVA),0,-,-,2025-05-16 09:23:04,16/05/2025 09:23,16/05/2025 09:26,-,0.0 dias,-,-,-,-
1719745,Cancelado,X,thais.roberta@nava.com.br,-,2025-05-16 09:26:33,16/05/2025 09:26,16/05/2025 09:33,-,0.0 dias,-,-,-,-
1719745,Contrato Ativo,2,thais.roberta@nava.com.br,-,2025-05-16 09:33:41,16/05/2025 09:33,16/05/2025 09:34,-,0.0 dias,-,-,-,-
1719745,Aguardando Verificação/Aprovação (NAVA),0,thais.roberta@nava.com.br,-,2025-05-16 09:34:57,16/05/2025 09:34,16/05/2025 09:50,-,0.01 dias,-,-,-,-
1719745,Cancelado,X,thais.roberta@nava.com.br,-,2025-05-16 09:50:01,16/05/2025 09:50,-,-,-,-,-,-,-
1719350,Aguardando Verificação/Aprovação (NAVA),0,-,-,2025-05-15 17:20:10,15/05/2025 17:20,15/05/2025 17:24,-,0.0 dias,-,-,-,-
1719350,Enviado para o RM (Integração),1,integracao-projetoisp,-,2025-05-15 17:24:46,15/05/2025 17:24,15/05/2025 17:25,-,0.0 dias,-,-,-,-
1719350,Contrato Ativo,2,integracao-projetoisp,-,2025-05-15 17:25:15,15/05/2025 17:25,15/05/2025 17:27,-,0.0 dias,-,-,-,-
1719350,Aguardando Verificação/Aprovação (NAVA),0,integracao-projetoisp,-,2025-05-15 17:27:35,15/05/2025 17:27,09/06/2025 12:03,-,24.77 dias,-,-,-,-
1719350,Cancelado,X,admin-ale,-,2025-06-09 12:03:10,09/06/2025 12:03,-,-,-,-,-,-,-
1719140,Aguardando Verificação/Aprovação (NAVA),0,-,-,2025-05-15 15:45:03,15/05/2025 15:45,15/05/2025 15:45,-,0.0 dias,-,-,-,-
1719140,Enviado para o RM (Integração),1,integracao-projetoisp,-,2025-05-15 15:45:37,15/05/2025 15:45,15/05/2025 15:45,-,0.0 dias,-,-,-,-
1719140,Erro de Importação,E,integracao-projetoisp,-,2025-05-15 15:45:51,15/05/2025 15:45,15/05/2025 20:54,-,0.21 dias,-,-,-,-
1719140,Aguardando Verificação/Aprovação (NAVA),0,admin-ale,-,2025-05-15 20:54:15,15/05/2025 20:54,15/05/2025 20:54,-,0.0 dias,-,-,-,-
1719140,Enviado para o RM (Integração),1,integracao-projetoisp,-,2025-05-15 20:54:23,15/05/2025 20:54,15/05/2025 20:54,-,0.0 dias,-,-,-,-
1719140,Erro de Importação,E,integracao-projetoisp,-,2025-05-15 20:54:37,15/05/2025 20:54,15/05/2025 20:57,-,0.0 dias,-,-,-,-
1719140,Aguardando Verificação/Aprovação (NAVA),0,admin-ale,-,2025-05-15 20:57:58,15/05/2025 20:57,15/05/2025 20:58,-,0.0 dias,-,-,-,-
1719140,Enviado para o RM (Integração),1,integracao-projetoisp,-,2025-05-15 20:58:21,15/05/2025 20:58,15/05/2025 20:58,-,0.0 dias,-,-,-,-
1719140,Erro de Importação,E,integracao-projetoisp,-,2025-05-15 20:58:34,15/05/2025 20:58,16/05/2025 10:57,-,0.58 dias,-,-,-,-
1719140,Aguardando Verificação/Aprovação (NAVA),0,carlos@zapform.com.br,-,2025-05-16 10:57:32,16/05/2025 10:57,16/05/2025 10:57,-,0.0 dias,-,-,-,-
1719140,Enviado para o RM (Integração),1,integracao-projetoisp,-,2025-05-16 10:57:40,16/05/2025 10:57,16/05/2025 10:57,-,0.0 dias,-,-,-,-
1719140,Erro de Importação,E,integracao-projetoisp,-,2025-05-16 10:57:53,16/05/2025 10:57,16/05/2025 11:00,-,0.0 dias,-,-,-,-
1719140,Aguardando Verificação/Aprovação (NAVA),0,carlos@zapform.com.br,-,2025-05-16 11:00:21,16/05/2025 11:00,16/05/2025 11:00,-,0.0 dias,-,-,-,-
1719140,Enviado para o RM (Integração),1,integracao-projetoisp,-,2025-05-16 11:00:32,16/05/2025 11:00,16/05/2025 11:00,-,0.0 dias,-,-,-,-
1719140,Erro de Importação,E,integracao-projetoisp,-,2025-05-16 11:00:46,16/05/2025 11:00,26/05/2025 10:25,-,9.98 dias,-,-,-,-
1719140,Aguardando Verificação/Aprovação (NAVA),0,admin-ale,-,2025-05-26 10:25:31,26/05/2025 10:25,26/05/2025 10:25,-,0.0 dias,-,-,-,-
1719140,Enviado para o RM (Integração),1,integracao-projetoisp,-,2025-05-26 10:25:42,26/05/2025 10:25,26/05/2025 10:25,-,0.0 dias,-,-,-,-
1719140,Erro de Importação,E,integracao-projetoisp,-,2025-05-26 10:25:58,26/05/2025 10:25,26/05/2025 10:30,-,0.0 dias,-,-,-,-
1719140,Aguardando Verificação/Aprovação (NAVA),0,admin-ale,-,2025-05-26 10:30:27,26/05/2025 10:30,26/05/2025 10:30,-,0.0 dias,-,-,-,-
1719140,Enviado para o RM (Integração),1,integracao-projetoisp,-,2025-05-26 10:30:35,26/05/2025 10:30,26/05/2025 10:30,-,0.0 dias,-,-,-,-
1719140,Erro de Importação,E,integracao-projetoisp,-,2025-05-26 10:30:49,26/05/2025 10:30,26/05/2025 10:40,-,0.01 dias,-,-,-,-
1719140,Cancelado,X,admin-ale,-,2025-05-26 10:40:17,26/05/2025 10:40,-,-,-,-,-,-,-
1716111,Aguardando Verificação/Aprovação (NAVA),0,-,-,2025-05-13 15:28:39,13/05/2025 15:28,13/05/2025 15:29,-,0.0 dias,-,-,-,-
1716111,Enviado para o RM (Integração),1,integracao-projetoisp,-,2025-05-13 15:29:26,13/05/2025 15:29,13/05/2025 15:29,-,0.0 dias,-,-,-,-
1716111,Contrato Ativo,2,integracao-projetoisp,-,2025-05-13 15:29:54,13/05/2025 15:29,13/05/2025 15:34,-,0.0 dias,-,-,-,-
1716111,Aguardando Verificação/Aprovação (NAVA),0,integracao-projetoisp,-,2025-05-13 15:34:20,13/05/2025 15:34,13/05/2025 15:37,-,0.0 dias,-,-,-,-
1716111,Enviado para o RM (Integração),1,integracao-projetoisp,-,2025-05-13 15:37:27,13/05/2025 15:37,13/05/2025 15:37,-,0.0 dias,-,-,-,-
1716111,Contrato Ativo,2,integracao-projetoisp,-,2025-05-13 15:37:51,13/05/2025 15:37,-,-,-,-,-,-,-
1714755,Aguardando Verificação/Aprovação (NAVA),0,-,-,2025-05-12 16:50:40,12/05/2025 16:50,12/05/2025 16:52,-,0.0 dias,-,-,-,-
1714755,Enviado para o RM (Integração),1,integracao-projetoisp,-,2025-05-12 16:52:25,12/05/2025 16:52,12/05/2025 16:52,-,0.0 dias,-,-,-,-
1714755,Contrato Ativo,2,integracao-projetoisp,-,2025-05-12 16:52:45,12/05/2025 16:52,-,-,-,-,-,-,-
1714739,Aguardando Verificação/Aprovação (NAVA),0,-,-,2025-05-12 16:45:53,12/05/2025 16:45,12/05/2025 16:46,-,0.0 dias,-,-,-,-
1714739,Enviado para o RM (Integração),1,integracao-projetoisp,-,2025-05-12 16:46:27,12/05/2025 16:46,12/05/2025 16:46,-,0.0 dias,-,-,-,-
1714739,Erro de Importação,E,integracao-projetoisp,-,2025-05-12 16:46:37,12/05/2025 16:46,12/05/2025 16:48,-,0.0 dias,-,-,-,-
1714739,Contrato Ativo,2,celiene.pinho@nava.com.br,-,2025-05-12 16:48:35,12/05/2025 16:48,12/05/2025 16:49,-,0.0 dias,-,-,-,-
1714739,Erro de Importação,E,celiene.pinho@nava.com.br,-,2025-05-12 16:49:00,12/05/2025 16:49,-,-,-,-,-,-,-
1714471,Aguardando Verificação/Aprovação (NAVA),0,-,-,2025-05-12 15:08:30,12/05/2025 15:08,12/05/2025 15:09,-,0.0 dias,-,-,-,-
1714471,Enviado para o RM (Integração),1,integracao-projetoisp,-,2025-05-12 15:09:05,12/05/2025 15:09,12/05/2025 15:09,-,0.0 dias,-,-,-,-
1714471,Contrato Ativo,2,integracao-projetoisp,-,2025-05-12 15:09:28,12/05/2025 15:09,12/05/2025 15:13,-,0.0 dias,-,-,-,-
1714471,Aguardando Verificação/Aprovação (NAVA),0,integracao-projetoisp,-,2025-05-12 15:13:14,12/05/2025 15:13,12/05/2025 15:13,-,0.0 dias,-,-,-,-
1714471,Enviado para o RM (Integração),1,integracao-projetoisp,-,2025-05-12 15:13:46,12/05/2025 15:13,12/05/2025 15:14,-,0.0 dias,-,-,-,-
1714471,Contrato Ativo,2,integracao-projetoisp,-,2025-05-12 15:14:08,12/05/2025 15:14,12/05/2025 15:15,-,0.0 dias,-,-,-,-
1714471,Aguardando Verificação/Aprovação (NAVA),0,integracao-projetoisp,-,2025-05-12 15:15:29,12/05/2025 15:15,12/05/2025 15:15,-,0.0 dias,-,-,-,-
1714471,Enviado para o RM (Integração),1,integracao-projetoisp,-,2025-05-12 15:15:54,12/05/2025 15:15,12/05/2025 15:16,-,0.0 dias,-,-,-,-
1714471,Contrato Ativo,2,integracao-projetoisp,-,2025-05-12 15:16:17,12/05/2025 15:16,-,-,-,-,-,-,-
1714413,Aguardando Verificação/Aprovação (NAVA),0,-,-,2025-05-12 14:48:55,12/05/2025 14:48,12/05/2025 14:49,-,0.0 dias,-,-,-,-
1714413,Enviado para o RM (Integração),1,integracao-projetoisp,-,2025-05-12 14:49:20,12/05/2025 14:49,12/05/2025 14:49,-,0.0 dias,-,-,-,-
1714413,Contrato Ativo,2,integracao-projetoisp,-,2025-05-12 14:49:41,12/05/2025 14:49,-,-,-,-,-,-,-
1714381,Aguardando Verificação/Aprovação (NAVA),0,-,-,2025-05-12 14:39:39,12/05/2025 14:39,12/05/2025 14:39,-,0.0 dias,-,-,-,-
1714381,Enviado para o RM (Integração),1,integracao-projetoisp,-,2025-05-12 14:39:49,12/05/2025 14:39,12/05/2025 14:40,-,0.0 dias,-,-,-,-
1714381,Contrato Ativo,2,integracao-projetoisp,-,2025-05-12 14:40:17,12/05/2025 14:40,-,-,-,-,-,-,-
1713395,Aguardando Verificação/Aprovação (NAVA),0,-,-,2025-05-12 11:40:49,12/05/2025 11:40,12/05/2025 11:41,-,0.0 dias,-,-,-,-
1713395,Enviado para o RM (Integração),1,integracao-projetoisp,-,2025-05-12 11:41:30,12/05/2025 11:41,12/05/2025 11:41,-,0.0 dias,-,-,-,-
1713395,Contrato Ativo,2,integracao-projetoisp,-,2025-05-12 11:41:52,12/05/2025 11:41,-,-,-,-,-,-,-
1709713,Aguardando Verificação/Aprovação (NAVA),0,-,-,2025-05-09 12:48:44,09/05/2025 12:48,09/05/2025 12:49,-,0.0 dias,-,-,-,-
1709713,Enviado para o RM (Integração),1,integracao-projetoisp,-,2025-05-09 12:49:09,09/05/2025 12:49,09/05/2025 12:49,-,0.0 dias,-,-,-,-
1709713,Contrato Ativo,2,integracao-projetoisp,-,2025-05-09 12:49:32,09/05/2025 12:49,01/07/2025 11:33,-,52.95 dias,-,-,-,-
1709713,Cancelado,X,thais.roberta@nava.com.br,-,2025-07-01 11:33:10,01/07/2025 11:33,-,-,-,-,-,-,-
1705397,Aguardando Verificação/Aprovação (NAVA),0,-,-,2025-05-07 11:12:21,07/05/2025 11:12,07/05/2025 11:13,-,0.0 dias,-,-,-,-
1705397,Enviado para o RM (Integração),1,integracao-projetoisp,-,2025-05-07 11:13:00,07/05/2025 11:13,07/05/2025 11:13,-,0.0 dias,-,-,-,-
1705397,Contrato Ativo,2,integracao-projetoisp,-,2025-05-07 11:13:26,07/05/2025 11:13,07/05/2025 11:15,-,0.0 dias,-,-,-,-
1705397,Aguardando Verificação/Aprovação (NAVA),0,integracao-projetoisp,-,2025-05-07 11:15:59,07/05/2025 11:15,07/05/2025 11:17,-,0.0 dias,-,-,-,-
1705397,Enviado para o RM (Integração),1,integracao-projetoisp,-,2025-05-07 11:17:16,07/05/2025 11:17,07/05/2025 11:17,-,0.0 dias,-,-,-,-
1705397,Contrato Ativo,2,integracao-projetoisp,-,2025-05-07 11:17:38,07/05/2025 11:17,-,-,-,-,-,-,-
1704212,Aguardando Verificação/Aprovação (NAVA),0,-,-,2025-05-07 09:00:37,07/05/2025 09:00,07/05/2025 09:01,-,0.0 dias,-,-,-,-
1704212,Enviado para o RM (Integração),1,integracao-projetoisp,-,2025-05-07 09:01:04,07/05/2025 09:01,07/05/2025 09:01,-,0.0 dias,-,-,-,-
1704212,Contrato Ativo,2,integracao-projetoisp,-,2025-05-07 09:01:33,07/05/2025 09:01,-,-,-,-,-,-,-
1702639,Aguardando Verificação/Aprovação (NAVA),0,-,-,2025-05-06 11:10:47,06/05/2025 11:10,06/05/2025 11:11,-,0.0 dias,-,-,-,-
1702639,Enviado para o RM (Integração),1,integracao-projetoisp,-,2025-05-06 11:11:54,06/05/2025 11:11,06/05/2025 11:12,-,0.0 dias,-,-,-,-
1702639,Contrato Ativo,2,integracao-projetoisp,-,2025-05-06 11:12:24,06/05/2025 11:12,-,-,-,-,-,-,-
1702638,Aguardando Verificação/Aprovação (NAVA),0,-,-,2025-05-06 11:10:46,06/05/2025 11:10,22/07/2025 10:39,-,76.98 dias,-,-,-,-
1702638,Cancelado,X,vinicius.alexandre@nava.com.br,-,2025-07-22 10:39:19,22/07/2025 10:39,-,-,-,-,-,-,-
1700742,Aguardando Verificação/Aprovação (NAVA),0,-,-,2025-05-05 16:50:16,05/05/2025 16:50,06/05/2025 11:20,-,0.77 dias,-,-,-,-
1700742,Enviado para o RM (Integração),1,integracao-projetoisp,-,2025-05-06 11:20:47,06/05/2025 11:20,06/05/2025 11:23,-,0.0 dias,-,-,-,-
1700742,Contrato Ativo,2,integracao-projetoisp,-,2025-05-06 11:23:15,06/05/2025 11:23,26/05/2025 12:26,-,20.04 dias,-,-,-,-
1700742,Aguardando Verificação/Aprovação (NAVA),0,integracao-projetoisp,-,2025-05-26 12:26:41,26/05/2025 12:26,26/05/2025 12:26,-,0.0 dias,-,-,-,-
1700742,Cancelado,X,celiene.pinho@nava.com.br,-,2025-05-26 12:26:52,26/05/2025 12:26,-,-,-,-,-,-,-
1700697,Aguardando Verificação/Aprovação (NAVA),0,-,-,2025-05-05 16:36:48,05/05/2025 16:36,06/05/2025 11:40,-,0.79 dias,-,-,-,-
1700697,Enviado para o RM (Integração),1,integracao-projetoisp,-,2025-05-06 11:40:31,06/05/2025 11:40,06/05/2025 11:41,-,0.0 dias,-,-,-,-
1700697,Contrato Ativo,2,integracao-projetoisp,-,2025-05-06 11:41:00,06/05/2025 11:41,06/08/2025 09:36,-,91.91 dias,-,-,-,-
1700697,Aguardando Verificação/Aprovação (NAVA),0,integracao-projetoisp,-,2025-08-06 09:36:25,06/08/2025 09:36,06/08/2025 09:36,-,0.0 dias,-,-,-,-
1700697,Contratos Encerrados,5,gabriels.santos@nava.com.br,-,2025-08-06 09:36:46,06/08/2025 09:36,-,-,-,-,-,-,-
1700693,Aguardando Verificação/Aprovação (NAVA),0,-,-,2025-05-05 16:36:26,05/05/2025 16:36,06/05/2025 11:39,-,0.79 dias,-,-,-,-
1700693,Enviado para o RM (Integração),1,integracao-projetoisp,-,2025-05-06 11:39:35,06/05/2025 11:39,06/05/2025 11:40,-,0.0 dias,-,-,-,-
1700693,Contrato Ativo,2,integracao-projetoisp,-,2025-05-06 11:40:08,06/05/2025 11:40,06/08/2025 09:37,-,91.92 dias,-,-,-,-
1700693,Aguardando Verificação/Aprovação (NAVA),0,integracao-projetoisp,-,2025-08-06 09:37:53,06/08/2025 09:37,06/08/2025 09:38,-,0.0 dias,-,-,-,-
1700693,Contratos Encerrados,5,gabriels.santos@nava.com.br,-,2025-08-06 09:38:06,06/08/2025 09:38,-,-,-,-,-,-,-
1700690,Aguardando Verificação/Aprovação (NAVA),0,-,-,2025-05-05 16:36:02,05/05/2025 16:36,06/05/2025 11:38,-,0.79 dias,-,-,-,-
1700690,Enviado para o RM (Integração),1,integracao-projetoisp,-,2025-05-06 11:38:39,06/05/2025 11:38,06/05/2025 11:39,-,0.0 dias,-,-,-,-
1700690,Contrato Ativo,2,integracao-projetoisp,-,2025-05-06 11:39:17,06/05/2025 11:39,10/06/2025 15:05,-,35.14 dias,-,-,-,-
1700690,Aguardando Verificação/Aprovação (NAVA),0,integracao-projetoisp,-,2025-06-10 15:05:23,10/06/2025 15:05,10/06/2025 15:05,-,0.0 dias,-,-,-,-
1700690,Enviado para o RM (Integração),1,integracao-projetoisp,-,2025-06-10 15:05:43,10/06/2025 15:05,10/06/2025 15:06,-,0.0 dias,-,-,-,-
1700690,Contrato Ativo,2,integracao-projetoisp,-,2025-06-10 15:06:07,10/06/2025 15:06,-,-,-,-,-,-,-
1700686,Aguardando Verificação/Aprovação (NAVA),0,-,-,2025-05-05 16:35:37,05/05/2025 16:35,06/05/2025 11:37,-,0.79 dias,-,-,-,-
1700686,Enviado para o RM (Integração),1,integracao-projetoisp,-,2025-05-06 11:37:43,06/05/2025 11:37,06/05/2025 11:38,-,0.0 dias,-,-,-,-
1700686,Contrato Ativo,2,integracao-projetoisp,-,2025-05-06 11:38:27,06/05/2025 11:38,19/05/2025 13:48,-,13.09 dias,-,-,-,-
1700686,Aguardando Verificação/Aprovação (NAVA),0,integracao-projetoisp,-,2025-05-19 13:48:06,19/05/2025 13:48,19/05/2025 13:49,-,0.0 dias,-,-,-,-
1700686,Cancelado,X,celiene.pinho@nava.com.br,-,2025-05-19 13:49:02,19/05/2025 13:49,-,-,-,-,-,-,-
1700682,Aguardando Verificação/Aprovação (NAVA),0,-,-,2025-05-05 16:35:12,05/05/2025 16:35,06/05/2025 11:36,-,0.79 dias,-,-,-,-
1700682,Enviado para o RM (Integração),1,integracao-projetoisp,-,2025-05-06 11:36:46,06/05/2025 11:36,06/05/2025 11:37,-,0.0 dias,-,-,-,-
1700682,Contrato Ativo,2,integracao-projetoisp,-,2025-05-06 11:37:25,06/05/2025 11:37,31/05/2025 12:21,-,25.03 dias,-,-,-,-
1700682,Aguardando Verificação/Aprovação (NAVA),0,integracao-projetoisp,-,2025-05-31 12:21:57,31/05/2025 12:21,31/05/2025 12:28,-,0.0 dias,-,-,-,-
1700682,Enviado para o RM (Integração),1,integracao-projetoisp,-,2025-05-31 12:28:10,31/05/2025 12:28,31/05/2025 12:28,-,0.0 dias,-,-,-,-
1700682,Contrato Ativo,2,integracao-projetoisp,-,2025-05-31 12:28:35,31/05/2025 12:28,29/08/2025 10:03,-,89.9 dias,-,-,-,-
1700682,Aguardando Verificação/Aprovação (NAVA),0,integracao-projetoisp,-,2025-08-29 10:03:53,29/08/2025 10:03,29/08/2025 10:04,-,0.0 dias,-,-,-,-
1700682,Contratos Encerrados,5,celiene.pinho@nava.com.br,-,2025-08-29 10:04:02,29/08/2025 10:04,-,-,-,-,-,-,-
1700678,Aguardando Verificação/Aprovação (NAVA),0,-,-,2025-05-05 16:34:49,05/05/2025 16:34,06/05/2025 11:35,-,0.79 dias,-,-,-,-
1700678,Enviado para o RM (Integração),1,integracao-projetoisp,-,2025-05-06 11:35:50,06/05/2025 11:35,06/05/2025 11:36,-,0.0 dias,-,-,-,-
1700678,Contrato Ativo,2,integracao-projetoisp,-,2025-05-06 11:36:38,06/05/2025 11:36,31/05/2025 12:26,-,25.03 dias,-,-,-,-
1700678,Aguardando Verificação/Aprovação (NAVA),0,integracao-projetoisp,-,2025-05-31 12:26:58,31/05/2025 12:26,31/05/2025 12:39,-,0.01 dias,-,-,-,-
1700678,Enviado para o RM (Integração),1,integracao-projetoisp,-,2025-05-31 12:39:55,31/05/2025 12:39,31/05/2025 12:40,-,0.0 dias,-,-,-,-
1700678,Contrato Ativo,2,integracao-projetoisp,-,2025-05-31 12:40:21,31/05/2025 12:40,31/05/2025 12:44,-,0.0 dias,-,-,-,-
1700678,Aguardando Verificação/Aprovação (NAVA),0,integracao-projetoisp,-,2025-05-31 12:44:57,31/05/2025 12:44,31/05/2025 12:45,-,0.0 dias,-,-,-,-
1700678,Enviado para o RM (Integração),1,integracao-projetoisp,-,2025-05-31 12:45:15,31/05/2025 12:45,31/05/2025 12:45,-,0.0 dias,-,-,-,-
1700678,Contrato Ativo,2,integracao-projetoisp,-,2025-05-31 12:45:36,31/05/2025 12:45,29/08/2025 10:02,-,89.89 dias,-,-,-,-
1700678,Aguardando Verificação/Aprovação (NAVA),0,integracao-projetoisp,-,2025-08-29 10:02:46,29/08/2025 10:02,29/08/2025 10:03,-,0.0 dias,-,-,-,-
1700678,Contratos Encerrados,5,celiene.pinho@nava.com.br,-,2025-08-29 10:03:28,29/08/2025 10:03,-,-,-,-,-,-,-
1700673,Aguardando Verificação/Aprovação (NAVA),0,-,-,2025-05-05 16:34:22,05/05/2025 16:34,06/05/2025 11:34,-,0.79 dias,-,-,-,-
1700673,Enviado para o RM (Integração),1,integracao-projetoisp,-,2025-05-06 11:34:54,06/05/2025 11:34,06/05/2025 11:35,-,0.0 dias,-,-,-,-
1700673,Contrato Ativo,2,integracao-projetoisp,-,2025-05-06 11:35:37,06/05/2025 11:35,03/06/2025 12:15,-,28.03 dias,-,-,-,-
1700673,Aguardando Verificação/Aprovação (NAVA),0,integracao-projetoisp,-,2025-06-03 12:15:54,03/06/2025 12:15,03/06/2025 14:29,-,0.09 dias,-,-,-,-
1700673,Enviado para o RM (Integração),1,integracao-projetoisp,-,2025-06-03 14:29:34,03/06/2025 14:29,03/06/2025 14:29,-,0.0 dias,-,-,-,-
1700673,Contrato Ativo,2,integracao-projetoisp,-,2025-06-03 14:29:55,03/06/2025 14:29,03/06/2025 14:47,-,0.01 dias,-,-,-,-
1700673,Aguardando Verificação/Aprovação (NAVA),0,integracao-projetoisp,-,2025-06-03 14:47:53,03/06/2025 14:47,23/07/2025 10:28,-,49.82 dias,-,-,-,-
1700673,Contratos Encerrados,5,celiene.pinho@nava.com.br,-,2025-07-23 10:28:35,23/07/2025 10:28,-,-,-,-,-,-,-
1700669,Aguardando Verificação/Aprovação (NAVA),0,-,-,2025-05-05 16:33:59,05/05/2025 16:33,06/05/2025 11:33,-,0.79 dias,-,-,-,-
1700669,Enviado para o RM (Integração),1,integracao-projetoisp,-,2025-05-06 11:33:58,06/05/2025 11:33,06/05/2025 11:35,-,0.0 dias,-,-,-,-
1700669,Contrato Ativo,2,integracao-projetoisp,-,2025-05-06 11:35:23,06/05/2025 11:35,03/06/2025 12:14,-,28.03 dias,-,-,-,-
1700669,Aguardando Verificação/Aprovação (NAVA),0,integracao-projetoisp,-,2025-06-03 12:14:09,03/06/2025 12:14,03/06/2025 14:42,-,0.1 dias,-,-,-,-
1700669,Cancelado,X,thais.roberta@nava.com.br,-,2025-06-03 14:42:53,03/06/2025 14:42,-,-,-,-,-,-,-
1700666,Aguardando Verificação/Aprovação (NAVA),0,-,-,2025-05-05 16:33:33,05/05/2025 16:33,06/05/2025 11:33,-,0.79 dias,-,-,-,-
1700666,Enviado para o RM (Integração),1,integracao-projetoisp,-,2025-05-06 11:33:01,06/05/2025 11:33,06/05/2025 11:35,-,0.0 dias,-,-,-,-
1700666,Contrato Ativo,2,integracao-projetoisp,-,2025-05-06 11:35:18,06/05/2025 11:35,-,-,-,-,-,-,-
1700662,Aguardando Verificação/Aprovação (NAVA),0,-,-,2025-05-05 16:33:09,05/05/2025 16:33,06/05/2025 11:32,-,0.79 dias,-,-,-,-
1700662,Enviado para o RM (Integração),1,integracao-projetoisp,-,2025-05-06 11:32:05,06/05/2025 11:32,06/05/2025 11:32,-,0.0 dias,-,-,-,-
1700662,Contrato Ativo,2,integracao-projetoisp,-,2025-05-06 11:32:50,06/05/2025 11:32,25/06/2025 16:33,-,50.21 dias,-,-,-,-
1700662,Aguardando Verificação/Aprovação (NAVA),0,integracao-projetoisp,-,2025-06-25 16:33:04,25/06/2025 16:33,25/06/2025 16:33,-,0.0 dias,-,-,-,-
1700662,Enviado para o RM (Integração),1,integracao-projetoisp,-,2025-06-25 16:33:57,25/06/2025 16:33,25/06/2025 16:34,-,0.0 dias,-,-,-,-
1700662,Contrato Ativo,2,integracao-projetoisp,-,2025-06-25 16:34:20,25/06/2025 16:34,-,-,-,-,-,-,-
1700658,Aguardando Verificação/Aprovação (NAVA),0,-,-,2025-05-05 16:32:44,05/05/2025 16:32,06/05/2025 11:31,-,0.79 dias,-,-,-,-
1700658,Enviado para o RM (Integração),1,integracao-projetoisp,-,2025-05-06 11:31:09,06/05/2025 11:31,06/05/2025 11:31,-,0.0 dias,-,-,-,-
1700658,Contrato Ativo,2,integracao-projetoisp,-,2025-05-06 11:31:55,06/05/2025 11:31,06/06/2025 13:04,-,31.06 dias,-,-,-,-
1700658,Aguardando Verificação/Aprovação (NAVA),0,integracao-projetoisp,-,2025-06-06 13:04:32,06/06/2025 13:04,06/06/2025 13:15,-,0.01 dias,-,-,-,-
1700658,Enviado para o RM (Integração),1,integracao-projetoisp,-,2025-06-06 13:15:00,06/06/2025 13:15,06/06/2025 13:15,-,0.0 dias,-,-,-,-
1700658,Contrato Ativo,2,integracao-projetoisp,-,2025-06-06 13:15:27,06/06/2025 13:15,06/06/2025 13:41,-,0.02 dias,-,-,-,-
1700658,Enviado para o RM (Integração),1,integracao-projetoisp,-,2025-06-06 13:41:35,06/06/2025 13:41,-,-,-,-,-,-,-
1700655,Aguardando Verificação/Aprovação (NAVA),0,-,-,2025-05-05 16:32:19,05/05/2025 16:32,06/05/2025 11:30,-,0.79 dias,-,-,-,-
1700655,Enviado para o RM (Integração),1,integracao-projetoisp,-,2025-05-06 11:30:13,06/05/2025 11:30,06/05/2025 11:31,-,0.0 dias,-,-,-,-
1700655,Contrato Ativo,2,integracao-projetoisp,-,2025-05-06 11:31:32,06/05/2025 11:31,23/06/2025 14:51,-,48.14 dias,-,-,-,-
1700655,Aguardando Verificação/Aprovação (NAVA),0,integracao-projetoisp,-,2025-06-23 14:51:23,23/06/2025 14:51,23/06/2025 14:51,-,0.0 dias,-,-,-,-
1700655,Enviado para o RM (Integração),1,integracao-projetoisp,-,2025-06-23 14:51:47,23/06/2025 14:51,23/06/2025 14:52,-,0.0 dias,-,-,-,-
1700655,Contrato Ativo,2,integracao-projetoisp,-,2025-06-23 14:52:18,23/06/2025 14:52,15/07/2025 16:28,-,22.07 dias,-,-,-,-
1700655,Aguardando Verificação/Aprovação (NAVA),0,integracao-projetoisp,-,2025-07-15 16:28:43,15/07/2025 16:28,15/07/2025 16:34,-,0.0 dias,-,-,-,-
1700655,Enviado para o RM (Integração),1,integracao-projetoisp,-,2025-07-15 16:34:38,15/07/2025 16:34,15/07/2025 16:35,-,0.0 dias,-,-,-,-
1700655,Contrato Ativo,2,integracao-projetoisp,-,2025-07-15 16:35:27,15/07/2025 16:35,-,-,-,-,-,-,-
1700649,Aguardando Verificação/Aprovação (NAVA),0,-,-,2025-05-05 16:31:56,05/05/2025 16:31,06/05/2025 11:29,-,0.79 dias,-,-,-,-
1700649,Enviado para o RM (Integração),1,integracao-projetoisp,-,2025-05-06 11:29:16,06/05/2025 11:29,06/05/2025 11:30,-,0.0 dias,-,-,-,-
1700649,Contrato Ativo,2,integracao-projetoisp,-,2025-05-06 11:30:41,06/05/2025 11:30,-,-,-,-,-,-,-
1700645,Aguardando Verificação/Aprovação (NAVA),0,-,-,2025-05-05 16:31:30,05/05/2025 16:31,06/05/2025 11:28,-,0.79 dias,-,-,-,-
1700645,Enviado para o RM (Integração),1,integracao-projetoisp,-,2025-05-06 11:28:20,06/05/2025 11:28,06/05/2025 11:28,-,0.0 dias,-,-,-,-
1700645,Contrato Ativo,2,integracao-projetoisp,-,2025-05-06 11:28:48,06/05/2025 11:28,20/08/2025 17:20,-,106.24 dias,-,-,-,-
1700645,Aguardando Verificação/Aprovação (NAVA),0,integracao-projetoisp,-,2025-08-20 17:20:39,20/08/2025 17:20,20/08/2025 17:23,-,0.0 dias,-,-,-,-
1700645,Enviado para o RM (Integração),1,integracao-projetoisp,-,2025-08-20 17:23:29,20/08/2025 17:23,20/08/2025 17:23,-,0.0 dias,-,-,-,-
1700645,Contrato Ativo,2,integracao-projetoisp,-,2025-08-20 17:23:44,20/08/2025 17:23,-,-,-,-,-,-,-
1700640,Aguardando Verificação/Aprovação (NAVA),0,-,-,2025-05-05 16:31:07,05/05/2025 16:31,06/05/2025 11:27,-,0.79 dias,-,-,-,-
1700640,Enviado para o RM (Integração),1,integracao-projetoisp,-,2025-05-06 11:27:24,06/05/2025 11:27,06/05/2025 11:27,-,0.0 dias,-,-,-,-
1700640,Contrato Ativo,2,integracao-projetoisp,-,2025-05-06 11:27:52,06/05/2025 11:27,-,-,-,-,-,-,-
1700637,Aguardando Verificação/Aprovação (NAVA),0,-,-,2025-05-05 16:30:41,05/05/2025 16:30,06/05/2025 11:26,-,0.79 dias,-,-,-,-
1700637,Enviado para o RM (Integração),1,integracao-projetoisp,-,2025-05-06 11:26:28,06/05/2025 11:26,06/05/2025 11:27,-,0.0 dias,-,-,-,-
1700637,Contrato Ativo,2,integracao-projetoisp,-,2025-05-06 11:27:32,06/05/2025 11:27,-,-,-,-,-,-,-
1700633,Aguardando Verificação/Aprovação (NAVA),0,-,-,2025-05-05 16:30:17,05/05/2025 16:30,06/05/2025 11:25,-,0.79 dias,-,-,-,-
1700633,Enviado para o RM (Integração),1,integracao-projetoisp,-,2025-05-06 11:25:31,06/05/2025 11:25,06/05/2025 11:26,-,0.0 dias,-,-,-,-
1700633,Contrato Ativo,2,integracao-projetoisp,-,2025-05-06 11:26:53,06/05/2025 11:26,-,-,-,-,-,-,-
1700629,Aguardando Verificação/Aprovação (NAVA),0,-,-,2025-05-05 16:29:54,05/05/2025 16:29,06/05/2025 11:24,-,0.79 dias,-,-,-,-
1700629,Enviado para o RM (Integração),1,integracao-projetoisp,-,2025-05-06 11:24:34,06/05/2025 11:24,06/05/2025 11:26,-,0.0 dias,-,-,-,-
1700629,Contrato Ativo,2,integracao-projetoisp,-,2025-05-06 11:26:37,06/05/2025 11:26,-,-,-,-,-,-,-
1700627,Aguardando Verificação/Aprovação (NAVA),0,-,-,2025-05-05 16:29:25,05/05/2025 16:29,06/05/2025 11:23,-,0.79 dias,-,-,-,-
1700627,Enviado para o RM (Integração),1,integracao-projetoisp,-,2025-05-06 11:23:37,06/05/2025 11:23,06/05/2025 11:25,-,0.0 dias,-,-,-,-
1700627,Contrato Ativo,2,integracao-projetoisp,-,2025-05-06 11:25:12,06/05/2025 11:25,-,-,-,-,-,-,-
1700625,Aguardando Verificação/Aprovação (NAVA),0,-,-,2025-05-05 16:28:58,05/05/2025 16:28,06/05/2025 11:22,-,0.79 dias,-,-,-,-
1700625,Enviado para o RM (Integração),1,integracao-projetoisp,-,2025-05-06 11:22:40,06/05/2025 11:22,06/05/2025 11:24,-,0.0 dias,-,-,-,-
1700625,Contrato Ativo,2,integracao-projetoisp,-,2025-05-06 11:24:27,06/05/2025 11:24,10/06/2025 15:52,-,35.19 dias,-,-,-,-
1700625,Aguardando Verificação/Aprovação (NAVA),0,integracao-projetoisp,-,2025-06-10 15:52:54,10/06/2025 15:52,10/06/2025 15:53,-,0.0 dias,-,-,-,-
1700625,Contratos Encerrados,5,celiene.pinho@nava.com.br,-,2025-06-10 15:53:15,10/06/2025 15:53,-,-,-,-,-,-,-
1700622,Aguardando Verificação/Aprovação (NAVA),0,-,-,2025-05-05 16:28:34,05/05/2025 16:28,06/05/2025 11:21,-,0.79 dias,-,-,-,-
1700622,Enviado para o RM (Integração),1,integracao-projetoisp,-,2025-05-06 11:21:43,06/05/2025 11:21,06/05/2025 11:23,-,0.0 dias,-,-,-,-
1700622,Contrato Ativo,2,integracao-projetoisp,-,2025-05-06 11:23:13,06/05/2025 11:23,-,-,-,-,-,-,-
1700619,Aguardando Verificação/Aprovação (NAVA),0,-,-,2025-05-05 16:27:30,05/05/2025 16:27,06/05/2025 11:19,-,0.79 dias,-,-,-,-
1700619,Enviado para o RM (Integração),1,integracao-projetoisp,-,2025-05-06 11:19:50,06/05/2025 11:19,06/05/2025 11:21,-,0.0 dias,-,-,-,-
1700619,Contrato Ativo,2,integracao-projetoisp,-,2025-05-06 11:21:53,06/05/2025 11:21,24/07/2025 09:59,-,78.94 dias,-,-,-,-
1700619,Aguardando Verificação/Aprovação (NAVA),0,integracao-projetoisp,-,2025-07-24 09:59:12,24/07/2025 09:59,24/07/2025 09:59,-,0.0 dias,-,-,-,-
1700619,Contratos Encerrados,5,thais.roberta@nava.com.br,-,2025-07-24 09:59:20,24/07/2025 09:59,31/07/2025 11:18,-,7.05 dias,-,-,-,-
1700619,Aguardando Verificação/Aprovação (NAVA),0,thais.roberta@nava.com.br,-,2025-07-31 11:18:10,31/07/2025 11:18,31/07/2025 11:19,-,0.0 dias,-,-,-,-
1700619,Enviado para o RM (Integração),1,integracao-projetoisp,-,2025-07-31 11:19:26,31/07/2025 11:19,31/07/2025 11:19,-,0.0 dias,-,-,-,-
1700619,Contrato Ativo,2,integracao-projetoisp,-,2025-07-31 11:19:45,31/07/2025 11:19,07/08/2025 17:14,-,7.25 dias,-,-,-,-
1700619,Aguardando Verificação/Aprovação (NAVA),0,integracao-projetoisp,-,2025-08-07 17:14:37,07/08/2025 17:14,-,-,-,-,-,-,-
1700614,Aguardando Verificação/Aprovação (NAVA),0,-,-,2025-05-05 16:27:03,05/05/2025 16:27,06/05/2025 11:18,-,0.79 dias,-,-,-,-
1700614,Enviado para o RM (Integração),1,integracao-projetoisp,-,2025-05-06 11:18:51,06/05/2025 11:18,06/05/2025 11:19,-,0.0 dias,-,-,-,-
1700614,Contrato Ativo,2,integracao-projetoisp,-,2025-05-06 11:19:36,06/05/2025 11:19,26/08/2025 08:57,-,111.9 dias,-,-,-,-
1700614,Aguardando Verificação/Aprovação (NAVA),0,integracao-projetoisp,-,2025-08-26 08:57:30,26/08/2025 08:57,26/08/2025 08:57,-,0.0 dias,-,-,-,-
1700614,Contratos Encerrados,5,gabriels.santos@nava.com.br,-,2025-08-26 08:57:34,26/08/2025 08:57,-,-,-,-,-,-,-
1700612,Aguardando Verificação/Aprovação (NAVA),0,-,-,2025-05-05 16:26:39,05/05/2025 16:26,14/07/2025 14:19,-,69.91 dias,-,-,-,-
1700612,Cancelado,X,thais.roberta@nava.com.br,-,2025-07-14 14:19:12,14/07/2025 14:19,-,-,-,-,-,-,-
1700610,Aguardando Verificação/Aprovação (NAVA),0,-,-,2025-05-05 16:26:14,05/05/2025 16:26,30/05/2025 15:17,-,24.95 dias,-,-,-,-
1700610,Enviado para o RM (Integração),1,integracao-projetoisp,-,2025-05-30 15:17:30,30/05/2025 15:17,30/05/2025 15:17,-,0.0 dias,-,-,-,-
1700610,Contrato Ativo,2,integracao-projetoisp,-,2025-05-30 15:17:57,30/05/2025 15:17,-,-,-,-,-,-,-
1700603,Aguardando Verificação/Aprovação (NAVA),0,-,-,2025-05-05 16:25:49,05/05/2025 16:25,06/05/2025 11:17,-,0.79 dias,-,-,-,-
1700603,Enviado para o RM (Integração),1,integracao-projetoisp,-,2025-05-06 11:17:54,06/05/2025 11:17,06/05/2025 11:18,-,0.0 dias,-,-,-,-
1700603,Contrato Ativo,2,integracao-projetoisp,-,2025-05-06 11:18:28,06/05/2025 11:18,06/06/2025 11:32,-,31.01 dias,-,-,-,-
1700603,Aguardando Verificação/Aprovação (NAVA),0,integracao-projetoisp,-,2025-06-06 11:32:46,06/06/2025 11:32,06/06/2025 11:35,-,0.0 dias,-,-,-,-
1700603,Enviado para o RM (Integração),1,integracao-projetoisp,-,2025-06-06 11:35:39,06/06/2025 11:35,06/06/2025 11:36,-,0.0 dias,-,-,-,-
1700603,Contrato Ativo,2,integracao-projetoisp,-,2025-06-06 11:36:01,06/06/2025 11:36,26/06/2025 12:49,-,20.05 dias,-,-,-,-
1700603,Aguardando Verificação/Aprovação (NAVA),0,integracao-projetoisp,-,2025-06-26 12:49:34,26/06/2025 12:49,26/06/2025 12:49,-,0.0 dias,-,-,-,-
1700603,Contratos Encerrados,5,celiene.pinho@nava.com.br,-,2025-06-26 12:49:54,26/06/2025 12:49,-,-,-,-,-,-,-
1700598,Aguardando Verificação/Aprovação (NAVA),0,-,-,2025-05-05 16:25:26,05/05/2025 16:25,06/05/2025 11:16,-,0.79 dias,-,-,-,-
1700598,Enviado para o RM (Integração),1,integracao-projetoisp,-,2025-05-06 11:16:57,06/05/2025 11:16,06/05/2025 11:17,-,0.0 dias,-,-,-,-
1700598,Contrato Ativo,2,integracao-projetoisp,-,2025-05-06 11:17:25,06/05/2025 11:17,06/06/2025 11:40,-,31.02 dias,-,-,-,-
1700598,Aguardando Verificação/Aprovação (NAVA),0,integracao-projetoisp,-,2025-06-06 11:40:18,06/06/2025 11:40,06/06/2025 11:40,-,0.0 dias,-,-,-,-
1700598,Enviado para o RM (Integração),1,integracao-projetoisp,-,2025-06-06 11:40:38,06/06/2025 11:40,06/06/2025 11:41,-,0.0 dias,-,-,-,-
1700598,Contrato Ativo,2,integracao-projetoisp,-,2025-06-06 11:41:04,06/06/2025 11:41,26/06/2025 12:48,-,20.05 dias,-,-,-,-
1700598,Aguardando Verificação/Aprovação (NAVA),0,integracao-projetoisp,-,2025-06-26 12:48:30,26/06/2025 12:48,26/06/2025 12:48,-,0.0 dias,-,-,-,-
1700598,Contratos Encerrados,5,celiene.pinho@nava.com.br,-,2025-06-26 12:48:37,26/06/2025 12:48,-,-,-,-,-,-,-
1700595,Aguardando Verificação/Aprovação (NAVA),0,-,-,2025-05-05 16:25:03,05/05/2025 16:25,06/05/2025 12:01,-,0.82 dias,-,-,-,-
1700595,Enviado para o RM (Integração),1,integracao-projetoisp,-,2025-05-06 12:01:02,06/05/2025 12:01,06/05/2025 12:01,-,0.0 dias,-,-,-,-
1700595,Contrato Ativo,2,integracao-projetoisp,-,2025-05-06 12:01:32,06/05/2025 12:01,06/06/2025 11:22,-,30.97 dias,-,-,-,-
1700595,Aguardando Verificação/Aprovação (NAVA),0,integracao-projetoisp,-,2025-06-06 11:22:43,06/06/2025 11:22,06/06/2025 11:23,-,0.0 dias,-,-,-,-
1700595,Cancelado,X,thais.roberta@nava.com.br,-,2025-06-06 11:23:43,06/06/2025 11:23,-,-,-,-,-,-,-
1700593,Aguardando Verificação/Aprovação (NAVA),0,-,-,2025-05-05 16:24:39,05/05/2025 16:24,06/05/2025 11:15,-,0.78 dias,-,-,-,-
1700593,Enviado para o RM (Integração),1,integracao-projetoisp,-,2025-05-06 11:15:03,06/05/2025 11:15,06/05/2025 11:15,-,0.0 dias,-,-,-,-
1700593,Contrato Ativo,2,integracao-projetoisp,-,2025-05-06 11:15:48,06/05/2025 11:15,04/06/2025 10:42,-,28.98 dias,-,-,-,-
1700593,Aguardando Verificação/Aprovação (NAVA),0,integracao-projetoisp,-,2025-06-04 10:42:54,04/06/2025 10:42,04/06/2025 11:01,-,0.01 dias,-,-,-,-
1700593,Cancelado,X,thais.roberta@nava.com.br,-,2025-06-04 11:01:01,04/06/2025 11:01,-,-,-,-,-,-,-
1700591,Aguardando Verificação/Aprovação (NAVA),0,-,-,2025-05-05 16:24:15,05/05/2025 16:24,06/05/2025 11:14,-,0.78 dias,-,-,-,-
1700591,Enviado para o RM (Integração),1,integracao-projetoisp,-,2025-05-06 11:14:06,06/05/2025 11:14,06/05/2025 11:14,-,0.0 dias,-,-,-,-
1700591,Contrato Ativo,2,integracao-projetoisp,-,2025-05-06 11:14:49,06/05/2025 11:14,-,-,-,-,-,-,-
1700589,Aguardando Verificação/Aprovação (NAVA),0,-,-,2025-05-05 16:23:51,05/05/2025 16:23,06/05/2025 10:59,-,0.77 dias,-,-,-,-
1700589,Enviado para o RM (Integração),1,integracao-projetoisp,-,2025-05-06 10:59:07,06/05/2025 10:59,06/05/2025 10:59,-,0.0 dias,-,-,-,-
1700589,Contrato Ativo,2,integracao-projetoisp,-,2025-05-06 10:59:41,06/05/2025 10:59,04/06/2025 10:43,-,28.99 dias,-,-,-,-
1700589,Aguardando Verificação/Aprovação (NAVA),0,integracao-projetoisp,-,2025-06-04 10:43:54,04/06/2025 10:43,04/06/2025 10:54,-,0.01 dias,-,-,-,-
1700589,Enviado para o RM (Integração),1,integracao-projetoisp,-,2025-06-04 10:54:31,04/06/2025 10:54,04/06/2025 10:54,-,0.0 dias,-,-,-,-
1700589,Contrato Ativo,2,integracao-projetoisp,-,2025-06-04 10:54:52,04/06/2025 10:54,-,-,-,-,-,-,-
1700582,Aguardando Verificação/Aprovação (NAVA),0,-,-,2025-05-05 16:21:56,05/05/2025 16:21,05/05/2025 16:51,-,0.02 dias,-,-,-,-
1700582,Enviado para o RM (Integração),1,integracao-projetoisp,-,2025-05-05 16:51:13,05/05/2025 16:51,05/05/2025 16:51,-,0.0 dias,-,-,-,-
1700582,Contrato Ativo,2,integracao-projetoisp,-,2025-05-05 16:51:50,05/05/2025 16:51,-,-,-,-,-,-,-
1696153,Aguardando Verificação/Aprovação (NAVA),0,-,-,2025-05-02 16:25:15,02/05/2025 16:25,02/05/2025 16:26,-,0.0 dias,-,-,-,-
1696153,Enviado para o RM (Integração),1,integracao-projetoisp,-,2025-05-02 16:26:32,02/05/2025 16:26,02/05/2025 16:26,-,0.0 dias,-,-,-,-
1696153,Contrato Ativo,2,integracao-projetoisp,-,2025-05-02 16:26:59,02/05/2025 16:26,-,-,-,-,-,-,-
1696037,Aguardando Verificação/Aprovação (NAVA),0,-,-,2025-05-02 15:21:52,02/05/2025 15:21,02/05/2025 15:22,-,0.0 dias,-,-,-,-
1696037,Enviado para o RM (Integração),1,integracao-projetoisp,-,2025-05-02 15:22:51,02/05/2025 15:22,02/05/2025 15:23,-,0.0 dias,-,-,-,-
1696037,Contrato Ativo,2,integracao-projetoisp,-,2025-05-02 15:23:18,02/05/2025 15:23,-,-,-,-,-,-,-
1695722,Aguardando Verificação/Aprovação (NAVA),0,-,-,2025-05-02 14:31:08,02/05/2025 14:31,02/05/2025 14:31,-,0.0 dias,-,-,-,-
1695722,Enviado para o RM (Integração),1,integracao-projetoisp,-,2025-05-02 14:31:33,02/05/2025 14:31,02/05/2025 14:32,-,0.0 dias,-,-,-,-
1695722,Contrato Ativo,2,integracao-projetoisp,-,2025-05-02 14:32:03,02/05/2025 14:32,-,-,-,-,-,-,-
1694948,Aguardando Verificação/Aprovação (NAVA),0,-,-,2025-05-02 12:11:45,02/05/2025 12:11,02/05/2025 12:12,-,0.0 dias,-,-,-,-
1694948,Enviado para o RM (Integração),1,integracao-projetoisp,-,2025-05-02 12:12:14,02/05/2025 12:12,02/05/2025 12:12,-,0.0 dias,-,-,-,-
1694948,Contrato Ativo,2,integracao-projetoisp,-,2025-05-02 12:12:41,02/05/2025 12:12,02/05/2025 12:18,-,0.0 dias,-,-,-,-
1694948,Aguardando Verificação/Aprovação (NAVA),0,integracao-projetoisp,-,2025-05-02 12:18:46,02/05/2025 12:18,02/05/2025 12:20,-,0.0 dias,-,-,-,-
1694948,Enviado para o RM (Integração),1,integracao-projetoisp,-,2025-05-02 12:20:53,02/05/2025 12:20,02/05/2025 12:21,-,0.0 dias,-,-,-,-
1694948,Contrato Ativo,2,integracao-projetoisp,-,2025-05-02 12:21:21,02/05/2025 12:21,02/05/2025 12:26,-,0.0 dias,-,-,-,-
1694948,Aguardando Verificação/Aprovação (NAVA),0,integracao-projetoisp,-,2025-05-02 12:26:39,02/05/2025 12:26,02/05/2025 12:27,-,0.0 dias,-,-,-,-
1694948,Enviado para o RM (Integração),1,integracao-projetoisp,-,2025-05-02 12:27:15,02/05/2025 12:27,02/05/2025 12:27,-,0.0 dias,-,-,-,-
1694948,Contrato Ativo,2,integracao-projetoisp,-,2025-05-02 12:27:40,02/05/2025 12:27,11/07/2025 16:36,-,70.17 dias,-,-,-,-
1694948,Aguardando Verificação/Aprovação (NAVA),0,integracao-projetoisp,-,2025-07-11 16:36:12,11/07/2025 16:36,-,-,-,-,-,-,-
1694380,Aguardando Verificação/Aprovação (NAVA),0,-,-,2025-05-02 11:11:21,02/05/2025 11:11,02/05/2025 11:12,-,0.0 dias,-,-,-,-
1694380,Enviado para o RM (Integração),1,integracao-projetoisp,-,2025-05-02 11:12:05,02/05/2025 11:12,02/05/2025 11:12,-,0.0 dias,-,-,-,-
1694380,Contrato Ativo,2,integracao-projetoisp,-,2025-05-02 11:12:35,02/05/2025 11:12,-,-,-,-,-,-,-
1689189,Aguardando Verificação/Aprovação (NAVA),0,-,-,2025-04-30 15:44:49,30/04/2025 15:44,30/04/2025 15:45,-,0.0 dias,-,-,-,-
1689189,Enviado para o RM (Integração),1,integracao-projetoisp,-,2025-04-30 15:45:39,30/04/2025 15:45,30/04/2025 15:46,-,0.0 dias,-,-,-,-
1689189,Contrato Ativo,2,integracao-projetoisp,-,2025-04-30 15:46:13,30/04/2025 15:46,-,-,-,-,-,-,-
1689097,Aguardando Verificação/Aprovação (NAVA),0,-,-,2025-04-30 15:32:05,30/04/2025 15:32,30/04/2025 15:32,-,0.0 dias,-,-,-,-
1689097,Enviado para o RM (Integração),1,integracao-projetoisp,-,2025-04-30 15:32:54,30/04/2025 15:32,30/04/2025 15:33,-,0.0 dias,-,-,-,-
1689097,Contrato Ativo,2,integracao-projetoisp,-,2025-04-30 15:33:20,30/04/2025 15:33,-,-,-,-,-,-,-
1688888,Aguardando Verificação/Aprovação (NAVA),0,-,-,2025-04-30 15:14:57,30/04/2025 15:14,30/04/2025 15:15,-,0.0 dias,-,-,-,-
1688888,Enviado para o RM (Integração),1,integracao-projetoisp,-,2025-04-30 15:15:46,30/04/2025 15:15,30/04/2025 15:16,-,0.0 dias,-,-,-,-
1688888,Contrato Ativo,2,integracao-projetoisp,-,2025-04-30 15:16:12,30/04/2025 15:16,-,-,-,-,-,-,-
1688628,Aguardando Verificação/Aprovação (NAVA),0,-,-,2025-04-30 14:51:23,30/04/2025 14:51,30/04/2025 14:51,-,0.0 dias,-,-,-,-
1688628,Enviado para o RM (Integração),1,integracao-projetoisp,-,2025-04-30 14:51:55,30/04/2025 14:51,30/04/2025 14:52,-,0.0 dias,-,-,-,-
1688628,Contrato Ativo,2,integracao-projetoisp,-,2025-04-30 14:52:25,30/04/2025 14:52,26/05/2025 10:13,-,25.81 dias,-,-,-,-
1688628,Aguardando Verificação/Aprovação (NAVA),0,integracao-projetoisp,-,2025-05-26 10:13:15,26/05/2025 10:13,26/05/2025 10:13,-,0.0 dias,-,-,-,-
1688628,Contratos Encerrados,5,gabriels.santos@nava.com.br,-,2025-05-26 10:13:21,26/05/2025 10:13,-,-,-,-,-,-,-
1688418,Aguardando Verificação/Aprovação (NAVA),0,-,-,2025-04-30 14:30:54,30/04/2025 14:30,30/04/2025 14:31,-,0.0 dias,-,-,-,-
1688418,Enviado para o RM (Integração),1,integracao-projetoisp,-,2025-04-30 14:31:32,30/04/2025 14:31,30/04/2025 14:32,-,0.0 dias,-,-,-,-
1688418,Contrato Ativo,2,integracao-projetoisp,-,2025-04-30 14:32:01,30/04/2025 14:32,30/04/2025 14:35,-,0.0 dias,-,-,-,-
1688418,Aguardando Verificação/Aprovação (NAVA),0,integracao-projetoisp,-,2025-04-30 14:35:20,30/04/2025 14:35,30/04/2025 14:35,-,0.0 dias,-,-,-,-
1688418,Contratos Encerrados,5,celiene.pinho@nava.com.br,-,2025-04-30 14:35:32,30/04/2025 14:35,-,-,-,-,-,-,-
1688291,Aguardando Verificação/Aprovação (NAVA),0,-,-,2025-04-30 13:33:14,30/04/2025 13:33,30/04/2025 13:34,-,0.0 dias,-,-,-,-
1688291,Enviado para o RM (Integração),1,integracao-projetoisp,-,2025-04-30 13:34:06,30/04/2025 13:34,30/04/2025 13:34,-,0.0 dias,-,-,-,-
1688291,Contrato Ativo,2,integracao-projetoisp,-,2025-04-30 13:34:32,30/04/2025 13:34,-,-,-,-,-,-,-
1688142,Aguardando Verificação/Aprovação (NAVA),0,-,-,2025-04-30 12:13:26,30/04/2025 12:13,30/04/2025 12:13,-,0.0 dias,-,-,-,-
1688142,Enviado para o RM (Integração),1,integracao-projetoisp,-,2025-04-30 12:13:46,30/04/2025 12:13,30/04/2025 12:14,-,0.0 dias,-,-,-,-
1688142,Contrato Ativo,2,integracao-projetoisp,-,2025-04-30 12:14:14,30/04/2025 12:14,-,-,-,-,-,-,-
1688089,Aguardando Verificação/Aprovação (NAVA),0,-,-,2025-04-30 11:56:33,30/04/2025 11:56,30/04/2025 11:57,-,0.0 dias,-,-,-,-
1688089,Enviado para o RM (Integração),1,integracao-projetoisp,-,2025-04-30 11:57:29,30/04/2025 11:57,30/04/2025 11:57,-,0.0 dias,-,-,-,-
1688089,Contrato Ativo,2,integracao-projetoisp,-,2025-04-30 11:57:57,30/04/2025 11:57,-,-,-,-,-,-,-
1688002,Aguardando Verificação/Aprovação (NAVA),0,-,-,2025-04-30 11:31:42,30/04/2025 11:31,30/04/2025 11:32,-,0.0 dias,-,-,-,-
1688002,Enviado para o RM (Integração),1,integracao-projetoisp,-,2025-04-30 11:32:09,30/04/2025 11:32,30/04/2025 11:32,-,0.0 dias,-,-,-,-
1688002,Contrato Ativo,2,integracao-projetoisp,-,2025-04-30 11:32:34,30/04/2025 11:32,-,-,-,-,-,-,-
1687958,Aguardando Verificação/Aprovação (NAVA),0,-,-,2025-04-30 11:17:32,30/04/2025 11:17,30/04/2025 11:18,-,0.0 dias,-,-,-,-
1687958,Enviado para o RM (Integração),1,integracao-projetoisp,-,2025-04-30 11:18:12,30/04/2025 11:18,30/04/2025 11:18,-,0.0 dias,-,-,-,-
1687958,Contrato Ativo,2,integracao-projetoisp,-,2025-04-30 11:18:43,30/04/2025 11:18,-,-,-,-,-,-,-
1687797,Aguardando Verificação/Aprovação (NAVA),0,-,-,2025-04-30 10:36:08,30/04/2025 10:36,30/04/2025 10:37,-,0.0 dias,-,-,-,-
1687797,Enviado para o RM (Integração),1,integracao-projetoisp,-,2025-04-30 10:37:14,30/04/2025 10:37,30/04/2025 10:37,-,0.0 dias,-,-,-,-
1687797,Contrato Ativo,2,integracao-projetoisp,-,2025-04-30 10:37:42,30/04/2025 10:37,-,-,-,-,-,-,-
1686922,Aguardando Verificação/Aprovação (NAVA),0,-,-,2025-04-29 17:25:13,29/04/2025 17:25,29/04/2025 17:26,-,0.0 dias,-,-,-,-
1686922,Enviado para o RM (Integração),1,integracao-projetoisp,-,2025-04-29 17:26:13,29/04/2025 17:26,29/04/2025 17:26,-,0.0 dias,-,-,-,-
1686922,Contrato Ativo,2,integracao-projetoisp,-,2025-04-29 17:26:52,29/04/2025 17:26,-,-,-,-,-,-,-
1686892,Aguardando Verificação/Aprovação (NAVA),0,-,-,2025-04-29 17:08:34,29/04/2025 17:08,29/04/2025 17:10,-,0.0 dias,-,-,-,-
1686892,Enviado para o RM (Integração),1,integracao-projetoisp,-,2025-04-29 17:10:35,29/04/2025 17:10,29/04/2025 17:11,-,0.0 dias,-,-,-,-
1686892,Contrato Ativo,2,integracao-projetoisp,-,2025-04-29 17:11:01,29/04/2025 17:11,-,-,-,-,-,-,-
1686806,Aguardando Verificação/Aprovação (NAVA),0,-,-,2025-04-29 16:40:02,29/04/2025 16:40,29/04/2025 16:45,-,0.0 dias,-,-,-,-
1686806,Enviado para o RM (Integração),1,integracao-projetoisp,-,2025-04-29 16:45:24,29/04/2025 16:45,29/04/2025 16:45,-,0.0 dias,-,-,-,-
1686806,Contrato Ativo,2,integracao-projetoisp,-,2025-04-29 16:45:50,29/04/2025 16:45,-,-,-,-,-,-,-
1686669,Aguardando Verificação/Aprovação (NAVA),0,-,-,2025-04-29 16:15:30,29/04/2025 16:15,29/04/2025 16:16,-,0.0 dias,-,-,-,-
1686669,Enviado para o RM (Integração),1,integracao-projetoisp,-,2025-04-29 16:16:18,29/04/2025 16:16,29/04/2025 16:16,-,0.0 dias,-,-,-,-
1686669,Contrato Ativo,2,integracao-projetoisp,-,2025-04-29 16:16:45,29/04/2025 16:16,-,-,-,-,-,-,-
1686375,Aguardando Verificação/Aprovação (NAVA),0,-,-,2025-04-29 15:30:10,29/04/2025 15:30,29/04/2025 15:30,-,0.0 dias,-,-,-,-
1686375,Enviado para o RM (Integração),1,integracao-projetoisp,-,2025-04-29 15:30:42,29/04/2025 15:30,29/04/2025 15:31,-,0.0 dias,-,-,-,-
1686375,Contrato Ativo,2,integracao-projetoisp,-,2025-04-29 15:31:06,29/04/2025 15:31,-,-,-,-,-,-,-
1686250,Aguardando Verificação/Aprovação (NAVA),0,-,-,2025-04-29 15:10:53,29/04/2025 15:10,29/04/2025 15:11,-,0.0 dias,-,-,-,-
1686250,Enviado para o RM (Integração),1,integracao-projetoisp,-,2025-04-29 15:11:36,29/04/2025 15:11,29/04/2025 15:12,-,0.0 dias,-,-,-,-
1686250,Contrato Ativo,2,integracao-projetoisp,-,2025-04-29 15:12:03,29/04/2025 15:12,-,-,-,-,-,-,-
1686061,Aguardando Verificação/Aprovação (NAVA),0,-,-,2025-04-29 14:40:35,29/04/2025 14:40,29/04/2025 14:41,-,0.0 dias,-,-,-,-
1686061,Enviado para o RM (Integração),1,integracao-projetoisp,-,2025-04-29 14:41:37,29/04/2025 14:41,29/04/2025 14:42,-,0.0 dias,-,-,-,-
1686061,Contrato Ativo,2,integracao-projetoisp,-,2025-04-29 14:42:04,29/04/2025 14:42,-,-,-,-,-,-,-
1685266,Aguardando Verificação/Aprovação (NAVA),0,-,-,2025-04-29 12:50:33,29/04/2025 12:50,-,-,-,-,-,-,-
1685167,Aguardando Verificação/Aprovação (NAVA),0,-,-,2025-04-29 12:35:38,29/04/2025 12:35,29/04/2025 12:36,-,0.0 dias,-,-,-,-
1685167,Enviado para o RM (Integração),1,integracao-projetoisp,-,2025-04-29 12:36:23,29/04/2025 12:36,29/04/2025 12:37,-,0.0 dias,-,-,-,-
1685167,Contrato Ativo,2,integracao-projetoisp,-,2025-04-29 12:37:02,29/04/2025 12:37,27/05/2025 09:59,-,27.89 dias,-,-,-,-
1685167,Aguardando Verificação/Aprovação (NAVA),0,integracao-projetoisp,-,2025-05-27 09:59:23,27/05/2025 09:59,27/05/2025 10:00,-,0.0 dias,-,-,-,-
1685167,Contratos Encerrados,5,gabriels.santos@nava.com.br,-,2025-05-27 10:00:15,27/05/2025 10:00,-,-,-,-,-,-,-
1685019,Aguardando Verificação/Aprovação (NAVA),0,-,-,2025-04-29 12:18:05,29/04/2025 12:18,29/04/2025 12:18,-,0.0 dias,-,-,-,-
1685019,Enviado para o RM (Integração),1,integracao-projetoisp,-,2025-04-29 12:18:22,29/04/2025 12:18,29/04/2025 12:18,-,0.0 dias,-,-,-,-
1685019,Contrato Ativo,2,integracao-projetoisp,-,2025-04-29 12:18:49,29/04/2025 12:18,29/04/2025 12:30,-,0.01 dias,-,-,-,-
1685019,Contratos Encerrados,5,thais.roberta@nava.com.br,-,2025-04-29 12:30:59,29/04/2025 12:30,-,-,-,-,-,-,-
1684825,Aguardando Verificação/Aprovação (NAVA),0,-,-,2025-04-29 11:58:54,29/04/2025 11:58,29/04/2025 11:59,-,0.0 dias,-,-,-,-
1684825,Enviado para o RM (Integração),1,integracao-projetoisp,-,2025-04-29 11:59:48,29/04/2025 11:59,29/04/2025 12:00,-,0.0 dias,-,-,-,-
1684825,Contrato Ativo,2,integracao-projetoisp,-,2025-04-29 12:00:29,29/04/2025 12:00,29/04/2025 12:14,-,0.01 dias,-,-,-,-
1684825,Contratos Encerrados,5,thais.roberta@nava.com.br,-,2025-04-29 12:14:21,29/04/2025 12:14,-,-,-,-,-,-,-
1684734,Aguardando Verificação/Aprovação (NAVA),0,-,-,2025-04-29 11:47:16,29/04/2025 11:47,29/04/2025 11:47,-,0.0 dias,-,-,-,-
1684734,Contrato Ativo,2,thais.roberta@nava.com.br,-,2025-04-29 11:47:17,29/04/2025 11:47,29/04/2025 12:43,-,0.04 dias,-,-,-,-
1684734,Contratos Encerrados,5,thais.roberta@nava.com.br,-,2025-04-29 12:43:10,29/04/2025 12:43,-,-,-,-,-,-,-
1679397,Aguardando Verificação/Aprovação (NAVA),0,-,-,2025-04-28 09:44:55,28/04/2025 09:44,28/04/2025 09:46,-,0.0 dias,-,-,-,-
1679397,Enviado para o RM (Integração),1,integracao-projetoisp,-,2025-04-28 09:46:07,28/04/2025 09:46,28/04/2025 09:47,-,0.0 dias,-,-,-,-
1679397,Contrato Ativo,2,integracao-projetoisp,-,2025-04-28 09:47:11,28/04/2025 09:47,-,-,-,-,-,-,-
1677068,Aguardando Verificação/Aprovação (NAVA),0,-,-,2025-04-25 17:48:41,25/04/2025 17:48,25/04/2025 17:49,-,0.0 dias,-,-,-,-
1677068,Enviado para o RM (Integração),1,integracao-projetoisp,-,2025-04-25 17:49:02,25/04/2025 17:49,25/04/2025 17:49,-,0.0 dias,-,-,-,-
1677068,Contrato Ativo,2,integracao-projetoisp,-,2025-04-25 17:49:39,25/04/2025 17:49,-,-,-,-,-,-,-
1674094,Aguardando Verificação/Aprovação (NAVA),0,-,-,2025-04-25 09:25:20,25/04/2025 09:25,25/04/2025 09:26,-,0.0 dias,-,-,-,-
1674094,Enviado para o RM (Integração),1,integracao-projetoisp,-,2025-04-25 09:26:00,25/04/2025 09:26,25/04/2025 09:26,-,0.0 dias,-,-,-,-
1674094,Contrato Ativo,2,integracao-projetoisp,-,2025-04-25 09:26:36,25/04/2025 09:26,25/04/2025 13:09,-,0.15 dias,-,-,-,-
1674094,Aguardando Verificação/Aprovação (NAVA),0,integracao-projetoisp,-,2025-04-25 13:09:39,25/04/2025 13:09,25/04/2025 13:13,-,0.0 dias,-,-,-,-
1674094,Enviado para o RM (Integração),1,integracao-projetoisp,-,2025-04-25 13:13:34,25/04/2025 13:13,25/04/2025 13:14,-,0.0 dias,-,-,-,-
1674094,Contrato Ativo,2,integracao-projetoisp,-,2025-04-25 13:14:43,25/04/2025 13:14,25/04/2025 13:14,-,0.0 dias,-,-,-,-
1674094,Erro de Importação,E,integracao-projetoisp,-,2025-04-25 13:14:43,25/04/2025 13:14,25/04/2025 13:16,-,0.0 dias,-,-,-,-
1674094,Aguardando Verificação/Aprovação (NAVA),0,carlos@zapform.com.br,-,2025-04-25 13:16:00,25/04/2025 13:16,25/04/2025 13:17,-,0.0 dias,-,-,-,-
1674094,Contrato Ativo,2,carlos@zapform.com.br,-,2025-04-25 13:17:12,25/04/2025 13:17,-,-,-,-,-,-,-
1673490,Aguardando Verificação/Aprovação (NAVA),0,-,-,2025-04-24 16:55:28,24/04/2025 16:55,24/04/2025 16:56,-,0.0 dias,-,-,-,-
1673490,Enviado para o RM (Integração),1,integracao-projetoisp,-,2025-04-24 16:56:20,24/04/2025 16:56,24/04/2025 16:56,-,0.0 dias,-,-,-,-
1673490,Contrato Ativo,2,integracao-projetoisp,-,2025-04-24 16:56:57,24/04/2025 16:56,25/04/2025 12:05,-,0.8 dias,-,-,-,-
1673490,Aguardando Verificação/Aprovação (NAVA),0,integracao-projetoisp,-,2025-04-25 12:05:08,25/04/2025 12:05,25/04/2025 13:08,-,0.04 dias,-,-,-,-
1673490,Enviado para o RM (Integração),1,integracao-projetoisp,-,2025-04-25 13:08:44,25/04/2025 13:08,25/04/2025 13:09,-,0.0 dias,-,-,-,-
1673490,Contrato Ativo,2,integracao-projetoisp,-,2025-04-25 13:09:32,25/04/2025 13:09,-,-,-,-,-,-,-
1673109,Aguardando Verificação/Aprovação (NAVA),0,-,-,2025-04-24 15:12:08,24/04/2025 15:12,24/04/2025 15:12,-,0.0 dias,-,-,-,-
1673109,Enviado para o RM (Integração),1,integracao-projetoisp,-,2025-04-24 15:12:58,24/04/2025 15:12,24/04/2025 15:14,-,0.0 dias,-,-,-,-
1673109,Contrato Ativo,2,integracao-projetoisp,-,2025-04-24 15:14:33,24/04/2025 15:14,-,-,-,-,-,-,-
1670677,Aguardando Verificação/Aprovação (NAVA),0,-,-,2025-04-24 10:34:20,24/04/2025 10:34,24/04/2025 10:35,-,0.0 dias,-,-,-,-
1670677,Enviado para o RM (Integração),1,integracao-projetoisp,-,2025-04-24 10:35:32,24/04/2025 10:35,24/04/2025 10:35,-,0.0 dias,-,-,-,-
1670677,Contrato Ativo,2,integracao-projetoisp,-,2025-04-24 10:35:49,24/04/2025 10:35,26/06/2025 17:00,-,63.27 dias,-,-,-,-
1670677,Aguardando Verificação/Aprovação (NAVA),0,integracao-projetoisp,-,2025-06-26 17:00:53,26/06/2025 17:00,26/06/2025 17:01,-,0.0 dias,-,-,-,-
1670677,Contratos Encerrados,5,celiene.pinho@nava.com.br,-,2025-06-26 17:01:18,26/06/2025 17:01,-,-,-,-,-,-,-
1670590,Aguardando Verificação/Aprovação (NAVA),0,-,-,2025-04-24 10:24:37,24/04/2025 10:24,24/04/2025 10:25,-,0.0 dias,-,-,-,-
1670590,Enviado para o RM (Integração),1,integracao-projetoisp,-,2025-04-24 10:25:38,24/04/2025 10:25,24/04/2025 10:25,-,0.0 dias,-,-,-,-
1670590,Contrato Ativo,2,integracao-projetoisp,-,2025-04-24 10:25:48,24/04/2025 10:25,24/04/2025 10:30,-,0.0 dias,-,-,-,-
1670590,Cancelado,X,celiene.pinho@nava.com.br,-,2025-04-24 10:30:14,24/04/2025 10:30,-,-,-,-,-,-,-
1665058,Aguardando Verificação/Aprovação (NAVA),0,-,-,2025-04-22 11:03:23,22/04/2025 11:03,22/04/2025 11:03,-,0.0 dias,-,-,-,-
1665058,Enviado para o RM (Integração),1,integracao-projetoisp,-,2025-04-22 11:03:57,22/04/2025 11:03,22/04/2025 11:04,-,0.0 dias,-,-,-,-
1665058,Contrato Ativo,2,integracao-projetoisp,-,2025-04-22 11:04:02,22/04/2025 11:04,23/04/2025 13:15,-,1.09 dias,-,-,-,-
1665058,Aguardando Verificação/Aprovação (NAVA),0,integracao-projetoisp,-,2025-04-23 13:15:13,23/04/2025 13:15,23/04/2025 13:15,-,0.0 dias,-,-,-,-
1665058,Cancelado,X,carlos@zapform.com.br,-,2025-04-23 13:15:30,23/04/2025 13:15,-,-,-,-,-,-,-
1665026,Aguardando Verificação/Aprovação (NAVA),0,-,-,2025-04-22 10:52:28,22/04/2025 10:52,22/04/2025 10:52,-,0.0 dias,-,-,-,-
1665026,Enviado para o RM (Integração),1,integracao-projetoisp,-,2025-04-22 10:52:37,22/04/2025 10:52,22/04/2025 10:52,-,0.0 dias,-,-,-,-
1665026,Contrato Ativo,2,integracao-projetoisp,-,2025-04-22 10:52:42,22/04/2025 10:52,23/04/2025 13:14,-,1.1 dias,-,-,-,-
1665026,Aguardando Verificação/Aprovação (NAVA),0,integracao-projetoisp,-,2025-04-23 13:14:45,23/04/2025 13:14,23/04/2025 13:15,-,0.0 dias,-,-,-,-
1665026,Cancelado,X,carlos@zapform.com.br,-,2025-04-23 13:15:30,23/04/2025 13:15,-,-,-,-,-,-,-
1664998,Aguardando Verificação/Aprovação (NAVA),0,-,-,2025-04-22 10:47:55,22/04/2025 10:47,22/04/2025 10:48,-,0.0 dias,-,-,-,-
1664998,Enviado para o RM (Integração),1,integracao-projetoisp,-,2025-04-22 10:48:56,22/04/2025 10:48,22/04/2025 10:49,-,0.0 dias,-,-,-,-
1664998,Contrato Ativo,2,integracao-projetoisp,-,2025-04-22 10:49:34,22/04/2025 10:49,-,-,-,-,-,-,-
1650577,Aguardando Verificação/Aprovação (NAVA),0,-,-,2025-04-14 16:38:37,14/04/2025 16:38,14/04/2025 16:40,-,0.0 dias,-,-,-,-
1650577,Enviado para o RM (Integração),1,carlos@zapform.com.br,-,2025-04-14 16:40:57,14/04/2025 16:40,14/04/2025 16:41,-,0.0 dias,-,-,-,-
1650577,Contrato Ativo,2,carlos@zapform.com.br,-,2025-04-14 16:41:37,14/04/2025 16:41,-,-,-,-,-,-,-
1650574,Aguardando Verificação/Aprovação (NAVA),0,-,-,2025-04-14 16:38:15,14/04/2025 16:38,28/05/2025 17:01,-,44.02 dias,-,-,-,-
1650574,Cancelado,X,thais.roberta@nava.com.br,-,2025-05-28 17:01:49,28/05/2025 17:01,-,-,-,-,-,-,-
1650571,Aguardando Verificação/Aprovação (NAVA),0,-,-,2025-04-14 16:37:52,14/04/2025 16:37,28/05/2025 16:47,-,44.01 dias,-,-,-,-
1650571,Contrato Ativo,2,thais.roberta@nava.com.br,-,2025-05-28 16:47:42,28/05/2025 16:47,28/05/2025 17:01,-,0.01 dias,-,-,-,-
1650571,Aguardando Verificação/Aprovação (NAVA),0,thais.roberta@nava.com.br,-,2025-05-28 17:01:15,28/05/2025 17:01,28/05/2025 17:01,-,0.0 dias,-,-,-,-
1650571,Cancelado,X,thais.roberta@nava.com.br,-,2025-05-28 17:01:31,28/05/2025 17:01,-,-,-,-,-,-,-
1650449,Aguardando Verificação/Aprovação (NAVA),0,-,-,2025-04-14 16:26:47,14/04/2025 16:26,14/04/2025 16:27,-,0.0 dias,-,-,-,-
1650449,Enviado para o RM (Integração),1,carlos@zapform.com.br,-,2025-04-14 16:27:42,14/04/2025 16:27,14/04/2025 16:28,-,0.0 dias,-,-,-,-
1650449,Contrato Ativo,2,carlos@zapform.com.br,-,2025-04-14 16:28:57,14/04/2025 16:28,17/06/2025 10:08,-,63.74 dias,-,-,-,-
1650449,Aguardando Verificação/Aprovação (NAVA),0,integracao-projetoisp,-,2025-06-17 10:08:37,17/06/2025 10:08,27/06/2025 16:28,-,10.26 dias,-,-,-,-
1650449,Cancelado,X,thais.roberta@nava.com.br,-,2025-06-27 16:28:49,27/06/2025 16:28,-,-,-,-,-,-,-
1643048,Aguardando Verificação/Aprovação (NAVA),0,-,-,2025-04-11 15:36:48,11/04/2025 15:36,11/04/2025 15:38,-,0.0 dias,-,-,-,-
1643048,Enviado para o RM (Integração),1,carlos@zapform.com.br,-,2025-04-11 15:38:09,11/04/2025 15:38,11/04/2025 15:39,-,0.0 dias,-,-,-,-
1643048,Contrato Ativo,2,carlos@zapform.com.br,-,2025-04-11 15:39:17,11/04/2025 15:39,10/05/2025 14:34,-,28.96 dias,-,-,-,-
1643048,Aguardando Verificação/Aprovação (NAVA),0,integracao-projetoisp,-,2025-05-10 14:34:31,10/05/2025 14:34,10/05/2025 14:34,-,0.0 dias,-,-,-,-
1643048,Enviado para o RM (Integração),1,integracao-projetoisp,-,2025-05-10 14:34:48,10/05/2025 14:34,10/05/2025 14:35,-,0.0 dias,-,-,-,-
1643048,Contrato Ativo,2,integracao-projetoisp,-,2025-05-10 14:35:13,10/05/2025 14:35,-,-,-,-,-,-,-
1643046,Aguardando Verificação/Aprovação (NAVA),0,-,-,2025-04-11 15:36:25,11/04/2025 15:36,11/04/2025 15:42,-,0.0 dias,-,-,-,-
1643046,Enviado para o RM (Integração),1,carlos@zapform.com.br,-,2025-04-11 15:42:03,11/04/2025 15:42,11/04/2025 15:43,-,0.0 dias,-,-,-,-
1643046,Contrato Ativo,2,carlos@zapform.com.br,-,2025-04-11 15:43:26,11/04/2025 15:43,-,-,-,-,-,-,-
1632821,Aguardando Verificação/Aprovação (NAVA),0,-,-,2025-04-08 13:59:04,08/04/2025 13:59,09/04/2025 15:15,-,1.05 dias,-,-,-,-
1632821,Enviado para o RM (Integração),1,carlos@zapform.com.br,-,2025-04-09 15:15:32,09/04/2025 15:15,09/04/2025 15:16,-,0.0 dias,-,-,-,-
1632821,Contrato Ativo,2,carlos@zapform.com.br,-,2025-04-09 15:16:48,09/04/2025 15:16,-,-,-,-,-,-,-
1632819,Aguardando Verificação/Aprovação (NAVA),0,-,-,2025-04-08 13:58:42,08/04/2025 13:58,09/04/2025 15:45,-,1.07 dias,-,-,-,-
1632819,Enviado para o RM (Integração),1,carlos@zapform.com.br,-,2025-04-09 15:45:49,09/04/2025 15:45,09/04/2025 15:46,-,0.0 dias,-,-,-,-
1632819,Contrato Ativo,2,carlos@zapform.com.br,-,2025-04-09 15:46:34,09/04/2025 15:46,23/07/2025 16:38,-,105.04 dias,-,-,-,-
1632819,Aguardando Verificação/Aprovação (NAVA),0,integracao-projetoisp,-,2025-07-23 16:38:56,23/07/2025 16:38,23/07/2025 16:41,-,0.0 dias,-,-,-,-
1632819,Enviado para o RM (Integração),1,integracao-projetoisp,-,2025-07-23 16:41:24,23/07/2025 16:41,23/07/2025 16:41,-,0.0 dias,-,-,-,-
1632819,Contrato Ativo,2,integracao-projetoisp,-,2025-07-23 16:41:53,23/07/2025 16:41,-,-,-,-,-,-,-
1632817,Aguardando Verificação/Aprovação (NAVA),0,-,-,2025-04-08 13:58:19,08/04/2025 13:58,09/04/2025 15:42,-,1.07 dias,-,-,-,-
1632817,Enviado para o RM (Integração),1,carlos@zapform.com.br,-,2025-04-09 15:42:33,09/04/2025 15:42,09/04/2025 15:43,-,0.0 dias,-,-,-,-
1632817,Contrato Ativo,2,carlos@zapform.com.br,-,2025-04-09 15:43:34,09/04/2025 15:43,07/07/2025 10:22,-,88.78 dias,-,-,-,-
1632817,Aguardando Verificação/Aprovação (NAVA),0,integracao-projetoisp,-,2025-07-07 10:22:59,07/07/2025 10:22,07/07/2025 10:28,-,0.0 dias,-,-,-,-
1632817,Contratos Encerrados,5,thais.roberta@nava.com.br,-,2025-07-07 10:28:12,07/07/2025 10:28,23/07/2025 10:34,-,16.0 dias,-,-,-,-
1632817,Aguardando Verificação/Aprovação (NAVA),0,thais.roberta@nava.com.br,-,2025-07-23 10:34:21,23/07/2025 10:34,23/07/2025 10:34,-,0.0 dias,-,-,-,-
1632817,Enviado para o RM (Integração),1,integracao-projetoisp,-,2025-07-23 10:34:27,23/07/2025 10:34,23/07/2025 10:35,-,0.0 dias,-,-,-,-
1632817,Contrato Ativo,2,integracao-projetoisp,-,2025-07-23 10:35:00,23/07/2025 10:35,-,-,-,-,-,-,-
1632815,Aguardando Verificação/Aprovação (NAVA),0,-,-,2025-04-08 13:57:59,08/04/2025 13:57,09/04/2025 15:12,-,1.05 dias,-,-,-,-
1632815,Enviado para o RM (Integração),1,carlos@zapform.com.br,-,2025-04-09 15:12:45,09/04/2025 15:12,09/04/2025 15:13,-,0.0 dias,-,-,-,-
1632815,Contrato Ativo,2,carlos@zapform.com.br,-,2025-04-09 15:13:49,09/04/2025 15:13,-,-,-,-,-,-,-
1632813,Aguardando Verificação/Aprovação (NAVA),0,-,-,2025-04-08 13:57:34,08/04/2025 13:57,09/04/2025 15:11,-,1.05 dias,-,-,-,-
1632813,Enviado para o RM (Integração),1,carlos@zapform.com.br,-,2025-04-09 15:11:49,09/04/2025 15:11,09/04/2025 15:12,-,0.0 dias,-,-,-,-
1632813,Contrato Ativo,2,carlos@zapform.com.br,-,2025-04-09 15:12:45,09/04/2025 15:12,-,-,-,-,-,-,-
1632811,Aguardando Verificação/Aprovação (NAVA),0,-,-,2025-04-08 13:57:11,08/04/2025 13:57,09/04/2025 15:10,-,1.05 dias,-,-,-,-
1632811,Enviado para o RM (Integração),1,carlos@zapform.com.br,-,2025-04-09 15:10:53,09/04/2025 15:10,09/04/2025 15:11,-,0.0 dias,-,-,-,-
1632811,Contrato Ativo,2,carlos@zapform.com.br,-,2025-04-09 15:11:45,09/04/2025 15:11,-,-,-,-,-,-,-
1632809,Aguardando Verificação/Aprovação (NAVA),0,-,-,2025-04-08 13:56:48,08/04/2025 13:56,09/04/2025 15:09,-,1.05 dias,-,-,-,-
1632809,Enviado para o RM (Integração),1,carlos@zapform.com.br,-,2025-04-09 15:09:58,09/04/2025 15:09,09/04/2025 15:11,-,0.0 dias,-,-,-,-
1632809,Contrato Ativo,2,carlos@zapform.com.br,-,2025-04-09 15:11:10,09/04/2025 15:11,-,-,-,-,-,-,-
1632806,Aguardando Verificação/Aprovação (NAVA),0,-,-,2025-04-08 13:56:25,08/04/2025 13:56,09/04/2025 15:09,-,1.05 dias,-,-,-,-
1632806,Enviado para o RM (Integração),1,carlos@zapform.com.br,-,2025-04-09 15:09:01,09/04/2025 15:09,09/04/2025 15:09,-,0.0 dias,-,-,-,-
1632806,Contrato Ativo,2,carlos@zapform.com.br,-,2025-04-09 15:09:58,09/04/2025 15:09,-,-,-,-,-,-,-
1632800,Aguardando Verificação/Aprovação (NAVA),0,-,-,2025-04-08 13:56:02,08/04/2025 13:56,09/04/2025 15:43,-,1.07 dias,-,-,-,-
1632800,Enviado para o RM (Integração),1,carlos@zapform.com.br,-,2025-04-09 15:43:29,09/04/2025 15:43,09/04/2025 15:44,-,0.0 dias,-,-,-,-
1632800,Contrato Ativo,2,carlos@zapform.com.br,-,2025-04-09 15:44:31,09/04/2025 15:44,-,-,-,-,-,-,-
1632798,Aguardando Verificação/Aprovação (NAVA),0,-,-,2025-04-08 13:55:39,08/04/2025 13:55,09/04/2025 16:07,-,1.09 dias,-,-,-,-
1632798,Enviado para o RM (Integração),1,carlos@zapform.com.br,-,2025-04-09 16:07:19,09/04/2025 16:07,09/04/2025 16:08,-,0.0 dias,-,-,-,-
1632798,Contrato Ativo,2,carlos@zapform.com.br,-,2025-04-09 16:08:01,09/04/2025 16:08,-,-,-,-,-,-,-
1632793,Aguardando Verificação/Aprovação (NAVA),0,-,-,2025-04-08 13:55:17,08/04/2025 13:55,09/04/2025 15:06,-,1.05 dias,-,-,-,-
1632793,Enviado para o RM (Integração),1,carlos@zapform.com.br,-,2025-04-09 15:06:14,09/04/2025 15:06,09/04/2025 15:07,-,0.0 dias,-,-,-,-
1632793,Contrato Ativo,2,carlos@zapform.com.br,-,2025-04-09 15:07:55,09/04/2025 15:07,20/08/2025 14:58,-,132.99 dias,-,-,-,-
1632793,Aguardando Verificação/Aprovação (NAVA),0,integracao-projetoisp,-,2025-08-20 14:58:48,20/08/2025 14:58,-,-,-,-,-,-,-
1632789,Aguardando Verificação/Aprovação (NAVA),0,-,-,2025-04-08 13:54:55,08/04/2025 13:54,09/04/2025 15:05,-,1.05 dias,-,-,-,-
1632789,Enviado para o RM (Integração),1,carlos@zapform.com.br,-,2025-04-09 15:05:18,09/04/2025 15:05,09/04/2025 15:06,-,0.0 dias,-,-,-,-
1632789,Contrato Ativo,2,carlos@zapform.com.br,-,2025-04-09 15:06:40,09/04/2025 15:06,-,-,-,-,-,-,-
1632785,Aguardando Verificação/Aprovação (NAVA),0,-,-,2025-04-08 13:54:32,08/04/2025 13:54,09/04/2025 15:04,-,1.05 dias,-,-,-,-
1632785,Enviado para o RM (Integração),1,carlos@zapform.com.br,-,2025-04-09 15:04:22,09/04/2025 15:04,09/04/2025 15:05,-,0.0 dias,-,-,-,-
1632785,Contrato Ativo,2,carlos@zapform.com.br,-,2025-04-09 15:05:49,09/04/2025 15:05,-,-,-,-,-,-,-
1632783,Aguardando Verificação/Aprovação (NAVA),0,-,-,2025-04-08 13:54:09,08/04/2025 13:54,09/04/2025 15:03,-,1.05 dias,-,-,-,-
1632783,Enviado para o RM (Integração),1,carlos@zapform.com.br,-,2025-04-09 15:03:26,09/04/2025 15:03,09/04/2025 15:04,-,0.0 dias,-,-,-,-
1632783,Contrato Ativo,2,carlos@zapform.com.br,-,2025-04-09 15:04:09,09/04/2025 15:04,23/06/2025 11:45,-,74.86 dias,-,-,-,-
1632783,Aguardando Verificação/Aprovação (NAVA),0,integracao-projetoisp,-,2025-06-23 11:45:53,23/06/2025 11:45,23/06/2025 11:47,-,0.0 dias,-,-,-,-
1632783,Contratos Encerrados,5,celiene.pinho@nava.com.br,-,2025-06-23 11:47:10,23/06/2025 11:47,-,-,-,-,-,-,-
1632781,Aguardando Verificação/Aprovação (NAVA),0,-,-,2025-04-08 13:53:46,08/04/2025 13:53,09/04/2025 16:08,-,1.09 dias,-,-,-,-
1632781,Enviado para o RM (Integração),1,carlos@zapform.com.br,-,2025-04-09 16:08:15,09/04/2025 16:08,09/04/2025 16:09,-,0.0 dias,-,-,-,-
1632781,Contrato Ativo,2,carlos@zapform.com.br,-,2025-04-09 16:09:00,09/04/2025 16:09,02/09/2025 13:23,-,145.89 dias,-,-,-,-
1632779,Aguardando Verificação/Aprovação (NAVA),0,-,-,2025-04-08 13:53:23,08/04/2025 13:53,09/04/2025 15:01,-,1.05 dias,-,-,-,-
1632779,Enviado para o RM (Integração),1,carlos@zapform.com.br,-,2025-04-09 15:01:37,09/04/2025 15:01,09/04/2025 15:03,-,0.0 dias,-,-,-,-
1632779,Contrato Ativo,2,carlos@zapform.com.br,-,2025-04-09 15:03:51,09/04/2025 15:03,-,-,-,-,-,-,-
1632775,Aguardando Verificação/Aprovação (NAVA),0,-,-,2025-04-08 13:53:01,08/04/2025 13:53,09/04/2025 14:59,-,1.05 dias,-,-,-,-
1632775,Enviado para o RM (Integração),1,carlos@zapform.com.br,-,2025-04-09 14:59:43,09/04/2025 14:59,09/04/2025 15:01,-,0.0 dias,-,-,-,-
1632775,Contrato Ativo,2,carlos@zapform.com.br,-,2025-04-09 15:01:37,09/04/2025 15:01,05/05/2025 16:05,-,26.04 dias,-,-,-,-
1632775,Aguardando Verificação/Aprovação (NAVA),0,integracao-projetoisp,-,2025-05-05 16:05:13,05/05/2025 16:05,05/05/2025 16:05,-,0.0 dias,-,-,-,-
1632775,Cancelado,X,carlos@zapform.com.br,-,2025-05-05 16:05:19,05/05/2025 16:05,-,-,-,-,-,-,-
1632773,Aguardando Verificação/Aprovação (NAVA),0,-,-,2025-04-08 13:52:38,08/04/2025 13:52,09/04/2025 15:00,-,1.05 dias,-,-,-,-
1632773,Enviado para o RM (Integração),1,carlos@zapform.com.br,-,2025-04-09 15:00:39,09/04/2025 15:00,09/04/2025 15:02,-,0.0 dias,-,-,-,-
1632773,Contrato Ativo,2,carlos@zapform.com.br,-,2025-04-09 15:02:25,09/04/2025 15:02,19/05/2025 13:49,-,39.95 dias,-,-,-,-
1632773,Aguardando Verificação/Aprovação (NAVA),0,integracao-projetoisp,-,2025-05-19 13:49:27,19/05/2025 13:49,19/05/2025 13:51,-,0.0 dias,-,-,-,-
1632773,Enviado para o RM (Integração),1,integracao-projetoisp,-,2025-05-19 13:51:20,19/05/2025 13:51,19/05/2025 13:51,-,0.0 dias,-,-,-,-
1632773,Contrato Ativo,2,integracao-projetoisp,-,2025-05-19 13:51:50,19/05/2025 13:51,-,-,-,-,-,-,-
1632771,Aguardando Verificação/Aprovação (NAVA),0,-,-,2025-04-08 13:52:15,08/04/2025 13:52,09/04/2025 14:58,-,1.05 dias,-,-,-,-
1632771,Enviado para o RM (Integração),1,carlos@zapform.com.br,-,2025-04-09 14:58:48,09/04/2025 14:58,09/04/2025 15:00,-,0.0 dias,-,-,-,-
1632771,Contrato Ativo,2,carlos@zapform.com.br,-,2025-04-09 15:00:35,09/04/2025 15:00,-,-,-,-,-,-,-
1632768,Aguardando Verificação/Aprovação (NAVA),0,-,-,2025-04-08 13:51:52,08/04/2025 13:51,09/04/2025 14:57,-,1.05 dias,-,-,-,-
1632768,Enviado para o RM (Integração),1,carlos@zapform.com.br,-,2025-04-09 14:57:52,09/04/2025 14:57,09/04/2025 14:58,-,0.0 dias,-,-,-,-
1632768,Contrato Ativo,2,carlos@zapform.com.br,-,2025-04-09 14:58:59,09/04/2025 14:58,-,-,-,-,-,-,-
1632766,Aguardando Verificação/Aprovação (NAVA),0,-,-,2025-04-08 13:51:29,08/04/2025 13:51,09/04/2025 14:56,-,1.05 dias,-,-,-,-
1632766,Enviado para o RM (Integração),1,carlos@zapform.com.br,-,2025-04-09 14:56:56,09/04/2025 14:56,09/04/2025 14:58,-,0.0 dias,-,-,-,-
1632766,Contrato Ativo,2,carlos@zapform.com.br,-,2025-04-09 14:58:58,09/04/2025 14:58,-,-,-,-,-,-,-
1632764,Aguardando Verificação/Aprovação (NAVA),0,-,-,2025-04-08 13:51:07,08/04/2025 13:51,09/04/2025 14:56,-,1.05 dias,-,-,-,-
1632764,Enviado para o RM (Integração),1,carlos@zapform.com.br,-,2025-04-09 14:56:01,09/04/2025 14:56,09/04/2025 14:57,-,0.0 dias,-,-,-,-
1632764,Contrato Ativo,2,carlos@zapform.com.br,-,2025-04-09 14:57:04,09/04/2025 14:57,-,-,-,-,-,-,-
1632762,Aguardando Verificação/Aprovação (NAVA),0,-,-,2025-04-08 13:50:41,08/04/2025 13:50,09/04/2025 14:55,-,1.04 dias,-,-,-,-
1632762,Enviado para o RM (Integração),1,carlos@zapform.com.br,-,2025-04-09 14:55:05,09/04/2025 14:55,09/04/2025 14:55,-,0.0 dias,-,-,-,-
1632762,Contrato Ativo,2,carlos@zapform.com.br,-,2025-04-09 14:55:45,09/04/2025 14:55,-,-,-,-,-,-,-
1632760,Aguardando Verificação/Aprovação (NAVA),0,-,-,2025-04-08 13:50:18,08/04/2025 13:50,10/04/2025 11:48,-,1.92 dias,-,-,-,-
1632760,Enviado para o RM (Integração),1,carlos@zapform.com.br,-,2025-04-10 11:48:31,10/04/2025 11:48,10/04/2025 11:49,-,0.0 dias,-,-,-,-
1632760,Contrato Ativo,2,carlos@zapform.com.br,-,2025-04-10 11:49:08,10/04/2025 11:49,02/06/2025 16:28,-,53.19 dias,-,-,-,-
1632760,Aguardando Verificação/Aprovação (NAVA),0,integracao-projetoisp,-,2025-06-02 16:28:56,02/06/2025 16:28,02/06/2025 16:29,-,0.0 dias,-,-,-,-
1632760,Enviado para o RM (Integração),1,integracao-projetoisp,-,2025-06-02 16:29:27,02/06/2025 16:29,02/06/2025 16:29,-,0.0 dias,-,-,-,-
1632760,Contrato Ativo,2,integracao-projetoisp,-,2025-06-02 16:29:50,02/06/2025 16:29,-,-,-,-,-,-,-
1632757,Aguardando Verificação/Aprovação (NAVA),0,-,-,2025-04-08 13:49:56,08/04/2025 13:49,09/04/2025 14:53,-,1.04 dias,-,-,-,-
1632757,Enviado para o RM (Integração),1,carlos@zapform.com.br,-,2025-04-09 14:53:13,09/04/2025 14:53,09/04/2025 14:54,-,0.0 dias,-,-,-,-
1632757,Contrato Ativo,2,carlos@zapform.com.br,-,2025-04-09 14:54:37,09/04/2025 14:54,05/06/2025 16:00,-,57.05 dias,-,-,-,-
1632757,Aguardando Verificação/Aprovação (NAVA),0,integracao-projetoisp,-,2025-06-05 16:00:23,05/06/2025 16:00,04/07/2025 12:07,-,28.84 dias,-,-,-,-
1632757,Enviado para o RM (Integração),1,integracao-projetoisp,-,2025-07-04 12:07:44,04/07/2025 12:07,04/07/2025 12:08,-,0.0 dias,-,-,-,-
1632757,Contrato Ativo,2,integracao-projetoisp,-,2025-07-04 12:08:05,04/07/2025 12:08,-,-,-,-,-,-,-
1632754,Aguardando Verificação/Aprovação (NAVA),0,-,-,2025-04-08 13:49:33,08/04/2025 13:49,09/04/2025 14:52,-,1.04 dias,-,-,-,-
1632754,Enviado para o RM (Integração),1,carlos@zapform.com.br,-,2025-04-09 14:52:17,09/04/2025 14:52,09/04/2025 14:54,-,0.0 dias,-,-,-,-
1632754,Contrato Ativo,2,carlos@zapform.com.br,-,2025-04-09 14:54:10,09/04/2025 14:54,-,-,-,-,-,-,-
1632750,Aguardando Verificação/Aprovação (NAVA),0,-,-,2025-04-08 13:49:11,08/04/2025 13:49,09/04/2025 14:50,-,1.04 dias,-,-,-,-
1632750,Enviado para o RM (Integração),1,carlos@zapform.com.br,-,2025-04-09 14:50:26,09/04/2025 14:50,09/04/2025 14:52,-,0.0 dias,-,-,-,-
1632750,Contrato Ativo,2,carlos@zapform.com.br,-,2025-04-09 14:52:27,09/04/2025 14:52,05/05/2025 15:14,-,26.02 dias,-,-,-,-
1632750,Aguardando Verificação/Aprovação (NAVA),0,integracao-projetoisp,-,2025-05-05 15:14:42,05/05/2025 15:14,05/05/2025 15:14,-,0.0 dias,-,-,-,-
1632750,Cancelado,X,carlos@zapform.com.br,-,2025-05-05 15:14:53,05/05/2025 15:14,-,-,-,-,-,-,-
1632748,Aguardando Verificação/Aprovação (NAVA),0,-,-,2025-04-08 13:48:49,08/04/2025 13:48,09/04/2025 14:51,-,1.04 dias,-,-,-,-
1632748,Enviado para o RM (Integração),1,carlos@zapform.com.br,-,2025-04-09 14:51:22,09/04/2025 14:51,09/04/2025 14:53,-,0.0 dias,-,-,-,-
1632748,Contrato Ativo,2,carlos@zapform.com.br,-,2025-04-09 14:53:35,09/04/2025 14:53,-,-,-,-,-,-,-
1632746,Aguardando Verificação/Aprovação (NAVA),0,-,-,2025-04-08 13:48:26,08/04/2025 13:48,09/04/2025 14:47,-,1.04 dias,-,-,-,-
1632746,Enviado para o RM (Integração),1,carlos@zapform.com.br,-,2025-04-09 14:47:39,09/04/2025 14:47,09/04/2025 14:48,-,0.0 dias,-,-,-,-
1632746,Contrato Ativo,2,carlos@zapform.com.br,-,2025-04-09 14:48:21,09/04/2025 14:48,03/06/2025 12:13,-,54.89 dias,-,-,-,-
1632746,Aguardando Verificação/Aprovação (NAVA),0,integracao-projetoisp,-,2025-06-03 12:13:24,03/06/2025 12:13,03/06/2025 14:45,-,0.11 dias,-,-,-,-
1632746,Cancelado,X,thais.roberta@nava.com.br,-,2025-06-03 14:45:06,03/06/2025 14:45,-,-,-,-,-,-,-
1632745,Aguardando Verificação/Aprovação (NAVA),0,-,-,2025-04-08 13:48:04,08/04/2025 13:48,09/04/2025 14:48,-,1.04 dias,-,-,-,-
1632745,Enviado para o RM (Integração),1,carlos@zapform.com.br,-,2025-04-09 14:48:34,09/04/2025 14:48,09/04/2025 14:49,-,0.0 dias,-,-,-,-
1632745,Contrato Ativo,2,carlos@zapform.com.br,-,2025-04-09 14:49:18,09/04/2025 14:49,05/05/2025 15:28,-,26.03 dias,-,-,-,-
1632745,Aguardando Verificação/Aprovação (NAVA),0,integracao-projetoisp,-,2025-05-05 15:28:44,05/05/2025 15:28,05/05/2025 15:28,-,0.0 dias,-,-,-,-
1632745,Cancelado,X,carlos@zapform.com.br,-,2025-05-05 15:28:52,05/05/2025 15:28,-,-,-,-,-,-,-
1632744,Aguardando Verificação/Aprovação (NAVA),0,-,-,2025-04-08 13:47:41,08/04/2025 13:47,09/04/2025 14:49,-,1.04 dias,-,-,-,-
1632744,Enviado para o RM (Integração),1,carlos@zapform.com.br,-,2025-04-09 14:49:30,09/04/2025 14:49,09/04/2025 14:50,-,0.0 dias,-,-,-,-
1632744,Contrato Ativo,2,carlos@zapform.com.br,-,2025-04-09 14:50:46,09/04/2025 14:50,05/05/2025 15:47,-,26.04 dias,-,-,-,-
1632744,Aguardando Verificação/Aprovação (NAVA),0,integracao-projetoisp,-,2025-05-05 15:47:46,05/05/2025 15:47,05/05/2025 15:48,-,0.0 dias,-,-,-,-
1632744,Cancelado,X,carlos@zapform.com.br,-,2025-05-05 15:48:53,05/05/2025 15:48,-,-,-,-,-,-,-
1632741,Aguardando Verificação/Aprovação (NAVA),0,-,-,2025-04-08 13:47:19,08/04/2025 13:47,09/04/2025 14:45,-,1.04 dias,-,-,-,-
1632741,Enviado para o RM (Integração),1,carlos@zapform.com.br,-,2025-04-09 14:45:47,09/04/2025 14:45,09/04/2025 14:46,-,0.0 dias,-,-,-,-
1632741,Contrato Ativo,2,carlos@zapform.com.br,-,2025-04-09 14:46:37,09/04/2025 14:46,05/05/2025 13:28,-,25.95 dias,-,-,-,-
1632741,Aguardando Verificação/Aprovação (NAVA),0,integracao-projetoisp,-,2025-05-05 13:28:54,05/05/2025 13:28,05/05/2025 13:29,-,0.0 dias,-,-,-,-
1632741,Cancelado,X,carlos@zapform.com.br,-,2025-05-05 13:29:01,05/05/2025 13:29,-,-,-,-,-,-,-
1632740,Aguardando Verificação/Aprovação (NAVA),0,-,-,2025-04-08 13:46:56,08/04/2025 13:46,09/04/2025 14:46,-,1.04 dias,-,-,-,-
1632740,Enviado para o RM (Integração),1,carlos@zapform.com.br,-,2025-04-09 14:46:43,09/04/2025 14:46,09/04/2025 14:48,-,0.0 dias,-,-,-,-
1632740,Contrato Ativo,2,carlos@zapform.com.br,-,2025-04-09 14:48:10,09/04/2025 14:48,-,-,-,-,-,-,-
1632738,Aguardando Verificação/Aprovação (NAVA),0,-,-,2025-04-08 13:46:34,08/04/2025 13:46,09/04/2025 14:44,-,1.04 dias,-,-,-,-
1632738,Enviado para o RM (Integração),1,carlos@zapform.com.br,-,2025-04-09 14:44:51,09/04/2025 14:44,09/04/2025 14:46,-,0.0 dias,-,-,-,-
1632738,Contrato Ativo,2,carlos@zapform.com.br,-,2025-04-09 14:46:25,09/04/2025 14:46,24/04/2025 14:20,-,14.98 dias,-,-,-,-
1632738,Cancelado,X,celiene.pinho@nava.com.br,-,2025-04-24 14:20:24,24/04/2025 14:20,-,-,-,-,-,-,-
1632735,Aguardando Verificação/Aprovação (NAVA),0,-,-,2025-04-08 13:46:11,08/04/2025 13:46,09/04/2025 14:42,-,1.04 dias,-,-,-,-
1632735,Enviado para o RM (Integração),1,carlos@zapform.com.br,-,2025-04-09 14:42:59,09/04/2025 14:42,09/04/2025 14:43,-,0.0 dias,-,-,-,-
1632735,Contrato Ativo,2,carlos@zapform.com.br,-,2025-04-09 14:43:49,09/04/2025 14:43,05/05/2025 14:54,-,26.01 dias,-,-,-,-
1632735,Aguardando Verificação/Aprovação (NAVA),0,integracao-projetoisp,-,2025-05-05 14:54:37,05/05/2025 14:54,05/05/2025 14:54,-,0.0 dias,-,-,-,-
1632735,Cancelado,X,carlos@zapform.com.br,-,2025-05-05 14:54:47,05/05/2025 14:54,-,-,-,-,-,-,-
1632733,Aguardando Verificação/Aprovação (NAVA),0,-,-,2025-04-08 13:45:42,08/04/2025 13:45,09/04/2025 14:43,-,1.04 dias,-,-,-,-
1632733,Enviado para o RM (Integração),1,carlos@zapform.com.br,-,2025-04-09 14:43:55,09/04/2025 14:43,09/04/2025 14:44,-,0.0 dias,-,-,-,-
1632733,Contrato Ativo,2,carlos@zapform.com.br,-,2025-04-09 14:44:45,09/04/2025 14:44,-,-,-,-,-,-,-
1632731,Aguardando Verificação/Aprovação (NAVA),0,-,-,2025-04-08 13:45:19,08/04/2025 13:45,09/04/2025 14:42,-,1.04 dias,-,-,-,-
1632731,Enviado para o RM (Integração),1,carlos@zapform.com.br,-,2025-04-09 14:42:05,09/04/2025 14:42,09/04/2025 14:42,-,0.0 dias,-,-,-,-
1632731,Contrato Ativo,2,carlos@zapform.com.br,-,2025-04-09 14:42:55,09/04/2025 14:42,-,-,-,-,-,-,-
1632729,Aguardando Verificação/Aprovação (NAVA),0,-,-,2025-04-08 13:44:56,08/04/2025 13:44,09/04/2025 14:41,-,1.04 dias,-,-,-,-
1632729,Enviado para o RM (Integração),1,carlos@zapform.com.br,-,2025-04-09 14:41:08,09/04/2025 14:41,09/04/2025 14:42,-,0.0 dias,-,-,-,-
1632729,Contrato Ativo,2,carlos@zapform.com.br,-,2025-04-09 14:42:05,09/04/2025 14:42,-,-,-,-,-,-,-
1632727,Aguardando Verificação/Aprovação (NAVA),0,-,-,2025-04-08 13:44:34,08/04/2025 13:44,09/04/2025 14:40,-,1.04 dias,-,-,-,-
1632727,Enviado para o RM (Integração),1,carlos@zapform.com.br,-,2025-04-09 14:40:13,09/04/2025 14:40,09/04/2025 14:41,-,0.0 dias,-,-,-,-
1632727,Contrato Ativo,2,carlos@zapform.com.br,-,2025-04-09 14:41:45,09/04/2025 14:41,-,-,-,-,-,-,-
1632725,Aguardando Verificação/Aprovação (NAVA),0,-,-,2025-04-08 13:44:05,08/04/2025 13:44,09/04/2025 16:10,-,1.1 dias,-,-,-,-
1632725,Enviado para o RM (Integração),1,carlos@zapform.com.br,-,2025-04-09 16:10:33,09/04/2025 16:10,09/04/2025 16:11,-,0.0 dias,-,-,-,-
1632725,Contrato Ativo,2,carlos@zapform.com.br,-,2025-04-09 16:11:16,09/04/2025 16:11,05/06/2025 17:05,-,57.04 dias,-,-,-,-
1632725,Aguardando Verificação/Aprovação (NAVA),0,integracao-projetoisp,-,2025-06-05 17:05:17,05/06/2025 17:05,03/07/2025 10:45,-,27.74 dias,-,-,-,-
1632725,Cancelado,X,thais.roberta@nava.com.br,-,2025-07-03 10:45:13,03/07/2025 10:45,-,-,-,-,-,-,-
1632723,Aguardando Verificação/Aprovação (NAVA),0,-,-,2025-04-08 13:43:41,08/04/2025 13:43,09/04/2025 14:38,-,1.04 dias,-,-,-,-
1632723,Enviado para o RM (Integração),1,carlos@zapform.com.br,-,2025-04-09 14:38:20,09/04/2025 14:38,09/04/2025 14:40,-,0.0 dias,-,-,-,-
1632723,Contrato Ativo,2,carlos@zapform.com.br,-,2025-04-09 14:40:15,09/04/2025 14:40,-,-,-,-,-,-,-
1632721,Aguardando Verificação/Aprovação (NAVA),0,-,-,2025-04-08 13:43:19,08/04/2025 13:43,10/04/2025 11:49,-,1.92 dias,-,-,-,-
1632721,Enviado para o RM (Integração),1,carlos@zapform.com.br,-,2025-04-10 11:49:26,10/04/2025 11:49,10/04/2025 11:50,-,0.0 dias,-,-,-,-
1632721,Contrato Ativo,2,carlos@zapform.com.br,-,2025-04-10 11:50:05,10/04/2025 11:50,-,-,-,-,-,-,-
1632718,Aguardando Verificação/Aprovação (NAVA),0,-,-,2025-04-08 13:42:56,08/04/2025 13:42,09/04/2025 14:35,-,1.04 dias,-,-,-,-
1632718,Enviado para o RM (Integração),1,carlos@zapform.com.br,-,2025-04-09 14:35:33,09/04/2025 14:35,09/04/2025 14:36,-,0.0 dias,-,-,-,-
1632718,Contrato Ativo,2,carlos@zapform.com.br,-,2025-04-09 14:36:15,09/04/2025 14:36,05/05/2025 14:03,-,25.98 dias,-,-,-,-
1632718,Aguardando Verificação/Aprovação (NAVA),0,integracao-projetoisp,-,2025-05-05 14:03:59,05/05/2025 14:03,05/05/2025 14:06,-,0.0 dias,-,-,-,-
1632718,Cancelado,X,carlos@zapform.com.br,-,2025-05-05 14:06:06,05/05/2025 14:06,31/07/2025 11:24,-,86.89 dias,-,-,-,-
1632718,Aguardando Verificação/Aprovação (NAVA),0,thais.roberta@nava.com.br,-,2025-07-31 11:24:21,31/07/2025 11:24,31/07/2025 11:24,-,0.0 dias,-,-,-,-
1632718,Enviado para o RM (Integração),1,integracao-projetoisp,-,2025-07-31 11:24:42,31/07/2025 11:24,31/07/2025 11:25,-,0.0 dias,-,-,-,-
1632718,Contrato Ativo,2,integracao-projetoisp,-,2025-07-31 11:25:19,31/07/2025 11:25,07/08/2025 17:13,-,7.24 dias,-,-,-,-
1632718,Aguardando Verificação/Aprovação (NAVA),0,integracao-projetoisp,-,2025-08-07 17:13:41,07/08/2025 17:13,-,-,-,-,-,-,-
1632717,Aguardando Verificação/Aprovação (NAVA),0,-,-,2025-04-08 13:42:34,08/04/2025 13:42,09/04/2025 14:36,-,1.04 dias,-,-,-,-
1632717,Enviado para o RM (Integração),1,carlos@zapform.com.br,-,2025-04-09 14:36:29,09/04/2025 14:36,09/04/2025 14:37,-,0.0 dias,-,-,-,-
1632717,Contrato Ativo,2,carlos@zapform.com.br,-,2025-04-09 14:37:49,09/04/2025 14:37,24/07/2025 10:03,-,105.81 dias,-,-,-,-
1632717,Aguardando Verificação/Aprovação (NAVA),0,integracao-projetoisp,-,2025-07-24 10:03:15,24/07/2025 10:03,24/07/2025 10:58,-,0.04 dias,-,-,-,-
1632717,Cancelado,X,thais.roberta@nava.com.br,-,2025-07-24 10:58:22,24/07/2025 10:58,-,-,-,-,-,-,-
1632714,Aguardando Verificação/Aprovação (NAVA),0,-,-,2025-04-08 13:42:11,08/04/2025 13:42,09/04/2025 14:33,-,1.04 dias,-,-,-,-
1632714,Enviado para o RM (Integração),1,carlos@zapform.com.br,-,2025-04-09 14:33:41,09/04/2025 14:33,09/04/2025 14:34,-,0.0 dias,-,-,-,-
1632714,Contrato Ativo,2,carlos@zapform.com.br,-,2025-04-09 14:34:51,09/04/2025 14:34,05/05/2025 14:26,-,25.99 dias,-,-,-,-
1632714,Aguardando Verificação/Aprovação (NAVA),0,integracao-projetoisp,-,2025-05-05 14:26:57,05/05/2025 14:26,05/05/2025 14:27,-,0.0 dias,-,-,-,-
1632714,Cancelado,X,carlos@zapform.com.br,-,2025-05-05 14:27:03,05/05/2025 14:27,-,-,-,-,-,-,-
1632713,Aguardando Verificação/Aprovação (NAVA),0,-,-,2025-04-08 13:41:49,08/04/2025 13:41,09/04/2025 14:34,-,1.04 dias,-,-,-,-
1632713,Enviado para o RM (Integração),1,carlos@zapform.com.br,-,2025-04-09 14:34:37,09/04/2025 14:34,09/04/2025 14:35,-,0.0 dias,-,-,-,-
1632713,Contrato Ativo,2,carlos@zapform.com.br,-,2025-04-09 14:35:20,09/04/2025 14:35,-,-,-,-,-,-,-
1632711,Aguardando Verificação/Aprovação (NAVA),0,-,-,2025-04-08 13:41:26,08/04/2025 13:41,09/04/2025 14:32,-,1.04 dias,-,-,-,-
1632711,Enviado para o RM (Integração),1,carlos@zapform.com.br,-,2025-04-09 14:32:45,09/04/2025 14:32,09/04/2025 14:33,-,0.0 dias,-,-,-,-
1632711,Contrato Ativo,2,carlos@zapform.com.br,-,2025-04-09 14:33:26,09/04/2025 14:33,-,-,-,-,-,-,-
1632709,Aguardando Verificação/Aprovação (NAVA),0,-,-,2025-04-08 13:41:04,08/04/2025 13:41,09/04/2025 14:31,-,1.04 dias,-,-,-,-
1632709,Enviado para o RM (Integração),1,carlos@zapform.com.br,-,2025-04-09 14:31:52,09/04/2025 14:31,09/04/2025 14:33,-,0.0 dias,-,-,-,-
1632709,Contrato Ativo,2,carlos@zapform.com.br,-,2025-04-09 14:33:00,09/04/2025 14:33,-,-,-,-,-,-,-
1632706,Aguardando Verificação/Aprovação (NAVA),0,-,-,2025-04-08 13:40:41,08/04/2025 13:40,09/04/2025 14:29,-,1.03 dias,-,-,-,-
1632706,Enviado para o RM (Integração),1,carlos@zapform.com.br,-,2025-04-09 14:29:58,09/04/2025 14:29,09/04/2025 14:31,-,0.0 dias,-,-,-,-
1632706,Contrato Ativo,2,carlos@zapform.com.br,-,2025-04-09 14:31:06,09/04/2025 14:31,05/05/2025 16:05,-,26.07 dias,-,-,-,-
1632706,Aguardando Verificação/Aprovação (NAVA),0,integracao-projetoisp,-,2025-05-05 16:05:58,05/05/2025 16:05,05/05/2025 16:06,-,0.0 dias,-,-,-,-
1632706,Cancelado,X,carlos@zapform.com.br,-,2025-05-05 16:06:02,05/05/2025 16:06,-,-,-,-,-,-,-
1632705,Aguardando Verificação/Aprovação (NAVA),0,-,-,2025-04-08 13:40:18,08/04/2025 13:40,09/04/2025 14:30,-,1.04 dias,-,-,-,-
1632705,Enviado para o RM (Integração),1,carlos@zapform.com.br,-,2025-04-09 14:30:54,09/04/2025 14:30,09/04/2025 14:32,-,0.0 dias,-,-,-,-
1632705,Contrato Ativo,2,carlos@zapform.com.br,-,2025-04-09 14:32:25,09/04/2025 14:32,-,-,-,-,-,-,-
1632703,Aguardando Verificação/Aprovação (NAVA),0,-,-,2025-04-08 13:39:54,08/04/2025 13:39,10/04/2025 11:42,-,1.92 dias,-,-,-,-
1632703,Enviado para o RM (Integração),1,carlos@zapform.com.br,-,2025-04-10 11:42:33,10/04/2025 11:42,10/04/2025 11:43,-,0.0 dias,-,-,-,-
1632703,Contrato Ativo,2,carlos@zapform.com.br,-,2025-04-10 11:43:14,10/04/2025 11:43,-,-,-,-,-,-,-
1632701,Aguardando Verificação/Aprovação (NAVA),0,-,-,2025-04-08 13:39:31,08/04/2025 13:39,09/04/2025 14:28,-,1.03 dias,-,-,-,-
1632701,Enviado para o RM (Integração),1,carlos@zapform.com.br,-,2025-04-09 14:28:06,09/04/2025 14:28,09/04/2025 14:29,-,0.0 dias,-,-,-,-
1632701,Contrato Ativo,2,carlos@zapform.com.br,-,2025-04-09 14:29:03,09/04/2025 14:29,28/04/2025 09:28,-,18.79 dias,-,-,-,-
1632701,Aguardando Verificação/Aprovação (NAVA),0,integracao-projetoisp,-,2025-04-28 09:28:57,28/04/2025 09:28,28/04/2025 09:30,-,0.0 dias,-,-,-,-
1632701,Contratos Encerrados,5,celiene.pinho@nava.com.br,-,2025-04-28 09:30:01,28/04/2025 09:30,-,-,-,-,-,-,-
1632697,Aguardando Verificação/Aprovação (NAVA),0,-,-,2025-04-08 13:39:08,08/04/2025 13:39,09/04/2025 12:50,-,0.97 dias,-,-,-,-
1632697,Enviado para o RM (Integração),1,carlos@zapform.com.br,-,2025-04-09 12:50:42,09/04/2025 12:50,09/04/2025 12:51,-,0.0 dias,-,-,-,-
1632697,Contrato Ativo,2,carlos@zapform.com.br,-,2025-04-09 12:51:47,09/04/2025 12:51,05/05/2025 15:09,-,26.1 dias,-,-,-,-
1632697,Aguardando Verificação/Aprovação (NAVA),0,integracao-projetoisp,-,2025-05-05 15:09:16,05/05/2025 15:09,05/05/2025 15:09,-,0.0 dias,-,-,-,-
1632697,Cancelado,X,carlos@zapform.com.br,-,2025-05-05 15:09:25,05/05/2025 15:09,-,-,-,-,-,-,-
1632696,Aguardando Verificação/Aprovação (NAVA),0,-,-,2025-04-08 13:38:45,08/04/2025 13:38,10/04/2025 11:43,-,1.92 dias,-,-,-,-
1632696,Enviado para o RM (Integração),1,carlos@zapform.com.br,-,2025-04-10 11:43:29,10/04/2025 11:43,10/04/2025 11:44,-,0.0 dias,-,-,-,-
1632696,Contrato Ativo,2,carlos@zapform.com.br,-,2025-04-10 11:44:10,10/04/2025 11:44,-,-,-,-,-,-,-
1632692,Aguardando Verificação/Aprovação (NAVA),0,-,-,2025-04-08 13:38:21,08/04/2025 13:38,09/04/2025 14:25,-,1.03 dias,-,-,-,-
1632692,Enviado para o RM (Integração),1,carlos@zapform.com.br,-,2025-04-09 14:25:18,09/04/2025 14:25,09/04/2025 14:26,-,0.0 dias,-,-,-,-
1632692,Contrato Ativo,2,carlos@zapform.com.br,-,2025-04-09 14:26:07,09/04/2025 14:26,-,-,-,-,-,-,-
1632687,Aguardando Verificação/Aprovação (NAVA),0,-,-,2025-04-08 13:37:58,08/04/2025 13:37,10/04/2025 17:17,-,2.15 dias,-,-,-,-
1632687,Enviado para o RM (Integração),1,carlos@zapform.com.br,-,2025-04-10 17:17:58,10/04/2025 17:17,10/04/2025 17:18,-,0.0 dias,-,-,-,-
1632687,Contrato Ativo,2,carlos@zapform.com.br,-,2025-04-10 17:18:58,10/04/2025 17:18,06/06/2025 15:28,-,56.92 dias,-,-,-,-
1632687,Aguardando Verificação/Aprovação (NAVA),0,integracao-projetoisp,-,2025-06-06 15:28:00,06/06/2025 15:28,18/07/2025 15:50,-,42.02 dias,-,-,-,-
1632687,Enviado para o RM (Integração),1,integracao-projetoisp,-,2025-07-18 15:50:59,18/07/2025 15:50,18/07/2025 16:04,-,0.01 dias,-,-,-,-
1632687,Aguardando Verificação/Aprovação (NAVA),0,thais.roberta@nava.com.br,-,2025-07-18 16:04:35,18/07/2025 16:04,18/07/2025 16:04,-,0.0 dias,-,-,-,-
1632687,Enviado para o RM (Integração),1,integracao-projetoisp,-,2025-07-18 16:04:51,18/07/2025 16:04,18/07/2025 16:05,-,0.0 dias,-,-,-,-
1632687,Contrato Ativo,2,integracao-projetoisp,-,2025-07-18 16:05:11,18/07/2025 16:05,18/07/2025 16:07,-,0.0 dias,-,-,-,-
1632687,Enviado para o RM (Integração),1,integracao-projetoisp,-,2025-07-18 16:07:50,18/07/2025 16:07,18/07/2025 16:18,-,0.01 dias,-,-,-,-
1632687,Contrato Ativo,2,thais.roberta@nava.com.br,-,2025-07-18 16:18:18,18/07/2025 16:18,-,-,-,-,-,-,-
1632685,Aguardando Verificação/Aprovação (NAVA),0,-,-,2025-04-08 13:37:34,08/04/2025 13:37,09/04/2025 14:24,-,1.03 dias,-,-,-,-
1632685,Enviado para o RM (Integração),1,carlos@zapform.com.br,-,2025-04-09 14:24:22,09/04/2025 14:24,09/04/2025 14:25,-,0.0 dias,-,-,-,-
1632685,Contrato Ativo,2,carlos@zapform.com.br,-,2025-04-09 14:25:57,09/04/2025 14:25,30/07/2025 12:44,-,111.93 dias,-,-,-,-
1632685,Aguardando Verificação/Aprovação (NAVA),0,integracao-projetoisp,-,2025-07-30 12:44:45,30/07/2025 12:44,30/07/2025 12:53,-,0.01 dias,-,-,-,-
1632685,Enviado para o RM (Integração),1,integracao-projetoisp,-,2025-07-30 12:53:03,30/07/2025 12:53,30/07/2025 12:53,-,0.0 dias,-,-,-,-
1632685,Contrato Ativo,2,integracao-projetoisp,-,2025-07-30 12:53:23,30/07/2025 12:53,-,-,-,-,-,-,-
1632681,Aguardando Verificação/Aprovação (NAVA),0,-,-,2025-04-08 13:37:11,08/04/2025 13:37,09/04/2025 14:23,-,1.03 dias,-,-,-,-
1632681,Enviado para o RM (Integração),1,carlos@zapform.com.br,-,2025-04-09 14:23:27,09/04/2025 14:23,09/04/2025 14:24,-,0.0 dias,-,-,-,-
1632681,Contrato Ativo,2,carlos@zapform.com.br,-,2025-04-09 14:24:41,09/04/2025 14:24,-,-,-,-,-,-,-
1632679,Aguardando Verificação/Aprovação (NAVA),0,-,-,2025-04-08 13:36:43,08/04/2025 13:36,09/04/2025 14:22,-,1.03 dias,-,-,-,-
1632679,Enviado para o RM (Integração),1,carlos@zapform.com.br,-,2025-04-09 14:22:31,09/04/2025 14:22,09/04/2025 14:23,-,0.0 dias,-,-,-,-
1632679,Contrato Ativo,2,carlos@zapform.com.br,-,2025-04-09 14:23:27,09/04/2025 14:23,27/06/2025 17:30,-,79.13 dias,-,-,-,-
1632679,Contratos Encerrados,5,juliana.santos@nava.com.br,-,2025-06-27 17:30:25,27/06/2025 17:30,-,-,-,-,-,-,-
1632676,Aguardando Verificação/Aprovação (NAVA),0,-,-,2025-04-08 13:36:21,08/04/2025 13:36,09/04/2025 14:21,-,1.03 dias,-,-,-,-
1632676,Enviado para o RM (Integração),1,carlos@zapform.com.br,-,2025-04-09 14:21:35,09/04/2025 14:21,09/04/2025 14:22,-,0.0 dias,-,-,-,-
1632676,Contrato Ativo,2,carlos@zapform.com.br,-,2025-04-09 14:22:39,09/04/2025 14:22,-,-,-,-,-,-,-
1632672,Aguardando Verificação/Aprovação (NAVA),0,-,-,2025-04-08 13:35:58,08/04/2025 13:35,09/04/2025 14:20,-,1.03 dias,-,-,-,-
1632672,Enviado para o RM (Integração),1,carlos@zapform.com.br,-,2025-04-09 14:20:39,09/04/2025 14:20,09/04/2025 14:21,-,0.0 dias,-,-,-,-
1632672,Contrato Ativo,2,carlos@zapform.com.br,-,2025-04-09 14:21:46,09/04/2025 14:21,-,-,-,-,-,-,-
1632670,Aguardando Verificação/Aprovação (NAVA),0,-,-,2025-04-08 13:35:34,08/04/2025 13:35,09/04/2025 14:19,-,1.03 dias,-,-,-,-
1632670,Enviado para o RM (Integração),1,carlos@zapform.com.br,-,2025-04-09 14:19:43,09/04/2025 14:19,09/04/2025 14:20,-,0.0 dias,-,-,-,-
1632670,Contrato Ativo,2,carlos@zapform.com.br,-,2025-04-09 14:20:55,09/04/2025 14:20,05/06/2025 12:09,-,56.91 dias,-,-,-,-
1632670,Aguardando Verificação/Aprovação (NAVA),0,integracao-projetoisp,-,2025-06-05 12:09:03,05/06/2025 12:09,05/06/2025 14:43,-,0.11 dias,-,-,-,-
1632670,Enviado para o RM (Integração),1,integracao-projetoisp,-,2025-06-05 14:43:26,05/06/2025 14:43,05/06/2025 14:43,-,0.0 dias,-,-,-,-
1632670,Contrato Ativo,2,integracao-projetoisp,-,2025-06-05 14:43:49,05/06/2025 14:43,14/08/2025 11:06,-,69.85 dias,-,-,-,-
1632670,Aguardando Verificação/Aprovação (NAVA),0,integracao-projetoisp,-,2025-08-14 11:06:37,14/08/2025 11:06,-,-,-,-,-,-,-
1632667,Aguardando Verificação/Aprovação (NAVA),0,-,-,2025-04-08 13:35:12,08/04/2025 13:35,09/04/2025 14:18,-,1.03 dias,-,-,-,-
1632667,Enviado para o RM (Integração),1,carlos@zapform.com.br,-,2025-04-09 14:18:47,09/04/2025 14:18,09/04/2025 14:19,-,0.0 dias,-,-,-,-
1632667,Contrato Ativo,2,carlos@zapform.com.br,-,2025-04-09 14:19:45,09/04/2025 14:19,-,-,-,-,-,-,-
1632665,Aguardando Verificação/Aprovação (NAVA),0,-,-,2025-04-08 13:34:48,08/04/2025 13:34,09/04/2025 14:17,-,1.03 dias,-,-,-,-
1632665,Enviado para o RM (Integração),1,carlos@zapform.com.br,-,2025-04-09 14:17:52,09/04/2025 14:17,09/04/2025 14:19,-,0.0 dias,-,-,-,-
1632665,Contrato Ativo,2,carlos@zapform.com.br,-,2025-04-09 14:19:15,09/04/2025 14:19,15/08/2025 14:54,-,128.02 dias,-,-,-,-
1632665,Aguardando Verificação/Aprovação (NAVA),0,integracao-projetoisp,-,2025-08-15 14:54:24,15/08/2025 14:54,15/08/2025 14:55,-,0.0 dias,-,-,-,-
1632665,Contratos Encerrados,5,gabriels.santos@nava.com.br,-,2025-08-15 14:55:04,15/08/2025 14:55,-,-,-,-,-,-,-
1632662,Aguardando Verificação/Aprovação (NAVA),0,-,-,2025-04-08 13:34:26,08/04/2025 13:34,10/04/2025 11:56,-,1.93 dias,-,-,-,-
1632662,Enviado para o RM (Integração),1,carlos@zapform.com.br,-,2025-04-10 11:56:34,10/04/2025 11:56,10/04/2025 11:57,-,0.0 dias,-,-,-,-
1632662,Contrato Ativo,2,carlos@zapform.com.br,-,2025-04-10 11:57:32,10/04/2025 11:57,-,-,-,-,-,-,-
1632659,Aguardando Verificação/Aprovação (NAVA),0,-,-,2025-04-08 13:34:03,08/04/2025 13:34,09/04/2025 14:16,-,1.03 dias,-,-,-,-
1632659,Enviado para o RM (Integração),1,carlos@zapform.com.br,-,2025-04-09 14:16:00,09/04/2025 14:16,09/04/2025 14:16,-,0.0 dias,-,-,-,-
1632659,Contrato Ativo,2,carlos@zapform.com.br,-,2025-04-09 14:16:42,09/04/2025 14:16,10/09/2025 11:49,-,153.9 dias,-,-,-,-
1632659,Aguardando Verificação/Aprovação (NAVA),0,integracao-projetoisp,-,2025-09-10 11:49:47,10/09/2025 11:49,10/09/2025 11:49,-,0.0 dias,-,-,-,-
1632659,Contratos Encerrados,5,gabriels.santos@nava.com.br,-,2025-09-10 11:49:55,10/09/2025 11:49,-,-,-,-,-,-,-
1632655,Aguardando Verificação/Aprovação (NAVA),0,-,-,2025-04-08 13:33:39,08/04/2025 13:33,09/04/2025 14:15,-,1.03 dias,-,-,-,-
1632655,Enviado para o RM (Integração),1,carlos@zapform.com.br,-,2025-04-09 14:15:03,09/04/2025 14:15,09/04/2025 14:16,-,0.0 dias,-,-,-,-
1632655,Contrato Ativo,2,carlos@zapform.com.br,-,2025-04-09 14:16:09,09/04/2025 14:16,-,-,-,-,-,-,-
1632653,Aguardando Verificação/Aprovação (NAVA),0,-,-,2025-04-08 13:33:16,08/04/2025 13:33,09/04/2025 14:14,-,1.03 dias,-,-,-,-
1632653,Enviado para o RM (Integração),1,carlos@zapform.com.br,-,2025-04-09 14:14:07,09/04/2025 14:14,09/04/2025 14:15,-,0.0 dias,-,-,-,-
1632653,Contrato Ativo,2,carlos@zapform.com.br,-,2025-04-09 14:15:14,09/04/2025 14:15,-,-,-,-,-,-,-
1632651,Aguardando Verificação/Aprovação (NAVA),0,-,-,2025-04-08 13:32:53,08/04/2025 13:32,09/04/2025 14:13,-,1.03 dias,-,-,-,-
1632651,Enviado para o RM (Integração),1,carlos@zapform.com.br,-,2025-04-09 14:13:12,09/04/2025 14:13,09/04/2025 14:14,-,0.0 dias,-,-,-,-
1632651,Contrato Ativo,2,carlos@zapform.com.br,-,2025-04-09 14:14:56,09/04/2025 14:14,-,-,-,-,-,-,-
1632647,Aguardando Verificação/Aprovação (NAVA),0,-,-,2025-04-08 13:32:31,08/04/2025 13:32,09/04/2025 14:12,-,1.03 dias,-,-,-,-
1632647,Enviado para o RM (Integração),1,carlos@zapform.com.br,-,2025-04-09 14:12:15,09/04/2025 14:12,09/04/2025 14:13,-,0.0 dias,-,-,-,-
1632647,Contrato Ativo,2,carlos@zapform.com.br,-,2025-04-09 14:13:22,09/04/2025 14:13,-,-,-,-,-,-,-
1632644,Aguardando Verificação/Aprovação (NAVA),0,-,-,2025-04-08 13:32:08,08/04/2025 13:32,09/04/2025 14:11,-,1.03 dias,-,-,-,-
1632644,Enviado para o RM (Integração),1,carlos@zapform.com.br,-,2025-04-09 14:11:21,09/04/2025 14:11,09/04/2025 14:12,-,0.0 dias,-,-,-,-
1632644,Contrato Ativo,2,carlos@zapform.com.br,-,2025-04-09 14:12:19,09/04/2025 14:12,-,-,-,-,-,-,-
1632641,Aguardando Verificação/Aprovação (NAVA),0,-,-,2025-04-08 13:31:43,08/04/2025 13:31,10/04/2025 12:05,-,1.94 dias,-,-,-,-
1632641,Enviado para o RM (Integração),1,carlos@zapform.com.br,-,2025-04-10 12:05:08,10/04/2025 12:05,10/04/2025 12:05,-,0.0 dias,-,-,-,-
1632641,Contrato Ativo,2,carlos@zapform.com.br,-,2025-04-10 12:05:48,10/04/2025 12:05,05/08/2025 09:59,-,116.91 dias,-,-,-,-
1632641,Aguardando Verificação/Aprovação (NAVA),0,integracao-projetoisp,-,2025-08-05 09:59:51,05/08/2025 09:59,05/08/2025 10:00,-,0.0 dias,-,-,-,-
1632641,Contratos Encerrados,5,gabriels.santos@nava.com.br,-,2025-08-05 10:00:22,05/08/2025 10:00,-,-,-,-,-,-,-
1632637,Aguardando Verificação/Aprovação (NAVA),0,-,-,2025-04-08 13:31:20,08/04/2025 13:31,09/04/2025 14:08,-,1.03 dias,-,-,-,-
1632637,Enviado para o RM (Integração),1,carlos@zapform.com.br,-,2025-04-09 14:08:31,09/04/2025 14:08,09/04/2025 14:10,-,0.0 dias,-,-,-,-
1632637,Contrato Ativo,2,carlos@zapform.com.br,-,2025-04-09 14:10:31,09/04/2025 14:10,05/05/2025 14:02,-,25.99 dias,-,-,-,-
1632637,Aguardando Verificação/Aprovação (NAVA),0,integracao-projetoisp,-,2025-05-05 14:02:18,05/05/2025 14:02,05/05/2025 14:02,-,0.0 dias,-,-,-,-
1632637,Cancelado,X,carlos@zapform.com.br,-,2025-05-05 14:02:24,05/05/2025 14:02,-,-,-,-,-,-,-
1632636,Aguardando Verificação/Aprovação (NAVA),0,-,-,2025-04-08 13:30:58,08/04/2025 13:30,09/04/2025 14:09,-,1.03 dias,-,-,-,-
1632636,Enviado para o RM (Integração),1,carlos@zapform.com.br,-,2025-04-09 14:09:27,09/04/2025 14:09,09/04/2025 14:11,-,0.0 dias,-,-,-,-
1632636,Contrato Ativo,2,carlos@zapform.com.br,-,2025-04-09 14:11:18,09/04/2025 14:11,26/08/2025 08:58,-,138.78 dias,-,-,-,-
1632636,Aguardando Verificação/Aprovação (NAVA),0,integracao-projetoisp,-,2025-08-26 08:58:04,26/08/2025 08:58,26/08/2025 08:58,-,0.0 dias,-,-,-,-
1632636,Contratos Encerrados,5,gabriels.santos@nava.com.br,-,2025-08-26 08:58:08,26/08/2025 08:58,-,-,-,-,-,-,-
1632634,Aguardando Verificação/Aprovação (NAVA),0,-,-,2025-04-08 13:30:36,08/04/2025 13:30,10/04/2025 12:06,-,1.94 dias,-,-,-,-
1632634,Enviado para o RM (Integração),1,carlos@zapform.com.br,-,2025-04-10 12:06:04,10/04/2025 12:06,10/04/2025 12:06,-,0.0 dias,-,-,-,-
1632634,Erro de Importação,E,carlos@zapform.com.br,-,2025-04-10 12:06:12,10/04/2025 12:06,10/04/2025 17:25,-,0.22 dias,-,-,-,-
1632634,Aguardando Verificação/Aprovação (NAVA),0,carlos@zapform.com.br,-,2025-04-10 17:25:16,10/04/2025 17:25,10/04/2025 17:27,-,0.0 dias,-,-,-,-
1632634,Enviado para o RM (Integração),1,carlos@zapform.com.br,-,2025-04-10 17:27:33,10/04/2025 17:27,10/04/2025 17:27,-,0.0 dias,-,-,-,-
1632634,Erro de Importação,E,carlos@zapform.com.br,-,2025-04-10 17:27:41,10/04/2025 17:27,-,-,-,-,-,-,-
1632632,Aguardando Verificação/Aprovação (NAVA),0,-,-,2025-04-08 13:30:09,08/04/2025 13:30,09/04/2025 14:06,-,1.03 dias,-,-,-,-
1632632,Enviado para o RM (Integração),1,carlos@zapform.com.br,-,2025-04-09 14:06:40,09/04/2025 14:06,09/04/2025 14:07,-,0.0 dias,-,-,-,-
1632632,Contrato Ativo,2,carlos@zapform.com.br,-,2025-04-09 14:07:45,09/04/2025 14:07,09/05/2025 12:42,-,29.94 dias,-,-,-,-
1632632,Aguardando Verificação/Aprovação (NAVA),0,integracao-projetoisp,-,2025-05-09 12:42:02,09/05/2025 12:42,09/05/2025 12:54,-,0.01 dias,-,-,-,-
1632632,Contratos Encerrados,5,thais.roberta@nava.com.br,-,2025-05-09 12:54:58,09/05/2025 12:54,-,-,-,-,-,-,-
1632628,Aguardando Verificação/Aprovação (NAVA),0,-,-,2025-04-08 13:29:44,08/04/2025 13:29,09/04/2025 14:05,-,1.02 dias,-,-,-,-
1632628,Enviado para o RM (Integração),1,carlos@zapform.com.br,-,2025-04-09 14:05:44,09/04/2025 14:05,09/04/2025 14:06,-,0.0 dias,-,-,-,-
1632628,Contrato Ativo,2,carlos@zapform.com.br,-,2025-04-09 14:06:43,09/04/2025 14:06,17/07/2025 16:33,-,99.1 dias,-,-,-,-
1632628,Aguardando Verificação/Aprovação (NAVA),0,integracao-projetoisp,-,2025-07-17 16:33:31,17/07/2025 16:33,17/07/2025 16:35,-,0.0 dias,-,-,-,-
1632628,Enviado para o RM (Integração),1,integracao-projetoisp,-,2025-07-17 16:35:41,17/07/2025 16:35,17/07/2025 16:36,-,0.0 dias,-,-,-,-
1632628,Contrato Ativo,2,integracao-projetoisp,-,2025-07-17 16:36:00,17/07/2025 16:36,-,-,-,-,-,-,-
1632624,Aguardando Verificação/Aprovação (NAVA),0,-,-,2025-04-08 13:29:22,08/04/2025 13:29,09/04/2025 14:04,-,1.02 dias,-,-,-,-
1632624,Enviado para o RM (Integração),1,carlos@zapform.com.br,-,2025-04-09 14:04:48,09/04/2025 14:04,09/04/2025 14:05,-,0.0 dias,-,-,-,-
1632624,Contrato Ativo,2,carlos@zapform.com.br,-,2025-04-09 14:05:35,09/04/2025 14:05,-,-,-,-,-,-,-
1632622,Aguardando Verificação/Aprovação (NAVA),0,-,-,2025-04-08 13:29:00,08/04/2025 13:29,09/04/2025 14:03,-,1.02 dias,-,-,-,-
1632622,Enviado para o RM (Integração),1,carlos@zapform.com.br,-,2025-04-09 14:03:52,09/04/2025 14:03,09/04/2025 14:04,-,0.0 dias,-,-,-,-
1632622,Contrato Ativo,2,carlos@zapform.com.br,-,2025-04-09 14:04:34,09/04/2025 14:04,-,-,-,-,-,-,-
1632620,Aguardando Verificação/Aprovação (NAVA),0,-,-,2025-04-08 13:28:37,08/04/2025 13:28,09/04/2025 14:02,-,1.02 dias,-,-,-,-
1632620,Enviado para o RM (Integração),1,carlos@zapform.com.br,-,2025-04-09 14:02:56,09/04/2025 14:02,09/04/2025 14:03,-,0.0 dias,-,-,-,-
1632620,Contrato Ativo,2,carlos@zapform.com.br,-,2025-04-09 14:03:39,09/04/2025 14:03,-,-,-,-,-,-,-
1632617,Aguardando Verificação/Aprovação (NAVA),0,-,-,2025-04-08 13:28:15,08/04/2025 13:28,10/04/2025 13:28,-,2.0 dias,-,-,-,-
1632617,Enviado para o RM (Integração),1,carlos@zapform.com.br,-,2025-04-10 13:28:13,10/04/2025 13:28,10/04/2025 13:28,-,0.0 dias,-,-,-,-
1632617,Contrato Ativo,2,carlos@zapform.com.br,-,2025-04-10 13:28:55,10/04/2025 13:28,05/06/2025 10:50,-,55.89 dias,-,-,-,-
1632617,Aguardando Verificação/Aprovação (NAVA),0,integracao-projetoisp,-,2025-06-05 10:50:01,05/06/2025 10:50,06/06/2025 12:22,-,1.06 dias,-,-,-,-
1632617,Enviado para o RM (Integração),1,integracao-projetoisp,-,2025-06-06 12:22:36,06/06/2025 12:22,06/06/2025 12:24,-,0.0 dias,-,-,-,-
1632617,Contrato Ativo,2,integracao-projetoisp,-,2025-06-06 12:24:36,06/06/2025 12:24,-,-,-,-,-,-,-
1632614,Aguardando Verificação/Aprovação (NAVA),0,-,-,2025-04-08 13:27:51,08/04/2025 13:27,09/04/2025 14:01,-,1.02 dias,-,-,-,-
1632614,Enviado para o RM (Integração),1,carlos@zapform.com.br,-,2025-04-09 14:01:04,09/04/2025 14:01,09/04/2025 14:01,-,0.0 dias,-,-,-,-
1632614,Contrato Ativo,2,carlos@zapform.com.br,-,2025-04-09 14:01:45,09/04/2025 14:01,-,-,-,-,-,-,-
1632612,Aguardando Verificação/Aprovação (NAVA),0,-,-,2025-04-08 13:27:27,08/04/2025 13:27,09/04/2025 14:00,-,1.02 dias,-,-,-,-
1632612,Enviado para o RM (Integração),1,carlos@zapform.com.br,-,2025-04-09 14:00:08,09/04/2025 14:00,09/04/2025 14:01,-,0.0 dias,-,-,-,-
1632612,Contrato Ativo,2,carlos@zapform.com.br,-,2025-04-09 14:01:22,09/04/2025 14:01,-,-,-,-,-,-,-
1632607,Aguardando Verificação/Aprovação (NAVA),0,-,-,2025-04-08 13:27:03,08/04/2025 13:27,09/04/2025 13:59,-,1.02 dias,-,-,-,-
1632607,Enviado para o RM (Integração),1,carlos@zapform.com.br,-,2025-04-09 13:59:13,09/04/2025 13:59,09/04/2025 14:01,-,0.0 dias,-,-,-,-
1632607,Contrato Ativo,2,carlos@zapform.com.br,-,2025-04-09 14:01:16,09/04/2025 14:01,-,-,-,-,-,-,-
1632604,Aguardando Verificação/Aprovação (NAVA),0,-,-,2025-04-08 13:26:41,08/04/2025 13:26,10/04/2025 17:18,-,2.16 dias,-,-,-,-
1632604,Enviado para o RM (Integração),1,carlos@zapform.com.br,-,2025-04-10 17:18:53,10/04/2025 17:18,10/04/2025 17:19,-,0.0 dias,-,-,-,-
1632604,Contrato Ativo,2,carlos@zapform.com.br,-,2025-04-10 17:19:53,10/04/2025 17:19,01/08/2025 10:07,-,112.7 dias,-,-,-,-
1632604,Aguardando Verificação/Aprovação (NAVA),0,integracao-projetoisp,-,2025-08-01 10:07:48,01/08/2025 10:07,01/08/2025 10:09,-,0.0 dias,-,-,-,-
1632604,Contratos Encerrados,5,gabriels.santos@nava.com.br,-,2025-08-01 10:09:51,01/08/2025 10:09,-,-,-,-,-,-,-
1632600,Aguardando Verificação/Aprovação (NAVA),0,-,-,2025-04-08 13:26:18,08/04/2025 13:26,10/04/2025 17:19,-,2.16 dias,-,-,-,-
1632600,Enviado para o RM (Integração),1,carlos@zapform.com.br,-,2025-04-10 17:19:50,10/04/2025 17:19,10/04/2025 17:20,-,0.0 dias,-,-,-,-
1632600,Contrato Ativo,2,carlos@zapform.com.br,-,2025-04-10 17:20:36,10/04/2025 17:20,-,-,-,-,-,-,-
1632597,Aguardando Verificação/Aprovação (NAVA),0,-,-,2025-04-08 13:25:54,08/04/2025 13:25,09/04/2025 13:58,-,1.02 dias,-,-,-,-
1632597,Enviado para o RM (Integração),1,carlos@zapform.com.br,-,2025-04-09 13:58:15,09/04/2025 13:58,09/04/2025 13:59,-,0.0 dias,-,-,-,-
1632597,Contrato Ativo,2,carlos@zapform.com.br,-,2025-04-09 13:59:13,09/04/2025 13:59,-,-,-,-,-,-,-
1632594,Aguardando Verificação/Aprovação (NAVA),0,-,-,2025-04-08 13:25:31,08/04/2025 13:25,09/04/2025 13:57,-,1.02 dias,-,-,-,-
1632594,Enviado para o RM (Integração),1,carlos@zapform.com.br,-,2025-04-09 13:57:19,09/04/2025 13:57,09/04/2025 13:58,-,0.0 dias,-,-,-,-
1632594,Contrato Ativo,2,carlos@zapform.com.br,-,2025-04-09 13:58:56,09/04/2025 13:58,-,-,-,-,-,-,-
1632592,Aguardando Verificação/Aprovação (NAVA),0,-,-,2025-04-08 13:25:08,08/04/2025 13:25,09/04/2025 13:56,-,1.02 dias,-,-,-,-
1632592,Enviado para o RM (Integração),1,carlos@zapform.com.br,-,2025-04-09 13:56:23,09/04/2025 13:56,09/04/2025 13:57,-,0.0 dias,-,-,-,-
1632592,Contrato Ativo,2,carlos@zapform.com.br,-,2025-04-09 13:57:32,09/04/2025 13:57,-,-,-,-,-,-,-
1632588,Aguardando Verificação/Aprovação (NAVA),0,-,-,2025-04-08 13:24:43,08/04/2025 13:24,09/04/2025 12:04,-,0.94 dias,-,-,-,-
1632588,Enviado para o RM (Integração),1,carlos@zapform.com.br,-,2025-04-09 12:04:43,09/04/2025 12:04,09/04/2025 12:05,-,0.0 dias,-,-,-,-
1632588,Contrato Ativo,2,carlos@zapform.com.br,-,2025-04-09 12:05:21,09/04/2025 12:05,27/06/2025 11:40,-,78.98 dias,-,-,-,-
1632588,Aguardando Verificação/Aprovação (NAVA),0,integracao-projetoisp,-,2025-06-27 11:40:41,27/06/2025 11:40,27/06/2025 11:41,-,0.0 dias,-,-,-,-
1632588,Enviado para o RM (Integração),1,integracao-projetoisp,-,2025-06-27 11:41:20,27/06/2025 11:41,27/06/2025 11:41,-,0.0 dias,-,-,-,-
1632588,Contrato Ativo,2,integracao-projetoisp,-,2025-06-27 11:41:45,27/06/2025 11:41,-,-,-,-,-,-,-
1632587,Aguardando Verificação/Aprovação (NAVA),0,-,-,2025-04-08 13:24:20,08/04/2025 13:24,09/04/2025 13:54,-,1.02 dias,-,-,-,-
1632587,Enviado para o RM (Integração),1,carlos@zapform.com.br,-,2025-04-09 13:54:31,09/04/2025 13:54,09/04/2025 13:55,-,0.0 dias,-,-,-,-
1632587,Contrato Ativo,2,carlos@zapform.com.br,-,2025-04-09 13:55:45,09/04/2025 13:55,-,-,-,-,-,-,-
1632584,Aguardando Verificação/Aprovação (NAVA),0,-,-,2025-04-08 13:23:51,08/04/2025 13:23,09/04/2025 13:53,-,1.02 dias,-,-,-,-
1632584,Enviado para o RM (Integração),1,carlos@zapform.com.br,-,2025-04-09 13:53:35,09/04/2025 13:53,09/04/2025 13:55,-,0.0 dias,-,-,-,-
1632584,Contrato Ativo,2,carlos@zapform.com.br,-,2025-04-09 13:55:12,09/04/2025 13:55,23/06/2025 17:29,-,75.15 dias,-,-,-,-
1632584,Aguardando Verificação/Aprovação (NAVA),0,integracao-projetoisp,-,2025-06-23 17:29:57,23/06/2025 17:29,23/06/2025 17:31,-,0.0 dias,-,-,-,-
1632584,Contratos Encerrados,5,thais.roberta@nava.com.br,-,2025-06-23 17:31:11,23/06/2025 17:31,23/07/2025 09:16,-,29.66 dias,-,-,-,-
1632584,Aguardando Verificação/Aprovação (NAVA),0,thais.roberta@nava.com.br,-,2025-07-23 09:16:15,23/07/2025 09:16,23/07/2025 09:22,-,0.0 dias,-,-,-,-
1632584,Enviado para o RM (Integração),1,integracao-projetoisp,-,2025-07-23 09:22:54,23/07/2025 09:22,23/07/2025 09:23,-,0.0 dias,-,-,-,-
1632584,Contrato Ativo,2,integracao-projetoisp,-,2025-07-23 09:23:26,23/07/2025 09:23,-,-,-,-,-,-,-
1632579,Aguardando Verificação/Aprovação (NAVA),0,-,-,2025-04-08 13:23:29,08/04/2025 13:23,09/04/2025 13:52,-,1.02 dias,-,-,-,-
1632579,Enviado para o RM (Integração),1,carlos@zapform.com.br,-,2025-04-09 13:52:40,09/04/2025 13:52,09/04/2025 13:53,-,0.0 dias,-,-,-,-
1632579,Contrato Ativo,2,carlos@zapform.com.br,-,2025-04-09 13:53:23,09/04/2025 13:53,-,-,-,-,-,-,-
1632576,Aguardando Verificação/Aprovação (NAVA),0,-,-,2025-04-08 13:23:05,08/04/2025 13:23,09/04/2025 13:51,-,1.02 dias,-,-,-,-
1632576,Enviado para o RM (Integração),1,carlos@zapform.com.br,-,2025-04-09 13:51:43,09/04/2025 13:51,09/04/2025 13:52,-,0.0 dias,-,-,-,-
1632576,Contrato Ativo,2,carlos@zapform.com.br,-,2025-04-09 13:52:42,09/04/2025 13:52,18/08/2025 11:07,-,130.89 dias,-,-,-,-
1632576,Aguardando Verificação/Aprovação (NAVA),0,integracao-projetoisp,-,2025-08-18 11:07:53,18/08/2025 11:07,18/08/2025 11:21,-,0.01 dias,-,-,-,-
1632576,Contratos Encerrados,5,gabriels.santos@nava.com.br,-,2025-08-18 11:21:39,18/08/2025 11:21,-,-,-,-,-,-,-
1632573,Aguardando Verificação/Aprovação (NAVA),0,-,-,2025-04-08 13:22:43,08/04/2025 13:22,09/04/2025 13:50,-,1.02 dias,-,-,-,-
1632573,Enviado para o RM (Integração),1,carlos@zapform.com.br,-,2025-04-09 13:50:47,09/04/2025 13:50,09/04/2025 13:51,-,0.0 dias,-,-,-,-
1632573,Contrato Ativo,2,carlos@zapform.com.br,-,2025-04-09 13:51:49,09/04/2025 13:51,-,-,-,-,-,-,-
1632569,Aguardando Verificação/Aprovação (NAVA),0,-,-,2025-04-08 13:22:19,08/04/2025 13:22,09/04/2025 13:49,-,1.02 dias,-,-,-,-
1632569,Enviado para o RM (Integração),1,carlos@zapform.com.br,-,2025-04-09 13:49:51,09/04/2025 13:49,09/04/2025 13:50,-,0.0 dias,-,-,-,-
1632569,Contrato Ativo,2,carlos@zapform.com.br,-,2025-04-09 13:50:58,09/04/2025 13:50,-,-,-,-,-,-,-
1632567,Aguardando Verificação/Aprovação (NAVA),0,-,-,2025-04-08 13:21:57,08/04/2025 13:21,09/04/2025 13:48,-,1.02 dias,-,-,-,-
1632567,Enviado para o RM (Integração),1,carlos@zapform.com.br,-,2025-04-09 13:48:55,09/04/2025 13:48,09/04/2025 13:49,-,0.0 dias,-,-,-,-
1632567,Contrato Ativo,2,carlos@zapform.com.br,-,2025-04-09 13:49:41,09/04/2025 13:49,-,-,-,-,-,-,-
1632564,Aguardando Verificação/Aprovação (NAVA),0,-,-,2025-04-08 13:21:34,08/04/2025 13:21,09/04/2025 13:47,-,1.02 dias,-,-,-,-
1632564,Enviado para o RM (Integração),1,carlos@zapform.com.br,-,2025-04-09 13:47:59,09/04/2025 13:47,09/04/2025 13:48,-,0.0 dias,-,-,-,-
1632564,Contrato Ativo,2,carlos@zapform.com.br,-,2025-04-09 13:48:42,09/04/2025 13:48,-,-,-,-,-,-,-
1632561,Aguardando Verificação/Aprovação (NAVA),0,-,-,2025-04-08 13:21:11,08/04/2025 13:21,09/04/2025 13:47,-,1.02 dias,-,-,-,-
1632561,Enviado para o RM (Integração),1,carlos@zapform.com.br,-,2025-04-09 13:47:03,09/04/2025 13:47,09/04/2025 13:48,-,0.0 dias,-,-,-,-
1632561,Contrato Ativo,2,carlos@zapform.com.br,-,2025-04-09 13:48:06,09/04/2025 13:48,-,-,-,-,-,-,-
1632559,Aguardando Verificação/Aprovação (NAVA),0,-,-,2025-04-08 13:20:48,08/04/2025 13:20,09/04/2025 13:46,-,1.02 dias,-,-,-,-
1632559,Enviado para o RM (Integração),1,carlos@zapform.com.br,-,2025-04-09 13:46:07,09/04/2025 13:46,09/04/2025 13:47,-,0.0 dias,-,-,-,-
1632559,Contrato Ativo,2,carlos@zapform.com.br,-,2025-04-09 13:47:11,09/04/2025 13:47,-,-,-,-,-,-,-
1632557,Aguardando Verificação/Aprovação (NAVA),0,-,-,2025-04-08 13:20:25,08/04/2025 13:20,09/04/2025 13:45,-,1.02 dias,-,-,-,-
1632557,Enviado para o RM (Integração),1,carlos@zapform.com.br,-,2025-04-09 13:45:11,09/04/2025 13:45,09/04/2025 13:46,-,0.0 dias,-,-,-,-
1632557,Contrato Ativo,2,carlos@zapform.com.br,-,2025-04-09 13:46:29,09/04/2025 13:46,-,-,-,-,-,-,-
1632553,Aguardando Verificação/Aprovação (NAVA),0,-,-,2025-04-08 13:20:02,08/04/2025 13:20,09/04/2025 13:44,-,1.02 dias,-,-,-,-
1632553,Enviado para o RM (Integração),1,carlos@zapform.com.br,-,2025-04-09 13:44:15,09/04/2025 13:44,09/04/2025 13:45,-,0.0 dias,-,-,-,-
1632553,Contrato Ativo,2,carlos@zapform.com.br,-,2025-04-09 13:45:32,09/04/2025 13:45,-,-,-,-,-,-,-
1632550,Aguardando Verificação/Aprovação (NAVA),0,-,-,2025-04-08 13:19:39,08/04/2025 13:19,09/04/2025 13:43,-,1.02 dias,-,-,-,-
1632550,Enviado para o RM (Integração),1,carlos@zapform.com.br,-,2025-04-09 13:43:19,09/04/2025 13:43,09/04/2025 13:44,-,0.0 dias,-,-,-,-
1632550,Contrato Ativo,2,carlos@zapform.com.br,-,2025-04-09 13:44:00,09/04/2025 13:44,-,-,-,-,-,-,-
1632548,Aguardando Verificação/Aprovação (NAVA),0,-,-,2025-04-08 13:19:17,08/04/2025 13:19,09/04/2025 13:42,-,1.02 dias,-,-,-,-
1632548,Enviado para o RM (Integração),1,carlos@zapform.com.br,-,2025-04-09 13:42:23,09/04/2025 13:42,09/04/2025 13:43,-,0.0 dias,-,-,-,-
1632548,Contrato Ativo,2,carlos@zapform.com.br,-,2025-04-09 13:43:31,09/04/2025 13:43,-,-,-,-,-,-,-
1632546,Aguardando Verificação/Aprovação (NAVA),0,-,-,2025-04-08 13:18:54,08/04/2025 13:18,09/04/2025 13:41,-,1.02 dias,-,-,-,-
1632546,Enviado para o RM (Integração),1,carlos@zapform.com.br,-,2025-04-09 13:41:29,09/04/2025 13:41,09/04/2025 13:42,-,0.0 dias,-,-,-,-
1632546,Contrato Ativo,2,carlos@zapform.com.br,-,2025-04-09 13:42:12,09/04/2025 13:42,-,-,-,-,-,-,-
1632544,Aguardando Verificação/Aprovação (NAVA),0,-,-,2025-04-08 13:18:31,08/04/2025 13:18,09/04/2025 13:40,-,1.02 dias,-,-,-,-
1632544,Enviado para o RM (Integração),1,carlos@zapform.com.br,-,2025-04-09 13:40:31,09/04/2025 13:40,09/04/2025 13:41,-,0.0 dias,-,-,-,-
1632544,Contrato Ativo,2,carlos@zapform.com.br,-,2025-04-09 13:41:29,09/04/2025 13:41,-,-,-,-,-,-,-
1632542,Aguardando Verificação/Aprovação (NAVA),0,-,-,2025-04-08 13:18:07,08/04/2025 13:18,09/04/2025 13:39,-,1.01 dias,-,-,-,-
1632542,Enviado para o RM (Integração),1,carlos@zapform.com.br,-,2025-04-09 13:39:35,09/04/2025 13:39,09/04/2025 13:40,-,0.0 dias,-,-,-,-
1632542,Contrato Ativo,2,carlos@zapform.com.br,-,2025-04-09 13:40:38,09/04/2025 13:40,-,-,-,-,-,-,-
1632538,Aguardando Verificação/Aprovação (NAVA),0,-,-,2025-04-08 13:17:44,08/04/2025 13:17,09/04/2025 13:38,-,1.01 dias,-,-,-,-
1632538,Enviado para o RM (Integração),1,carlos@zapform.com.br,-,2025-04-09 13:38:39,09/04/2025 13:38,09/04/2025 13:40,-,0.0 dias,-,-,-,-
1632538,Contrato Ativo,2,carlos@zapform.com.br,-,2025-04-09 13:40:06,09/04/2025 13:40,-,-,-,-,-,-,-
1632536,Aguardando Verificação/Aprovação (NAVA),0,-,-,2025-04-08 13:17:19,08/04/2025 13:17,09/04/2025 13:37,-,1.01 dias,-,-,-,-
1632536,Enviado para o RM (Integração),1,carlos@zapform.com.br,-,2025-04-09 13:37:43,09/04/2025 13:37,09/04/2025 13:38,-,0.0 dias,-,-,-,-
1632536,Contrato Ativo,2,carlos@zapform.com.br,-,2025-04-09 13:38:21,09/04/2025 13:38,18/08/2025 14:20,-,131.03 dias,-,-,-,-
1632536,Aguardando Verificação/Aprovação (NAVA),0,integracao-projetoisp,-,2025-08-18 14:20:55,18/08/2025 14:20,18/08/2025 14:21,-,0.0 dias,-,-,-,-
1632536,Contratos Encerrados,5,celiene.pinho@nava.com.br,-,2025-08-18 14:21:23,18/08/2025 14:21,-,-,-,-,-,-,-
1632532,Aguardando Verificação/Aprovação (NAVA),0,-,-,2025-04-08 13:16:57,08/04/2025 13:16,10/04/2025 13:21,-,2.0 dias,-,-,-,-
1632532,Enviado para o RM (Integração),1,carlos@zapform.com.br,-,2025-04-10 13:21:00,10/04/2025 13:21,10/04/2025 13:21,-,0.0 dias,-,-,-,-
1632532,Contrato Ativo,2,carlos@zapform.com.br,-,2025-04-10 13:21:59,10/04/2025 13:21,-,-,-,-,-,-,-
1632530,Aguardando Verificação/Aprovação (NAVA),0,-,-,2025-04-08 13:16:34,08/04/2025 13:16,09/04/2025 13:35,-,1.01 dias,-,-,-,-
1632530,Enviado para o RM (Integração),1,carlos@zapform.com.br,-,2025-04-09 13:35:51,09/04/2025 13:35,09/04/2025 13:36,-,0.0 dias,-,-,-,-
1632530,Contrato Ativo,2,carlos@zapform.com.br,-,2025-04-09 13:36:34,09/04/2025 13:36,11/06/2025 10:44,-,62.88 dias,-,-,-,-
1632530,Aguardando Verificação/Aprovação (NAVA),0,integracao-projetoisp,-,2025-06-11 10:44:18,11/06/2025 10:44,11/06/2025 10:48,-,0.0 dias,-,-,-,-
1632530,Contratos Encerrados,5,thais.roberta@nava.com.br,-,2025-06-11 10:48:08,11/06/2025 10:48,23/07/2025 17:17,-,42.27 dias,-,-,-,-
1632530,Contrato Ativo,2,celiene.pinho@nava.com.br,-,2025-07-23 17:17:17,23/07/2025 17:17,23/07/2025 17:18,-,0.0 dias,-,-,-,-
1632530,Enviado para o RM (Integração),1,celiene.pinho@nava.com.br,-,2025-07-23 17:18:54,23/07/2025 17:18,23/07/2025 17:19,-,0.0 dias,-,-,-,-
1632530,Aguardando Renovação (NAVA),4,celiene.pinho@nava.com.br,-,2025-07-23 17:19:07,23/07/2025 17:19,23/07/2025 17:19,-,0.0 dias,-,-,-,-
1632530,Aguardando Verificação/Aprovação (NAVA),0,celiene.pinho@nava.com.br,-,2025-07-23 17:19:20,23/07/2025 17:19,23/07/2025 17:19,-,0.0 dias,-,-,-,-
1632530,Enviado para o RM (Integração),1,integracao-projetoisp,-,2025-07-23 17:19:33,23/07/2025 17:19,23/07/2025 17:19,-,0.0 dias,-,-,-,-
1632530,Contrato Ativo,2,integracao-projetoisp,-,2025-07-23 17:19:53,23/07/2025 17:19,-,-,-,-,-,-,-
1632528,Aguardando Verificação/Aprovação (NAVA),0,-,-,2025-04-08 13:16:11,08/04/2025 13:16,09/04/2025 13:34,-,1.01 dias,-,-,-,-
1632528,Enviado para o RM (Integração),1,carlos@zapform.com.br,-,2025-04-09 13:34:55,09/04/2025 13:34,09/04/2025 13:35,-,0.0 dias,-,-,-,-
1632528,Contrato Ativo,2,carlos@zapform.com.br,-,2025-04-09 13:35:56,09/04/2025 13:35,29/04/2025 12:13,-,19.94 dias,-,-,-,-
1632528,Aguardando Verificação/Aprovação (NAVA),0,integracao-projetoisp,-,2025-04-29 12:13:21,29/04/2025 12:13,29/04/2025 12:13,-,0.0 dias,-,-,-,-
1632528,Contratos Encerrados,5,gabriels.santos@nava.com.br,-,2025-04-29 12:13:27,29/04/2025 12:13,-,-,-,-,-,-,-
1632524,Aguardando Verificação/Aprovação (NAVA),0,-,-,2025-04-08 13:15:47,08/04/2025 13:15,09/04/2025 13:33,-,1.01 dias,-,-,-,-
1632524,Enviado para o RM (Integração),1,carlos@zapform.com.br,-,2025-04-09 13:33:59,09/04/2025 13:33,09/04/2025 13:35,-,0.0 dias,-,-,-,-
1632524,Contrato Ativo,2,carlos@zapform.com.br,-,2025-04-09 13:35:14,09/04/2025 13:35,-,-,-,-,-,-,-
1632521,Aguardando Verificação/Aprovação (NAVA),0,-,-,2025-04-08 13:15:25,08/04/2025 13:15,09/04/2025 13:33,-,1.01 dias,-,-,-,-
1632521,Enviado para o RM (Integração),1,carlos@zapform.com.br,-,2025-04-09 13:33:03,09/04/2025 13:33,09/04/2025 13:33,-,0.0 dias,-,-,-,-
1632521,Contrato Ativo,2,carlos@zapform.com.br,-,2025-04-09 13:33:55,09/04/2025 13:33,-,-,-,-,-,-,-
1632518,Aguardando Verificação/Aprovação (NAVA),0,-,-,2025-04-08 13:15:02,08/04/2025 13:15,09/04/2025 13:32,-,1.01 dias,-,-,-,-
1632518,Enviado para o RM (Integração),1,carlos@zapform.com.br,-,2025-04-09 13:32:07,09/04/2025 13:32,09/04/2025 13:32,-,0.0 dias,-,-,-,-
1632518,Contrato Ativo,2,carlos@zapform.com.br,-,2025-04-09 13:32:43,09/04/2025 13:32,-,-,-,-,-,-,-
1632516,Aguardando Verificação/Aprovação (NAVA),0,-,-,2025-04-08 13:14:38,08/04/2025 13:14,09/04/2025 13:31,-,1.01 dias,-,-,-,-
1632516,Enviado para o RM (Integração),1,carlos@zapform.com.br,-,2025-04-09 13:31:11,09/04/2025 13:31,09/04/2025 13:31,-,0.0 dias,-,-,-,-
1632516,Contrato Ativo,2,carlos@zapform.com.br,-,2025-04-09 13:31:51,09/04/2025 13:31,-,-,-,-,-,-,-
1632514,Aguardando Verificação/Aprovação (NAVA),0,-,-,2025-04-08 13:14:16,08/04/2025 13:14,09/04/2025 13:30,-,1.01 dias,-,-,-,-
1632514,Enviado para o RM (Integração),1,carlos@zapform.com.br,-,2025-04-09 13:30:14,09/04/2025 13:30,09/04/2025 13:31,-,0.0 dias,-,-,-,-
1632514,Contrato Ativo,2,carlos@zapform.com.br,-,2025-04-09 13:31:17,09/04/2025 13:31,-,-,-,-,-,-,-
1632511,Aguardando Verificação/Aprovação (NAVA),0,-,-,2025-04-08 13:13:53,08/04/2025 13:13,09/04/2025 13:29,-,1.01 dias,-,-,-,-
1632511,Enviado para o RM (Integração),1,carlos@zapform.com.br,-,2025-04-09 13:29:17,09/04/2025 13:29,09/04/2025 13:30,-,0.0 dias,-,-,-,-
1632511,Contrato Ativo,2,carlos@zapform.com.br,-,2025-04-09 13:30:24,09/04/2025 13:30,18/08/2025 10:07,-,130.86 dias,-,-,-,-
1632511,Aguardando Verificação/Aprovação (NAVA),0,integracao-projetoisp,-,2025-08-18 10:07:07,18/08/2025 10:07,18/08/2025 10:08,-,0.0 dias,-,-,-,-
1632511,Enviado para o RM (Integração),1,integracao-projetoisp,-,2025-08-18 10:08:44,18/08/2025 10:08,18/08/2025 10:08,-,0.0 dias,-,-,-,-
1632511,Contrato Ativo,2,integracao-projetoisp,-,2025-08-18 10:08:58,18/08/2025 10:08,-,-,-,-,-,-,-
1632507,Aguardando Verificação/Aprovação (NAVA),0,-,-,2025-04-08 13:13:30,08/04/2025 13:13,09/04/2025 13:28,-,1.01 dias,-,-,-,-
1632507,Enviado para o RM (Integração),1,carlos@zapform.com.br,-,2025-04-09 13:28:21,09/04/2025 13:28,09/04/2025 13:30,-,0.0 dias,-,-,-,-
1632507,Contrato Ativo,2,carlos@zapform.com.br,-,2025-04-09 13:30:20,09/04/2025 13:30,-,-,-,-,-,-,-
1632505,Aguardando Verificação/Aprovação (NAVA),0,-,-,2025-04-08 13:13:06,08/04/2025 13:13,09/04/2025 13:26,-,1.01 dias,-,-,-,-
1632505,Enviado para o RM (Integração),1,carlos@zapform.com.br,-,2025-04-09 13:26:28,09/04/2025 13:26,09/04/2025 13:27,-,0.0 dias,-,-,-,-
1632505,Contrato Ativo,2,carlos@zapform.com.br,-,2025-04-09 13:27:16,09/04/2025 13:27,-,-,-,-,-,-,-
1632503,Aguardando Verificação/Aprovação (NAVA),0,-,-,2025-04-08 13:12:44,08/04/2025 13:12,09/04/2025 13:27,-,1.01 dias,-,-,-,-
1632503,Enviado para o RM (Integração),1,carlos@zapform.com.br,-,2025-04-09 13:27:24,09/04/2025 13:27,09/04/2025 13:28,-,0.0 dias,-,-,-,-
1632503,Contrato Ativo,2,carlos@zapform.com.br,-,2025-04-09 13:28:56,09/04/2025 13:28,05/05/2025 14:00,-,26.02 dias,-,-,-,-
1632503,Aguardando Verificação/Aprovação (NAVA),0,integracao-projetoisp,-,2025-05-05 14:00:54,05/05/2025 14:00,05/05/2025 14:01,-,0.0 dias,-,-,-,-
1632503,Cancelado,X,carlos@zapform.com.br,-,2025-05-05 14:01:38,05/05/2025 14:01,-,-,-,-,-,-,-
1632501,Aguardando Verificação/Aprovação (NAVA),0,-,-,2025-04-08 13:12:22,08/04/2025 13:12,09/04/2025 13:24,-,1.01 dias,-,-,-,-
1632501,Enviado para o RM (Integração),1,carlos@zapform.com.br,-,2025-04-09 13:24:35,09/04/2025 13:24,09/04/2025 13:25,-,0.0 dias,-,-,-,-
1632501,Contrato Ativo,2,carlos@zapform.com.br,-,2025-04-09 13:25:46,09/04/2025 13:25,05/05/2025 15:10,-,26.07 dias,-,-,-,-
1632501,Aguardando Verificação/Aprovação (NAVA),0,integracao-projetoisp,-,2025-05-05 15:10:28,05/05/2025 15:10,06/06/2025 13:24,-,31.93 dias,-,-,-,-
1632501,Cancelado,X,thais.roberta@nava.com.br,-,2025-06-06 13:24:53,06/06/2025 13:24,-,-,-,-,-,-,-
1632500,Aguardando Verificação/Aprovação (NAVA),0,-,-,2025-04-08 13:12:00,08/04/2025 13:12,09/04/2025 13:25,-,1.01 dias,-,-,-,-
1632500,Enviado para o RM (Integração),1,carlos@zapform.com.br,-,2025-04-09 13:25:31,09/04/2025 13:25,09/04/2025 13:26,-,0.0 dias,-,-,-,-
1632500,Contrato Ativo,2,carlos@zapform.com.br,-,2025-04-09 13:26:24,09/04/2025 13:26,-,-,-,-,-,-,-
1632497,Aguardando Verificação/Aprovação (NAVA),0,-,-,2025-04-08 13:11:37,08/04/2025 13:11,09/04/2025 13:23,-,1.01 dias,-,-,-,-
1632497,Enviado para o RM (Integração),1,carlos@zapform.com.br,-,2025-04-09 13:23:38,09/04/2025 13:23,09/04/2025 13:24,-,0.0 dias,-,-,-,-
1632497,Contrato Ativo,2,carlos@zapform.com.br,-,2025-04-09 13:24:29,09/04/2025 13:24,-,-,-,-,-,-,-
1632495,Aguardando Verificação/Aprovação (NAVA),0,-,-,2025-04-08 13:11:14,08/04/2025 13:11,09/04/2025 13:22,-,1.01 dias,-,-,-,-
1632495,Enviado para o RM (Integração),1,carlos@zapform.com.br,-,2025-04-09 13:22:42,09/04/2025 13:22,09/04/2025 13:24,-,0.0 dias,-,-,-,-
1632495,Contrato Ativo,2,carlos@zapform.com.br,-,2025-04-09 13:24:01,09/04/2025 13:24,02/05/2025 16:14,-,23.12 dias,-,-,-,-
1632495,Aguardando Verificação/Aprovação (NAVA),0,integracao-projetoisp,-,2025-05-02 16:14:34,02/05/2025 16:14,02/05/2025 16:14,-,0.0 dias,-,-,-,-
1632495,Contratos Encerrados,5,gabriels.santos@nava.com.br,-,2025-05-02 16:14:52,02/05/2025 16:14,-,-,-,-,-,-,-
1632493,Aguardando Verificação/Aprovação (NAVA),0,-,-,2025-04-08 13:10:51,08/04/2025 13:10,10/04/2025 17:20,-,2.17 dias,-,-,-,-
1632493,Enviado para o RM (Integração),1,carlos@zapform.com.br,-,2025-04-10 17:20:45,10/04/2025 17:20,10/04/2025 17:21,-,0.0 dias,-,-,-,-
1632493,Contrato Ativo,2,carlos@zapform.com.br,-,2025-04-10 17:21:32,10/04/2025 17:21,05/05/2025 14:47,-,24.89 dias,-,-,-,-
1632493,Aguardando Verificação/Aprovação (NAVA),0,integracao-projetoisp,-,2025-05-05 14:47:41,05/05/2025 14:47,05/05/2025 14:47,-,0.0 dias,-,-,-,-
1632493,Cancelado,X,carlos@zapform.com.br,-,2025-05-05 14:47:47,05/05/2025 14:47,-,-,-,-,-,-,-
1632491,Aguardando Verificação/Aprovação (NAVA),0,-,-,2025-04-08 13:10:29,08/04/2025 13:10,10/04/2025 17:21,-,2.17 dias,-,-,-,-
1632491,Enviado para o RM (Integração),1,carlos@zapform.com.br,-,2025-04-10 17:21:41,10/04/2025 17:21,10/04/2025 17:22,-,0.0 dias,-,-,-,-
1632491,Contrato Ativo,2,carlos@zapform.com.br,-,2025-04-10 17:22:26,10/04/2025 17:22,-,-,-,-,-,-,-
1632488,Aguardando Verificação/Aprovação (NAVA),0,-,-,2025-04-08 13:10:06,08/04/2025 13:10,09/04/2025 13:20,-,1.01 dias,-,-,-,-
1632488,Enviado para o RM (Integração),1,carlos@zapform.com.br,-,2025-04-09 13:20:50,09/04/2025 13:20,09/04/2025 13:21,-,0.0 dias,-,-,-,-
1632488,Contrato Ativo,2,carlos@zapform.com.br,-,2025-04-09 13:21:53,09/04/2025 13:21,-,-,-,-,-,-,-
1632486,Aguardando Verificação/Aprovação (NAVA),0,-,-,2025-04-08 13:09:44,08/04/2025 13:09,09/04/2025 13:21,-,1.01 dias,-,-,-,-
1632486,Enviado para o RM (Integração),1,carlos@zapform.com.br,-,2025-04-09 13:21:46,09/04/2025 13:21,09/04/2025 13:22,-,0.0 dias,-,-,-,-
1632486,Contrato Ativo,2,carlos@zapform.com.br,-,2025-04-09 13:22:57,09/04/2025 13:22,05/05/2025 13:58,-,26.02 dias,-,-,-,-
1632486,Aguardando Verificação/Aprovação (NAVA),0,integracao-projetoisp,-,2025-05-05 13:58:25,05/05/2025 13:58,05/05/2025 14:00,-,0.0 dias,-,-,-,-
1632486,Cancelado,X,carlos@zapform.com.br,-,2025-05-05 14:00:19,05/05/2025 14:00,-,-,-,-,-,-,-
1632484,Aguardando Verificação/Aprovação (NAVA),0,-,-,2025-04-08 13:09:21,08/04/2025 13:09,09/04/2025 13:18,-,1.01 dias,-,-,-,-
1632484,Enviado para o RM (Integração),1,carlos@zapform.com.br,-,2025-04-09 13:18:58,09/04/2025 13:18,09/04/2025 13:19,-,0.0 dias,-,-,-,-
1632484,Contrato Ativo,2,carlos@zapform.com.br,-,2025-04-09 13:19:44,09/04/2025 13:19,05/05/2025 15:08,-,26.08 dias,-,-,-,-
1632484,Aguardando Verificação/Aprovação (NAVA),0,integracao-projetoisp,-,2025-05-05 15:08:24,05/05/2025 15:08,05/05/2025 15:08,-,0.0 dias,-,-,-,-
1632484,Cancelado,X,carlos@zapform.com.br,-,2025-05-05 15:08:29,05/05/2025 15:08,-,-,-,-,-,-,-
1632482,Aguardando Verificação/Aprovação (NAVA),0,-,-,2025-04-08 13:08:59,08/04/2025 13:08,09/04/2025 13:19,-,1.01 dias,-,-,-,-
1632482,Enviado para o RM (Integração),1,carlos@zapform.com.br,-,2025-04-09 13:19:54,09/04/2025 13:19,09/04/2025 13:20,-,0.0 dias,-,-,-,-
1632482,Contrato Ativo,2,carlos@zapform.com.br,-,2025-04-09 13:20:44,09/04/2025 13:20,-,-,-,-,-,-,-
1632480,Aguardando Verificação/Aprovação (NAVA),0,-,-,2025-04-08 13:08:37,08/04/2025 13:08,09/04/2025 13:18,-,1.01 dias,-,-,-,-
1632480,Enviado para o RM (Integração),1,carlos@zapform.com.br,-,2025-04-09 13:18:02,09/04/2025 13:18,09/04/2025 13:18,-,0.0 dias,-,-,-,-
1632480,Contrato Ativo,2,carlos@zapform.com.br,-,2025-04-09 13:18:55,09/04/2025 13:18,-,-,-,-,-,-,-
1632476,Aguardando Verificação/Aprovação (NAVA),0,-,-,2025-04-08 13:08:14,08/04/2025 13:08,09/04/2025 13:17,-,1.01 dias,-,-,-,-
1632476,Enviado para o RM (Integração),1,carlos@zapform.com.br,-,2025-04-09 13:17:06,09/04/2025 13:17,09/04/2025 13:17,-,0.0 dias,-,-,-,-
1632476,Contrato Ativo,2,carlos@zapform.com.br,-,2025-04-09 13:17:56,09/04/2025 13:17,13/08/2025 10:44,-,125.89 dias,-,-,-,-
1632476,Aguardando Verificação/Aprovação (NAVA),0,integracao-projetoisp,-,2025-08-13 10:44:16,13/08/2025 10:44,13/08/2025 10:44,-,0.0 dias,-,-,-,-
1632476,Contratos Encerrados,5,gabriels.santos@nava.com.br,-,2025-08-13 10:44:20,13/08/2025 10:44,-,-,-,-,-,-,-
1632473,Aguardando Verificação/Aprovação (NAVA),0,-,-,2025-04-08 13:07:52,08/04/2025 13:07,09/04/2025 16:11,-,1.13 dias,-,-,-,-
1632473,Enviado para o RM (Integração),1,carlos@zapform.com.br,-,2025-04-09 16:11:29,09/04/2025 16:11,09/04/2025 16:12,-,0.0 dias,-,-,-,-
1632473,Contrato Ativo,2,carlos@zapform.com.br,-,2025-04-09 16:12:09,09/04/2025 16:12,03/07/2025 10:05,-,84.75 dias,-,-,-,-
1632473,Aguardando Verificação/Aprovação (NAVA),0,integracao-projetoisp,-,2025-07-03 10:05:55,03/07/2025 10:05,03/07/2025 10:14,-,0.01 dias,-,-,-,-
1632473,Cancelado,X,thais.roberta@nava.com.br,-,2025-07-03 10:14:31,03/07/2025 10:14,-,-,-,-,-,-,-
1632469,Aguardando Verificação/Aprovação (NAVA),0,-,-,2025-04-08 13:07:29,08/04/2025 13:07,09/04/2025 13:15,-,1.01 dias,-,-,-,-
1632469,Enviado para o RM (Integração),1,carlos@zapform.com.br,-,2025-04-09 13:15:13,09/04/2025 13:15,09/04/2025 13:16,-,0.0 dias,-,-,-,-
1632469,Contrato Ativo,2,carlos@zapform.com.br,-,2025-04-09 13:16:47,09/04/2025 13:16,21/08/2025 09:30,-,133.84 dias,-,-,-,-
1632469,Aguardando Verificação/Aprovação (NAVA),0,integracao-projetoisp,-,2025-08-21 09:30:19,21/08/2025 09:30,21/08/2025 09:32,-,0.0 dias,-,-,-,-
1632469,Contratos Encerrados,5,celiene.pinho@nava.com.br,-,2025-08-21 09:32:44,21/08/2025 09:32,-,-,-,-,-,-,-
1632467,Aguardando Verificação/Aprovação (NAVA),0,-,-,2025-04-08 13:07:07,08/04/2025 13:07,09/04/2025 13:14,-,1.0 dias,-,-,-,-
1632467,Enviado para o RM (Integração),1,carlos@zapform.com.br,-,2025-04-09 13:14:17,09/04/2025 13:14,09/04/2025 13:15,-,0.0 dias,-,-,-,-
1632467,Contrato Ativo,2,carlos@zapform.com.br,-,2025-04-09 13:15:41,09/04/2025 13:15,-,-,-,-,-,-,-
1632464,Aguardando Verificação/Aprovação (NAVA),0,-,-,2025-04-08 13:06:44,08/04/2025 13:06,09/04/2025 13:13,-,1.0 dias,-,-,-,-
1632464,Enviado para o RM (Integração),1,carlos@zapform.com.br,-,2025-04-09 13:13:20,09/04/2025 13:13,09/04/2025 13:15,-,0.0 dias,-,-,-,-
1632464,Contrato Ativo,2,carlos@zapform.com.br,-,2025-04-09 13:15:03,09/04/2025 13:15,09/04/2025 13:15,-,0.0 dias,-,-,-,-
1632464,Erro de Importação,E,carlos@zapform.com.br,-,2025-04-09 13:15:04,09/04/2025 13:15,10/04/2025 17:25,-,1.17 dias,-,-,-,-
1632464,Aguardando Verificação/Aprovação (NAVA),0,carlos@zapform.com.br,-,2025-04-10 17:25:16,10/04/2025 17:25,10/04/2025 17:31,-,0.0 dias,-,-,-,-
1632464,Contrato Ativo,2,carlos@zapform.com.br,-,2025-04-10 17:31:35,10/04/2025 17:31,-,-,-,-,-,-,-
1632461,Aguardando Verificação/Aprovação (NAVA),0,-,-,2025-04-08 13:06:19,08/04/2025 13:06,09/04/2025 13:10,-,1.0 dias,-,-,-,-
1632461,Enviado para o RM (Integração),1,carlos@zapform.com.br,-,2025-04-09 13:10:31,09/04/2025 13:10,09/04/2025 13:11,-,0.0 dias,-,-,-,-
1632461,Contrato Ativo,2,carlos@zapform.com.br,-,2025-04-09 13:11:48,09/04/2025 13:11,05/05/2025 15:04,-,26.08 dias,-,-,-,-
1632461,Aguardando Verificação/Aprovação (NAVA),0,integracao-projetoisp,-,2025-05-05 15:04:42,05/05/2025 15:04,05/05/2025 15:05,-,0.0 dias,-,-,-,-
1632461,Cancelado,X,carlos@zapform.com.br,-,2025-05-05 15:05:33,05/05/2025 15:05,-,-,-,-,-,-,-
1632460,Aguardando Verificação/Aprovação (NAVA),0,-,-,2025-04-08 13:05:57,08/04/2025 13:05,09/04/2025 13:11,-,1.0 dias,-,-,-,-
1632460,Enviado para o RM (Integração),1,carlos@zapform.com.br,-,2025-04-09 13:11:28,09/04/2025 13:11,09/04/2025 13:12,-,0.0 dias,-,-,-,-
1632460,Contrato Ativo,2,carlos@zapform.com.br,-,2025-04-09 13:12:34,09/04/2025 13:12,05/05/2025 15:05,-,26.08 dias,-,-,-,-
1632460,Aguardando Verificação/Aprovação (NAVA),0,integracao-projetoisp,-,2025-05-05 15:05:21,05/05/2025 15:05,05/05/2025 15:05,-,0.0 dias,-,-,-,-
1632460,Cancelado,X,carlos@zapform.com.br,-,2025-05-05 15:05:42,05/05/2025 15:05,-,-,-,-,-,-,-
1632459,Aguardando Verificação/Aprovação (NAVA),0,-,-,2025-04-08 13:05:35,08/04/2025 13:05,09/04/2025 13:12,-,1.0 dias,-,-,-,-
1632459,Enviado para o RM (Integração),1,carlos@zapform.com.br,-,2025-04-09 13:12:24,09/04/2025 13:12,09/04/2025 13:13,-,0.0 dias,-,-,-,-
1632459,Contrato Ativo,2,carlos@zapform.com.br,-,2025-04-09 13:13:27,09/04/2025 13:13,05/05/2025 15:04,-,26.08 dias,-,-,-,-
1632459,Aguardando Verificação/Aprovação (NAVA),0,integracao-projetoisp,-,2025-05-05 15:04:19,05/05/2025 15:04,05/05/2025 15:05,-,0.0 dias,-,-,-,-
1632459,Cancelado,X,carlos@zapform.com.br,-,2025-05-05 15:05:50,05/05/2025 15:05,20/08/2025 17:27,-,107.1 dias,-,-,-,-
1632459,Aguardando Verificação/Aprovação (NAVA),0,celiene.pinho@nava.com.br,-,2025-08-20 17:27:26,20/08/2025 17:27,20/08/2025 17:28,-,0.0 dias,-,-,-,-
1632459,Enviado para o RM (Integração),1,integracao-projetoisp,-,2025-08-20 17:28:04,20/08/2025 17:28,20/08/2025 17:28,-,0.0 dias,-,-,-,-
1632459,Contrato Ativo,2,integracao-projetoisp,-,2025-08-20 17:28:21,20/08/2025 17:28,-,-,-,-,-,-,-
1632457,Aguardando Verificação/Aprovação (NAVA),0,-,-,2025-04-08 13:05:12,08/04/2025 13:05,09/04/2025 13:09,-,1.0 dias,-,-,-,-
1632457,Enviado para o RM (Integração),1,carlos@zapform.com.br,-,2025-04-09 13:09:35,09/04/2025 13:09,09/04/2025 13:10,-,0.0 dias,-,-,-,-
1632457,Contrato Ativo,2,carlos@zapform.com.br,-,2025-04-09 13:10:36,09/04/2025 13:10,-,-,-,-,-,-,-
1632453,Aguardando Verificação/Aprovação (NAVA),0,-,-,2025-04-08 13:04:49,08/04/2025 13:04,10/04/2025 13:41,-,2.03 dias,-,-,-,-
1632453,Enviado para o RM (Integração),1,carlos@zapform.com.br,-,2025-04-10 13:41:51,10/04/2025 13:41,10/04/2025 13:42,-,0.0 dias,-,-,-,-
1632453,Contrato Ativo,2,carlos@zapform.com.br,-,2025-04-10 13:42:35,10/04/2025 13:42,19/08/2025 09:17,-,130.82 dias,-,-,-,-
1632453,Aguardando Verificação/Aprovação (NAVA),0,integracao-projetoisp,-,2025-08-19 09:17:49,19/08/2025 09:17,19/08/2025 09:22,-,0.0 dias,-,-,-,-
1632453,Contratos Encerrados,5,gabriels.santos@nava.com.br,-,2025-08-19 09:22:09,19/08/2025 09:22,-,-,-,-,-,-,-
1632450,Aguardando Verificação/Aprovação (NAVA),0,-,-,2025-04-08 13:04:26,08/04/2025 13:04,09/04/2025 13:08,-,1.0 dias,-,-,-,-
1632450,Enviado para o RM (Integração),1,carlos@zapform.com.br,-,2025-04-09 13:08:30,09/04/2025 13:08,09/04/2025 13:09,-,0.0 dias,-,-,-,-
1632450,Contrato Ativo,2,carlos@zapform.com.br,-,2025-04-09 13:09:51,09/04/2025 13:09,-,-,-,-,-,-,-
1632448,Aguardando Verificação/Aprovação (NAVA),0,-,-,2025-04-08 13:04:03,08/04/2025 13:04,09/04/2025 13:07,-,1.0 dias,-,-,-,-
1632448,Enviado para o RM (Integração),1,carlos@zapform.com.br,-,2025-04-09 13:07:34,09/04/2025 13:07,09/04/2025 13:09,-,0.0 dias,-,-,-,-
1632448,Contrato Ativo,2,carlos@zapform.com.br,-,2025-04-09 13:09:14,09/04/2025 13:09,-,-,-,-,-,-,-
1632443,Aguardando Verificação/Aprovação (NAVA),0,-,-,2025-04-08 13:03:41,08/04/2025 13:03,09/04/2025 13:06,-,1.0 dias,-,-,-,-
1632443,Enviado para o RM (Integração),1,carlos@zapform.com.br,-,2025-04-09 13:06:37,09/04/2025 13:06,09/04/2025 13:07,-,0.0 dias,-,-,-,-
1632443,Contrato Ativo,2,carlos@zapform.com.br,-,2025-04-09 13:07:17,09/04/2025 13:07,-,-,-,-,-,-,-
1632437,Aguardando Verificação/Aprovação (NAVA),0,-,-,2025-04-08 13:03:16,08/04/2025 13:03,09/04/2025 13:05,-,1.0 dias,-,-,-,-
1632437,Enviado para o RM (Integração),1,carlos@zapform.com.br,-,2025-04-09 13:05:42,09/04/2025 13:05,09/04/2025 13:06,-,0.0 dias,-,-,-,-
1632437,Contrato Ativo,2,carlos@zapform.com.br,-,2025-04-09 13:06:22,09/04/2025 13:06,-,-,-,-,-,-,-
1632435,Aguardando Verificação/Aprovação (NAVA),0,-,-,2025-04-08 13:02:54,08/04/2025 13:02,09/04/2025 13:04,-,1.0 dias,-,-,-,-
1632435,Enviado para o RM (Integração),1,carlos@zapform.com.br,-,2025-04-09 13:04:45,09/04/2025 13:04,09/04/2025 13:05,-,0.0 dias,-,-,-,-
1632435,Contrato Ativo,2,carlos@zapform.com.br,-,2025-04-09 13:05:44,09/04/2025 13:05,-,-,-,-,-,-,-
1632433,Aguardando Verificação/Aprovação (NAVA),0,-,-,2025-04-08 13:02:31,08/04/2025 13:02,09/04/2025 13:03,-,1.0 dias,-,-,-,-
1632433,Enviado para o RM (Integração),1,carlos@zapform.com.br,-,2025-04-09 13:03:49,09/04/2025 13:03,09/04/2025 13:05,-,0.0 dias,-,-,-,-
1632433,Contrato Ativo,2,carlos@zapform.com.br,-,2025-04-09 13:05:28,09/04/2025 13:05,-,-,-,-,-,-,-
1632431,Aguardando Verificação/Aprovação (NAVA),0,-,-,2025-04-08 13:02:09,08/04/2025 13:02,09/04/2025 13:02,-,1.0 dias,-,-,-,-
1632431,Enviado para o RM (Integração),1,carlos@zapform.com.br,-,2025-04-09 13:02:53,09/04/2025 13:02,09/04/2025 13:04,-,0.0 dias,-,-,-,-
1632431,Contrato Ativo,2,carlos@zapform.com.br,-,2025-04-09 13:04:34,09/04/2025 13:04,-,-,-,-,-,-,-
1632428,Aguardando Verificação/Aprovação (NAVA),0,-,-,2025-04-08 13:01:47,08/04/2025 13:01,09/04/2025 13:01,-,1.0 dias,-,-,-,-
1632428,Enviado para o RM (Integração),1,carlos@zapform.com.br,-,2025-04-09 13:01:56,09/04/2025 13:01,09/04/2025 13:02,-,0.0 dias,-,-,-,-
1632428,Contrato Ativo,2,carlos@zapform.com.br,-,2025-04-09 13:02:36,09/04/2025 13:02,-,-,-,-,-,-,-
1632425,Aguardando Verificação/Aprovação (NAVA),0,-,-,2025-04-08 13:01:25,08/04/2025 13:01,09/04/2025 13:01,-,1.0 dias,-,-,-,-
1632425,Enviado para o RM (Integração),1,carlos@zapform.com.br,-,2025-04-09 13:01:00,09/04/2025 13:01,09/04/2025 13:02,-,0.0 dias,-,-,-,-
1632425,Contrato Ativo,2,carlos@zapform.com.br,-,2025-04-09 13:02:00,09/04/2025 13:02,-,-,-,-,-,-,-
1632423,Aguardando Verificação/Aprovação (NAVA),0,-,-,2025-04-08 13:01:04,08/04/2025 13:01,09/04/2025 13:00,-,1.0 dias,-,-,-,-
1632423,Enviado para o RM (Integração),1,carlos@zapform.com.br,-,2025-04-09 13:00:03,09/04/2025 13:00,09/04/2025 13:01,-,0.0 dias,-,-,-,-
1632423,Contrato Ativo,2,carlos@zapform.com.br,-,2025-04-09 13:01:41,09/04/2025 13:01,-,-,-,-,-,-,-
1632421,Aguardando Verificação/Aprovação (NAVA),0,-,-,2025-04-08 13:00:41,08/04/2025 13:00,10/04/2025 13:29,-,2.02 dias,-,-,-,-
1632421,Enviado para o RM (Integração),1,carlos@zapform.com.br,-,2025-04-10 13:29:17,10/04/2025 13:29,10/04/2025 13:30,-,0.0 dias,-,-,-,-
1632421,Contrato Ativo,2,carlos@zapform.com.br,-,2025-04-10 13:30:17,10/04/2025 13:30,06/05/2025 11:00,-,25.9 dias,-,-,-,-
1632421,Aguardando Verificação/Aprovação (NAVA),0,integracao-projetoisp,-,2025-05-06 11:00:19,06/05/2025 11:00,06/05/2025 11:05,-,0.0 dias,-,-,-,-
1632421,Contratos Encerrados,5,anny.araujo@nava.com.br,-,2025-05-06 11:05:26,06/05/2025 11:05,-,-,-,-,-,-,-
1632419,Aguardando Verificação/Aprovação (NAVA),0,-,-,2025-04-08 13:00:18,08/04/2025 13:00,10/04/2025 13:23,-,2.02 dias,-,-,-,-
1632419,Enviado para o RM (Integração),1,carlos@zapform.com.br,-,2025-04-10 13:23:00,10/04/2025 13:23,10/04/2025 13:23,-,0.0 dias,-,-,-,-
1632419,Contrato Ativo,2,carlos@zapform.com.br,-,2025-04-10 13:23:54,10/04/2025 13:23,07/08/2025 10:28,-,118.88 dias,-,-,-,-
1632419,Aguardando Verificação/Aprovação (NAVA),0,integracao-projetoisp,-,2025-08-07 10:28:56,07/08/2025 10:28,07/08/2025 10:29,-,0.0 dias,-,-,-,-
1632419,Contratos Encerrados,5,celiene.pinho@nava.com.br,-,2025-08-07 10:29:17,07/08/2025 10:29,-,-,-,-,-,-,-
1632415,Aguardando Verificação/Aprovação (NAVA),0,-,-,2025-04-08 12:59:54,08/04/2025 12:59,09/04/2025 12:57,-,1.0 dias,-,-,-,-
1632415,Enviado para o RM (Integração),1,carlos@zapform.com.br,-,2025-04-09 12:57:15,09/04/2025 12:57,09/04/2025 12:58,-,0.0 dias,-,-,-,-
1632415,Contrato Ativo,2,carlos@zapform.com.br,-,2025-04-09 12:58:26,09/04/2025 12:58,-,-,-,-,-,-,-
1632412,Aguardando Verificação/Aprovação (NAVA),0,-,-,2025-04-08 12:59:31,08/04/2025 12:59,09/04/2025 12:56,-,1.0 dias,-,-,-,-
1632412,Enviado para o RM (Integração),1,carlos@zapform.com.br,-,2025-04-09 12:56:18,09/04/2025 12:56,09/04/2025 12:57,-,0.0 dias,-,-,-,-
1632412,Contrato Ativo,2,carlos@zapform.com.br,-,2025-04-09 12:57:01,09/04/2025 12:57,30/05/2025 17:18,-,51.18 dias,-,-,-,-
1632412,Aguardando Verificação/Aprovação (NAVA),0,integracao-projetoisp,-,2025-05-30 17:18:09,30/05/2025 17:18,30/05/2025 17:19,-,0.0 dias,-,-,-,-
1632412,Cancelado,X,thais.roberta@nava.com.br,-,2025-05-30 17:19:07,30/05/2025 17:19,-,-,-,-,-,-,-
1632408,Aguardando Verificação/Aprovação (NAVA),0,-,-,2025-04-08 12:59:08,08/04/2025 12:59,09/04/2025 12:55,-,1.0 dias,-,-,-,-
1632408,Enviado para o RM (Integração),1,carlos@zapform.com.br,-,2025-04-09 12:55:22,09/04/2025 12:55,09/04/2025 12:56,-,0.0 dias,-,-,-,-
1632408,Contrato Ativo,2,carlos@zapform.com.br,-,2025-04-09 12:56:40,09/04/2025 12:56,19/05/2025 17:22,-,40.18 dias,-,-,-,-
1632408,Aguardando Verificação/Aprovação (NAVA),0,integracao-projetoisp,-,2025-05-19 17:22:34,19/05/2025 17:22,19/05/2025 17:22,-,0.0 dias,-,-,-,-
1632408,Aguardando Renovação (NAVA),4,thais.roberta@nava.com.br,-,2025-05-19 17:22:53,19/05/2025 17:22,19/05/2025 17:23,-,0.0 dias,-,-,-,-
1632408,Cancelado,X,thais.roberta@nava.com.br,-,2025-05-19 17:23:03,19/05/2025 17:23,-,-,-,-,-,-,-
1632406,Aguardando Verificação/Aprovação (NAVA),0,-,-,2025-04-08 12:58:46,08/04/2025 12:58,09/04/2025 12:54,-,1.0 dias,-,-,-,-
1632406,Enviado para o RM (Integração),1,carlos@zapform.com.br,-,2025-04-09 12:54:26,09/04/2025 12:54,09/04/2025 12:55,-,0.0 dias,-,-,-,-
1632406,Contrato Ativo,2,carlos@zapform.com.br,-,2025-04-09 12:55:35,09/04/2025 12:55,-,-,-,-,-,-,-
1632402,Aguardando Verificação/Aprovação (NAVA),0,-,-,2025-04-08 12:58:24,08/04/2025 12:58,09/04/2025 12:53,-,1.0 dias,-,-,-,-
1632402,Enviado para o RM (Integração),1,carlos@zapform.com.br,-,2025-04-09 12:53:30,09/04/2025 12:53,09/04/2025 12:54,-,0.0 dias,-,-,-,-
1632402,Contrato Ativo,2,carlos@zapform.com.br,-,2025-04-09 12:54:38,09/04/2025 12:54,-,-,-,-,-,-,-
1632400,Aguardando Verificação/Aprovação (NAVA),0,-,-,2025-04-08 12:58:01,08/04/2025 12:58,09/04/2025 12:52,-,1.0 dias,-,-,-,-
1632400,Enviado para o RM (Integração),1,carlos@zapform.com.br,-,2025-04-09 12:52:35,09/04/2025 12:52,09/04/2025 12:53,-,0.0 dias,-,-,-,-
1632400,Contrato Ativo,2,carlos@zapform.com.br,-,2025-04-09 12:53:18,09/04/2025 12:53,-,-,-,-,-,-,-
1632398,Aguardando Verificação/Aprovação (NAVA),0,-,-,2025-04-08 12:57:33,08/04/2025 12:57,09/04/2025 12:51,-,1.0 dias,-,-,-,-
1632398,Enviado para o RM (Integração),1,carlos@zapform.com.br,-,2025-04-09 12:51:38,09/04/2025 12:51,09/04/2025 12:52,-,0.0 dias,-,-,-,-
1632398,Contrato Ativo,2,carlos@zapform.com.br,-,2025-04-09 12:52:35,09/04/2025 12:52,-,-,-,-,-,-,-
1632396,Aguardando Verificação/Aprovação (NAVA),0,-,-,2025-04-08 12:57:09,08/04/2025 12:57,09/04/2025 14:27,-,1.06 dias,-,-,-,-
1632396,Enviado para o RM (Integração),1,carlos@zapform.com.br,-,2025-04-09 14:27:10,09/04/2025 14:27,09/04/2025 14:27,-,0.0 dias,-,-,-,-
1632396,Contrato Ativo,2,carlos@zapform.com.br,-,2025-04-09 14:27:49,09/04/2025 14:27,23/06/2025 14:23,-,75.0 dias,-,-,-,-
1632396,Aguardando Verificação/Aprovação (NAVA),0,integracao-projetoisp,-,2025-06-23 14:23:59,23/06/2025 14:23,23/06/2025 14:46,-,0.02 dias,-,-,-,-
1632396,Enviado para o RM (Integração),1,integracao-projetoisp,-,2025-06-23 14:46:09,23/06/2025 14:46,23/06/2025 14:46,-,0.0 dias,-,-,-,-
1632396,Contrato Ativo,2,integracao-projetoisp,-,2025-06-23 14:46:35,23/06/2025 14:46,15/07/2025 16:28,-,22.07 dias,-,-,-,-
1632396,Aguardando Verificação/Aprovação (NAVA),0,integracao-projetoisp,-,2025-07-15 16:28:14,15/07/2025 16:28,15/07/2025 16:28,-,0.0 dias,-,-,-,-
1632396,Contratos Encerrados,5,thais.roberta@nava.com.br,-,2025-07-15 16:28:23,15/07/2025 16:28,-,-,-,-,-,-,-
1632393,Aguardando Verificação/Aprovação (NAVA),0,-,-,2025-04-08 12:56:47,08/04/2025 12:56,09/04/2025 12:49,-,1.0 dias,-,-,-,-
1632393,Enviado para o RM (Integração),1,carlos@zapform.com.br,-,2025-04-09 12:49:46,09/04/2025 12:49,09/04/2025 12:50,-,0.0 dias,-,-,-,-
1632393,Contrato Ativo,2,carlos@zapform.com.br,-,2025-04-09 12:50:36,09/04/2025 12:50,-,-,-,-,-,-,-
1632390,Aguardando Verificação/Aprovação (NAVA),0,-,-,2025-04-08 12:56:25,08/04/2025 12:56,10/04/2025 13:30,-,2.02 dias,-,-,-,-
1632390,Enviado para o RM (Integração),1,carlos@zapform.com.br,-,2025-04-10 13:30:13,10/04/2025 13:30,10/04/2025 13:30,-,0.0 dias,-,-,-,-
1632390,Contrato Ativo,2,carlos@zapform.com.br,-,2025-04-10 13:30:52,10/04/2025 13:30,-,-,-,-,-,-,-
1632387,Aguardando Verificação/Aprovação (NAVA),0,-,-,2025-04-08 12:56:03,08/04/2025 12:56,09/04/2025 12:47,-,0.99 dias,-,-,-,-
1632387,Enviado para o RM (Integração),1,carlos@zapform.com.br,-,2025-04-09 12:47:54,09/04/2025 12:47,09/04/2025 12:49,-,0.0 dias,-,-,-,-
1632387,Contrato Ativo,2,carlos@zapform.com.br,-,2025-04-09 12:49:23,09/04/2025 12:49,-,-,-,-,-,-,-
1632385,Aguardando Verificação/Aprovação (NAVA),0,-,-,2025-04-08 12:55:41,08/04/2025 12:55,09/04/2025 12:46,-,0.99 dias,-,-,-,-
1632385,Enviado para o RM (Integração),1,carlos@zapform.com.br,-,2025-04-09 12:46:57,09/04/2025 12:46,09/04/2025 12:48,-,0.0 dias,-,-,-,-
1632385,Contrato Ativo,2,carlos@zapform.com.br,-,2025-04-09 12:48:09,09/04/2025 12:48,-,-,-,-,-,-,-
1632382,Aguardando Verificação/Aprovação (NAVA),0,-,-,2025-04-08 12:55:18,08/04/2025 12:55,09/04/2025 12:46,-,0.99 dias,-,-,-,-
1632382,Enviado para o RM (Integração),1,carlos@zapform.com.br,-,2025-04-09 12:46:02,09/04/2025 12:46,09/04/2025 12:46,-,0.0 dias,-,-,-,-
1632382,Contrato Ativo,2,carlos@zapform.com.br,-,2025-04-09 12:46:42,09/04/2025 12:46,-,-,-,-,-,-,-
1632379,Aguardando Verificação/Aprovação (NAVA),0,-,-,2025-04-08 12:54:56,08/04/2025 12:54,09/04/2025 12:45,-,0.99 dias,-,-,-,-
1632379,Enviado para o RM (Integração),1,carlos@zapform.com.br,-,2025-04-09 12:45:06,09/04/2025 12:45,09/04/2025 12:46,-,0.0 dias,-,-,-,-
1632379,Contrato Ativo,2,carlos@zapform.com.br,-,2025-04-09 12:46:13,09/04/2025 12:46,05/06/2025 15:13,-,57.1 dias,-,-,-,-
1632379,Aguardando Verificação/Aprovação (NAVA),0,integracao-projetoisp,-,2025-06-05 15:13:39,05/06/2025 15:13,05/06/2025 15:14,-,0.0 dias,-,-,-,-
1632379,Cancelado,X,thais.roberta@nava.com.br,-,2025-06-05 15:14:49,05/06/2025 15:14,-,-,-,-,-,-,-
1632376,Aguardando Verificação/Aprovação (NAVA),0,-,-,2025-04-08 12:54:33,08/04/2025 12:54,09/04/2025 12:44,-,0.99 dias,-,-,-,-
1632376,Enviado para o RM (Integração),1,carlos@zapform.com.br,-,2025-04-09 12:44:10,09/04/2025 12:44,09/04/2025 12:44,-,0.0 dias,-,-,-,-
1632376,Contrato Ativo,2,carlos@zapform.com.br,-,2025-04-09 12:44:50,09/04/2025 12:44,19/05/2025 15:11,-,40.1 dias,-,-,-,-
1632376,Aguardando Verificação/Aprovação (NAVA),0,integracao-projetoisp,-,2025-05-19 15:11:04,19/05/2025 15:11,19/05/2025 15:11,-,0.0 dias,-,-,-,-
1632376,Enviado para o RM (Integração),1,integracao-projetoisp,-,2025-05-19 15:11:58,19/05/2025 15:11,19/05/2025 15:12,-,0.0 dias,-,-,-,-
1632376,Contrato Ativo,2,integracao-projetoisp,-,2025-05-19 15:12:25,19/05/2025 15:12,-,-,-,-,-,-,-
1632374,Aguardando Verificação/Aprovação (NAVA),0,-,-,2025-04-08 12:54:11,08/04/2025 12:54,09/04/2025 12:43,-,0.99 dias,-,-,-,-
1632374,Enviado para o RM (Integração),1,carlos@zapform.com.br,-,2025-04-09 12:43:13,09/04/2025 12:43,09/04/2025 12:44,-,0.0 dias,-,-,-,-
1632374,Contrato Ativo,2,carlos@zapform.com.br,-,2025-04-09 12:44:17,09/04/2025 12:44,30/04/2025 11:35,-,20.95 dias,-,-,-,-
1632374,Aguardando Verificação/Aprovação (NAVA),0,integracao-projetoisp,-,2025-04-30 11:35:54,30/04/2025 11:35,30/04/2025 11:52,-,0.01 dias,-,-,-,-
1632374,Contratos Encerrados,5,celiene.pinho@nava.com.br,-,2025-04-30 11:52:27,30/04/2025 11:52,-,-,-,-,-,-,-
1632372,Aguardando Verificação/Aprovação (NAVA),0,-,-,2025-04-08 12:53:48,08/04/2025 12:53,10/04/2025 13:56,-,2.04 dias,-,-,-,-
1632372,Enviado para o RM (Integração),1,carlos@zapform.com.br,-,2025-04-10 13:56:32,10/04/2025 13:56,10/04/2025 13:57,-,0.0 dias,-,-,-,-
1632372,Contrato Ativo,2,carlos@zapform.com.br,-,2025-04-10 13:57:09,10/04/2025 13:57,-,-,-,-,-,-,-
1632369,Aguardando Verificação/Aprovação (NAVA),0,-,-,2025-04-08 12:53:25,08/04/2025 12:53,09/04/2025 12:41,-,0.99 dias,-,-,-,-
1632369,Enviado para o RM (Integração),1,carlos@zapform.com.br,-,2025-04-09 12:41:21,09/04/2025 12:41,09/04/2025 12:42,-,0.0 dias,-,-,-,-
1632369,Contrato Ativo,2,carlos@zapform.com.br,-,2025-04-09 12:42:03,09/04/2025 12:42,-,-,-,-,-,-,-
1632367,Aguardando Verificação/Aprovação (NAVA),0,-,-,2025-04-08 12:53:03,08/04/2025 12:53,09/04/2025 12:40,-,0.99 dias,-,-,-,-
1632367,Enviado para o RM (Integração),1,carlos@zapform.com.br,-,2025-04-09 12:40:24,09/04/2025 12:40,09/04/2025 12:41,-,0.0 dias,-,-,-,-
1632367,Contrato Ativo,2,carlos@zapform.com.br,-,2025-04-09 12:41:06,09/04/2025 12:41,-,-,-,-,-,-,-
1632365,Aguardando Verificação/Aprovação (NAVA),0,-,-,2025-04-08 12:52:27,08/04/2025 12:52,09/04/2025 12:38,-,0.99 dias,-,-,-,-
1632365,Enviado para o RM (Integração),1,carlos@zapform.com.br,-,2025-04-09 12:38:30,09/04/2025 12:38,09/04/2025 12:40,-,0.0 dias,-,-,-,-
1632365,Contrato Ativo,2,carlos@zapform.com.br,-,2025-04-09 12:40:12,09/04/2025 12:40,05/05/2025 15:15,-,26.11 dias,-,-,-,-
1632365,Aguardando Verificação/Aprovação (NAVA),0,integracao-projetoisp,-,2025-05-05 15:15:57,05/05/2025 15:15,05/05/2025 15:16,-,0.0 dias,-,-,-,-
1632365,Cancelado,X,carlos@zapform.com.br,-,2025-05-05 15:16:26,05/05/2025 15:16,-,-,-,-,-,-,-
1632364,Aguardando Verificação/Aprovação (NAVA),0,-,-,2025-04-08 12:52:06,08/04/2025 12:52,09/04/2025 12:39,-,0.99 dias,-,-,-,-
1632364,Enviado para o RM (Integração),1,carlos@zapform.com.br,-,2025-04-09 12:39:26,09/04/2025 12:39,09/04/2025 12:41,-,0.0 dias,-,-,-,-
1632364,Contrato Ativo,2,carlos@zapform.com.br,-,2025-04-09 12:41:04,09/04/2025 12:41,-,-,-,-,-,-,-
1632362,Aguardando Verificação/Aprovação (NAVA),0,-,-,2025-04-08 12:51:43,08/04/2025 12:51,09/04/2025 12:37,-,0.99 dias,-,-,-,-
1632362,Enviado para o RM (Integração),1,carlos@zapform.com.br,-,2025-04-09 12:37:34,09/04/2025 12:37,09/04/2025 12:38,-,0.0 dias,-,-,-,-
1632362,Contrato Ativo,2,carlos@zapform.com.br,-,2025-04-09 12:38:15,09/04/2025 12:38,-,-,-,-,-,-,-
1632358,Aguardando Verificação/Aprovação (NAVA),0,-,-,2025-04-08 12:51:20,08/04/2025 12:51,10/04/2025 13:57,-,2.05 dias,-,-,-,-
1632358,Enviado para o RM (Integração),1,carlos@zapform.com.br,-,2025-04-10 13:57:28,10/04/2025 13:57,10/04/2025 13:58,-,0.0 dias,-,-,-,-
1632358,Contrato Ativo,2,carlos@zapform.com.br,-,2025-04-10 13:58:06,10/04/2025 13:58,-,-,-,-,-,-,-
1632356,Aguardando Verificação/Aprovação (NAVA),0,-,-,2025-04-08 12:50:57,08/04/2025 12:50,09/04/2025 12:33,-,0.99 dias,-,-,-,-
1632356,Enviado para o RM (Integração),1,carlos@zapform.com.br,-,2025-04-09 12:33:47,09/04/2025 12:33,09/04/2025 12:34,-,0.0 dias,-,-,-,-
1632356,Contrato Ativo,2,carlos@zapform.com.br,-,2025-04-09 12:34:27,09/04/2025 12:34,27/05/2025 11:17,-,47.95 dias,-,-,-,-
1632356,Aguardando Verificação/Aprovação (NAVA),0,integracao-projetoisp,-,2025-05-27 11:17:53,27/05/2025 11:17,27/05/2025 11:32,-,0.01 dias,-,-,-,-
1632356,Enviado para o RM (Integração),1,integracao-projetoisp,-,2025-05-27 11:32:59,27/05/2025 11:32,27/05/2025 11:33,-,0.0 dias,-,-,-,-
1632356,Contrato Ativo,2,integracao-projetoisp,-,2025-05-27 11:33:26,27/05/2025 11:33,27/05/2025 12:40,-,0.05 dias,-,-,-,-
1632356,Aguardando Verificação/Aprovação (NAVA),0,integracao-projetoisp,-,2025-05-27 12:40:53,27/05/2025 12:40,27/05/2025 13:06,-,0.02 dias,-,-,-,-
1632356,Enviado para o RM (Integração),1,integracao-projetoisp,-,2025-05-27 13:06:11,27/05/2025 13:06,27/05/2025 13:06,-,0.0 dias,-,-,-,-
1632356,Contrato Ativo,2,integracao-projetoisp,-,2025-05-27 13:06:35,27/05/2025 13:06,-,-,-,-,-,-,-
1632353,Aguardando Verificação/Aprovação (NAVA),0,-,-,2025-04-08 12:50:35,08/04/2025 12:50,09/04/2025 12:34,-,0.99 dias,-,-,-,-
1632353,Enviado para o RM (Integração),1,carlos@zapform.com.br,-,2025-04-09 12:34:44,09/04/2025 12:34,09/04/2025 12:35,-,0.0 dias,-,-,-,-
1632353,Contrato Ativo,2,carlos@zapform.com.br,-,2025-04-09 12:35:47,09/04/2025 12:35,27/05/2025 11:17,-,47.95 dias,-,-,-,-
1632353,Aguardando Verificação/Aprovação (NAVA),0,integracao-projetoisp,-,2025-05-27 11:17:28,27/05/2025 11:17,27/05/2025 11:28,-,0.01 dias,-,-,-,-
1632353,Enviado para o RM (Integração),1,integracao-projetoisp,-,2025-05-27 11:28:55,27/05/2025 11:28,27/05/2025 11:29,-,0.0 dias,-,-,-,-
1632353,Contrato Ativo,2,integracao-projetoisp,-,2025-05-27 11:29:17,27/05/2025 11:29,27/05/2025 12:40,-,0.05 dias,-,-,-,-
1632353,Aguardando Verificação/Aprovação (NAVA),0,integracao-projetoisp,-,2025-05-27 12:40:25,27/05/2025 12:40,27/05/2025 12:59,-,0.01 dias,-,-,-,-
1632353,Enviado para o RM (Integração),1,integracao-projetoisp,-,2025-05-27 12:59:50,27/05/2025 12:59,27/05/2025 13:00,-,0.0 dias,-,-,-,-
1632353,Contrato Ativo,2,integracao-projetoisp,-,2025-05-27 13:00:35,27/05/2025 13:00,-,-,-,-,-,-,-
1632351,Aguardando Verificação/Aprovação (NAVA),0,-,-,2025-04-08 12:50:13,08/04/2025 12:50,09/04/2025 12:35,-,0.99 dias,-,-,-,-
1632351,Enviado para o RM (Integração),1,carlos@zapform.com.br,-,2025-04-09 12:35:43,09/04/2025 12:35,09/04/2025 12:36,-,0.0 dias,-,-,-,-
1632351,Contrato Ativo,2,carlos@zapform.com.br,-,2025-04-09 12:36:21,09/04/2025 12:36,27/05/2025 11:17,-,47.94 dias,-,-,-,-
1632351,Aguardando Verificação/Aprovação (NAVA),0,integracao-projetoisp,-,2025-05-27 11:17:06,27/05/2025 11:17,27/05/2025 11:23,-,0.0 dias,-,-,-,-
1632351,Enviado para o RM (Integração),1,integracao-projetoisp,-,2025-05-27 11:23:16,27/05/2025 11:23,27/05/2025 11:23,-,0.0 dias,-,-,-,-
1632351,Contrato Ativo,2,integracao-projetoisp,-,2025-05-27 11:23:39,27/05/2025 11:23,27/05/2025 12:40,-,0.05 dias,-,-,-,-
1632351,Aguardando Verificação/Aprovação (NAVA),0,integracao-projetoisp,-,2025-05-27 12:40:01,27/05/2025 12:40,27/05/2025 12:54,-,0.01 dias,-,-,-,-
1632351,Enviado para o RM (Integração),1,integracao-projetoisp,-,2025-05-27 12:54:49,27/05/2025 12:54,27/05/2025 12:55,-,0.0 dias,-,-,-,-
1632351,Contrato Ativo,2,integracao-projetoisp,-,2025-05-27 12:55:15,27/05/2025 12:55,28/05/2025 12:10,-,0.97 dias,-,-,-,-
1632351,Aguardando Verificação/Aprovação (NAVA),0,integracao-projetoisp,-,2025-05-28 12:10:38,28/05/2025 12:10,28/05/2025 12:12,-,0.0 dias,-,-,-,-
1632351,Enviado para o RM (Integração),1,integracao-projetoisp,-,2025-05-28 12:12:18,28/05/2025 12:12,28/05/2025 12:12,-,0.0 dias,-,-,-,-
1632351,Contrato Ativo,2,integracao-projetoisp,-,2025-05-28 12:12:43,28/05/2025 12:12,-,-,-,-,-,-,-
1632349,Aguardando Verificação/Aprovação (NAVA),0,-,-,2025-04-08 12:49:51,08/04/2025 12:49,09/04/2025 12:32,-,0.99 dias,-,-,-,-
1632349,Enviado para o RM (Integração),1,carlos@zapform.com.br,-,2025-04-09 12:32:51,09/04/2025 12:32,09/04/2025 12:33,-,0.0 dias,-,-,-,-
1632349,Contrato Ativo,2,carlos@zapform.com.br,-,2025-04-09 12:33:56,09/04/2025 12:33,-,-,-,-,-,-,-
1632345,Aguardando Verificação/Aprovação (NAVA),0,-,-,2025-04-08 12:49:27,08/04/2025 12:49,10/04/2025 13:58,-,2.05 dias,-,-,-,-
1632345,Enviado para o RM (Integração),1,carlos@zapform.com.br,-,2025-04-10 13:58:24,10/04/2025 13:58,10/04/2025 13:59,-,0.0 dias,-,-,-,-
1632345,Contrato Ativo,2,carlos@zapform.com.br,-,2025-04-10 13:59:02,10/04/2025 13:59,02/06/2025 17:40,-,53.15 dias,-,-,-,-
1632345,Aguardando Verificação/Aprovação (NAVA),0,integracao-projetoisp,-,2025-06-02 17:40:27,02/06/2025 17:40,03/06/2025 14:16,-,0.86 dias,-,-,-,-
1632345,Contratos Encerrados,5,celiene.pinho@nava.com.br,-,2025-06-03 14:16:33,03/06/2025 14:16,-,-,-,-,-,-,-
1632343,Aguardando Verificação/Aprovação (NAVA),0,-,-,2025-04-08 12:49:04,08/04/2025 12:49,09/04/2025 12:29,-,0.99 dias,-,-,-,-
1632343,Enviado para o RM (Integração),1,carlos@zapform.com.br,-,2025-04-09 12:29:06,09/04/2025 12:29,09/04/2025 12:30,-,0.0 dias,-,-,-,-
1632343,Contrato Ativo,2,carlos@zapform.com.br,-,2025-04-09 12:30:09,09/04/2025 12:30,05/05/2025 16:07,-,26.15 dias,-,-,-,-
1632343,Aguardando Verificação/Aprovação (NAVA),0,integracao-projetoisp,-,2025-05-05 16:07:07,05/05/2025 16:07,05/05/2025 16:07,-,0.0 dias,-,-,-,-
1632343,Cancelado,X,carlos@zapform.com.br,-,2025-05-05 16:07:12,05/05/2025 16:07,-,-,-,-,-,-,-
1632341,Aguardando Verificação/Aprovação (NAVA),0,-,-,2025-04-08 12:48:43,08/04/2025 12:48,09/04/2025 12:30,-,0.99 dias,-,-,-,-
1632341,Enviado para o RM (Integração),1,carlos@zapform.com.br,-,2025-04-09 12:30:02,09/04/2025 12:30,09/04/2025 12:31,-,0.0 dias,-,-,-,-
1632341,Contrato Ativo,2,carlos@zapform.com.br,-,2025-04-09 12:31:02,09/04/2025 12:31,05/05/2025 16:06,-,26.15 dias,-,-,-,-
1632341,Aguardando Verificação/Aprovação (NAVA),0,integracao-projetoisp,-,2025-05-05 16:06:45,05/05/2025 16:06,05/05/2025 16:07,-,0.0 dias,-,-,-,-
1632341,Cancelado,X,carlos@zapform.com.br,-,2025-05-05 16:07:21,05/05/2025 16:07,-,-,-,-,-,-,-
1632340,Aguardando Verificação/Aprovação (NAVA),0,-,-,2025-04-08 12:48:21,08/04/2025 12:48,09/04/2025 12:30,-,0.99 dias,-,-,-,-
1632340,Enviado para o RM (Integração),1,carlos@zapform.com.br,-,2025-04-09 12:30:58,09/04/2025 12:30,09/04/2025 12:31,-,0.0 dias,-,-,-,-
1632340,Contrato Ativo,2,carlos@zapform.com.br,-,2025-04-09 12:31:37,09/04/2025 12:31,06/08/2025 09:24,-,118.87 dias,-,-,-,-
1632340,Aguardando Verificação/Aprovação (NAVA),0,integracao-projetoisp,-,2025-08-06 09:24:26,06/08/2025 09:24,06/08/2025 09:25,-,0.0 dias,-,-,-,-
1632340,Contratos Encerrados,5,gabriels.santos@nava.com.br,-,2025-08-06 09:25:13,06/08/2025 09:25,-,-,-,-,-,-,-
1632335,Aguardando Verificação/Aprovação (NAVA),0,-,-,2025-04-08 12:47:57,08/04/2025 12:47,10/04/2025 13:59,-,2.05 dias,-,-,-,-
1632335,Enviado para o RM (Integração),1,carlos@zapform.com.br,-,2025-04-10 13:59:20,10/04/2025 13:59,10/04/2025 14:00,-,0.0 dias,-,-,-,-
1632335,Contrato Ativo,2,carlos@zapform.com.br,-,2025-04-10 14:00:28,10/04/2025 14:00,22/07/2025 16:51,-,103.12 dias,-,-,-,-
1632335,Aguardando Verificação/Aprovação (NAVA),0,integracao-projetoisp,-,2025-07-22 16:51:18,22/07/2025 16:51,22/07/2025 16:51,-,0.0 dias,-,-,-,-
1632335,Erro de Importação,E,thais.roberta@nava.com.br,-,2025-07-22 16:51:35,22/07/2025 16:51,-,-,-,-,-,-,-
1632333,Aguardando Verificação/Aprovação (NAVA),0,-,-,2025-04-08 12:47:35,08/04/2025 12:47,09/04/2025 12:24,-,0.98 dias,-,-,-,-
1632333,Enviado para o RM (Integração),1,carlos@zapform.com.br,-,2025-04-09 12:24:20,09/04/2025 12:24,09/04/2025 12:25,-,0.0 dias,-,-,-,-
1632333,Contrato Ativo,2,carlos@zapform.com.br,-,2025-04-09 12:25:49,09/04/2025 12:25,05/05/2025 13:30,-,26.04 dias,-,-,-,-
1632333,Aguardando Verificação/Aprovação (NAVA),0,integracao-projetoisp,-,2025-05-05 13:30:19,05/05/2025 13:30,05/05/2025 13:30,-,0.0 dias,-,-,-,-
1632333,Cancelado,X,carlos@zapform.com.br,-,2025-05-05 13:30:32,05/05/2025 13:30,-,-,-,-,-,-,-
1632332,Aguardando Verificação/Aprovação (NAVA),0,-,-,2025-04-08 12:47:17,08/04/2025 12:47,09/04/2025 12:25,-,0.98 dias,-,-,-,-
1632332,Enviado para o RM (Integração),1,carlos@zapform.com.br,-,2025-04-09 12:25:16,09/04/2025 12:25,09/04/2025 12:26,-,0.0 dias,-,-,-,-
1632332,Contrato Ativo,2,carlos@zapform.com.br,-,2025-04-09 12:26:50,09/04/2025 12:26,05/05/2025 13:31,-,26.05 dias,-,-,-,-
1632332,Aguardando Verificação/Aprovação (NAVA),0,integracao-projetoisp,-,2025-05-05 13:31:40,05/05/2025 13:31,05/05/2025 13:32,-,0.0 dias,-,-,-,-
1632332,Cancelado,X,carlos@zapform.com.br,-,2025-05-05 13:32:03,05/05/2025 13:32,-,-,-,-,-,-,-
1632331,Aguardando Verificação/Aprovação (NAVA),0,-,-,2025-04-08 12:46:51,08/04/2025 12:46,09/04/2025 12:26,-,0.99 dias,-,-,-,-
1632331,Enviado para o RM (Integração),1,carlos@zapform.com.br,-,2025-04-09 12:26:17,09/04/2025 12:26,09/04/2025 12:27,-,0.0 dias,-,-,-,-
1632331,Contrato Ativo,2,carlos@zapform.com.br,-,2025-04-09 12:27:48,09/04/2025 12:27,05/05/2025 13:41,-,26.05 dias,-,-,-,-
1632331,Aguardando Verificação/Aprovação (NAVA),0,integracao-projetoisp,-,2025-05-05 13:41:40,05/05/2025 13:41,05/05/2025 13:41,-,0.0 dias,-,-,-,-
1632331,Cancelado,X,carlos@zapform.com.br,-,2025-05-05 13:41:45,05/05/2025 13:41,-,-,-,-,-,-,-
1632329,Aguardando Verificação/Aprovação (NAVA),0,-,-,2025-04-08 12:46:29,08/04/2025 12:46,09/04/2025 12:27,-,0.99 dias,-,-,-,-
1632329,Enviado para o RM (Integração),1,carlos@zapform.com.br,-,2025-04-09 12:27:13,09/04/2025 12:27,09/04/2025 12:28,-,0.0 dias,-,-,-,-
1632329,Contrato Ativo,2,carlos@zapform.com.br,-,2025-04-09 12:28:37,09/04/2025 12:28,04/06/2025 10:44,-,55.93 dias,-,-,-,-
1632329,Aguardando Verificação/Aprovação (NAVA),0,integracao-projetoisp,-,2025-06-04 10:44:49,04/06/2025 10:44,04/06/2025 10:45,-,0.0 dias,-,-,-,-
1632329,Enviado para o RM (Integração),1,integracao-projetoisp,-,2025-06-04 10:45:51,04/06/2025 10:45,04/06/2025 10:46,-,0.0 dias,-,-,-,-
1632329,Contrato Ativo,2,integracao-projetoisp,-,2025-06-04 10:46:16,04/06/2025 10:46,-,-,-,-,-,-,-
1632327,Aguardando Verificação/Aprovação (NAVA),0,-,-,2025-04-08 12:46:06,08/04/2025 12:46,09/04/2025 12:20,-,0.98 dias,-,-,-,-
1632327,Enviado para o RM (Integração),1,carlos@zapform.com.br,-,2025-04-09 12:20:36,09/04/2025 12:20,09/04/2025 12:21,-,0.0 dias,-,-,-,-
1632327,Contrato Ativo,2,carlos@zapform.com.br,-,2025-04-09 12:21:40,09/04/2025 12:21,05/05/2025 13:43,-,26.06 dias,-,-,-,-
1632327,Aguardando Verificação/Aprovação (NAVA),0,integracao-projetoisp,-,2025-05-05 13:43:17,05/05/2025 13:43,05/05/2025 13:49,-,0.0 dias,-,-,-,-
1632327,Contrato Ativo,2,carlos@zapform.com.br,-,2025-05-05 13:49:52,05/05/2025 13:49,05/05/2025 13:50,-,0.0 dias,-,-,-,-
1632327,Aguardando Verificação/Aprovação (NAVA),0,carlos@zapform.com.br,-,2025-05-05 13:50:36,05/05/2025 13:50,05/05/2025 13:51,-,0.0 dias,-,-,-,-
1632327,Enviado para o RM (Integração),1,integracao-projetoisp,-,2025-05-05 13:51:22,05/05/2025 13:51,05/05/2025 13:51,-,0.0 dias,-,-,-,-
1632327,Contrato Ativo,2,integracao-projetoisp,-,2025-05-05 13:51:50,05/05/2025 13:51,06/06/2025 11:24,-,31.9 dias,-,-,-,-
1632327,Aguardando Verificação/Aprovação (NAVA),0,integracao-projetoisp,-,2025-06-06 11:24:13,06/06/2025 11:24,06/06/2025 11:27,-,0.0 dias,-,-,-,-
1632327,Contrato Ativo,2,thais.roberta@nava.com.br,-,2025-06-06 11:27:20,06/06/2025 11:27,06/06/2025 11:28,-,0.0 dias,-,-,-,-
1632327,Aguardando Verificação/Aprovação (NAVA),0,thais.roberta@nava.com.br,-,2025-06-06 11:28:00,06/06/2025 11:28,13/06/2025 10:35,-,6.96 dias,-,-,-,-
1632327,Enviado para o RM (Integração),1,integracao-projetoisp,-,2025-06-13 10:35:19,13/06/2025 10:35,13/06/2025 10:35,-,0.0 dias,-,-,-,-
1632327,Contrato Ativo,2,integracao-projetoisp,-,2025-06-13 10:35:44,13/06/2025 10:35,26/06/2025 13:00,-,13.1 dias,-,-,-,-
1632327,Aguardando Verificação/Aprovação (NAVA),0,integracao-projetoisp,-,2025-06-26 13:00:28,26/06/2025 13:00,26/06/2025 13:09,-,0.01 dias,-,-,-,-
1632327,Enviado para o RM (Integração),1,integracao-projetoisp,-,2025-06-26 13:09:16,26/06/2025 13:09,26/06/2025 13:09,-,0.0 dias,-,-,-,-
1632327,Contrato Ativo,2,integracao-projetoisp,-,2025-06-26 13:09:37,26/06/2025 13:09,-,-,-,-,-,-,-
1632326,Aguardando Verificação/Aprovação (NAVA),0,-,-,2025-04-08 12:45:43,08/04/2025 12:45,09/04/2025 12:21,-,0.98 dias,-,-,-,-
1632326,Enviado para o RM (Integração),1,carlos@zapform.com.br,-,2025-04-09 12:21:32,09/04/2025 12:21,09/04/2025 12:22,-,0.0 dias,-,-,-,-
1632326,Contrato Ativo,2,carlos@zapform.com.br,-,2025-04-09 12:22:27,09/04/2025 12:22,05/05/2025 13:53,-,26.06 dias,-,-,-,-
1632326,Aguardando Verificação/Aprovação (NAVA),0,integracao-projetoisp,-,2025-05-05 13:53:22,05/05/2025 13:53,05/05/2025 13:54,-,0.0 dias,-,-,-,-
1632326,Cancelado,X,carlos@zapform.com.br,-,2025-05-05 13:54:48,05/05/2025 13:54,-,-,-,-,-,-,-
1632325,Aguardando Verificação/Aprovação (NAVA),0,-,-,2025-04-08 12:45:21,08/04/2025 12:45,09/04/2025 12:22,-,0.98 dias,-,-,-,-
1632325,Enviado para o RM (Integração),1,carlos@zapform.com.br,-,2025-04-09 12:22:28,09/04/2025 12:22,09/04/2025 12:23,-,0.0 dias,-,-,-,-
1632325,Contrato Ativo,2,carlos@zapform.com.br,-,2025-04-09 12:23:34,09/04/2025 12:23,05/05/2025 13:55,-,26.06 dias,-,-,-,-
1632325,Aguardando Verificação/Aprovação (NAVA),0,integracao-projetoisp,-,2025-05-05 13:55:29,05/05/2025 13:55,05/05/2025 13:56,-,0.0 dias,-,-,-,-
1632325,Cancelado,X,carlos@zapform.com.br,-,2025-05-05 13:56:51,05/05/2025 13:56,06/06/2025 11:26,-,31.9 dias,-,-,-,-
1632325,Aguardando Verificação/Aprovação (NAVA),0,thais.roberta@nava.com.br,-,2025-06-06 11:26:44,06/06/2025 11:26,06/06/2025 11:27,-,0.0 dias,-,-,-,-
1632325,Cancelado,X,thais.roberta@nava.com.br,-,2025-06-06 11:27:12,06/06/2025 11:27,-,-,-,-,-,-,-
1632322,Aguardando Verificação/Aprovação (NAVA),0,-,-,2025-04-08 12:44:59,08/04/2025 12:44,09/04/2025 12:23,-,0.99 dias,-,-,-,-
1632322,Enviado para o RM (Integração),1,carlos@zapform.com.br,-,2025-04-09 12:23:24,09/04/2025 12:23,09/04/2025 12:24,-,0.0 dias,-,-,-,-
1632322,Contrato Ativo,2,carlos@zapform.com.br,-,2025-04-09 12:24:02,09/04/2025 12:24,05/05/2025 13:57,-,26.06 dias,-,-,-,-
1632322,Aguardando Verificação/Aprovação (NAVA),0,integracao-projetoisp,-,2025-05-05 13:57:18,05/05/2025 13:57,05/05/2025 13:57,-,0.0 dias,-,-,-,-
1632322,Cancelado,X,carlos@zapform.com.br,-,2025-05-05 13:57:48,05/05/2025 13:57,-,-,-,-,-,-,-
1632320,Aguardando Verificação/Aprovação (NAVA),0,-,-,2025-04-08 12:44:37,08/04/2025 12:44,09/04/2025 12:17,-,0.98 dias,-,-,-,-
1632320,Enviado para o RM (Integração),1,carlos@zapform.com.br,-,2025-04-09 12:17:47,09/04/2025 12:17,09/04/2025 12:19,-,0.0 dias,-,-,-,-
1632320,Contrato Ativo,2,carlos@zapform.com.br,-,2025-04-09 12:19:04,09/04/2025 12:19,05/05/2025 16:01,-,26.15 dias,-,-,-,-
1632320,Aguardando Verificação/Aprovação (NAVA),0,integracao-projetoisp,-,2025-05-05 16:01:39,05/05/2025 16:01,05/05/2025 16:01,-,0.0 dias,-,-,-,-
1632320,Cancelado,X,carlos@zapform.com.br,-,2025-05-05 16:01:44,05/05/2025 16:01,-,-,-,-,-,-,-
1632319,Aguardando Verificação/Aprovação (NAVA),0,-,-,2025-04-08 12:44:15,08/04/2025 12:44,09/04/2025 12:18,-,0.98 dias,-,-,-,-
1632319,Enviado para o RM (Integração),1,carlos@zapform.com.br,-,2025-04-09 12:18:43,09/04/2025 12:18,09/04/2025 12:19,-,0.0 dias,-,-,-,-
1632319,Contrato Ativo,2,carlos@zapform.com.br,-,2025-04-09 12:19:50,09/04/2025 12:19,05/05/2025 16:04,-,26.16 dias,-,-,-,-
1632319,Aguardando Verificação/Aprovação (NAVA),0,integracao-projetoisp,-,2025-05-05 16:04:03,05/05/2025 16:04,05/05/2025 16:04,-,0.0 dias,-,-,-,-
1632319,Cancelado,X,carlos@zapform.com.br,-,2025-05-05 16:04:39,05/05/2025 16:04,-,-,-,-,-,-,-
1632318,Aguardando Verificação/Aprovação (NAVA),0,-,-,2025-04-08 12:43:53,08/04/2025 12:43,09/04/2025 12:19,-,0.98 dias,-,-,-,-
1632318,Enviado para o RM (Integração),1,carlos@zapform.com.br,-,2025-04-09 12:19:39,09/04/2025 12:19,09/04/2025 12:20,-,0.0 dias,-,-,-,-
1632318,Contrato Ativo,2,carlos@zapform.com.br,-,2025-04-09 12:20:57,09/04/2025 12:20,31/05/2025 12:24,-,52.0 dias,-,-,-,-
1632318,Aguardando Verificação/Aprovação (NAVA),0,integracao-projetoisp,-,2025-05-31 12:24:02,31/05/2025 12:24,31/05/2025 12:51,-,0.02 dias,-,-,-,-
1632318,Enviado para o RM (Integração),1,integracao-projetoisp,-,2025-05-31 12:51:34,31/05/2025 12:51,31/05/2025 12:54,-,0.0 dias,-,-,-,-
1632318,Contrato Ativo,2,integracao-projetoisp,-,2025-05-31 12:54:50,31/05/2025 12:54,29/08/2025 10:01,-,89.88 dias,-,-,-,-
1632318,Aguardando Verificação/Aprovação (NAVA),0,integracao-projetoisp,-,2025-08-29 10:01:46,29/08/2025 10:01,29/08/2025 10:02,-,0.0 dias,-,-,-,-
1632318,Contratos Encerrados,5,celiene.pinho@nava.com.br,-,2025-08-29 10:02:14,29/08/2025 10:02,-,-,-,-,-,-,-
1632315,Aguardando Verificação/Aprovação (NAVA),0,-,-,2025-04-08 12:43:31,08/04/2025 12:43,09/04/2025 12:16,-,0.98 dias,-,-,-,-
1632315,Enviado para o RM (Integração),1,carlos@zapform.com.br,-,2025-04-09 12:16:52,09/04/2025 12:16,09/04/2025 12:17,-,0.0 dias,-,-,-,-
1632315,Contrato Ativo,2,carlos@zapform.com.br,-,2025-04-09 12:17:53,09/04/2025 12:17,-,-,-,-,-,-,-
1632312,Aguardando Verificação/Aprovação (NAVA),0,-,-,2025-04-08 12:43:08,08/04/2025 12:43,10/04/2025 17:22,-,2.19 dias,-,-,-,-
1632312,Enviado para o RM (Integração),1,carlos@zapform.com.br,-,2025-04-10 17:22:37,10/04/2025 17:22,10/04/2025 17:23,-,0.0 dias,-,-,-,-
1632312,Contrato Ativo,2,carlos@zapform.com.br,-,2025-04-10 17:23:12,10/04/2025 17:23,-,-,-,-,-,-,-
1632309,Aguardando Verificação/Aprovação (NAVA),0,-,-,2025-04-08 12:42:45,08/04/2025 12:42,09/04/2025 12:15,-,0.98 dias,-,-,-,-
1632309,Enviado para o RM (Integração),1,carlos@zapform.com.br,-,2025-04-09 12:15:00,09/04/2025 12:15,09/04/2025 12:16,-,0.0 dias,-,-,-,-
1632309,Contrato Ativo,2,carlos@zapform.com.br,-,2025-04-09 12:16:00,09/04/2025 12:16,05/05/2025 14:46,-,26.1 dias,-,-,-,-
1632309,Aguardando Verificação/Aprovação (NAVA),0,integracao-projetoisp,-,2025-05-05 14:46:14,05/05/2025 14:46,05/05/2025 14:46,-,0.0 dias,-,-,-,-
1632309,Cancelado,X,carlos@zapform.com.br,-,2025-05-05 14:46:53,05/05/2025 14:46,-,-,-,-,-,-,-
1632308,Aguardando Verificação/Aprovação (NAVA),0,-,-,2025-04-08 12:42:24,08/04/2025 12:42,09/04/2025 12:15,-,0.98 dias,-,-,-,-
1632308,Enviado para o RM (Integração),1,carlos@zapform.com.br,-,2025-04-09 12:15:55,09/04/2025 12:15,09/04/2025 12:16,-,0.0 dias,-,-,-,-
1632308,Contrato Ativo,2,carlos@zapform.com.br,-,2025-04-09 12:16:50,09/04/2025 12:16,10/06/2025 15:53,-,62.15 dias,-,-,-,-
1632308,Aguardando Verificação/Aprovação (NAVA),0,integracao-projetoisp,-,2025-06-10 15:53:36,10/06/2025 15:53,10/06/2025 15:56,-,0.0 dias,-,-,-,-
1632308,Enviado para o RM (Integração),1,integracao-projetoisp,-,2025-06-10 15:56:00,10/06/2025 15:56,10/06/2025 15:56,-,0.0 dias,-,-,-,-
1632308,Contrato Ativo,2,integracao-projetoisp,-,2025-06-10 15:56:23,10/06/2025 15:56,-,-,-,-,-,-,-
1632306,Aguardando Verificação/Aprovação (NAVA),0,-,-,2025-04-08 12:42:01,08/04/2025 12:42,09/04/2025 12:12,-,0.98 dias,-,-,-,-
1632306,Enviado para o RM (Integração),1,carlos@zapform.com.br,-,2025-04-09 12:12:11,09/04/2025 12:12,09/04/2025 12:13,-,0.0 dias,-,-,-,-
1632306,Contrato Ativo,2,carlos@zapform.com.br,-,2025-04-09 12:13:13,09/04/2025 12:13,05/05/2025 14:52,-,26.11 dias,-,-,-,-
1632306,Aguardando Verificação/Aprovação (NAVA),0,integracao-projetoisp,-,2025-05-05 14:52:09,05/05/2025 14:52,05/05/2025 14:52,-,0.0 dias,-,-,-,-
1632306,Cancelado,X,carlos@zapform.com.br,-,2025-05-05 14:52:22,05/05/2025 14:52,-,-,-,-,-,-,-
1632305,Aguardando Verificação/Aprovação (NAVA),0,-,-,2025-04-08 12:41:39,08/04/2025 12:41,09/04/2025 12:13,-,0.98 dias,-,-,-,-
1632305,Enviado para o RM (Integração),1,carlos@zapform.com.br,-,2025-04-09 12:13:07,09/04/2025 12:13,09/04/2025 12:14,-,0.0 dias,-,-,-,-
1632305,Contrato Ativo,2,carlos@zapform.com.br,-,2025-04-09 12:14:21,09/04/2025 12:14,05/05/2025 14:48,-,26.11 dias,-,-,-,-
1632305,Aguardando Verificação/Aprovação (NAVA),0,integracao-projetoisp,-,2025-05-05 14:48:36,05/05/2025 14:48,05/05/2025 14:48,-,0.0 dias,-,-,-,-
1632305,Cancelado,X,carlos@zapform.com.br,-,2025-05-05 14:48:51,05/05/2025 14:48,-,-,-,-,-,-,-
1632303,Aguardando Verificação/Aprovação (NAVA),0,-,-,2025-04-08 12:41:17,08/04/2025 12:41,09/04/2025 12:14,-,0.98 dias,-,-,-,-
1632303,Enviado para o RM (Integração),1,carlos@zapform.com.br,-,2025-04-09 12:14:03,09/04/2025 12:14,09/04/2025 12:14,-,0.0 dias,-,-,-,-
1632303,Contrato Ativo,2,carlos@zapform.com.br,-,2025-04-09 12:14:59,09/04/2025 12:14,-,-,-,-,-,-,-
1632301,Aguardando Verificação/Aprovação (NAVA),0,-,-,2025-04-08 12:40:54,08/04/2025 12:40,09/04/2025 12:11,-,0.98 dias,-,-,-,-
1632301,Enviado para o RM (Integração),1,carlos@zapform.com.br,-,2025-04-09 12:11:15,09/04/2025 12:11,09/04/2025 12:12,-,0.0 dias,-,-,-,-
1632301,Contrato Ativo,2,carlos@zapform.com.br,-,2025-04-09 12:12:10,09/04/2025 12:12,19/05/2025 16:41,-,40.19 dias,-,-,-,-
1632301,Aguardando Verificação/Aprovação (NAVA),0,integracao-projetoisp,-,2025-05-19 16:41:37,19/05/2025 16:41,19/05/2025 16:53,-,0.01 dias,-,-,-,-
1632301,Enviado para o RM (Integração),1,integracao-projetoisp,-,2025-05-19 16:53:58,19/05/2025 16:53,19/05/2025 16:54,-,0.0 dias,-,-,-,-
1632301,Contrato Ativo,2,integracao-projetoisp,-,2025-05-19 16:54:22,19/05/2025 16:54,-,-,-,-,-,-,-
1632298,Aguardando Verificação/Aprovação (NAVA),0,-,-,2025-04-08 12:40:31,08/04/2025 12:40,10/04/2025 14:50,-,2.09 dias,-,-,-,-
1632298,Enviado para o RM (Integração),1,carlos@zapform.com.br,-,2025-04-10 14:50:10,10/04/2025 14:50,10/04/2025 14:50,-,0.0 dias,-,-,-,-
1632298,Contrato Ativo,2,carlos@zapform.com.br,-,2025-04-10 14:50:50,10/04/2025 14:50,23/04/2025 13:13,-,12.93 dias,-,-,-,-
1632298,Aguardando Verificação/Aprovação (NAVA),0,integracao-projetoisp,-,2025-04-23 13:13:19,23/04/2025 13:13,23/04/2025 13:13,-,0.0 dias,-,-,-,-
1632298,Cancelado,X,carlos@zapform.com.br,-,2025-04-23 13:13:35,23/04/2025 13:13,-,-,-,-,-,-,-
1632296,Aguardando Verificação/Aprovação (NAVA),0,-,-,2025-04-08 12:40:09,08/04/2025 12:40,09/04/2025 12:09,-,0.98 dias,-,-,-,-
1632296,Enviado para o RM (Integração),1,carlos@zapform.com.br,-,2025-04-09 12:09:23,09/04/2025 12:09,09/04/2025 12:10,-,0.0 dias,-,-,-,-
1632296,Contrato Ativo,2,carlos@zapform.com.br,-,2025-04-09 12:10:00,09/04/2025 12:10,-,-,-,-,-,-,-
1632294,Aguardando Verificação/Aprovação (NAVA),0,-,-,2025-04-08 12:39:47,08/04/2025 12:39,09/04/2025 12:08,-,0.98 dias,-,-,-,-
1632294,Enviado para o RM (Integração),1,carlos@zapform.com.br,-,2025-04-09 12:08:27,09/04/2025 12:08,09/04/2025 12:09,-,0.0 dias,-,-,-,-
1632294,Contrato Ativo,2,carlos@zapform.com.br,-,2025-04-09 12:09:31,09/04/2025 12:09,22/07/2025 16:52,-,104.2 dias,-,-,-,-
1632294,Aguardando Verificação/Aprovação (NAVA),0,integracao-projetoisp,-,2025-07-22 16:52:05,22/07/2025 16:52,22/07/2025 16:52,-,0.0 dias,-,-,-,-
1632294,Erro de Importação,E,thais.roberta@nava.com.br,-,2025-07-22 16:52:11,22/07/2025 16:52,-,-,-,-,-,-,-
1632291,Aguardando Verificação/Aprovação (NAVA),0,-,-,2025-04-08 12:39:24,08/04/2025 12:39,09/04/2025 12:07,-,0.98 dias,-,-,-,-
1632291,Enviado para o RM (Integração),1,carlos@zapform.com.br,-,2025-04-09 12:07:31,09/04/2025 12:07,09/04/2025 12:08,-,0.0 dias,-,-,-,-
1632291,Contrato Ativo,2,carlos@zapform.com.br,-,2025-04-09 12:08:33,09/04/2025 12:08,26/06/2025 11:09,-,77.96 dias,-,-,-,-
1632291,Aguardando Verificação/Aprovação (NAVA),0,integracao-projetoisp,-,2025-06-26 11:09:33,26/06/2025 11:09,26/06/2025 11:17,-,0.01 dias,-,-,-,-
1632291,Enviado para o RM (Integração),1,integracao-projetoisp,-,2025-06-26 11:17:29,26/06/2025 11:17,26/06/2025 11:17,-,0.0 dias,-,-,-,-
1632291,Contrato Ativo,2,integracao-projetoisp,-,2025-06-26 11:17:54,26/06/2025 11:17,-,-,-,-,-,-,-
1632288,Aguardando Verificação/Aprovação (NAVA),0,-,-,2025-04-08 12:39:01,08/04/2025 12:39,09/04/2025 12:06,-,0.98 dias,-,-,-,-
1632288,Enviado para o RM (Integração),1,carlos@zapform.com.br,-,2025-04-09 12:06:35,09/04/2025 12:06,09/04/2025 12:07,-,0.0 dias,-,-,-,-
1632288,Contrato Ativo,2,carlos@zapform.com.br,-,2025-04-09 12:07:42,09/04/2025 12:07,-,-,-,-,-,-,-
1632286,Aguardando Verificação/Aprovação (NAVA),0,-,-,2025-04-08 12:38:37,08/04/2025 12:38,09/04/2025 12:05,-,0.98 dias,-,-,-,-
1632286,Enviado para o RM (Integração),1,carlos@zapform.com.br,-,2025-04-09 12:05:39,09/04/2025 12:05,09/04/2025 12:06,-,0.0 dias,-,-,-,-
1632286,Contrato Ativo,2,carlos@zapform.com.br,-,2025-04-09 12:06:37,09/04/2025 12:06,11/07/2025 11:56,-,92.99 dias,-,-,-,-
1632286,Aguardando Verificação/Aprovação (NAVA),0,integracao-projetoisp,-,2025-07-11 11:56:02,11/07/2025 11:56,14/07/2025 14:34,-,3.11 dias,-,-,-,-
1632286,Enviado para o RM (Integração),1,integracao-projetoisp,-,2025-07-14 14:34:36,14/07/2025 14:34,14/07/2025 14:35,-,0.0 dias,-,-,-,-
1632286,Contrato Ativo,2,integracao-projetoisp,-,2025-07-14 14:35:00,14/07/2025 14:35,-,-,-,-,-,-,-
1632282,Aguardando Verificação/Aprovação (NAVA),0,-,-,2025-04-08 12:38:14,08/04/2025 12:38,09/04/2025 13:55,-,1.05 dias,-,-,-,-
1632282,Enviado para o RM (Integração),1,carlos@zapform.com.br,-,2025-04-09 13:55:28,09/04/2025 13:55,09/04/2025 13:56,-,0.0 dias,-,-,-,-
1632282,Contrato Ativo,2,carlos@zapform.com.br,-,2025-04-09 13:56:20,09/04/2025 13:56,19/05/2025 10:21,-,39.85 dias,-,-,-,-
1632282,Aguardando Verificação/Aprovação (NAVA),0,integracao-projetoisp,-,2025-05-19 10:21:43,19/05/2025 10:21,19/05/2025 10:22,-,0.0 dias,-,-,-,-
1632282,Cancelado,X,celiene.pinho@nava.com.br,-,2025-05-19 10:22:10,19/05/2025 10:22,-,-,-,-,-,-,-
1632278,Aguardando Verificação/Aprovação (NAVA),0,-,-,2025-04-08 12:37:52,08/04/2025 12:37,09/04/2025 12:03,-,0.98 dias,-,-,-,-
1632278,Enviado para o RM (Integração),1,carlos@zapform.com.br,-,2025-04-09 12:03:47,09/04/2025 12:03,09/04/2025 12:04,-,0.0 dias,-,-,-,-
1632278,Contrato Ativo,2,carlos@zapform.com.br,-,2025-04-09 12:04:29,09/04/2025 12:04,19/05/2025 10:15,-,39.92 dias,-,-,-,-
1632278,Aguardando Verificação/Aprovação (NAVA),0,integracao-projetoisp,-,2025-05-19 10:15:40,19/05/2025 10:15,19/05/2025 10:25,-,0.01 dias,-,-,-,-
1632278,Cancelado,X,celiene.pinho@nava.com.br,-,2025-05-19 10:25:43,19/05/2025 10:25,-,-,-,-,-,-,-
1632276,Aguardando Verificação/Aprovação (NAVA),0,-,-,2025-04-08 12:37:29,08/04/2025 12:37,09/04/2025 12:02,-,0.98 dias,-,-,-,-
1632276,Enviado para o RM (Integração),1,carlos@zapform.com.br,-,2025-04-09 12:02:51,09/04/2025 12:02,09/04/2025 12:03,-,0.0 dias,-,-,-,-
1632276,Contrato Ativo,2,carlos@zapform.com.br,-,2025-04-09 12:03:43,09/04/2025 12:03,-,-,-,-,-,-,-
1632274,Aguardando Verificação/Aprovação (NAVA),0,-,-,2025-04-08 12:37:06,08/04/2025 12:37,09/04/2025 12:01,-,0.98 dias,-,-,-,-
1632274,Enviado para o RM (Integração),1,carlos@zapform.com.br,-,2025-04-09 12:01:56,09/04/2025 12:01,09/04/2025 12:02,-,0.0 dias,-,-,-,-
1632274,Contrato Ativo,2,carlos@zapform.com.br,-,2025-04-09 12:02:44,09/04/2025 12:02,05/05/2025 14:08,-,26.09 dias,-,-,-,-
1632274,Aguardando Verificação/Aprovação (NAVA),0,integracao-projetoisp,-,2025-05-05 14:08:46,05/05/2025 14:08,05/05/2025 14:08,-,0.0 dias,-,-,-,-
1632274,Cancelado,X,carlos@zapform.com.br,-,2025-05-05 14:08:51,05/05/2025 14:08,-,-,-,-,-,-,-
1632272,Aguardando Verificação/Aprovação (NAVA),0,-,-,2025-04-08 12:36:44,08/04/2025 12:36,10/04/2025 14:51,-,2.09 dias,-,-,-,-
1632272,Enviado para o RM (Integração),1,carlos@zapform.com.br,-,2025-04-10 14:51:23,10/04/2025 14:51,10/04/2025 14:52,-,0.0 dias,-,-,-,-
1632272,Contrato Ativo,2,carlos@zapform.com.br,-,2025-04-10 14:52:07,10/04/2025 14:52,19/09/2025 09:15,-,161.77 dias,-,-,-,-
1632272,Aguardando Verificação/Aprovação (NAVA),0,integracao-projetoisp,-,2025-09-19 09:15:08,19/09/2025 09:15,19/09/2025 09:15,-,0.0 dias,-,-,-,-
1632272,Contratos Encerrados,5,gabriels.santos@nava.com.br,-,2025-09-19 09:15:29,19/09/2025 09:15,-,-,-,-,-,-,-
1632268,Aguardando Verificação/Aprovação (NAVA),0,-,-,2025-04-08 12:36:21,08/04/2025 12:36,09/04/2025 12:00,-,0.97 dias,-,-,-,-
1632268,Enviado para o RM (Integração),1,carlos@zapform.com.br,-,2025-04-09 12:00:03,09/04/2025 12:00,09/04/2025 12:00,-,0.0 dias,-,-,-,-
1632268,Contrato Ativo,2,carlos@zapform.com.br,-,2025-04-09 12:00:51,09/04/2025 12:00,27/05/2025 13:06,-,48.05 dias,-,-,-,-
1632268,Aguardando Verificação/Aprovação (NAVA),0,integracao-projetoisp,-,2025-05-27 13:06:19,27/05/2025 13:06,27/05/2025 13:07,-,0.0 dias,-,-,-,-
1632268,Enviado para o RM (Integração),1,integracao-projetoisp,-,2025-05-27 13:07:06,27/05/2025 13:07,27/05/2025 13:07,-,0.0 dias,-,-,-,-
1632268,Contrato Ativo,2,integracao-projetoisp,-,2025-05-27 13:07:34,27/05/2025 13:07,-,-,-,-,-,-,-
1632230,Aguardando Verificação/Aprovação (NAVA),0,-,-,2025-04-08 12:13:20,08/04/2025 12:13,09/04/2025 11:57,-,0.99 dias,-,-,-,-
1632230,Enviado para o RM (Integração),1,carlos@zapform.com.br,-,2025-04-09 11:57:35,09/04/2025 11:57,09/04/2025 11:58,-,0.0 dias,-,-,-,-
1632230,Contrato Ativo,2,carlos@zapform.com.br,-,2025-04-09 11:58:17,09/04/2025 11:58,-,-,-,-,-,-,-
1619646,Aguardando Verificação/Aprovação (NAVA),0,-,-,2025-04-04 16:02:08,04/04/2025 16:02,04/04/2025 17:36,-,0.07 dias,-,-,-,-
1619646,Enviado para o RM (Integração),1,carlos@zapform.com.br,-,2025-04-04 17:36:37,04/04/2025 17:36,04/04/2025 17:37,-,0.0 dias,-,-,-,-
1619646,Contrato Ativo,2,carlos@zapform.com.br,-,2025-04-04 17:37:32,04/04/2025 17:37,-,-,-,-,-,-,-
1619642,Aguardando Verificação/Aprovação (NAVA),0,-,-,2025-04-04 16:00:01,04/04/2025 16:00,04/04/2025 20:17,-,0.18 dias,-,-,-,-
1619642,Enviado para o RM (Integração),1,carlos@zapform.com.br,-,2025-04-04 20:17:04,04/04/2025 20:17,04/04/2025 20:17,-,0.0 dias,-,-,-,-
1619642,Contrato Ativo,2,carlos@zapform.com.br,-,2025-04-04 20:17:48,04/04/2025 20:17,-,-,-,-,-,-,-
1619640,Aguardando Verificação/Aprovação (NAVA),0,-,-,2025-04-04 15:59:43,04/04/2025 15:59,04/04/2025 20:16,-,0.18 dias,-,-,-,-
1619640,Enviado para o RM (Integração),1,carlos@zapform.com.br,-,2025-04-04 20:16:19,04/04/2025 20:16,04/04/2025 20:17,-,0.0 dias,-,-,-,-
1619640,Contrato Ativo,2,carlos@zapform.com.br,-,2025-04-04 20:17:04,04/04/2025 20:17,04/07/2025 10:59,-,90.61 dias,-,-,-,-
1619640,Aguardando Verificação/Aprovação (NAVA),0,integracao-projetoisp,-,2025-07-04 10:59:09,04/07/2025 10:59,04/07/2025 10:59,-,0.0 dias,-,-,-,-
1619640,Cancelado,X,thais.roberta@nava.com.br,-,2025-07-04 10:59:23,04/07/2025 10:59,-,-,-,-,-,-,-
1619636,Aguardando Verificação/Aprovação (NAVA),0,-,-,2025-04-04 15:59:23,04/04/2025 15:59,04/04/2025 20:15,-,0.18 dias,-,-,-,-
1619636,Enviado para o RM (Integração),1,carlos@zapform.com.br,-,2025-04-04 20:15:34,04/04/2025 20:15,04/04/2025 20:16,-,0.0 dias,-,-,-,-
1619636,Contrato Ativo,2,carlos@zapform.com.br,-,2025-04-04 20:16:16,04/04/2025 20:16,10/06/2025 16:41,-,66.85 dias,-,-,-,-
1619636,Aguardando Verificação/Aprovação (NAVA),0,integracao-projetoisp,-,2025-06-10 16:41:36,10/06/2025 16:41,10/06/2025 16:43,-,0.0 dias,-,-,-,-
1619636,Cancelado,X,thais.roberta@nava.com.br,-,2025-06-10 16:43:35,10/06/2025 16:43,10/06/2025 16:43,-,0.0 dias,-,-,-,-
1619636,Contratos Encerrados,5,thais.roberta@nava.com.br,-,2025-06-10 16:43:50,10/06/2025 16:43,-,-,-,-,-,-,-
1619634,Aguardando Verificação/Aprovação (NAVA),0,-,-,2025-04-04 15:59:05,04/04/2025 15:59,04/04/2025 20:14,-,0.18 dias,-,-,-,-
1619634,Enviado para o RM (Integração),1,carlos@zapform.com.br,-,2025-04-04 20:14:50,04/04/2025 20:14,04/04/2025 20:15,-,0.0 dias,-,-,-,-
1619634,Contrato Ativo,2,carlos@zapform.com.br,-,2025-04-04 20:15:28,04/04/2025 20:15,-,-,-,-,-,-,-
1619630,Aguardando Verificação/Aprovação (NAVA),0,-,-,2025-04-04 15:58:46,04/04/2025 15:58,04/04/2025 20:14,-,0.18 dias,-,-,-,-
1619630,Enviado para o RM (Integração),1,carlos@zapform.com.br,-,2025-04-04 20:14:06,04/04/2025 20:14,04/04/2025 20:14,-,0.0 dias,-,-,-,-
1619630,Contrato Ativo,2,carlos@zapform.com.br,-,2025-04-04 20:14:37,04/04/2025 20:14,-,-,-,-,-,-,-
1619628,Aguardando Verificação/Aprovação (NAVA),0,-,-,2025-04-04 15:58:28,04/04/2025 15:58,04/04/2025 20:13,-,0.18 dias,-,-,-,-
1619628,Enviado para o RM (Integração),1,carlos@zapform.com.br,-,2025-04-04 20:13:22,04/04/2025 20:13,04/04/2025 20:13,-,0.0 dias,-,-,-,-
1619628,Contrato Ativo,2,carlos@zapform.com.br,-,2025-04-04 20:13:55,04/04/2025 20:13,-,-,-,-,-,-,-
1619626,Aguardando Verificação/Aprovação (NAVA),0,-,-,2025-04-04 15:58:10,04/04/2025 15:58,04/04/2025 20:12,-,0.18 dias,-,-,-,-
1619626,Enviado para o RM (Integração),1,carlos@zapform.com.br,-,2025-04-04 20:12:37,04/04/2025 20:12,04/04/2025 20:13,-,0.0 dias,-,-,-,-
1619626,Contrato Ativo,2,carlos@zapform.com.br,-,2025-04-04 20:13:13,04/04/2025 20:13,-,-,-,-,-,-,-
1619624,Aguardando Verificação/Aprovação (NAVA),0,-,-,2025-04-04 15:57:51,04/04/2025 15:57,04/04/2025 20:11,-,0.18 dias,-,-,-,-
1619624,Enviado para o RM (Integração),1,carlos@zapform.com.br,-,2025-04-04 20:11:53,04/04/2025 20:11,04/04/2025 20:12,-,0.0 dias,-,-,-,-
1619624,Contrato Ativo,2,carlos@zapform.com.br,-,2025-04-04 20:12:26,04/04/2025 20:12,-,-,-,-,-,-,-
1619622,Aguardando Verificação/Aprovação (NAVA),0,-,-,2025-04-04 15:57:33,04/04/2025 15:57,04/04/2025 20:11,-,0.18 dias,-,-,-,-
1619622,Enviado para o RM (Integração),1,carlos@zapform.com.br,-,2025-04-04 20:11:09,04/04/2025 20:11,04/04/2025 20:11,-,0.0 dias,-,-,-,-
1619622,Contrato Ativo,2,carlos@zapform.com.br,-,2025-04-04 20:11:56,04/04/2025 20:11,-,-,-,-,-,-,-
1619620,Aguardando Verificação/Aprovação (NAVA),0,-,-,2025-04-04 15:57:15,04/04/2025 15:57,04/04/2025 20:10,-,0.18 dias,-,-,-,-
1619620,Enviado para o RM (Integração),1,carlos@zapform.com.br,-,2025-04-04 20:10:25,04/04/2025 20:10,04/04/2025 20:11,-,0.0 dias,-,-,-,-
1619620,Contrato Ativo,2,carlos@zapform.com.br,-,2025-04-04 20:11:00,04/04/2025 20:11,-,-,-,-,-,-,-
1619617,Aguardando Verificação/Aprovação (NAVA),0,-,-,2025-04-04 15:56:57,04/04/2025 15:56,04/04/2025 20:09,-,0.18 dias,-,-,-,-
1619617,Enviado para o RM (Integração),1,carlos@zapform.com.br,-,2025-04-04 20:09:41,04/04/2025 20:09,04/04/2025 20:10,-,0.0 dias,-,-,-,-
1619617,Contrato Ativo,2,carlos@zapform.com.br,-,2025-04-04 20:10:30,04/04/2025 20:10,-,-,-,-,-,-,-
1619614,Aguardando Verificação/Aprovação (NAVA),0,-,-,2025-04-04 15:56:39,04/04/2025 15:56,04/04/2025 20:08,-,0.18 dias,-,-,-,-
1619614,Enviado para o RM (Integração),1,carlos@zapform.com.br,-,2025-04-04 20:08:56,04/04/2025 20:08,04/04/2025 20:09,-,0.0 dias,-,-,-,-
1619614,Contrato Ativo,2,carlos@zapform.com.br,-,2025-04-04 20:09:32,04/04/2025 20:09,13/06/2025 15:46,-,69.82 dias,-,-,-,-
1619614,Aguardando Verificação/Aprovação (NAVA),0,integracao-projetoisp,-,2025-06-13 15:46:23,13/06/2025 15:46,13/06/2025 15:47,-,0.0 dias,-,-,-,-
1619614,Enviado para o RM (Integração),1,integracao-projetoisp,-,2025-06-13 15:47:09,13/06/2025 15:47,13/06/2025 15:47,-,0.0 dias,-,-,-,-
1619614,Contrato Ativo,2,integracao-projetoisp,-,2025-06-13 15:47:40,13/06/2025 15:47,-,-,-,-,-,-,-
1619612,Aguardando Verificação/Aprovação (NAVA),0,-,-,2025-04-04 15:56:21,04/04/2025 15:56,04/04/2025 20:08,-,0.17 dias,-,-,-,-
1619612,Enviado para o RM (Integração),1,carlos@zapform.com.br,-,2025-04-04 20:08:13,04/04/2025 20:08,04/04/2025 20:09,-,0.0 dias,-,-,-,-
1619612,Contrato Ativo,2,carlos@zapform.com.br,-,2025-04-04 20:09:11,04/04/2025 20:09,26/05/2025 17:05,-,51.87 dias,-,-,-,-
1619612,Aguardando Verificação/Aprovação (NAVA),0,integracao-projetoisp,-,2025-05-26 17:05:45,26/05/2025 17:05,26/05/2025 17:06,-,0.0 dias,-,-,-,-
1619612,Enviado para o RM (Integração),1,integracao-projetoisp,-,2025-05-26 17:06:53,26/05/2025 17:06,26/05/2025 17:07,-,0.0 dias,-,-,-,-
1619612,Contrato Ativo,2,integracao-projetoisp,-,2025-05-26 17:07:22,26/05/2025 17:07,-,-,-,-,-,-,-
1619608,Aguardando Verificação/Aprovação (NAVA),0,-,-,2025-04-04 15:56:03,04/04/2025 15:56,04/04/2025 20:07,-,0.17 dias,-,-,-,-
1619608,Enviado para o RM (Integração),1,carlos@zapform.com.br,-,2025-04-04 20:07:29,04/04/2025 20:07,04/04/2025 20:08,-,0.0 dias,-,-,-,-
1619608,Contrato Ativo,2,carlos@zapform.com.br,-,2025-04-04 20:08:21,04/04/2025 20:08,18/07/2025 16:42,-,104.86 dias,-,-,-,-
1619608,Aguardando Verificação/Aprovação (NAVA),0,integracao-projetoisp,-,2025-07-18 16:42:27,18/07/2025 16:42,18/07/2025 16:45,-,0.0 dias,-,-,-,-
1619608,Enviado para o RM (Integração),1,integracao-projetoisp,-,2025-07-18 16:45:21,18/07/2025 16:45,18/07/2025 16:45,-,0.0 dias,-,-,-,-
1619608,Contrato Ativo,2,integracao-projetoisp,-,2025-07-18 16:45:39,18/07/2025 16:45,-,-,-,-,-,-,-
1619606,Aguardando Verificação/Aprovação (NAVA),0,-,-,2025-04-04 15:55:44,04/04/2025 15:55,04/04/2025 20:06,-,0.17 dias,-,-,-,-
1619606,Enviado para o RM (Integração),1,carlos@zapform.com.br,-,2025-04-04 20:06:45,04/04/2025 20:06,04/04/2025 20:07,-,0.0 dias,-,-,-,-
1619606,Contrato Ativo,2,carlos@zapform.com.br,-,2025-04-04 20:07:38,04/04/2025 20:07,02/06/2025 15:41,-,58.82 dias,-,-,-,-
1619606,Aguardando Verificação/Aprovação (NAVA),0,integracao-projetoisp,-,2025-06-02 15:41:28,02/06/2025 15:41,02/06/2025 15:43,-,0.0 dias,-,-,-,-
1619606,Enviado para o RM (Integração),1,integracao-projetoisp,-,2025-06-02 15:43:25,02/06/2025 15:43,02/06/2025 15:43,-,0.0 dias,-,-,-,-
1619606,Contrato Ativo,2,integracao-projetoisp,-,2025-06-02 15:43:51,02/06/2025 15:43,18/07/2025 17:48,-,46.09 dias,-,-,-,-
1619606,Aguardando Verificação/Aprovação (NAVA),0,integracao-projetoisp,-,2025-07-18 17:48:52,18/07/2025 17:48,18/07/2025 17:49,-,0.0 dias,-,-,-,-
1619606,Contratos Encerrados,5,celiene.pinho@nava.com.br,-,2025-07-18 17:49:11,18/07/2025 17:49,18/07/2025 17:49,-,0.0 dias,-,-,-,-
1619606,Cancelado,X,celiene.pinho@nava.com.br,-,2025-07-18 17:49:14,18/07/2025 17:49,-,-,-,-,-,-,-
1619604,Aguardando Verificação/Aprovação (NAVA),0,-,-,2025-04-04 15:55:26,04/04/2025 15:55,04/04/2025 20:06,-,0.17 dias,-,-,-,-
1619604,Enviado para o RM (Integração),1,carlos@zapform.com.br,-,2025-04-04 20:06:00,04/04/2025 20:06,04/04/2025 20:06,-,0.0 dias,-,-,-,-
1619604,Contrato Ativo,2,carlos@zapform.com.br,-,2025-04-04 20:06:55,04/04/2025 20:06,02/06/2025 10:16,-,58.59 dias,-,-,-,-
1619604,Aguardando Verificação/Aprovação (NAVA),0,integracao-projetoisp,-,2025-06-02 10:16:14,02/06/2025 10:16,02/06/2025 10:18,-,0.0 dias,-,-,-,-
1619604,Enviado para o RM (Integração),1,integracao-projetoisp,-,2025-06-02 10:18:05,02/06/2025 10:18,02/06/2025 15:27,-,0.21 dias,-,-,-,-
1619604,Contrato Ativo,2,carlos@zapform.com.br,-,2025-06-02 15:27:25,02/06/2025 15:27,02/06/2025 15:27,-,0.0 dias,-,-,-,-
1619604,Aguardando Verificação/Aprovação (NAVA),0,carlos@zapform.com.br,-,2025-06-02 15:27:44,02/06/2025 15:27,02/06/2025 15:27,-,0.0 dias,-,-,-,-
1619604,Enviado para o RM (Integração),1,integracao-projetoisp,-,2025-06-02 15:27:52,02/06/2025 15:27,02/06/2025 15:28,-,0.0 dias,-,-,-,-
1619604,Contrato Ativo,2,integracao-projetoisp,-,2025-06-02 15:28:19,02/06/2025 15:28,-,-,-,-,-,-,-
1619601,Aguardando Verificação/Aprovação (NAVA),0,-,-,2025-04-04 15:55:08,04/04/2025 15:55,04/04/2025 20:05,-,0.17 dias,-,-,-,-
1619601,Enviado para o RM (Integração),1,carlos@zapform.com.br,-,2025-04-04 20:05:16,04/04/2025 20:05,04/04/2025 20:06,-,0.0 dias,-,-,-,-
1619599,Aguardando Verificação/Aprovação (NAVA),0,-,-,2025-04-04 15:54:49,04/04/2025 15:54,04/04/2025 20:04,-,0.17 dias,-,-,-,-
1619599,Enviado para o RM (Integração),1,carlos@zapform.com.br,-,2025-04-04 20:04:31,04/04/2025 20:04,04/04/2025 20:05,-,0.0 dias,-,-,-,-
1619599,Contrato Ativo,2,carlos@zapform.com.br,-,2025-04-04 20:05:18,04/04/2025 20:05,-,-,-,-,-,-,-
1619597,Aguardando Verificação/Aprovação (NAVA),0,-,-,2025-04-04 15:54:31,04/04/2025 15:54,04/04/2025 20:03,-,0.17 dias,-,-,-,-
1619597,Enviado para o RM (Integração),1,carlos@zapform.com.br,-,2025-04-04 20:03:46,04/04/2025 20:03,04/04/2025 20:04,-,0.0 dias,-,-,-,-
1619597,Contrato Ativo,2,carlos@zapform.com.br,-,2025-04-04 20:04:20,04/04/2025 20:04,19/05/2025 15:27,-,44.81 dias,-,-,-,-
1619597,Aguardando Verificação/Aprovação (NAVA),0,integracao-projetoisp,-,2025-05-19 15:27:58,19/05/2025 15:27,19/05/2025 16:43,-,0.05 dias,-,-,-,-
1619597,Enviado para o RM (Integração),1,integracao-projetoisp,-,2025-05-19 16:43:20,19/05/2025 16:43,19/05/2025 16:43,-,0.0 dias,-,-,-,-
1619597,Contrato Ativo,2,integracao-projetoisp,-,2025-05-19 16:43:52,19/05/2025 16:43,-,-,-,-,-,-,-
1619595,Aguardando Verificação/Aprovação (NAVA),0,-,-,2025-04-04 15:54:13,04/04/2025 15:54,04/04/2025 20:03,-,0.17 dias,-,-,-,-
1619595,Enviado para o RM (Integração),1,carlos@zapform.com.br,-,2025-04-04 20:03:02,04/04/2025 20:03,04/04/2025 20:03,-,0.0 dias,-,-,-,-
1619595,Contrato Ativo,2,carlos@zapform.com.br,-,2025-04-04 20:03:54,04/04/2025 20:03,-,-,-,-,-,-,-
1619593,Aguardando Verificação/Aprovação (NAVA),0,-,-,2025-04-04 15:53:55,04/04/2025 15:53,04/04/2025 20:02,-,0.17 dias,-,-,-,-
1619593,Enviado para o RM (Integração),1,carlos@zapform.com.br,-,2025-04-04 20:02:18,04/04/2025 20:02,04/04/2025 20:03,-,0.0 dias,-,-,-,-
1619593,Contrato Ativo,2,carlos@zapform.com.br,-,2025-04-04 20:03:10,04/04/2025 20:03,-,-,-,-,-,-,-
1619591,Aguardando Verificação/Aprovação (NAVA),0,-,-,2025-04-04 15:53:37,04/04/2025 15:53,04/04/2025 20:01,-,0.17 dias,-,-,-,-
1619591,Enviado para o RM (Integração),1,carlos@zapform.com.br,-,2025-04-04 20:01:34,04/04/2025 20:01,04/04/2025 20:02,-,0.0 dias,-,-,-,-
1619591,Contrato Ativo,2,carlos@zapform.com.br,-,2025-04-04 20:02:29,04/04/2025 20:02,05/08/2025 14:55,-,122.79 dias,-,-,-,-
1619591,Aguardando Verificação/Aprovação (NAVA),0,integracao-projetoisp,-,2025-08-05 14:55:28,05/08/2025 14:55,05/08/2025 14:55,-,0.0 dias,-,-,-,-
1619591,Contratos Encerrados,5,gabriels.santos@nava.com.br,-,2025-08-05 14:55:32,05/08/2025 14:55,-,-,-,-,-,-,-
1619588,Aguardando Verificação/Aprovação (NAVA),0,-,-,2025-04-04 15:53:20,04/04/2025 15:53,04/04/2025 20:00,-,0.17 dias,-,-,-,-
1619588,Enviado para o RM (Integração),1,carlos@zapform.com.br,-,2025-04-04 20:00:50,04/04/2025 20:00,04/04/2025 20:01,-,0.0 dias,-,-,-,-
1619588,Contrato Ativo,2,carlos@zapform.com.br,-,2025-04-04 20:01:50,04/04/2025 20:01,-,-,-,-,-,-,-
1619586,Aguardando Verificação/Aprovação (NAVA),0,-,-,2025-04-04 15:53:03,04/04/2025 15:53,04/04/2025 20:00,-,0.17 dias,-,-,-,-
1619586,Enviado para o RM (Integração),1,carlos@zapform.com.br,-,2025-04-04 20:00:06,04/04/2025 20:00,04/04/2025 20:00,-,0.0 dias,-,-,-,-
1619586,Contrato Ativo,2,carlos@zapform.com.br,-,2025-04-04 20:00:53,04/04/2025 20:00,25/07/2025 10:29,-,111.6 dias,-,-,-,-
1619586,Aguardando Verificação/Aprovação (NAVA),0,integracao-projetoisp,-,2025-07-25 10:29:32,25/07/2025 10:29,25/07/2025 10:31,-,0.0 dias,-,-,-,-
1619586,Enviado para o RM (Integração),1,integracao-projetoisp,-,2025-07-25 10:31:01,25/07/2025 10:31,25/07/2025 10:31,-,0.0 dias,-,-,-,-
1619586,Contrato Ativo,2,integracao-projetoisp,-,2025-07-25 10:31:20,25/07/2025 10:31,-,-,-,-,-,-,-
1619584,Aguardando Verificação/Aprovação (NAVA),0,-,-,2025-04-04 15:52:45,04/04/2025 15:52,04/04/2025 19:59,-,0.17 dias,-,-,-,-
1619584,Enviado para o RM (Integração),1,carlos@zapform.com.br,-,2025-04-04 19:59:21,04/04/2025 19:59,04/04/2025 20:00,-,0.0 dias,-,-,-,-
1619584,Contrato Ativo,2,carlos@zapform.com.br,-,2025-04-04 20:00:07,04/04/2025 20:00,-,-,-,-,-,-,-
1619581,Aguardando Verificação/Aprovação (NAVA),0,-,-,2025-04-04 15:52:27,04/04/2025 15:52,04/04/2025 19:58,-,0.17 dias,-,-,-,-
1619581,Enviado para o RM (Integração),1,carlos@zapform.com.br,-,2025-04-04 19:58:37,04/04/2025 19:58,04/04/2025 19:59,-,0.0 dias,-,-,-,-
1619581,Contrato Ativo,2,carlos@zapform.com.br,-,2025-04-04 19:59:23,04/04/2025 19:59,-,-,-,-,-,-,-
1619579,Aguardando Verificação/Aprovação (NAVA),0,-,-,2025-04-04 15:52:09,04/04/2025 15:52,04/04/2025 19:57,-,0.17 dias,-,-,-,-
1619579,Enviado para o RM (Integração),1,carlos@zapform.com.br,-,2025-04-04 19:57:53,04/04/2025 19:57,04/04/2025 19:58,-,0.0 dias,-,-,-,-
1619579,Contrato Ativo,2,carlos@zapform.com.br,-,2025-04-04 19:58:40,04/04/2025 19:58,-,-,-,-,-,-,-
1619576,Aguardando Verificação/Aprovação (NAVA),0,-,-,2025-04-04 15:51:50,04/04/2025 15:51,04/04/2025 19:57,-,0.17 dias,-,-,-,-
1619576,Enviado para o RM (Integração),1,carlos@zapform.com.br,-,2025-04-04 19:57:08,04/04/2025 19:57,04/04/2025 19:58,-,0.0 dias,-,-,-,-
1619576,Contrato Ativo,2,carlos@zapform.com.br,-,2025-04-04 19:58:06,04/04/2025 19:58,16/05/2025 13:01,-,41.71 dias,-,-,-,-
1619576,Aguardando Verificação/Aprovação (NAVA),0,integracao-projetoisp,-,2025-05-16 13:01:44,16/05/2025 13:01,16/05/2025 13:05,-,0.0 dias,-,-,-,-
1619576,Enviado para o RM (Integração),1,integracao-projetoisp,-,2025-05-16 13:05:53,16/05/2025 13:05,16/05/2025 13:06,-,0.0 dias,-,-,-,-
1619576,Contrato Ativo,2,integracao-projetoisp,-,2025-05-16 13:06:16,16/05/2025 13:06,-,-,-,-,-,-,-
1619571,Aguardando Verificação/Aprovação (NAVA),0,-,-,2025-04-04 15:51:32,04/04/2025 15:51,04/04/2025 19:56,-,0.17 dias,-,-,-,-
1619571,Enviado para o RM (Integração),1,carlos@zapform.com.br,-,2025-04-04 19:56:24,04/04/2025 19:56,04/04/2025 19:57,-,0.0 dias,-,-,-,-
1619571,Contrato Ativo,2,carlos@zapform.com.br,-,2025-04-04 19:57:04,04/04/2025 19:57,-,-,-,-,-,-,-
1619569,Aguardando Verificação/Aprovação (NAVA),0,-,-,2025-04-04 15:51:15,04/04/2025 15:51,04/04/2025 19:55,-,0.17 dias,-,-,-,-
1619569,Enviado para o RM (Integração),1,carlos@zapform.com.br,-,2025-04-04 19:55:40,04/04/2025 19:55,04/04/2025 19:56,-,0.0 dias,-,-,-,-
1619569,Contrato Ativo,2,carlos@zapform.com.br,-,2025-04-04 19:56:19,04/04/2025 19:56,-,-,-,-,-,-,-
1619565,Aguardando Verificação/Aprovação (NAVA),0,-,-,2025-04-04 15:50:56,04/04/2025 15:50,04/04/2025 19:54,-,0.17 dias,-,-,-,-
1619565,Enviado para o RM (Integração),1,carlos@zapform.com.br,-,2025-04-04 19:54:56,04/04/2025 19:54,04/04/2025 19:55,-,0.0 dias,-,-,-,-
1619565,Contrato Ativo,2,carlos@zapform.com.br,-,2025-04-04 19:55:36,04/04/2025 19:55,-,-,-,-,-,-,-
1619563,Aguardando Verificação/Aprovação (NAVA),0,-,-,2025-04-04 15:50:39,04/04/2025 15:50,04/04/2025 19:54,-,0.17 dias,-,-,-,-
1619563,Enviado para o RM (Integração),1,carlos@zapform.com.br,-,2025-04-04 19:54:11,04/04/2025 19:54,04/04/2025 19:54,-,0.0 dias,-,-,-,-
1619563,Contrato Ativo,2,carlos@zapform.com.br,-,2025-04-04 19:54:45,04/04/2025 19:54,15/07/2025 12:29,-,101.69 dias,-,-,-,-
1619563,Aguardando Verificação/Aprovação (NAVA),0,integracao-projetoisp,-,2025-07-15 12:29:02,15/07/2025 12:29,15/07/2025 12:29,-,0.0 dias,-,-,-,-
1619563,Contratos Encerrados,5,gabriels.santos@nava.com.br,-,2025-07-15 12:29:06,15/07/2025 12:29,-,-,-,-,-,-,-
1619561,Aguardando Verificação/Aprovação (NAVA),0,-,-,2025-04-04 15:50:19,04/04/2025 15:50,04/04/2025 19:53,-,0.17 dias,-,-,-,-
1619561,Enviado para o RM (Integração),1,carlos@zapform.com.br,-,2025-04-04 19:53:27,04/04/2025 19:53,04/04/2025 19:54,-,0.0 dias,-,-,-,-
1619561,Contrato Ativo,2,carlos@zapform.com.br,-,2025-04-04 19:54:23,04/04/2025 19:54,-,-,-,-,-,-,-
1619559,Aguardando Verificação/Aprovação (NAVA),0,-,-,2025-04-04 15:50:02,04/04/2025 15:50,04/04/2025 19:52,-,0.17 dias,-,-,-,-
1619559,Enviado para o RM (Integração),1,carlos@zapform.com.br,-,2025-04-04 19:52:42,04/04/2025 19:52,04/04/2025 19:53,-,0.0 dias,-,-,-,-
1619559,Contrato Ativo,2,carlos@zapform.com.br,-,2025-04-04 19:53:32,04/04/2025 19:53,-,-,-,-,-,-,-
1619555,Aguardando Verificação/Aprovação (NAVA),0,-,-,2025-04-04 15:49:44,04/04/2025 15:49,04/04/2025 19:51,-,0.17 dias,-,-,-,-
1619555,Enviado para o RM (Integração),1,carlos@zapform.com.br,-,2025-04-04 19:51:59,04/04/2025 19:51,04/04/2025 19:52,-,0.0 dias,-,-,-,-
1619555,Contrato Ativo,2,carlos@zapform.com.br,-,2025-04-04 19:52:49,04/04/2025 19:52,-,-,-,-,-,-,-
1619551,Aguardando Verificação/Aprovação (NAVA),0,-,-,2025-04-04 15:49:26,04/04/2025 15:49,04/04/2025 19:51,-,0.17 dias,-,-,-,-
1619551,Enviado para o RM (Integração),1,carlos@zapform.com.br,-,2025-04-04 19:51:14,04/04/2025 19:51,04/04/2025 19:51,-,0.0 dias,-,-,-,-
1619551,Contrato Ativo,2,carlos@zapform.com.br,-,2025-04-04 19:51:58,04/04/2025 19:51,-,-,-,-,-,-,-
1619549,Aguardando Verificação/Aprovação (NAVA),0,-,-,2025-04-04 15:49:08,04/04/2025 15:49,04/04/2025 19:50,-,0.17 dias,-,-,-,-
1619549,Enviado para o RM (Integração),1,carlos@zapform.com.br,-,2025-04-04 19:50:31,04/04/2025 19:50,04/04/2025 19:51,-,0.0 dias,-,-,-,-
1619549,Contrato Ativo,2,carlos@zapform.com.br,-,2025-04-04 19:51:03,04/04/2025 19:51,-,-,-,-,-,-,-
1619547,Aguardando Verificação/Aprovação (NAVA),0,-,-,2025-04-04 15:48:50,04/04/2025 15:48,04/04/2025 19:49,-,0.17 dias,-,-,-,-
1619547,Enviado para o RM (Integração),1,carlos@zapform.com.br,-,2025-04-04 19:49:46,04/04/2025 19:49,04/04/2025 19:50,-,0.0 dias,-,-,-,-
1619547,Contrato Ativo,2,carlos@zapform.com.br,-,2025-04-04 19:50:36,04/04/2025 19:50,-,-,-,-,-,-,-
1619545,Aguardando Verificação/Aprovação (NAVA),0,-,-,2025-04-04 15:48:29,04/04/2025 15:48,04/04/2025 19:49,-,0.17 dias,-,-,-,-
1619545,Enviado para o RM (Integração),1,carlos@zapform.com.br,-,2025-04-04 19:49:02,04/04/2025 19:49,04/04/2025 19:49,-,0.0 dias,-,-,-,-
1619545,Contrato Ativo,2,carlos@zapform.com.br,-,2025-04-04 19:49:42,04/04/2025 19:49,-,-,-,-,-,-,-
1619543,Aguardando Verificação/Aprovação (NAVA),0,-,-,2025-04-04 15:48:12,04/04/2025 15:48,04/04/2025 19:48,-,0.17 dias,-,-,-,-
1619543,Enviado para o RM (Integração),1,carlos@zapform.com.br,-,2025-04-04 19:48:18,04/04/2025 19:48,04/04/2025 19:48,-,0.0 dias,-,-,-,-
1619543,Contrato Ativo,2,carlos@zapform.com.br,-,2025-04-04 19:48:55,04/04/2025 19:48,-,-,-,-,-,-,-
1619540,Aguardando Verificação/Aprovação (NAVA),0,-,-,2025-04-04 15:47:54,04/04/2025 15:47,04/04/2025 19:47,-,0.17 dias,-,-,-,-
1619540,Enviado para o RM (Integração),1,carlos@zapform.com.br,-,2025-04-04 19:47:34,04/04/2025 19:47,04/04/2025 19:48,-,0.0 dias,-,-,-,-
1619540,Contrato Ativo,2,carlos@zapform.com.br,-,2025-04-04 19:48:07,04/04/2025 19:48,-,-,-,-,-,-,-
1619538,Aguardando Verificação/Aprovação (NAVA),0,-,-,2025-04-04 15:47:36,04/04/2025 15:47,04/04/2025 19:46,-,0.17 dias,-,-,-,-
1619538,Enviado para o RM (Integração),1,carlos@zapform.com.br,-,2025-04-04 19:46:49,04/04/2025 19:46,04/04/2025 19:47,-,0.0 dias,-,-,-,-
1619538,Contrato Ativo,2,carlos@zapform.com.br,-,2025-04-04 19:47:24,04/04/2025 19:47,-,-,-,-,-,-,-
1619535,Aguardando Verificação/Aprovação (NAVA),0,-,-,2025-04-04 15:47:17,04/04/2025 15:47,04/04/2025 19:46,-,0.17 dias,-,-,-,-
1619535,Enviado para o RM (Integração),1,carlos@zapform.com.br,-,2025-04-04 19:46:05,04/04/2025 19:46,04/04/2025 19:46,-,0.0 dias,-,-,-,-
1619535,Contrato Ativo,2,carlos@zapform.com.br,-,2025-04-04 19:46:39,04/04/2025 19:46,-,-,-,-,-,-,-
1619533,Aguardando Verificação/Aprovação (NAVA),0,-,-,2025-04-04 15:46:58,04/04/2025 15:46,04/04/2025 19:45,-,0.17 dias,-,-,-,-
1619533,Enviado para o RM (Integração),1,carlos@zapform.com.br,-,2025-04-04 19:45:20,04/04/2025 19:45,04/04/2025 19:46,-,0.0 dias,-,-,-,-
1619533,Contrato Ativo,2,carlos@zapform.com.br,-,2025-04-04 19:46:16,04/04/2025 19:46,-,-,-,-,-,-,-
1619530,Aguardando Verificação/Aprovação (NAVA),0,-,-,2025-04-04 15:46:40,04/04/2025 15:46,04/04/2025 19:44,-,0.17 dias,-,-,-,-
1619530,Enviado para o RM (Integração),1,carlos@zapform.com.br,-,2025-04-04 19:44:35,04/04/2025 19:44,04/04/2025 19:45,-,0.0 dias,-,-,-,-
1619530,Contrato Ativo,2,carlos@zapform.com.br,-,2025-04-04 19:45:30,04/04/2025 19:45,-,-,-,-,-,-,-
1619528,Aguardando Verificação/Aprovação (NAVA),0,-,-,2025-04-04 15:46:22,04/04/2025 15:46,04/04/2025 19:43,-,0.16 dias,-,-,-,-
1619528,Enviado para o RM (Integração),1,carlos@zapform.com.br,-,2025-04-04 19:43:51,04/04/2025 19:43,04/04/2025 19:44,-,0.0 dias,-,-,-,-
1619528,Contrato Ativo,2,carlos@zapform.com.br,-,2025-04-04 19:44:42,04/04/2025 19:44,-,-,-,-,-,-,-
1619525,Aguardando Verificação/Aprovação (NAVA),0,-,-,2025-04-04 15:46:04,04/04/2025 15:46,04/04/2025 19:43,-,0.16 dias,-,-,-,-
1619525,Enviado para o RM (Integração),1,carlos@zapform.com.br,-,2025-04-04 19:43:07,04/04/2025 19:43,04/04/2025 19:43,-,0.0 dias,-,-,-,-
1619525,Contrato Ativo,2,carlos@zapform.com.br,-,2025-04-04 19:43:39,04/04/2025 19:43,-,-,-,-,-,-,-
1619520,Aguardando Verificação/Aprovação (NAVA),0,-,-,2025-04-04 15:45:46,04/04/2025 15:45,04/04/2025 19:42,-,0.16 dias,-,-,-,-
1619520,Enviado para o RM (Integração),1,carlos@zapform.com.br,-,2025-04-04 19:42:22,04/04/2025 19:42,04/04/2025 19:43,-,0.0 dias,-,-,-,-
1619520,Contrato Ativo,2,carlos@zapform.com.br,-,2025-04-04 19:43:13,04/04/2025 19:43,-,-,-,-,-,-,-
1619518,Aguardando Verificação/Aprovação (NAVA),0,-,-,2025-04-04 15:45:28,04/04/2025 15:45,04/04/2025 19:41,-,0.16 dias,-,-,-,-
1619518,Enviado para o RM (Integração),1,carlos@zapform.com.br,-,2025-04-04 19:41:38,04/04/2025 19:41,04/04/2025 19:42,-,0.0 dias,-,-,-,-
1619518,Contrato Ativo,2,carlos@zapform.com.br,-,2025-04-04 19:42:13,04/04/2025 19:42,27/05/2025 13:20,-,52.74 dias,-,-,-,-
1619518,Aguardando Verificação/Aprovação (NAVA),0,integracao-projetoisp,-,2025-05-27 13:20:38,27/05/2025 13:20,27/05/2025 13:21,-,0.0 dias,-,-,-,-
1619518,Cancelado,X,juliana.santos@nava.com.br,-,2025-05-27 13:21:58,27/05/2025 13:21,-,-,-,-,-,-,-
1619514,Aguardando Verificação/Aprovação (NAVA),0,-,-,2025-04-04 15:45:09,04/04/2025 15:45,04/04/2025 19:40,-,0.16 dias,-,-,-,-
1619514,Enviado para o RM (Integração),1,carlos@zapform.com.br,-,2025-04-04 19:40:54,04/04/2025 19:40,04/04/2025 19:41,-,0.0 dias,-,-,-,-
1619514,Contrato Ativo,2,carlos@zapform.com.br,-,2025-04-04 19:41:28,04/04/2025 19:41,22/07/2025 13:14,-,108.73 dias,-,-,-,-
1619514,Contratos Encerrados,5,celiene.pinho@nava.com.br,-,2025-07-22 13:14:14,22/07/2025 13:14,-,-,-,-,-,-,-
1619510,Aguardando Verificação/Aprovação (NAVA),0,-,-,2025-04-04 15:44:57,04/04/2025 15:44,04/04/2025 19:40,-,0.16 dias,-,-,-,-
1619510,Enviado para o RM (Integração),1,carlos@zapform.com.br,-,2025-04-04 19:40:10,04/04/2025 19:40,04/04/2025 19:40,-,0.0 dias,-,-,-,-
1619510,Contrato Ativo,2,carlos@zapform.com.br,-,2025-04-04 19:40:42,04/04/2025 19:40,16/05/2025 16:27,-,41.87 dias,-,-,-,-
1619510,Aguardando Verificação/Aprovação (NAVA),0,integracao-projetoisp,-,2025-05-16 16:27:57,16/05/2025 16:27,16/05/2025 16:28,-,0.0 dias,-,-,-,-
1619510,Enviado para o RM (Integração),1,integracao-projetoisp,-,2025-05-16 16:28:59,16/05/2025 16:28,16/05/2025 16:29,-,0.0 dias,-,-,-,-
1619510,Contrato Ativo,2,integracao-projetoisp,-,2025-05-16 16:29:25,16/05/2025 16:29,-,-,-,-,-,-,-
1619506,Aguardando Verificação/Aprovação (NAVA),0,-,-,2025-04-04 15:44:33,04/04/2025 15:44,04/04/2025 19:39,-,0.16 dias,-,-,-,-
1619506,Enviado para o RM (Integração),1,carlos@zapform.com.br,-,2025-04-04 19:39:25,04/04/2025 19:39,04/04/2025 19:39,-,0.0 dias,-,-,-,-
1619506,Contrato Ativo,2,carlos@zapform.com.br,-,2025-04-04 19:39:58,04/04/2025 19:39,05/06/2025 17:03,-,61.89 dias,-,-,-,-
1619506,Aguardando Verificação/Aprovação (NAVA),0,integracao-projetoisp,-,2025-06-05 17:03:16,05/06/2025 17:03,05/06/2025 17:03,-,0.0 dias,-,-,-,-
1619506,Contratos Encerrados,5,celiene.pinho@nava.com.br,-,2025-06-05 17:03:25,05/06/2025 17:03,-,-,-,-,-,-,-
1619502,Aguardando Verificação/Aprovação (NAVA),0,-,-,2025-04-04 15:44:15,04/04/2025 15:44,04/04/2025 19:38,-,0.16 dias,-,-,-,-
1619502,Enviado para o RM (Integração),1,carlos@zapform.com.br,-,2025-04-04 19:38:41,04/04/2025 19:38,04/04/2025 19:39,-,0.0 dias,-,-,-,-
1619502,Contrato Ativo,2,carlos@zapform.com.br,-,2025-04-04 19:39:15,04/04/2025 19:39,-,-,-,-,-,-,-
1619498,Aguardando Verificação/Aprovação (NAVA),0,-,-,2025-04-04 15:43:57,04/04/2025 15:43,04/04/2025 19:37,-,0.16 dias,-,-,-,-
1619498,Enviado para o RM (Integração),1,carlos@zapform.com.br,-,2025-04-04 19:37:57,04/04/2025 19:37,04/04/2025 19:38,-,0.0 dias,-,-,-,-
1619498,Contrato Ativo,2,carlos@zapform.com.br,-,2025-04-04 19:38:31,04/04/2025 19:38,-,-,-,-,-,-,-
1619494,Aguardando Verificação/Aprovação (NAVA),0,-,-,2025-04-04 15:43:36,04/04/2025 15:43,04/04/2025 19:37,-,0.16 dias,-,-,-,-
1619494,Enviado para o RM (Integração),1,carlos@zapform.com.br,-,2025-04-04 19:37:13,04/04/2025 19:37,04/04/2025 19:37,-,0.0 dias,-,-,-,-
1619494,Contrato Ativo,2,carlos@zapform.com.br,-,2025-04-04 19:37:52,04/04/2025 19:37,-,-,-,-,-,-,-
1619492,Aguardando Verificação/Aprovação (NAVA),0,-,-,2025-04-04 15:43:18,04/04/2025 15:43,04/04/2025 19:36,-,0.16 dias,-,-,-,-
1619492,Enviado para o RM (Integração),1,carlos@zapform.com.br,-,2025-04-04 19:36:29,04/04/2025 19:36,04/04/2025 19:37,-,0.0 dias,-,-,-,-
1619492,Contrato Ativo,2,carlos@zapform.com.br,-,2025-04-04 19:37:04,04/04/2025 19:37,-,-,-,-,-,-,-
1619489,Aguardando Verificação/Aprovação (NAVA),0,-,-,2025-04-04 15:42:59,04/04/2025 15:42,04/04/2025 19:35,-,0.16 dias,-,-,-,-
1619489,Enviado para o RM (Integração),1,carlos@zapform.com.br,-,2025-04-04 19:35:45,04/04/2025 19:35,04/04/2025 19:36,-,0.0 dias,-,-,-,-
1619489,Contrato Ativo,2,carlos@zapform.com.br,-,2025-04-04 19:36:20,04/04/2025 19:36,-,-,-,-,-,-,-
1619487,Aguardando Verificação/Aprovação (NAVA),0,-,-,2025-04-04 15:42:41,04/04/2025 15:42,04/04/2025 19:35,-,0.16 dias,-,-,-,-
1619487,Enviado para o RM (Integração),1,carlos@zapform.com.br,-,2025-04-04 19:35:00,04/04/2025 19:35,04/04/2025 19:35,-,0.0 dias,-,-,-,-
1619487,Contrato Ativo,2,carlos@zapform.com.br,-,2025-04-04 19:35:35,04/04/2025 19:35,-,-,-,-,-,-,-
1619485,Aguardando Verificação/Aprovação (NAVA),0,-,-,2025-04-04 15:42:23,04/04/2025 15:42,04/04/2025 19:34,-,0.16 dias,-,-,-,-
1619485,Enviado para o RM (Integração),1,carlos@zapform.com.br,-,2025-04-04 19:34:16,04/04/2025 19:34,04/04/2025 19:35,-,0.0 dias,-,-,-,-
1619485,Contrato Ativo,2,carlos@zapform.com.br,-,2025-04-04 19:35:08,04/04/2025 19:35,-,-,-,-,-,-,-
1619482,Aguardando Verificação/Aprovação (NAVA),0,-,-,2025-04-04 15:42:05,04/04/2025 15:42,04/04/2025 19:33,-,0.16 dias,-,-,-,-
1619482,Enviado para o RM (Integração),1,carlos@zapform.com.br,-,2025-04-04 19:33:32,04/04/2025 19:33,04/04/2025 19:34,-,0.0 dias,-,-,-,-
1619482,Contrato Ativo,2,carlos@zapform.com.br,-,2025-04-04 19:34:06,04/04/2025 19:34,-,-,-,-,-,-,-
1619479,Aguardando Verificação/Aprovação (NAVA),0,-,-,2025-04-04 15:41:48,04/04/2025 15:41,04/04/2025 19:32,-,0.16 dias,-,-,-,-
1619479,Enviado para o RM (Integração),1,carlos@zapform.com.br,-,2025-04-04 19:32:47,04/04/2025 19:32,04/04/2025 19:33,-,0.0 dias,-,-,-,-
1619479,Contrato Ativo,2,carlos@zapform.com.br,-,2025-04-04 19:33:19,04/04/2025 19:33,-,-,-,-,-,-,-
1619474,Aguardando Verificação/Aprovação (NAVA),0,-,-,2025-04-04 15:41:29,04/04/2025 15:41,04/04/2025 19:32,-,0.16 dias,-,-,-,-
1619474,Enviado para o RM (Integração),1,carlos@zapform.com.br,-,2025-04-04 19:32:03,04/04/2025 19:32,04/04/2025 19:32,-,0.0 dias,-,-,-,-
1619474,Contrato Ativo,2,carlos@zapform.com.br,-,2025-04-04 19:32:36,04/04/2025 19:32,-,-,-,-,-,-,-
1619472,Aguardando Verificação/Aprovação (NAVA),0,-,-,2025-04-04 15:41:11,04/04/2025 15:41,04/04/2025 19:31,-,0.16 dias,-,-,-,-
1619472,Enviado para o RM (Integração),1,carlos@zapform.com.br,-,2025-04-04 19:31:19,04/04/2025 19:31,04/04/2025 19:31,-,0.0 dias,-,-,-,-
1619472,Contrato Ativo,2,carlos@zapform.com.br,-,2025-04-04 19:31:52,04/04/2025 19:31,-,-,-,-,-,-,-
1619470,Aguardando Verificação/Aprovação (NAVA),0,-,-,2025-04-04 15:40:54,04/04/2025 15:40,04/04/2025 19:30,-,0.16 dias,-,-,-,-
1619470,Enviado para o RM (Integração),1,carlos@zapform.com.br,-,2025-04-04 19:30:34,04/04/2025 19:30,04/04/2025 19:31,-,0.0 dias,-,-,-,-
1619470,Contrato Ativo,2,carlos@zapform.com.br,-,2025-04-04 19:31:26,04/04/2025 19:31,-,-,-,-,-,-,-
1619468,Aguardando Verificação/Aprovação (NAVA),0,-,-,2025-04-04 15:40:35,04/04/2025 15:40,04/04/2025 19:29,-,0.16 dias,-,-,-,-
1619468,Enviado para o RM (Integração),1,carlos@zapform.com.br,-,2025-04-04 19:29:50,04/04/2025 19:29,04/04/2025 19:30,-,0.0 dias,-,-,-,-
1619468,Contrato Ativo,2,carlos@zapform.com.br,-,2025-04-04 19:30:28,04/04/2025 19:30,-,-,-,-,-,-,-
1619466,Aguardando Verificação/Aprovação (NAVA),0,-,-,2025-04-04 15:40:16,04/04/2025 15:40,04/04/2025 19:29,-,0.16 dias,-,-,-,-
1619466,Enviado para o RM (Integração),1,carlos@zapform.com.br,-,2025-04-04 19:29:06,04/04/2025 19:29,04/04/2025 19:29,-,0.0 dias,-,-,-,-
1619466,Contrato Ativo,2,carlos@zapform.com.br,-,2025-04-04 19:29:40,04/04/2025 19:29,26/05/2025 14:27,-,51.79 dias,-,-,-,-
1619466,Aguardando Verificação/Aprovação (NAVA),0,integracao-projetoisp,-,2025-05-26 14:27:23,26/05/2025 14:27,26/05/2025 14:27,-,0.0 dias,-,-,-,-
1619466,Contratos Encerrados,5,gabriels.santos@nava.com.br,-,2025-05-26 14:27:31,26/05/2025 14:27,-,-,-,-,-,-,-
1619464,Aguardando Verificação/Aprovação (NAVA),0,-,-,2025-04-04 15:39:58,04/04/2025 15:39,04/04/2025 19:28,-,0.16 dias,-,-,-,-
1619464,Enviado para o RM (Integração),1,carlos@zapform.com.br,-,2025-04-04 19:28:21,04/04/2025 19:28,04/04/2025 19:28,-,0.0 dias,-,-,-,-
1619464,Contrato Ativo,2,carlos@zapform.com.br,-,2025-04-04 19:28:55,04/04/2025 19:28,04/08/2025 09:47,-,121.6 dias,-,-,-,-
1619464,Aguardando Verificação/Aprovação (NAVA),0,integracao-projetoisp,-,2025-08-04 09:47:42,04/08/2025 09:47,04/08/2025 09:48,-,0.0 dias,-,-,-,-
1619464,Contratos Encerrados,5,gabriels.santos@nava.com.br,-,2025-08-04 09:48:50,04/08/2025 09:48,08/08/2025 14:52,-,4.21 dias,-,-,-,-
1619464,Aguardando Verificação/Aprovação (NAVA),0,thais.roberta@nava.com.br,-,2025-08-08 14:52:51,08/08/2025 14:52,08/08/2025 14:53,-,0.0 dias,-,-,-,-
1619464,Enviado para o RM (Integração),1,integracao-projetoisp,-,2025-08-08 14:53:10,08/08/2025 14:53,08/08/2025 14:53,-,0.0 dias,-,-,-,-
1619464,Contrato Ativo,2,integracao-projetoisp,-,2025-08-08 14:53:16,08/08/2025 14:53,08/08/2025 14:56,-,0.0 dias,-,-,-,-
1619464,Contratos Encerrados,5,thais.roberta@nava.com.br,-,2025-08-08 14:56:40,08/08/2025 14:56,-,-,-,-,-,-,-
1619462,Aguardando Verificação/Aprovação (NAVA),0,-,-,2025-04-04 15:39:39,04/04/2025 15:39,04/04/2025 19:27,-,0.16 dias,-,-,-,-
1619462,Enviado para o RM (Integração),1,carlos@zapform.com.br,-,2025-04-04 19:27:37,04/04/2025 19:27,04/04/2025 19:28,-,0.0 dias,-,-,-,-
1619462,Contrato Ativo,2,carlos@zapform.com.br,-,2025-04-04 19:28:24,04/04/2025 19:28,-,-,-,-,-,-,-
1619459,Aguardando Verificação/Aprovação (NAVA),0,-,-,2025-04-04 15:39:21,04/04/2025 15:39,04/04/2025 19:26,-,0.16 dias,-,-,-,-
1619459,Enviado para o RM (Integração),1,carlos@zapform.com.br,-,2025-04-04 19:26:53,04/04/2025 19:26,04/04/2025 19:27,-,0.0 dias,-,-,-,-
1619459,Contrato Ativo,2,carlos@zapform.com.br,-,2025-04-04 19:27:45,04/04/2025 19:27,-,-,-,-,-,-,-
1619457,Aguardando Verificação/Aprovação (NAVA),0,-,-,2025-04-04 15:39:03,04/04/2025 15:39,04/04/2025 19:26,-,0.16 dias,-,-,-,-
1619457,Enviado para o RM (Integração),1,carlos@zapform.com.br,-,2025-04-04 19:26:09,04/04/2025 19:26,04/04/2025 19:26,-,0.0 dias,-,-,-,-
1619457,Contrato Ativo,2,carlos@zapform.com.br,-,2025-04-04 19:26:42,04/04/2025 19:26,-,-,-,-,-,-,-
1619455,Aguardando Verificação/Aprovação (NAVA),0,-,-,2025-04-04 15:38:45,04/04/2025 15:38,04/04/2025 19:25,-,0.16 dias,-,-,-,-
1619455,Enviado para o RM (Integração),1,carlos@zapform.com.br,-,2025-04-04 19:25:24,04/04/2025 19:25,04/04/2025 19:26,-,0.0 dias,-,-,-,-
1619455,Contrato Ativo,2,carlos@zapform.com.br,-,2025-04-04 19:26:15,04/04/2025 19:26,-,-,-,-,-,-,-
1619452,Aguardando Verificação/Aprovação (NAVA),0,-,-,2025-04-04 15:38:27,04/04/2025 15:38,04/04/2025 19:24,-,0.16 dias,-,-,-,-
1619452,Enviado para o RM (Integração),1,carlos@zapform.com.br,-,2025-04-04 19:24:40,04/04/2025 19:24,04/04/2025 19:25,-,0.0 dias,-,-,-,-
1619452,Contrato Ativo,2,carlos@zapform.com.br,-,2025-04-04 19:25:17,04/04/2025 19:25,05/05/2025 12:24,-,30.71 dias,-,-,-,-
1619452,Aguardando Verificação/Aprovação (NAVA),0,integracao-projetoisp,-,2025-05-05 12:24:38,05/05/2025 12:24,05/05/2025 12:24,-,0.0 dias,-,-,-,-
1619452,Contratos Encerrados,5,gabriels.santos@nava.com.br,-,2025-05-05 12:24:44,05/05/2025 12:24,-,-,-,-,-,-,-
1619450,Aguardando Verificação/Aprovação (NAVA),0,-,-,2025-04-04 15:38:08,04/04/2025 15:38,04/04/2025 19:23,-,0.16 dias,-,-,-,-
1619450,Enviado para o RM (Integração),1,carlos@zapform.com.br,-,2025-04-04 19:23:55,04/04/2025 19:23,04/04/2025 19:24,-,0.0 dias,-,-,-,-
1619450,Contrato Ativo,2,carlos@zapform.com.br,-,2025-04-04 19:24:29,04/04/2025 19:24,29/08/2025 10:16,-,146.62 dias,-,-,-,-
1619450,Aguardando Verificação/Aprovação (NAVA),0,integracao-projetoisp,-,2025-08-29 10:16:16,29/08/2025 10:16,29/08/2025 10:18,-,0.0 dias,-,-,-,-
1619450,Contratos Encerrados,5,gabriels.santos@nava.com.br,-,2025-08-29 10:18:43,29/08/2025 10:18,-,-,-,-,-,-,-
1619447,Aguardando Verificação/Aprovação (NAVA),0,-,-,2025-04-04 15:37:50,04/04/2025 15:37,04/04/2025 19:23,-,0.16 dias,-,-,-,-
1619447,Enviado para o RM (Integração),1,carlos@zapform.com.br,-,2025-04-04 19:23:11,04/04/2025 19:23,04/04/2025 19:24,-,0.0 dias,-,-,-,-
1619447,Contrato Ativo,2,carlos@zapform.com.br,-,2025-04-04 19:24:06,04/04/2025 19:24,-,-,-,-,-,-,-
1619445,Aguardando Verificação/Aprovação (NAVA),0,-,-,2025-04-04 15:37:33,04/04/2025 15:37,04/04/2025 19:22,-,0.16 dias,-,-,-,-
1619445,Enviado para o RM (Integração),1,carlos@zapform.com.br,-,2025-04-04 19:22:27,04/04/2025 19:22,04/04/2025 19:23,-,0.0 dias,-,-,-,-
1619445,Contrato Ativo,2,carlos@zapform.com.br,-,2025-04-04 19:23:20,04/04/2025 19:23,-,-,-,-,-,-,-
1619443,Aguardando Verificação/Aprovação (NAVA),0,-,-,2025-04-04 15:37:14,04/04/2025 15:37,04/04/2025 19:21,-,0.16 dias,-,-,-,-
1619443,Enviado para o RM (Integração),1,carlos@zapform.com.br,-,2025-04-04 19:21:43,04/04/2025 19:21,04/04/2025 19:22,-,0.0 dias,-,-,-,-
1619443,Contrato Ativo,2,carlos@zapform.com.br,-,2025-04-04 19:22:20,04/04/2025 19:22,-,-,-,-,-,-,-
1619440,Aguardando Verificação/Aprovação (NAVA),0,-,-,2025-04-04 15:36:57,04/04/2025 15:36,04/04/2025 19:20,-,0.16 dias,-,-,-,-
1619440,Enviado para o RM (Integração),1,carlos@zapform.com.br,-,2025-04-04 19:20:59,04/04/2025 19:20,04/04/2025 19:21,-,0.0 dias,-,-,-,-
1619440,Contrato Ativo,2,carlos@zapform.com.br,-,2025-04-04 19:21:44,04/04/2025 19:21,-,-,-,-,-,-,-
1619437,Aguardando Verificação/Aprovação (NAVA),0,-,-,2025-04-04 15:36:39,04/04/2025 15:36,04/04/2025 19:20,-,0.16 dias,-,-,-,-
1619437,Enviado para o RM (Integração),1,carlos@zapform.com.br,-,2025-04-04 19:20:14,04/04/2025 19:20,04/04/2025 19:20,-,0.0 dias,-,-,-,-
1619437,Contrato Ativo,2,carlos@zapform.com.br,-,2025-04-04 19:20:46,04/04/2025 19:20,19/09/2025 15:52,-,167.86 dias,-,-,-,-
1619437,Aguardando Verificação/Aprovação (NAVA),0,integracao-projetoisp,-,2025-09-19 15:52:06,19/09/2025 15:52,19/09/2025 15:52,-,0.0 dias,-,-,-,-
1619437,Contratos Encerrados,5,thais.roberta@nava.com.br,-,2025-09-19 15:52:25,19/09/2025 15:52,-,-,-,-,-,-,-
1619435,Aguardando Verificação/Aprovação (NAVA),0,-,-,2025-04-04 15:36:21,04/04/2025 15:36,04/04/2025 19:19,-,0.15 dias,-,-,-,-
1619435,Enviado para o RM (Integração),1,carlos@zapform.com.br,-,2025-04-04 19:19:30,04/04/2025 19:19,04/04/2025 19:20,-,0.0 dias,-,-,-,-
1619435,Contrato Ativo,2,carlos@zapform.com.br,-,2025-04-04 19:20:08,04/04/2025 19:20,-,-,-,-,-,-,-
1619433,Aguardando Verificação/Aprovação (NAVA),0,-,-,2025-04-04 15:36:04,04/04/2025 15:36,04/04/2025 19:18,-,0.15 dias,-,-,-,-
1619433,Enviado para o RM (Integração),1,carlos@zapform.com.br,-,2025-04-04 19:18:46,04/04/2025 19:18,04/04/2025 19:19,-,0.0 dias,-,-,-,-
1619433,Contrato Ativo,2,carlos@zapform.com.br,-,2025-04-04 19:19:25,04/04/2025 19:19,-,-,-,-,-,-,-
1619431,Aguardando Verificação/Aprovação (NAVA),0,-,-,2025-04-04 15:35:44,04/04/2025 15:35,04/04/2025 19:18,-,0.15 dias,-,-,-,-
1619431,Enviado para o RM (Integração),1,carlos@zapform.com.br,-,2025-04-04 19:18:02,04/04/2025 19:18,04/04/2025 19:18,-,0.0 dias,-,-,-,-
1619431,Contrato Ativo,2,carlos@zapform.com.br,-,2025-04-04 19:18:56,04/04/2025 19:18,-,-,-,-,-,-,-
1619429,Aguardando Verificação/Aprovação (NAVA),0,-,-,2025-04-04 15:35:26,04/04/2025 15:35,04/04/2025 19:17,-,0.15 dias,-,-,-,-
1619429,Enviado para o RM (Integração),1,carlos@zapform.com.br,-,2025-04-04 19:17:17,04/04/2025 19:17,04/04/2025 19:17,-,0.0 dias,-,-,-,-
1619429,Contrato Ativo,2,carlos@zapform.com.br,-,2025-04-04 19:17:55,04/04/2025 19:17,-,-,-,-,-,-,-
1619427,Aguardando Verificação/Aprovação (NAVA),0,-,-,2025-04-04 15:35:08,04/04/2025 15:35,04/04/2025 19:16,-,0.15 dias,-,-,-,-
1619427,Enviado para o RM (Integração),1,carlos@zapform.com.br,-,2025-04-04 19:16:32,04/04/2025 19:16,04/04/2025 19:17,-,0.0 dias,-,-,-,-
1619427,Contrato Ativo,2,carlos@zapform.com.br,-,2025-04-04 19:17:32,04/04/2025 19:17,-,-,-,-,-,-,-
1619425,Aguardando Verificação/Aprovação (NAVA),0,-,-,2025-04-04 15:34:50,04/04/2025 15:34,04/04/2025 19:15,-,0.15 dias,-,-,-,-
1619425,Enviado para o RM (Integração),1,carlos@zapform.com.br,-,2025-04-04 19:15:48,04/04/2025 19:15,04/04/2025 19:16,-,0.0 dias,-,-,-,-
1619425,Contrato Ativo,2,carlos@zapform.com.br,-,2025-04-04 19:16:38,04/04/2025 19:16,-,-,-,-,-,-,-
1619422,Aguardando Verificação/Aprovação (NAVA),0,-,-,2025-04-04 15:34:31,04/04/2025 15:34,04/04/2025 19:15,-,0.15 dias,-,-,-,-
1619422,Enviado para o RM (Integração),1,carlos@zapform.com.br,-,2025-04-04 19:15:04,04/04/2025 19:15,04/04/2025 19:15,-,0.0 dias,-,-,-,-
1619422,Contrato Ativo,2,carlos@zapform.com.br,-,2025-04-04 19:15:59,04/04/2025 19:15,-,-,-,-,-,-,-
1619420,Aguardando Verificação/Aprovação (NAVA),0,-,-,2025-04-04 15:34:13,04/04/2025 15:34,04/04/2025 19:14,-,0.15 dias,-,-,-,-
1619420,Enviado para o RM (Integração),1,carlos@zapform.com.br,-,2025-04-04 19:14:19,04/04/2025 19:14,04/04/2025 19:15,-,0.0 dias,-,-,-,-
1619420,Contrato Ativo,2,carlos@zapform.com.br,-,2025-04-04 19:15:14,04/04/2025 19:15,-,-,-,-,-,-,-
1619418,Aguardando Verificação/Aprovação (NAVA),0,-,-,2025-04-04 15:33:52,04/04/2025 15:33,04/04/2025 19:13,-,0.15 dias,-,-,-,-
1619418,Enviado para o RM (Integração),1,carlos@zapform.com.br,-,2025-04-04 19:13:35,04/04/2025 19:13,04/04/2025 19:14,-,0.0 dias,-,-,-,-
1619418,Contrato Ativo,2,carlos@zapform.com.br,-,2025-04-04 19:14:26,04/04/2025 19:14,-,-,-,-,-,-,-
1619414,Aguardando Verificação/Aprovação (NAVA),0,-,-,2025-04-04 15:33:33,04/04/2025 15:33,04/04/2025 19:12,-,0.15 dias,-,-,-,-
1619414,Enviado para o RM (Integração),1,carlos@zapform.com.br,-,2025-04-04 19:12:51,04/04/2025 19:12,04/04/2025 19:13,-,0.0 dias,-,-,-,-
1619414,Contrato Ativo,2,carlos@zapform.com.br,-,2025-04-04 19:13:40,04/04/2025 19:13,-,-,-,-,-,-,-
1619411,Aguardando Verificação/Aprovação (NAVA),0,-,-,2025-04-04 15:33:16,04/04/2025 15:33,04/04/2025 19:12,-,0.15 dias,-,-,-,-
1619411,Enviado para o RM (Integração),1,carlos@zapform.com.br,-,2025-04-04 19:12:07,04/04/2025 19:12,04/04/2025 19:12,-,0.0 dias,-,-,-,-
1619411,Contrato Ativo,2,carlos@zapform.com.br,-,2025-04-04 19:12:55,04/04/2025 19:12,-,-,-,-,-,-,-
1619409,Aguardando Verificação/Aprovação (NAVA),0,-,-,2025-04-04 15:32:58,04/04/2025 15:32,04/04/2025 19:11,-,0.15 dias,-,-,-,-
1619409,Enviado para o RM (Integração),1,carlos@zapform.com.br,-,2025-04-04 19:11:23,04/04/2025 19:11,04/04/2025 19:12,-,0.0 dias,-,-,-,-
1619409,Contrato Ativo,2,carlos@zapform.com.br,-,2025-04-04 19:12:12,04/04/2025 19:12,-,-,-,-,-,-,-
1619403,Aguardando Verificação/Aprovação (NAVA),0,-,-,2025-04-04 15:32:39,04/04/2025 15:32,04/04/2025 19:10,-,0.15 dias,-,-,-,-
1619403,Enviado para o RM (Integração),1,carlos@zapform.com.br,-,2025-04-04 19:10:39,04/04/2025 19:10,04/04/2025 19:11,-,0.0 dias,-,-,-,-
1619403,Contrato Ativo,2,carlos@zapform.com.br,-,2025-04-04 19:11:28,04/04/2025 19:11,-,-,-,-,-,-,-
1619401,Aguardando Verificação/Aprovação (NAVA),0,-,-,2025-04-04 15:32:21,04/04/2025 15:32,04/04/2025 19:09,-,0.15 dias,-,-,-,-
1619401,Enviado para o RM (Integração),1,carlos@zapform.com.br,-,2025-04-04 19:09:55,04/04/2025 19:09,04/04/2025 19:10,-,0.0 dias,-,-,-,-
1619401,Contrato Ativo,2,carlos@zapform.com.br,-,2025-04-04 19:10:49,04/04/2025 19:10,19/05/2025 15:05,-,44.83 dias,-,-,-,-
1619401,Aguardando Verificação/Aprovação (NAVA),0,integracao-projetoisp,-,2025-05-19 15:05:51,19/05/2025 15:05,19/05/2025 15:06,-,0.0 dias,-,-,-,-
1619401,Enviado para o RM (Integração),1,integracao-projetoisp,-,2025-05-19 15:06:03,19/05/2025 15:06,19/05/2025 15:06,-,0.0 dias,-,-,-,-
1619401,Contrato Ativo,2,integracao-projetoisp,-,2025-05-19 15:06:29,19/05/2025 15:06,-,-,-,-,-,-,-
1619399,Aguardando Verificação/Aprovação (NAVA),0,-,-,2025-04-04 15:32:02,04/04/2025 15:32,04/04/2025 19:09,-,0.15 dias,-,-,-,-
1619399,Enviado para o RM (Integração),1,carlos@zapform.com.br,-,2025-04-04 19:09:11,04/04/2025 19:09,04/04/2025 19:10,-,0.0 dias,-,-,-,-
1619399,Contrato Ativo,2,carlos@zapform.com.br,-,2025-04-04 19:10:05,04/04/2025 19:10,-,-,-,-,-,-,-
1619396,Aguardando Verificação/Aprovação (NAVA),0,-,-,2025-04-04 15:31:44,04/04/2025 15:31,04/04/2025 19:08,-,0.15 dias,-,-,-,-
1619396,Enviado para o RM (Integração),1,carlos@zapform.com.br,-,2025-04-04 19:08:27,04/04/2025 19:08,04/04/2025 19:09,-,0.0 dias,-,-,-,-
1619396,Contrato Ativo,2,carlos@zapform.com.br,-,2025-04-04 19:09:16,04/04/2025 19:09,19/05/2025 15:10,-,44.83 dias,-,-,-,-
1619396,Aguardando Verificação/Aprovação (NAVA),0,integracao-projetoisp,-,2025-05-19 15:10:55,19/05/2025 15:10,19/05/2025 15:11,-,0.0 dias,-,-,-,-
1619396,Enviado para o RM (Integração),1,integracao-projetoisp,-,2025-05-19 15:11:09,19/05/2025 15:11,19/05/2025 15:11,-,0.0 dias,-,-,-,-
1619396,Contrato Ativo,2,integracao-projetoisp,-,2025-05-19 15:11:33,19/05/2025 15:11,18/07/2025 12:12,-,59.88 dias,-,-,-,-
1619396,Aguardando Verificação/Aprovação (NAVA),0,integracao-projetoisp,-,2025-07-18 12:12:25,18/07/2025 12:12,18/07/2025 12:12,-,0.0 dias,-,-,-,-
1619396,Contratos Encerrados,5,thais.roberta@nava.com.br,-,2025-07-18 12:12:57,18/07/2025 12:12,-,-,-,-,-,-,-
1619394,Aguardando Verificação/Aprovação (NAVA),0,-,-,2025-04-04 15:31:25,04/04/2025 15:31,04/04/2025 19:07,-,0.15 dias,-,-,-,-
1619394,Enviado para o RM (Integração),1,carlos@zapform.com.br,-,2025-04-04 19:07:42,04/04/2025 19:07,04/04/2025 19:08,-,0.0 dias,-,-,-,-
1619394,Contrato Ativo,2,carlos@zapform.com.br,-,2025-04-04 19:08:32,04/04/2025 19:08,-,-,-,-,-,-,-
1619392,Aguardando Verificação/Aprovação (NAVA),0,-,-,2025-04-04 15:31:07,04/04/2025 15:31,04/04/2025 19:05,-,0.15 dias,-,-,-,-
1619392,Enviado para o RM (Integração),1,carlos@zapform.com.br,-,2025-04-04 19:05:58,04/04/2025 19:05,04/04/2025 19:08,-,0.0 dias,-,-,-,-
1619392,Contrato Ativo,2,carlos@zapform.com.br,-,2025-04-04 19:08:16,04/04/2025 19:08,-,-,-,-,-,-,-
1619390,Aguardando Verificação/Aprovação (NAVA),0,-,-,2025-04-04 15:30:49,04/04/2025 15:30,04/04/2025 19:05,-,0.15 dias,-,-,-,-
1619390,Enviado para o RM (Integração),1,carlos@zapform.com.br,-,2025-04-04 19:05:13,04/04/2025 19:05,04/04/2025 19:06,-,0.0 dias,-,-,-,-
1619390,Contrato Ativo,2,carlos@zapform.com.br,-,2025-04-04 19:06:03,04/04/2025 19:06,-,-,-,-,-,-,-
1619386,Aguardando Verificação/Aprovação (NAVA),0,-,-,2025-04-04 15:30:30,04/04/2025 15:30,04/04/2025 19:04,-,0.15 dias,-,-,-,-
1619386,Enviado para o RM (Integração),1,carlos@zapform.com.br,-,2025-04-04 19:04:30,04/04/2025 19:04,04/04/2025 19:06,-,0.0 dias,-,-,-,-
1619386,Contrato Ativo,2,carlos@zapform.com.br,-,2025-04-04 19:06:21,04/04/2025 19:06,26/05/2025 10:52,-,51.66 dias,-,-,-,-
1619386,Aguardando Verificação/Aprovação (NAVA),0,integracao-projetoisp,-,2025-05-26 10:52:37,26/05/2025 10:52,26/05/2025 10:54,-,0.0 dias,-,-,-,-
1619386,Enviado para o RM (Integração),1,integracao-projetoisp,-,2025-05-26 10:54:31,26/05/2025 10:54,26/05/2025 10:54,-,0.0 dias,-,-,-,-
1619386,Contrato Ativo,2,integracao-projetoisp,-,2025-05-26 10:54:57,26/05/2025 10:54,-,-,-,-,-,-,-
1619384,Aguardando Verificação/Aprovação (NAVA),0,-,-,2025-04-04 15:30:11,04/04/2025 15:30,04/04/2025 19:03,-,0.15 dias,-,-,-,-
1619384,Enviado para o RM (Integração),1,carlos@zapform.com.br,-,2025-04-04 19:03:45,04/04/2025 19:03,07/04/2025 11:06,-,2.67 dias,-,-,-,-
1619384,Contrato Ativo,2,carlos@zapform.com.br,-,2025-04-07 11:06:52,07/04/2025 11:06,-,-,-,-,-,-,-
1619382,Aguardando Verificação/Aprovação (NAVA),0,-,-,2025-04-04 15:29:54,04/04/2025 15:29,04/04/2025 19:03,-,0.15 dias,-,-,-,-
1619382,Enviado para o RM (Integração),1,carlos@zapform.com.br,-,2025-04-04 19:03:01,04/04/2025 19:03,04/04/2025 19:08,-,0.0 dias,-,-,-,-
1619382,Contrato Ativo,2,carlos@zapform.com.br,-,2025-04-04 19:08:07,04/04/2025 19:08,-,-,-,-,-,-,-
1619380,Aguardando Verificação/Aprovação (NAVA),0,-,-,2025-04-04 15:29:36,04/04/2025 15:29,04/04/2025 19:02,-,0.15 dias,-,-,-,-
1619380,Enviado para o RM (Integração),1,carlos@zapform.com.br,-,2025-04-04 19:02:17,04/04/2025 19:02,07/04/2025 11:06,-,2.67 dias,-,-,-,-
1619380,Contrato Ativo,2,carlos@zapform.com.br,-,2025-04-07 11:06:52,07/04/2025 11:06,-,-,-,-,-,-,-
1619376,Aguardando Verificação/Aprovação (NAVA),0,-,-,2025-04-04 15:29:18,04/04/2025 15:29,04/04/2025 19:01,-,0.15 dias,-,-,-,-
1619376,Enviado para o RM (Integração),1,carlos@zapform.com.br,-,2025-04-04 19:01:32,04/04/2025 19:01,04/04/2025 19:02,-,0.0 dias,-,-,-,-
1619376,Contrato Ativo,2,carlos@zapform.com.br,-,2025-04-04 19:02:15,04/04/2025 19:02,-,-,-,-,-,-,-
1619372,Aguardando Verificação/Aprovação (NAVA),0,-,-,2025-04-04 15:28:59,04/04/2025 15:28,04/04/2025 19:00,-,0.15 dias,-,-,-,-
1619372,Enviado para o RM (Integração),1,carlos@zapform.com.br,-,2025-04-04 19:00:47,04/04/2025 19:00,04/04/2025 19:02,-,0.0 dias,-,-,-,-
1619372,Contrato Ativo,2,carlos@zapform.com.br,-,2025-04-04 19:02:46,04/04/2025 19:02,-,-,-,-,-,-,-
1619369,Aguardando Verificação/Aprovação (NAVA),0,-,-,2025-04-04 15:28:41,04/04/2025 15:28,04/04/2025 19:00,-,0.15 dias,-,-,-,-
1619369,Enviado para o RM (Integração),1,carlos@zapform.com.br,-,2025-04-04 19:00:04,04/04/2025 19:00,07/04/2025 11:06,-,2.67 dias,-,-,-,-
1619369,Contrato Ativo,2,carlos@zapform.com.br,-,2025-04-07 11:06:52,07/04/2025 11:06,-,-,-,-,-,-,-
1619366,Aguardando Verificação/Aprovação (NAVA),0,-,-,2025-04-04 15:28:23,04/04/2025 15:28,04/04/2025 18:58,-,0.15 dias,-,-,-,-
1619366,Enviado para o RM (Integração),1,carlos@zapform.com.br,-,2025-04-04 18:58:49,04/04/2025 18:58,07/04/2025 11:06,-,2.67 dias,-,-,-,-
1619366,Contrato Ativo,2,carlos@zapform.com.br,-,2025-04-07 11:06:52,07/04/2025 11:06,-,-,-,-,-,-,-
1619364,Aguardando Verificação/Aprovação (NAVA),0,-,-,2025-04-04 15:28:05,04/04/2025 15:28,04/04/2025 18:58,-,0.15 dias,-,-,-,-
1619364,Enviado para o RM (Integração),1,carlos@zapform.com.br,-,2025-04-04 18:58:05,04/04/2025 18:58,04/04/2025 18:59,-,0.0 dias,-,-,-,-
1619364,Contrato Ativo,2,carlos@zapform.com.br,-,2025-04-04 18:59:59,04/04/2025 18:59,-,-,-,-,-,-,-
1619362,Aguardando Verificação/Aprovação (NAVA),0,-,-,2025-04-04 15:27:45,04/04/2025 15:27,04/04/2025 18:57,-,0.15 dias,-,-,-,-
1619362,Enviado para o RM (Integração),1,carlos@zapform.com.br,-,2025-04-04 18:57:21,04/04/2025 18:57,07/04/2025 11:06,-,2.67 dias,-,-,-,-
1619362,Contrato Ativo,2,carlos@zapform.com.br,-,2025-04-07 11:06:52,07/04/2025 11:06,-,-,-,-,-,-,-
1619360,Aguardando Verificação/Aprovação (NAVA),0,-,-,2025-04-04 15:27:26,04/04/2025 15:27,04/04/2025 18:56,-,0.15 dias,-,-,-,-
1619360,Enviado para o RM (Integração),1,carlos@zapform.com.br,-,2025-04-04 18:56:36,04/04/2025 18:56,04/04/2025 18:57,-,0.0 dias,-,-,-,-
1619360,Contrato Ativo,2,carlos@zapform.com.br,-,2025-04-04 18:57:19,04/04/2025 18:57,-,-,-,-,-,-,-
1619357,Aguardando Verificação/Aprovação (NAVA),0,-,-,2025-04-04 15:27:08,04/04/2025 15:27,04/04/2025 18:55,-,0.14 dias,-,-,-,-
1619357,Enviado para o RM (Integração),1,carlos@zapform.com.br,-,2025-04-04 18:55:52,04/04/2025 18:55,04/04/2025 18:56,-,0.0 dias,-,-,-,-
1619357,Contrato Ativo,2,carlos@zapform.com.br,-,2025-04-04 18:56:31,04/04/2025 18:56,-,-,-,-,-,-,-
1619355,Aguardando Verificação/Aprovação (NAVA),0,-,-,2025-04-04 15:26:50,04/04/2025 15:26,04/04/2025 18:55,-,0.14 dias,-,-,-,-
1619355,Enviado para o RM (Integração),1,carlos@zapform.com.br,-,2025-04-04 18:55:08,04/04/2025 18:55,04/04/2025 18:55,-,0.0 dias,-,-,-,-
1619355,Contrato Ativo,2,carlos@zapform.com.br,-,2025-04-04 18:55:46,04/04/2025 18:55,-,-,-,-,-,-,-
1619353,Aguardando Verificação/Aprovação (NAVA),0,-,-,2025-04-04 15:26:32,04/04/2025 15:26,04/04/2025 18:54,-,0.14 dias,-,-,-,-
1619353,Enviado para o RM (Integração),1,carlos@zapform.com.br,-,2025-04-04 18:54:24,04/04/2025 18:54,04/04/2025 18:55,-,0.0 dias,-,-,-,-
1619353,Contrato Ativo,2,carlos@zapform.com.br,-,2025-04-04 18:55:01,04/04/2025 18:55,-,-,-,-,-,-,-
1619351,Aguardando Verificação/Aprovação (NAVA),0,-,-,2025-04-04 15:26:14,04/04/2025 15:26,04/04/2025 18:53,-,0.14 dias,-,-,-,-
1619351,Enviado para o RM (Integração),1,carlos@zapform.com.br,-,2025-04-04 18:53:39,04/04/2025 18:53,04/04/2025 18:54,-,0.0 dias,-,-,-,-
1619351,Contrato Ativo,2,carlos@zapform.com.br,-,2025-04-04 18:54:12,04/04/2025 18:54,-,-,-,-,-,-,-
1619348,Aguardando Verificação/Aprovação (NAVA),0,-,-,2025-04-04 15:25:57,04/04/2025 15:25,04/04/2025 18:52,-,0.14 dias,-,-,-,-
1619348,Enviado para o RM (Integração),1,carlos@zapform.com.br,-,2025-04-04 18:52:55,04/04/2025 18:52,04/04/2025 18:53,-,0.0 dias,-,-,-,-
1619348,Contrato Ativo,2,carlos@zapform.com.br,-,2025-04-04 18:53:28,04/04/2025 18:53,-,-,-,-,-,-,-
1619346,Aguardando Verificação/Aprovação (NAVA),0,-,-,2025-04-04 15:25:39,04/04/2025 15:25,04/04/2025 18:52,-,0.14 dias,-,-,-,-
1619346,Enviado para o RM (Integração),1,carlos@zapform.com.br,-,2025-04-04 18:52:11,04/04/2025 18:52,04/04/2025 18:52,-,0.0 dias,-,-,-,-
1619346,Contrato Ativo,2,carlos@zapform.com.br,-,2025-04-04 18:52:48,04/04/2025 18:52,-,-,-,-,-,-,-
1619344,Aguardando Verificação/Aprovação (NAVA),0,-,-,2025-04-04 15:25:21,04/04/2025 15:25,04/04/2025 18:51,-,0.14 dias,-,-,-,-
1619344,Enviado para o RM (Integração),1,carlos@zapform.com.br,-,2025-04-04 18:51:27,04/04/2025 18:51,04/04/2025 18:52,-,0.0 dias,-,-,-,-
1619344,Contrato Ativo,2,carlos@zapform.com.br,-,2025-04-04 18:52:02,04/04/2025 18:52,-,-,-,-,-,-,-
1619340,Aguardando Verificação/Aprovação (NAVA),0,-,-,2025-04-04 15:25:03,04/04/2025 15:25,04/04/2025 18:50,-,0.14 dias,-,-,-,-
1619340,Enviado para o RM (Integração),1,carlos@zapform.com.br,-,2025-04-04 18:50:42,04/04/2025 18:50,04/04/2025 18:51,-,0.0 dias,-,-,-,-
1619340,Contrato Ativo,2,carlos@zapform.com.br,-,2025-04-04 18:51:22,04/04/2025 18:51,-,-,-,-,-,-,-
1619338,Aguardando Verificação/Aprovação (NAVA),0,-,-,2025-04-04 15:24:42,04/04/2025 15:24,04/04/2025 18:49,-,0.14 dias,-,-,-,-
1619338,Enviado para o RM (Integração),1,carlos@zapform.com.br,-,2025-04-04 18:49:58,04/04/2025 18:49,04/04/2025 18:50,-,0.0 dias,-,-,-,-
1619338,Contrato Ativo,2,carlos@zapform.com.br,-,2025-04-04 18:50:35,04/04/2025 18:50,-,-,-,-,-,-,-
1619335,Aguardando Verificação/Aprovação (NAVA),0,-,-,2025-04-04 15:24:25,04/04/2025 15:24,04/04/2025 18:49,-,0.14 dias,-,-,-,-
1619335,Enviado para o RM (Integração),1,carlos@zapform.com.br,-,2025-04-04 18:49:14,04/04/2025 18:49,04/04/2025 18:49,-,0.0 dias,-,-,-,-
1619335,Contrato Ativo,2,carlos@zapform.com.br,-,2025-04-04 18:49:50,04/04/2025 18:49,-,-,-,-,-,-,-
1619331,Aguardando Verificação/Aprovação (NAVA),0,-,-,2025-04-04 15:24:06,04/04/2025 15:24,04/04/2025 18:48,-,0.14 dias,-,-,-,-
1619331,Enviado para o RM (Integração),1,carlos@zapform.com.br,-,2025-04-04 18:48:30,04/04/2025 18:48,04/04/2025 18:49,-,0.0 dias,-,-,-,-
1619331,Contrato Ativo,2,carlos@zapform.com.br,-,2025-04-04 18:49:05,04/04/2025 18:49,-,-,-,-,-,-,-
1619329,Aguardando Verificação/Aprovação (NAVA),0,-,-,2025-04-04 15:23:49,04/04/2025 15:23,04/04/2025 18:47,-,0.14 dias,-,-,-,-
1619329,Enviado para o RM (Integração),1,carlos@zapform.com.br,-,2025-04-04 18:47:46,04/04/2025 18:47,04/04/2025 18:48,-,0.0 dias,-,-,-,-
1619329,Contrato Ativo,2,carlos@zapform.com.br,-,2025-04-04 18:48:22,04/04/2025 18:48,-,-,-,-,-,-,-
1619326,Aguardando Verificação/Aprovação (NAVA),0,-,-,2025-04-04 15:23:27,04/04/2025 15:23,04/04/2025 18:47,-,0.14 dias,-,-,-,-
1619326,Enviado para o RM (Integração),1,carlos@zapform.com.br,-,2025-04-04 18:47:02,04/04/2025 18:47,04/04/2025 18:47,-,0.0 dias,-,-,-,-
1619326,Contrato Ativo,2,carlos@zapform.com.br,-,2025-04-04 18:47:34,04/04/2025 18:47,-,-,-,-,-,-,-
1619324,Aguardando Verificação/Aprovação (NAVA),0,-,-,2025-04-04 15:23:09,04/04/2025 15:23,04/04/2025 18:46,-,0.14 dias,-,-,-,-
1619324,Enviado para o RM (Integração),1,carlos@zapform.com.br,-,2025-04-04 18:46:18,04/04/2025 18:46,04/04/2025 18:46,-,0.0 dias,-,-,-,-
1619324,Contrato Ativo,2,carlos@zapform.com.br,-,2025-04-04 18:46:51,04/04/2025 18:46,-,-,-,-,-,-,-
1619320,Aguardando Verificação/Aprovação (NAVA),0,-,-,2025-04-04 15:22:51,04/04/2025 15:22,04/04/2025 18:45,-,0.14 dias,-,-,-,-
1619320,Enviado para o RM (Integração),1,carlos@zapform.com.br,-,2025-04-04 18:45:34,04/04/2025 18:45,04/04/2025 18:46,-,0.0 dias,-,-,-,-
1619320,Contrato Ativo,2,carlos@zapform.com.br,-,2025-04-04 18:46:08,04/04/2025 18:46,16/06/2025 16:25,-,72.9 dias,-,-,-,-
1619320,Aguardando Verificação/Aprovação (NAVA),0,integracao-projetoisp,-,2025-06-16 16:25:33,16/06/2025 16:25,16/06/2025 16:26,-,0.0 dias,-,-,-,-
1619320,Enviado para o RM (Integração),1,integracao-projetoisp,-,2025-06-16 16:26:34,16/06/2025 16:26,16/06/2025 16:26,-,0.0 dias,-,-,-,-
1619320,Contrato Ativo,2,integracao-projetoisp,-,2025-06-16 16:26:57,16/06/2025 16:26,-,-,-,-,-,-,-
1619316,Aguardando Verificação/Aprovação (NAVA),0,-,-,2025-04-04 15:22:33,04/04/2025 15:22,04/04/2025 18:44,-,0.14 dias,-,-,-,-
1619316,Enviado para o RM (Integração),1,carlos@zapform.com.br,-,2025-04-04 18:44:50,04/04/2025 18:44,04/04/2025 18:45,-,0.0 dias,-,-,-,-
1619316,Contrato Ativo,2,carlos@zapform.com.br,-,2025-04-04 18:45:25,04/04/2025 18:45,-,-,-,-,-,-,-
1619314,Aguardando Verificação/Aprovação (NAVA),0,-,-,2025-04-04 15:22:14,04/04/2025 15:22,04/04/2025 18:44,-,0.14 dias,-,-,-,-
1619314,Enviado para o RM (Integração),1,carlos@zapform.com.br,-,2025-04-04 18:44:06,04/04/2025 18:44,04/04/2025 18:44,-,0.0 dias,-,-,-,-
1619314,Contrato Ativo,2,carlos@zapform.com.br,-,2025-04-04 18:44:40,04/04/2025 18:44,-,-,-,-,-,-,-
1619312,Aguardando Verificação/Aprovação (NAVA),0,-,-,2025-04-04 15:21:56,04/04/2025 15:21,04/04/2025 18:43,-,0.14 dias,-,-,-,-
1619312,Enviado para o RM (Integração),1,carlos@zapform.com.br,-,2025-04-04 18:43:21,04/04/2025 18:43,04/04/2025 18:44,-,0.0 dias,-,-,-,-
1619312,Contrato Ativo,2,carlos@zapform.com.br,-,2025-04-04 18:44:20,04/04/2025 18:44,07/08/2025 14:28,-,124.82 dias,-,-,-,-
1619312,Aguardando Verificação/Aprovação (NAVA),0,integracao-projetoisp,-,2025-08-07 14:28:40,07/08/2025 14:28,07/08/2025 14:29,-,0.0 dias,-,-,-,-
1619312,Contratos Encerrados,5,gabriels.santos@nava.com.br,-,2025-08-07 14:29:07,07/08/2025 14:29,-,-,-,-,-,-,-
1619310,Aguardando Verificação/Aprovação (NAVA),0,-,-,2025-04-04 15:21:38,04/04/2025 15:21,04/04/2025 18:42,-,0.14 dias,-,-,-,-
1619310,Enviado para o RM (Integração),1,carlos@zapform.com.br,-,2025-04-04 18:42:38,04/04/2025 18:42,04/04/2025 18:43,-,0.0 dias,-,-,-,-
1619310,Contrato Ativo,2,carlos@zapform.com.br,-,2025-04-04 18:43:31,04/04/2025 18:43,-,-,-,-,-,-,-
1619308,Aguardando Verificação/Aprovação (NAVA),0,-,-,2025-04-04 15:21:20,04/04/2025 15:21,04/04/2025 18:41,-,0.14 dias,-,-,-,-
1619308,Enviado para o RM (Integração),1,carlos@zapform.com.br,-,2025-04-04 18:41:54,04/04/2025 18:41,04/04/2025 18:42,-,0.0 dias,-,-,-,-
1619308,Contrato Ativo,2,carlos@zapform.com.br,-,2025-04-04 18:42:27,04/04/2025 18:42,25/08/2025 08:17,-,142.57 dias,-,-,-,-
1619308,Aguardando Verificação/Aprovação (NAVA),0,integracao-projetoisp,-,2025-08-25 08:17:39,25/08/2025 08:17,-,-,-,-,-,-,-
1619306,Aguardando Verificação/Aprovação (NAVA),0,-,-,2025-04-04 15:21:02,04/04/2025 15:21,04/04/2025 18:41,-,0.14 dias,-,-,-,-
1619306,Enviado para o RM (Integração),1,carlos@zapform.com.br,-,2025-04-04 18:41:09,04/04/2025 18:41,04/04/2025 18:42,-,0.0 dias,-,-,-,-
1619306,Contrato Ativo,2,carlos@zapform.com.br,-,2025-04-04 18:42:01,04/04/2025 18:42,-,-,-,-,-,-,-
1619303,Aguardando Verificação/Aprovação (NAVA),0,-,-,2025-04-04 15:20:44,04/04/2025 15:20,04/04/2025 18:40,-,0.14 dias,-,-,-,-
1619303,Enviado para o RM (Integração),1,carlos@zapform.com.br,-,2025-04-04 18:40:26,04/04/2025 18:40,04/04/2025 18:41,-,0.0 dias,-,-,-,-
1619303,Contrato Ativo,2,carlos@zapform.com.br,-,2025-04-04 18:41:19,04/04/2025 18:41,-,-,-,-,-,-,-
1619299,Aguardando Verificação/Aprovação (NAVA),0,-,-,2025-04-04 15:20:26,04/04/2025 15:20,04/04/2025 18:39,-,0.14 dias,-,-,-,-
1619299,Enviado para o RM (Integração),1,carlos@zapform.com.br,-,2025-04-04 18:39:42,04/04/2025 18:39,04/04/2025 18:40,-,0.0 dias,-,-,-,-
1619299,Contrato Ativo,2,carlos@zapform.com.br,-,2025-04-04 18:40:34,04/04/2025 18:40,-,-,-,-,-,-,-
1619295,Aguardando Verificação/Aprovação (NAVA),0,-,-,2025-04-04 15:20:09,04/04/2025 15:20,04/04/2025 18:38,-,0.14 dias,-,-,-,-
1619295,Enviado para o RM (Integração),1,carlos@zapform.com.br,-,2025-04-04 18:38:56,04/04/2025 18:38,04/04/2025 18:39,-,0.0 dias,-,-,-,-
1619295,Contrato Ativo,2,carlos@zapform.com.br,-,2025-04-04 18:39:41,04/04/2025 18:39,-,-,-,-,-,-,-
1619293,Aguardando Verificação/Aprovação (NAVA),0,-,-,2025-04-04 15:19:50,04/04/2025 15:19,04/04/2025 18:38,-,0.14 dias,-,-,-,-
1619293,Enviado para o RM (Integração),1,carlos@zapform.com.br,-,2025-04-04 18:38:12,04/04/2025 18:38,04/04/2025 18:39,-,0.0 dias,-,-,-,-
1619293,Contrato Ativo,2,carlos@zapform.com.br,-,2025-04-04 18:39:00,04/04/2025 18:39,21/08/2025 15:52,-,138.88 dias,-,-,-,-
1619293,Aguardando Verificação/Aprovação (NAVA),0,integracao-projetoisp,-,2025-08-21 15:52:27,21/08/2025 15:52,-,-,-,-,-,-,-
1619291,Aguardando Verificação/Aprovação (NAVA),0,-,-,2025-04-04 15:19:33,04/04/2025 15:19,04/04/2025 18:37,-,0.14 dias,-,-,-,-
1619291,Enviado para o RM (Integração),1,carlos@zapform.com.br,-,2025-04-04 18:37:27,04/04/2025 18:37,04/04/2025 18:38,-,0.0 dias,-,-,-,-
1619291,Contrato Ativo,2,carlos@zapform.com.br,-,2025-04-04 18:38:10,04/04/2025 18:38,16/06/2025 15:06,-,72.85 dias,-,-,-,-
1619291,Aguardando Verificação/Aprovação (NAVA),0,integracao-projetoisp,-,2025-06-16 15:06:25,16/06/2025 15:06,16/06/2025 15:06,-,0.0 dias,-,-,-,-
1619291,Contratos Encerrados,5,gabriels.santos@nava.com.br,-,2025-06-16 15:06:34,16/06/2025 15:06,-,-,-,-,-,-,-
1619289,Aguardando Verificação/Aprovação (NAVA),0,-,-,2025-04-04 15:19:14,04/04/2025 15:19,04/04/2025 18:36,-,0.14 dias,-,-,-,-
1619289,Enviado para o RM (Integração),1,carlos@zapform.com.br,-,2025-04-04 18:36:42,04/04/2025 18:36,04/04/2025 18:37,-,0.0 dias,-,-,-,-
1619289,Contrato Ativo,2,carlos@zapform.com.br,-,2025-04-04 18:37:22,04/04/2025 18:37,-,-,-,-,-,-,-
1619287,Aguardando Verificação/Aprovação (NAVA),0,-,-,2025-04-04 15:18:56,04/04/2025 15:18,04/04/2025 18:35,-,0.14 dias,-,-,-,-
1619287,Enviado para o RM (Integração),1,carlos@zapform.com.br,-,2025-04-04 18:35:57,04/04/2025 18:35,04/04/2025 18:36,-,0.0 dias,-,-,-,-
1619287,Contrato Ativo,2,carlos@zapform.com.br,-,2025-04-04 18:36:32,04/04/2025 18:36,-,-,-,-,-,-,-
1619285,Aguardando Verificação/Aprovação (NAVA),0,-,-,2025-04-04 15:18:35,04/04/2025 15:18,04/04/2025 18:35,-,0.14 dias,-,-,-,-
1619285,Enviado para o RM (Integração),1,carlos@zapform.com.br,-,2025-04-04 18:35:13,04/04/2025 18:35,04/04/2025 18:35,-,0.0 dias,-,-,-,-
1619285,Contrato Ativo,2,carlos@zapform.com.br,-,2025-04-04 18:35:49,04/04/2025 18:35,-,-,-,-,-,-,-
1619283,Aguardando Verificação/Aprovação (NAVA),0,-,-,2025-04-04 15:18:17,04/04/2025 15:18,04/04/2025 18:34,-,0.14 dias,-,-,-,-
1619283,Enviado para o RM (Integração),1,carlos@zapform.com.br,-,2025-04-04 18:34:28,04/04/2025 18:34,04/04/2025 18:35,-,0.0 dias,-,-,-,-
1619283,Contrato Ativo,2,carlos@zapform.com.br,-,2025-04-04 18:35:09,04/04/2025 18:35,-,-,-,-,-,-,-
1619281,Aguardando Verificação/Aprovação (NAVA),0,-,-,2025-04-04 15:17:58,04/04/2025 15:17,04/04/2025 18:33,-,0.14 dias,-,-,-,-
1619281,Enviado para o RM (Integração),1,carlos@zapform.com.br,-,2025-04-04 18:33:44,04/04/2025 18:33,04/04/2025 18:34,-,0.0 dias,-,-,-,-
1619281,Contrato Ativo,2,carlos@zapform.com.br,-,2025-04-04 18:34:21,04/04/2025 18:34,10/06/2025 16:30,-,66.91 dias,-,-,-,-
1619281,Aguardando Verificação/Aprovação (NAVA),0,integracao-projetoisp,-,2025-06-10 16:30:25,10/06/2025 16:30,10/06/2025 16:30,-,0.0 dias,-,-,-,-
1619281,Contratos Encerrados,5,thais.roberta@nava.com.br,-,2025-06-10 16:30:36,10/06/2025 16:30,-,-,-,-,-,-,-
1619279,Aguardando Verificação/Aprovação (NAVA),0,-,-,2025-04-04 15:17:40,04/04/2025 15:17,04/04/2025 18:33,-,0.14 dias,-,-,-,-
1619279,Enviado para o RM (Integração),1,carlos@zapform.com.br,-,2025-04-04 18:33:00,04/04/2025 18:33,04/04/2025 18:33,-,0.0 dias,-,-,-,-
1619279,Contrato Ativo,2,carlos@zapform.com.br,-,2025-04-04 18:33:36,04/04/2025 18:33,-,-,-,-,-,-,-
1619276,Aguardando Verificação/Aprovação (NAVA),0,-,-,2025-04-04 15:17:22,04/04/2025 15:17,04/04/2025 18:32,-,0.14 dias,-,-,-,-
1619276,Enviado para o RM (Integração),1,carlos@zapform.com.br,-,2025-04-04 18:32:15,04/04/2025 18:32,04/04/2025 18:32,-,0.0 dias,-,-,-,-
1619276,Contrato Ativo,2,carlos@zapform.com.br,-,2025-04-04 18:32:51,04/04/2025 18:32,-,-,-,-,-,-,-
1619274,Aguardando Verificação/Aprovação (NAVA),0,-,-,2025-04-04 15:17:04,04/04/2025 15:17,04/04/2025 18:31,-,0.14 dias,-,-,-,-
1619274,Enviado para o RM (Integração),1,carlos@zapform.com.br,-,2025-04-04 18:31:28,04/04/2025 18:31,04/04/2025 18:32,-,0.0 dias,-,-,-,-
1619274,Contrato Ativo,2,carlos@zapform.com.br,-,2025-04-04 18:32:38,04/04/2025 18:32,-,-,-,-,-,-,-
1619272,Aguardando Verificação/Aprovação (NAVA),0,-,-,2025-04-04 15:16:46,04/04/2025 15:16,04/04/2025 18:30,-,0.13 dias,-,-,-,-
1619272,Enviado para o RM (Integração),1,carlos@zapform.com.br,-,2025-04-04 18:30:43,04/04/2025 18:30,04/04/2025 18:32,-,0.0 dias,-,-,-,-
1619272,Contrato Ativo,2,carlos@zapform.com.br,-,2025-04-04 18:32:05,04/04/2025 18:32,-,-,-,-,-,-,-
1619269,Aguardando Verificação/Aprovação (NAVA),0,-,-,2025-04-04 15:16:28,04/04/2025 15:16,04/04/2025 18:29,-,0.13 dias,-,-,-,-
1619269,Enviado para o RM (Integração),1,carlos@zapform.com.br,-,2025-04-04 18:29:59,04/04/2025 18:29,04/04/2025 18:31,-,0.0 dias,-,-,-,-
1619269,Contrato Ativo,2,carlos@zapform.com.br,-,2025-04-04 18:31:07,04/04/2025 18:31,-,-,-,-,-,-,-
1619265,Aguardando Verificação/Aprovação (NAVA),0,-,-,2025-04-04 15:16:10,04/04/2025 15:16,04/04/2025 18:29,-,0.13 dias,-,-,-,-
1619265,Enviado para o RM (Integração),1,carlos@zapform.com.br,-,2025-04-04 18:29:15,04/04/2025 18:29,04/04/2025 18:30,-,0.0 dias,-,-,-,-
1619265,Contrato Ativo,2,carlos@zapform.com.br,-,2025-04-04 18:30:06,04/04/2025 18:30,-,-,-,-,-,-,-
1619263,Aguardando Verificação/Aprovação (NAVA),0,-,-,2025-04-04 15:15:52,04/04/2025 15:15,04/04/2025 18:28,-,0.13 dias,-,-,-,-
1619263,Enviado para o RM (Integração),1,carlos@zapform.com.br,-,2025-04-04 18:28:29,04/04/2025 18:28,04/04/2025 18:29,-,0.0 dias,-,-,-,-
1619263,Contrato Ativo,2,carlos@zapform.com.br,-,2025-04-04 18:29:24,04/04/2025 18:29,23/07/2025 16:26,-,109.91 dias,-,-,-,-
1619263,Aguardando Verificação/Aprovação (NAVA),0,integracao-projetoisp,-,2025-07-23 16:26:29,23/07/2025 16:26,23/07/2025 16:27,-,0.0 dias,-,-,-,-
1619263,Enviado para o RM (Integração),1,integracao-projetoisp,-,2025-07-23 16:27:08,23/07/2025 16:27,23/07/2025 16:27,-,0.0 dias,-,-,-,-
1619263,Contrato Ativo,2,integracao-projetoisp,-,2025-07-23 16:27:28,23/07/2025 16:27,-,-,-,-,-,-,-
1619259,Aguardando Verificação/Aprovação (NAVA),0,-,-,2025-04-04 15:15:34,04/04/2025 15:15,04/04/2025 18:27,-,0.13 dias,-,-,-,-
1619259,Enviado para o RM (Integração),1,carlos@zapform.com.br,-,2025-04-04 18:27:44,04/04/2025 18:27,04/04/2025 18:28,-,0.0 dias,-,-,-,-
1619259,Contrato Ativo,2,carlos@zapform.com.br,-,2025-04-04 18:28:39,04/04/2025 18:28,-,-,-,-,-,-,-
1619255,Aguardando Verificação/Aprovação (NAVA),0,-,-,2025-04-04 15:15:16,04/04/2025 15:15,04/04/2025 18:27,-,0.13 dias,-,-,-,-
1619255,Enviado para o RM (Integração),1,carlos@zapform.com.br,-,2025-04-04 18:27:01,04/04/2025 18:27,04/04/2025 18:27,-,0.0 dias,-,-,-,-
1619255,Contrato Ativo,2,carlos@zapform.com.br,-,2025-04-04 18:27:48,04/04/2025 18:27,23/05/2025 16:50,-,48.93 dias,-,-,-,-
1619255,Aguardando Verificação/Aprovação (NAVA),0,integracao-projetoisp,-,2025-05-23 16:50:55,23/05/2025 16:50,23/05/2025 16:51,-,0.0 dias,-,-,-,-
1619255,Cancelado,X,juliana.santos@nava.com.br,-,2025-05-23 16:51:20,23/05/2025 16:51,-,-,-,-,-,-,-
1619252,Aguardando Verificação/Aprovação (NAVA),0,-,-,2025-04-04 15:14:58,04/04/2025 15:14,04/04/2025 18:26,-,0.13 dias,-,-,-,-
1619252,Enviado para o RM (Integração),1,carlos@zapform.com.br,-,2025-04-04 18:26:16,04/04/2025 18:26,04/04/2025 18:26,-,0.0 dias,-,-,-,-
1619252,Contrato Ativo,2,carlos@zapform.com.br,-,2025-04-04 18:26:57,04/04/2025 18:26,-,-,-,-,-,-,-
1619249,Aguardando Verificação/Aprovação (NAVA),0,-,-,2025-04-04 15:14:40,04/04/2025 15:14,04/04/2025 18:25,-,0.13 dias,-,-,-,-
1619249,Enviado para o RM (Integração),1,carlos@zapform.com.br,-,2025-04-04 18:25:31,04/04/2025 18:25,04/04/2025 18:26,-,0.0 dias,-,-,-,-
1619249,Contrato Ativo,2,carlos@zapform.com.br,-,2025-04-04 18:26:15,04/04/2025 18:26,-,-,-,-,-,-,-
1619247,Aguardando Verificação/Aprovação (NAVA),0,-,-,2025-04-04 15:14:22,04/04/2025 15:14,04/04/2025 18:24,-,0.13 dias,-,-,-,-
1619247,Enviado para o RM (Integração),1,carlos@zapform.com.br,-,2025-04-04 18:24:46,04/04/2025 18:24,04/04/2025 18:25,-,0.0 dias,-,-,-,-
1619247,Contrato Ativo,2,carlos@zapform.com.br,-,2025-04-04 18:25:33,04/04/2025 18:25,-,-,-,-,-,-,-
1619244,Aguardando Verificação/Aprovação (NAVA),0,-,-,2025-04-04 15:14:04,04/04/2025 15:14,04/04/2025 18:24,-,0.13 dias,-,-,-,-
1619244,Enviado para o RM (Integração),1,carlos@zapform.com.br,-,2025-04-04 18:24:03,04/04/2025 18:24,04/04/2025 18:24,-,0.0 dias,-,-,-,-
1619244,Contrato Ativo,2,carlos@zapform.com.br,-,2025-04-04 18:24:46,04/04/2025 18:24,-,-,-,-,-,-,-
1619242,Aguardando Verificação/Aprovação (NAVA),0,-,-,2025-04-04 15:13:46,04/04/2025 15:13,04/04/2025 18:23,-,0.13 dias,-,-,-,-
1619242,Enviado para o RM (Integração),1,carlos@zapform.com.br,-,2025-04-04 18:23:17,04/04/2025 18:23,04/04/2025 18:24,-,0.0 dias,-,-,-,-
1619242,Contrato Ativo,2,carlos@zapform.com.br,-,2025-04-04 18:24:03,04/04/2025 18:24,26/06/2025 11:23,-,82.71 dias,-,-,-,-
1619242,Aguardando Verificação/Aprovação (NAVA),0,integracao-projetoisp,-,2025-06-26 11:23:34,26/06/2025 11:23,26/06/2025 11:24,-,0.0 dias,-,-,-,-
1619242,Enviado para o RM (Integração),1,integracao-projetoisp,-,2025-06-26 11:24:16,26/06/2025 11:24,26/06/2025 11:24,-,0.0 dias,-,-,-,-
1619242,Contrato Ativo,2,integracao-projetoisp,-,2025-06-26 11:24:52,26/06/2025 11:24,-,-,-,-,-,-,-
1619239,Aguardando Verificação/Aprovação (NAVA),0,-,-,2025-04-04 15:13:28,04/04/2025 15:13,04/04/2025 18:22,-,0.13 dias,-,-,-,-
1619239,Enviado para o RM (Integração),1,carlos@zapform.com.br,-,2025-04-04 18:22:32,04/04/2025 18:22,04/04/2025 18:23,-,0.0 dias,-,-,-,-
1619239,Contrato Ativo,2,carlos@zapform.com.br,-,2025-04-04 18:23:16,04/04/2025 18:23,-,-,-,-,-,-,-
1619237,Aguardando Verificação/Aprovação (NAVA),0,-,-,2025-04-04 15:13:09,04/04/2025 15:13,04/04/2025 18:21,-,0.13 dias,-,-,-,-
1619237,Enviado para o RM (Integração),1,carlos@zapform.com.br,-,2025-04-04 18:21:48,04/04/2025 18:21,04/04/2025 18:22,-,0.0 dias,-,-,-,-
1619237,Contrato Ativo,2,carlos@zapform.com.br,-,2025-04-04 18:22:29,04/04/2025 18:22,-,-,-,-,-,-,-
1619232,Aguardando Verificação/Aprovação (NAVA),0,-,-,2025-04-04 15:12:43,04/04/2025 15:12,04/04/2025 18:21,-,0.13 dias,-,-,-,-
1619232,Enviado para o RM (Integração),1,carlos@zapform.com.br,-,2025-04-04 18:21:03,04/04/2025 18:21,04/04/2025 18:21,-,0.0 dias,-,-,-,-
1619232,Contrato Ativo,2,carlos@zapform.com.br,-,2025-04-04 18:21:42,04/04/2025 18:21,-,-,-,-,-,-,-
1619228,Aguardando Verificação/Aprovação (NAVA),0,-,-,2025-04-04 15:12:25,04/04/2025 15:12,04/04/2025 18:20,-,0.13 dias,-,-,-,-
1619228,Enviado para o RM (Integração),1,carlos@zapform.com.br,-,2025-04-04 18:20:19,04/04/2025 18:20,04/04/2025 18:21,-,0.0 dias,-,-,-,-
1619228,Contrato Ativo,2,carlos@zapform.com.br,-,2025-04-04 18:21:21,04/04/2025 18:21,-,-,-,-,-,-,-
1619226,Aguardando Verificação/Aprovação (NAVA),0,-,-,2025-04-04 15:12:06,04/04/2025 15:12,04/04/2025 18:19,-,0.13 dias,-,-,-,-
1619226,Enviado para o RM (Integração),1,carlos@zapform.com.br,-,2025-04-04 18:19:49,04/04/2025 18:19,04/04/2025 18:20,-,0.0 dias,-,-,-,-
1619226,Contrato Ativo,2,carlos@zapform.com.br,-,2025-04-04 18:20:55,04/04/2025 18:20,-,-,-,-,-,-,-
1619223,Aguardando Verificação/Aprovação (NAVA),0,-,-,2025-04-04 15:11:48,04/04/2025 15:11,04/04/2025 18:19,-,0.13 dias,-,-,-,-
1619223,Enviado para o RM (Integração),1,carlos@zapform.com.br,-,2025-04-04 18:19:58,04/04/2025 18:19,04/04/2025 18:20,-,0.0 dias,-,-,-,-
1619223,Contrato Ativo,2,carlos@zapform.com.br,-,2025-04-04 18:20:54,04/04/2025 18:20,-,-,-,-,-,-,-
1619221,Aguardando Verificação/Aprovação (NAVA),0,-,-,2025-04-04 15:11:31,04/04/2025 15:11,04/04/2025 18:18,-,0.13 dias,-,-,-,-
1619221,Enviado para o RM (Integração),1,carlos@zapform.com.br,-,2025-04-04 18:18:05,04/04/2025 18:18,04/04/2025 18:18,-,0.0 dias,-,-,-,-
1619221,Contrato Ativo,2,carlos@zapform.com.br,-,2025-04-04 18:18:42,04/04/2025 18:18,-,-,-,-,-,-,-
1619219,Aguardando Verificação/Aprovação (NAVA),0,-,-,2025-04-04 15:11:12,04/04/2025 15:11,04/04/2025 18:17,-,0.13 dias,-,-,-,-
1619219,Enviado para o RM (Integração),1,carlos@zapform.com.br,-,2025-04-04 18:17:21,04/04/2025 18:17,04/04/2025 18:17,-,0.0 dias,-,-,-,-
1619219,Contrato Ativo,2,carlos@zapform.com.br,-,2025-04-04 18:17:52,04/04/2025 18:17,14/07/2025 17:20,-,100.96 dias,-,-,-,-
1619219,Aguardando Verificação/Aprovação (NAVA),0,integracao-projetoisp,-,2025-07-14 17:20:25,14/07/2025 17:20,14/07/2025 17:52,-,0.02 dias,-,-,-,-
1619219,Contratos Encerrados,5,thais.roberta@nava.com.br,-,2025-07-14 17:52:10,14/07/2025 17:52,-,-,-,-,-,-,-
1619217,Aguardando Verificação/Aprovação (NAVA),0,-,-,2025-04-04 15:10:54,04/04/2025 15:10,04/04/2025 18:16,-,0.13 dias,-,-,-,-
1619217,Enviado para o RM (Integração),1,carlos@zapform.com.br,-,2025-04-04 18:16:37,04/04/2025 18:16,04/04/2025 18:17,-,0.0 dias,-,-,-,-
1619217,Contrato Ativo,2,carlos@zapform.com.br,-,2025-04-04 18:17:16,04/04/2025 18:17,-,-,-,-,-,-,-
1619215,Aguardando Verificação/Aprovação (NAVA),0,-,-,2025-04-04 15:10:35,04/04/2025 15:10,04/04/2025 18:15,-,0.13 dias,-,-,-,-
1619215,Enviado para o RM (Integração),1,carlos@zapform.com.br,-,2025-04-04 18:15:52,04/04/2025 18:15,04/04/2025 18:16,-,0.0 dias,-,-,-,-
1619215,Contrato Ativo,2,carlos@zapform.com.br,-,2025-04-04 18:16:29,04/04/2025 18:16,-,-,-,-,-,-,-
1619213,Aguardando Verificação/Aprovação (NAVA),0,-,-,2025-04-04 15:10:17,04/04/2025 15:10,04/04/2025 18:15,-,0.13 dias,-,-,-,-
1619213,Enviado para o RM (Integração),1,carlos@zapform.com.br,-,2025-04-04 18:15:07,04/04/2025 18:15,04/04/2025 18:15,-,0.0 dias,-,-,-,-
1619213,Contrato Ativo,2,carlos@zapform.com.br,-,2025-04-04 18:15:39,04/04/2025 18:15,-,-,-,-,-,-,-
1619211,Aguardando Verificação/Aprovação (NAVA),0,-,-,2025-04-04 15:09:59,04/04/2025 15:09,04/04/2025 18:14,-,0.13 dias,-,-,-,-
1619211,Enviado para o RM (Integração),1,carlos@zapform.com.br,-,2025-04-04 18:14:23,04/04/2025 18:14,04/04/2025 18:14,-,0.0 dias,-,-,-,-
1619211,Contrato Ativo,2,carlos@zapform.com.br,-,2025-04-04 18:14:55,04/04/2025 18:14,-,-,-,-,-,-,-
1619209,Aguardando Verificação/Aprovação (NAVA),0,-,-,2025-04-04 15:09:42,04/04/2025 15:09,04/04/2025 18:13,-,0.13 dias,-,-,-,-
1619209,Enviado para o RM (Integração),1,carlos@zapform.com.br,-,2025-04-04 18:13:37,04/04/2025 18:13,04/04/2025 18:14,-,0.0 dias,-,-,-,-
1619209,Contrato Ativo,2,carlos@zapform.com.br,-,2025-04-04 18:14:16,04/04/2025 18:14,23/06/2025 15:24,-,79.88 dias,-,-,-,-
1619209,Aguardando Verificação/Aprovação (NAVA),0,integracao-projetoisp,-,2025-06-23 15:24:59,23/06/2025 15:24,23/06/2025 15:25,-,0.0 dias,-,-,-,-
1619209,Enviado para o RM (Integração),1,integracao-projetoisp,-,2025-06-23 15:25:08,23/06/2025 15:25,23/06/2025 15:25,-,0.0 dias,-,-,-,-
1619209,Contrato Ativo,2,integracao-projetoisp,-,2025-06-23 15:25:34,23/06/2025 15:25,18/07/2025 12:35,-,24.88 dias,-,-,-,-
1619209,Aguardando Verificação/Aprovação (NAVA),0,integracao-projetoisp,-,2025-07-18 12:35:38,18/07/2025 12:35,-,-,-,-,-,-,-
1619206,Aguardando Verificação/Aprovação (NAVA),0,-,-,2025-04-04 15:09:23,04/04/2025 15:09,04/04/2025 18:12,-,0.13 dias,-,-,-,-
1619206,Enviado para o RM (Integração),1,carlos@zapform.com.br,-,2025-04-04 18:12:53,04/04/2025 18:12,04/04/2025 18:13,-,0.0 dias,-,-,-,-
1619206,Contrato Ativo,2,carlos@zapform.com.br,-,2025-04-04 18:13:27,04/04/2025 18:13,-,-,-,-,-,-,-
1619204,Aguardando Verificação/Aprovação (NAVA),0,-,-,2025-04-04 15:09:05,04/04/2025 15:09,04/04/2025 18:12,-,0.13 dias,-,-,-,-
1619204,Enviado para o RM (Integração),1,carlos@zapform.com.br,-,2025-04-04 18:12:09,04/04/2025 18:12,04/04/2025 18:12,-,0.0 dias,-,-,-,-
1619204,Contrato Ativo,2,carlos@zapform.com.br,-,2025-04-04 18:12:41,04/04/2025 18:12,-,-,-,-,-,-,-
1619202,Aguardando Verificação/Aprovação (NAVA),0,-,-,2025-04-04 15:08:46,04/04/2025 15:08,04/04/2025 18:11,-,0.13 dias,-,-,-,-
1619202,Enviado para o RM (Integração),1,carlos@zapform.com.br,-,2025-04-04 18:11:25,04/04/2025 18:11,04/04/2025 18:12,-,0.0 dias,-,-,-,-
1619202,Contrato Ativo,2,carlos@zapform.com.br,-,2025-04-04 18:12:00,04/04/2025 18:12,19/09/2025 11:44,-,167.73 dias,-,-,-,-
1619202,Aguardando Verificação/Aprovação (NAVA),0,integracao-projetoisp,-,2025-09-19 11:44:27,19/09/2025 11:44,19/09/2025 11:45,-,0.0 dias,-,-,-,-
1619202,Contratos Encerrados,5,thais.roberta@nava.com.br,-,2025-09-19 11:45:25,19/09/2025 11:45,-,-,-,-,-,-,-
1619200,Aguardando Verificação/Aprovação (NAVA),0,-,-,2025-04-04 15:08:28,04/04/2025 15:08,04/04/2025 18:10,-,0.13 dias,-,-,-,-
1619200,Enviado para o RM (Integração),1,carlos@zapform.com.br,-,2025-04-04 18:10:41,04/04/2025 18:10,04/04/2025 18:11,-,0.0 dias,-,-,-,-
1619200,Contrato Ativo,2,carlos@zapform.com.br,-,2025-04-04 18:11:12,04/04/2025 18:11,-,-,-,-,-,-,-
1619198,Aguardando Verificação/Aprovação (NAVA),0,-,-,2025-04-04 15:08:11,04/04/2025 15:08,04/04/2025 18:09,-,0.13 dias,-,-,-,-
1619198,Enviado para o RM (Integração),1,carlos@zapform.com.br,-,2025-04-04 18:09:56,04/04/2025 18:09,04/04/2025 18:10,-,0.0 dias,-,-,-,-
1619198,Contrato Ativo,2,carlos@zapform.com.br,-,2025-04-04 18:10:32,04/04/2025 18:10,-,-,-,-,-,-,-
1619195,Aguardando Verificação/Aprovação (NAVA),0,-,-,2025-04-04 15:07:54,04/04/2025 15:07,04/04/2025 18:09,-,0.13 dias,-,-,-,-
1619195,Enviado para o RM (Integração),1,carlos@zapform.com.br,-,2025-04-04 18:09:11,04/04/2025 18:09,04/04/2025 18:09,-,0.0 dias,-,-,-,-
1619195,Contrato Ativo,2,carlos@zapform.com.br,-,2025-04-04 18:09:42,04/04/2025 18:09,-,-,-,-,-,-,-
1619192,Aguardando Verificação/Aprovação (NAVA),0,-,-,2025-04-04 15:07:36,04/04/2025 15:07,04/04/2025 18:08,-,0.13 dias,-,-,-,-
1619192,Enviado para o RM (Integração),1,carlos@zapform.com.br,-,2025-04-04 18:08:27,04/04/2025 18:08,04/04/2025 18:09,-,0.0 dias,-,-,-,-
1619192,Contrato Ativo,2,carlos@zapform.com.br,-,2025-04-04 18:09:08,04/04/2025 18:09,26/05/2025 14:29,-,51.85 dias,-,-,-,-
1619192,Aguardando Verificação/Aprovação (NAVA),0,integracao-projetoisp,-,2025-05-26 14:29:12,26/05/2025 14:29,26/05/2025 14:30,-,0.0 dias,-,-,-,-
1619192,Enviado para o RM (Integração),1,integracao-projetoisp,-,2025-05-26 14:30:06,26/05/2025 14:30,26/05/2025 14:30,-,0.0 dias,-,-,-,-
1619192,Contrato Ativo,2,integracao-projetoisp,-,2025-05-26 14:30:34,26/05/2025 14:30,08/09/2025 11:43,-,104.88 dias,-,-,-,-
1619192,Aguardando Verificação/Aprovação (NAVA),0,integracao-projetoisp,-,2025-09-08 11:43:19,08/09/2025 11:43,08/09/2025 11:43,-,0.0 dias,-,-,-,-
1619192,Contratos Encerrados,5,gabriels.santos@nava.com.br,-,2025-09-08 11:43:36,08/09/2025 11:43,-,-,-,-,-,-,-
1619190,Aguardando Verificação/Aprovação (NAVA),0,-,-,2025-04-04 15:07:19,04/04/2025 15:07,04/04/2025 18:07,-,0.13 dias,-,-,-,-
1619190,Enviado para o RM (Integração),1,carlos@zapform.com.br,-,2025-04-04 18:07:43,04/04/2025 18:07,04/04/2025 18:08,-,0.0 dias,-,-,-,-
1619190,Contrato Ativo,2,carlos@zapform.com.br,-,2025-04-04 18:08:15,04/04/2025 18:08,-,-,-,-,-,-,-
1619188,Aguardando Verificação/Aprovação (NAVA),0,-,-,2025-04-04 15:07:00,04/04/2025 15:07,04/04/2025 18:06,-,0.12 dias,-,-,-,-
1619188,Enviado para o RM (Integração),1,carlos@zapform.com.br,-,2025-04-04 18:06:58,04/04/2025 18:06,04/04/2025 18:07,-,0.0 dias,-,-,-,-
1619188,Contrato Ativo,2,carlos@zapform.com.br,-,2025-04-04 18:07:30,04/04/2025 18:07,-,-,-,-,-,-,-
1619186,Aguardando Verificação/Aprovação (NAVA),0,-,-,2025-04-04 15:06:43,04/04/2025 15:06,04/04/2025 18:06,-,0.12 dias,-,-,-,-
1619186,Enviado para o RM (Integração),1,carlos@zapform.com.br,-,2025-04-04 18:06:14,04/04/2025 18:06,04/04/2025 18:06,-,0.0 dias,-,-,-,-
1619186,Contrato Ativo,2,carlos@zapform.com.br,-,2025-04-04 18:06:47,04/04/2025 18:06,-,-,-,-,-,-,-
1619184,Aguardando Verificação/Aprovação (NAVA),0,-,-,2025-04-04 15:06:25,04/04/2025 15:06,04/04/2025 18:05,-,0.12 dias,-,-,-,-
1619184,Enviado para o RM (Integração),1,carlos@zapform.com.br,-,2025-04-04 18:05:30,04/04/2025 18:05,04/04/2025 18:06,-,0.0 dias,-,-,-,-
1619184,Contrato Ativo,2,carlos@zapform.com.br,-,2025-04-04 18:06:01,04/04/2025 18:06,-,-,-,-,-,-,-
1619181,Aguardando Verificação/Aprovação (NAVA),0,-,-,2025-04-04 15:06:06,04/04/2025 15:06,04/04/2025 18:04,-,0.12 dias,-,-,-,-
1619181,Enviado para o RM (Integração),1,carlos@zapform.com.br,-,2025-04-04 18:04:46,04/04/2025 18:04,04/04/2025 18:05,-,0.0 dias,-,-,-,-
1619181,Contrato Ativo,2,carlos@zapform.com.br,-,2025-04-04 18:05:21,04/04/2025 18:05,15/09/2025 10:56,-,163.7 dias,-,-,-,-
1619181,Aguardando Verificação/Aprovação (NAVA),0,integracao-projetoisp,-,2025-09-15 10:56:39,15/09/2025 10:56,15/09/2025 10:58,-,0.0 dias,-,-,-,-
1619181,Contratos Encerrados,5,gabriels.santos@nava.com.br,-,2025-09-15 10:58:22,15/09/2025 10:58,-,-,-,-,-,-,-
1619178,Aguardando Verificação/Aprovação (NAVA),0,-,-,2025-04-04 15:05:48,04/04/2025 15:05,04/04/2025 18:04,-,0.12 dias,-,-,-,-
1619178,Enviado para o RM (Integração),1,carlos@zapform.com.br,-,2025-04-04 18:04:01,04/04/2025 18:04,04/04/2025 18:04,-,0.0 dias,-,-,-,-
1619178,Contrato Ativo,2,carlos@zapform.com.br,-,2025-04-04 18:04:33,04/04/2025 18:04,-,-,-,-,-,-,-
1619175,Aguardando Verificação/Aprovação (NAVA),0,-,-,2025-04-04 15:05:30,04/04/2025 15:05,04/04/2025 18:03,-,0.12 dias,-,-,-,-
1619175,Enviado para o RM (Integração),1,carlos@zapform.com.br,-,2025-04-04 18:03:17,04/04/2025 18:03,04/04/2025 18:03,-,0.0 dias,-,-,-,-
1619175,Contrato Ativo,2,carlos@zapform.com.br,-,2025-04-04 18:03:53,04/04/2025 18:03,18/09/2025 14:51,-,166.87 dias,-,-,-,-
1619175,Aguardando Verificação/Aprovação (NAVA),0,integracao-projetoisp,-,2025-09-18 14:51:56,18/09/2025 14:51,18/09/2025 14:52,-,0.0 dias,-,-,-,-
1619175,Contratos Encerrados,5,anny.araujo@nava.com.br,-,2025-09-18 14:52:48,18/09/2025 14:52,-,-,-,-,-,-,-
1619172,Aguardando Verificação/Aprovação (NAVA),0,-,-,2025-04-04 15:05:12,04/04/2025 15:05,04/04/2025 18:02,-,0.12 dias,-,-,-,-
1619172,Enviado para o RM (Integração),1,carlos@zapform.com.br,-,2025-04-04 18:02:31,04/04/2025 18:02,04/04/2025 18:03,-,0.0 dias,-,-,-,-
1619172,Contrato Ativo,2,carlos@zapform.com.br,-,2025-04-04 18:03:24,04/04/2025 18:03,-,-,-,-,-,-,-
1619169,Aguardando Verificação/Aprovação (NAVA),0,-,-,2025-04-04 15:04:54,04/04/2025 15:04,04/04/2025 18:01,-,0.12 dias,-,-,-,-
1619169,Enviado para o RM (Integração),1,carlos@zapform.com.br,-,2025-04-04 18:01:45,04/04/2025 18:01,04/04/2025 18:02,-,0.0 dias,-,-,-,-
1619169,Contrato Ativo,2,carlos@zapform.com.br,-,2025-04-04 18:02:18,04/04/2025 18:02,-,-,-,-,-,-,-
1619165,Aguardando Verificação/Aprovação (NAVA),0,-,-,2025-04-04 15:04:36,04/04/2025 15:04,04/04/2025 18:01,-,0.12 dias,-,-,-,-
1619165,Enviado para o RM (Integração),1,carlos@zapform.com.br,-,2025-04-04 18:01:01,04/04/2025 18:01,04/04/2025 18:01,-,0.0 dias,-,-,-,-
1619165,Contrato Ativo,2,carlos@zapform.com.br,-,2025-04-04 18:01:55,04/04/2025 18:01,-,-,-,-,-,-,-
1619163,Aguardando Verificação/Aprovação (NAVA),0,-,-,2025-04-04 15:04:19,04/04/2025 15:04,04/04/2025 18:00,-,0.12 dias,-,-,-,-
1619163,Enviado para o RM (Integração),1,carlos@zapform.com.br,-,2025-04-04 18:00:16,04/04/2025 18:00,04/04/2025 18:00,-,0.0 dias,-,-,-,-
1619163,Contrato Ativo,2,carlos@zapform.com.br,-,2025-04-04 18:00:52,04/04/2025 18:00,-,-,-,-,-,-,-
1619161,Aguardando Verificação/Aprovação (NAVA),0,-,-,2025-04-04 15:04:01,04/04/2025 15:04,04/04/2025 17:59,-,0.12 dias,-,-,-,-
1619161,Enviado para o RM (Integração),1,carlos@zapform.com.br,-,2025-04-04 17:59:31,04/04/2025 17:59,04/04/2025 18:00,-,0.0 dias,-,-,-,-
1619161,Contrato Ativo,2,carlos@zapform.com.br,-,2025-04-04 18:00:32,04/04/2025 18:00,-,-,-,-,-,-,-
1619157,Aguardando Verificação/Aprovação (NAVA),0,-,-,2025-04-04 15:03:43,04/04/2025 15:03,04/04/2025 17:58,-,0.12 dias,-,-,-,-
1619157,Enviado para o RM (Integração),1,carlos@zapform.com.br,-,2025-04-04 17:58:47,04/04/2025 17:58,04/04/2025 17:59,-,0.0 dias,-,-,-,-
1619157,Contrato Ativo,2,carlos@zapform.com.br,-,2025-04-04 17:59:21,04/04/2025 17:59,-,-,-,-,-,-,-
1619155,Aguardando Verificação/Aprovação (NAVA),0,-,-,2025-04-04 15:03:24,04/04/2025 15:03,04/04/2025 17:58,-,0.12 dias,-,-,-,-
1619155,Enviado para o RM (Integração),1,carlos@zapform.com.br,-,2025-04-04 17:58:03,04/04/2025 17:58,04/04/2025 17:58,-,0.0 dias,-,-,-,-
1619155,Contrato Ativo,2,carlos@zapform.com.br,-,2025-04-04 17:58:57,04/04/2025 17:58,-,-,-,-,-,-,-
1619153,Aguardando Verificação/Aprovação (NAVA),0,-,-,2025-04-04 15:03:06,04/04/2025 15:03,04/04/2025 17:57,-,0.12 dias,-,-,-,-
1619153,Enviado para o RM (Integração),1,carlos@zapform.com.br,-,2025-04-04 17:57:18,04/04/2025 17:57,04/04/2025 17:58,-,0.0 dias,-,-,-,-
1619153,Contrato Ativo,2,carlos@zapform.com.br,-,2025-04-04 17:58:18,04/04/2025 17:58,-,-,-,-,-,-,-
1619151,Aguardando Verificação/Aprovação (NAVA),0,-,-,2025-04-04 15:02:48,04/04/2025 15:02,04/04/2025 17:56,-,0.12 dias,-,-,-,-
1619151,Enviado para o RM (Integração),1,carlos@zapform.com.br,-,2025-04-04 17:56:34,04/04/2025 17:56,04/04/2025 17:57,-,0.0 dias,-,-,-,-
1619151,Contrato Ativo,2,carlos@zapform.com.br,-,2025-04-04 17:57:23,04/04/2025 17:57,-,-,-,-,-,-,-
1619149,Aguardando Verificação/Aprovação (NAVA),0,-,-,2025-04-04 15:02:31,04/04/2025 15:02,04/04/2025 17:55,-,0.12 dias,-,-,-,-
1619149,Enviado para o RM (Integração),1,carlos@zapform.com.br,-,2025-04-04 17:55:49,04/04/2025 17:55,04/04/2025 17:56,-,0.0 dias,-,-,-,-
1619149,Contrato Ativo,2,carlos@zapform.com.br,-,2025-04-04 17:56:39,04/04/2025 17:56,-,-,-,-,-,-,-
1619145,Aguardando Verificação/Aprovação (NAVA),0,-,-,2025-04-04 15:02:08,04/04/2025 15:02,04/04/2025 17:55,-,0.12 dias,-,-,-,-
1619145,Enviado para o RM (Integração),1,carlos@zapform.com.br,-,2025-04-04 17:55:05,04/04/2025 17:55,04/04/2025 17:55,-,0.0 dias,-,-,-,-
1619145,Contrato Ativo,2,carlos@zapform.com.br,-,2025-04-04 17:55:59,04/04/2025 17:55,-,-,-,-,-,-,-
1619142,Aguardando Verificação/Aprovação (NAVA),0,-,-,2025-04-04 15:01:50,04/04/2025 15:01,04/04/2025 17:54,-,0.12 dias,-,-,-,-
1619142,Enviado para o RM (Integração),1,carlos@zapform.com.br,-,2025-04-04 17:54:21,04/04/2025 17:54,04/04/2025 17:54,-,0.0 dias,-,-,-,-
1619142,Contrato Ativo,2,carlos@zapform.com.br,-,2025-04-04 17:54:56,04/04/2025 17:54,-,-,-,-,-,-,-
1619140,Aguardando Verificação/Aprovação (NAVA),0,-,-,2025-04-04 15:01:32,04/04/2025 15:01,04/04/2025 17:53,-,0.12 dias,-,-,-,-
1619140,Enviado para o RM (Integração),1,carlos@zapform.com.br,-,2025-04-04 17:53:37,04/04/2025 17:53,04/04/2025 17:54,-,0.0 dias,-,-,-,-
1619140,Contrato Ativo,2,carlos@zapform.com.br,-,2025-04-04 17:54:31,04/04/2025 17:54,-,-,-,-,-,-,-
1619137,Aguardando Verificação/Aprovação (NAVA),0,-,-,2025-04-04 15:01:14,04/04/2025 15:01,04/04/2025 17:52,-,0.12 dias,-,-,-,-
1619137,Enviado para o RM (Integração),1,carlos@zapform.com.br,-,2025-04-04 17:52:53,04/04/2025 17:52,04/04/2025 17:53,-,0.0 dias,-,-,-,-
1619137,Contrato Ativo,2,carlos@zapform.com.br,-,2025-04-04 17:53:27,04/04/2025 17:53,14/07/2025 12:03,-,100.76 dias,-,-,-,-
1619137,Aguardando Verificação/Aprovação (NAVA),0,integracao-projetoisp,-,2025-07-14 12:03:27,14/07/2025 12:03,14/07/2025 12:03,-,0.0 dias,-,-,-,-
1619137,Contratos Encerrados,5,anny.araujo@nava.com.br,-,2025-07-14 12:03:35,14/07/2025 12:03,-,-,-,-,-,-,-
1619135,Aguardando Verificação/Aprovação (NAVA),0,-,-,2025-04-04 15:00:56,04/04/2025 15:00,04/04/2025 17:52,-,0.12 dias,-,-,-,-
1619135,Enviado para o RM (Integração),1,carlos@zapform.com.br,-,2025-04-04 17:52:08,04/04/2025 17:52,04/04/2025 17:52,-,0.0 dias,-,-,-,-
1619135,Contrato Ativo,2,carlos@zapform.com.br,-,2025-04-04 17:52:59,04/04/2025 17:52,-,-,-,-,-,-,-
1619132,Aguardando Verificação/Aprovação (NAVA),0,-,-,2025-04-04 15:00:37,04/04/2025 15:00,04/04/2025 17:51,-,0.12 dias,-,-,-,-
1619132,Enviado para o RM (Integração),1,carlos@zapform.com.br,-,2025-04-04 17:51:24,04/04/2025 17:51,04/04/2025 17:52,-,0.0 dias,-,-,-,-
1619132,Contrato Ativo,2,carlos@zapform.com.br,-,2025-04-04 17:52:15,04/04/2025 17:52,-,-,-,-,-,-,-
1619129,Aguardando Verificação/Aprovação (NAVA),0,-,-,2025-04-04 15:00:19,04/04/2025 15:00,04/04/2025 17:50,-,0.12 dias,-,-,-,-
1619129,Enviado para o RM (Integração),1,carlos@zapform.com.br,-,2025-04-04 17:50:40,04/04/2025 17:50,04/04/2025 17:51,-,0.0 dias,-,-,-,-
1619129,Contrato Ativo,2,carlos@zapform.com.br,-,2025-04-04 17:51:14,04/04/2025 17:51,-,-,-,-,-,-,-
1619127,Aguardando Verificação/Aprovação (NAVA),0,-,-,2025-04-04 15:00:01,04/04/2025 15:00,04/04/2025 17:49,-,0.12 dias,-,-,-,-
1619127,Enviado para o RM (Integração),1,carlos@zapform.com.br,-,2025-04-04 17:49:55,04/04/2025 17:49,04/04/2025 17:50,-,0.0 dias,-,-,-,-
1619127,Contrato Ativo,2,carlos@zapform.com.br,-,2025-04-04 17:50:52,04/04/2025 17:50,-,-,-,-,-,-,-
1619123,Aguardando Verificação/Aprovação (NAVA),0,-,-,2025-04-04 14:59:43,04/04/2025 14:59,04/04/2025 17:49,-,0.12 dias,-,-,-,-
1619123,Enviado para o RM (Integração),1,carlos@zapform.com.br,-,2025-04-04 17:49:11,04/04/2025 17:49,04/04/2025 17:50,-,0.0 dias,-,-,-,-
1619123,Contrato Ativo,2,carlos@zapform.com.br,-,2025-04-04 17:50:04,04/04/2025 17:50,-,-,-,-,-,-,-
1619120,Aguardando Verificação/Aprovação (NAVA),0,-,-,2025-04-04 14:59:26,04/04/2025 14:59,04/04/2025 17:48,-,0.12 dias,-,-,-,-
1619120,Enviado para o RM (Integração),1,carlos@zapform.com.br,-,2025-04-04 17:48:26,04/04/2025 17:48,04/04/2025 17:49,-,0.0 dias,-,-,-,-
1619120,Contrato Ativo,2,carlos@zapform.com.br,-,2025-04-04 17:49:18,04/04/2025 17:49,-,-,-,-,-,-,-
1619118,Aguardando Verificação/Aprovação (NAVA),0,-,-,2025-04-04 14:59:07,04/04/2025 14:59,04/04/2025 17:47,-,0.12 dias,-,-,-,-
1619118,Enviado para o RM (Integração),1,carlos@zapform.com.br,-,2025-04-04 17:47:41,04/04/2025 17:47,04/04/2025 17:48,-,0.0 dias,-,-,-,-
1619118,Contrato Ativo,2,carlos@zapform.com.br,-,2025-04-04 17:48:37,04/04/2025 17:48,-,-,-,-,-,-,-
1619116,Aguardando Verificação/Aprovação (NAVA),0,-,-,2025-04-04 14:58:49,04/04/2025 14:58,04/04/2025 17:46,-,0.12 dias,-,-,-,-
1619116,Enviado para o RM (Integração),1,carlos@zapform.com.br,-,2025-04-04 17:46:57,04/04/2025 17:46,04/04/2025 17:47,-,0.0 dias,-,-,-,-
1619116,Contrato Ativo,2,carlos@zapform.com.br,-,2025-04-04 17:47:54,04/04/2025 17:47,-,-,-,-,-,-,-
1619114,Aguardando Verificação/Aprovação (NAVA),0,-,-,2025-04-04 14:58:31,04/04/2025 14:58,04/04/2025 17:46,-,0.12 dias,-,-,-,-
1619114,Enviado para o RM (Integração),1,carlos@zapform.com.br,-,2025-04-04 17:46:12,04/04/2025 17:46,04/04/2025 17:46,-,0.0 dias,-,-,-,-
1619114,Contrato Ativo,2,carlos@zapform.com.br,-,2025-04-04 17:46:48,04/04/2025 17:46,-,-,-,-,-,-,-
1619111,Aguardando Verificação/Aprovação (NAVA),0,-,-,2025-04-04 14:58:13,04/04/2025 14:58,04/04/2025 17:45,-,0.12 dias,-,-,-,-
1619111,Enviado para o RM (Integração),1,carlos@zapform.com.br,-,2025-04-04 17:45:28,04/04/2025 17:45,04/04/2025 17:46,-,0.0 dias,-,-,-,-
1619111,Contrato Ativo,2,carlos@zapform.com.br,-,2025-04-04 17:46:06,04/04/2025 17:46,-,-,-,-,-,-,-
1619109,Aguardando Verificação/Aprovação (NAVA),0,-,-,2025-04-04 14:57:55,04/04/2025 14:57,04/04/2025 17:44,-,0.12 dias,-,-,-,-
1619109,Enviado para o RM (Integração),1,carlos@zapform.com.br,-,2025-04-04 17:44:43,04/04/2025 17:44,04/04/2025 17:45,-,0.0 dias,-,-,-,-
1619109,Contrato Ativo,2,carlos@zapform.com.br,-,2025-04-04 17:45:24,04/04/2025 17:45,-,-,-,-,-,-,-
1619107,Aguardando Verificação/Aprovação (NAVA),0,-,-,2025-04-04 14:57:36,04/04/2025 14:57,04/04/2025 17:43,-,0.12 dias,-,-,-,-
1619107,Enviado para o RM (Integração),1,carlos@zapform.com.br,-,2025-04-04 17:43:59,04/04/2025 17:43,04/04/2025 17:44,-,0.0 dias,-,-,-,-
1619107,Contrato Ativo,2,carlos@zapform.com.br,-,2025-04-04 17:44:34,04/04/2025 17:44,-,-,-,-,-,-,-
1619104,Aguardando Verificação/Aprovação (NAVA),0,-,-,2025-04-04 14:57:18,04/04/2025 14:57,04/04/2025 17:43,-,0.12 dias,-,-,-,-
1619104,Enviado para o RM (Integração),1,carlos@zapform.com.br,-,2025-04-04 17:43:15,04/04/2025 17:43,04/04/2025 17:43,-,0.0 dias,-,-,-,-
1619104,Contrato Ativo,2,carlos@zapform.com.br,-,2025-04-04 17:43:48,04/04/2025 17:43,10/06/2025 16:13,-,66.94 dias,-,-,-,-
1619104,Aguardando Verificação/Aprovação (NAVA),0,integracao-projetoisp,-,2025-06-10 16:13:01,10/06/2025 16:13,10/06/2025 17:02,-,0.03 dias,-,-,-,-
1619104,Enviado para o RM (Integração),1,integracao-projetoisp,-,2025-06-10 17:02:43,10/06/2025 17:02,10/06/2025 17:03,-,0.0 dias,-,-,-,-
1619104,Contrato Ativo,2,integracao-projetoisp,-,2025-06-10 17:03:13,10/06/2025 17:03,-,-,-,-,-,-,-
1619100,Aguardando Verificação/Aprovação (NAVA),0,-,-,2025-04-04 14:57:00,04/04/2025 14:57,04/04/2025 17:42,-,0.11 dias,-,-,-,-
1619100,Enviado para o RM (Integração),1,carlos@zapform.com.br,-,2025-04-04 17:42:31,04/04/2025 17:42,04/04/2025 17:43,-,0.0 dias,-,-,-,-
1619100,Contrato Ativo,2,carlos@zapform.com.br,-,2025-04-04 17:43:03,04/04/2025 17:43,28/04/2025 11:49,-,23.75 dias,-,-,-,-
1619100,Aguardando Verificação/Aprovação (NAVA),0,integracao-projetoisp,-,2025-04-28 11:49:52,28/04/2025 11:49,28/04/2025 11:50,-,0.0 dias,-,-,-,-
1619100,Contratos Encerrados,5,celiene.pinho@nava.com.br,-,2025-04-28 11:50:24,28/04/2025 11:50,-,-,-,-,-,-,-
1619096,Aguardando Verificação/Aprovação (NAVA),0,-,-,2025-04-04 14:56:42,04/04/2025 14:56,04/04/2025 17:41,-,0.11 dias,-,-,-,-
1619096,Enviado para o RM (Integração),1,carlos@zapform.com.br,-,2025-04-04 17:41:46,04/04/2025 17:41,04/04/2025 17:42,-,0.0 dias,-,-,-,-
1619096,Contrato Ativo,2,carlos@zapform.com.br,-,2025-04-04 17:42:39,04/04/2025 17:42,-,-,-,-,-,-,-
1619093,Aguardando Verificação/Aprovação (NAVA),0,-,-,2025-04-04 14:56:25,04/04/2025 14:56,04/04/2025 17:41,-,0.11 dias,-,-,-,-
1619093,Enviado para o RM (Integração),1,carlos@zapform.com.br,-,2025-04-04 17:41:02,04/04/2025 17:41,04/04/2025 17:41,-,0.0 dias,-,-,-,-
1619093,Contrato Ativo,2,carlos@zapform.com.br,-,2025-04-04 17:41:36,04/04/2025 17:41,-,-,-,-,-,-,-
1619091,Aguardando Verificação/Aprovação (NAVA),0,-,-,2025-04-04 14:56:07,04/04/2025 14:56,04/04/2025 17:40,-,0.11 dias,-,-,-,-
1619091,Enviado para o RM (Integração),1,carlos@zapform.com.br,-,2025-04-04 17:40:18,04/04/2025 17:40,04/04/2025 17:40,-,0.0 dias,-,-,-,-
1619091,Contrato Ativo,2,carlos@zapform.com.br,-,2025-04-04 17:40:56,04/04/2025 17:40,-,-,-,-,-,-,-
1619090,Aguardando Verificação/Aprovação (NAVA),0,-,-,2025-04-04 14:56:02,04/04/2025 14:56,04/04/2025 17:38,-,0.11 dias,-,-,-,-
1619090,Enviado para o RM (Integração),1,carlos@zapform.com.br,-,2025-04-04 17:38:49,04/04/2025 17:38,04/04/2025 17:39,-,0.0 dias,-,-,-,-
1619090,Contrato Ativo,2,carlos@zapform.com.br,-,2025-04-04 17:39:47,04/04/2025 17:39,-,-,-,-,-,-,-
1619087,Aguardando Verificação/Aprovação (NAVA),0,-,-,2025-04-04 14:55:50,04/04/2025 14:55,04/04/2025 17:39,-,0.11 dias,-,-,-,-
1619087,Enviado para o RM (Integração),1,carlos@zapform.com.br,-,2025-04-04 17:39:34,04/04/2025 17:39,04/04/2025 17:40,-,0.0 dias,-,-,-,-
1619087,Contrato Ativo,2,carlos@zapform.com.br,-,2025-04-04 17:40:10,04/04/2025 17:40,-,-,-,-,-,-,-
1619083,Aguardando Verificação/Aprovação (NAVA),0,-,-,2025-04-04 14:55:14,04/04/2025 14:55,04/04/2025 17:38,-,0.11 dias,-,-,-,-
1619083,Enviado para o RM (Integração),1,carlos@zapform.com.br,-,2025-04-04 17:38:06,04/04/2025 17:38,04/04/2025 17:38,-,0.0 dias,-,-,-,-
1619083,Contrato Ativo,2,carlos@zapform.com.br,-,2025-04-04 17:38:42,04/04/2025 17:38,-,-,-,-,-,-,-
1619081,Aguardando Verificação/Aprovação (NAVA),0,-,-,2025-04-04 14:54:55,04/04/2025 14:54,04/04/2025 17:37,-,0.11 dias,-,-,-,-
1619081,Enviado para o RM (Integração),1,carlos@zapform.com.br,-,2025-04-04 17:37:22,04/04/2025 17:37,04/04/2025 17:37,-,0.0 dias,-,-,-,-
1619081,Contrato Ativo,2,carlos@zapform.com.br,-,2025-04-04 17:37:56,04/04/2025 17:37,-,-,-,-,-,-,-
1619078,Aguardando Verificação/Aprovação (NAVA),0,-,-,2025-04-04 14:53:58,04/04/2025 14:53,04/04/2025 17:35,-,0.11 dias,-,-,-,-
1619078,Enviado para o RM (Integração),1,carlos@zapform.com.br,-,2025-04-04 17:35:52,04/04/2025 17:35,04/04/2025 17:36,-,0.0 dias,-,-,-,-
1619078,Contrato Ativo,2,carlos@zapform.com.br,-,2025-04-04 17:36:26,04/04/2025 17:36,-,-,-,-,-,-,-
1619076,Aguardando Verificação/Aprovação (NAVA),0,-,-,2025-04-04 14:53:41,04/04/2025 14:53,04/04/2025 17:35,-,0.11 dias,-,-,-,-
1619076,Enviado para o RM (Integração),1,carlos@zapform.com.br,-,2025-04-04 17:35:08,04/04/2025 17:35,04/04/2025 17:36,-,0.0 dias,-,-,-,-
1619076,Contrato Ativo,2,carlos@zapform.com.br,-,2025-04-04 17:36:00,04/04/2025 17:36,-,-,-,-,-,-,-
1619073,Aguardando Verificação/Aprovação (NAVA),0,-,-,2025-04-04 14:53:23,04/04/2025 14:53,04/04/2025 17:34,-,0.11 dias,-,-,-,-
1619073,Enviado para o RM (Integração),1,carlos@zapform.com.br,-,2025-04-04 17:34:24,04/04/2025 17:34,04/04/2025 17:35,-,0.0 dias,-,-,-,-
1619073,Contrato Ativo,2,carlos@zapform.com.br,-,2025-04-04 17:35:17,04/04/2025 17:35,-,-,-,-,-,-,-
1619070,Aguardando Verificação/Aprovação (NAVA),0,-,-,2025-04-04 14:53:05,04/04/2025 14:53,04/04/2025 17:33,-,0.11 dias,-,-,-,-
1619070,Enviado para o RM (Integração),1,carlos@zapform.com.br,-,2025-04-04 17:33:39,04/04/2025 17:33,04/04/2025 17:34,-,0.0 dias,-,-,-,-
1619070,Contrato Ativo,2,carlos@zapform.com.br,-,2025-04-04 17:34:14,04/04/2025 17:34,-,-,-,-,-,-,-
1619067,Aguardando Verificação/Aprovação (NAVA),0,-,-,2025-04-04 14:52:48,04/04/2025 14:52,04/04/2025 17:32,-,0.11 dias,-,-,-,-
1619067,Enviado para o RM (Integração),1,carlos@zapform.com.br,-,2025-04-04 17:32:55,04/04/2025 17:32,04/04/2025 17:33,-,0.0 dias,-,-,-,-
1619067,Contrato Ativo,2,carlos@zapform.com.br,-,2025-04-04 17:33:46,04/04/2025 17:33,-,-,-,-,-,-,-
1619064,Aguardando Verificação/Aprovação (NAVA),0,-,-,2025-04-04 14:52:30,04/04/2025 14:52,04/04/2025 17:32,-,0.11 dias,-,-,-,-
1619064,Enviado para o RM (Integração),1,carlos@zapform.com.br,-,2025-04-04 17:32:11,04/04/2025 17:32,04/04/2025 17:33,-,0.0 dias,-,-,-,-
1619064,Contrato Ativo,2,carlos@zapform.com.br,-,2025-04-04 17:33:08,04/04/2025 17:33,-,-,-,-,-,-,-
1619062,Aguardando Verificação/Aprovação (NAVA),0,-,-,2025-04-04 14:52:11,04/04/2025 14:52,04/04/2025 17:31,-,0.11 dias,-,-,-,-
1619062,Enviado para o RM (Integração),1,carlos@zapform.com.br,-,2025-04-04 17:31:27,04/04/2025 17:31,04/04/2025 17:32,-,0.0 dias,-,-,-,-
1619062,Contrato Ativo,2,carlos@zapform.com.br,-,2025-04-04 17:32:19,04/04/2025 17:32,10/06/2025 16:47,-,66.97 dias,-,-,-,-
1619062,Aguardando Verificação/Aprovação (NAVA),0,integracao-projetoisp,-,2025-06-10 16:47:43,10/06/2025 16:47,10/06/2025 17:07,-,0.01 dias,-,-,-,-
1619062,Enviado para o RM (Integração),1,integracao-projetoisp,-,2025-06-10 17:07:36,10/06/2025 17:07,10/06/2025 17:08,-,0.0 dias,-,-,-,-
1619062,Contrato Ativo,2,integracao-projetoisp,-,2025-06-10 17:08:08,10/06/2025 17:08,-,-,-,-,-,-,-
1619060,Aguardando Verificação/Aprovação (NAVA),0,-,-,2025-04-04 14:51:53,04/04/2025 14:51,04/04/2025 17:30,-,0.11 dias,-,-,-,-
1619060,Enviado para o RM (Integração),1,carlos@zapform.com.br,-,2025-04-04 17:30:43,04/04/2025 17:30,04/04/2025 17:31,-,0.0 dias,-,-,-,-
1619060,Contrato Ativo,2,carlos@zapform.com.br,-,2025-04-04 17:31:33,04/04/2025 17:31,-,-,-,-,-,-,-
1619058,Aguardando Verificação/Aprovação (NAVA),0,-,-,2025-04-04 14:51:35,04/04/2025 14:51,04/04/2025 17:29,-,0.11 dias,-,-,-,-
1619058,Enviado para o RM (Integração),1,carlos@zapform.com.br,-,2025-04-04 17:29:59,04/04/2025 17:29,04/04/2025 17:30,-,0.0 dias,-,-,-,-
1619058,Contrato Ativo,2,carlos@zapform.com.br,-,2025-04-04 17:30:40,04/04/2025 17:30,-,-,-,-,-,-,-
1619056,Aguardando Verificação/Aprovação (NAVA),0,-,-,2025-04-04 14:51:17,04/04/2025 14:51,04/04/2025 17:29,-,0.11 dias,-,-,-,-
1619056,Enviado para o RM (Integração),1,carlos@zapform.com.br,-,2025-04-04 17:29:14,04/04/2025 17:29,04/04/2025 17:30,-,0.0 dias,-,-,-,-
1619056,Contrato Ativo,2,carlos@zapform.com.br,-,2025-04-04 17:30:05,04/04/2025 17:30,-,-,-,-,-,-,-
1619051,Aguardando Verificação/Aprovação (NAVA),0,-,-,2025-04-04 14:50:59,04/04/2025 14:50,04/04/2025 17:28,-,0.11 dias,-,-,-,-
1619051,Enviado para o RM (Integração),1,carlos@zapform.com.br,-,2025-04-04 17:28:30,04/04/2025 17:28,04/04/2025 17:29,-,0.0 dias,-,-,-,-
1619051,Contrato Ativo,2,carlos@zapform.com.br,-,2025-04-04 17:29:23,04/04/2025 17:29,-,-,-,-,-,-,-
1619048,Aguardando Verificação/Aprovação (NAVA),0,-,-,2025-04-04 14:50:38,04/04/2025 14:50,04/04/2025 17:27,-,0.11 dias,-,-,-,-
1619048,Enviado para o RM (Integração),1,carlos@zapform.com.br,-,2025-04-04 17:27:46,04/04/2025 17:27,04/04/2025 17:28,-,0.0 dias,-,-,-,-
1619048,Contrato Ativo,2,carlos@zapform.com.br,-,2025-04-04 17:28:22,04/04/2025 17:28,-,-,-,-,-,-,-
1619046,Aguardando Verificação/Aprovação (NAVA),0,-,-,2025-04-04 14:50:20,04/04/2025 14:50,04/04/2025 17:27,-,0.11 dias,-,-,-,-
1619046,Enviado para o RM (Integração),1,carlos@zapform.com.br,-,2025-04-04 17:27:02,04/04/2025 17:27,04/04/2025 17:27,-,0.0 dias,-,-,-,-
1619046,Contrato Ativo,2,carlos@zapform.com.br,-,2025-04-04 17:27:39,04/04/2025 17:27,-,-,-,-,-,-,-
1619043,Aguardando Verificação/Aprovação (NAVA),0,-,-,2025-04-04 14:50:01,04/04/2025 14:50,04/04/2025 17:26,-,0.11 dias,-,-,-,-
1619043,Enviado para o RM (Integração),1,carlos@zapform.com.br,-,2025-04-04 17:26:17,04/04/2025 17:26,04/04/2025 17:26,-,0.0 dias,-,-,-,-
1619043,Contrato Ativo,2,carlos@zapform.com.br,-,2025-04-04 17:26:51,04/04/2025 17:26,-,-,-,-,-,-,-
1619040,Aguardando Verificação/Aprovação (NAVA),0,-,-,2025-04-04 14:49:44,04/04/2025 14:49,04/04/2025 17:25,-,0.11 dias,-,-,-,-
1619040,Enviado para o RM (Integração),1,carlos@zapform.com.br,-,2025-04-04 17:25:33,04/04/2025 17:25,04/04/2025 17:26,-,0.0 dias,-,-,-,-
1619040,Contrato Ativo,2,carlos@zapform.com.br,-,2025-04-04 17:26:12,04/04/2025 17:26,-,-,-,-,-,-,-
1619038,Aguardando Verificação/Aprovação (NAVA),0,-,-,2025-04-04 14:49:26,04/04/2025 14:49,04/04/2025 17:17,-,0.1 dias,-,-,-,-
1619038,Enviado para o RM (Integração),1,carlos@zapform.com.br,-,2025-04-04 17:17:13,04/04/2025 17:17,04/04/2025 17:17,-,0.0 dias,-,-,-,-
1619038,Contrato Ativo,2,carlos@zapform.com.br,-,2025-04-04 17:17:46,04/04/2025 17:17,-,-,-,-,-,-,-
1619036,Aguardando Verificação/Aprovação (NAVA),0,-,-,2025-04-04 14:49:07,04/04/2025 14:49,04/04/2025 17:24,-,0.11 dias,-,-,-,-
1619036,Enviado para o RM (Integração),1,carlos@zapform.com.br,-,2025-04-04 17:24:46,04/04/2025 17:24,04/04/2025 17:25,-,0.0 dias,-,-,-,-
1619036,Contrato Ativo,2,carlos@zapform.com.br,-,2025-04-04 17:25:24,04/04/2025 17:25,-,-,-,-,-,-,-
1619034,Aguardando Verificação/Aprovação (NAVA),0,-,-,2025-04-04 14:48:50,04/04/2025 14:48,04/04/2025 17:16,-,0.1 dias,-,-,-,-
1619034,Enviado para o RM (Integração),1,carlos@zapform.com.br,-,2025-04-04 17:16:27,04/04/2025 17:16,04/04/2025 17:17,-,0.0 dias,-,-,-,-
1619034,Contrato Ativo,2,carlos@zapform.com.br,-,2025-04-04 17:17:02,04/04/2025 17:17,-,-,-,-,-,-,-
1619032,Aguardando Verificação/Aprovação (NAVA),0,-,-,2025-04-04 14:48:32,04/04/2025 14:48,04/04/2025 17:15,-,0.1 dias,-,-,-,-
1619032,Enviado para o RM (Integração),1,carlos@zapform.com.br,-,2025-04-04 17:15:42,04/04/2025 17:15,04/04/2025 17:16,-,0.0 dias,-,-,-,-
1619032,Contrato Ativo,2,carlos@zapform.com.br,-,2025-04-04 17:16:17,04/04/2025 17:16,-,-,-,-,-,-,-
1619030,Aguardando Verificação/Aprovação (NAVA),0,-,-,2025-04-04 14:48:14,04/04/2025 14:48,04/04/2025 17:14,-,0.1 dias,-,-,-,-
1619030,Enviado para o RM (Integração),1,carlos@zapform.com.br,-,2025-04-04 17:14:58,04/04/2025 17:14,04/04/2025 17:15,-,0.0 dias,-,-,-,-
1619030,Contrato Ativo,2,carlos@zapform.com.br,-,2025-04-04 17:15:33,04/04/2025 17:15,-,-,-,-,-,-,-
1619026,Aguardando Verificação/Aprovação (NAVA),0,-,-,2025-04-04 14:47:57,04/04/2025 14:47,04/04/2025 17:23,-,0.11 dias,-,-,-,-
1619026,Enviado para o RM (Integração),1,carlos@zapform.com.br,-,2025-04-04 17:23:55,04/04/2025 17:23,04/04/2025 17:24,-,0.0 dias,-,-,-,-
1619026,Contrato Ativo,2,carlos@zapform.com.br,-,2025-04-04 17:24:38,04/04/2025 17:24,-,-,-,-,-,-,-
1619024,Aguardando Verificação/Aprovação (NAVA),0,-,-,2025-04-04 14:47:38,04/04/2025 14:47,04/04/2025 17:23,-,0.11 dias,-,-,-,-
1619024,Enviado para o RM (Integração),1,carlos@zapform.com.br,-,2025-04-04 17:23:10,04/04/2025 17:23,04/04/2025 17:23,-,0.0 dias,-,-,-,-
1619024,Contrato Ativo,2,carlos@zapform.com.br,-,2025-04-04 17:23:51,04/04/2025 17:23,-,-,-,-,-,-,-
1619021,Aguardando Verificação/Aprovação (NAVA),0,-,-,2025-04-04 14:47:20,04/04/2025 14:47,04/04/2025 17:22,-,0.11 dias,-,-,-,-
1619021,Enviado para o RM (Integração),1,carlos@zapform.com.br,-,2025-04-04 17:22:26,04/04/2025 17:22,04/04/2025 17:23,-,0.0 dias,-,-,-,-
1619021,Contrato Ativo,2,carlos@zapform.com.br,-,2025-04-04 17:23:03,04/04/2025 17:23,-,-,-,-,-,-,-
1619018,Aguardando Verificação/Aprovação (NAVA),0,-,-,2025-04-04 14:47:02,04/04/2025 14:47,04/04/2025 17:21,-,0.11 dias,-,-,-,-
1619018,Enviado para o RM (Integração),1,carlos@zapform.com.br,-,2025-04-04 17:21:41,04/04/2025 17:21,04/04/2025 17:22,-,0.0 dias,-,-,-,-
1619018,Contrato Ativo,2,carlos@zapform.com.br,-,2025-04-04 17:22:32,04/04/2025 17:22,-,-,-,-,-,-,-
1619016,Aguardando Verificação/Aprovação (NAVA),0,-,-,2025-04-04 14:46:44,04/04/2025 14:46,04/04/2025 17:20,-,0.11 dias,-,-,-,-
1619016,Enviado para o RM (Integração),1,carlos@zapform.com.br,-,2025-04-04 17:20:57,04/04/2025 17:20,04/04/2025 17:21,-,0.0 dias,-,-,-,-
1619016,Contrato Ativo,2,carlos@zapform.com.br,-,2025-04-04 17:21:49,04/04/2025 17:21,26/05/2025 17:55,-,52.02 dias,-,-,-,-
1619016,Aguardando Verificação/Aprovação (NAVA),0,integracao-projetoisp,-,2025-05-26 17:55:36,26/05/2025 17:55,26/05/2025 17:55,-,0.0 dias,-,-,-,-
1619016,Contratos Encerrados,5,celiene.pinho@nava.com.br,-,2025-05-26 17:55:58,26/05/2025 17:55,-,-,-,-,-,-,-
1619010,Aguardando Verificação/Aprovação (NAVA),0,-,-,2025-04-04 14:46:24,04/04/2025 14:46,04/04/2025 17:14,-,0.1 dias,-,-,-,-
1619010,Enviado para o RM (Integração),1,carlos@zapform.com.br,-,2025-04-04 17:14:02,04/04/2025 17:14,04/04/2025 17:14,-,0.0 dias,-,-,-,-
1619010,Contrato Ativo,2,carlos@zapform.com.br,-,2025-04-04 17:14:36,04/04/2025 17:14,-,-,-,-,-,-,-
1619008,Aguardando Verificação/Aprovação (NAVA),0,-,-,2025-04-04 14:46:07,04/04/2025 14:46,04/04/2025 17:13,-,0.1 dias,-,-,-,-
1619008,Enviado para o RM (Integração),1,carlos@zapform.com.br,-,2025-04-04 17:13:18,04/04/2025 17:13,04/04/2025 17:13,-,0.0 dias,-,-,-,-
1619008,Contrato Ativo,2,carlos@zapform.com.br,-,2025-04-04 17:13:51,04/04/2025 17:13,-,-,-,-,-,-,-
1619006,Aguardando Verificação/Aprovação (NAVA),0,-,-,2025-04-04 14:45:49,04/04/2025 14:45,04/04/2025 17:12,-,0.1 dias,-,-,-,-
1619006,Enviado para o RM (Integração),1,carlos@zapform.com.br,-,2025-04-04 17:12:33,04/04/2025 17:12,04/04/2025 17:13,-,0.0 dias,-,-,-,-
1619006,Contrato Ativo,2,carlos@zapform.com.br,-,2025-04-04 17:13:07,04/04/2025 17:13,-,-,-,-,-,-,-
1619004,Aguardando Verificação/Aprovação (NAVA),0,-,-,2025-04-04 14:45:31,04/04/2025 14:45,04/04/2025 17:11,-,0.1 dias,-,-,-,-
1619004,Enviado para o RM (Integração),1,carlos@zapform.com.br,-,2025-04-04 17:11:49,04/04/2025 17:11,04/04/2025 17:12,-,0.0 dias,-,-,-,-
1619004,Contrato Ativo,2,carlos@zapform.com.br,-,2025-04-04 17:12:24,04/04/2025 17:12,-,-,-,-,-,-,-
1619002,Aguardando Verificação/Aprovação (NAVA),0,-,-,2025-04-04 14:45:09,04/04/2025 14:45,04/04/2025 17:11,-,0.1 dias,-,-,-,-
1619002,Enviado para o RM (Integração),1,carlos@zapform.com.br,-,2025-04-04 17:11:03,04/04/2025 17:11,04/04/2025 17:11,-,0.0 dias,-,-,-,-
1619002,Contrato Ativo,2,carlos@zapform.com.br,-,2025-04-04 17:11:49,04/04/2025 17:11,12/06/2025 11:32,-,68.76 dias,-,-,-,-
1619002,Aguardando Verificação/Aprovação (NAVA),0,integracao-projetoisp,-,2025-06-12 11:32:04,12/06/2025 11:32,12/06/2025 11:32,-,0.0 dias,-,-,-,-
1619002,Contratos Encerrados,5,anny.araujo@nava.com.br,-,2025-06-12 11:32:13,12/06/2025 11:32,-,-,-,-,-,-,-
1619000,Aguardando Verificação/Aprovação (NAVA),0,-,-,2025-04-04 14:44:51,04/04/2025 14:44,04/04/2025 17:20,-,0.11 dias,-,-,-,-
1619000,Enviado para o RM (Integração),1,carlos@zapform.com.br,-,2025-04-04 17:20:01,04/04/2025 17:20,04/04/2025 17:20,-,0.0 dias,-,-,-,-
1619000,Contrato Ativo,2,carlos@zapform.com.br,-,2025-04-04 17:20:57,04/04/2025 17:20,12/06/2025 11:27,-,68.75 dias,-,-,-,-
1619000,Aguardando Verificação/Aprovação (NAVA),0,integracao-projetoisp,-,2025-06-12 11:27:26,12/06/2025 11:27,12/06/2025 11:27,-,0.0 dias,-,-,-,-
1619000,Contratos Encerrados,5,anny.araujo@nava.com.br,-,2025-06-12 11:27:45,12/06/2025 11:27,-,-,-,-,-,-,-
1618998,Aguardando Verificação/Aprovação (NAVA),0,-,-,2025-04-04 14:44:34,04/04/2025 14:44,04/04/2025 17:09,-,0.1 dias,-,-,-,-
1618998,Enviado para o RM (Integração),1,carlos@zapform.com.br,-,2025-04-04 17:09:34,04/04/2025 17:09,04/04/2025 17:10,-,0.0 dias,-,-,-,-
1618998,Contrato Ativo,2,carlos@zapform.com.br,-,2025-04-04 17:10:12,04/04/2025 17:10,-,-,-,-,-,-,-
1618996,Aguardando Verificação/Aprovação (NAVA),0,-,-,2025-04-04 14:44:16,04/04/2025 14:44,04/04/2025 17:19,-,0.11 dias,-,-,-,-
1618996,Enviado para o RM (Integração),1,carlos@zapform.com.br,-,2025-04-04 17:19:15,04/04/2025 17:19,04/04/2025 17:19,-,0.0 dias,-,-,-,-
1618996,Contrato Ativo,2,carlos@zapform.com.br,-,2025-04-04 17:19:52,04/04/2025 17:19,16/05/2025 18:25,-,42.05 dias,-,-,-,-
1618996,Aguardando Verificação/Aprovação (NAVA),0,integracao-projetoisp,-,2025-05-16 18:25:26,16/05/2025 18:25,09/06/2025 11:54,-,23.73 dias,-,-,-,-
1618996,Contratos Encerrados,5,celiene.pinho@nava.com.br,-,2025-06-09 11:54:27,09/06/2025 11:54,-,-,-,-,-,-,-
1618992,Aguardando Verificação/Aprovação (NAVA),0,-,-,2025-04-04 14:44:00,04/04/2025 14:44,04/04/2025 17:08,-,0.1 dias,-,-,-,-
1618992,Enviado para o RM (Integração),1,carlos@zapform.com.br,-,2025-04-04 17:08:47,04/04/2025 17:08,04/04/2025 17:09,-,0.0 dias,-,-,-,-
1618992,Contrato Ativo,2,carlos@zapform.com.br,-,2025-04-04 17:09:21,04/04/2025 17:09,16/05/2025 18:17,-,42.05 dias,-,-,-,-
1618992,Aguardando Verificação/Aprovação (NAVA),0,integracao-projetoisp,-,2025-05-16 18:17:20,16/05/2025 18:17,09/06/2025 11:53,-,23.73 dias,-,-,-,-
1618992,Contratos Encerrados,5,celiene.pinho@nava.com.br,-,2025-06-09 11:53:08,09/06/2025 11:53,-,-,-,-,-,-,-
1618989,Aguardando Verificação/Aprovação (NAVA),0,-,-,2025-04-04 14:43:39,04/04/2025 14:43,04/04/2025 17:18,-,0.11 dias,-,-,-,-
1618989,Enviado para o RM (Integração),1,carlos@zapform.com.br,-,2025-04-04 17:18:29,04/04/2025 17:18,04/04/2025 17:19,-,0.0 dias,-,-,-,-
1618989,Contrato Ativo,2,carlos@zapform.com.br,-,2025-04-04 17:19:08,04/04/2025 17:19,-,-,-,-,-,-,-
1618986,Aguardando Verificação/Aprovação (NAVA),0,-,-,2025-04-04 14:43:19,04/04/2025 14:43,04/04/2025 17:07,-,0.1 dias,-,-,-,-
1618986,Enviado para o RM (Integração),1,carlos@zapform.com.br,-,2025-04-04 17:07:18,04/04/2025 17:07,04/04/2025 17:07,-,0.0 dias,-,-,-,-
1618986,Contrato Ativo,2,carlos@zapform.com.br,-,2025-04-04 17:07:57,04/04/2025 17:07,-,-,-,-,-,-,-
1618983,Aguardando Verificação/Aprovação (NAVA),0,-,-,2025-04-04 14:43:01,04/04/2025 14:43,04/04/2025 17:06,-,0.1 dias,-,-,-,-
1618983,Enviado para o RM (Integração),1,carlos@zapform.com.br,-,2025-04-04 17:06:34,04/04/2025 17:06,04/04/2025 17:07,-,0.0 dias,-,-,-,-
1618983,Contrato Ativo,2,carlos@zapform.com.br,-,2025-04-04 17:07:07,04/04/2025 17:07,-,-,-,-,-,-,-
1618981,Aguardando Verificação/Aprovação (NAVA),0,-,-,2025-04-04 14:42:42,04/04/2025 14:42,04/04/2025 16:50,-,0.09 dias,-,-,-,-
1618981,Enviado para o RM (Integração),1,carlos@zapform.com.br,-,2025-04-04 16:50:31,04/04/2025 16:50,04/04/2025 16:51,-,0.0 dias,-,-,-,-
1618981,Contrato Ativo,2,carlos@zapform.com.br,-,2025-04-04 16:51:06,04/04/2025 16:51,-,-,-,-,-,-,-
1618979,Aguardando Verificação/Aprovação (NAVA),0,-,-,2025-04-04 14:42:21,04/04/2025 14:42,04/04/2025 16:49,-,0.09 dias,-,-,-,-
1618979,Enviado para o RM (Integração),1,carlos@zapform.com.br,-,2025-04-04 16:49:46,04/04/2025 16:49,04/04/2025 16:50,-,0.0 dias,-,-,-,-
1618979,Contrato Ativo,2,carlos@zapform.com.br,-,2025-04-04 16:50:33,04/04/2025 16:50,-,-,-,-,-,-,-
1618976,Aguardando Verificação/Aprovação (NAVA),0,-,-,2025-04-04 14:42:03,04/04/2025 14:42,04/04/2025 16:49,-,0.09 dias,-,-,-,-
1618976,Enviado para o RM (Integração),1,carlos@zapform.com.br,-,2025-04-04 16:49:02,04/04/2025 16:49,04/04/2025 16:49,-,0.0 dias,-,-,-,-
1618976,Contrato Ativo,2,carlos@zapform.com.br,-,2025-04-04 16:49:39,04/04/2025 16:49,05/08/2025 10:00,-,122.72 dias,-,-,-,-
1618976,Aguardando Verificação/Aprovação (NAVA),0,integracao-projetoisp,-,2025-08-05 10:00:06,05/08/2025 10:00,05/08/2025 10:00,-,0.0 dias,-,-,-,-
1618976,Contratos Encerrados,5,gabriels.santos@nava.com.br,-,2025-08-05 10:00:26,05/08/2025 10:00,20/08/2025 11:53,-,15.08 dias,-,-,-,-
1618976,Aguardando Verificação/Aprovação (NAVA),0,celiene.pinho@nava.com.br,-,2025-08-20 11:53:03,20/08/2025 11:53,20/08/2025 11:54,-,0.0 dias,-,-,-,-
1618976,Enviado para o RM (Integração),1,integracao-projetoisp,-,2025-08-20 11:54:44,20/08/2025 11:54,20/08/2025 11:55,-,0.0 dias,-,-,-,-
1618976,Contrato Ativo,2,integracao-projetoisp,-,2025-08-20 11:55:04,20/08/2025 11:55,-,-,-,-,-,-,-
1618974,Aguardando Verificação/Aprovação (NAVA),0,-,-,2025-04-04 14:41:44,04/04/2025 14:41,04/04/2025 16:48,-,0.09 dias,-,-,-,-
1618974,Enviado para o RM (Integração),1,carlos@zapform.com.br,-,2025-04-04 16:48:18,04/04/2025 16:48,04/04/2025 16:49,-,0.0 dias,-,-,-,-
1618974,Contrato Ativo,2,carlos@zapform.com.br,-,2025-04-04 16:49:01,04/04/2025 16:49,-,-,-,-,-,-,-
1618971,Aguardando Verificação/Aprovação (NAVA),0,-,-,2025-04-04 14:41:26,04/04/2025 14:41,04/04/2025 16:47,-,0.09 dias,-,-,-,-
1618971,Enviado para o RM (Integração),1,carlos@zapform.com.br,-,2025-04-04 16:47:34,04/04/2025 16:47,04/04/2025 16:48,-,0.0 dias,-,-,-,-
1618971,Contrato Ativo,2,carlos@zapform.com.br,-,2025-04-04 16:48:19,04/04/2025 16:48,30/05/2025 16:24,-,55.98 dias,-,-,-,-
1618971,Aguardando Verificação/Aprovação (NAVA),0,integracao-projetoisp,-,2025-05-30 16:24:04,30/05/2025 16:24,30/05/2025 16:24,-,0.0 dias,-,-,-,-
1618971,Cancelado,X,juliana.santos@nava.com.br,-,2025-05-30 16:24:27,30/05/2025 16:24,-,-,-,-,-,-,-
1618969,Aguardando Verificação/Aprovação (NAVA),0,-,-,2025-04-04 14:41:08,04/04/2025 14:41,04/04/2025 16:46,-,0.09 dias,-,-,-,-
1618969,Enviado para o RM (Integração),1,carlos@zapform.com.br,-,2025-04-04 16:46:50,04/04/2025 16:46,04/04/2025 16:47,-,0.0 dias,-,-,-,-
1618969,Contrato Ativo,2,carlos@zapform.com.br,-,2025-04-04 16:47:51,04/04/2025 16:47,-,-,-,-,-,-,-
1618965,Aguardando Verificação/Aprovação (NAVA),0,-,-,2025-04-04 14:40:51,04/04/2025 14:40,04/04/2025 16:46,-,0.09 dias,-,-,-,-
1618965,Enviado para o RM (Integração),1,carlos@zapform.com.br,-,2025-04-04 16:46:06,04/04/2025 16:46,04/04/2025 16:46,-,0.0 dias,-,-,-,-
1618965,Contrato Ativo,2,carlos@zapform.com.br,-,2025-04-04 16:46:46,04/04/2025 16:46,-,-,-,-,-,-,-
1618963,Aguardando Verificação/Aprovação (NAVA),0,-,-,2025-04-04 14:40:33,04/04/2025 14:40,04/04/2025 16:45,-,0.09 dias,-,-,-,-
1618963,Enviado para o RM (Integração),1,carlos@zapform.com.br,-,2025-04-04 16:45:23,04/04/2025 16:45,04/04/2025 16:46,-,0.0 dias,-,-,-,-
1618963,Contrato Ativo,2,carlos@zapform.com.br,-,2025-04-04 16:46:25,04/04/2025 16:46,-,-,-,-,-,-,-
1618961,Aguardando Verificação/Aprovação (NAVA),0,-,-,2025-04-04 14:40:14,04/04/2025 14:40,04/04/2025 16:44,-,0.09 dias,-,-,-,-
1618961,Enviado para o RM (Integração),1,carlos@zapform.com.br,-,2025-04-04 16:44:38,04/04/2025 16:44,04/04/2025 16:45,-,0.0 dias,-,-,-,-
1618961,Contrato Ativo,2,carlos@zapform.com.br,-,2025-04-04 16:45:23,04/04/2025 16:45,-,-,-,-,-,-,-
1618958,Aguardando Verificação/Aprovação (NAVA),0,-,-,2025-04-04 14:39:55,04/04/2025 14:39,07/04/2025 11:02,-,2.85 dias,-,-,-,-
1618958,Enviado para o RM (Integração),1,carlos@zapform.com.br,-,2025-04-07 11:02:12,07/04/2025 11:02,07/04/2025 11:03,-,0.0 dias,-,-,-,-
1618958,Contrato Ativo,2,carlos@zapform.com.br,-,2025-04-07 11:03:18,07/04/2025 11:03,-,-,-,-,-,-,-
1618956,Aguardando Verificação/Aprovação (NAVA),0,-,-,2025-04-04 14:39:36,04/04/2025 14:39,07/04/2025 11:02,-,2.85 dias,-,-,-,-
1618956,Enviado para o RM (Integração),1,carlos@zapform.com.br,-,2025-04-07 11:02:55,07/04/2025 11:02,07/04/2025 11:04,-,0.0 dias,-,-,-,-
1618956,Contrato Ativo,2,carlos@zapform.com.br,-,2025-04-07 11:04:06,07/04/2025 11:04,08/08/2025 09:55,-,122.95 dias,-,-,-,-
1618956,Aguardando Verificação/Aprovação (NAVA),0,integracao-projetoisp,-,2025-08-08 09:55:34,08/08/2025 09:55,08/08/2025 09:55,-,0.0 dias,-,-,-,-
1618956,Cancelado,X,thais.roberta@nava.com.br,-,2025-08-08 09:55:41,08/08/2025 09:55,08/08/2025 09:56,-,0.0 dias,-,-,-,-
1618956,Aguardando Verificação/Aprovação (NAVA),0,thais.roberta@nava.com.br,-,2025-08-08 09:56:02,08/08/2025 09:56,08/08/2025 09:56,-,0.0 dias,-,-,-,-
1618956,Enviado para o RM (Integração),1,integracao-projetoisp,-,2025-08-08 09:56:29,08/08/2025 09:56,08/08/2025 09:56,-,0.0 dias,-,-,-,-
1618956,Contrato Ativo,2,integracao-projetoisp,-,2025-08-08 09:56:35,08/08/2025 09:56,-,-,-,-,-,-,-
1618954,Aguardando Verificação/Aprovação (NAVA),0,-,-,2025-04-04 14:39:18,04/04/2025 14:39,04/04/2025 16:42,-,0.09 dias,-,-,-,-
1618954,Enviado para o RM (Integração),1,carlos@zapform.com.br,-,2025-04-04 16:42:26,04/04/2025 16:42,04/04/2025 16:43,-,0.0 dias,-,-,-,-
1618954,Contrato Ativo,2,carlos@zapform.com.br,-,2025-04-04 16:43:25,04/04/2025 16:43,-,-,-,-,-,-,-
1618952,Aguardando Verificação/Aprovação (NAVA),0,-,-,2025-04-04 14:38:59,04/04/2025 14:38,04/04/2025 16:41,-,0.09 dias,-,-,-,-
1618952,Enviado para o RM (Integração),1,carlos@zapform.com.br,-,2025-04-04 16:41:43,04/04/2025 16:41,04/04/2025 16:42,-,0.0 dias,-,-,-,-
1618952,Contrato Ativo,2,carlos@zapform.com.br,-,2025-04-04 16:42:43,04/04/2025 16:42,-,-,-,-,-,-,-
1618950,Aguardando Verificação/Aprovação (NAVA),0,-,-,2025-04-04 14:38:41,04/04/2025 14:38,04/04/2025 16:40,-,0.08 dias,-,-,-,-
1618950,Enviado para o RM (Integração),1,carlos@zapform.com.br,-,2025-04-04 16:40:58,04/04/2025 16:40,04/04/2025 16:41,-,0.0 dias,-,-,-,-
1618950,Contrato Ativo,2,carlos@zapform.com.br,-,2025-04-04 16:41:54,04/04/2025 16:41,-,-,-,-,-,-,-
1618948,Aguardando Verificação/Aprovação (NAVA),0,-,-,2025-04-04 14:38:23,04/04/2025 14:38,04/04/2025 16:40,-,0.08 dias,-,-,-,-
1618948,Enviado para o RM (Integração),1,carlos@zapform.com.br,-,2025-04-04 16:40:14,04/04/2025 16:40,04/04/2025 16:40,-,0.0 dias,-,-,-,-
1618948,Contrato Ativo,2,carlos@zapform.com.br,-,2025-04-04 16:40:51,04/04/2025 16:40,24/07/2025 16:04,-,110.97 dias,-,-,-,-
1618948,Aguardando Verificação/Aprovação (NAVA),0,integracao-projetoisp,-,2025-07-24 16:04:31,24/07/2025 16:04,24/07/2025 16:05,-,0.0 dias,-,-,-,-
1618948,Cancelado,X,thais.roberta@nava.com.br,-,2025-07-24 16:05:04,24/07/2025 16:05,-,-,-,-,-,-,-
1618945,Aguardando Verificação/Aprovação (NAVA),0,-,-,2025-04-04 14:38:05,04/04/2025 14:38,04/04/2025 16:39,-,0.08 dias,-,-,-,-
1618945,Enviado para o RM (Integração),1,carlos@zapform.com.br,-,2025-04-04 16:39:30,04/04/2025 16:39,04/04/2025 16:40,-,0.0 dias,-,-,-,-
1618945,Contrato Ativo,2,carlos@zapform.com.br,-,2025-04-04 16:40:24,04/04/2025 16:40,-,-,-,-,-,-,-
1618943,Aguardando Verificação/Aprovação (NAVA),0,-,-,2025-04-04 14:37:47,04/04/2025 14:37,04/04/2025 16:38,-,0.08 dias,-,-,-,-
1618943,Enviado para o RM (Integração),1,carlos@zapform.com.br,-,2025-04-04 16:38:46,04/04/2025 16:38,04/04/2025 16:39,-,0.0 dias,-,-,-,-
1618943,Contrato Ativo,2,carlos@zapform.com.br,-,2025-04-04 16:39:24,04/04/2025 16:39,-,-,-,-,-,-,-
1618939,Aguardando Verificação/Aprovação (NAVA),0,-,-,2025-04-04 14:37:28,04/04/2025 14:37,07/04/2025 11:27,-,2.87 dias,-,-,-,-
1618939,Enviado para o RM (Integração),1,carlos@zapform.com.br,-,2025-04-07 11:27:07,07/04/2025 11:27,07/04/2025 11:27,-,0.0 dias,-,-,-,-
1618939,Contrato Ativo,2,carlos@zapform.com.br,-,2025-04-07 11:27:40,07/04/2025 11:27,-,-,-,-,-,-,-
1618937,Aguardando Verificação/Aprovação (NAVA),0,-,-,2025-04-04 14:37:10,04/04/2025 14:37,04/04/2025 16:37,-,0.08 dias,-,-,-,-
1618937,Enviado para o RM (Integração),1,carlos@zapform.com.br,-,2025-04-04 16:37:18,04/04/2025 16:37,04/04/2025 16:37,-,0.0 dias,-,-,-,-
1618937,Contrato Ativo,2,carlos@zapform.com.br,-,2025-04-04 16:37:54,04/04/2025 16:37,-,-,-,-,-,-,-
1618935,Aguardando Verificação/Aprovação (NAVA),0,-,-,2025-04-04 14:36:52,04/04/2025 14:36,07/04/2025 11:10,-,2.86 dias,-,-,-,-
1618935,Enviado para o RM (Integração),1,carlos@zapform.com.br,-,2025-04-07 11:10:36,07/04/2025 11:10,07/04/2025 11:11,-,0.0 dias,-,-,-,-
1618935,Contrato Ativo,2,carlos@zapform.com.br,-,2025-04-07 11:11:10,07/04/2025 11:11,02/05/2025 11:37,-,25.02 dias,-,-,-,-
1618935,Aguardando Verificação/Aprovação (NAVA),0,integracao-projetoisp,-,2025-05-02 11:37:07,02/05/2025 11:37,02/05/2025 11:40,-,0.0 dias,-,-,-,-
1618935,Contratos Encerrados,5,gabriels.santos@nava.com.br,-,2025-05-02 11:40:33,02/05/2025 11:40,-,-,-,-,-,-,-
1618933,Aguardando Verificação/Aprovação (NAVA),0,-,-,2025-04-04 14:36:34,04/04/2025 14:36,04/04/2025 16:35,-,0.08 dias,-,-,-,-
1618933,Enviado para o RM (Integração),1,carlos@zapform.com.br,-,2025-04-04 16:35:50,04/04/2025 16:35,04/04/2025 16:36,-,0.0 dias,-,-,-,-
1618933,Contrato Ativo,2,carlos@zapform.com.br,-,2025-04-04 16:36:26,04/04/2025 16:36,-,-,-,-,-,-,-
1618931,Aguardando Verificação/Aprovação (NAVA),0,-,-,2025-04-04 14:36:16,04/04/2025 14:36,04/04/2025 16:35,-,0.08 dias,-,-,-,-
1618931,Enviado para o RM (Integração),1,carlos@zapform.com.br,-,2025-04-04 16:35:06,04/04/2025 16:35,04/04/2025 16:35,-,0.0 dias,-,-,-,-
1618931,Contrato Ativo,2,carlos@zapform.com.br,-,2025-04-04 16:35:43,04/04/2025 16:35,-,-,-,-,-,-,-
1618909,Aguardando Verificação/Aprovação (NAVA),0,-,-,2025-04-04 14:27:19,04/04/2025 14:27,04/04/2025 16:34,-,0.09 dias,-,-,-,-
1618909,Enviado para o RM (Integração),1,carlos@zapform.com.br,-,2025-04-04 16:34:22,04/04/2025 16:34,04/04/2025 16:34,-,0.0 dias,-,-,-,-
1618909,Contrato Ativo,2,carlos@zapform.com.br,-,2025-04-04 16:34:58,04/04/2025 16:34,-,-,-,-,-,-,-
1618906,Aguardando Verificação/Aprovação (NAVA),0,-,-,2025-04-04 14:27:00,04/04/2025 14:27,04/04/2025 16:33,-,0.09 dias,-,-,-,-
1618906,Enviado para o RM (Integração),1,carlos@zapform.com.br,-,2025-04-04 16:33:37,04/04/2025 16:33,04/04/2025 16:34,-,0.0 dias,-,-,-,-
1618906,Contrato Ativo,2,carlos@zapform.com.br,-,2025-04-04 16:34:39,04/04/2025 16:34,-,-,-,-,-,-,-
1618903,Aguardando Verificação/Aprovação (NAVA),0,-,-,2025-04-04 14:26:41,04/04/2025 14:26,04/04/2025 16:32,-,0.09 dias,-,-,-,-
1618903,Enviado para o RM (Integração),1,carlos@zapform.com.br,-,2025-04-04 16:32:53,04/04/2025 16:32,04/04/2025 16:33,-,0.0 dias,-,-,-,-
1618903,Contrato Ativo,2,carlos@zapform.com.br,-,2025-04-04 16:33:53,04/04/2025 16:33,16/06/2025 11:56,-,72.81 dias,-,-,-,-
1618903,Aguardando Verificação/Aprovação (NAVA),0,integracao-projetoisp,-,2025-06-16 11:56:28,16/06/2025 11:56,16/06/2025 11:57,-,0.0 dias,-,-,-,-
1618903,Enviado para o RM (Integração),1,integracao-projetoisp,-,2025-06-16 11:57:29,16/06/2025 11:57,16/06/2025 11:57,-,0.0 dias,-,-,-,-
1618903,Contrato Ativo,2,integracao-projetoisp,-,2025-06-16 11:57:54,16/06/2025 11:57,27/06/2025 13:20,-,11.06 dias,-,-,-,-
1618903,Aguardando Verificação/Aprovação (NAVA),0,integracao-projetoisp,-,2025-06-27 13:20:42,27/06/2025 13:20,27/06/2025 13:21,-,0.0 dias,-,-,-,-
1618903,Enviado para o RM (Integração),1,integracao-projetoisp,-,2025-06-27 13:21:02,27/06/2025 13:21,27/06/2025 13:21,-,0.0 dias,-,-,-,-
1618903,Contrato Ativo,2,integracao-projetoisp,-,2025-06-27 13:21:23,27/06/2025 13:21,-,-,-,-,-,-,-
1618897,Aguardando Verificação/Aprovação (NAVA),0,-,-,2025-04-04 14:26:22,04/04/2025 14:26,04/04/2025 16:32,-,0.09 dias,-,-,-,-
1618897,Enviado para o RM (Integração),1,carlos@zapform.com.br,-,2025-04-04 16:32:09,04/04/2025 16:32,04/04/2025 16:33,-,0.0 dias,-,-,-,-
1618897,Contrato Ativo,2,carlos@zapform.com.br,-,2025-04-04 16:33:05,04/04/2025 16:33,-,-,-,-,-,-,-
1618894,Aguardando Verificação/Aprovação (NAVA),0,-,-,2025-04-04 14:26:04,04/04/2025 14:26,04/04/2025 16:31,-,0.09 dias,-,-,-,-
1618894,Enviado para o RM (Integração),1,carlos@zapform.com.br,-,2025-04-04 16:31:26,04/04/2025 16:31,04/04/2025 16:31,-,0.0 dias,-,-,-,-
1618894,Contrato Ativo,2,carlos@zapform.com.br,-,2025-04-04 16:31:58,04/04/2025 16:31,28/05/2025 10:37,-,53.75 dias,-,-,-,-
1618894,Aguardando Verificação/Aprovação (NAVA),0,integracao-projetoisp,-,2025-05-28 10:37:36,28/05/2025 10:37,28/05/2025 10:41,-,0.0 dias,-,-,-,-
1618894,Enviado para o RM (Integração),1,integracao-projetoisp,-,2025-05-28 10:41:14,28/05/2025 10:41,28/05/2025 10:41,-,0.0 dias,-,-,-,-
1618894,Contrato Ativo,2,integracao-projetoisp,-,2025-05-28 10:41:42,28/05/2025 10:41,-,-,-,-,-,-,-
1618892,Aguardando Verificação/Aprovação (NAVA),0,-,-,2025-04-04 14:25:46,04/04/2025 14:25,04/04/2025 16:30,-,0.09 dias,-,-,-,-
1618892,Enviado para o RM (Integração),1,carlos@zapform.com.br,-,2025-04-04 16:30:41,04/04/2025 16:30,04/04/2025 16:31,-,0.0 dias,-,-,-,-
1618892,Contrato Ativo,2,carlos@zapform.com.br,-,2025-04-04 16:31:19,04/04/2025 16:31,-,-,-,-,-,-,-
1618890,Aguardando Verificação/Aprovação (NAVA),0,-,-,2025-04-04 14:25:28,04/04/2025 14:25,07/04/2025 11:03,-,2.86 dias,-,-,-,-
1618890,Enviado para o RM (Integração),1,carlos@zapform.com.br,-,2025-04-07 11:03:39,07/04/2025 11:03,07/04/2025 11:04,-,0.0 dias,-,-,-,-
1618890,Contrato Ativo,2,carlos@zapform.com.br,-,2025-04-07 11:04:43,07/04/2025 11:04,-,-,-,-,-,-,-
1618888,Aguardando Verificação/Aprovação (NAVA),0,-,-,2025-04-04 14:25:09,04/04/2025 14:25,04/04/2025 16:29,-,0.09 dias,-,-,-,-
1618888,Enviado para o RM (Integração),1,carlos@zapform.com.br,-,2025-04-04 16:29:13,04/04/2025 16:29,04/04/2025 16:30,-,0.0 dias,-,-,-,-
1618888,Contrato Ativo,2,carlos@zapform.com.br,-,2025-04-04 16:30:21,04/04/2025 16:30,-,-,-,-,-,-,-
1618886,Aguardando Verificação/Aprovação (NAVA),0,-,-,2025-04-04 14:24:51,04/04/2025 14:24,04/04/2025 16:28,-,0.09 dias,-,-,-,-
1618886,Enviado para o RM (Integração),1,carlos@zapform.com.br,-,2025-04-04 16:28:29,04/04/2025 16:28,04/04/2025 16:29,-,0.0 dias,-,-,-,-
1618886,Contrato Ativo,2,carlos@zapform.com.br,-,2025-04-04 16:29:04,04/04/2025 16:29,12/05/2025 17:19,-,38.03 dias,-,-,-,-
1618886,Aguardando Verificação/Aprovação (NAVA),0,integracao-projetoisp,-,2025-05-12 17:19:24,12/05/2025 17:19,12/05/2025 17:20,-,0.0 dias,-,-,-,-
1618886,Enviado para o RM (Integração),1,integracao-projetoisp,-,2025-05-12 17:20:04,12/05/2025 17:20,12/05/2025 17:20,-,0.0 dias,-,-,-,-
1618886,Contrato Ativo,2,integracao-projetoisp,-,2025-05-12 17:20:31,12/05/2025 17:20,-,-,-,-,-,-,-
1618883,Aguardando Verificação/Aprovação (NAVA),0,-,-,2025-04-04 14:24:33,04/04/2025 14:24,04/04/2025 16:27,-,0.09 dias,-,-,-,-
1618883,Enviado para o RM (Integração),1,carlos@zapform.com.br,-,2025-04-04 16:27:45,04/04/2025 16:27,04/04/2025 16:28,-,0.0 dias,-,-,-,-
1618883,Contrato Ativo,2,carlos@zapform.com.br,-,2025-04-04 16:28:23,04/04/2025 16:28,26/05/2025 09:34,-,51.71 dias,-,-,-,-
1618883,Aguardando Verificação/Aprovação (NAVA),0,integracao-projetoisp,-,2025-05-26 09:34:48,26/05/2025 09:34,26/05/2025 09:34,-,0.0 dias,-,-,-,-
1618883,Contratos Encerrados,5,gabriels.santos@nava.com.br,-,2025-05-26 09:34:58,26/05/2025 09:34,-,-,-,-,-,-,-
1618880,Aguardando Verificação/Aprovação (NAVA),0,-,-,2025-04-04 14:24:15,04/04/2025 14:24,04/04/2025 16:27,-,0.09 dias,-,-,-,-
1618880,Enviado para o RM (Integração),1,carlos@zapform.com.br,-,2025-04-04 16:27:01,04/04/2025 16:27,04/04/2025 16:27,-,0.0 dias,-,-,-,-
1618880,Contrato Ativo,2,carlos@zapform.com.br,-,2025-04-04 16:27:54,04/04/2025 16:27,-,-,-,-,-,-,-
1618877,Aguardando Verificação/Aprovação (NAVA),0,-,-,2025-04-04 14:23:57,04/04/2025 14:23,04/04/2025 16:26,-,0.08 dias,-,-,-,-
1618877,Enviado para o RM (Integração),1,carlos@zapform.com.br,-,2025-04-04 16:26:17,04/04/2025 16:26,04/04/2025 16:26,-,0.0 dias,-,-,-,-
1618877,Contrato Ativo,2,carlos@zapform.com.br,-,2025-04-04 16:26:52,04/04/2025 16:26,-,-,-,-,-,-,-
1618874,Aguardando Verificação/Aprovação (NAVA),0,-,-,2025-04-04 14:23:39,04/04/2025 14:23,04/04/2025 16:25,-,0.08 dias,-,-,-,-
1618874,Enviado para o RM (Integração),1,carlos@zapform.com.br,-,2025-04-04 16:25:33,04/04/2025 16:25,04/04/2025 16:26,-,0.0 dias,-,-,-,-
1618874,Contrato Ativo,2,carlos@zapform.com.br,-,2025-04-04 16:26:10,04/04/2025 16:26,-,-,-,-,-,-,-
1618871,Aguardando Verificação/Aprovação (NAVA),0,-,-,2025-04-04 14:23:21,04/04/2025 14:23,04/04/2025 16:24,-,0.08 dias,-,-,-,-
1618871,Enviado para o RM (Integração),1,carlos@zapform.com.br,-,2025-04-04 16:24:49,04/04/2025 16:24,04/04/2025 16:25,-,0.0 dias,-,-,-,-
1618871,Contrato Ativo,2,carlos@zapform.com.br,-,2025-04-04 16:25:44,04/04/2025 16:25,-,-,-,-,-,-,-
1618868,Aguardando Verificação/Aprovação (NAVA),0,-,-,2025-04-04 14:23:03,04/04/2025 14:23,04/04/2025 16:24,-,0.08 dias,-,-,-,-
1618868,Enviado para o RM (Integração),1,carlos@zapform.com.br,-,2025-04-04 16:24:05,04/04/2025 16:24,04/04/2025 16:24,-,0.0 dias,-,-,-,-
1618868,Contrato Ativo,2,carlos@zapform.com.br,-,2025-04-04 16:24:45,04/04/2025 16:24,-,-,-,-,-,-,-
1618866,Aguardando Verificação/Aprovação (NAVA),0,-,-,2025-04-04 14:22:44,04/04/2025 14:22,04/04/2025 16:23,-,0.08 dias,-,-,-,-
1618866,Enviado para o RM (Integração),1,carlos@zapform.com.br,-,2025-04-04 16:23:21,04/04/2025 16:23,04/04/2025 16:24,-,0.0 dias,-,-,-,-
1618866,Contrato Ativo,2,carlos@zapform.com.br,-,2025-04-04 16:24:27,04/04/2025 16:24,-,-,-,-,-,-,-
1618861,Aguardando Verificação/Aprovação (NAVA),0,-,-,2025-04-04 14:22:26,04/04/2025 14:22,04/04/2025 16:22,-,0.08 dias,-,-,-,-
1618861,Enviado para o RM (Integração),1,carlos@zapform.com.br,-,2025-04-04 16:22:37,04/04/2025 16:22,04/04/2025 16:23,-,0.0 dias,-,-,-,-
1618861,Contrato Ativo,2,carlos@zapform.com.br,-,2025-04-04 16:23:20,04/04/2025 16:23,26/08/2025 17:46,-,144.06 dias,-,-,-,-
1618861,Aguardando Verificação/Aprovação (NAVA),0,integracao-projetoisp,-,2025-08-26 17:46:25,26/08/2025 17:46,26/08/2025 17:46,-,0.0 dias,-,-,-,-
1618861,Contratos Encerrados,5,celiene.pinho@nava.com.br,-,2025-08-26 17:46:50,26/08/2025 17:46,-,-,-,-,-,-,-
1618858,Aguardando Verificação/Aprovação (NAVA),0,-,-,2025-04-04 14:22:07,04/04/2025 14:22,04/04/2025 16:21,-,0.08 dias,-,-,-,-
1618858,Enviado para o RM (Integração),1,carlos@zapform.com.br,-,2025-04-04 16:21:53,04/04/2025 16:21,04/04/2025 16:22,-,0.0 dias,-,-,-,-
1618858,Contrato Ativo,2,carlos@zapform.com.br,-,2025-04-04 16:22:54,04/04/2025 16:22,-,-,-,-,-,-,-
1618853,Aguardando Verificação/Aprovação (NAVA),0,-,-,2025-04-04 14:21:49,04/04/2025 14:21,04/04/2025 16:21,-,0.08 dias,-,-,-,-
1618853,Enviado para o RM (Integração),1,carlos@zapform.com.br,-,2025-04-04 16:21:09,04/04/2025 16:21,04/04/2025 16:22,-,0.0 dias,-,-,-,-
1618853,Contrato Ativo,2,carlos@zapform.com.br,-,2025-04-04 16:22:10,04/04/2025 16:22,-,-,-,-,-,-,-
1618850,Aguardando Verificação/Aprovação (NAVA),0,-,-,2025-04-04 14:21:31,04/04/2025 14:21,04/04/2025 16:20,-,0.08 dias,-,-,-,-
1618850,Enviado para o RM (Integração),1,carlos@zapform.com.br,-,2025-04-04 16:20:24,04/04/2025 16:20,04/04/2025 16:21,-,0.0 dias,-,-,-,-
1618850,Contrato Ativo,2,carlos@zapform.com.br,-,2025-04-04 16:21:04,04/04/2025 16:21,15/05/2025 15:57,-,40.98 dias,-,-,-,-
1618850,Aguardando Verificação/Aprovação (NAVA),0,integracao-projetoisp,-,2025-05-15 15:57:39,15/05/2025 15:57,09/06/2025 11:44,-,24.82 dias,-,-,-,-
1618850,Contratos Encerrados,5,celiene.pinho@nava.com.br,-,2025-06-09 11:44:15,09/06/2025 11:44,-,-,-,-,-,-,-
1618846,Aguardando Verificação/Aprovação (NAVA),0,-,-,2025-04-04 14:21:13,04/04/2025 14:21,04/04/2025 16:19,-,0.08 dias,-,-,-,-
1618846,Enviado para o RM (Integração),1,carlos@zapform.com.br,-,2025-04-04 16:19:40,04/04/2025 16:19,04/04/2025 16:20,-,0.0 dias,-,-,-,-
1618846,Contrato Ativo,2,carlos@zapform.com.br,-,2025-04-04 16:20:32,04/04/2025 16:20,28/05/2025 15:46,-,53.98 dias,-,-,-,-
1618846,Contratos Encerrados,5,anny.araujo@nava.com.br,-,2025-05-28 15:46:54,28/05/2025 15:46,-,-,-,-,-,-,-
1618844,Aguardando Verificação/Aprovação (NAVA),0,-,-,2025-04-04 14:20:54,04/04/2025 14:20,04/04/2025 16:18,-,0.08 dias,-,-,-,-
1618844,Enviado para o RM (Integração),1,carlos@zapform.com.br,-,2025-04-04 16:18:57,04/04/2025 16:18,04/04/2025 16:19,-,0.0 dias,-,-,-,-
1618844,Contrato Ativo,2,carlos@zapform.com.br,-,2025-04-04 16:19:49,04/04/2025 16:19,-,-,-,-,-,-,-
1618841,Aguardando Verificação/Aprovação (NAVA),0,-,-,2025-04-04 14:20:34,04/04/2025 14:20,04/04/2025 16:18,-,0.08 dias,-,-,-,-
1618841,Enviado para o RM (Integração),1,carlos@zapform.com.br,-,2025-04-04 16:18:12,04/04/2025 16:18,04/04/2025 16:18,-,0.0 dias,-,-,-,-
1618841,Contrato Ativo,2,carlos@zapform.com.br,-,2025-04-04 16:18:56,04/04/2025 16:18,21/08/2025 08:29,-,138.67 dias,-,-,-,-
1618841,Aguardando Verificação/Aprovação (NAVA),0,integracao-projetoisp,-,2025-08-21 08:29:45,21/08/2025 08:29,21/08/2025 08:29,-,0.0 dias,-,-,-,-
1618841,Contratos Encerrados,5,gabriels.santos@nava.com.br,-,2025-08-21 08:29:53,21/08/2025 08:29,-,-,-,-,-,-,-
1618838,Aguardando Verificação/Aprovação (NAVA),0,-,-,2025-04-04 14:20:16,04/04/2025 14:20,04/04/2025 16:17,-,0.08 dias,-,-,-,-
1618838,Enviado para o RM (Integração),1,carlos@zapform.com.br,-,2025-04-04 16:17:28,04/04/2025 16:17,04/04/2025 16:18,-,0.0 dias,-,-,-,-
1618838,Contrato Ativo,2,carlos@zapform.com.br,-,2025-04-04 16:18:06,04/04/2025 16:18,29/05/2025 12:25,-,54.84 dias,-,-,-,-
1618838,Aguardando Verificação/Aprovação (NAVA),0,integracao-projetoisp,-,2025-05-29 12:25:26,29/05/2025 12:25,29/05/2025 12:26,-,0.0 dias,-,-,-,-
1618838,Enviado para o RM (Integração),1,integracao-projetoisp,-,2025-05-29 12:26:41,29/05/2025 12:26,29/05/2025 12:27,-,0.0 dias,-,-,-,-
1618838,Contrato Ativo,2,integracao-projetoisp,-,2025-05-29 12:27:07,29/05/2025 12:27,-,-,-,-,-,-,-
1618835,Aguardando Verificação/Aprovação (NAVA),0,-,-,2025-04-04 14:19:57,04/04/2025 14:19,07/04/2025 11:04,-,2.86 dias,-,-,-,-
1618835,Enviado para o RM (Integração),1,carlos@zapform.com.br,-,2025-04-07 11:04:23,07/04/2025 11:04,07/04/2025 11:05,-,0.0 dias,-,-,-,-
1618835,Contrato Ativo,2,carlos@zapform.com.br,-,2025-04-07 11:05:20,07/04/2025 11:05,-,-,-,-,-,-,-
1618832,Aguardando Verificação/Aprovação (NAVA),0,-,-,2025-04-04 14:19:34,04/04/2025 14:19,04/04/2025 16:16,-,0.08 dias,-,-,-,-
1618832,Enviado para o RM (Integração),1,carlos@zapform.com.br,-,2025-04-04 16:16:00,04/04/2025 16:16,04/04/2025 16:16,-,0.0 dias,-,-,-,-
1618832,Contrato Ativo,2,carlos@zapform.com.br,-,2025-04-04 16:16:39,04/04/2025 16:16,-,-,-,-,-,-,-
1618830,Aguardando Verificação/Aprovação (NAVA),0,-,-,2025-04-04 14:19:15,04/04/2025 14:19,04/04/2025 16:15,-,0.08 dias,-,-,-,-
1618830,Enviado para o RM (Integração),1,carlos@zapform.com.br,-,2025-04-04 16:15:16,04/04/2025 16:15,04/04/2025 16:15,-,0.0 dias,-,-,-,-
1618830,Contrato Ativo,2,carlos@zapform.com.br,-,2025-04-04 16:15:54,04/04/2025 16:15,16/09/2025 12:47,-,164.86 dias,-,-,-,-
1618830,Cancelado,X,thais.roberta@nava.com.br,-,2025-09-16 12:47:32,16/09/2025 12:47,-,-,-,-,-,-,-
1618828,Aguardando Verificação/Aprovação (NAVA),0,-,-,2025-04-04 14:18:54,04/04/2025 14:18,04/04/2025 16:14,-,0.08 dias,-,-,-,-
1618828,Enviado para o RM (Integração),1,carlos@zapform.com.br,-,2025-04-04 16:14:34,04/04/2025 16:14,04/04/2025 16:15,-,0.0 dias,-,-,-,-
1618828,Contrato Ativo,2,carlos@zapform.com.br,-,2025-04-04 16:15:12,04/04/2025 16:15,05/06/2025 10:51,-,61.78 dias,-,-,-,-
1618828,Aguardando Verificação/Aprovação (NAVA),0,integracao-projetoisp,-,2025-06-05 10:51:53,05/06/2025 10:51,06/06/2025 13:01,-,1.09 dias,-,-,-,-
1618828,Enviado para o RM (Integração),1,integracao-projetoisp,-,2025-06-06 13:01:33,06/06/2025 13:01,06/06/2025 13:02,-,0.0 dias,-,-,-,-
1618828,Contrato Ativo,2,integracao-projetoisp,-,2025-06-06 13:02:28,06/06/2025 13:02,-,-,-,-,-,-,-
1618824,Aguardando Verificação/Aprovação (NAVA),0,-,-,2025-04-04 14:18:35,04/04/2025 14:18,04/04/2025 16:13,-,0.08 dias,-,-,-,-
1618824,Enviado para o RM (Integração),1,carlos@zapform.com.br,-,2025-04-04 16:13:48,04/04/2025 16:13,04/04/2025 16:14,-,0.0 dias,-,-,-,-
1618824,Contrato Ativo,2,carlos@zapform.com.br,-,2025-04-04 16:14:33,04/04/2025 16:14,04/06/2025 10:13,-,60.75 dias,-,-,-,-
1618824,Aguardando Verificação/Aprovação (NAVA),0,integracao-projetoisp,-,2025-06-04 10:13:10,04/06/2025 10:13,04/06/2025 10:15,-,0.0 dias,-,-,-,-
1618824,Enviado para o RM (Integração),1,integracao-projetoisp,-,2025-06-04 10:15:58,04/06/2025 10:15,04/06/2025 10:16,-,0.0 dias,-,-,-,-
1618824,Contrato Ativo,2,integracao-projetoisp,-,2025-06-04 10:16:27,04/06/2025 10:16,-,-,-,-,-,-,-
1618821,Aguardando Verificação/Aprovação (NAVA),0,-,-,2025-04-04 14:18:18,04/04/2025 14:18,04/04/2025 16:13,-,0.08 dias,-,-,-,-
1618821,Enviado para o RM (Integração),1,carlos@zapform.com.br,-,2025-04-04 16:13:04,04/04/2025 16:13,04/04/2025 16:13,-,0.0 dias,-,-,-,-
1618821,Contrato Ativo,2,carlos@zapform.com.br,-,2025-04-04 16:13:52,04/04/2025 16:13,-,-,-,-,-,-,-
1618819,Aguardando Verificação/Aprovação (NAVA),0,-,-,2025-04-04 14:17:59,04/04/2025 14:17,04/04/2025 16:12,-,0.08 dias,-,-,-,-
1618819,Enviado para o RM (Integração),1,carlos@zapform.com.br,-,2025-04-04 16:12:20,04/04/2025 16:12,04/04/2025 16:12,-,0.0 dias,-,-,-,-
1618819,Contrato Ativo,2,carlos@zapform.com.br,-,2025-04-04 16:12:58,04/04/2025 16:12,12/06/2025 12:06,-,68.83 dias,-,-,-,-
1618819,Aguardando Verificação/Aprovação (NAVA),0,integracao-projetoisp,-,2025-06-12 12:06:06,12/06/2025 12:06,12/06/2025 12:06,-,0.0 dias,-,-,-,-
1618819,Contratos Encerrados,5,thais.roberta@nava.com.br,-,2025-06-12 12:06:24,12/06/2025 12:06,-,-,-,-,-,-,-
1618812,Aguardando Verificação/Aprovação (NAVA),0,-,-,2025-04-04 14:17:31,04/04/2025 14:17,04/04/2025 16:11,-,0.08 dias,-,-,-,-
1618812,Enviado para o RM (Integração),1,carlos@zapform.com.br,-,2025-04-04 16:11:36,04/04/2025 16:11,04/04/2025 16:12,-,0.0 dias,-,-,-,-
1618812,Contrato Ativo,2,carlos@zapform.com.br,-,2025-04-04 16:12:39,04/04/2025 16:12,26/06/2025 16:15,-,83.0 dias,-,-,-,-
1618812,Aguardando Verificação/Aprovação (NAVA),0,integracao-projetoisp,-,2025-06-26 16:15:34,26/06/2025 16:15,26/06/2025 16:17,-,0.0 dias,-,-,-,-
1618812,Contratos Encerrados,5,celiene.pinho@nava.com.br,-,2025-06-26 16:17:05,26/06/2025 16:17,-,-,-,-,-,-,-
1618809,Aguardando Verificação/Aprovação (NAVA),0,-,-,2025-04-04 14:17:13,04/04/2025 14:17,04/04/2025 16:10,-,0.08 dias,-,-,-,-
1618809,Enviado para o RM (Integração),1,carlos@zapform.com.br,-,2025-04-04 16:10:53,04/04/2025 16:10,04/04/2025 16:11,-,0.0 dias,-,-,-,-
1618809,Contrato Ativo,2,carlos@zapform.com.br,-,2025-04-04 16:11:34,04/04/2025 16:11,05/06/2025 10:52,-,61.78 dias,-,-,-,-
1618809,Aguardando Verificação/Aprovação (NAVA),0,integracao-projetoisp,-,2025-06-05 10:52:31,05/06/2025 10:52,06/06/2025 13:20,-,1.1 dias,-,-,-,-
1618809,Enviado para o RM (Integração),1,integracao-projetoisp,-,2025-06-06 13:20:21,06/06/2025 13:20,06/06/2025 13:20,-,0.0 dias,-,-,-,-
1618809,Contrato Ativo,2,integracao-projetoisp,-,2025-06-06 13:20:45,06/06/2025 13:20,-,-,-,-,-,-,-
1618807,Aguardando Verificação/Aprovação (NAVA),0,-,-,2025-04-04 14:16:54,04/04/2025 14:16,04/04/2025 16:10,-,0.08 dias,-,-,-,-
1618807,Enviado para o RM (Integração),1,carlos@zapform.com.br,-,2025-04-04 16:10:07,04/04/2025 16:10,04/04/2025 16:10,-,0.0 dias,-,-,-,-
1618807,Contrato Ativo,2,carlos@zapform.com.br,-,2025-04-04 16:10:52,04/04/2025 16:10,-,-,-,-,-,-,-
1618804,Aguardando Verificação/Aprovação (NAVA),0,-,-,2025-04-04 14:16:34,04/04/2025 14:16,04/04/2025 16:09,-,0.08 dias,-,-,-,-
1618804,Enviado para o RM (Integração),1,carlos@zapform.com.br,-,2025-04-04 16:09:24,04/04/2025 16:09,04/04/2025 16:10,-,0.0 dias,-,-,-,-
1618804,Contrato Ativo,2,carlos@zapform.com.br,-,2025-04-04 16:10:03,04/04/2025 16:10,04/06/2025 11:33,-,60.81 dias,-,-,-,-
1618804,Aguardando Verificação/Aprovação (NAVA),0,celiene.pinho@nava.com.br,-,2025-06-04 11:33:56,04/06/2025 11:33,04/06/2025 11:36,-,0.0 dias,-,-,-,-
1618804,Enviado para o RM (Integração),1,integracao-projetoisp,-,2025-06-04 11:36:51,04/06/2025 11:36,04/06/2025 11:37,-,0.0 dias,-,-,-,-
1618804,Contrato Ativo,2,integracao-projetoisp,-,2025-06-04 11:37:14,04/06/2025 11:37,-,-,-,-,-,-,-
1618802,Aguardando Verificação/Aprovação (NAVA),0,-,-,2025-04-04 14:16:13,04/04/2025 14:16,04/04/2025 16:08,-,0.08 dias,-,-,-,-
1618802,Enviado para o RM (Integração),1,carlos@zapform.com.br,-,2025-04-04 16:08:39,04/04/2025 16:08,04/04/2025 16:09,-,0.0 dias,-,-,-,-
1618802,Contrato Ativo,2,carlos@zapform.com.br,-,2025-04-04 16:09:18,04/04/2025 16:09,-,-,-,-,-,-,-
1617047,Aguardando Verificação/Aprovação (NAVA),0,-,-,2025-04-03 18:46:17,03/04/2025 18:46,03/04/2025 19:05,-,0.01 dias,-,-,-,-
1617047,Enviado para o RM (Integração),1,carlos@zapform.com.br,-,2025-04-03 19:05:15,03/04/2025 19:05,03/04/2025 19:06,-,0.0 dias,-,-,-,-
1617047,Contrato Ativo,2,carlos@zapform.com.br,-,2025-04-03 19:06:08,03/04/2025 19:06,-,-,-,-,-,-,-
1617045,Aguardando Verificação/Aprovação (NAVA),0,-,-,2025-04-03 18:45:59,03/04/2025 18:45,03/04/2025 19:04,-,0.01 dias,-,-,-,-
1617045,Enviado para o RM (Integração),1,carlos@zapform.com.br,-,2025-04-03 19:04:36,03/04/2025 19:04,03/04/2025 19:05,-,0.0 dias,-,-,-,-
1617045,Contrato Ativo,2,carlos@zapform.com.br,-,2025-04-03 19:05:09,03/04/2025 19:05,-,-,-,-,-,-,-
1617043,Aguardando Verificação/Aprovação (NAVA),0,-,-,2025-04-03 18:45:42,03/04/2025 18:45,03/04/2025 19:03,-,0.01 dias,-,-,-,-
1617043,Enviado para o RM (Integração),1,carlos@zapform.com.br,-,2025-04-03 19:03:57,03/04/2025 19:03,03/04/2025 19:04,-,0.0 dias,-,-,-,-
1617043,Contrato Ativo,2,carlos@zapform.com.br,-,2025-04-03 19:04:29,03/04/2025 19:04,30/07/2025 16:01,-,117.87 dias,-,-,-,-
1617043,Aguardando Verificação/Aprovação (NAVA),0,integracao-projetoisp,-,2025-07-30 16:01:23,30/07/2025 16:01,30/07/2025 16:03,-,0.0 dias,-,-,-,-
1617043,Contratos Encerrados,5,gabriels.santos@nava.com.br,-,2025-07-30 16:03:43,30/07/2025 16:03,-,-,-,-,-,-,-
1617041,Aguardando Verificação/Aprovação (NAVA),0,-,-,2025-04-03 18:45:25,03/04/2025 18:45,03/04/2025 19:03,-,0.01 dias,-,-,-,-
1617041,Enviado para o RM (Integração),1,carlos@zapform.com.br,-,2025-04-03 19:03:18,03/04/2025 19:03,03/04/2025 19:04,-,0.0 dias,-,-,-,-
1617041,Contrato Ativo,2,carlos@zapform.com.br,-,2025-04-03 19:04:12,03/04/2025 19:04,-,-,-,-,-,-,-
1617038,Aguardando Verificação/Aprovação (NAVA),0,-,-,2025-04-03 18:45:08,03/04/2025 18:45,03/04/2025 19:02,-,0.01 dias,-,-,-,-
1617038,Enviado para o RM (Integração),1,carlos@zapform.com.br,-,2025-04-03 19:02:39,03/04/2025 19:02,03/04/2025 19:03,-,0.0 dias,-,-,-,-
1617038,Contrato Ativo,2,carlos@zapform.com.br,-,2025-04-03 19:03:13,03/04/2025 19:03,10/06/2025 12:11,-,67.71 dias,-,-,-,-
1617038,Aguardando Verificação/Aprovação (NAVA),0,integracao-projetoisp,-,2025-06-10 12:11:00,10/06/2025 12:11,10/06/2025 12:17,-,0.0 dias,-,-,-,-
1617038,Enviado para o RM (Integração),1,integracao-projetoisp,-,2025-06-10 12:17:18,10/06/2025 12:17,10/06/2025 12:17,-,0.0 dias,-,-,-,-
1617038,Contrato Ativo,2,integracao-projetoisp,-,2025-06-10 12:17:43,10/06/2025 12:17,-,-,-,-,-,-,-
1617036,Aguardando Verificação/Aprovação (NAVA),0,-,-,2025-04-03 18:44:51,03/04/2025 18:44,03/04/2025 19:02,-,0.01 dias,-,-,-,-
1617036,Enviado para o RM (Integração),1,carlos@zapform.com.br,-,2025-04-03 19:02:00,03/04/2025 19:02,03/04/2025 19:02,-,0.0 dias,-,-,-,-
1617036,Contrato Ativo,2,carlos@zapform.com.br,-,2025-04-03 19:02:32,03/04/2025 19:02,-,-,-,-,-,-,-
1617033,Aguardando Verificação/Aprovação (NAVA),0,-,-,2025-04-03 18:44:33,03/04/2025 18:44,03/04/2025 19:01,-,0.01 dias,-,-,-,-
1617033,Enviado para o RM (Integração),1,carlos@zapform.com.br,-,2025-04-03 19:01:21,03/04/2025 19:01,03/04/2025 19:01,-,0.0 dias,-,-,-,-
1617033,Contrato Ativo,2,carlos@zapform.com.br,-,2025-04-03 19:01:54,03/04/2025 19:01,14/05/2025 11:48,-,40.7 dias,-,-,-,-
1617033,Aguardando Verificação/Aprovação (NAVA),0,integracao-projetoisp,-,2025-05-14 11:48:51,14/05/2025 11:48,14/05/2025 11:53,-,0.0 dias,-,-,-,-
1617033,Cancelado,X,juliana.santos@nava.com.br,-,2025-05-14 11:53:23,14/05/2025 11:53,-,-,-,-,-,-,-
1617031,Aguardando Verificação/Aprovação (NAVA),0,-,-,2025-04-03 18:44:16,03/04/2025 18:44,03/04/2025 19:00,-,0.01 dias,-,-,-,-
1617031,Enviado para o RM (Integração),1,carlos@zapform.com.br,-,2025-04-03 19:00:42,03/04/2025 19:00,03/04/2025 19:01,-,0.0 dias,-,-,-,-
1617031,Contrato Ativo,2,carlos@zapform.com.br,-,2025-04-03 19:01:17,03/04/2025 19:01,04/06/2025 13:45,-,61.78 dias,-,-,-,-
1617031,Aguardando Verificação/Aprovação (NAVA),0,integracao-projetoisp,-,2025-06-04 13:45:13,04/06/2025 13:45,04/06/2025 13:45,-,0.0 dias,-,-,-,-
1617031,Cancelado,X,celiene.pinho@nava.com.br,-,2025-06-04 13:45:45,04/06/2025 13:45,-,-,-,-,-,-,-
1617029,Aguardando Verificação/Aprovação (NAVA),0,-,-,2025-04-03 18:43:59,03/04/2025 18:43,03/04/2025 19:00,-,0.01 dias,-,-,-,-
1617029,Enviado para o RM (Integração),1,carlos@zapform.com.br,-,2025-04-03 19:00:03,03/04/2025 19:00,03/04/2025 19:00,-,0.0 dias,-,-,-,-
1617029,Contrato Ativo,2,carlos@zapform.com.br,-,2025-04-03 19:00:44,03/04/2025 19:00,-,-,-,-,-,-,-
1617027,Aguardando Verificação/Aprovação (NAVA),0,-,-,2025-04-03 18:43:37,03/04/2025 18:43,03/04/2025 18:59,-,0.01 dias,-,-,-,-
1617027,Enviado para o RM (Integração),1,carlos@zapform.com.br,-,2025-04-03 18:59:24,03/04/2025 18:59,03/04/2025 18:59,-,0.0 dias,-,-,-,-
1617027,Contrato Ativo,2,carlos@zapform.com.br,-,2025-04-03 18:59:55,03/04/2025 18:59,-,-,-,-,-,-,-
1617025,Aguardando Verificação/Aprovação (NAVA),0,-,-,2025-04-03 18:43:20,03/04/2025 18:43,03/04/2025 18:58,-,0.01 dias,-,-,-,-
1617025,Enviado para o RM (Integração),1,carlos@zapform.com.br,-,2025-04-03 18:58:45,03/04/2025 18:58,03/04/2025 18:59,-,0.0 dias,-,-,-,-
1617025,Contrato Ativo,2,carlos@zapform.com.br,-,2025-04-03 18:59:38,03/04/2025 18:59,-,-,-,-,-,-,-
1617023,Aguardando Verificação/Aprovação (NAVA),0,-,-,2025-04-03 18:43:02,03/04/2025 18:43,03/04/2025 18:58,-,0.01 dias,-,-,-,-
1617023,Enviado para o RM (Integração),1,carlos@zapform.com.br,-,2025-04-03 18:58:06,03/04/2025 18:58,03/04/2025 18:58,-,0.0 dias,-,-,-,-
1617019,Aguardando Verificação/Aprovação (NAVA),0,-,-,2025-04-03 18:42:43,03/04/2025 18:42,03/04/2025 18:57,-,0.01 dias,-,-,-,-
1617019,Enviado para o RM (Integração),1,carlos@zapform.com.br,-,2025-04-03 18:57:27,03/04/2025 18:57,03/04/2025 18:57,-,0.0 dias,-,-,-,-
1617017,Aguardando Verificação/Aprovação (NAVA),0,-,-,2025-04-03 18:42:24,03/04/2025 18:42,03/04/2025 18:56,-,0.01 dias,-,-,-,-
1617017,Enviado para o RM (Integração),1,carlos@zapform.com.br,-,2025-04-03 18:56:47,03/04/2025 18:56,03/04/2025 18:57,-,0.0 dias,-,-,-,-
1617017,Contrato Ativo,2,carlos@zapform.com.br,-,2025-04-03 18:57:21,03/04/2025 18:57,23/05/2025 11:42,-,49.7 dias,-,-,-,-
1617017,Aguardando Verificação/Aprovação (NAVA),0,integracao-projetoisp,-,2025-05-23 11:42:44,23/05/2025 11:42,06/06/2025 15:11,-,14.14 dias,-,-,-,-
1617017,Enviado para o RM (Integração),1,integracao-projetoisp,-,2025-06-06 15:11:26,06/06/2025 15:11,06/06/2025 15:11,-,0.0 dias,-,-,-,-
1617017,Contrato Ativo,2,integracao-projetoisp,-,2025-06-06 15:11:49,06/06/2025 15:11,-,-,-,-,-,-,-
1617015,Aguardando Verificação/Aprovação (NAVA),0,-,-,2025-04-03 18:42:07,03/04/2025 18:42,03/04/2025 18:56,-,0.01 dias,-,-,-,-
1617015,Enviado para o RM (Integração),1,carlos@zapform.com.br,-,2025-04-03 18:56:08,03/04/2025 18:56,03/04/2025 18:56,-,0.0 dias,-,-,-,-
1617015,Contrato Ativo,2,carlos@zapform.com.br,-,2025-04-03 18:56:38,03/04/2025 18:56,09/06/2025 16:10,-,66.88 dias,-,-,-,-
1617015,Aguardando Verificação/Aprovação (NAVA),0,integracao-projetoisp,-,2025-06-09 16:10:08,09/06/2025 16:10,09/06/2025 16:11,-,0.0 dias,-,-,-,-
1617015,Enviado para o RM (Integração),1,integracao-projetoisp,-,2025-06-09 16:11:22,09/06/2025 16:11,09/06/2025 16:11,-,0.0 dias,-,-,-,-
1617015,Contrato Ativo,2,integracao-projetoisp,-,2025-06-09 16:11:45,09/06/2025 16:11,16/09/2025 15:39,-,98.98 dias,-,-,-,-
1617015,Aguardando Verificação/Aprovação (NAVA),0,integracao-projetoisp,-,2025-09-16 15:39:10,16/09/2025 15:39,16/09/2025 15:39,-,0.0 dias,-,-,-,-
1617015,Contratos Encerrados,5,gabriels.santos@nava.com.br,-,2025-09-16 15:39:31,16/09/2025 15:39,-,-,-,-,-,-,-
1617013,Aguardando Verificação/Aprovação (NAVA),0,-,-,2025-04-03 18:41:49,03/04/2025 18:41,03/04/2025 18:55,-,0.01 dias,-,-,-,-
1617013,Enviado para o RM (Integração),1,carlos@zapform.com.br,-,2025-04-03 18:55:29,03/04/2025 18:55,03/04/2025 18:56,-,0.0 dias,-,-,-,-
1617013,Contrato Ativo,2,carlos@zapform.com.br,-,2025-04-03 18:56:05,03/04/2025 18:56,-,-,-,-,-,-,-
1617010,Aguardando Verificação/Aprovação (NAVA),0,-,-,2025-04-03 18:41:32,03/04/2025 18:41,03/04/2025 18:54,-,0.01 dias,-,-,-,-
1617010,Enviado para o RM (Integração),1,carlos@zapform.com.br,-,2025-04-03 18:54:50,03/04/2025 18:54,03/04/2025 18:55,-,0.0 dias,-,-,-,-
1617010,Contrato Ativo,2,carlos@zapform.com.br,-,2025-04-03 18:55:31,03/04/2025 18:55,22/05/2025 14:32,-,48.82 dias,-,-,-,-
1617010,Aguardando Verificação/Aprovação (NAVA),0,integracao-projetoisp,-,2025-05-22 14:32:34,22/05/2025 14:32,22/05/2025 14:32,-,0.0 dias,-,-,-,-
1617010,Contratos Encerrados,5,gabriels.santos@nava.com.br,-,2025-05-22 14:32:45,22/05/2025 14:32,-,-,-,-,-,-,-
1617008,Aguardando Verificação/Aprovação (NAVA),0,-,-,2025-04-03 18:41:15,03/04/2025 18:41,03/04/2025 18:54,-,0.01 dias,-,-,-,-
1617008,Enviado para o RM (Integração),1,carlos@zapform.com.br,-,2025-04-03 18:54:12,03/04/2025 18:54,03/04/2025 18:55,-,0.0 dias,-,-,-,-
1617008,Contrato Ativo,2,carlos@zapform.com.br,-,2025-04-03 18:55:05,03/04/2025 18:55,04/08/2025 15:36,-,122.86 dias,-,-,-,-
1617008,Aguardando Verificação/Aprovação (NAVA),0,integracao-projetoisp,-,2025-08-04 15:36:53,04/08/2025 15:36,04/08/2025 15:51,-,0.01 dias,-,-,-,-
1617008,Contratos Encerrados,5,gabriels.santos@nava.com.br,-,2025-08-04 15:51:47,04/08/2025 15:51,-,-,-,-,-,-,-
1617006,Aguardando Verificação/Aprovação (NAVA),0,-,-,2025-04-03 18:40:58,03/04/2025 18:40,03/04/2025 18:53,-,0.01 dias,-,-,-,-
1617006,Enviado para o RM (Integração),1,carlos@zapform.com.br,-,2025-04-03 18:53:33,03/04/2025 18:53,03/04/2025 18:54,-,0.0 dias,-,-,-,-
1617006,Contrato Ativo,2,carlos@zapform.com.br,-,2025-04-03 18:54:12,03/04/2025 18:54,-,-,-,-,-,-,-
1616990,Aguardando Verificação/Aprovação (NAVA),0,-,-,2025-04-03 18:18:32,03/04/2025 18:18,03/04/2025 19:21,-,0.04 dias,-,-,-,-
1616990,Enviado para o RM (Integração),1,carlos@zapform.com.br,-,2025-04-03 19:21:48,03/04/2025 19:21,03/04/2025 19:22,-,0.0 dias,-,-,-,-
1616990,Contrato Ativo,2,carlos@zapform.com.br,-,2025-04-03 19:22:21,03/04/2025 19:22,-,-,-,-,-,-,-
1601521,Aguardando Verificação/Aprovação (NAVA),0,-,-,2025-03-31 22:59:17,31/03/2025 22:59,01/04/2025 05:36,-,0.28 dias,-,-,-,-
1601521,Enviado para o RM (Integração),1,carlos@zapform.com.br,-,2025-04-01 05:36:54,01/04/2025 05:36,01/04/2025 05:37,-,0.0 dias,-,-,-,-
1601521,Erro de Importação,E,carlos@zapform.com.br,-,2025-04-01 05:37:16,01/04/2025 05:37,01/04/2025 11:54,-,0.26 dias,-,-,-,-
1601521,Aguardando Verificação/Aprovação (NAVA),0,carlos@zapform.com.br,-,2025-04-01 11:54:22,01/04/2025 11:54,01/04/2025 15:08,-,0.13 dias,-,-,-,-
1601521,Enviado para o RM (Integração),1,carlos@zapform.com.br,-,2025-04-01 15:08:00,01/04/2025 15:08,01/04/2025 15:08,-,0.0 dias,-,-,-,-
1601521,Erro de Importação,E,carlos@zapform.com.br,-,2025-04-01 15:08:30,01/04/2025 15:08,01/04/2025 15:15,-,0.0 dias,-,-,-,-
1601521,Aguardando Verificação/Aprovação (NAVA),0,carlos@zapform.com.br,-,2025-04-01 15:15:10,01/04/2025 15:15,01/04/2025 15:15,-,0.0 dias,-,-,-,-
1601521,Enviado para o RM (Integração),1,carlos@zapform.com.br,-,2025-04-01 15:15:52,01/04/2025 15:15,01/04/2025 15:16,-,0.0 dias,-,-,-,-
1601521,Erro de Importação,E,carlos@zapform.com.br,-,2025-04-01 15:16:17,01/04/2025 15:16,01/04/2025 15:17,-,0.0 dias,-,-,-,-
1601521,Aguardando Verificação/Aprovação (NAVA),0,carlos@zapform.com.br,-,2025-04-01 15:17:33,01/04/2025 15:17,01/04/2025 15:17,-,0.0 dias,-,-,-,-
1601521,Enviado para o RM (Integração),1,carlos@zapform.com.br,-,2025-04-01 15:17:56,01/04/2025 15:17,01/04/2025 15:18,-,0.0 dias,-,-,-,-
1601521,Contrato Ativo,2,carlos@zapform.com.br,-,2025-04-01 15:18:56,01/04/2025 15:18,02/04/2025 16:45,-,1.06 dias,-,-,-,-
1601521,Aguardando Verificação/Aprovação (NAVA),0,carlos@zapform.com.br,-,2025-04-02 16:45:55,02/04/2025 16:45,03/04/2025 16:45,-,1.0 dias,-,-,-,-
1601521,Enviado para o RM (Integração),1,carlos@zapform.com.br,-,2025-04-03 16:45:50,03/04/2025 16:45,03/04/2025 16:46,-,0.0 dias,-,-,-,-
1601521,Contrato Ativo,2,carlos@zapform.com.br,-,2025-04-03 16:46:45,03/04/2025 16:46,-,-,-,-,-,-,-
1601520,Aguardando Verificação/Aprovação (NAVA),0,-,-,2025-03-31 22:58:56,31/03/2025 22:58,01/04/2025 05:36,-,0.28 dias,-,-,-,-
1601520,Enviado para o RM (Integração),1,carlos@zapform.com.br,-,2025-04-01 05:36:12,01/04/2025 05:36,01/04/2025 05:36,-,0.0 dias,-,-,-,-
1601520,Contrato Ativo,2,carlos@zapform.com.br,-,2025-04-01 05:36:42,01/04/2025 05:36,22/04/2025 14:41,-,21.38 dias,-,-,-,-
1601520,Contratos Encerrados,5,celiene.pinho@nava.com.br,-,2025-04-22 14:41:21,22/04/2025 14:41,30/04/2025 10:53,-,7.84 dias,-,-,-,-
1601520,Cancelado,X,thais.roberta@nava.com.br,-,2025-04-30 10:53:42,30/04/2025 10:53,-,-,-,-,-,-,-
1601519,Aguardando Verificação/Aprovação (NAVA),0,-,-,2025-03-31 22:58:30,31/03/2025 22:58,01/04/2025 05:35,-,0.28 dias,-,-,-,-
1601519,Enviado para o RM (Integração),1,carlos@zapform.com.br,-,2025-04-01 05:35:29,01/04/2025 05:35,01/04/2025 05:36,-,0.0 dias,-,-,-,-
1601519,Contrato Ativo,2,carlos@zapform.com.br,-,2025-04-01 05:36:01,01/04/2025 05:36,-,-,-,-,-,-,-
1601518,Aguardando Verificação/Aprovação (NAVA),0,-,-,2025-03-31 22:58:08,31/03/2025 22:58,01/04/2025 05:34,-,0.28 dias,-,-,-,-
1601518,Enviado para o RM (Integração),1,carlos@zapform.com.br,-,2025-04-01 05:34:46,01/04/2025 05:34,01/04/2025 05:35,-,0.0 dias,-,-,-,-
1601518,Contrato Ativo,2,carlos@zapform.com.br,-,2025-04-01 05:35:19,01/04/2025 05:35,20/05/2025 16:43,-,49.46 dias,-,-,-,-
1601518,Aguardando Verificação/Aprovação (NAVA),0,integracao-projetoisp,-,2025-05-20 16:43:46,20/05/2025 16:43,20/05/2025 17:00,-,0.01 dias,-,-,-,-
1601518,Enviado para o RM (Integração),1,integracao-projetoisp,-,2025-05-20 17:00:31,20/05/2025 17:00,20/05/2025 17:01,-,0.0 dias,-,-,-,-
1601518,Contrato Ativo,2,integracao-projetoisp,-,2025-05-20 17:01:13,20/05/2025 17:01,-,-,-,-,-,-,-
1601517,Aguardando Verificação/Aprovação (NAVA),0,-,-,2025-03-31 22:57:40,31/03/2025 22:57,01/04/2025 05:34,-,0.28 dias,-,-,-,-
1601517,Enviado para o RM (Integração),1,carlos@zapform.com.br,-,2025-04-01 05:34:03,01/04/2025 05:34,01/04/2025 05:34,-,0.0 dias,-,-,-,-
1601517,Contrato Ativo,2,carlos@zapform.com.br,-,2025-04-01 05:34:36,01/04/2025 05:34,-,-,-,-,-,-,-
1601516,Aguardando Verificação/Aprovação (NAVA),0,-,-,2025-03-31 22:57:20,31/03/2025 22:57,01/04/2025 05:33,-,0.28 dias,-,-,-,-
1601516,Enviado para o RM (Integração),1,carlos@zapform.com.br,-,2025-04-01 05:33:20,01/04/2025 05:33,01/04/2025 05:33,-,0.0 dias,-,-,-,-
1601516,Erro de Importação,E,carlos@zapform.com.br,-,2025-04-01 05:33:43,01/04/2025 05:33,01/04/2025 11:54,-,0.26 dias,-,-,-,-
1601516,Aguardando Verificação/Aprovação (NAVA),0,carlos@zapform.com.br,-,2025-04-01 11:54:22,01/04/2025 11:54,01/04/2025 15:31,-,0.15 dias,-,-,-,-
1601516,Enviado para o RM (Integração),1,carlos@zapform.com.br,-,2025-04-01 15:31:15,01/04/2025 15:31,01/04/2025 15:32,-,0.0 dias,-,-,-,-
1601516,Contrato Ativo,2,carlos@zapform.com.br,-,2025-04-01 15:32:07,01/04/2025 15:32,02/04/2025 16:45,-,1.05 dias,-,-,-,-
1601516,Aguardando Verificação/Aprovação (NAVA),0,carlos@zapform.com.br,-,2025-04-02 16:45:55,02/04/2025 16:45,03/04/2025 16:45,-,1.0 dias,-,-,-,-
1601516,Enviado para o RM (Integração),1,carlos@zapform.com.br,-,2025-04-03 16:45:10,03/04/2025 16:45,03/04/2025 16:46,-,0.0 dias,-,-,-,-
1601516,Contrato Ativo,2,carlos@zapform.com.br,-,2025-04-03 16:46:07,03/04/2025 16:46,-,-,-,-,-,-,-
1601515,Aguardando Verificação/Aprovação (NAVA),0,-,-,2025-03-31 22:56:57,31/03/2025 22:56,01/04/2025 05:32,-,0.27 dias,-,-,-,-
1601515,Enviado para o RM (Integração),1,carlos@zapform.com.br,-,2025-04-01 05:32:38,01/04/2025 05:32,01/04/2025 05:33,-,0.0 dias,-,-,-,-
1601515,Contrato Ativo,2,carlos@zapform.com.br,-,2025-04-01 05:33:12,01/04/2025 05:33,-,-,-,-,-,-,-
1601514,Aguardando Verificação/Aprovação (NAVA),0,-,-,2025-03-31 22:56:35,31/03/2025 22:56,01/04/2025 05:31,-,0.27 dias,-,-,-,-
1601514,Enviado para o RM (Integração),1,carlos@zapform.com.br,-,2025-04-01 05:31:55,01/04/2025 05:31,01/04/2025 05:32,-,0.0 dias,-,-,-,-
1601514,Contrato Ativo,2,carlos@zapform.com.br,-,2025-04-01 05:32:43,01/04/2025 05:32,-,-,-,-,-,-,-
1601513,Aguardando Verificação/Aprovação (NAVA),0,-,-,2025-03-31 22:56:15,31/03/2025 22:56,01/04/2025 05:31,-,0.27 dias,-,-,-,-
1601513,Enviado para o RM (Integração),1,carlos@zapform.com.br,-,2025-04-01 05:31:12,01/04/2025 05:31,01/04/2025 05:31,-,0.0 dias,-,-,-,-
1601513,Contrato Ativo,2,carlos@zapform.com.br,-,2025-04-01 05:31:45,01/04/2025 05:31,-,-,-,-,-,-,-
1601512,Aguardando Verificação/Aprovação (NAVA),0,-,-,2025-03-31 22:55:50,31/03/2025 22:55,01/04/2025 05:30,-,0.27 dias,-,-,-,-
1601512,Enviado para o RM (Integração),1,carlos@zapform.com.br,-,2025-04-01 05:30:29,01/04/2025 05:30,01/04/2025 05:30,-,0.0 dias,-,-,-,-
1601512,Erro de Importação,E,carlos@zapform.com.br,-,2025-04-01 05:30:47,01/04/2025 05:30,01/04/2025 11:54,-,0.27 dias,-,-,-,-
1601512,Aguardando Verificação/Aprovação (NAVA),0,carlos@zapform.com.br,-,2025-04-01 11:54:22,01/04/2025 11:54,01/04/2025 18:33,-,0.28 dias,-,-,-,-
1601512,Enviado para o RM (Integração),1,carlos@zapform.com.br,-,2025-04-01 18:33:41,01/04/2025 18:33,01/04/2025 18:34,-,0.0 dias,-,-,-,-
1601512,Contrato Ativo,2,carlos@zapform.com.br,-,2025-04-01 18:34:15,01/04/2025 18:34,02/04/2025 16:45,-,0.92 dias,-,-,-,-
1601512,Aguardando Verificação/Aprovação (NAVA),0,carlos@zapform.com.br,-,2025-04-02 16:45:55,02/04/2025 16:45,03/04/2025 16:44,-,1.0 dias,-,-,-,-
1601512,Enviado para o RM (Integração),1,carlos@zapform.com.br,-,2025-04-03 16:44:31,03/04/2025 16:44,03/04/2025 16:45,-,0.0 dias,-,-,-,-
1601512,Contrato Ativo,2,carlos@zapform.com.br,-,2025-04-03 16:45:04,03/04/2025 16:45,-,-,-,-,-,-,-
1601511,Aguardando Verificação/Aprovação (NAVA),0,-,-,2025-03-31 22:55:27,31/03/2025 22:55,01/04/2025 05:29,-,0.27 dias,-,-,-,-
1601511,Enviado para o RM (Integração),1,carlos@zapform.com.br,-,2025-04-01 05:29:46,01/04/2025 05:29,01/04/2025 05:30,-,0.0 dias,-,-,-,-
1601511,Contrato Ativo,2,carlos@zapform.com.br,-,2025-04-01 05:30:47,01/04/2025 05:30,-,-,-,-,-,-,-
1601510,Aguardando Verificação/Aprovação (NAVA),0,-,-,2025-03-31 22:55:07,31/03/2025 22:55,01/04/2025 05:29,-,0.27 dias,-,-,-,-
1601510,Enviado para o RM (Integração),1,carlos@zapform.com.br,-,2025-04-01 05:29:03,01/04/2025 05:29,01/04/2025 05:29,-,0.0 dias,-,-,-,-
1601510,Contrato Ativo,2,carlos@zapform.com.br,-,2025-04-01 05:29:35,01/04/2025 05:29,03/07/2025 11:35,-,93.25 dias,-,-,-,-
1601510,Aguardando Verificação/Aprovação (NAVA),0,integracao-projetoisp,-,2025-07-03 11:35:16,03/07/2025 11:35,03/07/2025 11:45,-,0.01 dias,-,-,-,-
1601510,Cancelado,X,thais.roberta@nava.com.br,-,2025-07-03 11:45:41,03/07/2025 11:45,-,-,-,-,-,-,-
1601509,Aguardando Verificação/Aprovação (NAVA),0,-,-,2025-03-31 22:54:42,31/03/2025 22:54,01/04/2025 05:28,-,0.27 dias,-,-,-,-
1601509,Enviado para o RM (Integração),1,carlos@zapform.com.br,-,2025-04-01 05:28:20,01/04/2025 05:28,01/04/2025 05:29,-,0.0 dias,-,-,-,-
1601509,Contrato Ativo,2,carlos@zapform.com.br,-,2025-04-01 05:29:13,01/04/2025 05:29,-,-,-,-,-,-,-
1601508,Aguardando Verificação/Aprovação (NAVA),0,-,-,2025-03-31 22:54:21,31/03/2025 22:54,01/04/2025 05:27,-,0.27 dias,-,-,-,-
1601508,Enviado para o RM (Integração),1,carlos@zapform.com.br,-,2025-04-01 05:27:37,01/04/2025 05:27,01/04/2025 05:28,-,0.0 dias,-,-,-,-
1601508,Contrato Ativo,2,carlos@zapform.com.br,-,2025-04-01 05:28:10,01/04/2025 05:28,28/05/2025 12:54,-,57.31 dias,-,-,-,-
1601508,Aguardando Verificação/Aprovação (NAVA),0,integracao-projetoisp,-,2025-05-28 12:54:11,28/05/2025 12:54,28/05/2025 12:55,-,0.0 dias,-,-,-,-
1601508,Enviado para o RM (Integração),1,integracao-projetoisp,-,2025-05-28 12:55:17,28/05/2025 12:55,28/05/2025 12:55,-,0.0 dias,-,-,-,-
1601508,Contrato Ativo,2,integracao-projetoisp,-,2025-05-28 12:55:45,28/05/2025 12:55,-,-,-,-,-,-,-
1601507,Aguardando Verificação/Aprovação (NAVA),0,-,-,2025-03-31 22:54:01,31/03/2025 22:54,01/04/2025 05:26,-,0.27 dias,-,-,-,-
1601507,Enviado para o RM (Integração),1,carlos@zapform.com.br,-,2025-04-01 05:26:55,01/04/2025 05:26,01/04/2025 05:27,-,0.0 dias,-,-,-,-
1601507,Erro de Importação,E,carlos@zapform.com.br,-,2025-04-01 05:27:16,01/04/2025 05:27,01/04/2025 11:54,-,0.27 dias,-,-,-,-
1601507,Aguardando Verificação/Aprovação (NAVA),0,carlos@zapform.com.br,-,2025-04-01 11:54:22,01/04/2025 11:54,01/04/2025 18:32,-,0.28 dias,-,-,-,-
1601507,Enviado para o RM (Integração),1,carlos@zapform.com.br,-,2025-04-01 18:32:45,01/04/2025 18:32,01/04/2025 18:33,-,0.0 dias,-,-,-,-
1601507,Contrato Ativo,2,carlos@zapform.com.br,-,2025-04-01 18:33:40,01/04/2025 18:33,02/04/2025 16:45,-,0.93 dias,-,-,-,-
1601507,Aguardando Verificação/Aprovação (NAVA),0,carlos@zapform.com.br,-,2025-04-02 16:45:55,02/04/2025 16:45,03/04/2025 16:43,-,1.0 dias,-,-,-,-
1601507,Enviado para o RM (Integração),1,carlos@zapform.com.br,-,2025-04-03 16:43:52,03/04/2025 16:43,03/04/2025 16:44,-,0.0 dias,-,-,-,-
1601507,Contrato Ativo,2,carlos@zapform.com.br,-,2025-04-03 16:44:40,03/04/2025 16:44,-,-,-,-,-,-,-
1601506,Aguardando Verificação/Aprovação (NAVA),0,-,-,2025-03-31 22:53:37,31/03/2025 22:53,01/04/2025 05:26,-,0.27 dias,-,-,-,-
1601506,Enviado para o RM (Integração),1,carlos@zapform.com.br,-,2025-04-01 05:26:12,01/04/2025 05:26,01/04/2025 05:27,-,0.0 dias,-,-,-,-
1601506,Contrato Ativo,2,carlos@zapform.com.br,-,2025-04-01 05:27:05,01/04/2025 05:27,-,-,-,-,-,-,-
1601505,Aguardando Verificação/Aprovação (NAVA),0,-,-,2025-03-31 22:53:17,31/03/2025 22:53,01/04/2025 05:25,-,0.27 dias,-,-,-,-
1601505,Enviado para o RM (Integração),1,carlos@zapform.com.br,-,2025-04-01 05:25:29,01/04/2025 05:25,01/04/2025 05:26,-,0.0 dias,-,-,-,-
1601505,Contrato Ativo,2,carlos@zapform.com.br,-,2025-04-01 05:26:24,01/04/2025 05:26,-,-,-,-,-,-,-
1601504,Aguardando Verificação/Aprovação (NAVA),0,-,-,2025-03-31 22:52:52,31/03/2025 22:52,01/04/2025 05:24,-,0.27 dias,-,-,-,-
1601504,Enviado para o RM (Integração),1,carlos@zapform.com.br,-,2025-04-01 05:24:46,01/04/2025 05:24,01/04/2025 05:25,-,0.0 dias,-,-,-,-
1601504,Contrato Ativo,2,carlos@zapform.com.br,-,2025-04-01 05:25:22,01/04/2025 05:25,-,-,-,-,-,-,-
1601503,Aguardando Verificação/Aprovação (NAVA),0,-,-,2025-03-31 22:52:30,31/03/2025 22:52,01/04/2025 05:24,-,0.27 dias,-,-,-,-
1601503,Enviado para o RM (Integração),1,carlos@zapform.com.br,-,2025-04-01 05:24:03,01/04/2025 05:24,01/04/2025 05:24,-,0.0 dias,-,-,-,-
1601503,Contrato Ativo,2,carlos@zapform.com.br,-,2025-04-01 05:24:57,01/04/2025 05:24,-,-,-,-,-,-,-
1601502,Aguardando Verificação/Aprovação (NAVA),0,-,-,2025-03-31 22:52:11,31/03/2025 22:52,01/04/2025 05:23,-,0.27 dias,-,-,-,-
1601502,Enviado para o RM (Integração),1,carlos@zapform.com.br,-,2025-04-01 05:23:21,01/04/2025 05:23,01/04/2025 05:24,-,0.0 dias,-,-,-,-
1601502,Contrato Ativo,2,carlos@zapform.com.br,-,2025-04-01 05:24:10,01/04/2025 05:24,-,-,-,-,-,-,-
1601501,Aguardando Verificação/Aprovação (NAVA),0,-,-,2025-03-31 22:51:46,31/03/2025 22:51,01/04/2025 05:22,-,0.27 dias,-,-,-,-
1601501,Enviado para o RM (Integração),1,carlos@zapform.com.br,-,2025-04-01 05:22:38,01/04/2025 05:22,01/04/2025 05:23,-,0.0 dias,-,-,-,-
1601501,Erro de Importação,E,carlos@zapform.com.br,-,2025-04-01 05:23:00,01/04/2025 05:23,01/04/2025 11:54,-,0.27 dias,-,-,-,-
1601501,Aguardando Verificação/Aprovação (NAVA),0,carlos@zapform.com.br,-,2025-04-01 11:54:22,01/04/2025 11:54,01/04/2025 18:31,-,0.28 dias,-,-,-,-
1601501,Enviado para o RM (Integração),1,carlos@zapform.com.br,-,2025-04-01 18:31:48,01/04/2025 18:31,01/04/2025 18:32,-,0.0 dias,-,-,-,-
1601501,Contrato Ativo,2,carlos@zapform.com.br,-,2025-04-01 18:32:40,01/04/2025 18:32,02/04/2025 16:45,-,0.93 dias,-,-,-,-
1601501,Aguardando Verificação/Aprovação (NAVA),0,carlos@zapform.com.br,-,2025-04-02 16:45:55,02/04/2025 16:45,03/04/2025 16:43,-,1.0 dias,-,-,-,-
1601501,Enviado para o RM (Integração),1,carlos@zapform.com.br,-,2025-04-03 16:43:13,03/04/2025 16:43,03/04/2025 16:44,-,0.0 dias,-,-,-,-
1601501,Contrato Ativo,2,carlos@zapform.com.br,-,2025-04-03 16:44:04,03/04/2025 16:44,-,-,-,-,-,-,-
1601500,Aguardando Verificação/Aprovação (NAVA),0,-,-,2025-03-31 22:51:24,31/03/2025 22:51,01/04/2025 05:21,-,0.27 dias,-,-,-,-
1601500,Enviado para o RM (Integração),1,carlos@zapform.com.br,-,2025-04-01 05:21:55,01/04/2025 05:21,01/04/2025 05:22,-,0.0 dias,-,-,-,-
1601500,Contrato Ativo,2,carlos@zapform.com.br,-,2025-04-01 05:22:44,01/04/2025 05:22,-,-,-,-,-,-,-
1601499,Aguardando Verificação/Aprovação (NAVA),0,-,-,2025-03-31 22:51:01,31/03/2025 22:51,01/04/2025 05:21,-,0.27 dias,-,-,-,-
1601499,Enviado para o RM (Integração),1,carlos@zapform.com.br,-,2025-04-01 05:21:12,01/04/2025 05:21,01/04/2025 05:21,-,0.0 dias,-,-,-,-
1601499,Erro de Importação,E,carlos@zapform.com.br,-,2025-04-01 05:21:33,01/04/2025 05:21,01/04/2025 11:54,-,0.27 dias,-,-,-,-
1601499,Aguardando Verificação/Aprovação (NAVA),0,carlos@zapform.com.br,-,2025-04-01 11:54:21,01/04/2025 11:54,01/04/2025 18:31,-,0.28 dias,-,-,-,-
1601499,Enviado para o RM (Integração),1,carlos@zapform.com.br,-,2025-04-01 18:31:01,01/04/2025 18:31,01/04/2025 18:32,-,0.0 dias,-,-,-,-
1601499,Contrato Ativo,2,carlos@zapform.com.br,-,2025-04-01 18:32:01,01/04/2025 18:32,02/04/2025 16:45,-,0.93 dias,-,-,-,-
1601499,Aguardando Verificação/Aprovação (NAVA),0,carlos@zapform.com.br,-,2025-04-02 16:45:55,02/04/2025 16:45,03/04/2025 16:42,-,1.0 dias,-,-,-,-
1601499,Enviado para o RM (Integração),1,carlos@zapform.com.br,-,2025-04-03 16:42:34,03/04/2025 16:42,03/04/2025 16:43,-,0.0 dias,-,-,-,-
1601499,Contrato Ativo,2,carlos@zapform.com.br,-,2025-04-03 16:43:32,03/04/2025 16:43,05/06/2025 15:38,-,62.96 dias,-,-,-,-
1601499,Aguardando Verificação/Aprovação (NAVA),0,integracao-projetoisp,-,2025-06-05 15:38:57,05/06/2025 15:38,05/06/2025 16:18,-,0.03 dias,-,-,-,-
1601499,Cancelado,X,celiene.pinho@nava.com.br,-,2025-06-05 16:18:37,05/06/2025 16:18,-,-,-,-,-,-,-
1601498,Aguardando Verificação/Aprovação (NAVA),0,-,-,2025-03-31 22:50:40,31/03/2025 22:50,01/04/2025 05:20,-,0.27 dias,-,-,-,-
1601498,Enviado para o RM (Integração),1,carlos@zapform.com.br,-,2025-04-01 05:20:29,01/04/2025 05:20,01/04/2025 05:21,-,0.0 dias,-,-,-,-
1601498,Contrato Ativo,2,carlos@zapform.com.br,-,2025-04-01 05:21:09,01/04/2025 05:21,31/07/2025 11:45,-,121.27 dias,-,-,-,-
1601498,Aguardando Verificação/Aprovação (NAVA),0,integracao-projetoisp,-,2025-07-31 11:45:20,31/07/2025 11:45,31/07/2025 11:45,-,0.0 dias,-,-,-,-
1601498,Contratos Encerrados,5,gabriels.santos@nava.com.br,-,2025-07-31 11:45:38,31/07/2025 11:45,-,-,-,-,-,-,-
1601497,Aguardando Verificação/Aprovação (NAVA),0,-,-,2025-03-31 22:50:19,31/03/2025 22:50,01/04/2025 05:19,-,0.27 dias,-,-,-,-
1601497,Enviado para o RM (Integração),1,carlos@zapform.com.br,-,2025-04-01 05:19:46,01/04/2025 05:19,01/04/2025 05:20,-,0.0 dias,-,-,-,-
1601497,Contrato Ativo,2,carlos@zapform.com.br,-,2025-04-01 05:20:50,01/04/2025 05:20,-,-,-,-,-,-,-
1601496,Aguardando Verificação/Aprovação (NAVA),0,-,-,2025-03-31 22:49:54,31/03/2025 22:49,01/04/2025 05:19,-,0.27 dias,-,-,-,-
1601496,Enviado para o RM (Integração),1,carlos@zapform.com.br,-,2025-04-01 05:19:03,01/04/2025 05:19,01/04/2025 05:19,-,0.0 dias,-,-,-,-
1601496,Erro de Importação,E,carlos@zapform.com.br,-,2025-04-01 05:19:28,01/04/2025 05:19,01/04/2025 11:54,-,0.27 dias,-,-,-,-
1601496,Aguardando Verificação/Aprovação (NAVA),0,carlos@zapform.com.br,-,2025-04-01 11:54:21,01/04/2025 11:54,01/04/2025 18:30,-,0.27 dias,-,-,-,-
1601496,Enviado para o RM (Integração),1,carlos@zapform.com.br,-,2025-04-01 18:30:11,01/04/2025 18:30,01/04/2025 18:31,-,0.0 dias,-,-,-,-
1601496,Contrato Ativo,2,carlos@zapform.com.br,-,2025-04-01 18:31:08,01/04/2025 18:31,02/04/2025 16:45,-,0.93 dias,-,-,-,-
1601496,Aguardando Verificação/Aprovação (NAVA),0,carlos@zapform.com.br,-,2025-04-02 16:45:55,02/04/2025 16:45,03/04/2025 16:41,-,1.0 dias,-,-,-,-
1601496,Enviado para o RM (Integração),1,carlos@zapform.com.br,-,2025-04-03 16:41:55,03/04/2025 16:41,03/04/2025 16:42,-,0.0 dias,-,-,-,-
1601496,Contrato Ativo,2,carlos@zapform.com.br,-,2025-04-03 16:42:43,03/04/2025 16:42,-,-,-,-,-,-,-
1601495,Aguardando Verificação/Aprovação (NAVA),0,-,-,2025-03-31 22:49:35,31/03/2025 22:49,01/04/2025 05:18,-,0.27 dias,-,-,-,-
1601495,Enviado para o RM (Integração),1,carlos@zapform.com.br,-,2025-04-01 05:18:20,01/04/2025 05:18,01/04/2025 05:19,-,0.0 dias,-,-,-,-
1601495,Contrato Ativo,2,carlos@zapform.com.br,-,2025-04-01 05:19:14,01/04/2025 05:19,16/06/2025 10:15,-,76.21 dias,-,-,-,-
1601495,Aguardando Verificação/Aprovação (NAVA),0,integracao-projetoisp,-,2025-06-16 10:15:34,16/06/2025 10:15,16/06/2025 10:15,-,0.0 dias,-,-,-,-
1601495,Contratos Encerrados,5,kaike.fransisco@nava.com.br,-,2025-06-16 10:15:52,16/06/2025 10:15,-,-,-,-,-,-,-
1601494,Aguardando Verificação/Aprovação (NAVA),0,-,-,2025-03-31 22:49:14,31/03/2025 22:49,01/04/2025 05:17,-,0.27 dias,-,-,-,-
1601494,Enviado para o RM (Integração),1,carlos@zapform.com.br,-,2025-04-01 05:17:37,01/04/2025 05:17,01/04/2025 05:18,-,0.0 dias,-,-,-,-
1601494,Contrato Ativo,2,carlos@zapform.com.br,-,2025-04-01 05:18:34,01/04/2025 05:18,-,-,-,-,-,-,-
1601493,Aguardando Verificação/Aprovação (NAVA),0,-,-,2025-03-31 22:48:52,31/03/2025 22:48,01/04/2025 05:16,-,0.27 dias,-,-,-,-
1601493,Enviado para o RM (Integração),1,carlos@zapform.com.br,-,2025-04-01 05:16:54,01/04/2025 05:16,01/04/2025 05:17,-,0.0 dias,-,-,-,-
1601493,Contrato Ativo,2,carlos@zapform.com.br,-,2025-04-01 05:17:49,01/04/2025 05:17,-,-,-,-,-,-,-
1601492,Aguardando Verificação/Aprovação (NAVA),0,-,-,2025-03-31 22:48:31,31/03/2025 22:48,01/04/2025 05:16,-,0.27 dias,-,-,-,-
1601492,Enviado para o RM (Integração),1,carlos@zapform.com.br,-,2025-04-01 05:16:11,01/04/2025 05:16,01/04/2025 05:17,-,0.0 dias,-,-,-,-
1601492,Contrato Ativo,2,carlos@zapform.com.br,-,2025-04-01 05:17:02,01/04/2025 05:17,02/05/2025 13:32,-,31.34 dias,-,-,-,-
1601492,Aguardando Verificação/Aprovação (NAVA),0,integracao-projetoisp,-,2025-05-02 13:32:35,02/05/2025 13:32,02/05/2025 15:43,-,0.09 dias,-,-,-,-
1601492,Contratos Encerrados,5,celiene.pinho@nava.com.br,-,2025-05-02 15:43:42,02/05/2025 15:43,-,-,-,-,-,-,-
1601491,Aguardando Verificação/Aprovação (NAVA),0,-,-,2025-03-31 22:48:09,31/03/2025 22:48,01/04/2025 05:15,-,0.27 dias,-,-,-,-
1601491,Enviado para o RM (Integração),1,carlos@zapform.com.br,-,2025-04-01 05:15:28,01/04/2025 05:15,01/04/2025 05:16,-,0.0 dias,-,-,-,-
1601491,Contrato Ativo,2,carlos@zapform.com.br,-,2025-04-01 05:16:27,01/04/2025 05:16,-,-,-,-,-,-,-
1601490,Aguardando Verificação/Aprovação (NAVA),0,-,-,2025-03-31 22:47:53,31/03/2025 22:47,01/04/2025 05:14,-,0.27 dias,-,-,-,-
1601490,Enviado para o RM (Integração),1,carlos@zapform.com.br,-,2025-04-01 05:14:46,01/04/2025 05:14,01/04/2025 05:15,-,0.0 dias,-,-,-,-
1601490,Contrato Ativo,2,carlos@zapform.com.br,-,2025-04-01 05:15:43,01/04/2025 05:15,-,-,-,-,-,-,-
1601489,Aguardando Verificação/Aprovação (NAVA),0,-,-,2025-03-31 22:47:21,31/03/2025 22:47,01/04/2025 05:14,-,0.27 dias,-,-,-,-
1601489,Enviado para o RM (Integração),1,carlos@zapform.com.br,-,2025-04-01 05:14:03,01/04/2025 05:14,01/04/2025 05:14,-,0.0 dias,-,-,-,-
1601489,Contrato Ativo,2,carlos@zapform.com.br,-,2025-04-01 05:14:53,01/04/2025 05:14,-,-,-,-,-,-,-
1601488,Aguardando Verificação/Aprovação (NAVA),0,-,-,2025-03-31 22:47:00,31/03/2025 22:47,01/04/2025 05:13,-,0.27 dias,-,-,-,-
1601488,Enviado para o RM (Integração),1,carlos@zapform.com.br,-,2025-04-01 05:13:20,01/04/2025 05:13,01/04/2025 05:13,-,0.0 dias,-,-,-,-
1601488,Erro de Importação,E,carlos@zapform.com.br,-,2025-04-01 05:13:43,01/04/2025 05:13,01/04/2025 11:54,-,0.28 dias,-,-,-,-
1601488,Aguardando Verificação/Aprovação (NAVA),0,carlos@zapform.com.br,-,2025-04-01 11:54:22,01/04/2025 11:54,01/04/2025 18:29,-,0.27 dias,-,-,-,-
1601488,Enviado para o RM (Integração),1,carlos@zapform.com.br,-,2025-04-01 18:29:11,01/04/2025 18:29,01/04/2025 18:29,-,0.0 dias,-,-,-,-
1601488,Contrato Ativo,2,carlos@zapform.com.br,-,2025-04-01 18:29:58,01/04/2025 18:29,02/04/2025 16:45,-,0.93 dias,-,-,-,-
1601488,Aguardando Verificação/Aprovação (NAVA),0,carlos@zapform.com.br,-,2025-04-02 16:45:55,02/04/2025 16:45,03/04/2025 16:41,-,1.0 dias,-,-,-,-
1601488,Enviado para o RM (Integração),1,carlos@zapform.com.br,-,2025-04-03 16:41:16,03/04/2025 16:41,03/04/2025 16:42,-,0.0 dias,-,-,-,-
1601488,Contrato Ativo,2,carlos@zapform.com.br,-,2025-04-03 16:42:04,03/04/2025 16:42,-,-,-,-,-,-,-
1601487,Aguardando Verificação/Aprovação (NAVA),0,-,-,2025-03-31 22:46:38,31/03/2025 22:46,01/04/2025 05:12,-,0.27 dias,-,-,-,-
1601487,Enviado para o RM (Integração),1,carlos@zapform.com.br,-,2025-04-01 05:12:37,01/04/2025 05:12,01/04/2025 05:13,-,0.0 dias,-,-,-,-
1601487,Contrato Ativo,2,carlos@zapform.com.br,-,2025-04-01 05:13:24,01/04/2025 05:13,-,-,-,-,-,-,-
1601485,Aguardando Verificação/Aprovação (NAVA),0,-,-,2025-03-31 22:46:17,31/03/2025 22:46,01/04/2025 05:11,-,0.27 dias,-,-,-,-
1601485,Enviado para o RM (Integração),1,carlos@zapform.com.br,-,2025-04-01 05:11:54,01/04/2025 05:11,01/04/2025 05:12,-,0.0 dias,-,-,-,-
1601485,Erro de Importação,E,carlos@zapform.com.br,-,2025-04-01 05:12:17,01/04/2025 05:12,01/04/2025 11:54,-,0.28 dias,-,-,-,-
1601485,Aguardando Verificação/Aprovação (NAVA),0,carlos@zapform.com.br,-,2025-04-01 11:54:21,01/04/2025 11:54,01/04/2025 18:28,-,0.27 dias,-,-,-,-
1601485,Enviado para o RM (Integração),1,carlos@zapform.com.br,-,2025-04-01 18:28:24,01/04/2025 18:28,01/04/2025 18:29,-,0.0 dias,-,-,-,-
1601485,Contrato Ativo,2,carlos@zapform.com.br,-,2025-04-01 18:29:18,01/04/2025 18:29,02/04/2025 16:45,-,0.93 dias,-,-,-,-
1601485,Aguardando Verificação/Aprovação (NAVA),0,carlos@zapform.com.br,-,2025-04-02 16:45:55,02/04/2025 16:45,03/04/2025 16:40,-,1.0 dias,-,-,-,-
1601485,Enviado para o RM (Integração),1,carlos@zapform.com.br,-,2025-04-03 16:40:38,03/04/2025 16:40,03/04/2025 16:41,-,0.0 dias,-,-,-,-
1601485,Contrato Ativo,2,carlos@zapform.com.br,-,2025-04-03 16:41:26,03/04/2025 16:41,02/05/2025 11:50,-,28.8 dias,-,-,-,-
1601485,Aguardando Verificação/Aprovação (NAVA),0,integracao-projetoisp,-,2025-05-02 11:50:23,02/05/2025 11:50,02/05/2025 11:50,-,0.0 dias,-,-,-,-
1601485,Contratos Encerrados,5,celiene.pinho@nava.com.br,-,2025-05-02 11:50:39,02/05/2025 11:50,-,-,-,-,-,-,-
1601484,Aguardando Verificação/Aprovação (NAVA),0,-,-,2025-03-31 22:45:55,31/03/2025 22:45,01/04/2025 05:11,-,0.27 dias,-,-,-,-
1601484,Enviado para o RM (Integração),1,carlos@zapform.com.br,-,2025-04-01 05:11:12,01/04/2025 05:11,01/04/2025 05:11,-,0.0 dias,-,-,-,-
1601484,Contrato Ativo,2,carlos@zapform.com.br,-,2025-04-01 05:11:58,01/04/2025 05:11,-,-,-,-,-,-,-
1601482,Aguardando Verificação/Aprovação (NAVA),0,-,-,2025-03-31 22:45:34,31/03/2025 22:45,01/04/2025 05:10,-,0.27 dias,-,-,-,-
1601482,Enviado para o RM (Integração),1,carlos@zapform.com.br,-,2025-04-01 05:10:29,01/04/2025 05:10,01/04/2025 05:11,-,0.0 dias,-,-,-,-
1601482,Contrato Ativo,2,carlos@zapform.com.br,-,2025-04-01 05:11:44,01/04/2025 05:11,-,-,-,-,-,-,-
1601481,Aguardando Verificação/Aprovação (NAVA),0,-,-,2025-03-31 22:45:12,31/03/2025 22:45,01/04/2025 05:09,-,0.27 dias,-,-,-,-
1601481,Enviado para o RM (Integração),1,carlos@zapform.com.br,-,2025-04-01 05:09:46,01/04/2025 05:09,01/04/2025 05:10,-,0.0 dias,-,-,-,-
1601481,Erro de Importação,E,carlos@zapform.com.br,-,2025-04-01 05:10:09,01/04/2025 05:10,01/04/2025 11:54,-,0.28 dias,-,-,-,-
1601481,Aguardando Verificação/Aprovação (NAVA),0,carlos@zapform.com.br,-,2025-04-01 11:54:22,01/04/2025 11:54,01/04/2025 18:08,-,0.26 dias,-,-,-,-
1601481,Enviado para o RM (Integração),1,carlos@zapform.com.br,-,2025-04-01 18:08:34,01/04/2025 18:08,01/04/2025 18:08,-,0.0 dias,-,-,-,-
1601481,Erro de Importação,E,carlos@zapform.com.br,-,2025-04-01 18:08:55,01/04/2025 18:08,01/04/2025 18:15,-,0.0 dias,-,-,-,-
1601481,Aguardando Verificação/Aprovação (NAVA),0,carlos@zapform.com.br,-,2025-04-01 18:15:52,01/04/2025 18:15,01/04/2025 18:27,-,0.01 dias,-,-,-,-
1601481,Enviado para o RM (Integração),1,carlos@zapform.com.br,-,2025-04-01 18:27:34,01/04/2025 18:27,01/04/2025 18:28,-,0.0 dias,-,-,-,-
1601481,Contrato Ativo,2,carlos@zapform.com.br,-,2025-04-01 18:28:21,01/04/2025 18:28,02/04/2025 16:45,-,0.93 dias,-,-,-,-
1601481,Aguardando Verificação/Aprovação (NAVA),0,carlos@zapform.com.br,-,2025-04-02 16:45:55,02/04/2025 16:45,03/04/2025 16:39,-,1.0 dias,-,-,-,-
1601481,Enviado para o RM (Integração),1,carlos@zapform.com.br,-,2025-04-03 16:39:57,03/04/2025 16:39,03/04/2025 16:40,-,0.0 dias,-,-,-,-
1601481,Contrato Ativo,2,carlos@zapform.com.br,-,2025-04-03 16:40:45,03/04/2025 16:40,-,-,-,-,-,-,-
1601479,Aguardando Verificação/Aprovação (NAVA),0,-,-,2025-03-31 22:44:52,31/03/2025 22:44,01/04/2025 05:09,-,0.27 dias,-,-,-,-
1601479,Enviado para o RM (Integração),1,carlos@zapform.com.br,-,2025-04-01 05:09:03,01/04/2025 05:09,01/04/2025 05:09,-,0.0 dias,-,-,-,-
1601479,Contrato Ativo,2,carlos@zapform.com.br,-,2025-04-01 05:09:59,01/04/2025 05:09,-,-,-,-,-,-,-
1601477,Aguardando Verificação/Aprovação (NAVA),0,-,-,2025-03-31 22:44:34,31/03/2025 22:44,01/04/2025 05:08,-,0.27 dias,-,-,-,-
1601477,Enviado para o RM (Integração),1,carlos@zapform.com.br,-,2025-04-01 05:08:20,01/04/2025 05:08,01/04/2025 05:09,-,0.0 dias,-,-,-,-
1601477,Contrato Ativo,2,carlos@zapform.com.br,-,2025-04-01 05:09:18,01/04/2025 05:09,-,-,-,-,-,-,-
1601476,Aguardando Verificação/Aprovação (NAVA),0,-,-,2025-03-31 22:44:10,31/03/2025 22:44,01/04/2025 05:07,-,0.27 dias,-,-,-,-
1601476,Enviado para o RM (Integração),1,carlos@zapform.com.br,-,2025-04-01 05:07:37,01/04/2025 05:07,01/04/2025 05:07,-,0.0 dias,-,-,-,-
1601476,Erro de Importação,E,carlos@zapform.com.br,-,2025-04-01 05:07:58,01/04/2025 05:07,01/04/2025 11:54,-,0.28 dias,-,-,-,-
1601476,Aguardando Verificação/Aprovação (NAVA),0,carlos@zapform.com.br,-,2025-04-01 11:54:21,01/04/2025 11:54,01/04/2025 18:07,-,0.26 dias,-,-,-,-
1601476,Enviado para o RM (Integração),1,carlos@zapform.com.br,-,2025-04-01 18:07:40,01/04/2025 18:07,01/04/2025 18:25,-,0.01 dias,-,-,-,-
1601476,Contrato Ativo,2,carlos@zapform.com.br,-,2025-04-01 18:25:27,01/04/2025 18:25,02/04/2025 16:45,-,0.93 dias,-,-,-,-
1601476,Aguardando Verificação/Aprovação (NAVA),0,carlos@zapform.com.br,-,2025-04-02 16:45:55,02/04/2025 16:45,03/04/2025 16:39,-,1.0 dias,-,-,-,-
1601476,Enviado para o RM (Integração),1,carlos@zapform.com.br,-,2025-04-03 16:39:18,03/04/2025 16:39,03/04/2025 16:40,-,0.0 dias,-,-,-,-
1601476,Contrato Ativo,2,carlos@zapform.com.br,-,2025-04-03 16:40:08,03/04/2025 16:40,-,-,-,-,-,-,-
1601474,Aguardando Verificação/Aprovação (NAVA),0,-,-,2025-03-31 22:43:49,31/03/2025 22:43,01/04/2025 05:06,-,0.27 dias,-,-,-,-
1601474,Enviado para o RM (Integração),1,carlos@zapform.com.br,-,2025-04-01 05:06:54,01/04/2025 05:06,01/04/2025 05:07,-,0.0 dias,-,-,-,-
1601474,Contrato Ativo,2,carlos@zapform.com.br,-,2025-04-01 05:07:46,01/04/2025 05:07,-,-,-,-,-,-,-
1601472,Aguardando Verificação/Aprovação (NAVA),0,-,-,2025-03-31 22:43:28,31/03/2025 22:43,01/04/2025 05:06,-,0.27 dias,-,-,-,-
1601472,Enviado para o RM (Integração),1,carlos@zapform.com.br,-,2025-04-01 05:06:10,01/04/2025 05:06,01/04/2025 05:07,-,0.0 dias,-,-,-,-
1601472,Contrato Ativo,2,carlos@zapform.com.br,-,2025-04-01 05:07:11,01/04/2025 05:07,-,-,-,-,-,-,-
1601470,Aguardando Verificação/Aprovação (NAVA),0,-,-,2025-03-31 22:43:07,31/03/2025 22:43,01/04/2025 05:05,-,0.27 dias,-,-,-,-
1601470,Enviado para o RM (Integração),1,carlos@zapform.com.br,-,2025-04-01 05:05:28,01/04/2025 05:05,01/04/2025 05:06,-,0.0 dias,-,-,-,-
1601470,Contrato Ativo,2,carlos@zapform.com.br,-,2025-04-01 05:06:27,01/04/2025 05:06,14/04/2025 14:19,-,13.38 dias,-,-,-,-
1601470,Aguardando Verificação/Aprovação (NAVA),0,carlos@zapform.com.br,-,2025-04-14 14:19:15,14/04/2025 14:19,14/04/2025 14:24,-,0.0 dias,-,-,-,-
1601470,Enviado para o RM (Integração),1,carlos@zapform.com.br,-,2025-04-14 14:24:29,14/04/2025 14:24,14/04/2025 14:25,-,0.0 dias,-,-,-,-
1601470,Contrato Ativo,2,carlos@zapform.com.br,-,2025-04-14 14:25:38,14/04/2025 14:25,-,-,-,-,-,-,-
1601468,Aguardando Verificação/Aprovação (NAVA),0,-,-,2025-03-31 22:42:46,31/03/2025 22:42,01/04/2025 05:04,-,0.27 dias,-,-,-,-
1601468,Enviado para o RM (Integração),1,carlos@zapform.com.br,-,2025-04-01 05:04:45,01/04/2025 05:04,01/04/2025 05:05,-,0.0 dias,-,-,-,-
1601468,Contrato Ativo,2,carlos@zapform.com.br,-,2025-04-01 05:05:30,01/04/2025 05:05,-,-,-,-,-,-,-
1601466,Aguardando Verificação/Aprovação (NAVA),0,-,-,2025-03-31 22:42:26,31/03/2025 22:42,01/04/2025 05:04,-,0.27 dias,-,-,-,-
1601466,Enviado para o RM (Integração),1,carlos@zapform.com.br,-,2025-04-01 05:04:02,01/04/2025 05:04,01/04/2025 05:04,-,0.0 dias,-,-,-,-
1601466,Erro de Importação,E,carlos@zapform.com.br,-,2025-04-01 05:04:26,01/04/2025 05:04,01/04/2025 11:54,-,0.28 dias,-,-,-,-
1601466,Aguardando Verificação/Aprovação (NAVA),0,carlos@zapform.com.br,-,2025-04-01 11:54:21,01/04/2025 11:54,01/04/2025 18:06,-,0.26 dias,-,-,-,-
1601466,Enviado para o RM (Integração),1,carlos@zapform.com.br,-,2025-04-01 18:06:47,01/04/2025 18:06,01/04/2025 18:07,-,0.0 dias,-,-,-,-
1601466,Contrato Ativo,2,carlos@zapform.com.br,-,2025-04-01 18:07:37,01/04/2025 18:07,02/04/2025 16:45,-,0.94 dias,-,-,-,-
1601466,Aguardando Verificação/Aprovação (NAVA),0,carlos@zapform.com.br,-,2025-04-02 16:45:55,02/04/2025 16:45,03/04/2025 16:38,-,0.99 dias,-,-,-,-
1601466,Enviado para o RM (Integração),1,carlos@zapform.com.br,-,2025-04-03 16:38:39,03/04/2025 16:38,03/04/2025 16:39,-,0.0 dias,-,-,-,-
1601466,Contrato Ativo,2,carlos@zapform.com.br,-,2025-04-03 16:39:31,03/04/2025 16:39,-,-,-,-,-,-,-
1601464,Aguardando Verificação/Aprovação (NAVA),0,-,-,2025-03-31 22:42:05,31/03/2025 22:42,01/04/2025 05:03,-,0.26 dias,-,-,-,-
1601464,Enviado para o RM (Integração),1,carlos@zapform.com.br,-,2025-04-01 05:03:19,01/04/2025 05:03,01/04/2025 05:04,-,0.0 dias,-,-,-,-
1601464,Contrato Ativo,2,carlos@zapform.com.br,-,2025-04-01 05:04:15,01/04/2025 05:04,-,-,-,-,-,-,-
1601462,Aguardando Verificação/Aprovação (NAVA),0,-,-,2025-03-31 22:41:43,31/03/2025 22:41,01/04/2025 05:02,-,0.26 dias,-,-,-,-
1601462,Enviado para o RM (Integração),1,carlos@zapform.com.br,-,2025-04-01 05:02:36,01/04/2025 05:02,01/04/2025 05:03,-,0.0 dias,-,-,-,-
1601462,Erro de Importação,E,carlos@zapform.com.br,-,2025-04-01 05:03:02,01/04/2025 05:03,01/04/2025 11:54,-,0.29 dias,-,-,-,-
1601462,Aguardando Verificação/Aprovação (NAVA),0,carlos@zapform.com.br,-,2025-04-01 11:54:21,01/04/2025 11:54,01/04/2025 18:06,-,0.26 dias,-,-,-,-
1601462,Enviado para o RM (Integração),1,carlos@zapform.com.br,-,2025-04-01 18:06:03,01/04/2025 18:06,01/04/2025 18:06,-,0.0 dias,-,-,-,-
1601462,Contrato Ativo,2,carlos@zapform.com.br,-,2025-04-01 18:06:58,01/04/2025 18:06,02/04/2025 16:45,-,0.94 dias,-,-,-,-
1601462,Aguardando Verificação/Aprovação (NAVA),0,carlos@zapform.com.br,-,2025-04-02 16:45:55,02/04/2025 16:45,03/04/2025 16:37,-,0.99 dias,-,-,-,-
1601462,Enviado para o RM (Integração),1,carlos@zapform.com.br,-,2025-04-03 16:37:59,03/04/2025 16:37,03/04/2025 16:39,-,0.0 dias,-,-,-,-
1601462,Contrato Ativo,2,carlos@zapform.com.br,-,2025-04-03 16:39:01,03/04/2025 16:39,16/05/2025 09:52,-,42.72 dias,-,-,-,-
1601462,Aguardando Verificação/Aprovação (NAVA),0,integracao-projetoisp,-,2025-05-16 09:52:14,16/05/2025 09:52,20/05/2025 14:34,-,4.2 dias,-,-,-,-
1601462,Enviado para o RM (Integração),1,integracao-projetoisp,-,2025-05-20 14:34:04,20/05/2025 14:34,20/05/2025 14:34,-,0.0 dias,-,-,-,-
1601462,Contrato Ativo,2,integracao-projetoisp,-,2025-05-20 14:34:25,20/05/2025 14:34,06/06/2025 17:26,-,17.12 dias,-,-,-,-
1601462,Aguardando Verificação/Aprovação (NAVA),0,integracao-projetoisp,-,2025-06-06 17:26:34,06/06/2025 17:26,06/06/2025 17:28,-,0.0 dias,-,-,-,-
1601462,Enviado para o RM (Integração),1,integracao-projetoisp,-,2025-06-06 17:28:16,06/06/2025 17:28,06/06/2025 17:28,-,0.0 dias,-,-,-,-
1601462,Contrato Ativo,2,integracao-projetoisp,-,2025-06-06 17:28:43,06/06/2025 17:28,-,-,-,-,-,-,-
1601460,Aguardando Verificação/Aprovação (NAVA),0,-,-,2025-03-31 22:41:22,31/03/2025 22:41,01/04/2025 05:01,-,0.26 dias,-,-,-,-
1601460,Enviado para o RM (Integração),1,carlos@zapform.com.br,-,2025-04-01 05:01:54,01/04/2025 05:01,01/04/2025 05:02,-,0.0 dias,-,-,-,-
1601460,Erro de Importação,E,carlos@zapform.com.br,-,2025-04-01 05:02:15,01/04/2025 05:02,01/04/2025 11:54,-,0.29 dias,-,-,-,-
1601460,Aguardando Verificação/Aprovação (NAVA),0,carlos@zapform.com.br,-,2025-04-01 11:54:21,01/04/2025 11:54,01/04/2025 18:05,-,0.26 dias,-,-,-,-
1601460,Enviado para o RM (Integração),1,carlos@zapform.com.br,-,2025-04-01 18:05:16,01/04/2025 18:05,01/04/2025 18:06,-,0.0 dias,-,-,-,-
1601460,Contrato Ativo,2,carlos@zapform.com.br,-,2025-04-01 18:06:02,01/04/2025 18:06,02/04/2025 16:45,-,0.94 dias,-,-,-,-
1601460,Aguardando Verificação/Aprovação (NAVA),0,carlos@zapform.com.br,-,2025-04-02 16:45:55,02/04/2025 16:45,03/04/2025 16:37,-,0.99 dias,-,-,-,-
1601460,Enviado para o RM (Integração),1,carlos@zapform.com.br,-,2025-04-03 16:37:20,03/04/2025 16:37,03/04/2025 16:38,-,0.0 dias,-,-,-,-
1601460,Contrato Ativo,2,carlos@zapform.com.br,-,2025-04-03 16:38:07,03/04/2025 16:38,13/08/2025 11:23,-,131.78 dias,-,-,-,-
1601460,Aguardando Verificação/Aprovação (NAVA),0,integracao-projetoisp,-,2025-08-13 11:23:46,13/08/2025 11:23,-,-,-,-,-,-,-
1601458,Aguardando Verificação/Aprovação (NAVA),0,-,-,2025-03-31 22:41:01,31/03/2025 22:41,01/04/2025 05:01,-,0.26 dias,-,-,-,-
1601458,Enviado para o RM (Integração),1,carlos@zapform.com.br,-,2025-04-01 05:01:11,01/04/2025 05:01,01/04/2025 05:01,-,0.0 dias,-,-,-,-
1601458,Erro de Importação,E,carlos@zapform.com.br,-,2025-04-01 05:01:36,01/04/2025 05:01,01/04/2025 11:54,-,0.29 dias,-,-,-,-
1601458,Aguardando Verificação/Aprovação (NAVA),0,carlos@zapform.com.br,-,2025-04-01 11:54:22,01/04/2025 11:54,01/04/2025 18:04,-,0.26 dias,-,-,-,-
1601458,Enviado para o RM (Integração),1,carlos@zapform.com.br,-,2025-04-01 18:04:31,01/04/2025 18:04,01/04/2025 18:05,-,0.0 dias,-,-,-,-
1601458,Contrato Ativo,2,carlos@zapform.com.br,-,2025-04-01 18:05:23,01/04/2025 18:05,02/04/2025 16:45,-,0.94 dias,-,-,-,-
1601458,Aguardando Verificação/Aprovação (NAVA),0,carlos@zapform.com.br,-,2025-04-02 16:45:55,02/04/2025 16:45,03/04/2025 16:36,-,0.99 dias,-,-,-,-
1601458,Enviado para o RM (Integração),1,carlos@zapform.com.br,-,2025-04-03 16:36:41,03/04/2025 16:36,03/04/2025 16:37,-,0.0 dias,-,-,-,-
1601458,Contrato Ativo,2,carlos@zapform.com.br,-,2025-04-03 16:37:36,03/04/2025 16:37,-,-,-,-,-,-,-
1601456,Aguardando Verificação/Aprovação (NAVA),0,-,-,2025-03-31 22:40:40,31/03/2025 22:40,01/04/2025 05:00,-,0.26 dias,-,-,-,-
1601456,Enviado para o RM (Integração),1,carlos@zapform.com.br,-,2025-04-01 05:00:28,01/04/2025 05:00,01/04/2025 05:00,-,0.0 dias,-,-,-,-
1601456,Erro de Importação,E,carlos@zapform.com.br,-,2025-04-01 05:00:51,01/04/2025 05:00,01/04/2025 11:54,-,0.29 dias,-,-,-,-
1601456,Aguardando Verificação/Aprovação (NAVA),0,carlos@zapform.com.br,-,2025-04-01 11:54:22,01/04/2025 11:54,01/04/2025 18:03,-,0.26 dias,-,-,-,-
1601456,Enviado para o RM (Integração),1,carlos@zapform.com.br,-,2025-04-01 18:03:45,01/04/2025 18:03,01/04/2025 18:04,-,0.0 dias,-,-,-,-
1601456,Contrato Ativo,2,carlos@zapform.com.br,-,2025-04-01 18:04:29,01/04/2025 18:04,02/04/2025 16:45,-,0.95 dias,-,-,-,-
1601456,Aguardando Verificação/Aprovação (NAVA),0,carlos@zapform.com.br,-,2025-04-02 16:45:55,02/04/2025 16:45,03/04/2025 16:36,-,0.99 dias,-,-,-,-
1601456,Enviado para o RM (Integração),1,carlos@zapform.com.br,-,2025-04-03 16:36:02,03/04/2025 16:36,03/04/2025 16:36,-,0.0 dias,-,-,-,-
1601456,Contrato Ativo,2,carlos@zapform.com.br,-,2025-04-03 16:36:52,03/04/2025 16:36,-,-,-,-,-,-,-
1601454,Aguardando Verificação/Aprovação (NAVA),0,-,-,2025-03-31 22:40:19,31/03/2025 22:40,01/04/2025 04:59,-,0.26 dias,-,-,-,-
1601454,Enviado para o RM (Integração),1,carlos@zapform.com.br,-,2025-04-01 04:59:45,01/04/2025 04:59,01/04/2025 05:00,-,0.0 dias,-,-,-,-
1601454,Contrato Ativo,2,carlos@zapform.com.br,-,2025-04-01 05:00:46,01/04/2025 05:00,-,-,-,-,-,-,-
1601452,Aguardando Verificação/Aprovação (NAVA),0,-,-,2025-03-31 22:39:59,31/03/2025 22:39,01/04/2025 04:59,-,0.26 dias,-,-,-,-
1601452,Enviado para o RM (Integração),1,carlos@zapform.com.br,-,2025-04-01 04:59:03,01/04/2025 04:59,01/04/2025 04:59,-,0.0 dias,-,-,-,-
1601452,Contrato Ativo,2,carlos@zapform.com.br,-,2025-04-01 04:59:48,01/04/2025 04:59,-,-,-,-,-,-,-
1601450,Aguardando Verificação/Aprovação (NAVA),0,-,-,2025-03-31 22:39:37,31/03/2025 22:39,01/04/2025 04:58,-,0.26 dias,-,-,-,-
1601450,Enviado para o RM (Integração),1,carlos@zapform.com.br,-,2025-04-01 04:58:20,01/04/2025 04:58,01/04/2025 04:58,-,0.0 dias,-,-,-,-
1601450,Erro de Importação,E,carlos@zapform.com.br,-,2025-04-01 04:58:40,01/04/2025 04:58,01/04/2025 11:54,-,0.29 dias,-,-,-,-
1601450,Aguardando Verificação/Aprovação (NAVA),0,carlos@zapform.com.br,-,2025-04-01 11:54:22,01/04/2025 11:54,01/04/2025 18:02,-,0.26 dias,-,-,-,-
1601450,Enviado para o RM (Integração),1,carlos@zapform.com.br,-,2025-04-01 18:02:57,01/04/2025 18:02,01/04/2025 18:03,-,0.0 dias,-,-,-,-
1601450,Contrato Ativo,2,carlos@zapform.com.br,-,2025-04-01 18:03:41,01/04/2025 18:03,02/04/2025 16:45,-,0.95 dias,-,-,-,-
1601450,Aguardando Verificação/Aprovação (NAVA),0,carlos@zapform.com.br,-,2025-04-02 16:45:55,02/04/2025 16:45,03/04/2025 16:35,-,0.99 dias,-,-,-,-
1601450,Enviado para o RM (Integração),1,carlos@zapform.com.br,-,2025-04-03 16:35:23,03/04/2025 16:35,03/04/2025 16:36,-,0.0 dias,-,-,-,-
1601450,Contrato Ativo,2,carlos@zapform.com.br,-,2025-04-03 16:36:10,03/04/2025 16:36,06/05/2025 14:58,-,32.93 dias,-,-,-,-
1601450,Aguardando Verificação/Aprovação (NAVA),0,integracao-projetoisp,-,2025-05-06 14:58:00,06/05/2025 14:58,06/05/2025 14:58,-,0.0 dias,-,-,-,-
1601450,Aguardando Renovação (NAVA),4,thais.roberta@nava.com.br,-,2025-05-06 14:58:47,06/05/2025 14:58,06/05/2025 14:59,-,0.0 dias,-,-,-,-
1601450,Contratos Encerrados,5,thais.roberta@nava.com.br,-,2025-05-06 14:59:05,06/05/2025 14:59,12/05/2025 19:12,-,6.18 dias,-,-,-,-
1601450,Contrato Ativo,2,thais.roberta@nava.com.br,-,2025-05-12 19:12:34,12/05/2025 19:12,14/05/2025 15:01,-,1.83 dias,-,-,-,-
1601450,Aguardando Verificação/Aprovação (NAVA),0,integracao-projetoisp,-,2025-05-14 15:01:15,14/05/2025 15:01,02/07/2025 14:34,-,48.98 dias,-,-,-,-
1601450,Enviado para o RM (Integração),1,integracao-projetoisp,-,2025-07-02 14:34:26,02/07/2025 14:34,02/07/2025 14:34,-,0.0 dias,-,-,-,-
1601450,Contrato Ativo,2,integracao-projetoisp,-,2025-07-02 14:34:45,02/07/2025 14:34,-,-,-,-,-,-,-
1601448,Aguardando Verificação/Aprovação (NAVA),0,-,-,2025-03-31 22:39:17,31/03/2025 22:39,01/04/2025 04:57,-,0.26 dias,-,-,-,-
1601448,Enviado para o RM (Integração),1,carlos@zapform.com.br,-,2025-04-01 04:57:37,01/04/2025 04:57,01/04/2025 04:57,-,0.0 dias,-,-,-,-
1601448,Erro de Importação,E,carlos@zapform.com.br,-,2025-04-01 04:57:57,01/04/2025 04:57,01/04/2025 11:54,-,0.29 dias,-,-,-,-
1601448,Aguardando Verificação/Aprovação (NAVA),0,carlos@zapform.com.br,-,2025-04-01 11:54:22,01/04/2025 11:54,01/04/2025 18:02,-,0.26 dias,-,-,-,-
1601448,Enviado para o RM (Integração),1,carlos@zapform.com.br,-,2025-04-01 18:02:12,01/04/2025 18:02,01/04/2025 18:03,-,0.0 dias,-,-,-,-
1601448,Contrato Ativo,2,carlos@zapform.com.br,-,2025-04-01 18:03:00,01/04/2025 18:03,02/04/2025 16:45,-,0.95 dias,-,-,-,-
1601448,Aguardando Verificação/Aprovação (NAVA),0,carlos@zapform.com.br,-,2025-04-02 16:45:55,02/04/2025 16:45,03/04/2025 16:34,-,0.99 dias,-,-,-,-
1601448,Enviado para o RM (Integração),1,carlos@zapform.com.br,-,2025-04-03 16:34:44,03/04/2025 16:34,03/04/2025 16:35,-,0.0 dias,-,-,-,-
1601448,Contrato Ativo,2,carlos@zapform.com.br,-,2025-04-03 16:35:28,03/04/2025 16:35,-,-,-,-,-,-,-
1601446,Aguardando Verificação/Aprovação (NAVA),0,-,-,2025-03-31 22:38:56,31/03/2025 22:38,01/04/2025 04:56,-,0.26 dias,-,-,-,-
1601446,Enviado para o RM (Integração),1,carlos@zapform.com.br,-,2025-04-01 04:56:53,01/04/2025 04:56,01/04/2025 04:57,-,0.0 dias,-,-,-,-
1601446,Erro de Importação,E,carlos@zapform.com.br,-,2025-04-01 04:57:13,01/04/2025 04:57,01/04/2025 11:54,-,0.29 dias,-,-,-,-
1601446,Aguardando Verificação/Aprovação (NAVA),0,carlos@zapform.com.br,-,2025-04-01 11:54:21,01/04/2025 11:54,01/04/2025 18:01,-,0.25 dias,-,-,-,-
1601446,Enviado para o RM (Integração),1,carlos@zapform.com.br,-,2025-04-01 18:01:27,01/04/2025 18:01,01/04/2025 18:02,-,0.0 dias,-,-,-,-
1601446,Contrato Ativo,2,carlos@zapform.com.br,-,2025-04-01 18:02:11,01/04/2025 18:02,02/04/2025 16:45,-,0.95 dias,-,-,-,-
1601446,Aguardando Verificação/Aprovação (NAVA),0,carlos@zapform.com.br,-,2025-04-02 16:45:55,02/04/2025 16:45,03/04/2025 16:34,-,0.99 dias,-,-,-,-
1601446,Enviado para o RM (Integração),1,carlos@zapform.com.br,-,2025-04-03 16:34:04,03/04/2025 16:34,03/04/2025 16:34,-,0.0 dias,-,-,-,-
1601446,Contrato Ativo,2,carlos@zapform.com.br,-,2025-04-03 16:34:55,03/04/2025 16:34,-,-,-,-,-,-,-
1601444,Aguardando Verificação/Aprovação (NAVA),0,-,-,2025-03-31 22:38:35,31/03/2025 22:38,01/04/2025 04:56,-,0.26 dias,-,-,-,-
1601444,Enviado para o RM (Integração),1,carlos@zapform.com.br,-,2025-04-01 04:56:11,01/04/2025 04:56,01/04/2025 04:56,-,0.0 dias,-,-,-,-
1601444,Contrato Ativo,2,carlos@zapform.com.br,-,2025-04-01 04:56:41,01/04/2025 04:56,30/04/2025 10:47,-,29.24 dias,-,-,-,-
1601444,Contratos Encerrados,5,thais.roberta@nava.com.br,-,2025-04-30 10:47:57,30/04/2025 10:47,-,-,-,-,-,-,-
1601442,Aguardando Verificação/Aprovação (NAVA),0,-,-,2025-03-31 22:38:14,31/03/2025 22:38,01/04/2025 04:55,-,0.26 dias,-,-,-,-
1601442,Enviado para o RM (Integração),1,carlos@zapform.com.br,-,2025-04-01 04:55:28,01/04/2025 04:55,01/04/2025 04:55,-,0.0 dias,-,-,-,-
1601442,Erro de Importação,E,carlos@zapform.com.br,-,2025-04-01 04:55:47,01/04/2025 04:55,01/04/2025 11:54,-,0.29 dias,-,-,-,-
1601442,Aguardando Verificação/Aprovação (NAVA),0,carlos@zapform.com.br,-,2025-04-01 11:54:22,01/04/2025 11:54,01/04/2025 18:00,-,0.25 dias,-,-,-,-
1601442,Enviado para o RM (Integração),1,carlos@zapform.com.br,-,2025-04-01 18:00:40,01/04/2025 18:00,01/04/2025 18:01,-,0.0 dias,-,-,-,-
1601442,Contrato Ativo,2,carlos@zapform.com.br,-,2025-04-01 18:01:26,01/04/2025 18:01,02/04/2025 16:45,-,0.95 dias,-,-,-,-
1601442,Aguardando Verificação/Aprovação (NAVA),0,carlos@zapform.com.br,-,2025-04-02 16:45:55,02/04/2025 16:45,03/04/2025 16:33,-,0.99 dias,-,-,-,-
1601442,Enviado para o RM (Integração),1,carlos@zapform.com.br,-,2025-04-03 16:33:25,03/04/2025 16:33,03/04/2025 16:34,-,0.0 dias,-,-,-,-
1601442,Contrato Ativo,2,carlos@zapform.com.br,-,2025-04-03 16:34:15,03/04/2025 16:34,-,-,-,-,-,-,-
1601440,Aguardando Verificação/Aprovação (NAVA),0,-,-,2025-03-31 22:37:53,31/03/2025 22:37,01/04/2025 04:54,-,0.26 dias,-,-,-,-
1601440,Enviado para o RM (Integração),1,carlos@zapform.com.br,-,2025-04-01 04:54:45,01/04/2025 04:54,01/04/2025 04:55,-,0.0 dias,-,-,-,-
1601440,Contrato Ativo,2,carlos@zapform.com.br,-,2025-04-01 04:55:32,01/04/2025 04:55,-,-,-,-,-,-,-
1601438,Aguardando Verificação/Aprovação (NAVA),0,-,-,2025-03-31 22:37:32,31/03/2025 22:37,01/04/2025 04:54,-,0.26 dias,-,-,-,-
1601438,Enviado para o RM (Integração),1,carlos@zapform.com.br,-,2025-04-01 04:54:02,01/04/2025 04:54,01/04/2025 04:54,-,0.0 dias,-,-,-,-
1601438,Contrato Ativo,2,carlos@zapform.com.br,-,2025-04-01 04:54:48,01/04/2025 04:54,-,-,-,-,-,-,-
1601436,Aguardando Verificação/Aprovação (NAVA),0,-,-,2025-03-31 22:37:11,31/03/2025 22:37,01/04/2025 04:53,-,0.26 dias,-,-,-,-
1601436,Enviado para o RM (Integração),1,carlos@zapform.com.br,-,2025-04-01 04:53:19,01/04/2025 04:53,01/04/2025 04:53,-,0.0 dias,-,-,-,-
1601436,Contrato Ativo,2,carlos@zapform.com.br,-,2025-04-01 04:53:59,01/04/2025 04:53,-,-,-,-,-,-,-
1601434,Aguardando Verificação/Aprovação (NAVA),0,-,-,2025-03-31 22:36:50,31/03/2025 22:36,01/04/2025 04:52,-,0.26 dias,-,-,-,-
1601434,Enviado para o RM (Integração),1,carlos@zapform.com.br,-,2025-04-01 04:52:36,01/04/2025 04:52,01/04/2025 04:52,-,0.0 dias,-,-,-,-
1601434,Erro de Importação,E,carlos@zapform.com.br,-,2025-04-01 04:52:56,01/04/2025 04:52,01/04/2025 11:54,-,0.29 dias,-,-,-,-
1601434,Aguardando Verificação/Aprovação (NAVA),0,carlos@zapform.com.br,-,2025-04-01 11:54:59,01/04/2025 11:54,01/04/2025 17:59,-,0.25 dias,-,-,-,-
1601434,Enviado para o RM (Integração),1,carlos@zapform.com.br,-,2025-04-01 17:59:48,01/04/2025 17:59,01/04/2025 18:00,-,0.0 dias,-,-,-,-
1601434,Contrato Ativo,2,carlos@zapform.com.br,-,2025-04-01 18:00:47,01/04/2025 18:00,02/04/2025 16:45,-,0.95 dias,-,-,-,-
1601434,Aguardando Verificação/Aprovação (NAVA),0,carlos@zapform.com.br,-,2025-04-02 16:45:55,02/04/2025 16:45,03/04/2025 16:32,-,0.99 dias,-,-,-,-
1601434,Enviado para o RM (Integração),1,carlos@zapform.com.br,-,2025-04-03 16:32:46,03/04/2025 16:32,03/04/2025 16:33,-,0.0 dias,-,-,-,-
1601434,Contrato Ativo,2,carlos@zapform.com.br,-,2025-04-03 16:33:37,03/04/2025 16:33,-,-,-,-,-,-,-
1601432,Aguardando Verificação/Aprovação (NAVA),0,-,-,2025-03-31 22:36:29,31/03/2025 22:36,01/04/2025 04:51,-,0.26 dias,-,-,-,-
1601432,Enviado para o RM (Integração),1,carlos@zapform.com.br,-,2025-04-01 04:51:53,01/04/2025 04:51,01/04/2025 04:52,-,0.0 dias,-,-,-,-
1601432,Contrato Ativo,2,carlos@zapform.com.br,-,2025-04-01 04:52:41,01/04/2025 04:52,-,-,-,-,-,-,-
1601430,Aguardando Verificação/Aprovação (NAVA),0,-,-,2025-03-31 22:36:08,31/03/2025 22:36,01/04/2025 04:51,-,0.26 dias,-,-,-,-
1601430,Enviado para o RM (Integração),1,carlos@zapform.com.br,-,2025-04-01 04:51:11,01/04/2025 04:51,01/04/2025 04:51,-,0.0 dias,-,-,-,-
1601430,Contrato Ativo,2,carlos@zapform.com.br,-,2025-04-01 04:51:56,01/04/2025 04:51,-,-,-,-,-,-,-
1601428,Aguardando Verificação/Aprovação (NAVA),0,-,-,2025-03-31 22:35:47,31/03/2025 22:35,01/04/2025 04:50,-,0.26 dias,-,-,-,-
1601428,Enviado para o RM (Integração),1,carlos@zapform.com.br,-,2025-04-01 04:50:28,01/04/2025 04:50,01/04/2025 04:50,-,0.0 dias,-,-,-,-
1601428,Erro de Importação,E,carlos@zapform.com.br,-,2025-04-01 04:50:49,01/04/2025 04:50,01/04/2025 11:54,-,0.29 dias,-,-,-,-
1601428,Aguardando Verificação/Aprovação (NAVA),0,carlos@zapform.com.br,-,2025-04-01 11:54:59,01/04/2025 11:54,01/04/2025 17:58,-,0.25 dias,-,-,-,-
1601428,Enviado para o RM (Integração),1,carlos@zapform.com.br,-,2025-04-01 17:58:59,01/04/2025 17:58,01/04/2025 17:59,-,0.0 dias,-,-,-,-
1601428,Contrato Ativo,2,carlos@zapform.com.br,-,2025-04-01 17:59:44,01/04/2025 17:59,02/04/2025 16:45,-,0.95 dias,-,-,-,-
1601428,Aguardando Verificação/Aprovação (NAVA),0,carlos@zapform.com.br,-,2025-04-02 16:45:55,02/04/2025 16:45,03/04/2025 16:32,-,0.99 dias,-,-,-,-
1601428,Enviado para o RM (Integração),1,carlos@zapform.com.br,-,2025-04-03 16:32:07,03/04/2025 16:32,03/04/2025 16:32,-,0.0 dias,-,-,-,-
1601428,Contrato Ativo,2,carlos@zapform.com.br,-,2025-04-03 16:32:51,03/04/2025 16:32,-,-,-,-,-,-,-
1601426,Aguardando Verificação/Aprovação (NAVA),0,-,-,2025-03-31 22:35:26,31/03/2025 22:35,01/04/2025 04:49,-,0.26 dias,-,-,-,-
1601426,Enviado para o RM (Integração),1,carlos@zapform.com.br,-,2025-04-01 04:49:45,01/04/2025 04:49,01/04/2025 04:50,-,0.0 dias,-,-,-,-
1601426,Contrato Ativo,2,carlos@zapform.com.br,-,2025-04-01 04:50:37,01/04/2025 04:50,-,-,-,-,-,-,-
1601424,Aguardando Verificação/Aprovação (NAVA),0,-,-,2025-03-31 22:35:05,31/03/2025 22:35,01/04/2025 04:49,-,0.26 dias,-,-,-,-
1601424,Enviado para o RM (Integração),1,carlos@zapform.com.br,-,2025-04-01 04:49:03,01/04/2025 04:49,01/04/2025 04:49,-,0.0 dias,-,-,-,-
1601424,Contrato Ativo,2,carlos@zapform.com.br,-,2025-04-01 04:49:49,01/04/2025 04:49,-,-,-,-,-,-,-
1601422,Aguardando Verificação/Aprovação (NAVA),0,-,-,2025-03-31 22:34:44,31/03/2025 22:34,01/04/2025 04:48,-,0.26 dias,-,-,-,-
1601422,Enviado para o RM (Integração),1,carlos@zapform.com.br,-,2025-04-01 04:48:19,01/04/2025 04:48,01/04/2025 04:49,-,0.0 dias,-,-,-,-
1601422,Contrato Ativo,2,carlos@zapform.com.br,-,2025-04-01 04:49:01,01/04/2025 04:49,02/05/2025 14:33,-,31.41 dias,-,-,-,-
1601422,Contratos Encerrados,5,thais.roberta@nava.com.br,-,2025-05-02 14:33:50,02/05/2025 14:33,-,-,-,-,-,-,-
1601420,Aguardando Verificação/Aprovação (NAVA),0,-,-,2025-03-31 22:34:23,31/03/2025 22:34,01/04/2025 04:47,-,0.26 dias,-,-,-,-
1601420,Enviado para o RM (Integração),1,carlos@zapform.com.br,-,2025-04-01 04:47:36,01/04/2025 04:47,01/04/2025 04:48,-,0.0 dias,-,-,-,-
1601420,Contrato Ativo,2,carlos@zapform.com.br,-,2025-04-01 04:48:22,01/04/2025 04:48,04/09/2025 16:16,-,156.48 dias,-,-,-,-
1601420,Aguardando Verificação/Aprovação (NAVA),0,integracao-projetoisp,-,2025-09-04 16:16:38,04/09/2025 16:16,04/09/2025 16:16,-,0.0 dias,-,-,-,-
1601420,Contratos Encerrados,5,gabriels.santos@nava.com.br,-,2025-09-04 16:16:41,04/09/2025 16:16,-,-,-,-,-,-,-
1601418,Aguardando Verificação/Aprovação (NAVA),0,-,-,2025-03-31 22:34:03,31/03/2025 22:34,01/04/2025 04:07,-,0.23 dias,-,-,-,-
1601418,Enviado para o RM (Integração),1,carlos@zapform.com.br,-,2025-04-01 04:07:43,01/04/2025 04:07,01/04/2025 04:08,-,0.0 dias,-,-,-,-
1601418,Contrato Ativo,2,carlos@zapform.com.br,-,2025-04-01 04:08:27,01/04/2025 04:08,-,-,-,-,-,-,-
1601416,Aguardando Verificação/Aprovação (NAVA),0,-,-,2025-03-31 22:33:41,31/03/2025 22:33,01/04/2025 04:46,-,0.26 dias,-,-,-,-
1601416,Enviado para o RM (Integração),1,carlos@zapform.com.br,-,2025-04-01 04:46:18,01/04/2025 04:46,01/04/2025 04:46,-,0.0 dias,-,-,-,-
1601416,Erro de Importação,E,carlos@zapform.com.br,-,2025-04-01 04:46:40,01/04/2025 04:46,01/04/2025 11:54,-,0.3 dias,-,-,-,-
1601416,Aguardando Verificação/Aprovação (NAVA),0,carlos@zapform.com.br,-,2025-04-01 11:54:59,01/04/2025 11:54,01/04/2025 17:58,-,0.25 dias,-,-,-,-
1601416,Enviado para o RM (Integração),1,carlos@zapform.com.br,-,2025-04-01 17:58:04,01/04/2025 17:58,01/04/2025 17:58,-,0.0 dias,-,-,-,-
1601416,Contrato Ativo,2,carlos@zapform.com.br,-,2025-04-01 17:58:58,01/04/2025 17:58,02/04/2025 16:45,-,0.95 dias,-,-,-,-
1601416,Aguardando Verificação/Aprovação (NAVA),0,carlos@zapform.com.br,-,2025-04-02 16:45:55,02/04/2025 16:45,03/04/2025 16:31,-,0.99 dias,-,-,-,-
1601416,Enviado para o RM (Integração),1,carlos@zapform.com.br,-,2025-04-03 16:31:28,03/04/2025 16:31,03/04/2025 16:32,-,0.0 dias,-,-,-,-
1601416,Contrato Ativo,2,carlos@zapform.com.br,-,2025-04-03 16:32:18,03/04/2025 16:32,-,-,-,-,-,-,-
1601414,Aguardando Verificação/Aprovação (NAVA),0,-,-,2025-03-31 22:33:20,31/03/2025 22:33,01/04/2025 04:45,-,0.26 dias,-,-,-,-
1601414,Enviado para o RM (Integração),1,carlos@zapform.com.br,-,2025-04-01 04:45:36,01/04/2025 04:45,01/04/2025 04:45,-,0.0 dias,-,-,-,-
1601414,Erro de Importação,E,carlos@zapform.com.br,-,2025-04-01 04:45:56,01/04/2025 04:45,01/04/2025 11:54,-,0.3 dias,-,-,-,-
1601414,Aguardando Verificação/Aprovação (NAVA),0,carlos@zapform.com.br,-,2025-04-01 11:54:59,01/04/2025 11:54,01/04/2025 17:57,-,0.25 dias,-,-,-,-
1601414,Enviado para o RM (Integração),1,carlos@zapform.com.br,-,2025-04-01 17:57:18,01/04/2025 17:57,01/04/2025 17:58,-,0.0 dias,-,-,-,-
1601414,Contrato Ativo,2,carlos@zapform.com.br,-,2025-04-01 17:58:03,01/04/2025 17:58,02/04/2025 16:45,-,0.95 dias,-,-,-,-
1601414,Aguardando Verificação/Aprovação (NAVA),0,carlos@zapform.com.br,-,2025-04-02 16:45:55,02/04/2025 16:45,03/04/2025 16:30,-,0.99 dias,-,-,-,-
1601414,Enviado para o RM (Integração),1,carlos@zapform.com.br,-,2025-04-03 16:30:49,03/04/2025 16:30,03/04/2025 16:31,-,0.0 dias,-,-,-,-
1601414,Contrato Ativo,2,carlos@zapform.com.br,-,2025-04-03 16:31:32,03/04/2025 16:31,30/04/2025 14:26,-,26.91 dias,-,-,-,-
1601414,Aguardando Verificação/Aprovação (NAVA),0,integracao-projetoisp,-,2025-04-30 14:26:43,30/04/2025 14:26,30/04/2025 14:26,-,0.0 dias,-,-,-,-
1601414,Contratos Encerrados,5,celiene.pinho@nava.com.br,-,2025-04-30 14:26:55,30/04/2025 14:26,-,-,-,-,-,-,-
1601412,Aguardando Verificação/Aprovação (NAVA),0,-,-,2025-03-31 22:32:59,31/03/2025 22:32,01/04/2025 04:44,-,0.26 dias,-,-,-,-
1601412,Enviado para o RM (Integração),1,carlos@zapform.com.br,-,2025-04-01 04:44:52,01/04/2025 04:44,01/04/2025 04:45,-,0.0 dias,-,-,-,-
1601412,Erro de Importação,E,carlos@zapform.com.br,-,2025-04-01 04:45:15,01/04/2025 04:45,01/04/2025 11:54,-,0.3 dias,-,-,-,-
1601412,Aguardando Verificação/Aprovação (NAVA),0,carlos@zapform.com.br,-,2025-04-01 11:54:59,01/04/2025 11:54,01/04/2025 17:56,-,0.25 dias,-,-,-,-
1601412,Enviado para o RM (Integração),1,carlos@zapform.com.br,-,2025-04-01 17:56:33,01/04/2025 17:56,01/04/2025 17:57,-,0.0 dias,-,-,-,-
1601412,Contrato Ativo,2,carlos@zapform.com.br,-,2025-04-01 17:57:19,01/04/2025 17:57,02/04/2025 16:45,-,0.95 dias,-,-,-,-
1601412,Aguardando Verificação/Aprovação (NAVA),0,carlos@zapform.com.br,-,2025-04-02 16:45:55,02/04/2025 16:45,03/04/2025 16:30,-,0.99 dias,-,-,-,-
1601412,Enviado para o RM (Integração),1,carlos@zapform.com.br,-,2025-04-03 16:30:10,03/04/2025 16:30,03/04/2025 16:30,-,0.0 dias,-,-,-,-
1601412,Contrato Ativo,2,carlos@zapform.com.br,-,2025-04-03 16:30:56,03/04/2025 16:30,-,-,-,-,-,-,-
1601409,Aguardando Verificação/Aprovação (NAVA),0,-,-,2025-03-31 22:32:38,31/03/2025 22:32,01/04/2025 04:44,-,0.26 dias,-,-,-,-
1601409,Enviado para o RM (Integração),1,carlos@zapform.com.br,-,2025-04-01 04:44:09,01/04/2025 04:44,01/04/2025 04:44,-,0.0 dias,-,-,-,-
1601409,Erro de Importação,E,carlos@zapform.com.br,-,2025-04-01 04:44:25,01/04/2025 04:44,01/04/2025 11:54,-,0.3 dias,-,-,-,-
1601409,Aguardando Verificação/Aprovação (NAVA),0,carlos@zapform.com.br,-,2025-04-01 11:54:59,01/04/2025 11:54,01/04/2025 17:55,-,0.25 dias,-,-,-,-
1601409,Enviado para o RM (Integração),1,carlos@zapform.com.br,-,2025-04-01 17:55:48,01/04/2025 17:55,01/04/2025 17:56,-,0.0 dias,-,-,-,-
1601409,Contrato Ativo,2,carlos@zapform.com.br,-,2025-04-01 17:56:29,01/04/2025 17:56,02/04/2025 16:45,-,0.95 dias,-,-,-,-
1601409,Aguardando Verificação/Aprovação (NAVA),0,carlos@zapform.com.br,-,2025-04-02 16:45:55,02/04/2025 16:45,03/04/2025 16:29,-,0.99 dias,-,-,-,-
1601409,Enviado para o RM (Integração),1,carlos@zapform.com.br,-,2025-04-03 16:29:30,03/04/2025 16:29,03/04/2025 16:30,-,0.0 dias,-,-,-,-
1601409,Contrato Ativo,2,carlos@zapform.com.br,-,2025-04-03 16:30:08,03/04/2025 16:30,-,-,-,-,-,-,-
1601407,Aguardando Verificação/Aprovação (NAVA),0,-,-,2025-03-31 22:32:17,31/03/2025 22:32,01/04/2025 04:43,-,0.26 dias,-,-,-,-
1601407,Enviado para o RM (Integração),1,carlos@zapform.com.br,-,2025-04-01 04:43:27,01/04/2025 04:43,01/04/2025 04:43,-,0.0 dias,-,-,-,-
1601407,Erro de Importação,E,carlos@zapform.com.br,-,2025-04-01 04:43:48,01/04/2025 04:43,01/04/2025 11:54,-,0.3 dias,-,-,-,-
1601407,Aguardando Verificação/Aprovação (NAVA),0,carlos@zapform.com.br,-,2025-04-01 11:54:59,01/04/2025 11:54,01/04/2025 17:55,-,0.25 dias,-,-,-,-
1601407,Enviado para o RM (Integração),1,carlos@zapform.com.br,-,2025-04-01 17:55:06,01/04/2025 17:55,01/04/2025 17:55,-,0.0 dias,-,-,-,-
1601407,Contrato Ativo,2,carlos@zapform.com.br,-,2025-04-01 17:55:52,01/04/2025 17:55,02/04/2025 16:45,-,0.95 dias,-,-,-,-
1601407,Aguardando Verificação/Aprovação (NAVA),0,carlos@zapform.com.br,-,2025-04-02 16:45:55,02/04/2025 16:45,03/04/2025 16:28,-,0.99 dias,-,-,-,-
1601407,Enviado para o RM (Integração),1,carlos@zapform.com.br,-,2025-04-03 16:28:51,03/04/2025 16:28,03/04/2025 16:29,-,0.0 dias,-,-,-,-
1601407,Contrato Ativo,2,carlos@zapform.com.br,-,2025-04-03 16:29:35,03/04/2025 16:29,-,-,-,-,-,-,-
1601405,Aguardando Verificação/Aprovação (NAVA),0,-,-,2025-03-31 22:31:56,31/03/2025 22:31,01/04/2025 04:42,-,0.26 dias,-,-,-,-
1601405,Enviado para o RM (Integração),1,carlos@zapform.com.br,-,2025-04-01 04:42:44,01/04/2025 04:42,01/04/2025 04:43,-,0.0 dias,-,-,-,-
1601405,Erro de Importação,E,carlos@zapform.com.br,-,2025-04-01 04:43:02,01/04/2025 04:43,01/04/2025 11:54,-,0.3 dias,-,-,-,-
1601405,Aguardando Verificação/Aprovação (NAVA),0,carlos@zapform.com.br,-,2025-04-01 11:54:59,01/04/2025 11:54,01/04/2025 17:54,-,0.25 dias,-,-,-,-
1601405,Enviado para o RM (Integração),1,carlos@zapform.com.br,-,2025-04-01 17:54:19,01/04/2025 17:54,01/04/2025 17:55,-,0.0 dias,-,-,-,-
1601405,Contrato Ativo,2,carlos@zapform.com.br,-,2025-04-01 17:55:06,01/04/2025 17:55,02/04/2025 16:45,-,0.95 dias,-,-,-,-
1601405,Aguardando Verificação/Aprovação (NAVA),0,carlos@zapform.com.br,-,2025-04-02 16:45:55,02/04/2025 16:45,03/04/2025 16:28,-,0.99 dias,-,-,-,-
1601405,Enviado para o RM (Integração),1,carlos@zapform.com.br,-,2025-04-03 16:28:12,03/04/2025 16:28,03/04/2025 16:29,-,0.0 dias,-,-,-,-
1601405,Contrato Ativo,2,carlos@zapform.com.br,-,2025-04-03 16:29:07,03/04/2025 16:29,17/09/2025 09:40,-,166.72 dias,-,-,-,-
1601405,Aguardando Verificação/Aprovação (NAVA),0,integracao-projetoisp,-,2025-09-17 09:40:52,17/09/2025 09:40,17/09/2025 09:41,-,0.0 dias,-,-,-,-
1601405,Contratos Encerrados,5,thais.roberta@nava.com.br,-,2025-09-17 09:41:20,17/09/2025 09:41,-,-,-,-,-,-,-
1601403,Aguardando Verificação/Aprovação (NAVA),0,-,-,2025-03-31 22:31:35,31/03/2025 22:31,01/04/2025 04:42,-,0.26 dias,-,-,-,-
1601403,Enviado para o RM (Integração),1,carlos@zapform.com.br,-,2025-04-01 04:42:01,01/04/2025 04:42,01/04/2025 04:42,-,0.0 dias,-,-,-,-
1601403,Erro de Importação,E,carlos@zapform.com.br,-,2025-04-01 04:42:20,01/04/2025 04:42,01/04/2025 11:54,-,0.3 dias,-,-,-,-
1601403,Aguardando Verificação/Aprovação (NAVA),0,carlos@zapform.com.br,-,2025-04-01 11:54:59,01/04/2025 11:54,01/04/2025 17:53,-,0.25 dias,-,-,-,-
1601403,Enviado para o RM (Integração),1,carlos@zapform.com.br,-,2025-04-01 17:53:35,01/04/2025 17:53,01/04/2025 17:54,-,0.0 dias,-,-,-,-
1601403,Contrato Ativo,2,carlos@zapform.com.br,-,2025-04-01 17:54:22,01/04/2025 17:54,02/04/2025 16:45,-,0.95 dias,-,-,-,-
1601403,Aguardando Verificação/Aprovação (NAVA),0,carlos@zapform.com.br,-,2025-04-02 16:45:55,02/04/2025 16:45,03/04/2025 16:27,-,0.99 dias,-,-,-,-
1601403,Enviado para o RM (Integração),1,carlos@zapform.com.br,-,2025-04-03 16:27:33,03/04/2025 16:27,03/04/2025 16:28,-,0.0 dias,-,-,-,-
1601403,Contrato Ativo,2,carlos@zapform.com.br,-,2025-04-03 16:28:18,03/04/2025 16:28,-,-,-,-,-,-,-
1601401,Aguardando Verificação/Aprovação (NAVA),0,-,-,2025-03-31 22:31:15,31/03/2025 22:31,01/04/2025 04:41,-,0.26 dias,-,-,-,-
1601401,Enviado para o RM (Integração),1,carlos@zapform.com.br,-,2025-04-01 04:41:18,01/04/2025 04:41,01/04/2025 04:42,-,0.0 dias,-,-,-,-
1601401,Contrato Ativo,2,carlos@zapform.com.br,-,2025-04-01 04:42:08,01/04/2025 04:42,11/07/2025 17:03,-,101.52 dias,-,-,-,-
1601401,Aguardando Verificação/Aprovação (NAVA),0,integracao-projetoisp,-,2025-07-11 17:03:46,11/07/2025 17:03,11/07/2025 17:04,-,0.0 dias,-,-,-,-
1601401,Enviado para o RM (Integração),1,integracao-projetoisp,-,2025-07-11 17:04:13,11/07/2025 17:04,11/07/2025 17:04,-,0.0 dias,-,-,-,-
1601401,Contrato Ativo,2,integracao-projetoisp,-,2025-07-11 17:04:34,11/07/2025 17:04,12/09/2025 09:30,-,62.68 dias,-,-,-,-
1601401,Aguardando Verificação/Aprovação (NAVA),0,integracao-projetoisp,-,2025-09-12 09:30:14,12/09/2025 09:30,12/09/2025 09:30,-,0.0 dias,-,-,-,-
1601401,Contratos Encerrados,5,gabriels.santos@nava.com.br,-,2025-09-12 09:30:24,12/09/2025 09:30,16/09/2025 14:30,-,4.21 dias,-,-,-,-
1601401,Contrato Ativo,2,thais.roberta@nava.com.br,-,2025-09-16 14:30:45,16/09/2025 14:30,16/09/2025 14:33,-,0.0 dias,-,-,-,-
1601401,Contratos Encerrados,5,thais.roberta@nava.com.br,-,2025-09-16 14:33:56,16/09/2025 14:33,-,-,-,-,-,-,-
1601399,Aguardando Verificação/Aprovação (NAVA),0,-,-,2025-03-31 22:30:53,31/03/2025 22:30,01/04/2025 04:40,-,0.26 dias,-,-,-,-
1601399,Enviado para o RM (Integração),1,carlos@zapform.com.br,-,2025-04-01 04:40:36,01/04/2025 04:40,01/04/2025 04:41,-,0.0 dias,-,-,-,-
1601399,Contrato Ativo,2,carlos@zapform.com.br,-,2025-04-01 04:41:20,01/04/2025 04:41,-,-,-,-,-,-,-
1601396,Aguardando Verificação/Aprovação (NAVA),0,-,-,2025-03-31 22:30:31,31/03/2025 22:30,01/04/2025 04:39,-,0.26 dias,-,-,-,-
1601396,Enviado para o RM (Integração),1,carlos@zapform.com.br,-,2025-04-01 04:39:52,01/04/2025 04:39,01/04/2025 04:40,-,0.0 dias,-,-,-,-
1601396,Erro de Importação,E,carlos@zapform.com.br,-,2025-04-01 04:40:18,01/04/2025 04:40,01/04/2025 11:54,-,0.3 dias,-,-,-,-
1601396,Aguardando Verificação/Aprovação (NAVA),0,carlos@zapform.com.br,-,2025-04-01 11:54:59,01/04/2025 11:54,01/04/2025 17:52,-,0.25 dias,-,-,-,-
1601396,Enviado para o RM (Integração),1,carlos@zapform.com.br,-,2025-04-01 17:52:46,01/04/2025 17:52,01/04/2025 17:53,-,0.0 dias,-,-,-,-
1601396,Contrato Ativo,2,carlos@zapform.com.br,-,2025-04-01 17:53:33,01/04/2025 17:53,02/04/2025 16:45,-,0.95 dias,-,-,-,-
1601396,Aguardando Verificação/Aprovação (NAVA),0,carlos@zapform.com.br,-,2025-04-02 16:45:55,02/04/2025 16:45,03/04/2025 16:26,-,0.99 dias,-,-,-,-
1601396,Enviado para o RM (Integração),1,carlos@zapform.com.br,-,2025-04-03 16:26:54,03/04/2025 16:26,03/04/2025 16:27,-,0.0 dias,-,-,-,-
1601396,Contrato Ativo,2,carlos@zapform.com.br,-,2025-04-03 16:27:40,03/04/2025 16:27,-,-,-,-,-,-,-
1601394,Aguardando Verificação/Aprovação (NAVA),0,-,-,2025-03-31 22:30:10,31/03/2025 22:30,01/04/2025 04:39,-,0.26 dias,-,-,-,-
1601394,Enviado para o RM (Integração),1,carlos@zapform.com.br,-,2025-04-01 04:39:10,01/04/2025 04:39,01/04/2025 04:39,-,0.0 dias,-,-,-,-
1601394,Erro de Importação,E,carlos@zapform.com.br,-,2025-04-01 04:39:29,01/04/2025 04:39,01/04/2025 11:54,-,0.3 dias,-,-,-,-
1601394,Aguardando Verificação/Aprovação (NAVA),0,carlos@zapform.com.br,-,2025-04-01 11:54:59,01/04/2025 11:54,01/04/2025 17:52,-,0.25 dias,-,-,-,-
1601394,Enviado para o RM (Integração),1,carlos@zapform.com.br,-,2025-04-01 17:52:01,01/04/2025 17:52,01/04/2025 17:52,-,0.0 dias,-,-,-,-
1601394,Contrato Ativo,2,carlos@zapform.com.br,-,2025-04-01 17:52:47,01/04/2025 17:52,02/04/2025 16:45,-,0.95 dias,-,-,-,-
1601394,Aguardando Verificação/Aprovação (NAVA),0,carlos@zapform.com.br,-,2025-04-02 16:45:55,02/04/2025 16:45,03/04/2025 16:26,-,0.99 dias,-,-,-,-
1601394,Enviado para o RM (Integração),1,carlos@zapform.com.br,-,2025-04-03 16:26:15,03/04/2025 16:26,03/04/2025 16:27,-,0.0 dias,-,-,-,-
1601394,Contrato Ativo,2,carlos@zapform.com.br,-,2025-04-03 16:27:01,03/04/2025 16:27,-,-,-,-,-,-,-
1601392,Aguardando Verificação/Aprovação (NAVA),0,-,-,2025-03-31 22:29:49,31/03/2025 22:29,01/04/2025 04:38,-,0.26 dias,-,-,-,-
1601392,Enviado para o RM (Integração),1,carlos@zapform.com.br,-,2025-04-01 04:38:27,01/04/2025 04:38,01/04/2025 04:38,-,0.0 dias,-,-,-,-
1601392,Erro de Importação,E,carlos@zapform.com.br,-,2025-04-01 04:38:46,01/04/2025 04:38,01/04/2025 11:54,-,0.3 dias,-,-,-,-
1601392,Aguardando Verificação/Aprovação (NAVA),0,carlos@zapform.com.br,-,2025-04-01 11:54:59,01/04/2025 11:54,01/04/2025 17:51,-,0.25 dias,-,-,-,-
1601392,Enviado para o RM (Integração),1,carlos@zapform.com.br,-,2025-04-01 17:51:16,01/04/2025 17:51,01/04/2025 17:51,-,0.0 dias,-,-,-,-
1601392,Contrato Ativo,2,carlos@zapform.com.br,-,2025-04-01 17:51:58,01/04/2025 17:51,02/04/2025 16:45,-,0.95 dias,-,-,-,-
1601392,Aguardando Verificação/Aprovação (NAVA),0,carlos@zapform.com.br,-,2025-04-02 16:45:55,02/04/2025 16:45,03/04/2025 16:25,-,0.99 dias,-,-,-,-
1601392,Enviado para o RM (Integração),1,carlos@zapform.com.br,-,2025-04-03 16:25:36,03/04/2025 16:25,03/04/2025 16:26,-,0.0 dias,-,-,-,-
1601392,Contrato Ativo,2,carlos@zapform.com.br,-,2025-04-03 16:26:28,03/04/2025 16:26,22/07/2025 15:13,-,109.95 dias,-,-,-,-
1601392,Aguardando Verificação/Aprovação (NAVA),0,integracao-projetoisp,-,2025-07-22 15:13:36,22/07/2025 15:13,22/07/2025 15:16,-,0.0 dias,-,-,-,-
1601392,Contratos Encerrados,5,thais.roberta@nava.com.br,-,2025-07-22 15:16:33,22/07/2025 15:16,-,-,-,-,-,-,-
1601390,Aguardando Verificação/Aprovação (NAVA),0,-,-,2025-03-31 22:29:28,31/03/2025 22:29,01/04/2025 04:37,-,0.26 dias,-,-,-,-
1601390,Enviado para o RM (Integração),1,carlos@zapform.com.br,-,2025-04-01 04:37:44,01/04/2025 04:37,01/04/2025 04:38,-,0.0 dias,-,-,-,-
1601390,Contrato Ativo,2,carlos@zapform.com.br,-,2025-04-01 04:38:30,01/04/2025 04:38,-,-,-,-,-,-,-
1601388,Aguardando Verificação/Aprovação (NAVA),0,-,-,2025-03-31 22:29:07,31/03/2025 22:29,01/04/2025 04:37,-,0.26 dias,-,-,-,-
1601388,Enviado para o RM (Integração),1,carlos@zapform.com.br,-,2025-04-01 04:37:01,01/04/2025 04:37,01/04/2025 04:37,-,0.0 dias,-,-,-,-
1601388,Erro de Importação,E,carlos@zapform.com.br,-,2025-04-01 04:37:19,01/04/2025 04:37,01/04/2025 11:54,-,0.3 dias,-,-,-,-
1601388,Aguardando Verificação/Aprovação (NAVA),0,carlos@zapform.com.br,-,2025-04-01 11:54:59,01/04/2025 11:54,01/04/2025 17:50,-,0.25 dias,-,-,-,-
1601388,Enviado para o RM (Integração),1,carlos@zapform.com.br,-,2025-04-01 17:50:29,01/04/2025 17:50,01/04/2025 17:51,-,0.0 dias,-,-,-,-
1601388,Contrato Ativo,2,carlos@zapform.com.br,-,2025-04-01 17:51:11,01/04/2025 17:51,02/04/2025 16:45,-,0.95 dias,-,-,-,-
1601388,Aguardando Verificação/Aprovação (NAVA),0,carlos@zapform.com.br,-,2025-04-02 16:45:55,02/04/2025 16:45,03/04/2025 16:24,-,0.99 dias,-,-,-,-
1601388,Enviado para o RM (Integração),1,carlos@zapform.com.br,-,2025-04-03 16:24:57,03/04/2025 16:24,03/04/2025 16:25,-,0.0 dias,-,-,-,-
1601388,Contrato Ativo,2,carlos@zapform.com.br,-,2025-04-03 16:25:40,03/04/2025 16:25,-,-,-,-,-,-,-
1601386,Aguardando Verificação/Aprovação (NAVA),0,-,-,2025-03-31 22:28:45,31/03/2025 22:28,01/04/2025 04:36,-,0.26 dias,-,-,-,-
1601386,Enviado para o RM (Integração),1,carlos@zapform.com.br,-,2025-04-01 04:36:18,01/04/2025 04:36,01/04/2025 04:36,-,0.0 dias,-,-,-,-
1601386,Erro de Importação,E,carlos@zapform.com.br,-,2025-04-01 04:36:39,01/04/2025 04:36,01/04/2025 11:54,-,0.3 dias,-,-,-,-
1601386,Aguardando Verificação/Aprovação (NAVA),0,carlos@zapform.com.br,-,2025-04-01 11:54:59,01/04/2025 11:54,01/04/2025 17:49,-,0.25 dias,-,-,-,-
1601386,Enviado para o RM (Integração),1,carlos@zapform.com.br,-,2025-04-01 17:49:43,01/04/2025 17:49,01/04/2025 17:50,-,0.0 dias,-,-,-,-
1601386,Contrato Ativo,2,carlos@zapform.com.br,-,2025-04-01 17:50:28,01/04/2025 17:50,02/04/2025 16:45,-,0.96 dias,-,-,-,-
1601386,Aguardando Verificação/Aprovação (NAVA),0,carlos@zapform.com.br,-,2025-04-02 16:45:55,02/04/2025 16:45,03/04/2025 16:24,-,0.99 dias,-,-,-,-
1601386,Enviado para o RM (Integração),1,carlos@zapform.com.br,-,2025-04-03 16:24:19,03/04/2025 16:24,03/04/2025 16:25,-,0.0 dias,-,-,-,-
1601386,Contrato Ativo,2,carlos@zapform.com.br,-,2025-04-03 16:25:04,03/04/2025 16:25,10/05/2025 20:04,-,37.15 dias,-,-,-,-
1601386,Aguardando Verificação/Aprovação (NAVA),0,integracao-projetoisp,-,2025-05-10 20:04:35,10/05/2025 20:04,10/05/2025 20:05,-,0.0 dias,-,-,-,-
1601386,Enviado para o RM (Integração),1,integracao-projetoisp,-,2025-05-10 20:05:25,10/05/2025 20:05,10/05/2025 20:05,-,0.0 dias,-,-,-,-
1601386,Contrato Ativo,2,integracao-projetoisp,-,2025-05-10 20:05:47,10/05/2025 20:05,12/05/2025 11:47,-,1.65 dias,-,-,-,-
1601386,Aguardando Verificação/Aprovação (NAVA),0,integracao-projetoisp,-,2025-05-12 11:47:46,12/05/2025 11:47,-,-,-,-,-,-,-
1601384,Aguardando Verificação/Aprovação (NAVA),0,-,-,2025-03-31 22:28:24,31/03/2025 22:28,01/04/2025 04:35,-,0.25 dias,-,-,-,-
1601384,Enviado para o RM (Integração),1,carlos@zapform.com.br,-,2025-04-01 04:35:35,01/04/2025 04:35,01/04/2025 04:36,-,0.0 dias,-,-,-,-
1601384,Contrato Ativo,2,carlos@zapform.com.br,-,2025-04-01 04:36:22,01/04/2025 04:36,-,-,-,-,-,-,-
1601382,Aguardando Verificação/Aprovação (NAVA),0,-,-,2025-03-31 22:28:02,31/03/2025 22:28,01/04/2025 04:34,-,0.25 dias,-,-,-,-
1601382,Enviado para o RM (Integração),1,carlos@zapform.com.br,-,2025-04-01 04:34:53,01/04/2025 04:34,01/04/2025 04:35,-,0.0 dias,-,-,-,-
1601382,Erro de Importação,E,carlos@zapform.com.br,-,2025-04-01 04:35:12,01/04/2025 04:35,01/04/2025 11:55,-,0.31 dias,-,-,-,-
1601382,Aguardando Verificação/Aprovação (NAVA),0,carlos@zapform.com.br,-,2025-04-01 11:55:00,01/04/2025 11:55,01/04/2025 17:48,-,0.25 dias,-,-,-,-
1601382,Enviado para o RM (Integração),1,carlos@zapform.com.br,-,2025-04-01 17:48:56,01/04/2025 17:48,01/04/2025 17:49,-,0.0 dias,-,-,-,-
1601382,Contrato Ativo,2,carlos@zapform.com.br,-,2025-04-01 17:49:40,01/04/2025 17:49,02/04/2025 16:45,-,0.96 dias,-,-,-,-
1601382,Aguardando Verificação/Aprovação (NAVA),0,carlos@zapform.com.br,-,2025-04-02 16:45:54,02/04/2025 16:45,03/04/2025 16:23,-,0.98 dias,-,-,-,-
1601382,Enviado para o RM (Integração),1,carlos@zapform.com.br,-,2025-04-03 16:23:40,03/04/2025 16:23,03/04/2025 16:24,-,0.0 dias,-,-,-,-
1601382,Contrato Ativo,2,carlos@zapform.com.br,-,2025-04-03 16:24:27,03/04/2025 16:24,-,-,-,-,-,-,-
1601380,Aguardando Verificação/Aprovação (NAVA),0,-,-,2025-03-31 22:27:41,31/03/2025 22:27,01/04/2025 04:34,-,0.25 dias,-,-,-,-
1601380,Enviado para o RM (Integração),1,carlos@zapform.com.br,-,2025-04-01 04:34:09,01/04/2025 04:34,01/04/2025 04:34,-,0.0 dias,-,-,-,-
1601380,Erro de Importação,E,carlos@zapform.com.br,-,2025-04-01 04:34:27,01/04/2025 04:34,01/04/2025 11:54,-,0.31 dias,-,-,-,-
1601380,Aguardando Verificação/Aprovação (NAVA),0,carlos@zapform.com.br,-,2025-04-01 11:54:59,01/04/2025 11:54,01/04/2025 17:48,-,0.25 dias,-,-,-,-
1601380,Enviado para o RM (Integração),1,carlos@zapform.com.br,-,2025-04-01 17:48:11,01/04/2025 17:48,01/04/2025 17:48,-,0.0 dias,-,-,-,-
1601380,Contrato Ativo,2,carlos@zapform.com.br,-,2025-04-01 17:48:49,01/04/2025 17:48,02/04/2025 16:45,-,0.96 dias,-,-,-,-
1601380,Aguardando Verificação/Aprovação (NAVA),0,carlos@zapform.com.br,-,2025-04-02 16:45:54,02/04/2025 16:45,03/04/2025 16:23,-,0.98 dias,-,-,-,-
1601380,Enviado para o RM (Integração),1,carlos@zapform.com.br,-,2025-04-03 16:23:01,03/04/2025 16:23,03/04/2025 16:23,-,0.0 dias,-,-,-,-
1601380,Contrato Ativo,2,carlos@zapform.com.br,-,2025-04-03 16:23:40,03/04/2025 16:23,-,-,-,-,-,-,-
1601378,Aguardando Verificação/Aprovação (NAVA),0,-,-,2025-03-31 22:27:20,31/03/2025 22:27,01/04/2025 04:33,-,0.25 dias,-,-,-,-
1601378,Enviado para o RM (Integração),1,carlos@zapform.com.br,-,2025-04-01 04:33:26,01/04/2025 04:33,01/04/2025 04:33,-,0.0 dias,-,-,-,-
1601378,Erro de Importação,E,carlos@zapform.com.br,-,2025-04-01 04:33:46,01/04/2025 04:33,01/04/2025 11:54,-,0.31 dias,-,-,-,-
1601378,Aguardando Verificação/Aprovação (NAVA),0,carlos@zapform.com.br,-,2025-04-01 11:54:59,01/04/2025 11:54,01/04/2025 17:47,-,0.24 dias,-,-,-,-
1601378,Enviado para o RM (Integração),1,carlos@zapform.com.br,-,2025-04-01 17:47:27,01/04/2025 17:47,01/04/2025 17:48,-,0.0 dias,-,-,-,-
1601378,Contrato Ativo,2,carlos@zapform.com.br,-,2025-04-01 17:48:09,01/04/2025 17:48,02/04/2025 16:45,-,0.96 dias,-,-,-,-
1601378,Aguardando Verificação/Aprovação (NAVA),0,carlos@zapform.com.br,-,2025-04-02 16:45:54,02/04/2025 16:45,03/04/2025 16:22,-,0.98 dias,-,-,-,-
1601378,Enviado para o RM (Integração),1,carlos@zapform.com.br,-,2025-04-03 16:22:21,03/04/2025 16:22,03/04/2025 16:22,-,0.0 dias,-,-,-,-
1601378,Contrato Ativo,2,carlos@zapform.com.br,-,2025-04-03 16:22:58,03/04/2025 16:22,-,-,-,-,-,-,-
1601376,Aguardando Verificação/Aprovação (NAVA),0,-,-,2025-03-31 22:26:59,31/03/2025 22:26,01/04/2025 04:32,-,0.25 dias,-,-,-,-
1601376,Enviado para o RM (Integração),1,carlos@zapform.com.br,-,2025-04-01 04:32:43,01/04/2025 04:32,01/04/2025 04:32,-,0.0 dias,-,-,-,-
1601376,Erro de Importação,E,carlos@zapform.com.br,-,2025-04-01 04:32:58,01/04/2025 04:32,01/04/2025 11:54,-,0.31 dias,-,-,-,-
1601376,Aguardando Verificação/Aprovação (NAVA),0,carlos@zapform.com.br,-,2025-04-01 11:54:59,01/04/2025 11:54,01/04/2025 17:46,-,0.24 dias,-,-,-,-
1601376,Enviado para o RM (Integração),1,carlos@zapform.com.br,-,2025-04-01 17:46:42,01/04/2025 17:46,01/04/2025 17:47,-,0.0 dias,-,-,-,-
1601376,Contrato Ativo,2,carlos@zapform.com.br,-,2025-04-01 17:47:22,01/04/2025 17:47,02/04/2025 16:45,-,0.96 dias,-,-,-,-
1601376,Aguardando Verificação/Aprovação (NAVA),0,carlos@zapform.com.br,-,2025-04-02 16:45:54,02/04/2025 16:45,03/04/2025 16:21,-,0.98 dias,-,-,-,-
1601376,Enviado para o RM (Integração),1,carlos@zapform.com.br,-,2025-04-03 16:21:42,03/04/2025 16:21,03/04/2025 16:22,-,0.0 dias,-,-,-,-
1601376,Contrato Ativo,2,carlos@zapform.com.br,-,2025-04-03 16:22:21,03/04/2025 16:22,-,-,-,-,-,-,-
1601374,Aguardando Verificação/Aprovação (NAVA),0,-,-,2025-03-31 22:26:38,31/03/2025 22:26,01/04/2025 04:32,-,0.25 dias,-,-,-,-
1601374,Enviado para o RM (Integração),1,carlos@zapform.com.br,-,2025-04-01 04:32:00,01/04/2025 04:32,01/04/2025 04:32,-,0.0 dias,-,-,-,-
1601374,Erro de Importação,E,carlos@zapform.com.br,-,2025-04-01 04:32:19,01/04/2025 04:32,01/04/2025 11:55,-,0.31 dias,-,-,-,-
1601374,Aguardando Verificação/Aprovação (NAVA),0,carlos@zapform.com.br,-,2025-04-01 11:55:00,01/04/2025 11:55,01/04/2025 17:45,-,0.24 dias,-,-,-,-
1601374,Enviado para o RM (Integração),1,carlos@zapform.com.br,-,2025-04-01 17:45:57,01/04/2025 17:45,01/04/2025 17:46,-,0.0 dias,-,-,-,-
1601374,Contrato Ativo,2,carlos@zapform.com.br,-,2025-04-01 17:46:36,01/04/2025 17:46,02/04/2025 16:45,-,0.96 dias,-,-,-,-
1601374,Aguardando Verificação/Aprovação (NAVA),0,carlos@zapform.com.br,-,2025-04-02 16:45:54,02/04/2025 16:45,03/04/2025 16:21,-,0.98 dias,-,-,-,-
1601374,Enviado para o RM (Integração),1,carlos@zapform.com.br,-,2025-04-03 16:21:04,03/04/2025 16:21,03/04/2025 16:21,-,0.0 dias,-,-,-,-
1601374,Contrato Ativo,2,carlos@zapform.com.br,-,2025-04-03 16:21:47,03/04/2025 16:21,27/06/2025 12:46,-,84.85 dias,-,-,-,-
1601374,Aguardando Verificação/Aprovação (NAVA),0,integracao-projetoisp,-,2025-06-27 12:46:06,27/06/2025 12:46,-,-,-,-,-,-,-
1601372,Aguardando Verificação/Aprovação (NAVA),0,-,-,2025-03-31 22:26:17,31/03/2025 22:26,01/04/2025 04:31,-,0.25 dias,-,-,-,-
1601372,Enviado para o RM (Integração),1,carlos@zapform.com.br,-,2025-04-01 04:31:18,01/04/2025 04:31,01/04/2025 04:31,-,0.0 dias,-,-,-,-
1601372,Erro de Importação,E,carlos@zapform.com.br,-,2025-04-01 04:31:36,01/04/2025 04:31,01/04/2025 11:54,-,0.31 dias,-,-,-,-
1601372,Aguardando Verificação/Aprovação (NAVA),0,carlos@zapform.com.br,-,2025-04-01 11:54:59,01/04/2025 11:54,01/04/2025 17:45,-,0.24 dias,-,-,-,-
1601372,Enviado para o RM (Integração),1,carlos@zapform.com.br,-,2025-04-01 17:45:12,01/04/2025 17:45,01/04/2025 17:45,-,0.0 dias,-,-,-,-
1601372,Contrato Ativo,2,carlos@zapform.com.br,-,2025-04-01 17:45:51,01/04/2025 17:45,02/04/2025 16:45,-,0.96 dias,-,-,-,-
1601372,Aguardando Verificação/Aprovação (NAVA),0,carlos@zapform.com.br,-,2025-04-02 16:45:54,02/04/2025 16:45,03/04/2025 16:20,-,0.98 dias,-,-,-,-
1601372,Enviado para o RM (Integração),1,carlos@zapform.com.br,-,2025-04-03 16:20:24,03/04/2025 16:20,03/04/2025 16:21,-,0.0 dias,-,-,-,-
1601372,Contrato Ativo,2,carlos@zapform.com.br,-,2025-04-03 16:21:03,03/04/2025 16:21,-,-,-,-,-,-,-
1601370,Aguardando Verificação/Aprovação (NAVA),0,-,-,2025-03-31 22:25:56,31/03/2025 22:25,01/04/2025 04:30,-,0.25 dias,-,-,-,-
1601370,Enviado para o RM (Integração),1,carlos@zapform.com.br,-,2025-04-01 04:30:35,01/04/2025 04:30,01/04/2025 04:30,-,0.0 dias,-,-,-,-
1601370,Erro de Importação,E,carlos@zapform.com.br,-,2025-04-01 04:30:52,01/04/2025 04:30,01/04/2025 11:54,-,0.31 dias,-,-,-,-
1601370,Aguardando Verificação/Aprovação (NAVA),0,carlos@zapform.com.br,-,2025-04-01 11:54:59,01/04/2025 11:54,01/04/2025 17:44,-,0.24 dias,-,-,-,-
1601370,Enviado para o RM (Integração),1,carlos@zapform.com.br,-,2025-04-01 17:44:28,01/04/2025 17:44,01/04/2025 17:45,-,0.0 dias,-,-,-,-
1601370,Contrato Ativo,2,carlos@zapform.com.br,-,2025-04-01 17:45:01,01/04/2025 17:45,02/04/2025 16:45,-,0.96 dias,-,-,-,-
1601370,Aguardando Verificação/Aprovação (NAVA),0,carlos@zapform.com.br,-,2025-04-02 16:45:54,02/04/2025 16:45,03/04/2025 16:19,-,0.98 dias,-,-,-,-
1601370,Enviado para o RM (Integração),1,carlos@zapform.com.br,-,2025-04-03 16:19:45,03/04/2025 16:19,03/04/2025 16:20,-,0.0 dias,-,-,-,-
1601370,Contrato Ativo,2,carlos@zapform.com.br,-,2025-04-03 16:20:23,03/04/2025 16:20,-,-,-,-,-,-,-
1601368,Aguardando Verificação/Aprovação (NAVA),0,-,-,2025-03-31 22:25:34,31/03/2025 22:25,01/04/2025 04:29,-,0.25 dias,-,-,-,-
1601368,Enviado para o RM (Integração),1,carlos@zapform.com.br,-,2025-04-01 04:29:52,01/04/2025 04:29,01/04/2025 04:30,-,0.0 dias,-,-,-,-
1601368,Erro de Importação,E,carlos@zapform.com.br,-,2025-04-01 04:30:16,01/04/2025 04:30,01/04/2025 11:55,-,0.31 dias,-,-,-,-
1601368,Aguardando Verificação/Aprovação (NAVA),0,carlos@zapform.com.br,-,2025-04-01 11:55:00,01/04/2025 11:55,01/04/2025 17:43,-,0.24 dias,-,-,-,-
1601368,Enviado para o RM (Integração),1,carlos@zapform.com.br,-,2025-04-01 17:43:43,01/04/2025 17:43,01/04/2025 17:44,-,0.0 dias,-,-,-,-
1601368,Contrato Ativo,2,carlos@zapform.com.br,-,2025-04-01 17:44:22,01/04/2025 17:44,02/04/2025 16:45,-,0.96 dias,-,-,-,-
1601368,Aguardando Verificação/Aprovação (NAVA),0,carlos@zapform.com.br,-,2025-04-02 16:45:54,02/04/2025 16:45,03/04/2025 16:19,-,0.98 dias,-,-,-,-
1601368,Enviado para o RM (Integração),1,carlos@zapform.com.br,-,2025-04-03 16:19:05,03/04/2025 16:19,03/04/2025 16:19,-,0.0 dias,-,-,-,-
1601368,Contrato Ativo,2,carlos@zapform.com.br,-,2025-04-03 16:19:44,03/04/2025 16:19,-,-,-,-,-,-,-
1601366,Aguardando Verificação/Aprovação (NAVA),0,-,-,2025-03-31 22:25:12,31/03/2025 22:25,01/04/2025 04:29,-,0.25 dias,-,-,-,-
1601366,Enviado para o RM (Integração),1,carlos@zapform.com.br,-,2025-04-01 04:29:09,01/04/2025 04:29,01/04/2025 04:29,-,0.0 dias,-,-,-,-
1601366,Erro de Importação,E,carlos@zapform.com.br,-,2025-04-01 04:29:28,01/04/2025 04:29,01/04/2025 11:54,-,0.31 dias,-,-,-,-
1601366,Aguardando Verificação/Aprovação (NAVA),0,carlos@zapform.com.br,-,2025-04-01 11:54:59,01/04/2025 11:54,01/04/2025 17:42,-,0.24 dias,-,-,-,-
1601366,Enviado para o RM (Integração),1,carlos@zapform.com.br,-,2025-04-01 17:42:58,01/04/2025 17:42,01/04/2025 17:43,-,0.0 dias,-,-,-,-
1601366,Contrato Ativo,2,carlos@zapform.com.br,-,2025-04-01 17:43:37,01/04/2025 17:43,02/04/2025 16:45,-,0.96 dias,-,-,-,-
1601366,Aguardando Verificação/Aprovação (NAVA),0,carlos@zapform.com.br,-,2025-04-02 16:45:54,02/04/2025 16:45,03/04/2025 16:18,-,0.98 dias,-,-,-,-
1601366,Enviado para o RM (Integração),1,carlos@zapform.com.br,-,2025-04-03 16:18:27,03/04/2025 16:18,03/04/2025 16:19,-,0.0 dias,-,-,-,-
1601366,Contrato Ativo,2,carlos@zapform.com.br,-,2025-04-03 16:19:09,03/04/2025 16:19,-,-,-,-,-,-,-
1601364,Aguardando Verificação/Aprovação (NAVA),0,-,-,2025-03-31 22:24:51,31/03/2025 22:24,01/04/2025 04:28,-,0.25 dias,-,-,-,-
1601364,Enviado para o RM (Integração),1,carlos@zapform.com.br,-,2025-04-01 04:28:26,01/04/2025 04:28,01/04/2025 04:28,-,0.0 dias,-,-,-,-
1601364,Erro de Importação,E,carlos@zapform.com.br,-,2025-04-01 04:28:44,01/04/2025 04:28,01/04/2025 11:55,-,0.31 dias,-,-,-,-
1601364,Aguardando Verificação/Aprovação (NAVA),0,carlos@zapform.com.br,-,2025-04-01 11:55:00,01/04/2025 11:55,01/04/2025 17:42,-,0.24 dias,-,-,-,-
1601364,Enviado para o RM (Integração),1,carlos@zapform.com.br,-,2025-04-01 17:42:13,01/04/2025 17:42,01/04/2025 17:42,-,0.0 dias,-,-,-,-
1601364,Contrato Ativo,2,carlos@zapform.com.br,-,2025-04-01 17:42:56,01/04/2025 17:42,02/04/2025 16:45,-,0.96 dias,-,-,-,-
1601364,Aguardando Verificação/Aprovação (NAVA),0,carlos@zapform.com.br,-,2025-04-02 16:45:54,02/04/2025 16:45,03/04/2025 16:17,-,0.98 dias,-,-,-,-
1601364,Enviado para o RM (Integração),1,carlos@zapform.com.br,-,2025-04-03 16:17:47,03/04/2025 16:17,03/04/2025 16:18,-,0.0 dias,-,-,-,-
1601364,Contrato Ativo,2,carlos@zapform.com.br,-,2025-04-03 16:18:27,03/04/2025 16:18,-,-,-,-,-,-,-
1601362,Aguardando Verificação/Aprovação (NAVA),0,-,-,2025-03-31 22:24:31,31/03/2025 22:24,01/04/2025 04:27,-,0.25 dias,-,-,-,-
1601362,Enviado para o RM (Integração),1,carlos@zapform.com.br,-,2025-04-01 04:27:43,01/04/2025 04:27,01/04/2025 04:28,-,0.0 dias,-,-,-,-
1601362,Erro de Importação,E,carlos@zapform.com.br,-,2025-04-01 04:28:01,01/04/2025 04:28,01/04/2025 11:55,-,0.31 dias,-,-,-,-
1601362,Aguardando Verificação/Aprovação (NAVA),0,carlos@zapform.com.br,-,2025-04-01 11:55:00,01/04/2025 11:55,01/04/2025 17:41,-,0.24 dias,-,-,-,-
1601362,Enviado para o RM (Integração),1,carlos@zapform.com.br,-,2025-04-01 17:41:28,01/04/2025 17:41,01/04/2025 17:42,-,0.0 dias,-,-,-,-
1601362,Contrato Ativo,2,carlos@zapform.com.br,-,2025-04-01 17:42:09,01/04/2025 17:42,02/04/2025 16:45,-,0.96 dias,-,-,-,-
1601362,Aguardando Verificação/Aprovação (NAVA),0,carlos@zapform.com.br,-,2025-04-02 16:45:54,02/04/2025 16:45,03/04/2025 16:17,-,0.98 dias,-,-,-,-
1601362,Enviado para o RM (Integração),1,carlos@zapform.com.br,-,2025-04-03 16:17:09,03/04/2025 16:17,03/04/2025 16:17,-,0.0 dias,-,-,-,-
1601362,Contrato Ativo,2,carlos@zapform.com.br,-,2025-04-03 16:17:47,03/04/2025 16:17,-,-,-,-,-,-,-
1601360,Aguardando Verificação/Aprovação (NAVA),0,-,-,2025-03-31 22:24:09,31/03/2025 22:24,01/04/2025 04:27,-,0.25 dias,-,-,-,-
1601360,Enviado para o RM (Integração),1,carlos@zapform.com.br,-,2025-04-01 04:27:01,01/04/2025 04:27,01/04/2025 04:27,-,0.0 dias,-,-,-,-
1601360,Erro de Importação,E,carlos@zapform.com.br,-,2025-04-01 04:27:18,01/04/2025 04:27,01/04/2025 11:55,-,0.31 dias,-,-,-,-
1601360,Aguardando Verificação/Aprovação (NAVA),0,carlos@zapform.com.br,-,2025-04-01 11:55:00,01/04/2025 11:55,01/04/2025 17:40,-,0.24 dias,-,-,-,-
1601360,Enviado para o RM (Integração),1,carlos@zapform.com.br,-,2025-04-01 17:40:44,01/04/2025 17:40,01/04/2025 17:41,-,0.0 dias,-,-,-,-
1601360,Contrato Ativo,2,carlos@zapform.com.br,-,2025-04-01 17:41:24,01/04/2025 17:41,02/04/2025 16:45,-,0.96 dias,-,-,-,-
1601360,Aguardando Verificação/Aprovação (NAVA),0,carlos@zapform.com.br,-,2025-04-02 16:45:54,02/04/2025 16:45,03/04/2025 16:16,-,0.98 dias,-,-,-,-
1601360,Enviado para o RM (Integração),1,carlos@zapform.com.br,-,2025-04-03 16:16:30,03/04/2025 16:16,03/04/2025 16:17,-,0.0 dias,-,-,-,-
1601360,Contrato Ativo,2,carlos@zapform.com.br,-,2025-04-03 16:17:07,03/04/2025 16:17,-,-,-,-,-,-,-
1601358,Aguardando Verificação/Aprovação (NAVA),0,-,-,2025-03-31 22:23:48,31/03/2025 22:23,01/04/2025 04:26,-,0.25 dias,-,-,-,-
1601358,Enviado para o RM (Integração),1,carlos@zapform.com.br,-,2025-04-01 04:26:18,01/04/2025 04:26,01/04/2025 04:26,-,0.0 dias,-,-,-,-
1601358,Erro de Importação,E,carlos@zapform.com.br,-,2025-04-01 04:26:33,01/04/2025 04:26,01/04/2025 11:54,-,0.31 dias,-,-,-,-
1601358,Aguardando Verificação/Aprovação (NAVA),0,carlos@zapform.com.br,-,2025-04-01 11:54:59,01/04/2025 11:54,01/04/2025 17:39,-,0.24 dias,-,-,-,-
1601358,Enviado para o RM (Integração),1,carlos@zapform.com.br,-,2025-04-01 17:39:59,01/04/2025 17:39,01/04/2025 17:40,-,0.0 dias,-,-,-,-
1601358,Contrato Ativo,2,carlos@zapform.com.br,-,2025-04-01 17:40:43,01/04/2025 17:40,02/04/2025 16:45,-,0.96 dias,-,-,-,-
1601358,Aguardando Verificação/Aprovação (NAVA),0,carlos@zapform.com.br,-,2025-04-02 16:45:54,02/04/2025 16:45,03/04/2025 16:15,-,0.98 dias,-,-,-,-
1601358,Enviado para o RM (Integração),1,carlos@zapform.com.br,-,2025-04-03 16:15:50,03/04/2025 16:15,03/04/2025 16:16,-,0.0 dias,-,-,-,-
1601358,Contrato Ativo,2,carlos@zapform.com.br,-,2025-04-03 16:16:27,03/04/2025 16:16,-,-,-,-,-,-,-
1601356,Aguardando Verificação/Aprovação (NAVA),0,-,-,2025-03-31 22:23:27,31/03/2025 22:23,01/04/2025 04:25,-,0.25 dias,-,-,-,-
1601356,Enviado para o RM (Integração),1,carlos@zapform.com.br,-,2025-04-01 04:25:35,01/04/2025 04:25,01/04/2025 04:26,-,0.0 dias,-,-,-,-
1601356,Contrato Ativo,2,carlos@zapform.com.br,-,2025-04-01 04:26:13,01/04/2025 04:26,-,-,-,-,-,-,-
1601354,Aguardando Verificação/Aprovação (NAVA),0,-,-,2025-03-31 22:23:05,31/03/2025 22:23,01/04/2025 04:24,-,0.25 dias,-,-,-,-
1601354,Enviado para o RM (Integração),1,carlos@zapform.com.br,-,2025-04-01 04:24:52,01/04/2025 04:24,01/04/2025 04:25,-,0.0 dias,-,-,-,-
1601354,Contrato Ativo,2,carlos@zapform.com.br,-,2025-04-01 04:25:33,01/04/2025 04:25,-,-,-,-,-,-,-
1601352,Aguardando Verificação/Aprovação (NAVA),0,-,-,2025-03-31 22:22:44,31/03/2025 22:22,01/04/2025 04:24,-,0.25 dias,-,-,-,-
1601352,Enviado para o RM (Integração),1,carlos@zapform.com.br,-,2025-04-01 04:24:09,01/04/2025 04:24,01/04/2025 04:24,-,0.0 dias,-,-,-,-
1601352,Erro de Importação,E,carlos@zapform.com.br,-,2025-04-01 04:24:25,01/04/2025 04:24,01/04/2025 11:55,-,0.31 dias,-,-,-,-
1601352,Aguardando Verificação/Aprovação (NAVA),0,carlos@zapform.com.br,-,2025-04-01 11:55:00,01/04/2025 11:55,01/04/2025 17:39,-,0.24 dias,-,-,-,-
1601352,Enviado para o RM (Integração),1,carlos@zapform.com.br,-,2025-04-01 17:39:10,01/04/2025 17:39,01/04/2025 17:39,-,0.0 dias,-,-,-,-
1601352,Contrato Ativo,2,carlos@zapform.com.br,-,2025-04-01 17:39:49,01/04/2025 17:39,02/04/2025 16:45,-,0.96 dias,-,-,-,-
1601352,Aguardando Verificação/Aprovação (NAVA),0,carlos@zapform.com.br,-,2025-04-02 16:45:54,02/04/2025 16:45,03/04/2025 16:15,-,0.98 dias,-,-,-,-
1601352,Enviado para o RM (Integração),1,carlos@zapform.com.br,-,2025-04-03 16:15:11,03/04/2025 16:15,03/04/2025 16:15,-,0.0 dias,-,-,-,-
1601352,Contrato Ativo,2,carlos@zapform.com.br,-,2025-04-03 16:15:47,03/04/2025 16:15,-,-,-,-,-,-,-
1601350,Aguardando Verificação/Aprovação (NAVA),0,-,-,2025-03-31 22:22:23,31/03/2025 22:22,01/04/2025 04:23,-,0.25 dias,-,-,-,-
1601350,Enviado para o RM (Integração),1,carlos@zapform.com.br,-,2025-04-01 04:23:26,01/04/2025 04:23,01/04/2025 04:23,-,0.0 dias,-,-,-,-
1601350,Erro de Importação,E,carlos@zapform.com.br,-,2025-04-01 04:23:42,01/04/2025 04:23,01/04/2025 11:55,-,0.31 dias,-,-,-,-
1601350,Aguardando Verificação/Aprovação (NAVA),0,carlos@zapform.com.br,-,2025-04-01 11:55:00,01/04/2025 11:55,01/04/2025 17:38,-,0.24 dias,-,-,-,-
1601350,Enviado para o RM (Integração),1,carlos@zapform.com.br,-,2025-04-01 17:38:26,01/04/2025 17:38,01/04/2025 17:39,-,0.0 dias,-,-,-,-
1601350,Contrato Ativo,2,carlos@zapform.com.br,-,2025-04-01 17:39:04,01/04/2025 17:39,02/04/2025 16:45,-,0.96 dias,-,-,-,-
1601350,Aguardando Verificação/Aprovação (NAVA),0,carlos@zapform.com.br,-,2025-04-02 16:45:54,02/04/2025 16:45,03/04/2025 16:14,-,0.98 dias,-,-,-,-
1601350,Enviado para o RM (Integração),1,carlos@zapform.com.br,-,2025-04-03 16:14:33,03/04/2025 16:14,03/04/2025 16:15,-,0.0 dias,-,-,-,-
1601350,Contrato Ativo,2,carlos@zapform.com.br,-,2025-04-03 16:15:16,03/04/2025 16:15,-,-,-,-,-,-,-
1601348,Aguardando Verificação/Aprovação (NAVA),0,-,-,2025-03-31 22:22:02,31/03/2025 22:22,01/04/2025 04:22,-,0.25 dias,-,-,-,-
1601348,Enviado para o RM (Integração),1,carlos@zapform.com.br,-,2025-04-01 04:22:43,01/04/2025 04:22,01/04/2025 04:23,-,0.0 dias,-,-,-,-
1601348,Contrato Ativo,2,carlos@zapform.com.br,-,2025-04-01 04:23:18,01/04/2025 04:23,-,-,-,-,-,-,-
1601346,Aguardando Verificação/Aprovação (NAVA),0,-,-,2025-03-31 22:21:41,31/03/2025 22:21,01/04/2025 04:22,-,0.25 dias,-,-,-,-
1601346,Enviado para o RM (Integração),1,carlos@zapform.com.br,-,2025-04-01 04:22:00,01/04/2025 04:22,01/04/2025 04:22,-,0.0 dias,-,-,-,-
1601346,Contrato Ativo,2,carlos@zapform.com.br,-,2025-04-01 04:22:36,01/04/2025 04:22,-,-,-,-,-,-,-
1601344,Aguardando Verificação/Aprovação (NAVA),0,-,-,2025-03-31 22:21:20,31/03/2025 22:21,01/04/2025 04:21,-,0.25 dias,-,-,-,-
1601344,Enviado para o RM (Integração),1,carlos@zapform.com.br,-,2025-04-01 04:21:17,01/04/2025 04:21,01/04/2025 04:21,-,0.0 dias,-,-,-,-
1601344,Erro de Importação,E,carlos@zapform.com.br,-,2025-04-01 04:21:34,01/04/2025 04:21,01/04/2025 11:55,-,0.31 dias,-,-,-,-
1601344,Aguardando Verificação/Aprovação (NAVA),0,carlos@zapform.com.br,-,2025-04-01 11:55:00,01/04/2025 11:55,01/04/2025 17:37,-,0.24 dias,-,-,-,-
1601344,Enviado para o RM (Integração),1,carlos@zapform.com.br,-,2025-04-01 17:37:36,01/04/2025 17:37,01/04/2025 17:38,-,0.0 dias,-,-,-,-
1601344,Contrato Ativo,2,carlos@zapform.com.br,-,2025-04-01 17:38:12,01/04/2025 17:38,02/04/2025 16:45,-,0.96 dias,-,-,-,-
1601344,Aguardando Verificação/Aprovação (NAVA),0,carlos@zapform.com.br,-,2025-04-02 16:45:54,02/04/2025 16:45,03/04/2025 16:13,-,0.98 dias,-,-,-,-
1601344,Enviado para o RM (Integração),1,carlos@zapform.com.br,-,2025-04-03 16:13:53,03/04/2025 16:13,03/04/2025 16:14,-,0.0 dias,-,-,-,-
1601344,Contrato Ativo,2,carlos@zapform.com.br,-,2025-04-03 16:14:33,03/04/2025 16:14,-,-,-,-,-,-,-
1601342,Aguardando Verificação/Aprovação (NAVA),0,-,-,2025-03-31 22:20:59,31/03/2025 22:20,01/04/2025 04:20,-,0.25 dias,-,-,-,-
1601342,Enviado para o RM (Integração),1,carlos@zapform.com.br,-,2025-04-01 04:20:35,01/04/2025 04:20,01/04/2025 04:20,-,0.0 dias,-,-,-,-
1601342,Erro de Importação,E,carlos@zapform.com.br,-,2025-04-01 04:20:50,01/04/2025 04:20,01/04/2025 11:54,-,0.32 dias,-,-,-,-
1601342,Aguardando Verificação/Aprovação (NAVA),0,carlos@zapform.com.br,-,2025-04-01 11:54:59,01/04/2025 11:54,01/04/2025 17:36,-,0.24 dias,-,-,-,-
1601342,Enviado para o RM (Integração),1,carlos@zapform.com.br,-,2025-04-01 17:36:51,01/04/2025 17:36,01/04/2025 17:37,-,0.0 dias,-,-,-,-
1601342,Contrato Ativo,2,carlos@zapform.com.br,-,2025-04-01 17:37:27,01/04/2025 17:37,02/04/2025 16:45,-,0.96 dias,-,-,-,-
1601342,Aguardando Verificação/Aprovação (NAVA),0,carlos@zapform.com.br,-,2025-04-02 16:45:54,02/04/2025 16:45,03/04/2025 16:13,-,0.98 dias,-,-,-,-
1601342,Enviado para o RM (Integração),1,carlos@zapform.com.br,-,2025-04-03 16:13:15,03/04/2025 16:13,03/04/2025 16:13,-,0.0 dias,-,-,-,-
1601342,Contrato Ativo,2,carlos@zapform.com.br,-,2025-04-03 16:13:50,03/04/2025 16:13,-,-,-,-,-,-,-
1601340,Aguardando Verificação/Aprovação (NAVA),0,-,-,2025-03-31 22:20:37,31/03/2025 22:20,01/04/2025 04:19,-,0.25 dias,-,-,-,-
1601340,Enviado para o RM (Integração),1,carlos@zapform.com.br,-,2025-04-01 04:19:52,01/04/2025 04:19,01/04/2025 04:20,-,0.0 dias,-,-,-,-
1601340,Erro de Importação,E,carlos@zapform.com.br,-,2025-04-01 04:20:12,01/04/2025 04:20,01/04/2025 11:54,-,0.32 dias,-,-,-,-
1601340,Aguardando Verificação/Aprovação (NAVA),0,carlos@zapform.com.br,-,2025-04-01 11:54:59,01/04/2025 11:54,01/04/2025 17:36,-,0.24 dias,-,-,-,-
1601340,Enviado para o RM (Integração),1,carlos@zapform.com.br,-,2025-04-01 17:36:06,01/04/2025 17:36,01/04/2025 17:36,-,0.0 dias,-,-,-,-
1601340,Contrato Ativo,2,carlos@zapform.com.br,-,2025-04-01 17:36:43,01/04/2025 17:36,02/04/2025 16:45,-,0.96 dias,-,-,-,-
1601340,Aguardando Verificação/Aprovação (NAVA),0,carlos@zapform.com.br,-,2025-04-02 16:45:54,02/04/2025 16:45,03/04/2025 16:12,-,0.98 dias,-,-,-,-
1601340,Enviado para o RM (Integração),1,carlos@zapform.com.br,-,2025-04-03 16:12:35,03/04/2025 16:12,03/04/2025 16:13,-,0.0 dias,-,-,-,-
1601340,Contrato Ativo,2,carlos@zapform.com.br,-,2025-04-03 16:13:14,03/04/2025 16:13,-,-,-,-,-,-,-
1601338,Aguardando Verificação/Aprovação (NAVA),0,-,-,2025-03-31 22:20:16,31/03/2025 22:20,01/04/2025 04:19,-,0.25 dias,-,-,-,-
1601338,Enviado para o RM (Integração),1,carlos@zapform.com.br,-,2025-04-01 04:19:09,01/04/2025 04:19,01/04/2025 04:19,-,0.0 dias,-,-,-,-
1601338,Contrato Ativo,2,carlos@zapform.com.br,-,2025-04-01 04:19:39,01/04/2025 04:19,-,-,-,-,-,-,-
1601336,Aguardando Verificação/Aprovação (NAVA),0,-,-,2025-03-31 22:19:55,31/03/2025 22:19,01/04/2025 04:18,-,0.25 dias,-,-,-,-
1601336,Enviado para o RM (Integração),1,carlos@zapform.com.br,-,2025-04-01 04:18:26,01/04/2025 04:18,01/04/2025 04:18,-,0.0 dias,-,-,-,-
1601336,Erro de Importação,E,carlos@zapform.com.br,-,2025-04-01 04:18:39,01/04/2025 04:18,01/04/2025 11:54,-,0.32 dias,-,-,-,-
1601336,Aguardando Verificação/Aprovação (NAVA),0,carlos@zapform.com.br,-,2025-04-01 11:54:59,01/04/2025 11:54,01/04/2025 17:35,-,0.24 dias,-,-,-,-
1601336,Enviado para o RM (Integração),1,carlos@zapform.com.br,-,2025-04-01 17:35:19,01/04/2025 17:35,01/04/2025 17:35,-,0.0 dias,-,-,-,-
1601336,Contrato Ativo,2,carlos@zapform.com.br,-,2025-04-01 17:35:52,01/04/2025 17:35,02/04/2025 16:45,-,0.97 dias,-,-,-,-
1601336,Aguardando Verificação/Aprovação (NAVA),0,carlos@zapform.com.br,-,2025-04-02 16:45:54,02/04/2025 16:45,03/04/2025 16:11,-,0.98 dias,-,-,-,-
1601336,Enviado para o RM (Integração),1,carlos@zapform.com.br,-,2025-04-03 16:11:51,03/04/2025 16:11,03/04/2025 16:12,-,0.0 dias,-,-,-,-
1601336,Contrato Ativo,2,carlos@zapform.com.br,-,2025-04-03 16:12:22,03/04/2025 16:12,-,-,-,-,-,-,-
1601334,Aguardando Verificação/Aprovação (NAVA),0,-,-,2025-03-31 22:19:35,31/03/2025 22:19,01/04/2025 04:17,-,0.25 dias,-,-,-,-
1601334,Enviado para o RM (Integração),1,carlos@zapform.com.br,-,2025-04-01 04:17:43,01/04/2025 04:17,01/04/2025 04:18,-,0.0 dias,-,-,-,-
1601334,Contrato Ativo,2,carlos@zapform.com.br,-,2025-04-01 04:18:18,01/04/2025 04:18,29/05/2025 17:31,-,58.55 dias,-,-,-,-
1601334,Aguardando Verificação/Aprovação (NAVA),0,integracao-projetoisp,-,2025-05-29 17:31:08,29/05/2025 17:31,29/05/2025 17:32,-,0.0 dias,-,-,-,-
1601334,Enviado para o RM (Integração),1,integracao-projetoisp,-,2025-05-29 17:32:05,29/05/2025 17:32,29/05/2025 17:32,-,0.0 dias,-,-,-,-
1601334,Contrato Ativo,2,integracao-projetoisp,-,2025-05-29 17:32:34,29/05/2025 17:32,27/06/2025 17:20,-,28.99 dias,-,-,-,-
1601334,Contratos Encerrados,5,thais.roberta@nava.com.br,-,2025-06-27 17:20:08,27/06/2025 17:20,-,-,-,-,-,-,-
1601332,Aguardando Verificação/Aprovação (NAVA),0,-,-,2025-03-31 22:19:14,31/03/2025 22:19,01/04/2025 04:17,-,0.25 dias,-,-,-,-
1601332,Enviado para o RM (Integração),1,carlos@zapform.com.br,-,2025-04-01 04:17:00,01/04/2025 04:17,01/04/2025 04:17,-,0.0 dias,-,-,-,-
1601332,Erro de Importação,E,carlos@zapform.com.br,-,2025-04-01 04:17:14,01/04/2025 04:17,01/04/2025 11:54,-,0.32 dias,-,-,-,-
1601332,Aguardando Verificação/Aprovação (NAVA),0,carlos@zapform.com.br,-,2025-04-01 11:54:59,01/04/2025 11:54,01/04/2025 17:34,-,0.24 dias,-,-,-,-
1601332,Enviado para o RM (Integração),1,carlos@zapform.com.br,-,2025-04-01 17:34:31,01/04/2025 17:34,01/04/2025 17:35,-,0.0 dias,-,-,-,-
1601332,Contrato Ativo,2,carlos@zapform.com.br,-,2025-04-01 17:35:04,01/04/2025 17:35,02/04/2025 16:45,-,0.97 dias,-,-,-,-
1601332,Aguardando Verificação/Aprovação (NAVA),0,carlos@zapform.com.br,-,2025-04-02 16:45:54,02/04/2025 16:45,03/04/2025 16:11,-,0.98 dias,-,-,-,-
1601332,Enviado para o RM (Integração),1,carlos@zapform.com.br,-,2025-04-03 16:11:12,03/04/2025 16:11,03/04/2025 16:11,-,0.0 dias,-,-,-,-
1601332,Contrato Ativo,2,carlos@zapform.com.br,-,2025-04-03 16:11:42,03/04/2025 16:11,-,-,-,-,-,-,-
1601330,Aguardando Verificação/Aprovação (NAVA),0,-,-,2025-03-31 22:18:53,31/03/2025 22:18,01/04/2025 04:16,-,0.25 dias,-,-,-,-
1601330,Enviado para o RM (Integração),1,carlos@zapform.com.br,-,2025-04-01 04:16:17,01/04/2025 04:16,01/04/2025 04:16,-,0.0 dias,-,-,-,-
1601330,Erro de Importação,E,carlos@zapform.com.br,-,2025-04-01 04:16:31,01/04/2025 04:16,01/04/2025 11:54,-,0.32 dias,-,-,-,-
1601330,Aguardando Verificação/Aprovação (NAVA),0,carlos@zapform.com.br,-,2025-04-01 11:54:59,01/04/2025 11:54,01/04/2025 17:33,-,0.24 dias,-,-,-,-
1601330,Enviado para o RM (Integração),1,carlos@zapform.com.br,-,2025-04-01 17:33:45,01/04/2025 17:33,01/04/2025 17:34,-,0.0 dias,-,-,-,-
1601330,Contrato Ativo,2,carlos@zapform.com.br,-,2025-04-01 17:34:21,01/04/2025 17:34,02/04/2025 16:45,-,0.97 dias,-,-,-,-
1601330,Aguardando Verificação/Aprovação (NAVA),0,carlos@zapform.com.br,-,2025-04-02 16:45:54,02/04/2025 16:45,03/04/2025 16:10,-,0.98 dias,-,-,-,-
1601330,Enviado para o RM (Integração),1,carlos@zapform.com.br,-,2025-04-03 16:10:34,03/04/2025 16:10,03/04/2025 16:11,-,0.0 dias,-,-,-,-
1601330,Contrato Ativo,2,carlos@zapform.com.br,-,2025-04-03 16:11:05,03/04/2025 16:11,24/07/2025 17:16,-,112.05 dias,-,-,-,-
1601330,Aguardando Verificação/Aprovação (NAVA),0,integracao-projetoisp,-,2025-07-24 17:16:29,24/07/2025 17:16,24/07/2025 17:20,-,0.0 dias,-,-,-,-
1601330,Cancelado,X,thais.roberta@nava.com.br,-,2025-07-24 17:20:44,24/07/2025 17:20,-,-,-,-,-,-,-
1601328,Aguardando Verificação/Aprovação (NAVA),0,-,-,2025-03-31 22:18:32,31/03/2025 22:18,01/04/2025 04:15,-,0.25 dias,-,-,-,-
1601328,Enviado para o RM (Integração),1,carlos@zapform.com.br,-,2025-04-01 04:15:34,01/04/2025 04:15,01/04/2025 04:15,-,0.0 dias,-,-,-,-
1601328,Erro de Importação,E,carlos@zapform.com.br,-,2025-04-01 04:15:50,01/04/2025 04:15,01/04/2025 11:55,-,0.32 dias,-,-,-,-
1601328,Aguardando Verificação/Aprovação (NAVA),0,carlos@zapform.com.br,-,2025-04-01 11:55:00,01/04/2025 11:55,01/04/2025 17:33,-,0.23 dias,-,-,-,-
1601328,Enviado para o RM (Integração),1,carlos@zapform.com.br,-,2025-04-01 17:33:01,01/04/2025 17:33,01/04/2025 17:33,-,0.0 dias,-,-,-,-
1601328,Contrato Ativo,2,carlos@zapform.com.br,-,2025-04-01 17:33:37,01/04/2025 17:33,02/04/2025 16:45,-,0.97 dias,-,-,-,-
1601328,Aguardando Verificação/Aprovação (NAVA),0,carlos@zapform.com.br,-,2025-04-02 16:45:54,02/04/2025 16:45,03/04/2025 16:09,-,0.98 dias,-,-,-,-
1601328,Enviado para o RM (Integração),1,carlos@zapform.com.br,-,2025-04-03 16:09:54,03/04/2025 16:09,03/04/2025 16:10,-,0.0 dias,-,-,-,-
1601328,Contrato Ativo,2,carlos@zapform.com.br,-,2025-04-03 16:10:32,03/04/2025 16:10,-,-,-,-,-,-,-
1601326,Aguardando Verificação/Aprovação (NAVA),0,-,-,2025-03-31 22:18:11,31/03/2025 22:18,01/04/2025 04:14,-,0.25 dias,-,-,-,-
1601326,Enviado para o RM (Integração),1,carlos@zapform.com.br,-,2025-04-01 04:14:52,01/04/2025 04:14,01/04/2025 04:15,-,0.0 dias,-,-,-,-
1601326,Erro de Importação,E,carlos@zapform.com.br,-,2025-04-01 04:15:07,01/04/2025 04:15,01/04/2025 11:54,-,0.32 dias,-,-,-,-
1601326,Aguardando Verificação/Aprovação (NAVA),0,carlos@zapform.com.br,-,2025-04-01 11:54:59,01/04/2025 11:54,01/04/2025 17:32,-,0.23 dias,-,-,-,-
1601326,Enviado para o RM (Integração),1,carlos@zapform.com.br,-,2025-04-01 17:32:16,01/04/2025 17:32,01/04/2025 17:32,-,0.0 dias,-,-,-,-
1601326,Contrato Ativo,2,carlos@zapform.com.br,-,2025-04-01 17:32:48,01/04/2025 17:32,02/04/2025 16:45,-,0.97 dias,-,-,-,-
1601326,Aguardando Verificação/Aprovação (NAVA),0,carlos@zapform.com.br,-,2025-04-02 16:45:54,02/04/2025 16:45,03/04/2025 16:09,-,0.97 dias,-,-,-,-
1601326,Enviado para o RM (Integração),1,carlos@zapform.com.br,-,2025-04-03 16:09:14,03/04/2025 16:09,03/04/2025 16:09,-,0.0 dias,-,-,-,-
1601326,Contrato Ativo,2,carlos@zapform.com.br,-,2025-04-03 16:09:50,03/04/2025 16:09,-,-,-,-,-,-,-
1601324,Aguardando Verificação/Aprovação (NAVA),0,-,-,2025-03-31 22:17:49,31/03/2025 22:17,01/04/2025 04:14,-,0.25 dias,-,-,-,-
1601324,Enviado para o RM (Integração),1,carlos@zapform.com.br,-,2025-04-01 04:14:08,01/04/2025 04:14,01/04/2025 04:14,-,0.0 dias,-,-,-,-
1601324,Contrato Ativo,2,carlos@zapform.com.br,-,2025-04-01 04:14:43,01/04/2025 04:14,-,-,-,-,-,-,-
1601322,Aguardando Verificação/Aprovação (NAVA),0,-,-,2025-03-31 22:17:27,31/03/2025 22:17,01/04/2025 04:13,-,0.25 dias,-,-,-,-
1601322,Enviado para o RM (Integração),1,carlos@zapform.com.br,-,2025-04-01 04:13:26,01/04/2025 04:13,01/04/2025 04:13,-,0.0 dias,-,-,-,-
1601322,Erro de Importação,E,carlos@zapform.com.br,-,2025-04-01 04:13:41,01/04/2025 04:13,01/04/2025 11:54,-,0.32 dias,-,-,-,-
1601322,Aguardando Verificação/Aprovação (NAVA),0,carlos@zapform.com.br,-,2025-04-01 11:54:59,01/04/2025 11:54,01/04/2025 17:31,-,0.23 dias,-,-,-,-
1601322,Enviado para o RM (Integração),1,carlos@zapform.com.br,-,2025-04-01 17:31:30,01/04/2025 17:31,01/04/2025 17:32,-,0.0 dias,-,-,-,-
1601322,Contrato Ativo,2,carlos@zapform.com.br,-,2025-04-01 17:32:11,01/04/2025 17:32,02/04/2025 16:45,-,0.97 dias,-,-,-,-
1601322,Aguardando Verificação/Aprovação (NAVA),0,carlos@zapform.com.br,-,2025-04-02 16:45:54,02/04/2025 16:45,03/04/2025 16:07,-,0.97 dias,-,-,-,-
1601322,Enviado para o RM (Integração),1,carlos@zapform.com.br,-,2025-04-03 16:07:34,03/04/2025 16:07,03/04/2025 16:08,-,0.0 dias,-,-,-,-
1601322,Contrato Ativo,2,carlos@zapform.com.br,-,2025-04-03 16:08:13,03/04/2025 16:08,30/04/2025 10:49,-,26.78 dias,-,-,-,-
1601322,Contratos Encerrados,5,thais.roberta@nava.com.br,-,2025-04-30 10:49:22,30/04/2025 10:49,-,-,-,-,-,-,-
1601320,Aguardando Verificação/Aprovação (NAVA),0,-,-,2025-03-31 22:17:06,31/03/2025 22:17,01/04/2025 04:12,-,0.25 dias,-,-,-,-
1601320,Enviado para o RM (Integração),1,carlos@zapform.com.br,-,2025-04-01 04:12:43,01/04/2025 04:12,01/04/2025 04:13,-,0.0 dias,-,-,-,-
1601320,Contrato Ativo,2,carlos@zapform.com.br,-,2025-04-01 04:13:18,01/04/2025 04:13,-,-,-,-,-,-,-
1601318,Aguardando Verificação/Aprovação (NAVA),0,-,-,2025-03-31 22:16:45,31/03/2025 22:16,01/04/2025 04:12,-,0.25 dias,-,-,-,-
1601318,Enviado para o RM (Integração),1,carlos@zapform.com.br,-,2025-04-01 04:12:00,01/04/2025 04:12,01/04/2025 04:12,-,0.0 dias,-,-,-,-
1601318,Contrato Ativo,2,carlos@zapform.com.br,-,2025-04-01 04:12:36,01/04/2025 04:12,-,-,-,-,-,-,-
1601316,Aguardando Verificação/Aprovação (NAVA),0,-,-,2025-03-31 22:16:25,31/03/2025 22:16,01/04/2025 04:11,-,0.25 dias,-,-,-,-
1601316,Enviado para o RM (Integração),1,carlos@zapform.com.br,-,2025-04-01 04:11:17,01/04/2025 04:11,01/04/2025 04:11,-,0.0 dias,-,-,-,-
1601316,Contrato Ativo,2,carlos@zapform.com.br,-,2025-04-01 04:11:54,01/04/2025 04:11,30/05/2025 14:43,-,59.44 dias,-,-,-,-
1601316,Aguardando Verificação/Aprovação (NAVA),0,integracao-projetoisp,-,2025-05-30 14:43:14,30/05/2025 14:43,30/05/2025 14:43,-,0.0 dias,-,-,-,-
1601316,Contratos Encerrados,5,celiene.pinho@nava.com.br,-,2025-05-30 14:43:35,30/05/2025 14:43,-,-,-,-,-,-,-
1601314,Aguardando Verificação/Aprovação (NAVA),0,-,-,2025-03-31 22:16:03,31/03/2025 22:16,01/04/2025 04:10,-,0.25 dias,-,-,-,-
1601314,Enviado para o RM (Integração),1,carlos@zapform.com.br,-,2025-04-01 04:10:34,01/04/2025 04:10,01/04/2025 04:11,-,0.0 dias,-,-,-,-
1601314,Contrato Ativo,2,carlos@zapform.com.br,-,2025-04-01 04:11:12,01/04/2025 04:11,-,-,-,-,-,-,-
1601312,Aguardando Verificação/Aprovação (NAVA),0,-,-,2025-03-31 22:15:41,31/03/2025 22:15,01/04/2025 04:09,-,0.25 dias,-,-,-,-
1601312,Enviado para o RM (Integração),1,carlos@zapform.com.br,-,2025-04-01 04:09:51,01/04/2025 04:09,01/04/2025 04:10,-,0.0 dias,-,-,-,-
1601312,Contrato Ativo,2,carlos@zapform.com.br,-,2025-04-01 04:10:37,01/04/2025 04:10,-,-,-,-,-,-,-
1601310,Aguardando Verificação/Aprovação (NAVA),0,-,-,2025-03-31 22:15:20,31/03/2025 22:15,01/04/2025 04:09,-,0.25 dias,-,-,-,-
1601310,Enviado para o RM (Integração),1,carlos@zapform.com.br,-,2025-04-01 04:09:08,01/04/2025 04:09,01/04/2025 04:09,-,0.0 dias,-,-,-,-
1601310,Contrato Ativo,2,carlos@zapform.com.br,-,2025-04-01 04:09:47,01/04/2025 04:09,-,-,-,-,-,-,-
1601308,Aguardando Verificação/Aprovação (NAVA),0,-,-,2025-03-31 22:14:59,31/03/2025 22:14,01/04/2025 04:08,-,0.25 dias,-,-,-,-
1601308,Enviado para o RM (Integração),1,carlos@zapform.com.br,-,2025-04-01 04:08:27,01/04/2025 04:08,01/04/2025 04:08,-,0.0 dias,-,-,-,-
1601308,Erro de Importação,E,carlos@zapform.com.br,-,2025-04-01 04:08:42,01/04/2025 04:08,01/04/2025 11:54,-,0.32 dias,-,-,-,-
1601308,Aguardando Verificação/Aprovação (NAVA),0,carlos@zapform.com.br,-,2025-04-01 11:54:59,01/04/2025 11:54,01/04/2025 17:30,-,0.23 dias,-,-,-,-
1601308,Enviado para o RM (Integração),1,carlos@zapform.com.br,-,2025-04-01 17:30:31,01/04/2025 17:30,01/04/2025 17:31,-,0.0 dias,-,-,-,-
1601308,Contrato Ativo,2,carlos@zapform.com.br,-,2025-04-01 17:31:07,01/04/2025 17:31,02/04/2025 16:45,-,0.97 dias,-,-,-,-
1601308,Aguardando Verificação/Aprovação (NAVA),0,carlos@zapform.com.br,-,2025-04-02 16:45:54,02/04/2025 16:45,03/04/2025 16:07,-,0.97 dias,-,-,-,-
1601308,Enviado para o RM (Integração),1,carlos@zapform.com.br,-,2025-04-03 16:07:00,03/04/2025 16:07,03/04/2025 16:07,-,0.0 dias,-,-,-,-
1601308,Contrato Ativo,2,carlos@zapform.com.br,-,2025-04-03 16:07:36,03/04/2025 16:07,-,-,-,-,-,-,-
1601306,Aguardando Verificação/Aprovação (NAVA),0,-,-,2025-03-31 22:14:38,31/03/2025 22:14,01/04/2025 17:29,-,0.8 dias,-,-,-,-
1601306,Enviado para o RM (Integração),1,carlos@zapform.com.br,-,2025-04-01 17:29:46,01/04/2025 17:29,01/04/2025 17:30,-,0.0 dias,-,-,-,-
1601306,Contrato Ativo,2,carlos@zapform.com.br,-,2025-04-01 17:30:28,01/04/2025 17:30,-,-,-,-,-,-,-
1601304,Aguardando Verificação/Aprovação (NAVA),0,-,-,2025-03-31 22:14:17,31/03/2025 22:14,01/04/2025 04:07,-,0.24 dias,-,-,-,-
1601304,Enviado para o RM (Integração),1,carlos@zapform.com.br,-,2025-04-01 04:07:00,01/04/2025 04:07,01/04/2025 04:07,-,0.0 dias,-,-,-,-
1601304,Contrato Ativo,2,carlos@zapform.com.br,-,2025-04-01 04:07:34,01/04/2025 04:07,16/07/2025 09:35,-,106.23 dias,-,-,-,-
1601304,Aguardando Verificação/Aprovação (NAVA),0,integracao-projetoisp,-,2025-07-16 09:35:25,16/07/2025 09:35,16/07/2025 09:36,-,0.0 dias,-,-,-,-
1601304,Enviado para o RM (Integração),1,integracao-projetoisp,-,2025-07-16 09:36:20,16/07/2025 09:36,16/07/2025 09:36,-,0.0 dias,-,-,-,-
1601304,Contrato Ativo,2,integracao-projetoisp,-,2025-07-16 09:36:51,16/07/2025 09:36,-,-,-,-,-,-,-
1601302,Aguardando Verificação/Aprovação (NAVA),0,-,-,2025-03-31 22:13:56,31/03/2025 22:13,01/04/2025 04:06,-,0.24 dias,-,-,-,-
1601302,Enviado para o RM (Integração),1,carlos@zapform.com.br,-,2025-04-01 04:06:18,01/04/2025 04:06,01/04/2025 04:06,-,0.0 dias,-,-,-,-
1601302,Erro de Importação,E,carlos@zapform.com.br,-,2025-04-01 04:06:34,01/04/2025 04:06,01/04/2025 11:54,-,0.33 dias,-,-,-,-
1601302,Aguardando Verificação/Aprovação (NAVA),0,carlos@zapform.com.br,-,2025-04-01 11:54:59,01/04/2025 11:54,01/04/2025 17:28,-,0.23 dias,-,-,-,-
1601302,Enviado para o RM (Integração),1,carlos@zapform.com.br,-,2025-04-01 17:28:59,01/04/2025 17:28,01/04/2025 17:29,-,0.0 dias,-,-,-,-
1601302,Contrato Ativo,2,carlos@zapform.com.br,-,2025-04-01 17:29:37,01/04/2025 17:29,02/04/2025 16:45,-,0.97 dias,-,-,-,-
1601302,Aguardando Verificação/Aprovação (NAVA),0,carlos@zapform.com.br,-,2025-04-02 16:45:54,02/04/2025 16:45,03/04/2025 16:06,-,0.97 dias,-,-,-,-
1601302,Enviado para o RM (Integração),1,carlos@zapform.com.br,-,2025-04-03 16:06:26,03/04/2025 16:06,03/04/2025 16:07,-,0.0 dias,-,-,-,-
1601302,Contrato Ativo,2,carlos@zapform.com.br,-,2025-04-03 16:07:04,03/04/2025 16:07,-,-,-,-,-,-,-
1601300,Aguardando Verificação/Aprovação (NAVA),0,-,-,2025-03-31 22:13:35,31/03/2025 22:13,01/04/2025 04:05,-,0.24 dias,-,-,-,-
1601300,Enviado para o RM (Integração),1,carlos@zapform.com.br,-,2025-04-01 04:05:35,01/04/2025 04:05,01/04/2025 04:06,-,0.0 dias,-,-,-,-
1601300,Contrato Ativo,2,carlos@zapform.com.br,-,2025-04-01 04:06:16,01/04/2025 04:06,-,-,-,-,-,-,-
1601298,Aguardando Verificação/Aprovação (NAVA),0,-,-,2025-03-31 22:13:14,31/03/2025 22:13,01/04/2025 04:04,-,0.24 dias,-,-,-,-
1601298,Enviado para o RM (Integração),1,carlos@zapform.com.br,-,2025-04-01 04:04:52,01/04/2025 04:04,01/04/2025 04:05,-,0.0 dias,-,-,-,-
1601298,Contrato Ativo,2,carlos@zapform.com.br,-,2025-04-01 04:05:21,01/04/2025 04:05,-,-,-,-,-,-,-
1601296,Aguardando Verificação/Aprovação (NAVA),0,-,-,2025-03-31 22:12:52,31/03/2025 22:12,01/04/2025 04:04,-,0.24 dias,-,-,-,-
1601296,Enviado para o RM (Integração),1,carlos@zapform.com.br,-,2025-04-01 04:04:09,01/04/2025 04:04,01/04/2025 04:04,-,0.0 dias,-,-,-,-
1601296,Contrato Ativo,2,carlos@zapform.com.br,-,2025-04-01 04:04:46,01/04/2025 04:04,-,-,-,-,-,-,-
1601294,Aguardando Verificação/Aprovação (NAVA),0,-,-,2025-03-31 22:12:31,31/03/2025 22:12,01/04/2025 04:03,-,0.24 dias,-,-,-,-
1601294,Enviado para o RM (Integração),1,carlos@zapform.com.br,-,2025-04-01 04:03:26,01/04/2025 04:03,01/04/2025 04:03,-,0.0 dias,-,-,-,-
1601294,Erro de Importação,E,carlos@zapform.com.br,-,2025-04-01 04:03:39,01/04/2025 04:03,01/04/2025 11:54,-,0.33 dias,-,-,-,-
1601294,Aguardando Verificação/Aprovação (NAVA),0,carlos@zapform.com.br,-,2025-04-01 11:54:59,01/04/2025 11:54,01/04/2025 17:28,-,0.23 dias,-,-,-,-
1601294,Enviado para o RM (Integração),1,carlos@zapform.com.br,-,2025-04-01 17:28:07,01/04/2025 17:28,01/04/2025 17:28,-,0.0 dias,-,-,-,-
1601294,Contrato Ativo,2,carlos@zapform.com.br,-,2025-04-01 17:28:39,01/04/2025 17:28,02/04/2025 16:45,-,0.97 dias,-,-,-,-
1601294,Aguardando Verificação/Aprovação (NAVA),0,carlos@zapform.com.br,-,2025-04-02 16:45:54,02/04/2025 16:45,03/04/2025 16:05,-,0.97 dias,-,-,-,-
1601294,Enviado para o RM (Integração),1,carlos@zapform.com.br,-,2025-04-03 16:05:52,03/04/2025 16:05,03/04/2025 16:06,-,0.0 dias,-,-,-,-
1601294,Contrato Ativo,2,carlos@zapform.com.br,-,2025-04-03 16:06:31,03/04/2025 16:06,-,-,-,-,-,-,-
1601292,Aguardando Verificação/Aprovação (NAVA),0,-,-,2025-03-31 22:12:10,31/03/2025 22:12,01/04/2025 04:02,-,0.24 dias,-,-,-,-
1601292,Enviado para o RM (Integração),1,carlos@zapform.com.br,-,2025-04-01 04:02:43,01/04/2025 04:02,01/04/2025 04:03,-,0.0 dias,-,-,-,-
1601292,Contrato Ativo,2,carlos@zapform.com.br,-,2025-04-01 04:03:13,01/04/2025 04:03,-,-,-,-,-,-,-
1601290,Aguardando Verificação/Aprovação (NAVA),0,-,-,2025-03-31 22:11:48,31/03/2025 22:11,01/04/2025 04:02,-,0.24 dias,-,-,-,-
1601290,Enviado para o RM (Integração),1,carlos@zapform.com.br,-,2025-04-01 04:02:00,01/04/2025 04:02,01/04/2025 04:02,-,0.0 dias,-,-,-,-
1601290,Contrato Ativo,2,carlos@zapform.com.br,-,2025-04-01 04:02:31,01/04/2025 04:02,-,-,-,-,-,-,-
1601288,Aguardando Verificação/Aprovação (NAVA),0,-,-,2025-03-31 22:11:26,31/03/2025 22:11,01/04/2025 04:01,-,0.24 dias,-,-,-,-
1601288,Enviado para o RM (Integração),1,carlos@zapform.com.br,-,2025-04-01 04:01:17,01/04/2025 04:01,01/04/2025 04:01,-,0.0 dias,-,-,-,-
1601288,Contrato Ativo,2,carlos@zapform.com.br,-,2025-04-01 04:01:50,01/04/2025 04:01,15/05/2025 15:28,-,44.48 dias,-,-,-,-
1601288,Aguardando Verificação/Aprovação (NAVA),0,integracao-projetoisp,-,2025-05-15 15:28:17,15/05/2025 15:28,15/05/2025 15:37,-,0.01 dias,-,-,-,-
1601288,Enviado para o RM (Integração),1,integracao-projetoisp,-,2025-05-15 15:37:50,15/05/2025 15:37,15/05/2025 15:38,-,0.0 dias,-,-,-,-
1601288,Erro de Importação,E,integracao-projetoisp,-,2025-05-15 15:38:04,15/05/2025 15:38,15/05/2025 15:41,-,0.0 dias,-,-,-,-
1601288,Contrato Ativo,2,celiene.pinho@nava.com.br,-,2025-05-15 15:41:05,15/05/2025 15:41,15/05/2025 15:42,-,0.0 dias,-,-,-,-
1601288,Erro de Importação,E,celiene.pinho@nava.com.br,-,2025-05-15 15:42:49,15/05/2025 15:42,-,-,-,-,-,-,-
1601286,Aguardando Verificação/Aprovação (NAVA),0,-,-,2025-03-31 22:11:06,31/03/2025 22:11,01/04/2025 04:00,-,0.24 dias,-,-,-,-
1601286,Enviado para o RM (Integração),1,carlos@zapform.com.br,-,2025-04-01 04:00:34,01/04/2025 04:00,01/04/2025 04:01,-,0.0 dias,-,-,-,-
1601286,Contrato Ativo,2,carlos@zapform.com.br,-,2025-04-01 04:01:09,01/04/2025 04:01,-,-,-,-,-,-,-
1601284,Aguardando Verificação/Aprovação (NAVA),0,-,-,2025-03-31 22:10:44,31/03/2025 22:10,01/04/2025 03:59,-,0.24 dias,-,-,-,-
1601284,Enviado para o RM (Integração),1,carlos@zapform.com.br,-,2025-04-01 03:59:51,01/04/2025 03:59,01/04/2025 04:00,-,0.0 dias,-,-,-,-
1601284,Erro de Importação,E,carlos@zapform.com.br,-,2025-04-01 04:00:12,01/04/2025 04:00,01/04/2025 11:54,-,0.33 dias,-,-,-,-
1601284,Aguardando Verificação/Aprovação (NAVA),0,carlos@zapform.com.br,-,2025-04-01 11:54:59,01/04/2025 11:54,01/04/2025 17:27,-,0.23 dias,-,-,-,-
1601284,Enviado para o RM (Integração),1,carlos@zapform.com.br,-,2025-04-01 17:27:14,01/04/2025 17:27,01/04/2025 17:27,-,0.0 dias,-,-,-,-
1601284,Contrato Ativo,2,carlos@zapform.com.br,-,2025-04-01 17:27:46,01/04/2025 17:27,02/04/2025 16:45,-,0.97 dias,-,-,-,-
1601284,Aguardando Verificação/Aprovação (NAVA),0,carlos@zapform.com.br,-,2025-04-02 16:45:54,02/04/2025 16:45,03/04/2025 16:05,-,0.97 dias,-,-,-,-
1601284,Enviado para o RM (Integração),1,carlos@zapform.com.br,-,2025-04-03 16:05:18,03/04/2025 16:05,03/04/2025 16:05,-,0.0 dias,-,-,-,-
1601284,Contrato Ativo,2,carlos@zapform.com.br,-,2025-04-03 16:05:49,03/04/2025 16:05,-,-,-,-,-,-,-
1601282,Aguardando Verificação/Aprovação (NAVA),0,-,-,2025-03-31 22:10:23,31/03/2025 22:10,01/04/2025 03:59,-,0.24 dias,-,-,-,-
1601282,Enviado para o RM (Integração),1,carlos@zapform.com.br,-,2025-04-01 03:59:08,01/04/2025 03:59,01/04/2025 03:59,-,0.0 dias,-,-,-,-
1601282,Contrato Ativo,2,carlos@zapform.com.br,-,2025-04-01 03:59:38,01/04/2025 03:59,26/05/2025 14:34,-,55.44 dias,-,-,-,-
1601282,Aguardando Verificação/Aprovação (NAVA),0,integracao-projetoisp,-,2025-05-26 14:34:55,26/05/2025 14:34,26/05/2025 14:34,-,0.0 dias,-,-,-,-
1601282,Contratos Encerrados,5,gabriels.santos@nava.com.br,-,2025-05-26 14:34:59,26/05/2025 14:34,-,-,-,-,-,-,-
1601280,Aguardando Verificação/Aprovação (NAVA),0,-,-,2025-03-31 22:10:02,31/03/2025 22:10,01/04/2025 03:58,-,0.24 dias,-,-,-,-
1601280,Enviado para o RM (Integração),1,carlos@zapform.com.br,-,2025-04-01 03:58:25,01/04/2025 03:58,01/04/2025 03:58,-,0.0 dias,-,-,-,-
1601280,Contrato Ativo,2,carlos@zapform.com.br,-,2025-04-01 03:58:59,01/04/2025 03:58,15/09/2025 12:57,-,167.37 dias,-,-,-,-
1601280,Aguardando Verificação/Aprovação (NAVA),0,integracao-projetoisp,-,2025-09-15 12:57:09,15/09/2025 12:57,15/09/2025 12:57,-,0.0 dias,-,-,-,-
1601280,Contratos Encerrados,5,gabriels.santos@nava.com.br,-,2025-09-15 12:57:19,15/09/2025 12:57,-,-,-,-,-,-,-
1601278,Aguardando Verificação/Aprovação (NAVA),0,-,-,2025-03-31 22:09:41,31/03/2025 22:09,01/04/2025 03:57,-,0.24 dias,-,-,-,-
1601278,Enviado para o RM (Integração),1,carlos@zapform.com.br,-,2025-04-01 03:57:42,01/04/2025 03:57,01/04/2025 03:57,-,0.0 dias,-,-,-,-
1601278,Erro de Importação,E,carlos@zapform.com.br,-,2025-04-01 03:57:57,01/04/2025 03:57,01/04/2025 11:55,-,0.33 dias,-,-,-,-
1601278,Aguardando Verificação/Aprovação (NAVA),0,carlos@zapform.com.br,-,2025-04-01 11:55:00,01/04/2025 11:55,01/04/2025 17:26,-,0.23 dias,-,-,-,-
1601278,Enviado para o RM (Integração),1,carlos@zapform.com.br,-,2025-04-01 17:26:25,01/04/2025 17:26,01/04/2025 17:26,-,0.0 dias,-,-,-,-
1601278,Contrato Ativo,2,carlos@zapform.com.br,-,2025-04-01 17:26:56,01/04/2025 17:26,02/04/2025 16:45,-,0.97 dias,-,-,-,-
1601278,Aguardando Verificação/Aprovação (NAVA),0,carlos@zapform.com.br,-,2025-04-02 16:45:54,02/04/2025 16:45,03/04/2025 16:04,-,0.97 dias,-,-,-,-
1601278,Enviado para o RM (Integração),1,carlos@zapform.com.br,-,2025-04-03 16:04:44,03/04/2025 16:04,03/04/2025 16:05,-,0.0 dias,-,-,-,-
1601278,Contrato Ativo,2,carlos@zapform.com.br,-,2025-04-03 16:05:21,03/04/2025 16:05,-,-,-,-,-,-,-
1601276,Aguardando Verificação/Aprovação (NAVA),0,-,-,2025-03-31 22:09:20,31/03/2025 22:09,01/04/2025 03:56,-,0.24 dias,-,-,-,-
1601276,Enviado para o RM (Integração),1,carlos@zapform.com.br,-,2025-04-01 03:56:59,01/04/2025 03:56,01/04/2025 03:57,-,0.0 dias,-,-,-,-
1601276,Contrato Ativo,2,carlos@zapform.com.br,-,2025-04-01 03:57:35,01/04/2025 03:57,30/04/2025 10:46,-,29.28 dias,-,-,-,-
1601276,Contratos Encerrados,5,thais.roberta@nava.com.br,-,2025-04-30 10:46:59,30/04/2025 10:46,-,-,-,-,-,-,-
1601274,Aguardando Verificação/Aprovação (NAVA),0,-,-,2025-03-31 22:08:58,31/03/2025 22:08,01/04/2025 03:56,-,0.24 dias,-,-,-,-
1601274,Enviado para o RM (Integração),1,carlos@zapform.com.br,-,2025-04-01 03:56:16,01/04/2025 03:56,01/04/2025 03:56,-,0.0 dias,-,-,-,-
1601274,Contrato Ativo,2,carlos@zapform.com.br,-,2025-04-01 03:56:49,01/04/2025 03:56,-,-,-,-,-,-,-
1601272,Aguardando Verificação/Aprovação (NAVA),0,-,-,2025-03-31 22:08:37,31/03/2025 22:08,01/04/2025 03:55,-,0.24 dias,-,-,-,-
1601272,Enviado para o RM (Integração),1,carlos@zapform.com.br,-,2025-04-01 03:55:33,01/04/2025 03:55,01/04/2025 03:56,-,0.0 dias,-,-,-,-
1601272,Contrato Ativo,2,carlos@zapform.com.br,-,2025-04-01 03:56:27,01/04/2025 03:56,30/04/2025 10:40,-,29.28 dias,-,-,-,-
1601272,Contratos Encerrados,5,thais.roberta@nava.com.br,-,2025-04-30 10:40:36,30/04/2025 10:40,-,-,-,-,-,-,-
1601270,Aguardando Verificação/Aprovação (NAVA),0,-,-,2025-03-31 22:08:16,31/03/2025 22:08,01/04/2025 03:54,-,0.24 dias,-,-,-,-
1601270,Enviado para o RM (Integração),1,carlos@zapform.com.br,-,2025-04-01 03:54:51,01/04/2025 03:54,01/04/2025 03:55,-,0.0 dias,-,-,-,-
1601270,Erro de Importação,E,carlos@zapform.com.br,-,2025-04-01 03:55:17,01/04/2025 03:55,01/04/2025 11:54,-,0.33 dias,-,-,-,-
1601270,Aguardando Verificação/Aprovação (NAVA),0,carlos@zapform.com.br,-,2025-04-01 11:54:59,01/04/2025 11:54,01/04/2025 17:25,-,0.23 dias,-,-,-,-
1601270,Enviado para o RM (Integração),1,carlos@zapform.com.br,-,2025-04-01 17:25:33,01/04/2025 17:25,01/04/2025 17:26,-,0.0 dias,-,-,-,-
1601270,Contrato Ativo,2,carlos@zapform.com.br,-,2025-04-01 17:26:27,01/04/2025 17:26,02/04/2025 16:45,-,0.97 dias,-,-,-,-
1601270,Aguardando Verificação/Aprovação (NAVA),0,carlos@zapform.com.br,-,2025-04-02 16:45:54,02/04/2025 16:45,03/04/2025 16:04,-,0.97 dias,-,-,-,-
1601270,Enviado para o RM (Integração),1,carlos@zapform.com.br,-,2025-04-03 16:04:11,03/04/2025 16:04,03/04/2025 16:05,-,0.0 dias,-,-,-,-
1601270,Contrato Ativo,2,carlos@zapform.com.br,-,2025-04-03 16:05:05,03/04/2025 16:05,-,-,-,-,-,-,-
1601268,Aguardando Verificação/Aprovação (NAVA),0,-,-,2025-03-31 22:07:56,31/03/2025 22:07,01/04/2025 03:54,-,0.24 dias,-,-,-,-
1601268,Enviado para o RM (Integração),1,carlos@zapform.com.br,-,2025-04-01 03:54:07,01/04/2025 03:54,01/04/2025 03:55,-,0.0 dias,-,-,-,-
1601268,Contrato Ativo,2,carlos@zapform.com.br,-,2025-04-01 03:55:05,01/04/2025 03:55,-,-,-,-,-,-,-
1601266,Aguardando Verificação/Aprovação (NAVA),0,-,-,2025-03-31 22:07:35,31/03/2025 22:07,01/04/2025 03:53,-,0.24 dias,-,-,-,-
1601266,Enviado para o RM (Integração),1,carlos@zapform.com.br,-,2025-04-01 03:53:25,01/04/2025 03:53,01/04/2025 03:54,-,0.0 dias,-,-,-,-
1601266,Contrato Ativo,2,carlos@zapform.com.br,-,2025-04-01 03:54:15,01/04/2025 03:54,-,-,-,-,-,-,-
1601264,Aguardando Verificação/Aprovação (NAVA),0,-,-,2025-03-31 22:07:15,31/03/2025 22:07,01/04/2025 03:52,-,0.24 dias,-,-,-,-
1601264,Enviado para o RM (Integração),1,carlos@zapform.com.br,-,2025-04-01 03:52:42,01/04/2025 03:52,01/04/2025 03:52,-,0.0 dias,-,-,-,-
1601264,Erro de Importação,E,carlos@zapform.com.br,-,2025-04-01 03:52:56,01/04/2025 03:52,01/04/2025 11:54,-,0.33 dias,-,-,-,-
1601264,Aguardando Verificação/Aprovação (NAVA),0,carlos@zapform.com.br,-,2025-04-01 11:54:59,01/04/2025 11:54,01/04/2025 17:24,-,0.23 dias,-,-,-,-
1601264,Enviado para o RM (Integração),1,carlos@zapform.com.br,-,2025-04-01 17:24:44,01/04/2025 17:24,01/04/2025 17:25,-,0.0 dias,-,-,-,-
1601264,Contrato Ativo,2,carlos@zapform.com.br,-,2025-04-01 17:25:22,01/04/2025 17:25,02/04/2025 16:45,-,0.97 dias,-,-,-,-
1601264,Aguardando Verificação/Aprovação (NAVA),0,carlos@zapform.com.br,-,2025-04-02 16:45:54,02/04/2025 16:45,03/04/2025 16:03,-,0.97 dias,-,-,-,-
1601264,Enviado para o RM (Integração),1,carlos@zapform.com.br,-,2025-04-03 16:03:37,03/04/2025 16:03,03/04/2025 16:04,-,0.0 dias,-,-,-,-
1601264,Contrato Ativo,2,carlos@zapform.com.br,-,2025-04-03 16:04:12,03/04/2025 16:04,-,-,-,-,-,-,-
1601262,Aguardando Verificação/Aprovação (NAVA),0,-,-,2025-03-31 22:06:52,31/03/2025 22:06,01/04/2025 03:51,-,0.24 dias,-,-,-,-
1601262,Enviado para o RM (Integração),1,carlos@zapform.com.br,-,2025-04-01 03:51:59,01/04/2025 03:51,01/04/2025 03:52,-,0.0 dias,-,-,-,-
1601262,Contrato Ativo,2,carlos@zapform.com.br,-,2025-04-01 03:52:45,01/04/2025 03:52,-,-,-,-,-,-,-
1601260,Aguardando Verificação/Aprovação (NAVA),0,-,-,2025-03-31 22:06:32,31/03/2025 22:06,01/04/2025 03:51,-,0.24 dias,-,-,-,-
1601260,Enviado para o RM (Integração),1,carlos@zapform.com.br,-,2025-04-01 03:51:16,01/04/2025 03:51,01/04/2025 03:52,-,0.0 dias,-,-,-,-
1601260,Contrato Ativo,2,carlos@zapform.com.br,-,2025-04-01 03:52:10,01/04/2025 03:52,-,-,-,-,-,-,-
1601258,Aguardando Verificação/Aprovação (NAVA),0,-,-,2025-03-31 22:06:11,31/03/2025 22:06,01/04/2025 03:50,-,0.24 dias,-,-,-,-
1601258,Enviado para o RM (Integração),1,carlos@zapform.com.br,-,2025-04-01 03:50:33,01/04/2025 03:50,01/04/2025 03:51,-,0.0 dias,-,-,-,-
1601258,Contrato Ativo,2,carlos@zapform.com.br,-,2025-04-01 03:51:09,01/04/2025 03:51,-,-,-,-,-,-,-
1601256,Aguardando Verificação/Aprovação (NAVA),0,-,-,2025-03-31 22:05:50,31/03/2025 22:05,01/04/2025 03:49,-,0.24 dias,-,-,-,-
1601256,Enviado para o RM (Integração),1,carlos@zapform.com.br,-,2025-04-01 03:49:50,01/04/2025 03:49,01/04/2025 03:50,-,0.0 dias,-,-,-,-
1601256,Contrato Ativo,2,carlos@zapform.com.br,-,2025-04-01 03:50:56,01/04/2025 03:50,-,-,-,-,-,-,-
1601254,Aguardando Verificação/Aprovação (NAVA),0,-,-,2025-03-31 22:05:29,31/03/2025 22:05,01/04/2025 03:49,-,0.24 dias,-,-,-,-
1601254,Enviado para o RM (Integração),1,carlos@zapform.com.br,-,2025-04-01 03:49:07,01/04/2025 03:49,01/04/2025 03:50,-,0.0 dias,-,-,-,-
1601254,Contrato Ativo,2,carlos@zapform.com.br,-,2025-04-01 03:50:07,01/04/2025 03:50,07/05/2025 08:55,-,36.21 dias,-,-,-,-
1601254,Aguardando Verificação/Aprovação (NAVA),0,integracao-projetoisp,-,2025-05-07 08:55:20,07/05/2025 08:55,07/05/2025 09:03,-,0.01 dias,-,-,-,-
1601254,Contratos Encerrados,5,thais.roberta@nava.com.br,-,2025-05-07 09:03:24,07/05/2025 09:03,-,-,-,-,-,-,-
1601252,Aguardando Verificação/Aprovação (NAVA),0,-,-,2025-03-31 22:05:08,31/03/2025 22:05,01/04/2025 03:48,-,0.24 dias,-,-,-,-
1601252,Enviado para o RM (Integração),1,carlos@zapform.com.br,-,2025-04-01 03:48:25,01/04/2025 03:48,01/04/2025 03:48,-,0.0 dias,-,-,-,-
1601252,Contrato Ativo,2,carlos@zapform.com.br,-,2025-04-01 03:48:55,01/04/2025 03:48,-,-,-,-,-,-,-
1601250,Aguardando Verificação/Aprovação (NAVA),0,-,-,2025-03-31 22:04:47,31/03/2025 22:04,01/04/2025 03:47,-,0.24 dias,-,-,-,-
1601250,Enviado para o RM (Integração),1,carlos@zapform.com.br,-,2025-04-01 03:47:42,01/04/2025 03:47,01/04/2025 03:47,-,0.0 dias,-,-,-,-
1601250,Erro de Importação,E,carlos@zapform.com.br,-,2025-04-01 03:47:56,01/04/2025 03:47,01/04/2025 11:54,-,0.34 dias,-,-,-,-
1601250,Aguardando Verificação/Aprovação (NAVA),0,carlos@zapform.com.br,-,2025-04-01 11:54:59,01/04/2025 11:54,01/04/2025 17:23,-,0.23 dias,-,-,-,-
1601250,Enviado para o RM (Integração),1,carlos@zapform.com.br,-,2025-04-01 17:23:45,01/04/2025 17:23,01/04/2025 17:24,-,0.0 dias,-,-,-,-
1601250,Contrato Ativo,2,carlos@zapform.com.br,-,2025-04-01 17:24:24,01/04/2025 17:24,02/04/2025 16:45,-,0.97 dias,-,-,-,-
1601250,Aguardando Verificação/Aprovação (NAVA),0,carlos@zapform.com.br,-,2025-04-02 16:45:54,02/04/2025 16:45,03/04/2025 16:03,-,0.97 dias,-,-,-,-
1601250,Enviado para o RM (Integração),1,carlos@zapform.com.br,-,2025-04-03 16:03:02,03/04/2025 16:03,03/04/2025 16:03,-,0.0 dias,-,-,-,-
1601250,Contrato Ativo,2,carlos@zapform.com.br,-,2025-04-03 16:03:37,03/04/2025 16:03,14/04/2025 15:32,-,10.98 dias,-,-,-,-
1601250,Aguardando Verificação/Aprovação (NAVA),0,carlos@zapform.com.br,-,2025-04-14 15:32:50,14/04/2025 15:32,14/04/2025 15:35,-,0.0 dias,-,-,-,-
1601250,Enviado para o RM (Integração),1,carlos@zapform.com.br,-,2025-04-14 15:35:10,14/04/2025 15:35,14/04/2025 15:35,-,0.0 dias,-,-,-,-
1601250,Contrato Ativo,2,carlos@zapform.com.br,-,2025-04-14 15:35:51,14/04/2025 15:35,30/04/2025 11:27,-,15.83 dias,-,-,-,-
1601250,Aguardando Verificação/Aprovação (NAVA),0,integracao-projetoisp,-,2025-04-30 11:27:11,30/04/2025 11:27,30/04/2025 11:29,-,0.0 dias,-,-,-,-
1601250,Contratos Encerrados,5,celiene.pinho@nava.com.br,-,2025-04-30 11:29:05,30/04/2025 11:29,30/04/2025 11:29,-,0.0 dias,-,-,-,-
1601250,Cancelado,X,celiene.pinho@nava.com.br,-,2025-04-30 11:29:50,30/04/2025 11:29,-,-,-,-,-,-,-
1601248,Aguardando Verificação/Aprovação (NAVA),0,-,-,2025-03-31 22:04:26,31/03/2025 22:04,01/04/2025 03:46,-,0.24 dias,-,-,-,-
1601248,Enviado para o RM (Integração),1,carlos@zapform.com.br,-,2025-04-01 03:46:59,01/04/2025 03:46,01/04/2025 03:47,-,0.0 dias,-,-,-,-
1601248,Erro de Importação,E,carlos@zapform.com.br,-,2025-04-01 03:47:18,01/04/2025 03:47,01/04/2025 11:55,-,0.34 dias,-,-,-,-
1601248,Aguardando Verificação/Aprovação (NAVA),0,carlos@zapform.com.br,-,2025-04-01 11:55:00,01/04/2025 11:55,01/04/2025 17:23,-,0.23 dias,-,-,-,-
1601248,Enviado para o RM (Integração),1,carlos@zapform.com.br,-,2025-04-01 17:23:01,01/04/2025 17:23,01/04/2025 17:23,-,0.0 dias,-,-,-,-
1601248,Contrato Ativo,2,carlos@zapform.com.br,-,2025-04-01 17:23:52,01/04/2025 17:23,02/04/2025 16:45,-,0.97 dias,-,-,-,-
1601248,Aguardando Verificação/Aprovação (NAVA),0,carlos@zapform.com.br,-,2025-04-02 16:45:54,02/04/2025 16:45,03/04/2025 16:02,-,0.97 dias,-,-,-,-
1601248,Enviado para o RM (Integração),1,carlos@zapform.com.br,-,2025-04-03 16:02:28,03/04/2025 16:02,03/04/2025 16:03,-,0.0 dias,-,-,-,-
1601248,Contrato Ativo,2,carlos@zapform.com.br,-,2025-04-03 16:03:17,03/04/2025 16:03,-,-,-,-,-,-,-
1601246,Aguardando Verificação/Aprovação (NAVA),0,-,-,2025-03-31 22:04:05,31/03/2025 22:04,01/04/2025 03:46,-,0.24 dias,-,-,-,-
1601246,Enviado para o RM (Integração),1,carlos@zapform.com.br,-,2025-04-01 03:46:16,01/04/2025 03:46,01/04/2025 03:46,-,0.0 dias,-,-,-,-
1601246,Erro de Importação,E,carlos@zapform.com.br,-,2025-04-01 03:46:30,01/04/2025 03:46,01/04/2025 11:55,-,0.34 dias,-,-,-,-
1601246,Aguardando Verificação/Aprovação (NAVA),0,carlos@zapform.com.br,-,2025-04-01 11:55:00,01/04/2025 11:55,01/04/2025 17:22,-,0.23 dias,-,-,-,-
1601246,Enviado para o RM (Integração),1,carlos@zapform.com.br,-,2025-04-01 17:22:16,01/04/2025 17:22,01/04/2025 17:22,-,0.0 dias,-,-,-,-
1601246,Contrato Ativo,2,carlos@zapform.com.br,-,2025-04-01 17:22:54,01/04/2025 17:22,02/04/2025 16:45,-,0.97 dias,-,-,-,-
1601246,Aguardando Verificação/Aprovação (NAVA),0,carlos@zapform.com.br,-,2025-04-02 16:45:54,02/04/2025 16:45,03/04/2025 16:01,-,0.97 dias,-,-,-,-
1601246,Enviado para o RM (Integração),1,carlos@zapform.com.br,-,2025-04-03 16:01:54,03/04/2025 16:01,03/04/2025 16:02,-,0.0 dias,-,-,-,-
1601246,Contrato Ativo,2,carlos@zapform.com.br,-,2025-04-03 16:02:26,03/04/2025 16:02,-,-,-,-,-,-,-
1601244,Aguardando Verificação/Aprovação (NAVA),0,-,-,2025-03-31 22:03:44,31/03/2025 22:03,01/04/2025 03:45,-,0.24 dias,-,-,-,-
1601244,Enviado para o RM (Integração),1,carlos@zapform.com.br,-,2025-04-01 03:45:33,01/04/2025 03:45,01/04/2025 03:45,-,0.0 dias,-,-,-,-
1601244,Erro de Importação,E,carlos@zapform.com.br,-,2025-04-01 03:45:55,01/04/2025 03:45,01/04/2025 11:55,-,0.34 dias,-,-,-,-
1601244,Aguardando Verificação/Aprovação (NAVA),0,carlos@zapform.com.br,-,2025-04-01 11:55:01,01/04/2025 11:55,01/04/2025 17:21,-,0.23 dias,-,-,-,-
1601244,Enviado para o RM (Integração),1,carlos@zapform.com.br,-,2025-04-01 17:21:32,01/04/2025 17:21,01/04/2025 17:22,-,0.0 dias,-,-,-,-
1601244,Contrato Ativo,2,carlos@zapform.com.br,-,2025-04-01 17:22:39,01/04/2025 17:22,02/04/2025 16:45,-,0.97 dias,-,-,-,-
1601244,Aguardando Verificação/Aprovação (NAVA),0,carlos@zapform.com.br,-,2025-04-02 16:45:54,02/04/2025 16:45,03/04/2025 16:01,-,0.97 dias,-,-,-,-
1601244,Enviado para o RM (Integração),1,carlos@zapform.com.br,-,2025-04-03 16:01:20,03/04/2025 16:01,03/04/2025 16:02,-,0.0 dias,-,-,-,-
1601244,Contrato Ativo,2,carlos@zapform.com.br,-,2025-04-03 16:02:16,03/04/2025 16:02,19/08/2025 08:59,-,137.71 dias,-,-,-,-
1601244,Aguardando Verificação/Aprovação (NAVA),0,integracao-projetoisp,-,2025-08-19 08:59:49,19/08/2025 08:59,19/08/2025 09:01,-,0.0 dias,-,-,-,-
1601244,Contratos Encerrados,5,gabriels.santos@nava.com.br,-,2025-08-19 09:01:32,19/08/2025 09:01,-,-,-,-,-,-,-
1601242,Aguardando Verificação/Aprovação (NAVA),0,-,-,2025-03-31 22:03:23,31/03/2025 22:03,01/04/2025 03:44,-,0.24 dias,-,-,-,-
1601242,Enviado para o RM (Integração),1,carlos@zapform.com.br,-,2025-04-01 03:44:51,01/04/2025 03:44,01/04/2025 03:45,-,0.0 dias,-,-,-,-
1601242,Contrato Ativo,2,carlos@zapform.com.br,-,2025-04-01 03:45:48,01/04/2025 03:45,26/08/2025 09:13,-,147.23 dias,-,-,-,-
1601242,Aguardando Verificação/Aprovação (NAVA),0,integracao-projetoisp,-,2025-08-26 09:13:54,26/08/2025 09:13,26/08/2025 09:13,-,0.0 dias,-,-,-,-
1601242,Contratos Encerrados,5,gabriels.santos@nava.com.br,-,2025-08-26 09:13:58,26/08/2025 09:13,-,-,-,-,-,-,-
1601240,Aguardando Verificação/Aprovação (NAVA),0,-,-,2025-03-31 22:03:01,31/03/2025 22:03,01/04/2025 03:44,-,0.24 dias,-,-,-,-
1601240,Enviado para o RM (Integração),1,carlos@zapform.com.br,-,2025-04-01 03:44:08,01/04/2025 03:44,01/04/2025 03:44,-,0.0 dias,-,-,-,-
1601240,Erro de Importação,E,carlos@zapform.com.br,-,2025-04-01 03:44:31,01/04/2025 03:44,01/04/2025 11:54,-,0.34 dias,-,-,-,-
1601240,Aguardando Verificação/Aprovação (NAVA),0,carlos@zapform.com.br,-,2025-04-01 11:54:59,01/04/2025 11:54,01/04/2025 17:20,-,0.23 dias,-,-,-,-
1601240,Enviado para o RM (Integração),1,carlos@zapform.com.br,-,2025-04-01 17:20:44,01/04/2025 17:20,01/04/2025 17:21,-,0.0 dias,-,-,-,-
1601240,Contrato Ativo,2,carlos@zapform.com.br,-,2025-04-01 17:21:38,01/04/2025 17:21,02/04/2025 16:45,-,0.98 dias,-,-,-,-
1601240,Aguardando Verificação/Aprovação (NAVA),0,carlos@zapform.com.br,-,2025-04-02 16:45:54,02/04/2025 16:45,03/04/2025 16:00,-,0.97 dias,-,-,-,-
1601240,Enviado para o RM (Integração),1,carlos@zapform.com.br,-,2025-04-03 16:00:46,03/04/2025 16:00,03/04/2025 16:01,-,0.0 dias,-,-,-,-
1601240,Contrato Ativo,2,carlos@zapform.com.br,-,2025-04-03 16:01:42,03/04/2025 16:01,-,-,-,-,-,-,-
1601238,Aguardando Verificação/Aprovação (NAVA),0,-,-,2025-03-31 22:02:41,31/03/2025 22:02,01/04/2025 03:43,-,0.24 dias,-,-,-,-
1601238,Enviado para o RM (Integração),1,carlos@zapform.com.br,-,2025-04-01 03:43:25,01/04/2025 03:43,01/04/2025 03:44,-,0.0 dias,-,-,-,-
1601238,Contrato Ativo,2,carlos@zapform.com.br,-,2025-04-01 03:44:06,01/04/2025 03:44,-,-,-,-,-,-,-
1601236,Aguardando Verificação/Aprovação (NAVA),0,-,-,2025-03-31 22:02:20,31/03/2025 22:02,01/04/2025 03:42,-,0.24 dias,-,-,-,-
1601236,Enviado para o RM (Integração),1,carlos@zapform.com.br,-,2025-04-01 03:42:41,01/04/2025 03:42,01/04/2025 03:43,-,0.0 dias,-,-,-,-
1601236,Erro de Importação,E,carlos@zapform.com.br,-,2025-04-01 03:43:01,01/04/2025 03:43,01/04/2025 11:54,-,0.34 dias,-,-,-,-
1601236,Aguardando Verificação/Aprovação (NAVA),0,carlos@zapform.com.br,-,2025-04-01 11:54:59,01/04/2025 11:54,01/04/2025 17:19,-,0.23 dias,-,-,-,-
1601236,Enviado para o RM (Integração),1,carlos@zapform.com.br,-,2025-04-01 17:19:57,01/04/2025 17:19,01/04/2025 17:20,-,0.0 dias,-,-,-,-
1601236,Contrato Ativo,2,carlos@zapform.com.br,-,2025-04-01 17:20:51,01/04/2025 17:20,02/04/2025 16:45,-,0.98 dias,-,-,-,-
1601236,Aguardando Verificação/Aprovação (NAVA),0,carlos@zapform.com.br,-,2025-04-02 16:45:54,02/04/2025 16:45,03/04/2025 16:00,-,0.97 dias,-,-,-,-
1601236,Enviado para o RM (Integração),1,carlos@zapform.com.br,-,2025-04-03 16:00:12,03/04/2025 16:00,03/04/2025 16:01,-,0.0 dias,-,-,-,-
1601236,Contrato Ativo,2,carlos@zapform.com.br,-,2025-04-03 16:01:07,03/04/2025 16:01,-,-,-,-,-,-,-
1601234,Aguardando Verificação/Aprovação (NAVA),0,-,-,2025-03-31 22:01:58,31/03/2025 22:01,01/04/2025 03:41,-,0.24 dias,-,-,-,-
1601234,Enviado para o RM (Integração),1,carlos@zapform.com.br,-,2025-04-01 03:41:59,01/04/2025 03:41,01/04/2025 03:42,-,0.0 dias,-,-,-,-
1601234,Contrato Ativo,2,carlos@zapform.com.br,-,2025-04-01 03:42:49,01/04/2025 03:42,-,-,-,-,-,-,-
1601232,Aguardando Verificação/Aprovação (NAVA),0,-,-,2025-03-31 22:01:38,31/03/2025 22:01,01/04/2025 03:41,-,0.24 dias,-,-,-,-
1601232,Enviado para o RM (Integração),1,carlos@zapform.com.br,-,2025-04-01 03:41:15,01/04/2025 03:41,01/04/2025 03:41,-,0.0 dias,-,-,-,-
1601232,Contrato Ativo,2,carlos@zapform.com.br,-,2025-04-01 03:41:46,01/04/2025 03:41,30/04/2025 10:50,-,29.3 dias,-,-,-,-
1601232,Contratos Encerrados,5,thais.roberta@nava.com.br,-,2025-04-30 10:50:49,30/04/2025 10:50,-,-,-,-,-,-,-
1601230,Aguardando Verificação/Aprovação (NAVA),0,-,-,2025-03-31 22:01:16,31/03/2025 22:01,01/04/2025 03:40,-,0.24 dias,-,-,-,-
1601230,Enviado para o RM (Integração),1,carlos@zapform.com.br,-,2025-04-01 03:40:33,01/04/2025 03:40,01/04/2025 03:41,-,0.0 dias,-,-,-,-
1601230,Contrato Ativo,2,carlos@zapform.com.br,-,2025-04-01 03:41:06,01/04/2025 03:41,08/08/2025 16:07,-,129.52 dias,-,-,-,-
1601230,Aguardando Verificação/Aprovação (NAVA),0,integracao-projetoisp,-,2025-08-08 16:07:09,08/08/2025 16:07,08/08/2025 16:07,-,0.0 dias,-,-,-,-
1601230,Contratos Encerrados,5,gabriels.santos@nava.com.br,-,2025-08-08 16:07:28,08/08/2025 16:07,-,-,-,-,-,-,-
1601228,Aguardando Verificação/Aprovação (NAVA),0,-,-,2025-03-31 22:00:55,31/03/2025 22:00,01/04/2025 03:39,-,0.24 dias,-,-,-,-
1601228,Enviado para o RM (Integração),1,carlos@zapform.com.br,-,2025-04-01 03:39:49,01/04/2025 03:39,01/04/2025 03:40,-,0.0 dias,-,-,-,-
1601228,Contrato Ativo,2,carlos@zapform.com.br,-,2025-04-01 03:40:52,01/04/2025 03:40,-,-,-,-,-,-,-
1601226,Aguardando Verificação/Aprovação (NAVA),0,-,-,2025-03-31 22:00:34,31/03/2025 22:00,01/04/2025 03:39,-,0.24 dias,-,-,-,-
1601226,Enviado para o RM (Integração),1,carlos@zapform.com.br,-,2025-04-01 03:39:07,01/04/2025 03:39,01/04/2025 03:39,-,0.0 dias,-,-,-,-
1601226,Erro de Importação,E,carlos@zapform.com.br,-,2025-04-01 03:39:30,01/04/2025 03:39,01/04/2025 11:54,-,0.34 dias,-,-,-,-
1601226,Aguardando Verificação/Aprovação (NAVA),0,carlos@zapform.com.br,-,2025-04-01 11:54:59,01/04/2025 11:54,01/04/2025 17:19,-,0.23 dias,-,-,-,-
1601226,Enviado para o RM (Integração),1,carlos@zapform.com.br,-,2025-04-01 17:19:03,01/04/2025 17:19,01/04/2025 17:19,-,0.0 dias,-,-,-,-
1601226,Contrato Ativo,2,carlos@zapform.com.br,-,2025-04-01 17:19:54,01/04/2025 17:19,02/04/2025 16:45,-,0.98 dias,-,-,-,-
1601226,Aguardando Verificação/Aprovação (NAVA),0,carlos@zapform.com.br,-,2025-04-02 16:45:54,02/04/2025 16:45,03/04/2025 15:59,-,0.97 dias,-,-,-,-
1601226,Enviado para o RM (Integração),1,carlos@zapform.com.br,-,2025-04-03 15:59:39,03/04/2025 15:59,03/04/2025 16:00,-,0.0 dias,-,-,-,-
1601226,Contrato Ativo,2,carlos@zapform.com.br,-,2025-04-03 16:00:40,03/04/2025 16:00,-,-,-,-,-,-,-
1601224,Aguardando Verificação/Aprovação (NAVA),0,-,-,2025-03-31 22:00:12,31/03/2025 22:00,01/04/2025 03:38,-,0.23 dias,-,-,-,-
1601224,Enviado para o RM (Integração),1,carlos@zapform.com.br,-,2025-04-01 03:38:24,01/04/2025 03:38,01/04/2025 03:38,-,0.0 dias,-,-,-,-
1601224,Erro de Importação,E,carlos@zapform.com.br,-,2025-04-01 03:38:59,01/04/2025 03:38,01/04/2025 11:55,-,0.34 dias,-,-,-,-
1601224,Aguardando Verificação/Aprovação (NAVA),0,carlos@zapform.com.br,-,2025-04-01 11:55:00,01/04/2025 11:55,01/04/2025 17:18,-,0.22 dias,-,-,-,-
1601224,Enviado para o RM (Integração),1,carlos@zapform.com.br,-,2025-04-01 17:18:19,01/04/2025 17:18,01/04/2025 17:19,-,0.0 dias,-,-,-,-
1601224,Contrato Ativo,2,carlos@zapform.com.br,-,2025-04-01 17:19:09,01/04/2025 17:19,02/04/2025 16:45,-,0.98 dias,-,-,-,-
1601224,Aguardando Verificação/Aprovação (NAVA),0,carlos@zapform.com.br,-,2025-04-02 16:45:54,02/04/2025 16:45,03/04/2025 15:59,-,0.97 dias,-,-,-,-
1601224,Enviado para o RM (Integração),1,carlos@zapform.com.br,-,2025-04-03 15:59:05,03/04/2025 15:59,03/04/2025 15:59,-,0.0 dias,-,-,-,-
1601224,Contrato Ativo,2,carlos@zapform.com.br,-,2025-04-03 15:59:58,03/04/2025 15:59,21/07/2025 15:02,-,108.96 dias,-,-,-,-
1601224,Aguardando Verificação/Aprovação (NAVA),0,integracao-projetoisp,-,2025-07-21 15:02:55,21/07/2025 15:02,21/07/2025 15:03,-,0.0 dias,-,-,-,-
1601224,Enviado para o RM (Integração),1,integracao-projetoisp,-,2025-07-21 15:03:35,21/07/2025 15:03,21/07/2025 15:03,-,0.0 dias,-,-,-,-
1601224,Contrato Ativo,2,integracao-projetoisp,-,2025-07-21 15:03:58,21/07/2025 15:03,-,-,-,-,-,-,-
1601222,Aguardando Verificação/Aprovação (NAVA),0,-,-,2025-03-31 21:59:50,31/03/2025 21:59,01/04/2025 03:37,-,0.23 dias,-,-,-,-
1601222,Enviado para o RM (Integração),1,carlos@zapform.com.br,-,2025-04-01 03:37:41,01/04/2025 03:37,01/04/2025 03:37,-,0.0 dias,-,-,-,-
1601222,Erro de Importação,E,carlos@zapform.com.br,-,2025-04-01 03:37:56,01/04/2025 03:37,01/04/2025 11:55,-,0.35 dias,-,-,-,-
1601222,Aguardando Verificação/Aprovação (NAVA),0,carlos@zapform.com.br,-,2025-04-01 11:55:00,01/04/2025 11:55,01/04/2025 17:17,-,0.22 dias,-,-,-,-
1601222,Enviado para o RM (Integração),1,carlos@zapform.com.br,-,2025-04-01 17:17:34,01/04/2025 17:17,01/04/2025 17:18,-,0.0 dias,-,-,-,-
1601222,Contrato Ativo,2,carlos@zapform.com.br,-,2025-04-01 17:18:11,01/04/2025 17:18,02/04/2025 16:45,-,0.98 dias,-,-,-,-
1601222,Aguardando Verificação/Aprovação (NAVA),0,carlos@zapform.com.br,-,2025-04-02 16:45:54,02/04/2025 16:45,03/04/2025 15:58,-,0.97 dias,-,-,-,-
1601222,Enviado para o RM (Integração),1,carlos@zapform.com.br,-,2025-04-03 15:58:31,03/04/2025 15:58,03/04/2025 15:59,-,0.0 dias,-,-,-,-
1601222,Contrato Ativo,2,carlos@zapform.com.br,-,2025-04-03 15:59:01,03/04/2025 15:59,-,-,-,-,-,-,-
1601220,Aguardando Verificação/Aprovação (NAVA),0,-,-,2025-03-31 21:59:30,31/03/2025 21:59,01/04/2025 03:36,-,0.23 dias,-,-,-,-
1601220,Enviado para o RM (Integração),1,carlos@zapform.com.br,-,2025-04-01 03:36:57,01/04/2025 03:36,01/04/2025 03:37,-,0.0 dias,-,-,-,-
1601220,Erro de Importação,E,carlos@zapform.com.br,-,2025-04-01 03:37:13,01/04/2025 03:37,01/04/2025 11:55,-,0.35 dias,-,-,-,-
1601220,Aguardando Verificação/Aprovação (NAVA),0,carlos@zapform.com.br,-,2025-04-01 11:55:00,01/04/2025 11:55,01/04/2025 17:16,-,0.22 dias,-,-,-,-
1601220,Enviado para o RM (Integração),1,carlos@zapform.com.br,-,2025-04-01 17:16:49,01/04/2025 17:16,01/04/2025 17:17,-,0.0 dias,-,-,-,-
1601220,Erro de Importação,E,carlos@zapform.com.br,-,2025-04-01 17:17:09,01/04/2025 17:17,01/04/2025 18:15,-,0.04 dias,-,-,-,-
1601220,Aguardando Verificação/Aprovação (NAVA),0,carlos@zapform.com.br,-,2025-04-01 18:15:09,01/04/2025 18:15,02/04/2025 13:42,-,0.81 dias,-,-,-,-
1601220,Enviado para o RM (Integração),1,carlos@zapform.com.br,-,2025-04-02 13:42:03,02/04/2025 13:42,02/04/2025 13:42,-,0.0 dias,-,-,-,-
1601220,Contrato Ativo,2,carlos@zapform.com.br,-,2025-04-02 13:42:35,02/04/2025 13:42,02/04/2025 16:45,-,0.13 dias,-,-,-,-
1601220,Aguardando Verificação/Aprovação (NAVA),0,carlos@zapform.com.br,-,2025-04-02 16:45:54,02/04/2025 16:45,03/04/2025 15:57,-,0.97 dias,-,-,-,-
1601220,Enviado para o RM (Integração),1,carlos@zapform.com.br,-,2025-04-03 15:57:57,03/04/2025 15:57,03/04/2025 15:58,-,0.0 dias,-,-,-,-
1601220,Contrato Ativo,2,carlos@zapform.com.br,-,2025-04-03 15:58:30,03/04/2025 15:58,14/04/2025 16:30,-,11.02 dias,-,-,-,-
1601220,Aguardando Verificação/Aprovação (NAVA),0,carlos@zapform.com.br,-,2025-04-14 16:30:28,14/04/2025 16:30,14/04/2025 16:31,-,0.0 dias,-,-,-,-
1601220,Cancelado,X,carlos@zapform.com.br,-,2025-04-14 16:31:17,14/04/2025 16:31,14/04/2025 16:31,-,0.0 dias,-,-,-,-
1601220,Aguardando Verificação/Aprovação (NAVA),0,carlos@zapform.com.br,-,2025-04-14 16:31:31,14/04/2025 16:31,14/04/2025 16:31,-,0.0 dias,-,-,-,-
1601220,Cancelado,X,carlos@zapform.com.br,-,2025-04-14 16:31:45,14/04/2025 16:31,-,-,-,-,-,-,-
1601218,Aguardando Verificação/Aprovação (NAVA),0,-,-,2025-03-31 21:59:08,31/03/2025 21:59,01/04/2025 03:36,-,0.23 dias,-,-,-,-
1601218,Enviado para o RM (Integração),1,carlos@zapform.com.br,-,2025-04-01 03:36:15,01/04/2025 03:36,01/04/2025 03:36,-,0.0 dias,-,-,-,-
1601218,Contrato Ativo,2,carlos@zapform.com.br,-,2025-04-01 03:36:46,01/04/2025 03:36,-,-,-,-,-,-,-
1601216,Aguardando Verificação/Aprovação (NAVA),0,-,-,2025-03-31 21:58:47,31/03/2025 21:58,01/04/2025 03:35,-,0.23 dias,-,-,-,-
1601216,Enviado para o RM (Integração),1,carlos@zapform.com.br,-,2025-04-01 03:35:32,01/04/2025 03:35,01/04/2025 03:36,-,0.0 dias,-,-,-,-
1601216,Contrato Ativo,2,carlos@zapform.com.br,-,2025-04-01 03:36:15,01/04/2025 03:36,-,-,-,-,-,-,-
1601214,Aguardando Verificação/Aprovação (NAVA),0,-,-,2025-03-31 21:58:25,31/03/2025 21:58,01/04/2025 03:34,-,0.23 dias,-,-,-,-
1601214,Enviado para o RM (Integração),1,carlos@zapform.com.br,-,2025-04-01 03:34:49,01/04/2025 03:34,01/04/2025 03:35,-,0.0 dias,-,-,-,-
1601214,Contrato Ativo,2,carlos@zapform.com.br,-,2025-04-01 03:35:30,01/04/2025 03:35,18/08/2025 15:30,-,139.5 dias,-,-,-,-
1601214,Aguardando Verificação/Aprovação (NAVA),0,integracao-projetoisp,-,2025-08-18 15:30:51,18/08/2025 15:30,18/08/2025 15:31,-,0.0 dias,-,-,-,-
1601214,Contratos Encerrados,5,anny.araujo@nava.com.br,-,2025-08-18 15:31:13,18/08/2025 15:31,-,-,-,-,-,-,-
1601212,Aguardando Verificação/Aprovação (NAVA),0,-,-,2025-03-31 21:58:04,31/03/2025 21:58,01/04/2025 03:34,-,0.23 dias,-,-,-,-
1601212,Enviado para o RM (Integração),1,carlos@zapform.com.br,-,2025-04-01 03:34:06,01/04/2025 03:34,01/04/2025 03:34,-,0.0 dias,-,-,-,-
1601212,Contrato Ativo,2,carlos@zapform.com.br,-,2025-04-01 03:34:52,01/04/2025 03:34,-,-,-,-,-,-,-
1601210,Aguardando Verificação/Aprovação (NAVA),0,-,-,2025-03-31 21:57:43,31/03/2025 21:57,01/04/2025 03:33,-,0.23 dias,-,-,-,-
1601210,Enviado para o RM (Integração),1,carlos@zapform.com.br,-,2025-04-01 03:33:23,01/04/2025 03:33,01/04/2025 03:34,-,0.0 dias,-,-,-,-
1601210,Contrato Ativo,2,carlos@zapform.com.br,-,2025-04-01 03:34:02,01/04/2025 03:34,-,-,-,-,-,-,-
1601208,Aguardando Verificação/Aprovação (NAVA),0,-,-,2025-03-31 21:57:22,31/03/2025 21:57,01/04/2025 03:32,-,0.23 dias,-,-,-,-
1601208,Enviado para o RM (Integração),1,carlos@zapform.com.br,-,2025-04-01 03:32:41,01/04/2025 03:32,01/04/2025 03:33,-,0.0 dias,-,-,-,-
1601208,Erro de Importação,E,carlos@zapform.com.br,-,2025-04-01 03:33:05,01/04/2025 03:33,01/04/2025 11:54,-,0.35 dias,-,-,-,-
1601208,Aguardando Verificação/Aprovação (NAVA),0,carlos@zapform.com.br,-,2025-04-01 11:54:59,01/04/2025 11:54,01/04/2025 17:15,-,0.22 dias,-,-,-,-
1601208,Enviado para o RM (Integração),1,carlos@zapform.com.br,-,2025-04-01 17:15:52,01/04/2025 17:15,01/04/2025 17:16,-,0.0 dias,-,-,-,-
1601208,Contrato Ativo,2,carlos@zapform.com.br,-,2025-04-01 17:16:52,01/04/2025 17:16,02/04/2025 16:45,-,0.98 dias,-,-,-,-
1601208,Aguardando Verificação/Aprovação (NAVA),0,carlos@zapform.com.br,-,2025-04-02 16:45:54,02/04/2025 16:45,03/04/2025 15:57,-,0.97 dias,-,-,-,-
1601208,Enviado para o RM (Integração),1,carlos@zapform.com.br,-,2025-04-03 15:57:22,03/04/2025 15:57,03/04/2025 15:58,-,0.0 dias,-,-,-,-
1601208,Contrato Ativo,2,carlos@zapform.com.br,-,2025-04-03 15:58:13,03/04/2025 15:58,-,-,-,-,-,-,-
1601206,Aguardando Verificação/Aprovação (NAVA),0,-,-,2025-03-31 21:57:00,31/03/2025 21:57,01/04/2025 03:31,-,0.23 dias,-,-,-,-
1601206,Enviado para o RM (Integração),1,carlos@zapform.com.br,-,2025-04-01 03:31:57,01/04/2025 03:31,01/04/2025 03:32,-,0.0 dias,-,-,-,-
1601206,Contrato Ativo,2,carlos@zapform.com.br,-,2025-04-01 03:32:41,01/04/2025 03:32,-,-,-,-,-,-,-
1601204,Aguardando Verificação/Aprovação (NAVA),0,-,-,2025-03-31 21:56:39,31/03/2025 21:56,01/04/2025 03:31,-,0.23 dias,-,-,-,-
1601204,Enviado para o RM (Integração),1,carlos@zapform.com.br,-,2025-04-01 03:31:14,01/04/2025 03:31,01/04/2025 03:31,-,0.0 dias,-,-,-,-
1601204,Contrato Ativo,2,carlos@zapform.com.br,-,2025-04-01 03:31:59,01/04/2025 03:31,30/04/2025 10:49,-,29.3 dias,-,-,-,-
1601204,Contratos Encerrados,5,thais.roberta@nava.com.br,-,2025-04-30 10:49:58,30/04/2025 10:49,-,-,-,-,-,-,-
1601202,Aguardando Verificação/Aprovação (NAVA),0,-,-,2025-03-31 21:56:18,31/03/2025 21:56,01/04/2025 03:30,-,0.23 dias,-,-,-,-
1601202,Enviado para o RM (Integração),1,carlos@zapform.com.br,-,2025-04-01 03:30:31,01/04/2025 03:30,01/04/2025 03:31,-,0.0 dias,-,-,-,-
1601202,Contrato Ativo,2,carlos@zapform.com.br,-,2025-04-01 03:31:08,01/04/2025 03:31,-,-,-,-,-,-,-
1601200,Aguardando Verificação/Aprovação (NAVA),0,-,-,2025-03-31 21:55:57,31/03/2025 21:55,01/04/2025 03:29,-,0.23 dias,-,-,-,-
1601200,Enviado para o RM (Integração),1,carlos@zapform.com.br,-,2025-04-01 03:29:48,01/04/2025 03:29,01/04/2025 03:30,-,0.0 dias,-,-,-,-
1601200,Erro de Importação,E,carlos@zapform.com.br,-,2025-04-01 03:30:12,01/04/2025 03:30,01/04/2025 11:55,-,0.35 dias,-,-,-,-
1601200,Aguardando Verificação/Aprovação (NAVA),0,carlos@zapform.com.br,-,2025-04-01 11:55:00,01/04/2025 11:55,01/04/2025 17:15,-,0.22 dias,-,-,-,-
1601200,Enviado para o RM (Integração),1,carlos@zapform.com.br,-,2025-04-01 17:15:00,01/04/2025 17:15,01/04/2025 17:15,-,0.0 dias,-,-,-,-
1601200,Contrato Ativo,2,carlos@zapform.com.br,-,2025-04-01 17:15:47,01/04/2025 17:15,02/04/2025 16:45,-,0.98 dias,-,-,-,-
1601200,Aguardando Verificação/Aprovação (NAVA),0,carlos@zapform.com.br,-,2025-04-02 16:45:54,02/04/2025 16:45,03/04/2025 15:56,-,0.97 dias,-,-,-,-
1601200,Enviado para o RM (Integração),1,carlos@zapform.com.br,-,2025-04-03 15:56:49,03/04/2025 15:56,03/04/2025 15:57,-,0.0 dias,-,-,-,-
1601200,Contrato Ativo,2,carlos@zapform.com.br,-,2025-04-03 15:57:31,03/04/2025 15:57,-,-,-,-,-,-,-
1601198,Aguardando Verificação/Aprovação (NAVA),0,-,-,2025-03-31 21:55:36,31/03/2025 21:55,01/04/2025 03:29,-,0.23 dias,-,-,-,-
1601198,Enviado para o RM (Integração),1,carlos@zapform.com.br,-,2025-04-01 03:29:05,01/04/2025 03:29,01/04/2025 03:29,-,0.0 dias,-,-,-,-
1601198,Erro de Importação,E,carlos@zapform.com.br,-,2025-04-01 03:29:27,01/04/2025 03:29,01/04/2025 11:54,-,0.35 dias,-,-,-,-
1601198,Aguardando Verificação/Aprovação (NAVA),0,carlos@zapform.com.br,-,2025-04-01 11:54:59,01/04/2025 11:54,01/04/2025 17:14,-,0.22 dias,-,-,-,-
1601198,Enviado para o RM (Integração),1,carlos@zapform.com.br,-,2025-04-01 17:14:16,01/04/2025 17:14,01/04/2025 17:15,-,0.0 dias,-,-,-,-
1601198,Contrato Ativo,2,carlos@zapform.com.br,-,2025-04-01 17:15:09,01/04/2025 17:15,02/04/2025 16:45,-,0.98 dias,-,-,-,-
1601198,Aguardando Verificação/Aprovação (NAVA),0,carlos@zapform.com.br,-,2025-04-02 16:45:54,02/04/2025 16:45,03/04/2025 15:56,-,0.97 dias,-,-,-,-
1601198,Enviado para o RM (Integração),1,carlos@zapform.com.br,-,2025-04-03 15:56:14,03/04/2025 15:56,03/04/2025 15:57,-,0.0 dias,-,-,-,-
1601198,Contrato Ativo,2,carlos@zapform.com.br,-,2025-04-03 15:57:02,03/04/2025 15:57,-,-,-,-,-,-,-
1601196,Aguardando Verificação/Aprovação (NAVA),0,-,-,2025-03-31 21:55:15,31/03/2025 21:55,01/04/2025 03:28,-,0.23 dias,-,-,-,-
1601196,Enviado para o RM (Integração),1,carlos@zapform.com.br,-,2025-04-01 03:28:22,01/04/2025 03:28,01/04/2025 03:28,-,0.0 dias,-,-,-,-
1601196,Erro de Importação,E,carlos@zapform.com.br,-,2025-04-01 03:28:40,01/04/2025 03:28,01/04/2025 11:55,-,0.35 dias,-,-,-,-
1601196,Aguardando Verificação/Aprovação (NAVA),0,carlos@zapform.com.br,-,2025-04-01 11:55:00,01/04/2025 11:55,01/04/2025 17:13,-,0.22 dias,-,-,-,-
1601196,Enviado para o RM (Integração),1,carlos@zapform.com.br,-,2025-04-01 17:13:31,01/04/2025 17:13,01/04/2025 17:14,-,0.0 dias,-,-,-,-
1601196,Contrato Ativo,2,carlos@zapform.com.br,-,2025-04-01 17:14:12,01/04/2025 17:14,02/04/2025 16:45,-,0.98 dias,-,-,-,-
1601196,Aguardando Verificação/Aprovação (NAVA),0,carlos@zapform.com.br,-,2025-04-02 16:45:54,02/04/2025 16:45,03/04/2025 15:55,-,0.97 dias,-,-,-,-
1601196,Enviado para o RM (Integração),1,carlos@zapform.com.br,-,2025-04-03 15:55:40,03/04/2025 15:55,03/04/2025 15:56,-,0.0 dias,-,-,-,-
1601196,Contrato Ativo,2,carlos@zapform.com.br,-,2025-04-03 15:56:22,03/04/2025 15:56,11/08/2025 10:49,-,129.79 dias,-,-,-,-
1601196,Aguardando Verificação/Aprovação (NAVA),0,integracao-projetoisp,-,2025-08-11 10:49:11,11/08/2025 10:49,11/08/2025 10:49,-,0.0 dias,-,-,-,-
1601196,Contratos Encerrados,5,gabriels.santos@nava.com.br,-,2025-08-11 10:49:44,11/08/2025 10:49,-,-,-,-,-,-,-
1601194,Aguardando Verificação/Aprovação (NAVA),0,-,-,2025-03-31 21:54:54,31/03/2025 21:54,01/04/2025 03:27,-,0.23 dias,-,-,-,-
1601194,Enviado para o RM (Integração),1,carlos@zapform.com.br,-,2025-04-01 03:27:39,01/04/2025 03:27,01/04/2025 03:27,-,0.0 dias,-,-,-,-
1601194,Erro de Importação,E,carlos@zapform.com.br,-,2025-04-01 03:27:55,01/04/2025 03:27,01/04/2025 11:54,-,0.35 dias,-,-,-,-
1601194,Aguardando Verificação/Aprovação (NAVA),0,carlos@zapform.com.br,-,2025-04-01 11:54:59,01/04/2025 11:54,01/04/2025 17:12,-,0.22 dias,-,-,-,-
1601194,Enviado para o RM (Integração),1,carlos@zapform.com.br,-,2025-04-01 17:12:47,01/04/2025 17:12,01/04/2025 17:13,-,0.0 dias,-,-,-,-
1601194,Contrato Ativo,2,carlos@zapform.com.br,-,2025-04-01 17:13:23,01/04/2025 17:13,02/04/2025 16:45,-,0.98 dias,-,-,-,-
1601194,Aguardando Verificação/Aprovação (NAVA),0,carlos@zapform.com.br,-,2025-04-02 16:45:54,02/04/2025 16:45,03/04/2025 15:55,-,0.96 dias,-,-,-,-
1601194,Enviado para o RM (Integração),1,carlos@zapform.com.br,-,2025-04-03 15:55:07,03/04/2025 15:55,03/04/2025 15:55,-,0.0 dias,-,-,-,-
1601194,Contrato Ativo,2,carlos@zapform.com.br,-,2025-04-03 15:55:43,03/04/2025 15:55,-,-,-,-,-,-,-
1601192,Aguardando Verificação/Aprovação (NAVA),0,-,-,2025-03-31 21:54:33,31/03/2025 21:54,01/04/2025 03:26,-,0.23 dias,-,-,-,-
1601192,Enviado para o RM (Integração),1,carlos@zapform.com.br,-,2025-04-01 03:26:57,01/04/2025 03:26,01/04/2025 03:27,-,0.0 dias,-,-,-,-
1601192,Erro de Importação,E,carlos@zapform.com.br,-,2025-04-01 03:27:23,01/04/2025 03:27,01/04/2025 11:54,-,0.35 dias,-,-,-,-
1601192,Aguardando Verificação/Aprovação (NAVA),0,carlos@zapform.com.br,-,2025-04-01 11:54:59,01/04/2025 11:54,01/04/2025 17:12,-,0.22 dias,-,-,-,-
1601192,Enviado para o RM (Integração),1,carlos@zapform.com.br,-,2025-04-01 17:12:02,01/04/2025 17:12,01/04/2025 17:12,-,0.0 dias,-,-,-,-
1601192,Contrato Ativo,2,carlos@zapform.com.br,-,2025-04-01 17:12:57,01/04/2025 17:12,02/04/2025 16:45,-,0.98 dias,-,-,-,-
1601192,Aguardando Verificação/Aprovação (NAVA),0,carlos@zapform.com.br,-,2025-04-02 16:45:54,02/04/2025 16:45,03/04/2025 15:54,-,0.96 dias,-,-,-,-
1601192,Enviado para o RM (Integração),1,carlos@zapform.com.br,-,2025-04-03 15:54:33,03/04/2025 15:54,03/04/2025 15:55,-,0.0 dias,-,-,-,-
1601192,Contrato Ativo,2,carlos@zapform.com.br,-,2025-04-03 15:55:26,03/04/2025 15:55,-,-,-,-,-,-,-
1601190,Aguardando Verificação/Aprovação (NAVA),0,-,-,2025-03-31 21:54:12,31/03/2025 21:54,01/04/2025 03:26,-,0.23 dias,-,-,-,-
1601190,Enviado para o RM (Integração),1,carlos@zapform.com.br,-,2025-04-01 03:26:14,01/04/2025 03:26,01/04/2025 03:27,-,0.0 dias,-,-,-,-
1601190,Contrato Ativo,2,carlos@zapform.com.br,-,2025-04-01 03:27:00,01/04/2025 03:27,-,-,-,-,-,-,-
1601188,Aguardando Verificação/Aprovação (NAVA),0,-,-,2025-03-31 21:53:51,31/03/2025 21:53,01/04/2025 03:25,-,0.23 dias,-,-,-,-
1601188,Enviado para o RM (Integração),1,carlos@zapform.com.br,-,2025-04-01 03:25:31,01/04/2025 03:25,01/04/2025 03:26,-,0.0 dias,-,-,-,-
1601188,Contrato Ativo,2,carlos@zapform.com.br,-,2025-04-01 03:26:01,01/04/2025 03:26,-,-,-,-,-,-,-
1601187,Aguardando Verificação/Aprovação (NAVA),0,-,-,2025-03-31 21:53:30,31/03/2025 21:53,01/04/2025 03:24,-,0.23 dias,-,-,-,-
1601187,Enviado para o RM (Integração),1,carlos@zapform.com.br,-,2025-04-01 03:24:48,01/04/2025 03:24,01/04/2025 03:25,-,0.0 dias,-,-,-,-
1601187,Erro de Importação,E,carlos@zapform.com.br,-,2025-04-01 03:25:10,01/04/2025 03:25,01/04/2025 11:54,-,0.35 dias,-,-,-,-
1601187,Aguardando Verificação/Aprovação (NAVA),0,carlos@zapform.com.br,-,2025-04-01 11:54:59,01/04/2025 11:54,01/04/2025 17:11,-,0.22 dias,-,-,-,-
1601187,Enviado para o RM (Integração),1,carlos@zapform.com.br,-,2025-04-01 17:11:12,01/04/2025 17:11,01/04/2025 17:11,-,0.0 dias,-,-,-,-
1601187,Contrato Ativo,2,carlos@zapform.com.br,-,2025-04-01 17:11:53,01/04/2025 17:11,02/04/2025 16:45,-,0.98 dias,-,-,-,-
1601187,Aguardando Verificação/Aprovação (NAVA),0,carlos@zapform.com.br,-,2025-04-02 16:45:54,02/04/2025 16:45,03/04/2025 15:53,-,0.96 dias,-,-,-,-
1601187,Enviado para o RM (Integração),1,carlos@zapform.com.br,-,2025-04-03 15:53:59,03/04/2025 15:53,03/04/2025 15:54,-,0.0 dias,-,-,-,-
1601187,Contrato Ativo,2,carlos@zapform.com.br,-,2025-04-03 15:54:50,03/04/2025 15:54,22/05/2025 11:02,-,48.8 dias,-,-,-,-
1601187,Aguardando Verificação/Aprovação (NAVA),0,integracao-projetoisp,-,2025-05-22 11:02:04,22/05/2025 11:02,22/05/2025 11:02,-,0.0 dias,-,-,-,-
1601187,Contratos Encerrados,5,gabriels.santos@nava.com.br,-,2025-05-22 11:02:20,22/05/2025 11:02,-,-,-,-,-,-,-
1601185,Aguardando Verificação/Aprovação (NAVA),0,-,-,2025-03-31 21:53:09,31/03/2025 21:53,01/04/2025 03:24,-,0.23 dias,-,-,-,-
1601185,Enviado para o RM (Integração),1,carlos@zapform.com.br,-,2025-04-01 03:24:05,01/04/2025 03:24,01/04/2025 03:24,-,0.0 dias,-,-,-,-
1601185,Erro de Importação,E,carlos@zapform.com.br,-,2025-04-01 03:24:23,01/04/2025 03:24,01/04/2025 11:54,-,0.35 dias,-,-,-,-
1601185,Aguardando Verificação/Aprovação (NAVA),0,carlos@zapform.com.br,-,2025-04-01 11:54:59,01/04/2025 11:54,01/04/2025 17:10,-,0.22 dias,-,-,-,-
1601185,Enviado para o RM (Integração),1,carlos@zapform.com.br,-,2025-04-01 17:10:27,01/04/2025 17:10,01/04/2025 17:11,-,0.0 dias,-,-,-,-
1601185,Contrato Ativo,2,carlos@zapform.com.br,-,2025-04-01 17:11:04,01/04/2025 17:11,02/04/2025 16:45,-,0.98 dias,-,-,-,-
1601185,Aguardando Verificação/Aprovação (NAVA),0,carlos@zapform.com.br,-,2025-04-02 16:45:54,02/04/2025 16:45,03/04/2025 15:53,-,0.96 dias,-,-,-,-
1601185,Enviado para o RM (Integração),1,carlos@zapform.com.br,-,2025-04-03 15:53:25,03/04/2025 15:53,03/04/2025 15:54,-,0.0 dias,-,-,-,-
1601185,Contrato Ativo,2,carlos@zapform.com.br,-,2025-04-03 15:54:15,03/04/2025 15:54,-,-,-,-,-,-,-
1601183,Aguardando Verificação/Aprovação (NAVA),0,-,-,2025-03-31 21:52:48,31/03/2025 21:52,01/04/2025 03:23,-,0.23 dias,-,-,-,-
1601183,Enviado para o RM (Integração),1,carlos@zapform.com.br,-,2025-04-01 03:23:23,01/04/2025 03:23,01/04/2025 03:23,-,0.0 dias,-,-,-,-
1601183,Erro de Importação,E,carlos@zapform.com.br,-,2025-04-01 03:23:42,01/04/2025 03:23,01/04/2025 11:54,-,0.36 dias,-,-,-,-
1601183,Aguardando Verificação/Aprovação (NAVA),0,carlos@zapform.com.br,-,2025-04-01 11:54:59,01/04/2025 11:54,01/04/2025 17:09,-,0.22 dias,-,-,-,-
1601183,Enviado para o RM (Integração),1,carlos@zapform.com.br,-,2025-04-01 17:09:43,01/04/2025 17:09,01/04/2025 17:10,-,0.0 dias,-,-,-,-
1601183,Contrato Ativo,2,carlos@zapform.com.br,-,2025-04-01 17:10:32,01/04/2025 17:10,02/04/2025 16:45,-,0.98 dias,-,-,-,-
1601183,Aguardando Verificação/Aprovação (NAVA),0,carlos@zapform.com.br,-,2025-04-02 16:45:54,02/04/2025 16:45,03/04/2025 15:52,-,0.96 dias,-,-,-,-
1601183,Enviado para o RM (Integração),1,carlos@zapform.com.br,-,2025-04-03 15:52:51,03/04/2025 15:52,03/04/2025 15:53,-,0.0 dias,-,-,-,-
1601183,Contrato Ativo,2,carlos@zapform.com.br,-,2025-04-03 15:53:40,03/04/2025 15:53,13/05/2025 16:45,-,40.04 dias,-,-,-,-
1601183,Aguardando Verificação/Aprovação (NAVA),0,integracao-projetoisp,-,2025-05-13 16:45:30,13/05/2025 16:45,13/05/2025 16:51,-,0.0 dias,-,-,-,-
1601183,Enviado para o RM (Integração),1,integracao-projetoisp,-,2025-05-13 16:51:20,13/05/2025 16:51,13/05/2025 16:51,-,0.0 dias,-,-,-,-
1601183,Contrato Ativo,2,integracao-projetoisp,-,2025-05-13 16:51:47,13/05/2025 16:51,-,-,-,-,-,-,-
1601181,Aguardando Verificação/Aprovação (NAVA),0,-,-,2025-03-31 21:52:26,31/03/2025 21:52,01/04/2025 03:22,-,0.23 dias,-,-,-,-
1601181,Enviado para o RM (Integração),1,carlos@zapform.com.br,-,2025-04-01 03:22:39,01/04/2025 03:22,01/04/2025 03:23,-,0.0 dias,-,-,-,-
1601181,Contrato Ativo,2,carlos@zapform.com.br,-,2025-04-01 03:23:14,01/04/2025 03:23,-,-,-,-,-,-,-
1601179,Aguardando Verificação/Aprovação (NAVA),0,-,-,2025-03-31 21:52:06,31/03/2025 21:52,01/04/2025 03:21,-,0.23 dias,-,-,-,-
1601179,Enviado para o RM (Integração),1,carlos@zapform.com.br,-,2025-04-01 03:21:57,01/04/2025 03:21,01/04/2025 03:22,-,0.0 dias,-,-,-,-
1601179,Erro de Importação,E,carlos@zapform.com.br,-,2025-04-01 03:22:10,01/04/2025 03:22,01/04/2025 11:55,-,0.36 dias,-,-,-,-
1601179,Aguardando Verificação/Aprovação (NAVA),0,carlos@zapform.com.br,-,2025-04-01 11:55:00,01/04/2025 11:55,01/04/2025 17:08,-,0.22 dias,-,-,-,-
1601179,Enviado para o RM (Integração),1,carlos@zapform.com.br,-,2025-04-01 17:08:56,01/04/2025 17:08,01/04/2025 17:09,-,0.0 dias,-,-,-,-
1601179,Contrato Ativo,2,carlos@zapform.com.br,-,2025-04-01 17:09:29,01/04/2025 17:09,02/04/2025 16:45,-,0.98 dias,-,-,-,-
1601179,Aguardando Verificação/Aprovação (NAVA),0,carlos@zapform.com.br,-,2025-04-02 16:45:54,02/04/2025 16:45,03/04/2025 15:52,-,0.96 dias,-,-,-,-
1601179,Enviado para o RM (Integração),1,carlos@zapform.com.br,-,2025-04-03 15:52:17,03/04/2025 15:52,03/04/2025 15:52,-,0.0 dias,-,-,-,-
1601179,Contrato Ativo,2,carlos@zapform.com.br,-,2025-04-03 15:52:48,03/04/2025 15:52,-,-,-,-,-,-,-
1601177,Aguardando Verificação/Aprovação (NAVA),0,-,-,2025-03-31 21:51:44,31/03/2025 21:51,01/04/2025 03:21,-,0.23 dias,-,-,-,-
1601177,Enviado para o RM (Integração),1,carlos@zapform.com.br,-,2025-04-01 03:21:14,01/04/2025 03:21,01/04/2025 03:21,-,0.0 dias,-,-,-,-
1601177,Contrato Ativo,2,carlos@zapform.com.br,-,2025-04-01 03:21:46,01/04/2025 03:21,-,-,-,-,-,-,-
1601175,Aguardando Verificação/Aprovação (NAVA),0,-,-,2025-03-31 21:51:23,31/03/2025 21:51,01/04/2025 03:20,-,0.23 dias,-,-,-,-
1601175,Enviado para o RM (Integração),1,carlos@zapform.com.br,-,2025-04-01 03:20:31,01/04/2025 03:20,01/04/2025 03:20,-,0.0 dias,-,-,-,-
1601175,Erro de Importação,E,carlos@zapform.com.br,-,2025-04-01 03:20:47,01/04/2025 03:20,01/04/2025 11:55,-,0.36 dias,-,-,-,-
1601175,Aguardando Verificação/Aprovação (NAVA),0,carlos@zapform.com.br,-,2025-04-01 11:55:00,01/04/2025 11:55,01/04/2025 17:08,-,0.22 dias,-,-,-,-
1601175,Enviado para o RM (Integração),1,carlos@zapform.com.br,-,2025-04-01 17:08:09,01/04/2025 17:08,01/04/2025 17:08,-,0.0 dias,-,-,-,-
1601175,Contrato Ativo,2,carlos@zapform.com.br,-,2025-04-01 17:08:48,01/04/2025 17:08,02/04/2025 16:45,-,0.98 dias,-,-,-,-
1601175,Aguardando Verificação/Aprovação (NAVA),0,carlos@zapform.com.br,-,2025-04-02 16:45:53,02/04/2025 16:45,03/04/2025 15:51,-,0.96 dias,-,-,-,-
1601175,Enviado para o RM (Integração),1,carlos@zapform.com.br,-,2025-04-03 15:51:43,03/04/2025 15:51,03/04/2025 15:52,-,0.0 dias,-,-,-,-
1601175,Contrato Ativo,2,carlos@zapform.com.br,-,2025-04-03 15:52:15,03/04/2025 15:52,-,-,-,-,-,-,-
1601173,Aguardando Verificação/Aprovação (NAVA),0,-,-,2025-03-31 21:51:03,31/03/2025 21:51,01/04/2025 03:19,-,0.23 dias,-,-,-,-
1601173,Enviado para o RM (Integração),1,carlos@zapform.com.br,-,2025-04-01 03:19:48,01/04/2025 03:19,01/04/2025 03:20,-,0.0 dias,-,-,-,-
1601173,Erro de Importação,E,carlos@zapform.com.br,-,2025-04-01 03:20:04,01/04/2025 03:20,01/04/2025 11:55,-,0.36 dias,-,-,-,-
1601173,Aguardando Verificação/Aprovação (NAVA),0,carlos@zapform.com.br,-,2025-04-01 11:55:00,01/04/2025 11:55,01/04/2025 17:07,-,0.22 dias,-,-,-,-
1601173,Enviado para o RM (Integração),1,carlos@zapform.com.br,-,2025-04-01 17:07:25,01/04/2025 17:07,01/04/2025 17:07,-,0.0 dias,-,-,-,-
1601173,Contrato Ativo,2,carlos@zapform.com.br,-,2025-04-01 17:07:58,01/04/2025 17:07,02/04/2025 16:45,-,0.98 dias,-,-,-,-
1601173,Aguardando Verificação/Aprovação (NAVA),0,carlos@zapform.com.br,-,2025-04-02 16:45:53,02/04/2025 16:45,03/04/2025 15:51,-,0.96 dias,-,-,-,-
1601173,Enviado para o RM (Integração),1,carlos@zapform.com.br,-,2025-04-03 15:51:09,03/04/2025 15:51,03/04/2025 15:51,-,0.0 dias,-,-,-,-
1601173,Contrato Ativo,2,carlos@zapform.com.br,-,2025-04-03 15:51:41,03/04/2025 15:51,-,-,-,-,-,-,-
1601171,Aguardando Verificação/Aprovação (NAVA),0,-,-,2025-03-31 21:50:41,31/03/2025 21:50,01/04/2025 03:19,-,0.23 dias,-,-,-,-
1601171,Enviado para o RM (Integração),1,carlos@zapform.com.br,-,2025-04-01 03:19:05,01/04/2025 03:19,01/04/2025 03:19,-,0.0 dias,-,-,-,-
1601171,Erro de Importação,E,carlos@zapform.com.br,-,2025-04-01 03:19:21,01/04/2025 03:19,01/04/2025 11:54,-,0.36 dias,-,-,-,-
1601171,Aguardando Verificação/Aprovação (NAVA),0,carlos@zapform.com.br,-,2025-04-01 11:54:59,01/04/2025 11:54,01/04/2025 17:06,-,0.22 dias,-,-,-,-
1601171,Enviado para o RM (Integração),1,carlos@zapform.com.br,-,2025-04-01 17:06:40,01/04/2025 17:06,01/04/2025 17:07,-,0.0 dias,-,-,-,-
1601171,Contrato Ativo,2,carlos@zapform.com.br,-,2025-04-01 17:07:22,01/04/2025 17:07,02/04/2025 16:45,-,0.99 dias,-,-,-,-
1601171,Aguardando Verificação/Aprovação (NAVA),0,carlos@zapform.com.br,-,2025-04-02 16:45:53,02/04/2025 16:45,03/04/2025 15:50,-,0.96 dias,-,-,-,-
1601171,Enviado para o RM (Integração),1,carlos@zapform.com.br,-,2025-04-03 15:50:35,03/04/2025 15:50,03/04/2025 15:51,-,0.0 dias,-,-,-,-
1601171,Contrato Ativo,2,carlos@zapform.com.br,-,2025-04-03 15:51:12,03/04/2025 15:51,-,-,-,-,-,-,-
1601168,Aguardando Verificação/Aprovação (NAVA),0,-,-,2025-03-31 21:50:20,31/03/2025 21:50,01/04/2025 03:18,-,0.23 dias,-,-,-,-
1601168,Enviado para o RM (Integração),1,carlos@zapform.com.br,-,2025-04-01 03:18:22,01/04/2025 03:18,01/04/2025 03:18,-,0.0 dias,-,-,-,-
1601168,Erro de Importação,E,carlos@zapform.com.br,-,2025-04-01 03:18:42,01/04/2025 03:18,01/04/2025 11:54,-,0.36 dias,-,-,-,-
1601168,Aguardando Verificação/Aprovação (NAVA),0,carlos@zapform.com.br,-,2025-04-01 11:54:59,01/04/2025 11:54,01/04/2025 17:05,-,0.22 dias,-,-,-,-
1601168,Enviado para o RM (Integração),1,carlos@zapform.com.br,-,2025-04-01 17:05:57,01/04/2025 17:05,01/04/2025 17:06,-,0.0 dias,-,-,-,-
1601168,Contrato Ativo,2,carlos@zapform.com.br,-,2025-04-01 17:06:44,01/04/2025 17:06,02/04/2025 16:45,-,0.99 dias,-,-,-,-
1601168,Aguardando Verificação/Aprovação (NAVA),0,carlos@zapform.com.br,-,2025-04-02 16:45:53,02/04/2025 16:45,03/04/2025 15:50,-,0.96 dias,-,-,-,-
1601168,Enviado para o RM (Integração),1,carlos@zapform.com.br,-,2025-04-03 15:50:01,03/04/2025 15:50,03/04/2025 15:50,-,0.0 dias,-,-,-,-
1601168,Contrato Ativo,2,carlos@zapform.com.br,-,2025-04-03 15:50:46,03/04/2025 15:50,-,-,-,-,-,-,-
1601166,Aguardando Verificação/Aprovação (NAVA),0,-,-,2025-03-31 21:49:58,31/03/2025 21:49,01/04/2025 03:17,-,0.23 dias,-,-,-,-
1601166,Enviado para o RM (Integração),1,carlos@zapform.com.br,-,2025-04-01 03:17:39,01/04/2025 03:17,01/04/2025 03:18,-,0.0 dias,-,-,-,-
1601166,Contrato Ativo,2,carlos@zapform.com.br,-,2025-04-01 03:18:17,01/04/2025 03:18,-,-,-,-,-,-,-
1601164,Aguardando Verificação/Aprovação (NAVA),0,-,-,2025-03-31 21:49:37,31/03/2025 21:49,01/04/2025 03:16,-,0.23 dias,-,-,-,-
1601164,Enviado para o RM (Integração),1,carlos@zapform.com.br,-,2025-04-01 03:16:56,01/04/2025 03:16,01/04/2025 03:17,-,0.0 dias,-,-,-,-
1601164,Erro de Importação,E,carlos@zapform.com.br,-,2025-04-01 03:17:11,01/04/2025 03:17,01/04/2025 11:55,-,0.36 dias,-,-,-,-
1601164,Aguardando Verificação/Aprovação (NAVA),0,carlos@zapform.com.br,-,2025-04-01 11:55:00,01/04/2025 11:55,01/04/2025 17:05,-,0.22 dias,-,-,-,-
1601164,Enviado para o RM (Integração),1,carlos@zapform.com.br,-,2025-04-01 17:05:09,01/04/2025 17:05,01/04/2025 17:05,-,0.0 dias,-,-,-,-
1601164,Contrato Ativo,2,carlos@zapform.com.br,-,2025-04-01 17:05:45,01/04/2025 17:05,02/04/2025 16:45,-,0.99 dias,-,-,-,-
1601164,Aguardando Verificação/Aprovação (NAVA),0,carlos@zapform.com.br,-,2025-04-02 16:45:53,02/04/2025 16:45,03/04/2025 15:49,-,0.96 dias,-,-,-,-
1601164,Enviado para o RM (Integração),1,carlos@zapform.com.br,-,2025-04-03 15:49:28,03/04/2025 15:49,03/04/2025 15:49,-,0.0 dias,-,-,-,-
1601164,Contrato Ativo,2,carlos@zapform.com.br,-,2025-04-03 15:49:57,03/04/2025 15:49,-,-,-,-,-,-,-
1601162,Aguardando Verificação/Aprovação (NAVA),0,-,-,2025-03-31 21:49:16,31/03/2025 21:49,01/04/2025 03:16,-,0.23 dias,-,-,-,-
1601162,Enviado para o RM (Integração),1,carlos@zapform.com.br,-,2025-04-01 03:16:13,01/04/2025 03:16,01/04/2025 03:16,-,0.0 dias,-,-,-,-
1601162,Contrato Ativo,2,carlos@zapform.com.br,-,2025-04-01 03:16:46,01/04/2025 03:16,12/08/2025 10:42,-,133.31 dias,-,-,-,-
1601162,Aguardando Verificação/Aprovação (NAVA),0,integracao-projetoisp,-,2025-08-12 10:42:28,12/08/2025 10:42,12/08/2025 10:42,-,0.0 dias,-,-,-,-
1601162,Contratos Encerrados,5,gabriels.santos@nava.com.br,-,2025-08-12 10:42:43,12/08/2025 10:42,-,-,-,-,-,-,-
1601160,Aguardando Verificação/Aprovação (NAVA),0,-,-,2025-03-31 21:48:54,31/03/2025 21:48,01/04/2025 03:15,-,0.23 dias,-,-,-,-
1601160,Enviado para o RM (Integração),1,carlos@zapform.com.br,-,2025-04-01 03:15:30,01/04/2025 03:15,01/04/2025 03:15,-,0.0 dias,-,-,-,-
1601160,Erro de Importação,E,carlos@zapform.com.br,-,2025-04-01 03:15:47,01/04/2025 03:15,01/04/2025 11:56,-,0.36 dias,-,-,-,-
1601160,Aguardando Verificação/Aprovação (NAVA),0,carlos@zapform.com.br,-,2025-04-01 11:56:31,01/04/2025 11:56,01/04/2025 17:04,-,0.21 dias,-,-,-,-
1601160,Enviado para o RM (Integração),1,carlos@zapform.com.br,-,2025-04-01 17:04:22,01/04/2025 17:04,01/04/2025 17:04,-,0.0 dias,-,-,-,-
1601160,Contrato Ativo,2,carlos@zapform.com.br,-,2025-04-01 17:04:58,01/04/2025 17:04,02/04/2025 16:45,-,0.99 dias,-,-,-,-
1601160,Aguardando Verificação/Aprovação (NAVA),0,carlos@zapform.com.br,-,2025-04-02 16:45:53,02/04/2025 16:45,03/04/2025 15:48,-,0.96 dias,-,-,-,-
1601160,Enviado para o RM (Integração),1,carlos@zapform.com.br,-,2025-04-03 15:48:53,03/04/2025 15:48,03/04/2025 15:49,-,0.0 dias,-,-,-,-
1601160,Contrato Ativo,2,carlos@zapform.com.br,-,2025-04-03 15:49:27,03/04/2025 15:49,-,-,-,-,-,-,-
1601158,Aguardando Verificação/Aprovação (NAVA),0,-,-,2025-03-31 21:48:32,31/03/2025 21:48,01/04/2025 03:14,-,0.23 dias,-,-,-,-
1601158,Enviado para o RM (Integração),1,carlos@zapform.com.br,-,2025-04-01 03:14:47,01/04/2025 03:14,01/04/2025 03:15,-,0.0 dias,-,-,-,-
1601158,Erro de Importação,E,carlos@zapform.com.br,-,2025-04-01 03:15:02,01/04/2025 03:15,01/04/2025 11:56,-,0.36 dias,-,-,-,-
1601158,Aguardando Verificação/Aprovação (NAVA),0,carlos@zapform.com.br,-,2025-04-01 11:56:31,01/04/2025 11:56,01/04/2025 17:03,-,0.21 dias,-,-,-,-
1601158,Enviado para o RM (Integração),1,carlos@zapform.com.br,-,2025-04-01 17:03:37,01/04/2025 17:03,01/04/2025 17:04,-,0.0 dias,-,-,-,-
1601158,Contrato Ativo,2,carlos@zapform.com.br,-,2025-04-01 17:04:14,01/04/2025 17:04,02/04/2025 16:45,-,0.99 dias,-,-,-,-
1601158,Aguardando Verificação/Aprovação (NAVA),0,carlos@zapform.com.br,-,2025-04-02 16:45:53,02/04/2025 16:45,03/04/2025 15:48,-,0.96 dias,-,-,-,-
1601158,Enviado para o RM (Integração),1,carlos@zapform.com.br,-,2025-04-03 15:48:19,03/04/2025 15:48,03/04/2025 15:48,-,0.0 dias,-,-,-,-
1601158,Contrato Ativo,2,carlos@zapform.com.br,-,2025-04-03 15:48:57,03/04/2025 15:48,-,-,-,-,-,-,-
1601156,Aguardando Verificação/Aprovação (NAVA),0,-,-,2025-03-31 21:48:09,31/03/2025 21:48,01/04/2025 03:14,-,0.23 dias,-,-,-,-
1601156,Enviado para o RM (Integração),1,carlos@zapform.com.br,-,2025-04-01 03:14:04,01/04/2025 03:14,01/04/2025 03:14,-,0.0 dias,-,-,-,-
1601156,Contrato Ativo,2,carlos@zapform.com.br,-,2025-04-01 03:14:40,01/04/2025 03:14,-,-,-,-,-,-,-
1601155,Aguardando Verificação/Aprovação (NAVA),0,-,-,2025-03-31 21:47:48,31/03/2025 21:47,01/04/2025 03:13,-,0.23 dias,-,-,-,-
1601155,Enviado para o RM (Integração),1,carlos@zapform.com.br,-,2025-04-01 03:13:21,01/04/2025 03:13,01/04/2025 03:13,-,0.0 dias,-,-,-,-
1601155,Erro de Importação,E,carlos@zapform.com.br,-,2025-04-01 03:13:36,01/04/2025 03:13,01/04/2025 11:56,-,0.36 dias,-,-,-,-
1601155,Aguardando Verificação/Aprovação (NAVA),0,carlos@zapform.com.br,-,2025-04-01 11:56:30,01/04/2025 11:56,01/04/2025 17:02,-,0.21 dias,-,-,-,-
1601155,Enviado para o RM (Integração),1,carlos@zapform.com.br,-,2025-04-01 17:02:51,01/04/2025 17:02,01/04/2025 17:03,-,0.0 dias,-,-,-,-
1601155,Contrato Ativo,2,carlos@zapform.com.br,-,2025-04-01 17:03:29,01/04/2025 17:03,02/04/2025 16:45,-,0.99 dias,-,-,-,-
1601155,Aguardando Verificação/Aprovação (NAVA),0,carlos@zapform.com.br,-,2025-04-02 16:45:53,02/04/2025 16:45,03/04/2025 15:47,-,0.96 dias,-,-,-,-
1601155,Enviado para o RM (Integração),1,carlos@zapform.com.br,-,2025-04-03 15:47:46,03/04/2025 15:47,03/04/2025 15:48,-,0.0 dias,-,-,-,-
1601155,Contrato Ativo,2,carlos@zapform.com.br,-,2025-04-03 15:48:28,03/04/2025 15:48,-,-,-,-,-,-,-
1601153,Aguardando Verificação/Aprovação (NAVA),0,-,-,2025-03-31 21:47:27,31/03/2025 21:47,01/04/2025 03:12,-,0.23 dias,-,-,-,-
1601153,Enviado para o RM (Integração),1,carlos@zapform.com.br,-,2025-04-01 03:12:39,01/04/2025 03:12,01/04/2025 03:12,-,0.0 dias,-,-,-,-
1601153,Erro de Importação,E,carlos@zapform.com.br,-,2025-04-01 03:12:54,01/04/2025 03:12,01/04/2025 11:56,-,0.36 dias,-,-,-,-
1601153,Aguardando Verificação/Aprovação (NAVA),0,carlos@zapform.com.br,-,2025-04-01 11:56:31,01/04/2025 11:56,01/04/2025 17:02,-,0.21 dias,-,-,-,-
1601153,Enviado para o RM (Integração),1,carlos@zapform.com.br,-,2025-04-01 17:02:05,01/04/2025 17:02,01/04/2025 17:02,-,0.0 dias,-,-,-,-
1601153,Contrato Ativo,2,carlos@zapform.com.br,-,2025-04-01 17:02:43,01/04/2025 17:02,02/04/2025 16:45,-,0.99 dias,-,-,-,-
1601153,Aguardando Verificação/Aprovação (NAVA),0,carlos@zapform.com.br,-,2025-04-02 16:45:53,02/04/2025 16:45,03/04/2025 15:47,-,0.96 dias,-,-,-,-
1601153,Enviado para o RM (Integração),1,carlos@zapform.com.br,-,2025-04-03 15:47:11,03/04/2025 15:47,03/04/2025 15:47,-,0.0 dias,-,-,-,-
1601153,Contrato Ativo,2,carlos@zapform.com.br,-,2025-04-03 15:47:43,03/04/2025 15:47,-,-,-,-,-,-,-
1601151,Aguardando Verificação/Aprovação (NAVA),0,-,-,2025-03-31 21:47:04,31/03/2025 21:47,01/04/2025 03:11,-,0.23 dias,-,-,-,-
1601151,Enviado para o RM (Integração),1,carlos@zapform.com.br,-,2025-04-01 03:11:56,01/04/2025 03:11,01/04/2025 03:12,-,0.0 dias,-,-,-,-
1601151,Contrato Ativo,2,carlos@zapform.com.br,-,2025-04-01 03:12:30,01/04/2025 03:12,15/05/2025 13:14,-,44.42 dias,-,-,-,-
1601151,Aguardando Verificação/Aprovação (NAVA),0,integracao-projetoisp,-,2025-05-15 13:14:15,15/05/2025 13:14,15/05/2025 13:14,-,0.0 dias,-,-,-,-
1601151,Cancelado,X,celiene.pinho@nava.com.br,-,2025-05-15 13:14:24,15/05/2025 13:14,-,-,-,-,-,-,-
1601150,Aguardando Verificação/Aprovação (NAVA),0,-,-,2025-03-31 21:46:41,31/03/2025 21:46,01/04/2025 03:11,-,0.23 dias,-,-,-,-
1601150,Enviado para o RM (Integração),1,carlos@zapform.com.br,-,2025-04-01 03:11:13,01/04/2025 03:11,01/04/2025 03:11,-,0.0 dias,-,-,-,-
1601150,Erro de Importação,E,carlos@zapform.com.br,-,2025-04-01 03:11:29,01/04/2025 03:11,01/04/2025 11:56,-,0.36 dias,-,-,-,-
1601150,Aguardando Verificação/Aprovação (NAVA),0,carlos@zapform.com.br,-,2025-04-01 11:56:31,01/04/2025 11:56,01/04/2025 17:01,-,0.21 dias,-,-,-,-
1601150,Enviado para o RM (Integração),1,carlos@zapform.com.br,-,2025-04-01 17:01:18,01/04/2025 17:01,01/04/2025 17:01,-,0.0 dias,-,-,-,-
1601150,Contrato Ativo,2,carlos@zapform.com.br,-,2025-04-01 17:01:58,01/04/2025 17:01,02/04/2025 16:45,-,0.99 dias,-,-,-,-
1601150,Aguardando Verificação/Aprovação (NAVA),0,carlos@zapform.com.br,-,2025-04-02 16:45:53,02/04/2025 16:45,03/04/2025 15:46,-,0.96 dias,-,-,-,-
1601150,Enviado para o RM (Integração),1,carlos@zapform.com.br,-,2025-04-03 15:46:36,03/04/2025 15:46,03/04/2025 15:47,-,0.0 dias,-,-,-,-
1601150,Contrato Ativo,2,carlos@zapform.com.br,-,2025-04-03 15:47:12,03/04/2025 15:47,-,-,-,-,-,-,-
1601148,Aguardando Verificação/Aprovação (NAVA),0,-,-,2025-03-31 21:46:19,31/03/2025 21:46,01/04/2025 03:10,-,0.23 dias,-,-,-,-
1601148,Enviado para o RM (Integração),1,carlos@zapform.com.br,-,2025-04-01 03:10:30,01/04/2025 03:10,01/04/2025 03:10,-,0.0 dias,-,-,-,-
1601148,Erro de Importação,E,carlos@zapform.com.br,-,2025-04-01 03:10:54,01/04/2025 03:10,01/04/2025 11:56,-,0.37 dias,-,-,-,-
1601148,Aguardando Verificação/Aprovação (NAVA),0,carlos@zapform.com.br,-,2025-04-01 11:56:31,01/04/2025 11:56,01/04/2025 17:00,-,0.21 dias,-,-,-,-
1601148,Enviado para o RM (Integração),1,carlos@zapform.com.br,-,2025-04-01 17:00:34,01/04/2025 17:00,01/04/2025 17:01,-,0.0 dias,-,-,-,-
1601148,Contrato Ativo,2,carlos@zapform.com.br,-,2025-04-01 17:01:40,01/04/2025 17:01,02/04/2025 16:45,-,0.99 dias,-,-,-,-
1601148,Aguardando Verificação/Aprovação (NAVA),0,carlos@zapform.com.br,-,2025-04-02 16:45:53,02/04/2025 16:45,03/04/2025 15:46,-,0.96 dias,-,-,-,-
1601148,Enviado para o RM (Integração),1,carlos@zapform.com.br,-,2025-04-03 15:46:03,03/04/2025 15:46,03/04/2025 15:47,-,0.0 dias,-,-,-,-
1601148,Contrato Ativo,2,carlos@zapform.com.br,-,2025-04-03 15:47:04,03/04/2025 15:47,14/04/2025 16:20,-,11.02 dias,-,-,-,-
1601148,Aguardando Verificação/Aprovação (NAVA),0,carlos@zapform.com.br,-,2025-04-14 16:20:41,14/04/2025 16:20,14/04/2025 16:24,-,0.0 dias,-,-,-,-
1601148,Enviado para o RM (Integração),1,carlos@zapform.com.br,-,2025-04-14 16:24:19,14/04/2025 16:24,14/04/2025 16:25,-,0.0 dias,-,-,-,-
1601148,Contrato Ativo,2,carlos@zapform.com.br,-,2025-04-14 16:25:26,14/04/2025 16:25,25/06/2025 15:54,-,71.98 dias,-,-,-,-
1601148,Aguardando Verificação/Aprovação (NAVA),0,integracao-projetoisp,-,2025-06-25 15:54:17,25/06/2025 15:54,25/06/2025 15:55,-,0.0 dias,-,-,-,-
1601148,Enviado para o RM (Integração),1,integracao-projetoisp,-,2025-06-25 15:55:14,25/06/2025 15:55,25/06/2025 15:55,-,0.0 dias,-,-,-,-
1601148,Contrato Ativo,2,integracao-projetoisp,-,2025-06-25 15:55:38,25/06/2025 15:55,-,-,-,-,-,-,-
1601146,Aguardando Verificação/Aprovação (NAVA),0,-,-,2025-03-31 21:45:57,31/03/2025 21:45,01/04/2025 03:09,-,0.22 dias,-,-,-,-
1601146,Enviado para o RM (Integração),1,carlos@zapform.com.br,-,2025-04-01 03:09:47,01/04/2025 03:09,01/04/2025 03:10,-,0.0 dias,-,-,-,-
1601146,Contrato Ativo,2,carlos@zapform.com.br,-,2025-04-01 03:10:27,01/04/2025 03:10,20/06/2025 16:59,-,80.58 dias,-,-,-,-
1601146,Aguardando Verificação/Aprovação (NAVA),0,integracao-projetoisp,-,2025-06-20 16:59:16,20/06/2025 16:59,20/06/2025 17:01,-,0.0 dias,-,-,-,-
1601146,Enviado para o RM (Integração),1,integracao-projetoisp,-,2025-06-20 17:01:10,20/06/2025 17:01,20/06/2025 17:01,-,0.0 dias,-,-,-,-
1601146,Contrato Ativo,2,integracao-projetoisp,-,2025-06-20 17:01:49,20/06/2025 17:01,15/07/2025 13:30,-,24.85 dias,-,-,-,-
1601146,Aguardando Verificação/Aprovação (NAVA),0,integracao-projetoisp,-,2025-07-15 13:30:17,15/07/2025 13:30,16/07/2025 13:50,-,1.01 dias,-,-,-,-
1601146,Enviado para o RM (Integração),1,integracao-projetoisp,-,2025-07-16 13:50:32,16/07/2025 13:50,16/07/2025 13:50,-,0.0 dias,-,-,-,-
1601146,Contrato Ativo,2,integracao-projetoisp,-,2025-07-16 13:50:52,16/07/2025 13:50,-,-,-,-,-,-,-
1601144,Aguardando Verificação/Aprovação (NAVA),0,-,-,2025-03-31 21:45:35,31/03/2025 21:45,01/04/2025 03:09,-,0.22 dias,-,-,-,-
1601144,Enviado para o RM (Integração),1,carlos@zapform.com.br,-,2025-04-01 03:09:04,01/04/2025 03:09,01/04/2025 03:09,-,0.0 dias,-,-,-,-
1601144,Erro de Importação,E,carlos@zapform.com.br,-,2025-04-01 03:09:20,01/04/2025 03:09,01/04/2025 11:56,-,0.37 dias,-,-,-,-
1601144,Aguardando Verificação/Aprovação (NAVA),0,carlos@zapform.com.br,-,2025-04-01 11:56:31,01/04/2025 11:56,01/04/2025 16:59,-,0.21 dias,-,-,-,-
1601144,Enviado para o RM (Integração),1,carlos@zapform.com.br,-,2025-04-01 16:59:47,01/04/2025 16:59,01/04/2025 17:00,-,0.0 dias,-,-,-,-
1601144,Contrato Ativo,2,carlos@zapform.com.br,-,2025-04-01 17:00:36,01/04/2025 17:00,02/04/2025 16:45,-,0.99 dias,-,-,-,-
1601144,Aguardando Verificação/Aprovação (NAVA),0,carlos@zapform.com.br,-,2025-04-02 16:45:53,02/04/2025 16:45,03/04/2025 15:45,-,0.96 dias,-,-,-,-
1601144,Enviado para o RM (Integração),1,carlos@zapform.com.br,-,2025-04-03 15:45:28,03/04/2025 15:45,03/04/2025 15:46,-,0.0 dias,-,-,-,-
1601144,Contrato Ativo,2,carlos@zapform.com.br,-,2025-04-03 15:46:05,03/04/2025 15:46,-,-,-,-,-,-,-
1601142,Aguardando Verificação/Aprovação (NAVA),0,-,-,2025-03-31 21:45:14,31/03/2025 21:45,01/04/2025 03:08,-,0.22 dias,-,-,-,-
1601142,Enviado para o RM (Integração),1,carlos@zapform.com.br,-,2025-04-01 03:08:21,01/04/2025 03:08,01/04/2025 03:08,-,0.0 dias,-,-,-,-
1601142,Erro de Importação,E,carlos@zapform.com.br,-,2025-04-01 03:08:46,01/04/2025 03:08,01/04/2025 11:56,-,0.37 dias,-,-,-,-
1601142,Aguardando Verificação/Aprovação (NAVA),0,carlos@zapform.com.br,-,2025-04-01 11:56:31,01/04/2025 11:56,01/04/2025 16:59,-,0.21 dias,-,-,-,-
1601142,Enviado para o RM (Integração),1,carlos@zapform.com.br,-,2025-04-01 16:59:03,01/04/2025 16:59,01/04/2025 16:59,-,0.0 dias,-,-,-,-
1601142,Contrato Ativo,2,carlos@zapform.com.br,-,2025-04-01 16:59:59,01/04/2025 16:59,02/04/2025 16:45,-,0.99 dias,-,-,-,-
1601142,Aguardando Verificação/Aprovação (NAVA),0,carlos@zapform.com.br,-,2025-04-02 16:45:53,02/04/2025 16:45,03/04/2025 15:44,-,0.96 dias,-,-,-,-
1601142,Enviado para o RM (Integração),1,carlos@zapform.com.br,-,2025-04-03 15:44:53,03/04/2025 15:44,03/04/2025 15:45,-,0.0 dias,-,-,-,-
1601142,Contrato Ativo,2,carlos@zapform.com.br,-,2025-04-03 15:45:58,03/04/2025 15:45,-,-,-,-,-,-,-
1601140,Aguardando Verificação/Aprovação (NAVA),0,-,-,2025-03-31 21:44:53,31/03/2025 21:44,01/04/2025 03:07,-,0.22 dias,-,-,-,-
1601140,Enviado para o RM (Integração),1,carlos@zapform.com.br,-,2025-04-01 03:07:38,01/04/2025 03:07,01/04/2025 03:08,-,0.0 dias,-,-,-,-
1601140,Erro de Importação,E,carlos@zapform.com.br,-,2025-04-01 03:08:01,01/04/2025 03:08,01/04/2025 11:56,-,0.37 dias,-,-,-,-
1601140,Aguardando Verificação/Aprovação (NAVA),0,carlos@zapform.com.br,-,2025-04-01 11:56:31,01/04/2025 11:56,01/04/2025 16:58,-,0.21 dias,-,-,-,-
1601140,Enviado para o RM (Integração),1,carlos@zapform.com.br,-,2025-04-01 16:58:19,01/04/2025 16:58,01/04/2025 16:59,-,0.0 dias,-,-,-,-
1601140,Contrato Ativo,2,carlos@zapform.com.br,-,2025-04-01 16:59:11,01/04/2025 16:59,02/04/2025 16:45,-,0.99 dias,-,-,-,-
1601140,Aguardando Verificação/Aprovação (NAVA),0,carlos@zapform.com.br,-,2025-04-02 16:45:53,02/04/2025 16:45,03/04/2025 15:44,-,0.96 dias,-,-,-,-
1601140,Enviado para o RM (Integração),1,carlos@zapform.com.br,-,2025-04-03 15:44:20,03/04/2025 15:44,03/04/2025 15:45,-,0.0 dias,-,-,-,-
1601140,Contrato Ativo,2,carlos@zapform.com.br,-,2025-04-03 15:45:22,03/04/2025 15:45,-,-,-,-,-,-,-
1601138,Aguardando Verificação/Aprovação (NAVA),0,-,-,2025-03-31 21:44:31,31/03/2025 21:44,01/04/2025 03:06,-,0.22 dias,-,-,-,-
1601138,Enviado para o RM (Integração),1,carlos@zapform.com.br,-,2025-04-01 03:06:55,01/04/2025 03:06,01/04/2025 03:07,-,0.0 dias,-,-,-,-
1601138,Contrato Ativo,2,carlos@zapform.com.br,-,2025-04-01 03:07:26,01/04/2025 03:07,-,-,-,-,-,-,-
1601136,Aguardando Verificação/Aprovação (NAVA),0,-,-,2025-03-31 21:44:09,31/03/2025 21:44,01/04/2025 03:06,-,0.22 dias,-,-,-,-
1601136,Enviado para o RM (Integração),1,carlos@zapform.com.br,-,2025-04-01 03:06:12,01/04/2025 03:06,01/04/2025 03:06,-,0.0 dias,-,-,-,-
1601136,Erro de Importação,E,carlos@zapform.com.br,-,2025-04-01 03:06:36,01/04/2025 03:06,01/04/2025 11:56,-,0.37 dias,-,-,-,-
1601136,Aguardando Verificação/Aprovação (NAVA),0,carlos@zapform.com.br,-,2025-04-01 11:56:31,01/04/2025 11:56,01/04/2025 16:57,-,0.21 dias,-,-,-,-
1601136,Enviado para o RM (Integração),1,carlos@zapform.com.br,-,2025-04-01 16:57:32,01/04/2025 16:57,01/04/2025 16:58,-,0.0 dias,-,-,-,-
1601136,Contrato Ativo,2,carlos@zapform.com.br,-,2025-04-01 16:58:31,01/04/2025 16:58,02/04/2025 16:45,-,0.99 dias,-,-,-,-
1601136,Aguardando Verificação/Aprovação (NAVA),0,carlos@zapform.com.br,-,2025-04-02 16:45:53,02/04/2025 16:45,03/04/2025 15:43,-,0.96 dias,-,-,-,-
1601136,Enviado para o RM (Integração),1,carlos@zapform.com.br,-,2025-04-03 15:43:45,03/04/2025 15:43,03/04/2025 15:44,-,0.0 dias,-,-,-,-
1601136,Contrato Ativo,2,carlos@zapform.com.br,-,2025-04-03 15:44:45,03/04/2025 15:44,-,-,-,-,-,-,-
1601134,Aguardando Verificação/Aprovação (NAVA),0,-,-,2025-03-31 21:43:47,31/03/2025 21:43,01/04/2025 03:05,-,0.22 dias,-,-,-,-
1601134,Enviado para o RM (Integração),1,carlos@zapform.com.br,-,2025-04-01 03:05:29,01/04/2025 03:05,01/04/2025 03:05,-,0.0 dias,-,-,-,-
1601134,Erro de Importação,E,carlos@zapform.com.br,-,2025-04-01 03:05:48,01/04/2025 03:05,01/04/2025 11:56,-,0.37 dias,-,-,-,-
1601134,Aguardando Verificação/Aprovação (NAVA),0,carlos@zapform.com.br,-,2025-04-01 11:56:31,01/04/2025 11:56,01/04/2025 16:56,-,0.21 dias,-,-,-,-
1601134,Enviado para o RM (Integração),1,carlos@zapform.com.br,-,2025-04-01 16:56:47,01/04/2025 16:56,01/04/2025 16:57,-,0.0 dias,-,-,-,-
1601134,Contrato Ativo,2,carlos@zapform.com.br,-,2025-04-01 16:57:31,01/04/2025 16:57,02/04/2025 16:45,-,0.99 dias,-,-,-,-
1601134,Aguardando Verificação/Aprovação (NAVA),0,carlos@zapform.com.br,-,2025-04-02 16:45:53,02/04/2025 16:45,03/04/2025 15:43,-,0.96 dias,-,-,-,-
1601134,Enviado para o RM (Integração),1,carlos@zapform.com.br,-,2025-04-03 15:43:11,03/04/2025 15:43,03/04/2025 15:44,-,0.0 dias,-,-,-,-
1601134,Contrato Ativo,2,carlos@zapform.com.br,-,2025-04-03 15:44:01,03/04/2025 15:44,03/06/2025 14:48,-,60.96 dias,-,-,-,-
1601134,Aguardando Verificação/Aprovação (NAVA),0,integracao-projetoisp,-,2025-06-03 14:48:40,03/06/2025 14:48,04/06/2025 09:09,-,0.76 dias,-,-,-,-
1601134,Contratos Encerrados,5,juliana.santos@nava.com.br,-,2025-06-04 09:09:50,04/06/2025 09:09,04/06/2025 09:10,-,0.0 dias,-,-,-,-
1601134,Contrato Ativo,2,juliana.santos@nava.com.br,-,2025-06-04 09:10:29,04/06/2025 09:10,-,-,-,-,-,-,-
1601132,Aguardando Verificação/Aprovação (NAVA),0,-,-,2025-03-31 21:43:26,31/03/2025 21:43,01/04/2025 03:04,-,0.22 dias,-,-,-,-
1601132,Enviado para o RM (Integração),1,carlos@zapform.com.br,-,2025-04-01 03:04:47,01/04/2025 03:04,01/04/2025 03:05,-,0.0 dias,-,-,-,-
1601132,Contrato Ativo,2,carlos@zapform.com.br,-,2025-04-01 03:05:20,01/04/2025 03:05,-,-,-,-,-,-,-
1601130,Aguardando Verificação/Aprovação (NAVA),0,-,-,2025-03-31 21:43:04,31/03/2025 21:43,01/04/2025 03:04,-,0.22 dias,-,-,-,-
1601130,Enviado para o RM (Integração),1,carlos@zapform.com.br,-,2025-04-01 03:04:04,01/04/2025 03:04,01/04/2025 03:04,-,0.0 dias,-,-,-,-
1601130,Erro de Importação,E,carlos@zapform.com.br,-,2025-04-01 03:04:23,01/04/2025 03:04,01/04/2025 11:56,-,0.37 dias,-,-,-,-
1601130,Aguardando Verificação/Aprovação (NAVA),0,carlos@zapform.com.br,-,2025-04-01 11:56:31,01/04/2025 11:56,01/04/2025 16:56,-,0.21 dias,-,-,-,-
1601130,Enviado para o RM (Integração),1,carlos@zapform.com.br,-,2025-04-01 16:56:00,01/04/2025 16:56,01/04/2025 16:56,-,0.0 dias,-,-,-,-
1601130,Contrato Ativo,2,carlos@zapform.com.br,-,2025-04-01 16:56:43,01/04/2025 16:56,02/04/2025 16:45,-,0.99 dias,-,-,-,-
1601130,Aguardando Verificação/Aprovação (NAVA),0,carlos@zapform.com.br,-,2025-04-02 16:45:53,02/04/2025 16:45,03/04/2025 15:42,-,0.96 dias,-,-,-,-
1601130,Enviado para o RM (Integração),1,carlos@zapform.com.br,-,2025-04-03 15:42:37,03/04/2025 15:42,03/04/2025 15:43,-,0.0 dias,-,-,-,-
1601130,Contrato Ativo,2,carlos@zapform.com.br,-,2025-04-03 15:43:29,03/04/2025 15:43,-,-,-,-,-,-,-
1601128,Aguardando Verificação/Aprovação (NAVA),0,-,-,2025-03-31 21:42:42,31/03/2025 21:42,01/04/2025 03:03,-,0.22 dias,-,-,-,-
1601128,Enviado para o RM (Integração),1,carlos@zapform.com.br,-,2025-04-01 03:03:21,01/04/2025 03:03,01/04/2025 03:03,-,0.0 dias,-,-,-,-
1601128,Erro de Importação,E,carlos@zapform.com.br,-,2025-04-01 03:03:42,01/04/2025 03:03,01/04/2025 11:56,-,0.37 dias,-,-,-,-
1601128,Aguardando Verificação/Aprovação (NAVA),0,carlos@zapform.com.br,-,2025-04-01 11:56:31,01/04/2025 11:56,01/04/2025 16:55,-,0.21 dias,-,-,-,-
1601128,Enviado para o RM (Integração),1,carlos@zapform.com.br,-,2025-04-01 16:55:16,01/04/2025 16:55,01/04/2025 16:56,-,0.0 dias,-,-,-,-
1601128,Contrato Ativo,2,carlos@zapform.com.br,-,2025-04-01 16:56:07,01/04/2025 16:56,02/04/2025 16:45,-,0.99 dias,-,-,-,-
1601128,Aguardando Verificação/Aprovação (NAVA),0,carlos@zapform.com.br,-,2025-04-02 16:45:53,02/04/2025 16:45,03/04/2025 15:42,-,0.96 dias,-,-,-,-
1601128,Enviado para o RM (Integração),1,carlos@zapform.com.br,-,2025-04-03 15:42:03,03/04/2025 15:42,03/04/2025 15:42,-,0.0 dias,-,-,-,-
1601128,Contrato Ativo,2,carlos@zapform.com.br,-,2025-04-03 15:42:53,03/04/2025 15:42,30/04/2025 11:14,-,26.81 dias,-,-,-,-
1601128,Contratos Encerrados,5,thais.roberta@nava.com.br,-,2025-04-30 11:14:26,30/04/2025 11:14,-,-,-,-,-,-,-
1601126,Aguardando Verificação/Aprovação (NAVA),0,-,-,2025-03-31 21:42:21,31/03/2025 21:42,01/04/2025 03:02,-,0.22 dias,-,-,-,-
1601126,Enviado para o RM (Integração),1,carlos@zapform.com.br,-,2025-04-01 03:02:38,01/04/2025 03:02,01/04/2025 03:03,-,0.0 dias,-,-,-,-
1601126,Contrato Ativo,2,carlos@zapform.com.br,-,2025-04-01 03:03:13,01/04/2025 03:03,-,-,-,-,-,-,-
1601124,Aguardando Verificação/Aprovação (NAVA),0,-,-,2025-03-31 21:41:58,31/03/2025 21:41,01/04/2025 03:01,-,0.22 dias,-,-,-,-
1601124,Enviado para o RM (Integração),1,carlos@zapform.com.br,-,2025-04-01 03:01:54,01/04/2025 03:01,01/04/2025 03:02,-,0.0 dias,-,-,-,-
1601124,Erro de Importação,E,carlos@zapform.com.br,-,2025-04-01 03:02:09,01/04/2025 03:02,01/04/2025 11:56,-,0.37 dias,-,-,-,-
1601124,Aguardando Verificação/Aprovação (NAVA),0,carlos@zapform.com.br,-,2025-04-01 11:56:31,01/04/2025 11:56,01/04/2025 16:54,-,0.21 dias,-,-,-,-
1601124,Enviado para o RM (Integração),1,carlos@zapform.com.br,-,2025-04-01 16:54:30,01/04/2025 16:54,01/04/2025 16:55,-,0.0 dias,-,-,-,-
1601124,Contrato Ativo,2,carlos@zapform.com.br,-,2025-04-01 16:55:09,01/04/2025 16:55,02/04/2025 16:45,-,0.99 dias,-,-,-,-
1601124,Aguardando Verificação/Aprovação (NAVA),0,carlos@zapform.com.br,-,2025-04-02 16:45:53,02/04/2025 16:45,03/04/2025 15:39,-,0.95 dias,-,-,-,-
1601124,Enviado para o RM (Integração),1,carlos@zapform.com.br,-,2025-04-03 15:39:58,03/04/2025 15:39,03/04/2025 15:40,-,0.0 dias,-,-,-,-
1601124,Contrato Ativo,2,carlos@zapform.com.br,-,2025-04-03 15:40:35,03/04/2025 15:40,-,-,-,-,-,-,-
1601122,Aguardando Verificação/Aprovação (NAVA),0,-,-,2025-03-31 21:41:36,31/03/2025 21:41,01/04/2025 03:01,-,0.22 dias,-,-,-,-
1601122,Enviado para o RM (Integração),1,carlos@zapform.com.br,-,2025-04-01 03:01:12,01/04/2025 03:01,01/04/2025 03:01,-,0.0 dias,-,-,-,-
1601122,Erro de Importação,E,carlos@zapform.com.br,-,2025-04-01 03:01:33,01/04/2025 03:01,01/04/2025 11:56,-,0.37 dias,-,-,-,-
1601122,Aguardando Verificação/Aprovação (NAVA),0,carlos@zapform.com.br,-,2025-04-01 11:56:31,01/04/2025 11:56,01/04/2025 16:53,-,0.21 dias,-,-,-,-
1601122,Enviado para o RM (Integração),1,carlos@zapform.com.br,-,2025-04-01 16:53:45,01/04/2025 16:53,01/04/2025 16:54,-,0.0 dias,-,-,-,-
1601122,Contrato Ativo,2,carlos@zapform.com.br,-,2025-04-01 16:54:35,01/04/2025 16:54,02/04/2025 16:45,-,0.99 dias,-,-,-,-
1601122,Aguardando Verificação/Aprovação (NAVA),0,carlos@zapform.com.br,-,2025-04-02 16:45:53,02/04/2025 16:45,03/04/2025 15:39,-,0.95 dias,-,-,-,-
1601122,Enviado para o RM (Integração),1,carlos@zapform.com.br,-,2025-04-03 15:39:13,03/04/2025 15:39,03/04/2025 15:40,-,0.0 dias,-,-,-,-
1601122,Contrato Ativo,2,carlos@zapform.com.br,-,2025-04-03 15:40:08,03/04/2025 15:40,-,-,-,-,-,-,-
1601120,Aguardando Verificação/Aprovação (NAVA),0,-,-,2025-03-31 21:41:14,31/03/2025 21:41,01/04/2025 03:00,-,0.22 dias,-,-,-,-
1601120,Enviado para o RM (Integração),1,carlos@zapform.com.br,-,2025-04-01 03:00:28,01/04/2025 03:00,01/04/2025 03:00,-,0.0 dias,-,-,-,-
1601120,Erro de Importação,E,carlos@zapform.com.br,-,2025-04-01 03:00:45,01/04/2025 03:00,01/04/2025 11:56,-,0.37 dias,-,-,-,-
1601120,Aguardando Verificação/Aprovação (NAVA),0,carlos@zapform.com.br,-,2025-04-01 11:56:31,01/04/2025 11:56,01/04/2025 16:53,-,0.21 dias,-,-,-,-
1601120,Enviado para o RM (Integração),1,carlos@zapform.com.br,-,2025-04-01 16:53:00,01/04/2025 16:53,01/04/2025 16:53,-,0.0 dias,-,-,-,-
1601120,Contrato Ativo,2,carlos@zapform.com.br,-,2025-04-01 16:53:37,01/04/2025 16:53,02/04/2025 16:45,-,0.99 dias,-,-,-,-
1601120,Aguardando Verificação/Aprovação (NAVA),0,carlos@zapform.com.br,-,2025-04-02 16:45:53,02/04/2025 16:45,03/04/2025 15:38,-,0.95 dias,-,-,-,-
1601120,Enviado para o RM (Integração),1,carlos@zapform.com.br,-,2025-04-03 15:38:29,03/04/2025 15:38,03/04/2025 15:39,-,0.0 dias,-,-,-,-
1601120,Contrato Ativo,2,carlos@zapform.com.br,-,2025-04-03 15:39:04,03/04/2025 15:39,-,-,-,-,-,-,-
1601118,Aguardando Verificação/Aprovação (NAVA),0,-,-,2025-03-31 21:40:54,31/03/2025 21:40,01/04/2025 02:59,-,0.22 dias,-,-,-,-
1601118,Enviado para o RM (Integração),1,carlos@zapform.com.br,-,2025-04-01 02:59:46,01/04/2025 02:59,01/04/2025 03:00,-,0.0 dias,-,-,-,-
1601118,Erro de Importação,E,carlos@zapform.com.br,-,2025-04-01 03:00:17,01/04/2025 03:00,01/04/2025 11:56,-,0.37 dias,-,-,-,-
1601118,Aguardando Verificação/Aprovação (NAVA),0,carlos@zapform.com.br,-,2025-04-01 11:56:31,01/04/2025 11:56,01/04/2025 16:52,-,0.21 dias,-,-,-,-
1601118,Enviado para o RM (Integração),1,carlos@zapform.com.br,-,2025-04-01 16:52:16,01/04/2025 16:52,01/04/2025 16:53,-,0.0 dias,-,-,-,-
1601118,Contrato Ativo,2,carlos@zapform.com.br,-,2025-04-01 16:53:11,01/04/2025 16:53,02/04/2025 16:45,-,0.99 dias,-,-,-,-
1601118,Aguardando Verificação/Aprovação (NAVA),0,carlos@zapform.com.br,-,2025-04-02 16:45:53,02/04/2025 16:45,03/04/2025 15:37,-,0.95 dias,-,-,-,-
1601118,Enviado para o RM (Integração),1,carlos@zapform.com.br,-,2025-04-03 15:37:45,03/04/2025 15:37,03/04/2025 15:38,-,0.0 dias,-,-,-,-
1601118,Contrato Ativo,2,carlos@zapform.com.br,-,2025-04-03 15:38:42,03/04/2025 15:38,26/05/2025 13:16,-,52.9 dias,-,-,-,-
1601118,Aguardando Verificação/Aprovação (NAVA),0,integracao-projetoisp,-,2025-05-26 13:16:54,26/05/2025 13:16,26/05/2025 15:12,-,0.08 dias,-,-,-,-
1601118,Contrato Ativo,2,celiene.pinho@nava.com.br,-,2025-05-26 15:12:55,26/05/2025 15:12,26/05/2025 15:13,-,0.0 dias,-,-,-,-
1601118,Aguardando Verificação/Aprovação (NAVA),0,celiene.pinho@nava.com.br,-,2025-05-26 15:13:22,26/05/2025 15:13,26/05/2025 15:27,-,0.01 dias,-,-,-,-
1601118,Enviado para o RM (Integração),1,integracao-projetoisp,-,2025-05-26 15:27:39,26/05/2025 15:27,26/05/2025 15:27,-,0.0 dias,-,-,-,-
1601118,Contrato Ativo,2,integracao-projetoisp,-,2025-05-26 15:27:59,26/05/2025 15:27,-,-,-,-,-,-,-
1601116,Aguardando Verificação/Aprovação (NAVA),0,-,-,2025-03-31 21:40:32,31/03/2025 21:40,01/04/2025 02:59,-,0.22 dias,-,-,-,-
1601116,Enviado para o RM (Integração),1,carlos@zapform.com.br,-,2025-04-01 02:59:03,01/04/2025 02:59,01/04/2025 02:59,-,0.0 dias,-,-,-,-
1601116,Contrato Ativo,2,carlos@zapform.com.br,-,2025-04-01 02:59:33,01/04/2025 02:59,18/08/2025 09:40,-,139.28 dias,-,-,-,-
1601116,Aguardando Verificação/Aprovação (NAVA),0,integracao-projetoisp,-,2025-08-18 09:40:56,18/08/2025 09:40,18/08/2025 09:41,-,0.0 dias,-,-,-,-
1601116,Contratos Encerrados,5,celiene.pinho@nava.com.br,-,2025-08-18 09:41:14,18/08/2025 09:41,-,-,-,-,-,-,-
1601114,Aguardando Verificação/Aprovação (NAVA),0,-,-,2025-03-31 21:40:11,31/03/2025 21:40,01/04/2025 02:58,-,0.22 dias,-,-,-,-
1601114,Enviado para o RM (Integração),1,carlos@zapform.com.br,-,2025-04-01 02:58:19,01/04/2025 02:58,01/04/2025 02:58,-,0.0 dias,-,-,-,-
1601114,Erro de Importação,E,carlos@zapform.com.br,-,2025-04-01 02:58:44,01/04/2025 02:58,01/04/2025 11:56,-,0.37 dias,-,-,-,-
1601114,Aguardando Verificação/Aprovação (NAVA),0,carlos@zapform.com.br,-,2025-04-01 11:56:31,01/04/2025 11:56,01/04/2025 16:51,-,0.2 dias,-,-,-,-
1601114,Enviado para o RM (Integração),1,carlos@zapform.com.br,-,2025-04-01 16:51:30,01/04/2025 16:51,01/04/2025 16:52,-,0.0 dias,-,-,-,-
1601114,Contrato Ativo,2,carlos@zapform.com.br,-,2025-04-01 16:52:20,01/04/2025 16:52,02/04/2025 16:45,-,1.0 dias,-,-,-,-
1601114,Aguardando Verificação/Aprovação (NAVA),0,carlos@zapform.com.br,-,2025-04-02 16:45:53,02/04/2025 16:45,03/04/2025 15:37,-,0.95 dias,-,-,-,-
1601114,Enviado para o RM (Integração),1,carlos@zapform.com.br,-,2025-04-03 15:37:01,03/04/2025 15:37,03/04/2025 15:38,-,0.0 dias,-,-,-,-
1601114,Contrato Ativo,2,carlos@zapform.com.br,-,2025-04-03 15:38:02,03/04/2025 15:38,-,-,-,-,-,-,-
1601113,Aguardando Verificação/Aprovação (NAVA),0,-,-,2025-03-31 21:39:49,31/03/2025 21:39,01/04/2025 02:57,-,0.22 dias,-,-,-,-
1601113,Enviado para o RM (Integração),1,carlos@zapform.com.br,-,2025-04-01 02:57:36,01/04/2025 02:57,01/04/2025 02:57,-,0.0 dias,-,-,-,-
1601113,Erro de Importação,E,carlos@zapform.com.br,-,2025-04-01 02:57:59,01/04/2025 02:57,01/04/2025 11:56,-,0.37 dias,-,-,-,-
1601113,Aguardando Verificação/Aprovação (NAVA),0,carlos@zapform.com.br,-,2025-04-01 11:56:31,01/04/2025 11:56,01/04/2025 16:50,-,0.2 dias,-,-,-,-
1601113,Enviado para o RM (Integração),1,carlos@zapform.com.br,-,2025-04-01 16:50:45,01/04/2025 16:50,01/04/2025 16:51,-,0.0 dias,-,-,-,-
1601113,Contrato Ativo,2,carlos@zapform.com.br,-,2025-04-01 16:51:35,01/04/2025 16:51,02/04/2025 16:45,-,1.0 dias,-,-,-,-
1601113,Aguardando Verificação/Aprovação (NAVA),0,carlos@zapform.com.br,-,2025-04-02 16:45:53,02/04/2025 16:45,03/04/2025 15:36,-,0.95 dias,-,-,-,-
1601113,Enviado para o RM (Integração),1,carlos@zapform.com.br,-,2025-04-03 15:36:16,03/04/2025 15:36,03/04/2025 15:37,-,0.0 dias,-,-,-,-
1601113,Contrato Ativo,2,carlos@zapform.com.br,-,2025-04-03 15:37:05,03/04/2025 15:37,26/05/2025 15:44,-,53.01 dias,-,-,-,-
1601113,Aguardando Verificação/Aprovação (NAVA),0,integracao-projetoisp,-,2025-05-26 15:44:31,26/05/2025 15:44,26/05/2025 15:48,-,0.0 dias,-,-,-,-
1601113,Enviado para o RM (Integração),1,integracao-projetoisp,-,2025-05-26 15:48:27,26/05/2025 15:48,26/05/2025 15:48,-,0.0 dias,-,-,-,-
1601113,Contrato Ativo,2,integracao-projetoisp,-,2025-05-26 15:48:53,26/05/2025 15:48,18/08/2025 14:17,-,83.94 dias,-,-,-,-
1601113,Aguardando Verificação/Aprovação (NAVA),0,integracao-projetoisp,-,2025-08-18 14:17:01,18/08/2025 14:17,18/08/2025 14:17,-,0.0 dias,-,-,-,-
1601113,Cancelado,X,celiene.pinho@nava.com.br,-,2025-08-18 14:17:57,18/08/2025 14:17,18/08/2025 14:18,-,0.0 dias,-,-,-,-
1601113,Contratos Encerrados,5,celiene.pinho@nava.com.br,-,2025-08-18 14:18:02,18/08/2025 14:18,-,-,-,-,-,-,-
1601111,Aguardando Verificação/Aprovação (NAVA),0,-,-,2025-03-31 21:39:28,31/03/2025 21:39,01/04/2025 02:56,-,0.22 dias,-,-,-,-
1601111,Enviado para o RM (Integração),1,carlos@zapform.com.br,-,2025-04-01 02:56:54,01/04/2025 02:56,01/04/2025 02:57,-,0.0 dias,-,-,-,-
1601111,Erro de Importação,E,carlos@zapform.com.br,-,2025-04-01 02:57:16,01/04/2025 02:57,01/04/2025 11:56,-,0.37 dias,-,-,-,-
1601111,Aguardando Verificação/Aprovação (NAVA),0,carlos@zapform.com.br,-,2025-04-01 11:56:31,01/04/2025 11:56,01/04/2025 16:50,-,0.2 dias,-,-,-,-
1601111,Enviado para o RM (Integração),1,carlos@zapform.com.br,-,2025-04-01 16:50:01,01/04/2025 16:50,01/04/2025 16:50,-,0.0 dias,-,-,-,-
1601111,Contrato Ativo,2,carlos@zapform.com.br,-,2025-04-01 16:50:52,01/04/2025 16:50,02/04/2025 16:45,-,1.0 dias,-,-,-,-
1601111,Aguardando Verificação/Aprovação (NAVA),0,carlos@zapform.com.br,-,2025-04-02 16:45:53,02/04/2025 16:45,03/04/2025 15:35,-,0.95 dias,-,-,-,-
1601111,Enviado para o RM (Integração),1,carlos@zapform.com.br,-,2025-04-03 15:35:32,03/04/2025 15:35,03/04/2025 15:36,-,0.0 dias,-,-,-,-
1601111,Contrato Ativo,2,carlos@zapform.com.br,-,2025-04-03 15:36:31,03/04/2025 15:36,-,-,-,-,-,-,-
1601109,Aguardando Verificação/Aprovação (NAVA),0,-,-,2025-03-31 21:39:07,31/03/2025 21:39,01/04/2025 02:56,-,0.22 dias,-,-,-,-
1601109,Enviado para o RM (Integração),1,carlos@zapform.com.br,-,2025-04-01 02:56:10,01/04/2025 02:56,01/04/2025 02:56,-,0.0 dias,-,-,-,-
1601109,Erro de Importação,E,carlos@zapform.com.br,-,2025-04-01 02:56:27,01/04/2025 02:56,01/04/2025 11:56,-,0.38 dias,-,-,-,-
1601109,Aguardando Verificação/Aprovação (NAVA),0,carlos@zapform.com.br,-,2025-04-01 11:56:31,01/04/2025 11:56,01/04/2025 16:49,-,0.2 dias,-,-,-,-
1601109,Enviado para o RM (Integração),1,carlos@zapform.com.br,-,2025-04-01 16:49:17,01/04/2025 16:49,01/04/2025 16:49,-,0.0 dias,-,-,-,-
1601109,Contrato Ativo,2,carlos@zapform.com.br,-,2025-04-01 16:49:51,01/04/2025 16:49,02/04/2025 16:45,-,1.0 dias,-,-,-,-
1601109,Aguardando Verificação/Aprovação (NAVA),0,carlos@zapform.com.br,-,2025-04-02 16:45:53,02/04/2025 16:45,03/04/2025 15:34,-,0.95 dias,-,-,-,-
1601109,Enviado para o RM (Integração),1,carlos@zapform.com.br,-,2025-04-03 15:34:47,03/04/2025 15:34,03/04/2025 15:35,-,0.0 dias,-,-,-,-
1601109,Contrato Ativo,2,carlos@zapform.com.br,-,2025-04-03 15:35:32,03/04/2025 15:35,10/05/2025 14:06,-,36.94 dias,-,-,-,-
1601109,Aguardando Verificação/Aprovação (NAVA),0,integracao-projetoisp,-,2025-05-10 14:06:09,10/05/2025 14:06,10/05/2025 14:06,-,0.0 dias,-,-,-,-
1601109,Enviado para o RM (Integração),1,integracao-projetoisp,-,2025-05-10 14:06:22,10/05/2025 14:06,10/05/2025 14:06,-,0.0 dias,-,-,-,-
1601109,Contrato Ativo,2,integracao-projetoisp,-,2025-05-10 14:06:47,10/05/2025 14:06,10/05/2025 14:07,-,0.0 dias,-,-,-,-
1601109,Aguardando Verificação/Aprovação (NAVA),0,integracao-projetoisp,-,2025-05-10 14:07:36,10/05/2025 14:07,10/05/2025 14:07,-,0.0 dias,-,-,-,-
1601109,Enviado para o RM (Integração),1,integracao-projetoisp,-,2025-05-10 14:07:40,10/05/2025 14:07,10/05/2025 14:08,-,0.0 dias,-,-,-,-
1601109,Contrato Ativo,2,integracao-projetoisp,-,2025-05-10 14:08:04,10/05/2025 14:08,23/06/2025 12:10,-,43.92 dias,-,-,-,-
1601109,Aguardando Verificação/Aprovação (NAVA),0,integracao-projetoisp,-,2025-06-23 12:10:23,23/06/2025 12:10,23/06/2025 12:10,-,0.0 dias,-,-,-,-
1601109,Contratos Encerrados,5,anny.araujo@nava.com.br,-,2025-06-23 12:10:29,23/06/2025 12:10,-,-,-,-,-,-,-
1601107,Aguardando Verificação/Aprovação (NAVA),0,-,-,2025-03-31 21:38:44,31/03/2025 21:38,01/04/2025 02:55,-,0.22 dias,-,-,-,-
1601107,Enviado para o RM (Integração),1,carlos@zapform.com.br,-,2025-04-01 02:55:28,01/04/2025 02:55,01/04/2025 02:55,-,0.0 dias,-,-,-,-
1601107,Erro de Importação,E,carlos@zapform.com.br,-,2025-04-01 02:55:51,01/04/2025 02:55,01/04/2025 11:56,-,0.38 dias,-,-,-,-
1601107,Aguardando Verificação/Aprovação (NAVA),0,carlos@zapform.com.br,-,2025-04-01 11:56:31,01/04/2025 11:56,01/04/2025 16:48,-,0.2 dias,-,-,-,-
1601107,Enviado para o RM (Integração),1,carlos@zapform.com.br,-,2025-04-01 16:48:33,01/04/2025 16:48,01/04/2025 16:49,-,0.0 dias,-,-,-,-
1601107,Contrato Ativo,2,carlos@zapform.com.br,-,2025-04-01 16:49:24,01/04/2025 16:49,02/04/2025 16:45,-,1.0 dias,-,-,-,-
1601107,Aguardando Verificação/Aprovação (NAVA),0,carlos@zapform.com.br,-,2025-04-02 16:45:53,02/04/2025 16:45,03/04/2025 15:34,-,0.95 dias,-,-,-,-
1601107,Enviado para o RM (Integração),1,carlos@zapform.com.br,-,2025-04-03 15:34:03,03/04/2025 15:34,03/04/2025 15:34,-,0.0 dias,-,-,-,-
1601107,Contrato Ativo,2,carlos@zapform.com.br,-,2025-04-03 15:34:57,03/04/2025 15:34,-,-,-,-,-,-,-
1601105,Aguardando Verificação/Aprovação (NAVA),0,-,-,2025-03-31 21:38:22,31/03/2025 21:38,01/04/2025 02:54,-,0.22 dias,-,-,-,-
1601105,Enviado para o RM (Integração),1,carlos@zapform.com.br,-,2025-04-01 02:54:45,01/04/2025 02:54,01/04/2025 02:55,-,0.0 dias,-,-,-,-
1601105,Contrato Ativo,2,carlos@zapform.com.br,-,2025-04-01 02:55:30,01/04/2025 02:55,-,-,-,-,-,-,-
1601103,Aguardando Verificação/Aprovação (NAVA),0,-,-,2025-03-31 21:38:01,31/03/2025 21:38,01/04/2025 02:54,-,0.22 dias,-,-,-,-
1601103,Enviado para o RM (Integração),1,carlos@zapform.com.br,-,2025-04-01 02:54:01,01/04/2025 02:54,01/04/2025 02:54,-,0.0 dias,-,-,-,-
1601103,Erro de Importação,E,carlos@zapform.com.br,-,2025-04-01 02:54:22,01/04/2025 02:54,01/04/2025 11:56,-,0.38 dias,-,-,-,-
1601103,Aguardando Verificação/Aprovação (NAVA),0,carlos@zapform.com.br,-,2025-04-01 11:56:31,01/04/2025 11:56,01/04/2025 16:47,-,0.2 dias,-,-,-,-
1601103,Enviado para o RM (Integração),1,carlos@zapform.com.br,-,2025-04-01 16:47:45,01/04/2025 16:47,01/04/2025 16:48,-,0.0 dias,-,-,-,-
1601103,Contrato Ativo,2,carlos@zapform.com.br,-,2025-04-01 16:48:31,01/04/2025 16:48,02/04/2025 16:45,-,1.0 dias,-,-,-,-
1601103,Aguardando Verificação/Aprovação (NAVA),0,carlos@zapform.com.br,-,2025-04-02 16:45:53,02/04/2025 16:45,03/04/2025 15:33,-,0.95 dias,-,-,-,-
1601103,Enviado para o RM (Integração),1,carlos@zapform.com.br,-,2025-04-03 15:33:19,03/04/2025 15:33,03/04/2025 15:34,-,0.0 dias,-,-,-,-
1601103,Contrato Ativo,2,carlos@zapform.com.br,-,2025-04-03 15:34:08,03/04/2025 15:34,03/04/2025 15:34,-,0.0 dias,-,-,-,-
1601103,Erro de Importação,E,carlos@zapform.com.br,-,2025-04-03 15:34:08,03/04/2025 15:34,10/04/2025 17:25,-,7.08 dias,-,-,-,-
1601103,Aguardando Verificação/Aprovação (NAVA),0,carlos@zapform.com.br,-,2025-04-10 17:25:16,10/04/2025 17:25,10/04/2025 17:31,-,0.0 dias,-,-,-,-
1601103,Contrato Ativo,2,carlos@zapform.com.br,-,2025-04-10 17:31:48,10/04/2025 17:31,-,-,-,-,-,-,-
1601101,Aguardando Verificação/Aprovação (NAVA),0,-,-,2025-03-31 21:37:38,31/03/2025 21:37,01/04/2025 02:53,-,0.22 dias,-,-,-,-
1601101,Enviado para o RM (Integração),1,carlos@zapform.com.br,-,2025-04-01 02:53:18,01/04/2025 02:53,01/04/2025 02:53,-,0.0 dias,-,-,-,-
1601101,Erro de Importação,E,carlos@zapform.com.br,-,2025-04-01 02:53:44,01/04/2025 02:53,01/04/2025 11:56,-,0.38 dias,-,-,-,-
1601101,Aguardando Verificação/Aprovação (NAVA),0,carlos@zapform.com.br,-,2025-04-01 11:56:31,01/04/2025 11:56,01/04/2025 16:47,-,0.2 dias,-,-,-,-
1601101,Enviado para o RM (Integração),1,carlos@zapform.com.br,-,2025-04-01 16:47:02,01/04/2025 16:47,01/04/2025 16:47,-,0.0 dias,-,-,-,-
1601101,Contrato Ativo,2,carlos@zapform.com.br,-,2025-04-01 16:47:54,01/04/2025 16:47,02/04/2025 16:45,-,1.0 dias,-,-,-,-
1601101,Aguardando Verificação/Aprovação (NAVA),0,carlos@zapform.com.br,-,2025-04-02 16:45:53,02/04/2025 16:45,03/04/2025 15:32,-,0.95 dias,-,-,-,-
1601101,Enviado para o RM (Integração),1,carlos@zapform.com.br,-,2025-04-03 15:32:34,03/04/2025 15:32,03/04/2025 15:33,-,0.0 dias,-,-,-,-
1601101,Contrato Ativo,2,carlos@zapform.com.br,-,2025-04-03 15:33:29,03/04/2025 15:33,-,-,-,-,-,-,-
1601099,Aguardando Verificação/Aprovação (NAVA),0,-,-,2025-03-31 21:37:17,31/03/2025 21:37,01/04/2025 02:52,-,0.22 dias,-,-,-,-
1601099,Enviado para o RM (Integração),1,carlos@zapform.com.br,-,2025-04-01 02:52:35,01/04/2025 02:52,01/04/2025 02:52,-,0.0 dias,-,-,-,-
1601099,Erro de Importação,E,carlos@zapform.com.br,-,2025-04-01 02:52:48,01/04/2025 02:52,01/04/2025 11:56,-,0.38 dias,-,-,-,-
1601099,Aguardando Verificação/Aprovação (NAVA),0,carlos@zapform.com.br,-,2025-04-01 11:56:31,01/04/2025 11:56,01/04/2025 16:46,-,0.2 dias,-,-,-,-
1601099,Enviado para o RM (Integração),1,carlos@zapform.com.br,-,2025-04-01 16:46:18,01/04/2025 16:46,01/04/2025 16:46,-,0.0 dias,-,-,-,-
1601099,Contrato Ativo,2,carlos@zapform.com.br,-,2025-04-01 16:46:50,01/04/2025 16:46,02/04/2025 16:45,-,1.0 dias,-,-,-,-
1601099,Aguardando Verificação/Aprovação (NAVA),0,carlos@zapform.com.br,-,2025-04-02 16:45:53,02/04/2025 16:45,03/04/2025 15:31,-,0.95 dias,-,-,-,-
1601099,Enviado para o RM (Integração),1,carlos@zapform.com.br,-,2025-04-03 15:31:49,03/04/2025 15:31,03/04/2025 15:32,-,0.0 dias,-,-,-,-
1601099,Contrato Ativo,2,carlos@zapform.com.br,-,2025-04-03 15:32:28,03/04/2025 15:32,-,-,-,-,-,-,-
1601097,Aguardando Verificação/Aprovação (NAVA),0,-,-,2025-03-31 21:36:55,31/03/2025 21:36,01/04/2025 02:51,-,0.22 dias,-,-,-,-
1601097,Enviado para o RM (Integração),1,carlos@zapform.com.br,-,2025-04-01 02:51:53,01/04/2025 02:51,01/04/2025 02:52,-,0.0 dias,-,-,-,-
1601097,Contrato Ativo,2,carlos@zapform.com.br,-,2025-04-01 02:52:29,01/04/2025 02:52,30/05/2025 14:46,-,59.5 dias,-,-,-,-
1601097,Aguardando Verificação/Aprovação (NAVA),0,integracao-projetoisp,-,2025-05-30 14:46:19,30/05/2025 14:46,30/05/2025 14:47,-,0.0 dias,-,-,-,-
1601097,Contratos Encerrados,5,celiene.pinho@nava.com.br,-,2025-05-30 14:47:37,30/05/2025 14:47,-,-,-,-,-,-,-
1601095,Aguardando Verificação/Aprovação (NAVA),0,-,-,2025-03-31 21:36:31,31/03/2025 21:36,01/04/2025 02:51,-,0.22 dias,-,-,-,-
1601095,Enviado para o RM (Integração),1,carlos@zapform.com.br,-,2025-04-01 02:51:09,01/04/2025 02:51,01/04/2025 02:51,-,0.0 dias,-,-,-,-
1601095,Contrato Ativo,2,carlos@zapform.com.br,-,2025-04-01 02:51:55,01/04/2025 02:51,-,-,-,-,-,-,-
1601093,Aguardando Verificação/Aprovação (NAVA),0,-,-,2025-03-31 21:36:10,31/03/2025 21:36,01/04/2025 02:50,-,0.22 dias,-,-,-,-
1601093,Enviado para o RM (Integração),1,carlos@zapform.com.br,-,2025-04-01 02:50:27,01/04/2025 02:50,01/04/2025 02:50,-,0.0 dias,-,-,-,-
1601093,Erro de Importação,E,carlos@zapform.com.br,-,2025-04-01 02:50:50,01/04/2025 02:50,01/04/2025 11:56,-,0.38 dias,-,-,-,-
1601093,Aguardando Verificação/Aprovação (NAVA),0,carlos@zapform.com.br,-,2025-04-01 11:56:31,01/04/2025 11:56,01/04/2025 16:45,-,0.2 dias,-,-,-,-
1601093,Enviado para o RM (Integração),1,carlos@zapform.com.br,-,2025-04-01 16:45:28,01/04/2025 16:45,01/04/2025 16:46,-,0.0 dias,-,-,-,-
1601093,Contrato Ativo,2,carlos@zapform.com.br,-,2025-04-01 16:46:20,01/04/2025 16:46,02/04/2025 16:45,-,1.0 dias,-,-,-,-
1601093,Aguardando Verificação/Aprovação (NAVA),0,carlos@zapform.com.br,-,2025-04-02 16:45:53,02/04/2025 16:45,03/04/2025 15:31,-,0.95 dias,-,-,-,-
1601093,Enviado para o RM (Integração),1,carlos@zapform.com.br,-,2025-04-03 15:31:06,03/04/2025 15:31,03/04/2025 15:32,-,0.0 dias,-,-,-,-
1601093,Contrato Ativo,2,carlos@zapform.com.br,-,2025-04-03 15:32:16,03/04/2025 15:32,-,-,-,-,-,-,-
1601091,Aguardando Verificação/Aprovação (NAVA),0,-,-,2025-03-31 21:35:48,31/03/2025 21:35,01/04/2025 02:49,-,0.22 dias,-,-,-,-
1601091,Enviado para o RM (Integração),1,carlos@zapform.com.br,-,2025-04-01 02:49:44,01/04/2025 02:49,01/04/2025 02:50,-,0.0 dias,-,-,-,-
1601091,Contrato Ativo,2,carlos@zapform.com.br,-,2025-04-01 02:50:34,01/04/2025 02:50,-,-,-,-,-,-,-
1601089,Aguardando Verificação/Aprovação (NAVA),0,-,-,2025-03-31 21:35:26,31/03/2025 21:35,01/04/2025 02:49,-,0.22 dias,-,-,-,-
1601089,Enviado para o RM (Integração),1,carlos@zapform.com.br,-,2025-04-01 02:49:00,01/04/2025 02:49,01/04/2025 02:49,-,0.0 dias,-,-,-,-
1601089,Contrato Ativo,2,carlos@zapform.com.br,-,2025-04-01 02:49:51,01/04/2025 02:49,17/06/2025 11:19,-,77.35 dias,-,-,-,-
1601089,Aguardando Verificação/Aprovação (NAVA),0,integracao-projetoisp,-,2025-06-17 11:19:41,17/06/2025 11:19,17/06/2025 11:20,-,0.0 dias,-,-,-,-
1601089,Contratos Encerrados,5,thais.roberta@nava.com.br,-,2025-06-17 11:20:12,17/06/2025 11:20,-,-,-,-,-,-,-
1601087,Aguardando Verificação/Aprovação (NAVA),0,-,-,2025-03-31 21:35:05,31/03/2025 21:35,01/04/2025 02:48,-,0.22 dias,-,-,-,-
1601087,Enviado para o RM (Integração),1,carlos@zapform.com.br,-,2025-04-01 02:48:18,01/04/2025 02:48,01/04/2025 02:48,-,0.0 dias,-,-,-,-
1601087,Erro de Importação,E,carlos@zapform.com.br,-,2025-04-01 02:48:32,01/04/2025 02:48,01/04/2025 11:56,-,0.38 dias,-,-,-,-
1601087,Aguardando Verificação/Aprovação (NAVA),0,carlos@zapform.com.br,-,2025-04-01 11:56:31,01/04/2025 11:56,01/04/2025 16:44,-,0.2 dias,-,-,-,-
1601087,Enviado para o RM (Integração),1,carlos@zapform.com.br,-,2025-04-01 16:44:38,01/04/2025 16:44,01/04/2025 16:45,-,0.0 dias,-,-,-,-
1601087,Contrato Ativo,2,carlos@zapform.com.br,-,2025-04-01 16:45:15,01/04/2025 16:45,02/04/2025 16:45,-,1.0 dias,-,-,-,-
1601087,Aguardando Verificação/Aprovação (NAVA),0,carlos@zapform.com.br,-,2025-04-02 16:45:53,02/04/2025 16:45,03/04/2025 15:30,-,0.95 dias,-,-,-,-
1601087,Enviado para o RM (Integração),1,carlos@zapform.com.br,-,2025-04-03 15:30:21,03/04/2025 15:30,03/04/2025 15:30,-,0.0 dias,-,-,-,-
1601087,Contrato Ativo,2,carlos@zapform.com.br,-,2025-04-03 15:30:53,03/04/2025 15:30,-,-,-,-,-,-,-
1601085,Aguardando Verificação/Aprovação (NAVA),0,-,-,2025-03-31 21:34:42,31/03/2025 21:34,01/04/2025 02:47,-,0.22 dias,-,-,-,-
1601085,Enviado para o RM (Integração),1,carlos@zapform.com.br,-,2025-04-01 02:47:35,01/04/2025 02:47,01/04/2025 02:47,-,0.0 dias,-,-,-,-
1601085,Erro de Importação,E,carlos@zapform.com.br,-,2025-04-01 02:47:57,01/04/2025 02:47,01/04/2025 11:56,-,0.38 dias,-,-,-,-
1601085,Aguardando Verificação/Aprovação (NAVA),0,carlos@zapform.com.br,-,2025-04-01 11:56:31,01/04/2025 11:56,01/04/2025 16:43,-,0.2 dias,-,-,-,-
1601085,Enviado para o RM (Integração),1,carlos@zapform.com.br,-,2025-04-01 16:43:54,01/04/2025 16:43,01/04/2025 16:44,-,0.0 dias,-,-,-,-
1601085,Contrato Ativo,2,carlos@zapform.com.br,-,2025-04-01 16:44:40,01/04/2025 16:44,02/04/2025 16:45,-,1.0 dias,-,-,-,-
1601085,Aguardando Verificação/Aprovação (NAVA),0,carlos@zapform.com.br,-,2025-04-02 16:45:53,02/04/2025 16:45,03/04/2025 15:29,-,0.95 dias,-,-,-,-
1601085,Enviado para o RM (Integração),1,carlos@zapform.com.br,-,2025-04-03 15:29:36,03/04/2025 15:29,03/04/2025 15:30,-,0.0 dias,-,-,-,-
1601085,Contrato Ativo,2,carlos@zapform.com.br,-,2025-04-03 15:30:29,03/04/2025 15:30,-,-,-,-,-,-,-
1601083,Aguardando Verificação/Aprovação (NAVA),0,-,-,2025-03-31 21:34:21,31/03/2025 21:34,01/04/2025 02:46,-,0.22 dias,-,-,-,-
1601083,Enviado para o RM (Integração),1,carlos@zapform.com.br,-,2025-04-01 02:46:52,01/04/2025 02:46,01/04/2025 02:47,-,0.0 dias,-,-,-,-
1601083,Erro de Importação,E,carlos@zapform.com.br,-,2025-04-01 02:47:14,01/04/2025 02:47,01/04/2025 11:56,-,0.38 dias,-,-,-,-
1601083,Aguardando Verificação/Aprovação (NAVA),0,carlos@zapform.com.br,-,2025-04-01 11:56:31,01/04/2025 11:56,01/04/2025 16:43,-,0.2 dias,-,-,-,-
1601083,Enviado para o RM (Integração),1,carlos@zapform.com.br,-,2025-04-01 16:43:10,01/04/2025 16:43,01/04/2025 16:43,-,0.0 dias,-,-,-,-
1601083,Contrato Ativo,2,carlos@zapform.com.br,-,2025-04-01 16:43:54,01/04/2025 16:43,02/04/2025 16:45,-,1.0 dias,-,-,-,-
1601083,Aguardando Verificação/Aprovação (NAVA),0,carlos@zapform.com.br,-,2025-04-02 16:45:53,02/04/2025 16:45,03/04/2025 15:28,-,0.95 dias,-,-,-,-
1601083,Enviado para o RM (Integração),1,carlos@zapform.com.br,-,2025-04-03 15:28:52,03/04/2025 15:28,03/04/2025 15:29,-,0.0 dias,-,-,-,-
1601083,Contrato Ativo,2,carlos@zapform.com.br,-,2025-04-03 15:29:50,03/04/2025 15:29,30/07/2025 12:08,-,117.86 dias,-,-,-,-
1601083,Aguardando Verificação/Aprovação (NAVA),0,integracao-projetoisp,-,2025-07-30 12:08:27,30/07/2025 12:08,30/07/2025 12:08,-,0.0 dias,-,-,-,-
1601083,Contratos Encerrados,5,gabriels.santos@nava.com.br,-,2025-07-30 12:08:34,30/07/2025 12:08,-,-,-,-,-,-,-
1601081,Aguardando Verificação/Aprovação (NAVA),0,-,-,2025-03-31 21:33:59,31/03/2025 21:33,01/04/2025 02:46,-,0.22 dias,-,-,-,-
1601081,Enviado para o RM (Integração),1,carlos@zapform.com.br,-,2025-04-01 02:46:09,01/04/2025 02:46,01/04/2025 02:46,-,0.0 dias,-,-,-,-
1601081,Contrato Ativo,2,carlos@zapform.com.br,-,2025-04-01 02:46:43,01/04/2025 02:46,30/04/2025 15:17,-,29.52 dias,-,-,-,-
1601081,Contratos Encerrados,5,thais.roberta@nava.com.br,-,2025-04-30 15:17:36,30/04/2025 15:17,-,-,-,-,-,-,-
1601079,Aguardando Verificação/Aprovação (NAVA),0,-,-,2025-03-31 21:33:37,31/03/2025 21:33,01/04/2025 02:45,-,0.22 dias,-,-,-,-
1601079,Enviado para o RM (Integração),1,carlos@zapform.com.br,-,2025-04-01 02:45:26,01/04/2025 02:45,01/04/2025 02:46,-,0.0 dias,-,-,-,-
1601079,Contrato Ativo,2,carlos@zapform.com.br,-,2025-04-01 02:46:16,01/04/2025 02:46,-,-,-,-,-,-,-
1601077,Aguardando Verificação/Aprovação (NAVA),0,-,-,2025-03-31 21:33:15,31/03/2025 21:33,01/04/2025 02:44,-,0.22 dias,-,-,-,-
1601077,Enviado para o RM (Integração),1,carlos@zapform.com.br,-,2025-04-01 02:44:43,01/04/2025 02:44,01/04/2025 02:45,-,0.0 dias,-,-,-,-
1601077,Erro de Importação,E,carlos@zapform.com.br,-,2025-04-01 02:45:04,01/04/2025 02:45,01/04/2025 11:56,-,0.38 dias,-,-,-,-
1601077,Aguardando Verificação/Aprovação (NAVA),0,carlos@zapform.com.br,-,2025-04-01 11:56:31,01/04/2025 11:56,01/04/2025 16:42,-,0.2 dias,-,-,-,-
1601077,Enviado para o RM (Integração),1,carlos@zapform.com.br,-,2025-04-01 16:42:21,01/04/2025 16:42,01/04/2025 16:43,-,0.0 dias,-,-,-,-
1601077,Contrato Ativo,2,carlos@zapform.com.br,-,2025-04-01 16:43:06,01/04/2025 16:43,02/04/2025 16:45,-,1.0 dias,-,-,-,-
1601077,Aguardando Verificação/Aprovação (NAVA),0,carlos@zapform.com.br,-,2025-04-02 16:45:53,02/04/2025 16:45,03/04/2025 15:28,-,0.95 dias,-,-,-,-
1601077,Enviado para o RM (Integração),1,carlos@zapform.com.br,-,2025-04-03 15:28:08,03/04/2025 15:28,03/04/2025 15:28,-,0.0 dias,-,-,-,-
1601077,Contrato Ativo,2,carlos@zapform.com.br,-,2025-04-03 15:28:56,03/04/2025 15:28,-,-,-,-,-,-,-
1601075,Aguardando Verificação/Aprovação (NAVA),0,-,-,2025-03-31 21:32:54,31/03/2025 21:32,01/04/2025 02:44,-,0.22 dias,-,-,-,-
1601075,Enviado para o RM (Integração),1,carlos@zapform.com.br,-,2025-04-01 02:44:01,01/04/2025 02:44,01/04/2025 02:44,-,0.0 dias,-,-,-,-
1601075,Erro de Importação,E,carlos@zapform.com.br,-,2025-04-01 02:44:18,01/04/2025 02:44,01/04/2025 11:56,-,0.38 dias,-,-,-,-
1601075,Aguardando Verificação/Aprovação (NAVA),0,carlos@zapform.com.br,-,2025-04-01 11:56:31,01/04/2025 11:56,01/04/2025 16:41,-,0.2 dias,-,-,-,-
1601075,Enviado para o RM (Integração),1,carlos@zapform.com.br,-,2025-04-01 16:41:12,01/04/2025 16:41,01/04/2025 16:41,-,0.0 dias,-,-,-,-
1601075,Contrato Ativo,2,carlos@zapform.com.br,-,2025-04-01 16:41:45,01/04/2025 16:41,02/04/2025 16:45,-,1.0 dias,-,-,-,-
1601075,Aguardando Verificação/Aprovação (NAVA),0,carlos@zapform.com.br,-,2025-04-02 16:45:53,02/04/2025 16:45,03/04/2025 15:27,-,0.95 dias,-,-,-,-
1601075,Enviado para o RM (Integração),1,carlos@zapform.com.br,-,2025-04-03 15:27:24,03/04/2025 15:27,03/04/2025 15:27,-,0.0 dias,-,-,-,-
1601075,Contrato Ativo,2,carlos@zapform.com.br,-,2025-04-03 15:27:55,03/04/2025 15:27,-,-,-,-,-,-,-
1601073,Aguardando Verificação/Aprovação (NAVA),0,-,-,2025-03-31 21:32:33,31/03/2025 21:32,01/04/2025 02:43,-,0.22 dias,-,-,-,-
1601073,Enviado para o RM (Integração),1,carlos@zapform.com.br,-,2025-04-01 02:43:18,01/04/2025 02:43,01/04/2025 02:44,-,0.0 dias,-,-,-,-
1601073,Contrato Ativo,2,carlos@zapform.com.br,-,2025-04-01 02:44:03,01/04/2025 02:44,15/09/2025 14:59,-,167.51 dias,-,-,-,-
1601073,Aguardando Verificação/Aprovação (NAVA),0,integracao-projetoisp,-,2025-09-15 14:59:22,15/09/2025 14:59,15/09/2025 14:59,-,0.0 dias,-,-,-,-
1601073,Contratos Encerrados,5,gabriels.santos@nava.com.br,-,2025-09-15 14:59:34,15/09/2025 14:59,-,-,-,-,-,-,-
1601071,Aguardando Verificação/Aprovação (NAVA),0,-,-,2025-03-31 21:32:11,31/03/2025 21:32,01/04/2025 02:42,-,0.22 dias,-,-,-,-
1601071,Enviado para o RM (Integração),1,carlos@zapform.com.br,-,2025-04-01 02:42:34,01/04/2025 02:42,01/04/2025 02:43,-,0.0 dias,-,-,-,-
1601071,Contrato Ativo,2,carlos@zapform.com.br,-,2025-04-01 02:43:17,01/04/2025 02:43,-,-,-,-,-,-,-
1601069,Aguardando Verificação/Aprovação (NAVA),0,-,-,2025-03-31 21:31:49,31/03/2025 21:31,01/04/2025 02:41,-,0.22 dias,-,-,-,-
1601069,Enviado para o RM (Integração),1,carlos@zapform.com.br,-,2025-04-01 02:41:51,01/04/2025 02:41,01/04/2025 02:42,-,0.0 dias,-,-,-,-
1601069,Contrato Ativo,2,carlos@zapform.com.br,-,2025-04-01 02:42:39,01/04/2025 02:42,-,-,-,-,-,-,-
1601067,Aguardando Verificação/Aprovação (NAVA),0,-,-,2025-03-31 21:31:26,31/03/2025 21:31,01/04/2025 02:41,-,0.22 dias,-,-,-,-
1601067,Enviado para o RM (Integração),1,carlos@zapform.com.br,-,2025-04-01 02:41:08,01/04/2025 02:41,01/04/2025 02:41,-,0.0 dias,-,-,-,-
1601067,Erro de Importação,E,carlos@zapform.com.br,-,2025-04-01 02:41:29,01/04/2025 02:41,01/04/2025 11:56,-,0.39 dias,-,-,-,-
1601067,Aguardando Verificação/Aprovação (NAVA),0,carlos@zapform.com.br,-,2025-04-01 11:56:31,01/04/2025 11:56,01/04/2025 16:40,-,0.2 dias,-,-,-,-
1601067,Enviado para o RM (Integração),1,carlos@zapform.com.br,-,2025-04-01 16:40:21,01/04/2025 16:40,01/04/2025 16:41,-,0.0 dias,-,-,-,-
1601067,Contrato Ativo,2,carlos@zapform.com.br,-,2025-04-01 16:41:10,01/04/2025 16:41,02/04/2025 16:45,-,1.0 dias,-,-,-,-
1601067,Aguardando Verificação/Aprovação (NAVA),0,carlos@zapform.com.br,-,2025-04-02 16:45:53,02/04/2025 16:45,03/04/2025 15:26,-,0.94 dias,-,-,-,-
1601067,Enviado para o RM (Integração),1,carlos@zapform.com.br,-,2025-04-03 15:26:38,03/04/2025 15:26,03/04/2025 15:27,-,0.0 dias,-,-,-,-
1601067,Contrato Ativo,2,carlos@zapform.com.br,-,2025-04-03 15:27:31,03/04/2025 15:27,-,-,-,-,-,-,-
1601065,Aguardando Verificação/Aprovação (NAVA),0,-,-,2025-03-31 21:31:05,31/03/2025 21:31,01/04/2025 02:40,-,0.21 dias,-,-,-,-
1601065,Enviado para o RM (Integração),1,carlos@zapform.com.br,-,2025-04-01 02:40:25,01/04/2025 02:40,01/04/2025 02:41,-,0.0 dias,-,-,-,-
1601065,Contrato Ativo,2,carlos@zapform.com.br,-,2025-04-01 02:41:13,01/04/2025 02:41,-,-,-,-,-,-,-
1601063,Aguardando Verificação/Aprovação (NAVA),0,-,-,2025-03-31 21:30:43,31/03/2025 21:30,01/04/2025 02:39,-,0.21 dias,-,-,-,-
1601063,Enviado para o RM (Integração),1,carlos@zapform.com.br,-,2025-04-01 02:39:42,01/04/2025 02:39,01/04/2025 02:39,-,0.0 dias,-,-,-,-
1601063,Erro de Importação,E,carlos@zapform.com.br,-,2025-04-01 02:39:57,01/04/2025 02:39,01/04/2025 11:56,-,0.39 dias,-,-,-,-
1601063,Aguardando Verificação/Aprovação (NAVA),0,carlos@zapform.com.br,-,2025-04-01 11:56:31,01/04/2025 11:56,01/04/2025 16:39,-,0.2 dias,-,-,-,-
1601063,Enviado para o RM (Integração),1,carlos@zapform.com.br,-,2025-04-01 16:39:35,01/04/2025 16:39,01/04/2025 16:40,-,0.0 dias,-,-,-,-
1601063,Contrato Ativo,2,carlos@zapform.com.br,-,2025-04-01 16:40:15,01/04/2025 16:40,02/04/2025 16:45,-,1.0 dias,-,-,-,-
1601063,Aguardando Verificação/Aprovação (NAVA),0,carlos@zapform.com.br,-,2025-04-02 16:45:53,02/04/2025 16:45,03/04/2025 15:25,-,0.94 dias,-,-,-,-
1601063,Enviado para o RM (Integração),1,carlos@zapform.com.br,-,2025-04-03 15:25:54,03/04/2025 15:25,03/04/2025 15:26,-,0.0 dias,-,-,-,-
1601063,Contrato Ativo,2,carlos@zapform.com.br,-,2025-04-03 15:26:28,03/04/2025 15:26,-,-,-,-,-,-,-
1601061,Aguardando Verificação/Aprovação (NAVA),0,-,-,2025-03-31 21:30:21,31/03/2025 21:30,01/04/2025 02:38,-,0.21 dias,-,-,-,-
1601061,Enviado para o RM (Integração),1,carlos@zapform.com.br,-,2025-04-01 02:38:59,01/04/2025 02:38,01/04/2025 02:39,-,0.0 dias,-,-,-,-
1601061,Contrato Ativo,2,carlos@zapform.com.br,-,2025-04-01 02:39:53,01/04/2025 02:39,-,-,-,-,-,-,-
1601059,Aguardando Verificação/Aprovação (NAVA),0,-,-,2025-03-31 21:30:00,31/03/2025 21:30,01/04/2025 02:38,-,0.21 dias,-,-,-,-
1601059,Enviado para o RM (Integração),1,carlos@zapform.com.br,-,2025-04-01 02:38:16,01/04/2025 02:38,01/04/2025 02:39,-,0.0 dias,-,-,-,-
1601059,Contrato Ativo,2,carlos@zapform.com.br,-,2025-04-01 02:39:04,01/04/2025 02:39,03/07/2025 14:01,-,93.47 dias,-,-,-,-
1601059,Contratos Encerrados,5,gabriels.santos@nava.com.br,-,2025-07-03 14:01:29,03/07/2025 14:01,-,-,-,-,-,-,-
1601057,Aguardando Verificação/Aprovação (NAVA),0,-,-,2025-03-31 21:29:38,31/03/2025 21:29,01/04/2025 02:37,-,0.21 dias,-,-,-,-
1601057,Enviado para o RM (Integração),1,carlos@zapform.com.br,-,2025-04-01 02:37:33,01/04/2025 02:37,01/04/2025 02:37,-,0.0 dias,-,-,-,-
1601057,Erro de Importação,E,carlos@zapform.com.br,-,2025-04-01 02:37:56,01/04/2025 02:37,01/04/2025 11:56,-,0.39 dias,-,-,-,-
1601057,Aguardando Verificação/Aprovação (NAVA),0,carlos@zapform.com.br,-,2025-04-01 11:56:31,01/04/2025 11:56,01/04/2025 16:38,-,0.2 dias,-,-,-,-
1601057,Enviado para o RM (Integração),1,carlos@zapform.com.br,-,2025-04-01 16:38:47,01/04/2025 16:38,01/04/2025 16:39,-,0.0 dias,-,-,-,-
1601057,Contrato Ativo,2,carlos@zapform.com.br,-,2025-04-01 16:39:38,01/04/2025 16:39,02/04/2025 16:45,-,1.0 dias,-,-,-,-
1601057,Aguardando Verificação/Aprovação (NAVA),0,carlos@zapform.com.br,-,2025-04-02 16:45:53,02/04/2025 16:45,03/04/2025 15:25,-,0.94 dias,-,-,-,-
1601057,Enviado para o RM (Integração),1,carlos@zapform.com.br,-,2025-04-03 15:25:11,03/04/2025 15:25,03/04/2025 15:26,-,0.0 dias,-,-,-,-
1601057,Contrato Ativo,2,carlos@zapform.com.br,-,2025-04-03 15:26:00,03/04/2025 15:26,-,-,-,-,-,-,-
1601055,Aguardando Verificação/Aprovação (NAVA),0,-,-,2025-03-31 21:29:15,31/03/2025 21:29,01/04/2025 02:36,-,0.21 dias,-,-,-,-
1601055,Enviado para o RM (Integração),1,carlos@zapform.com.br,-,2025-04-01 02:36:50,01/04/2025 02:36,01/04/2025 02:37,-,0.0 dias,-,-,-,-
1601055,Erro de Importação,E,carlos@zapform.com.br,-,2025-04-01 02:37:12,01/04/2025 02:37,01/04/2025 11:56,-,0.39 dias,-,-,-,-
1601055,Aguardando Verificação/Aprovação (NAVA),0,carlos@zapform.com.br,-,2025-04-01 11:56:31,01/04/2025 11:56,01/04/2025 16:38,-,0.2 dias,-,-,-,-
1601055,Enviado para o RM (Integração),1,carlos@zapform.com.br,-,2025-04-01 16:38:02,01/04/2025 16:38,01/04/2025 16:39,-,0.0 dias,-,-,-,-
1601055,Contrato Ativo,2,carlos@zapform.com.br,-,2025-04-01 16:39:03,01/04/2025 16:39,02/04/2025 16:45,-,1.0 dias,-,-,-,-
1601055,Aguardando Verificação/Aprovação (NAVA),0,carlos@zapform.com.br,-,2025-04-02 16:45:53,02/04/2025 16:45,03/04/2025 15:24,-,0.94 dias,-,-,-,-
1601055,Enviado para o RM (Integração),1,carlos@zapform.com.br,-,2025-04-03 15:24:26,03/04/2025 15:24,03/04/2025 15:25,-,0.0 dias,-,-,-,-
1601055,Contrato Ativo,2,carlos@zapform.com.br,-,2025-04-03 15:25:23,03/04/2025 15:25,02/07/2025 09:36,-,89.76 dias,-,-,-,-
1601055,Cancelado,X,admin-ale,-,2025-07-02 09:36:44,02/07/2025 09:36,-,-,-,-,-,-,-
1601053,Aguardando Verificação/Aprovação (NAVA),0,-,-,2025-03-31 21:28:53,31/03/2025 21:28,01/04/2025 02:36,-,0.21 dias,-,-,-,-
1601053,Enviado para o RM (Integração),1,carlos@zapform.com.br,-,2025-04-01 02:36:07,01/04/2025 02:36,01/04/2025 02:37,-,0.0 dias,-,-,-,-
1601053,Contrato Ativo,2,carlos@zapform.com.br,-,2025-04-01 02:37:01,01/04/2025 02:37,-,-,-,-,-,-,-
1601051,Aguardando Verificação/Aprovação (NAVA),0,-,-,2025-03-31 21:28:31,31/03/2025 21:28,01/04/2025 02:35,-,0.21 dias,-,-,-,-
1601051,Enviado para o RM (Integração),1,carlos@zapform.com.br,-,2025-04-01 02:35:25,01/04/2025 02:35,01/04/2025 02:36,-,0.0 dias,-,-,-,-
1601051,Contrato Ativo,2,carlos@zapform.com.br,-,2025-04-01 02:36:14,01/04/2025 02:36,-,-,-,-,-,-,-
1601049,Aguardando Verificação/Aprovação (NAVA),0,-,-,2025-03-31 21:28:09,31/03/2025 21:28,01/04/2025 02:34,-,0.21 dias,-,-,-,-
1601049,Enviado para o RM (Integração),1,carlos@zapform.com.br,-,2025-04-01 02:34:41,01/04/2025 02:34,01/04/2025 02:34,-,0.0 dias,-,-,-,-
1601049,Erro de Importação,E,carlos@zapform.com.br,-,2025-04-01 02:34:57,01/04/2025 02:34,01/04/2025 11:56,-,0.39 dias,-,-,-,-
1601049,Aguardando Verificação/Aprovação (NAVA),0,carlos@zapform.com.br,-,2025-04-01 11:56:31,01/04/2025 11:56,01/04/2025 16:37,-,0.19 dias,-,-,-,-
1601049,Enviado para o RM (Integração),1,carlos@zapform.com.br,-,2025-04-01 16:37:13,01/04/2025 16:37,01/04/2025 16:37,-,0.0 dias,-,-,-,-
1601049,Contrato Ativo,2,carlos@zapform.com.br,-,2025-04-01 16:37:52,01/04/2025 16:37,02/04/2025 16:45,-,1.01 dias,-,-,-,-
1601049,Aguardando Verificação/Aprovação (NAVA),0,carlos@zapform.com.br,-,2025-04-02 16:45:53,02/04/2025 16:45,03/04/2025 15:23,-,0.94 dias,-,-,-,-
1601049,Enviado para o RM (Integração),1,carlos@zapform.com.br,-,2025-04-03 15:23:42,03/04/2025 15:23,03/04/2025 15:24,-,0.0 dias,-,-,-,-
1601049,Contrato Ativo,2,carlos@zapform.com.br,-,2025-04-03 15:24:15,03/04/2025 15:24,-,-,-,-,-,-,-
1601047,Aguardando Verificação/Aprovação (NAVA),0,-,-,2025-03-31 21:27:47,31/03/2025 21:27,01/04/2025 02:33,-,0.21 dias,-,-,-,-
1601047,Enviado para o RM (Integração),1,carlos@zapform.com.br,-,2025-04-01 02:33:58,01/04/2025 02:33,01/04/2025 02:34,-,0.0 dias,-,-,-,-
1601047,Contrato Ativo,2,carlos@zapform.com.br,-,2025-04-01 02:34:54,01/04/2025 02:34,02/05/2025 15:24,-,31.53 dias,-,-,-,-
1601047,Contratos Encerrados,5,thais.roberta@nava.com.br,-,2025-05-02 15:24:56,02/05/2025 15:24,-,-,-,-,-,-,-
1601045,Aguardando Verificação/Aprovação (NAVA),0,-,-,2025-03-31 21:27:26,31/03/2025 21:27,01/04/2025 02:33,-,0.21 dias,-,-,-,-
1601045,Enviado para o RM (Integração),1,carlos@zapform.com.br,-,2025-04-01 02:33:16,01/04/2025 02:33,01/04/2025 02:33,-,0.0 dias,-,-,-,-
1601045,Erro de Importação,E,carlos@zapform.com.br,-,2025-04-01 02:33:36,01/04/2025 02:33,01/04/2025 11:56,-,0.39 dias,-,-,-,-
1601045,Aguardando Verificação/Aprovação (NAVA),0,carlos@zapform.com.br,-,2025-04-01 11:56:31,01/04/2025 11:56,01/04/2025 16:36,-,0.19 dias,-,-,-,-
1601045,Enviado para o RM (Integração),1,carlos@zapform.com.br,-,2025-04-01 16:36:26,01/04/2025 16:36,01/04/2025 16:37,-,0.0 dias,-,-,-,-
1601045,Contrato Ativo,2,carlos@zapform.com.br,-,2025-04-01 16:37:16,01/04/2025 16:37,02/04/2025 16:45,-,1.01 dias,-,-,-,-
1601045,Aguardando Verificação/Aprovação (NAVA),0,carlos@zapform.com.br,-,2025-04-02 16:45:53,02/04/2025 16:45,03/04/2025 15:22,-,0.94 dias,-,-,-,-
1601045,Enviado para o RM (Integração),1,carlos@zapform.com.br,-,2025-04-03 15:22:57,03/04/2025 15:22,03/04/2025 15:23,-,0.0 dias,-,-,-,-
1601045,Contrato Ativo,2,carlos@zapform.com.br,-,2025-04-03 15:23:47,03/04/2025 15:23,-,-,-,-,-,-,-
1601043,Aguardando Verificação/Aprovação (NAVA),0,-,-,2025-03-31 21:27:03,31/03/2025 21:27,01/04/2025 02:32,-,0.21 dias,-,-,-,-
1601043,Enviado para o RM (Integração),1,carlos@zapform.com.br,-,2025-04-01 02:32:32,01/04/2025 02:32,01/04/2025 02:33,-,0.0 dias,-,-,-,-
1601043,Contrato Ativo,2,carlos@zapform.com.br,-,2025-04-01 02:33:15,01/04/2025 02:33,-,-,-,-,-,-,-
1601041,Aguardando Verificação/Aprovação (NAVA),0,-,-,2025-03-31 21:26:41,31/03/2025 21:26,01/04/2025 02:31,-,0.21 dias,-,-,-,-
1601041,Enviado para o RM (Integração),1,carlos@zapform.com.br,-,2025-04-01 02:31:49,01/04/2025 02:31,01/04/2025 02:32,-,0.0 dias,-,-,-,-
1601041,Erro de Importação,E,carlos@zapform.com.br,-,2025-04-01 02:32:13,01/04/2025 02:32,01/04/2025 11:56,-,0.39 dias,-,-,-,-
1601041,Aguardando Verificação/Aprovação (NAVA),0,carlos@zapform.com.br,-,2025-04-01 11:56:32,01/04/2025 11:56,01/04/2025 16:35,-,0.19 dias,-,-,-,-
1601041,Enviado para o RM (Integração),1,carlos@zapform.com.br,-,2025-04-01 16:35:39,01/04/2025 16:35,01/04/2025 16:35,-,0.0 dias,-,-,-,-
1601041,Aguardando Verificação/Aprovação (NAVA),0,carlos@zapform.com.br,-,2025-04-01 16:35:39,01/04/2025 16:35,01/04/2025 16:36,-,0.0 dias,-,-,-,-
1601041,Erro de Importação,E,carlos@zapform.com.br,-,2025-04-01 16:36:05,01/04/2025 16:36,01/04/2025 18:16,-,0.07 dias,-,-,-,-
1601041,Aguardando Verificação/Aprovação (NAVA),0,carlos@zapform.com.br,-,2025-04-01 18:16:15,01/04/2025 18:16,02/04/2025 13:41,-,0.81 dias,-,-,-,-
1601041,Enviado para o RM (Integração),1,carlos@zapform.com.br,-,2025-04-02 13:41:19,02/04/2025 13:41,02/04/2025 13:42,-,0.0 dias,-,-,-,-
1601041,Contrato Ativo,2,carlos@zapform.com.br,-,2025-04-02 13:42:10,02/04/2025 13:42,02/04/2025 16:45,-,0.13 dias,-,-,-,-
1601041,Aguardando Verificação/Aprovação (NAVA),0,carlos@zapform.com.br,-,2025-04-02 16:45:53,02/04/2025 16:45,03/04/2025 15:22,-,0.94 dias,-,-,-,-
1601041,Enviado para o RM (Integração),1,carlos@zapform.com.br,-,2025-04-03 15:22:13,03/04/2025 15:22,03/04/2025 15:23,-,0.0 dias,-,-,-,-
1601041,Contrato Ativo,2,carlos@zapform.com.br,-,2025-04-03 15:23:14,03/04/2025 15:23,-,-,-,-,-,-,-
1601039,Aguardando Verificação/Aprovação (NAVA),0,-,-,2025-03-31 21:26:19,31/03/2025 21:26,01/04/2025 02:31,-,0.21 dias,-,-,-,-
1601039,Enviado para o RM (Integração),1,carlos@zapform.com.br,-,2025-04-01 02:31:06,01/04/2025 02:31,01/04/2025 02:31,-,0.0 dias,-,-,-,-
1601039,Erro de Importação,E,carlos@zapform.com.br,-,2025-04-01 02:31:28,01/04/2025 02:31,01/04/2025 11:56,-,0.39 dias,-,-,-,-
1601039,Aguardando Verificação/Aprovação (NAVA),0,carlos@zapform.com.br,-,2025-04-01 11:56:31,01/04/2025 11:56,01/04/2025 16:34,-,0.19 dias,-,-,-,-
1601039,Enviado para o RM (Integração),1,carlos@zapform.com.br,-,2025-04-01 16:34:55,01/04/2025 16:34,01/04/2025 16:35,-,0.0 dias,-,-,-,-
1601039,Contrato Ativo,2,carlos@zapform.com.br,-,2025-04-01 16:35:45,01/04/2025 16:35,02/04/2025 16:45,-,1.01 dias,-,-,-,-
1601039,Aguardando Verificação/Aprovação (NAVA),0,carlos@zapform.com.br,-,2025-04-02 16:45:53,02/04/2025 16:45,03/04/2025 15:21,-,0.94 dias,-,-,-,-
1601039,Enviado para o RM (Integração),1,carlos@zapform.com.br,-,2025-04-03 15:21:44,03/04/2025 15:21,03/04/2025 15:22,-,0.0 dias,-,-,-,-
1601039,Contrato Ativo,2,carlos@zapform.com.br,-,2025-04-03 15:22:32,03/04/2025 15:22,-,-,-,-,-,-,-
1601037,Aguardando Verificação/Aprovação (NAVA),0,-,-,2025-03-31 21:25:57,31/03/2025 21:25,01/04/2025 02:30,-,0.21 dias,-,-,-,-
1601037,Enviado para o RM (Integração),1,carlos@zapform.com.br,-,2025-04-01 02:30:23,01/04/2025 02:30,01/04/2025 02:31,-,0.0 dias,-,-,-,-
1601037,Contrato Ativo,2,carlos@zapform.com.br,-,2025-04-01 02:31:10,01/04/2025 02:31,-,-,-,-,-,-,-
1601035,Aguardando Verificação/Aprovação (NAVA),0,-,-,2025-03-31 21:25:35,31/03/2025 21:25,01/04/2025 02:29,-,0.21 dias,-,-,-,-
1601035,Enviado para o RM (Integração),1,carlos@zapform.com.br,-,2025-04-01 02:29:41,01/04/2025 02:29,01/04/2025 02:29,-,0.0 dias,-,-,-,-
1601035,Erro de Importação,E,carlos@zapform.com.br,-,2025-04-01 02:29:58,01/04/2025 02:29,01/04/2025 11:56,-,0.39 dias,-,-,-,-
1601035,Aguardando Verificação/Aprovação (NAVA),0,carlos@zapform.com.br,-,2025-04-01 11:56:31,01/04/2025 11:56,01/04/2025 16:34,-,0.19 dias,-,-,-,-
1601035,Enviado para o RM (Integração),1,carlos@zapform.com.br,-,2025-04-01 16:34:08,01/04/2025 16:34,01/04/2025 16:34,-,0.0 dias,-,-,-,-
1601035,Contrato Ativo,2,carlos@zapform.com.br,-,2025-04-01 16:34:55,01/04/2025 16:34,02/04/2025 16:45,-,1.01 dias,-,-,-,-
1601035,Aguardando Verificação/Aprovação (NAVA),0,carlos@zapform.com.br,-,2025-04-02 16:45:53,02/04/2025 16:45,03/04/2025 15:20,-,0.94 dias,-,-,-,-
1601035,Enviado para o RM (Integração),1,carlos@zapform.com.br,-,2025-04-03 15:20:41,03/04/2025 15:20,03/04/2025 15:21,-,0.0 dias,-,-,-,-
1601035,Contrato Ativo,2,carlos@zapform.com.br,-,2025-04-03 15:21:40,03/04/2025 15:21,-,-,-,-,-,-,-
1601033,Aguardando Verificação/Aprovação (NAVA),0,-,-,2025-03-31 21:25:13,31/03/2025 21:25,01/04/2025 02:28,-,0.21 dias,-,-,-,-
1601033,Enviado para o RM (Integração),1,carlos@zapform.com.br,-,2025-04-01 02:28:58,01/04/2025 02:28,01/04/2025 02:29,-,0.0 dias,-,-,-,-
1601033,Contrato Ativo,2,carlos@zapform.com.br,-,2025-04-01 02:29:36,01/04/2025 02:29,16/06/2025 15:48,-,76.55 dias,-,-,-,-
1601033,Aguardando Verificação/Aprovação (NAVA),0,integracao-projetoisp,-,2025-06-16 15:48:12,16/06/2025 15:48,16/06/2025 15:48,-,0.0 dias,-,-,-,-
1601033,Enviado para o RM (Integração),1,integracao-projetoisp,-,2025-06-16 15:48:43,16/06/2025 15:48,16/06/2025 15:49,-,0.0 dias,-,-,-,-
1601033,Contrato Ativo,2,integracao-projetoisp,-,2025-06-16 15:49:19,16/06/2025 15:49,-,-,-,-,-,-,-
1601031,Aguardando Verificação/Aprovação (NAVA),0,-,-,2025-03-31 21:24:50,31/03/2025 21:24,01/04/2025 02:28,-,0.21 dias,-,-,-,-
1601031,Enviado para o RM (Integração),1,carlos@zapform.com.br,-,2025-04-01 02:28:15,01/04/2025 02:28,01/04/2025 02:29,-,0.0 dias,-,-,-,-
1601031,Contrato Ativo,2,carlos@zapform.com.br,-,2025-04-01 02:29:06,01/04/2025 02:29,-,-,-,-,-,-,-
1601029,Aguardando Verificação/Aprovação (NAVA),0,-,-,2025-03-31 21:24:29,31/03/2025 21:24,01/04/2025 02:27,-,0.21 dias,-,-,-,-
1601029,Enviado para o RM (Integração),1,carlos@zapform.com.br,-,2025-04-01 02:27:31,01/04/2025 02:27,01/04/2025 02:27,-,0.0 dias,-,-,-,-
1601029,Erro de Importação,E,carlos@zapform.com.br,-,2025-04-01 02:27:49,01/04/2025 02:27,01/04/2025 11:56,-,0.39 dias,-,-,-,-
1601029,Aguardando Verificação/Aprovação (NAVA),0,carlos@zapform.com.br,-,2025-04-01 11:56:31,01/04/2025 11:56,01/04/2025 16:33,-,0.19 dias,-,-,-,-
1601029,Enviado para o RM (Integração),1,carlos@zapform.com.br,-,2025-04-01 16:33:19,01/04/2025 16:33,01/04/2025 16:33,-,0.0 dias,-,-,-,-
1601029,Contrato Ativo,2,carlos@zapform.com.br,-,2025-04-01 16:33:59,01/04/2025 16:33,02/04/2025 16:45,-,1.01 dias,-,-,-,-
1601029,Aguardando Verificação/Aprovação (NAVA),0,carlos@zapform.com.br,-,2025-04-02 16:45:53,02/04/2025 16:45,03/04/2025 15:19,-,0.94 dias,-,-,-,-
1601029,Enviado para o RM (Integração),1,carlos@zapform.com.br,-,2025-04-03 15:19:56,03/04/2025 15:19,03/04/2025 15:20,-,0.0 dias,-,-,-,-
1601029,Contrato Ativo,2,carlos@zapform.com.br,-,2025-04-03 15:20:45,03/04/2025 15:20,30/04/2025 12:01,-,26.86 dias,-,-,-,-
1601029,Contratos Encerrados,5,thais.roberta@nava.com.br,-,2025-04-30 12:01:31,30/04/2025 12:01,-,-,-,-,-,-,-
1601027,Aguardando Verificação/Aprovação (NAVA),0,-,-,2025-03-31 21:24:07,31/03/2025 21:24,01/04/2025 02:26,-,0.21 dias,-,-,-,-
1601027,Enviado para o RM (Integração),1,carlos@zapform.com.br,-,2025-04-01 02:26:48,01/04/2025 02:26,01/04/2025 02:27,-,0.0 dias,-,-,-,-
1601027,Erro de Importação,E,carlos@zapform.com.br,-,2025-04-01 02:27:06,01/04/2025 02:27,01/04/2025 11:56,-,0.4 dias,-,-,-,-
1601027,Aguardando Verificação/Aprovação (NAVA),0,carlos@zapform.com.br,-,2025-04-01 11:56:31,01/04/2025 11:56,01/04/2025 16:32,-,0.19 dias,-,-,-,-
1601027,Enviado para o RM (Integração),1,carlos@zapform.com.br,-,2025-04-01 16:32:35,01/04/2025 16:32,01/04/2025 16:33,-,0.0 dias,-,-,-,-
1601027,Contrato Ativo,2,carlos@zapform.com.br,-,2025-04-01 16:33:22,01/04/2025 16:33,02/04/2025 16:45,-,1.01 dias,-,-,-,-
1601027,Aguardando Verificação/Aprovação (NAVA),0,carlos@zapform.com.br,-,2025-04-02 16:45:53,02/04/2025 16:45,03/04/2025 15:19,-,0.94 dias,-,-,-,-
1601027,Enviado para o RM (Integração),1,carlos@zapform.com.br,-,2025-04-03 15:19:12,03/04/2025 15:19,03/04/2025 15:20,-,0.0 dias,-,-,-,-
1601027,Contrato Ativo,2,carlos@zapform.com.br,-,2025-04-03 15:20:01,03/04/2025 15:20,-,-,-,-,-,-,-
1601025,Aguardando Verificação/Aprovação (NAVA),0,-,-,2025-03-31 21:23:45,31/03/2025 21:23,01/04/2025 02:26,-,0.21 dias,-,-,-,-
1601025,Enviado para o RM (Integração),1,carlos@zapform.com.br,-,2025-04-01 02:26:06,01/04/2025 02:26,01/04/2025 02:26,-,0.0 dias,-,-,-,-
1601025,Erro de Importação,E,carlos@zapform.com.br,-,2025-04-01 02:26:24,01/04/2025 02:26,01/04/2025 11:56,-,0.4 dias,-,-,-,-
1601025,Aguardando Verificação/Aprovação (NAVA),0,carlos@zapform.com.br,-,2025-04-01 11:56:31,01/04/2025 11:56,01/04/2025 16:31,-,0.19 dias,-,-,-,-
1601025,Enviado para o RM (Integração),1,carlos@zapform.com.br,-,2025-04-01 16:31:50,01/04/2025 16:31,01/04/2025 16:32,-,0.0 dias,-,-,-,-
1601025,Contrato Ativo,2,carlos@zapform.com.br,-,2025-04-01 16:32:32,01/04/2025 16:32,02/04/2025 16:45,-,1.01 dias,-,-,-,-
1601025,Aguardando Verificação/Aprovação (NAVA),0,carlos@zapform.com.br,-,2025-04-02 16:45:53,02/04/2025 16:45,03/04/2025 15:18,-,0.94 dias,-,-,-,-
1601025,Enviado para o RM (Integração),1,carlos@zapform.com.br,-,2025-04-03 15:18:28,03/04/2025 15:18,03/04/2025 15:19,-,0.0 dias,-,-,-,-
1601025,Contrato Ativo,2,carlos@zapform.com.br,-,2025-04-03 15:19:18,03/04/2025 15:19,-,-,-,-,-,-,-
1601023,Aguardando Verificação/Aprovação (NAVA),0,-,-,2025-03-31 21:23:23,31/03/2025 21:23,01/04/2025 02:25,-,0.21 dias,-,-,-,-
1601023,Enviado para o RM (Integração),1,carlos@zapform.com.br,-,2025-04-01 02:25:23,01/04/2025 02:25,01/04/2025 02:26,-,0.0 dias,-,-,-,-
1601023,Contrato Ativo,2,carlos@zapform.com.br,-,2025-04-01 02:26:06,01/04/2025 02:26,-,-,-,-,-,-,-
1601021,Aguardando Verificação/Aprovação (NAVA),0,-,-,2025-03-31 21:23:02,31/03/2025 21:23,01/04/2025 02:24,-,0.21 dias,-,-,-,-
1601021,Enviado para o RM (Integração),1,carlos@zapform.com.br,-,2025-04-01 02:24:40,01/04/2025 02:24,01/04/2025 02:25,-,0.0 dias,-,-,-,-
1601021,Contrato Ativo,2,carlos@zapform.com.br,-,2025-04-01 02:25:17,01/04/2025 02:25,-,-,-,-,-,-,-
1601019,Aguardando Verificação/Aprovação (NAVA),0,-,-,2025-03-31 21:22:40,31/03/2025 21:22,01/04/2025 02:23,-,0.21 dias,-,-,-,-
1601019,Enviado para o RM (Integração),1,carlos@zapform.com.br,-,2025-04-01 02:23:57,01/04/2025 02:23,01/04/2025 02:24,-,0.0 dias,-,-,-,-
1601019,Contrato Ativo,2,carlos@zapform.com.br,-,2025-04-01 02:24:28,01/04/2025 02:24,-,-,-,-,-,-,-
1601017,Aguardando Verificação/Aprovação (NAVA),0,-,-,2025-03-31 21:22:17,31/03/2025 21:22,01/04/2025 02:23,-,0.21 dias,-,-,-,-
1601017,Enviado para o RM (Integração),1,carlos@zapform.com.br,-,2025-04-01 02:23:15,01/04/2025 02:23,01/04/2025 02:23,-,0.0 dias,-,-,-,-
1601017,Contrato Ativo,2,carlos@zapform.com.br,-,2025-04-01 02:23:52,01/04/2025 02:23,30/04/2025 15:36,-,29.55 dias,-,-,-,-
1601017,Contratos Encerrados,5,thais.roberta@nava.com.br,-,2025-04-30 15:36:30,30/04/2025 15:36,-,-,-,-,-,-,-
1601015,Aguardando Verificação/Aprovação (NAVA),0,-,-,2025-03-31 21:21:55,31/03/2025 21:21,01/04/2025 02:22,-,0.21 dias,-,-,-,-
1601015,Enviado para o RM (Integração),1,carlos@zapform.com.br,-,2025-04-01 02:22:31,01/04/2025 02:22,01/04/2025 02:22,-,0.0 dias,-,-,-,-
1601015,Erro de Importação,E,carlos@zapform.com.br,-,2025-04-01 02:22:44,01/04/2025 02:22,01/04/2025 11:56,-,0.4 dias,-,-,-,-
1601015,Aguardando Verificação/Aprovação (NAVA),0,carlos@zapform.com.br,-,2025-04-01 11:56:31,01/04/2025 11:56,01/04/2025 16:30,-,0.19 dias,-,-,-,-
1601015,Enviado para o RM (Integração),1,carlos@zapform.com.br,-,2025-04-01 16:30:57,01/04/2025 16:30,01/04/2025 16:31,-,0.0 dias,-,-,-,-
1601015,Contrato Ativo,2,carlos@zapform.com.br,-,2025-04-01 16:31:32,01/04/2025 16:31,02/04/2025 16:45,-,1.01 dias,-,-,-,-
1601015,Aguardando Verificação/Aprovação (NAVA),0,carlos@zapform.com.br,-,2025-04-02 16:45:53,02/04/2025 16:45,03/04/2025 15:17,-,0.94 dias,-,-,-,-
1601015,Enviado para o RM (Integração),1,carlos@zapform.com.br,-,2025-04-03 15:17:44,03/04/2025 15:17,03/04/2025 15:18,-,0.0 dias,-,-,-,-
1601015,Contrato Ativo,2,carlos@zapform.com.br,-,2025-04-03 15:18:27,03/04/2025 15:18,-,-,-,-,-,-,-
1601013,Aguardando Verificação/Aprovação (NAVA),0,-,-,2025-03-31 21:21:34,31/03/2025 21:21,01/04/2025 02:21,-,0.21 dias,-,-,-,-
1601013,Enviado para o RM (Integração),1,carlos@zapform.com.br,-,2025-04-01 02:21:49,01/04/2025 02:21,01/04/2025 02:22,-,0.0 dias,-,-,-,-
1601013,Contrato Ativo,2,carlos@zapform.com.br,-,2025-04-01 02:22:26,01/04/2025 02:22,30/04/2025 10:41,-,29.35 dias,-,-,-,-
1601013,Aguardando Verificação/Aprovação (NAVA),0,integracao-projetoisp,-,2025-04-30 10:41:25,30/04/2025 10:41,30/04/2025 10:41,-,0.0 dias,-,-,-,-
1601013,Contratos Encerrados,5,gabriels.santos@nava.com.br,-,2025-04-30 10:41:31,30/04/2025 10:41,-,-,-,-,-,-,-
1601011,Aguardando Verificação/Aprovação (NAVA),0,-,-,2025-03-31 21:21:11,31/03/2025 21:21,01/04/2025 02:21,-,0.21 dias,-,-,-,-
1601011,Enviado para o RM (Integração),1,carlos@zapform.com.br,-,2025-04-01 02:21:05,01/04/2025 02:21,01/04/2025 02:21,-,0.0 dias,-,-,-,-
1601011,Contrato Ativo,2,carlos@zapform.com.br,-,2025-04-01 02:21:41,01/04/2025 02:21,-,-,-,-,-,-,-
1601009,Aguardando Verificação/Aprovação (NAVA),0,-,-,2025-03-31 21:20:48,31/03/2025 21:20,01/04/2025 02:20,-,0.21 dias,-,-,-,-
1601009,Enviado para o RM (Integração),1,carlos@zapform.com.br,-,2025-04-01 02:20:22,01/04/2025 02:20,01/04/2025 02:20,-,0.0 dias,-,-,-,-
1601009,Contrato Ativo,2,carlos@zapform.com.br,-,2025-04-01 02:20:57,01/04/2025 02:20,30/04/2025 15:03,-,29.53 dias,-,-,-,-
1601009,Contratos Encerrados,5,thais.roberta@nava.com.br,-,2025-04-30 15:03:52,30/04/2025 15:03,-,-,-,-,-,-,-
1601007,Aguardando Verificação/Aprovação (NAVA),0,-,-,2025-03-31 21:20:27,31/03/2025 21:20,01/04/2025 02:19,-,0.21 dias,-,-,-,-
1601007,Enviado para o RM (Integração),1,carlos@zapform.com.br,-,2025-04-01 02:19:39,01/04/2025 02:19,01/04/2025 02:20,-,0.0 dias,-,-,-,-
1601007,Contrato Ativo,2,carlos@zapform.com.br,-,2025-04-01 02:20:27,01/04/2025 02:20,-,-,-,-,-,-,-
1601005,Aguardando Verificação/Aprovação (NAVA),0,-,-,2025-03-31 21:20:05,31/03/2025 21:20,01/04/2025 02:18,-,0.21 dias,-,-,-,-
1601005,Enviado para o RM (Integração),1,carlos@zapform.com.br,-,2025-04-01 02:18:56,01/04/2025 02:18,01/04/2025 02:19,-,0.0 dias,-,-,-,-
1601005,Contrato Ativo,2,carlos@zapform.com.br,-,2025-04-01 02:19:44,01/04/2025 02:19,-,-,-,-,-,-,-
1601003,Aguardando Verificação/Aprovação (NAVA),0,-,-,2025-03-31 21:19:43,31/03/2025 21:19,01/04/2025 02:18,-,0.21 dias,-,-,-,-
1601003,Enviado para o RM (Integração),1,carlos@zapform.com.br,-,2025-04-01 02:18:13,01/04/2025 02:18,01/04/2025 02:18,-,0.0 dias,-,-,-,-
1601003,Erro de Importação,E,carlos@zapform.com.br,-,2025-04-01 02:18:33,01/04/2025 02:18,01/04/2025 11:56,-,0.4 dias,-,-,-,-
1601003,Aguardando Verificação/Aprovação (NAVA),0,carlos@zapform.com.br,-,2025-04-01 11:56:31,01/04/2025 11:56,01/04/2025 16:30,-,0.19 dias,-,-,-,-
1601003,Enviado para o RM (Integração),1,carlos@zapform.com.br,-,2025-04-01 16:30:00,01/04/2025 16:30,01/04/2025 16:30,-,0.0 dias,-,-,-,-
1601003,Contrato Ativo,2,carlos@zapform.com.br,-,2025-04-01 16:30:47,01/04/2025 16:30,02/04/2025 16:45,-,1.01 dias,-,-,-,-
1601003,Aguardando Verificação/Aprovação (NAVA),0,carlos@zapform.com.br,-,2025-04-02 16:45:53,02/04/2025 16:45,03/04/2025 15:17,-,0.94 dias,-,-,-,-
1601003,Enviado para o RM (Integração),1,carlos@zapform.com.br,-,2025-04-03 15:17:01,03/04/2025 15:17,03/04/2025 15:17,-,0.0 dias,-,-,-,-
1601003,Contrato Ativo,2,carlos@zapform.com.br,-,2025-04-03 15:17:47,03/04/2025 15:17,-,-,-,-,-,-,-
1601001,Aguardando Verificação/Aprovação (NAVA),0,-,-,2025-03-31 21:19:20,31/03/2025 21:19,01/04/2025 02:17,-,0.21 dias,-,-,-,-
1601001,Enviado para o RM (Integração),1,carlos@zapform.com.br,-,2025-04-01 02:17:30,01/04/2025 02:17,01/04/2025 02:18,-,0.0 dias,-,-,-,-
1601001,Contrato Ativo,2,carlos@zapform.com.br,-,2025-04-01 02:18:17,01/04/2025 02:18,-,-,-,-,-,-,-
1600999,Aguardando Verificação/Aprovação (NAVA),0,-,-,2025-03-31 21:18:58,31/03/2025 21:18,01/04/2025 02:16,-,0.21 dias,-,-,-,-
1600999,Enviado para o RM (Integração),1,carlos@zapform.com.br,-,2025-04-01 02:16:48,01/04/2025 02:16,01/04/2025 02:17,-,0.0 dias,-,-,-,-
1600999,Erro de Importação,E,carlos@zapform.com.br,-,2025-04-01 02:17:06,01/04/2025 02:17,01/04/2025 11:56,-,0.4 dias,-,-,-,-
1600999,Aguardando Verificação/Aprovação (NAVA),0,carlos@zapform.com.br,-,2025-04-01 11:56:31,01/04/2025 11:56,01/04/2025 16:29,-,0.19 dias,-,-,-,-
1600999,Enviado para o RM (Integração),1,carlos@zapform.com.br,-,2025-04-01 16:29:13,01/04/2025 16:29,01/04/2025 16:29,-,0.0 dias,-,-,-,-
1600999,Contrato Ativo,2,carlos@zapform.com.br,-,2025-04-01 16:29:57,01/04/2025 16:29,02/04/2025 16:45,-,1.01 dias,-,-,-,-
1600999,Aguardando Verificação/Aprovação (NAVA),0,carlos@zapform.com.br,-,2025-04-02 16:45:53,02/04/2025 16:45,03/04/2025 15:16,-,0.94 dias,-,-,-,-
1600999,Enviado para o RM (Integração),1,carlos@zapform.com.br,-,2025-04-03 15:16:18,03/04/2025 15:16,03/04/2025 15:17,-,0.0 dias,-,-,-,-
1600999,Contrato Ativo,2,carlos@zapform.com.br,-,2025-04-03 15:17:00,03/04/2025 15:17,-,-,-,-,-,-,-
1600997,Aguardando Verificação/Aprovação (NAVA),0,-,-,2025-03-31 21:18:36,31/03/2025 21:18,01/04/2025 02:16,-,0.21 dias,-,-,-,-
1600997,Enviado para o RM (Integração),1,carlos@zapform.com.br,-,2025-04-01 02:16:05,01/04/2025 02:16,01/04/2025 02:16,-,0.0 dias,-,-,-,-
1600997,Contrato Ativo,2,carlos@zapform.com.br,-,2025-04-01 02:16:47,01/04/2025 02:16,-,-,-,-,-,-,-
1600995,Aguardando Verificação/Aprovação (NAVA),0,-,-,2025-03-31 21:18:14,31/03/2025 21:18,01/04/2025 02:15,-,0.21 dias,-,-,-,-
1600995,Enviado para o RM (Integração),1,carlos@zapform.com.br,-,2025-04-01 02:15:21,01/04/2025 02:15,01/04/2025 02:15,-,0.0 dias,-,-,-,-
1600995,Erro de Importação,E,carlos@zapform.com.br,-,2025-04-01 02:15:40,01/04/2025 02:15,01/04/2025 11:56,-,0.4 dias,-,-,-,-
1600995,Aguardando Verificação/Aprovação (NAVA),0,carlos@zapform.com.br,-,2025-04-01 11:56:31,01/04/2025 11:56,01/04/2025 16:28,-,0.19 dias,-,-,-,-
1600995,Enviado para o RM (Integração),1,carlos@zapform.com.br,-,2025-04-01 16:28:26,01/04/2025 16:28,01/04/2025 16:29,-,0.0 dias,-,-,-,-
1600995,Contrato Ativo,2,carlos@zapform.com.br,-,2025-04-01 16:29:06,01/04/2025 16:29,02/04/2025 16:45,-,1.01 dias,-,-,-,-
1600995,Aguardando Verificação/Aprovação (NAVA),0,carlos@zapform.com.br,-,2025-04-02 16:45:53,02/04/2025 16:45,03/04/2025 15:15,-,0.94 dias,-,-,-,-
1600995,Enviado para o RM (Integração),1,carlos@zapform.com.br,-,2025-04-03 15:15:30,03/04/2025 15:15,03/04/2025 15:16,-,0.0 dias,-,-,-,-
1600995,Contrato Ativo,2,carlos@zapform.com.br,-,2025-04-03 15:16:12,03/04/2025 15:16,-,-,-,-,-,-,-
1600993,Aguardando Verificação/Aprovação (NAVA),0,-,-,2025-03-31 21:17:52,31/03/2025 21:17,01/04/2025 02:14,-,0.21 dias,-,-,-,-
1600993,Enviado para o RM (Integração),1,carlos@zapform.com.br,-,2025-04-01 02:14:38,01/04/2025 02:14,01/04/2025 02:15,-,0.0 dias,-,-,-,-
1600993,Contrato Ativo,2,carlos@zapform.com.br,-,2025-04-01 02:15:17,01/04/2025 02:15,14/04/2025 13:35,-,13.47 dias,-,-,-,-
1600993,Aguardando Verificação/Aprovação (NAVA),0,carlos@zapform.com.br,-,2025-04-14 13:35:04,14/04/2025 13:35,14/04/2025 13:41,-,0.0 dias,-,-,-,-
1600993,Cancelado,X,carlos@zapform.com.br,-,2025-04-14 13:41:14,14/04/2025 13:41,-,-,-,-,-,-,-
1600992,Aguardando Verificação/Aprovação (NAVA),0,-,-,2025-03-31 21:17:30,31/03/2025 21:17,01/04/2025 02:13,-,0.21 dias,-,-,-,-
1600992,Enviado para o RM (Integração),1,carlos@zapform.com.br,-,2025-04-01 02:13:55,01/04/2025 02:13,01/04/2025 02:14,-,0.0 dias,-,-,-,-
1600992,Erro de Importação,E,carlos@zapform.com.br,-,2025-04-01 02:14:11,01/04/2025 02:14,01/04/2025 11:56,-,0.4 dias,-,-,-,-
1600992,Aguardando Verificação/Aprovação (NAVA),0,carlos@zapform.com.br,-,2025-04-01 11:56:32,01/04/2025 11:56,01/04/2025 16:27,-,0.19 dias,-,-,-,-
1600992,Enviado para o RM (Integração),1,carlos@zapform.com.br,-,2025-04-01 16:27:39,01/04/2025 16:27,01/04/2025 16:28,-,0.0 dias,-,-,-,-
1600992,Contrato Ativo,2,carlos@zapform.com.br,-,2025-04-01 16:28:24,01/04/2025 16:28,02/04/2025 16:45,-,1.01 dias,-,-,-,-
1600992,Aguardando Verificação/Aprovação (NAVA),0,carlos@zapform.com.br,-,2025-04-02 16:45:53,02/04/2025 16:45,03/04/2025 15:14,-,0.94 dias,-,-,-,-
1600992,Enviado para o RM (Integração),1,carlos@zapform.com.br,-,2025-04-03 15:14:46,03/04/2025 15:14,03/04/2025 15:15,-,0.0 dias,-,-,-,-
1600992,Contrato Ativo,2,carlos@zapform.com.br,-,2025-04-03 15:15:28,03/04/2025 15:15,-,-,-,-,-,-,-
1600990,Aguardando Verificação/Aprovação (NAVA),0,-,-,2025-03-31 21:17:08,31/03/2025 21:17,01/04/2025 02:13,-,0.21 dias,-,-,-,-
1600990,Enviado para o RM (Integração),1,carlos@zapform.com.br,-,2025-04-01 02:13:12,01/04/2025 02:13,01/04/2025 02:13,-,0.0 dias,-,-,-,-
1600990,Contrato Ativo,2,carlos@zapform.com.br,-,2025-04-01 02:13:48,01/04/2025 02:13,-,-,-,-,-,-,-
1600988,Aguardando Verificação/Aprovação (NAVA),0,-,-,2025-03-31 21:16:45,31/03/2025 21:16,01/04/2025 02:12,-,0.21 dias,-,-,-,-
1600988,Enviado para o RM (Integração),1,carlos@zapform.com.br,-,2025-04-01 02:12:29,01/04/2025 02:12,01/04/2025 02:13,-,0.0 dias,-,-,-,-
1600988,Contrato Ativo,2,carlos@zapform.com.br,-,2025-04-01 02:13:07,01/04/2025 02:13,-,-,-,-,-,-,-
1600986,Aguardando Verificação/Aprovação (NAVA),0,-,-,2025-03-31 21:16:23,31/03/2025 21:16,01/04/2025 02:11,-,0.21 dias,-,-,-,-
1600986,Enviado para o RM (Integração),1,carlos@zapform.com.br,-,2025-04-01 02:11:46,01/04/2025 02:11,01/04/2025 02:12,-,0.0 dias,-,-,-,-
1600986,Contrato Ativo,2,carlos@zapform.com.br,-,2025-04-01 02:12:29,01/04/2025 02:12,-,-,-,-,-,-,-
1600984,Aguardando Verificação/Aprovação (NAVA),0,-,-,2025-03-31 21:16:00,31/03/2025 21:16,01/04/2025 02:11,-,0.2 dias,-,-,-,-
1600984,Enviado para o RM (Integração),1,carlos@zapform.com.br,-,2025-04-01 02:11:03,01/04/2025 02:11,01/04/2025 02:11,-,0.0 dias,-,-,-,-
1600984,Contrato Ativo,2,carlos@zapform.com.br,-,2025-04-01 02:11:38,01/04/2025 02:11,10/06/2025 11:13,-,70.38 dias,-,-,-,-
1600984,Aguardando Verificação/Aprovação (NAVA),0,integracao-projetoisp,-,2025-06-10 11:13:12,10/06/2025 11:13,10/06/2025 11:13,-,0.0 dias,-,-,-,-
1600984,Enviado para o RM (Integração),1,integracao-projetoisp,-,2025-06-10 11:13:41,10/06/2025 11:13,10/06/2025 11:14,-,0.0 dias,-,-,-,-
1600984,Contrato Ativo,2,integracao-projetoisp,-,2025-06-10 11:14:07,10/06/2025 11:14,-,-,-,-,-,-,-
1600982,Aguardando Verificação/Aprovação (NAVA),0,-,-,2025-03-31 21:15:38,31/03/2025 21:15,01/04/2025 02:10,-,0.2 dias,-,-,-,-
1600982,Enviado para o RM (Integração),1,carlos@zapform.com.br,-,2025-04-01 02:10:20,01/04/2025 02:10,01/04/2025 02:11,-,0.0 dias,-,-,-,-
1600982,Contrato Ativo,2,carlos@zapform.com.br,-,2025-04-01 02:11:01,01/04/2025 02:11,-,-,-,-,-,-,-
1600979,Aguardando Verificação/Aprovação (NAVA),0,-,-,2025-03-31 21:15:15,31/03/2025 21:15,01/04/2025 02:09,-,0.2 dias,-,-,-,-
1600979,Enviado para o RM (Integração),1,carlos@zapform.com.br,-,2025-04-01 02:09:37,01/04/2025 02:09,01/04/2025 02:10,-,0.0 dias,-,-,-,-
1600979,Contrato Ativo,2,carlos@zapform.com.br,-,2025-04-01 02:10:28,01/04/2025 02:10,-,-,-,-,-,-,-
1600977,Aguardando Verificação/Aprovação (NAVA),0,-,-,2025-03-31 21:14:53,31/03/2025 21:14,01/04/2025 02:08,-,0.2 dias,-,-,-,-
1600977,Enviado para o RM (Integração),1,carlos@zapform.com.br,-,2025-04-01 02:08:54,01/04/2025 02:08,01/04/2025 02:09,-,0.0 dias,-,-,-,-
1600977,Erro de Importação,E,carlos@zapform.com.br,-,2025-04-01 02:09:14,01/04/2025 02:09,01/04/2025 11:56,-,0.41 dias,-,-,-,-
1600977,Aguardando Verificação/Aprovação (NAVA),0,carlos@zapform.com.br,-,2025-04-01 11:56:31,01/04/2025 11:56,01/04/2025 16:26,-,0.19 dias,-,-,-,-
1600977,Enviado para o RM (Integração),1,carlos@zapform.com.br,-,2025-04-01 16:26:41,01/04/2025 16:26,01/04/2025 16:27,-,0.0 dias,-,-,-,-
1600977,Contrato Ativo,2,carlos@zapform.com.br,-,2025-04-01 16:27:24,01/04/2025 16:27,02/04/2025 16:45,-,1.01 dias,-,-,-,-
1600977,Aguardando Verificação/Aprovação (NAVA),0,carlos@zapform.com.br,-,2025-04-02 16:45:53,02/04/2025 16:45,03/04/2025 15:14,-,0.94 dias,-,-,-,-
1600977,Enviado para o RM (Integração),1,carlos@zapform.com.br,-,2025-04-03 15:14:02,03/04/2025 15:14,03/04/2025 15:14,-,0.0 dias,-,-,-,-
1600977,Contrato Ativo,2,carlos@zapform.com.br,-,2025-04-03 15:14:47,03/04/2025 15:14,-,-,-,-,-,-,-
1600975,Aguardando Verificação/Aprovação (NAVA),0,-,-,2025-03-31 21:14:30,31/03/2025 21:14,01/04/2025 02:08,-,0.2 dias,-,-,-,-
1600975,Enviado para o RM (Integração),1,carlos@zapform.com.br,-,2025-04-01 02:08:11,01/04/2025 02:08,01/04/2025 02:08,-,0.0 dias,-,-,-,-
1600975,Contrato Ativo,2,carlos@zapform.com.br,-,2025-04-01 02:08:51,01/04/2025 02:08,-,-,-,-,-,-,-
1600973,Aguardando Verificação/Aprovação (NAVA),0,-,-,2025-03-31 21:14:06,31/03/2025 21:14,01/04/2025 02:07,-,0.2 dias,-,-,-,-
1600973,Enviado para o RM (Integração),1,carlos@zapform.com.br,-,2025-04-01 02:07:29,01/04/2025 02:07,01/04/2025 02:07,-,0.0 dias,-,-,-,-
1600973,Erro de Importação,E,carlos@zapform.com.br,-,2025-04-01 02:07:48,01/04/2025 02:07,01/04/2025 11:56,-,0.41 dias,-,-,-,-
1600973,Aguardando Verificação/Aprovação (NAVA),0,carlos@zapform.com.br,-,2025-04-01 11:56:31,01/04/2025 11:56,01/04/2025 16:25,-,0.19 dias,-,-,-,-
1600973,Enviado para o RM (Integração),1,carlos@zapform.com.br,-,2025-04-01 16:25:54,01/04/2025 16:25,01/04/2025 16:26,-,0.0 dias,-,-,-,-
1600973,Contrato Ativo,2,carlos@zapform.com.br,-,2025-04-01 16:26:36,01/04/2025 16:26,02/04/2025 16:45,-,1.01 dias,-,-,-,-
1600973,Aguardando Verificação/Aprovação (NAVA),0,carlos@zapform.com.br,-,2025-04-02 16:45:53,02/04/2025 16:45,03/04/2025 15:13,-,0.94 dias,-,-,-,-
1600973,Enviado para o RM (Integração),1,carlos@zapform.com.br,-,2025-04-03 15:13:17,03/04/2025 15:13,03/04/2025 15:13,-,0.0 dias,-,-,-,-
1600973,Contrato Ativo,2,carlos@zapform.com.br,-,2025-04-03 15:13:57,03/04/2025 15:13,26/05/2025 18:36,-,53.14 dias,-,-,-,-
1600973,Aguardando Verificação/Aprovação (NAVA),0,integracao-projetoisp,-,2025-05-26 18:36:17,26/05/2025 18:36,26/05/2025 18:37,-,0.0 dias,-,-,-,-
1600973,Enviado para o RM (Integração),1,integracao-projetoisp,-,2025-05-26 18:37:28,26/05/2025 18:37,26/05/2025 18:37,-,0.0 dias,-,-,-,-
1600973,Contrato Ativo,2,integracao-projetoisp,-,2025-05-26 18:37:53,26/05/2025 18:37,-,-,-,-,-,-,-
1600971,Aguardando Verificação/Aprovação (NAVA),0,-,-,2025-03-31 21:13:45,31/03/2025 21:13,01/04/2025 02:06,-,0.2 dias,-,-,-,-
1600971,Enviado para o RM (Integração),1,carlos@zapform.com.br,-,2025-04-01 02:06:45,01/04/2025 02:06,01/04/2025 02:07,-,0.0 dias,-,-,-,-
1600971,Contrato Ativo,2,carlos@zapform.com.br,-,2025-04-01 02:07:31,01/04/2025 02:07,-,-,-,-,-,-,-
1600969,Aguardando Verificação/Aprovação (NAVA),0,-,-,2025-03-31 21:13:24,31/03/2025 21:13,01/04/2025 02:06,-,0.2 dias,-,-,-,-
1600969,Enviado para o RM (Integração),1,carlos@zapform.com.br,-,2025-04-01 02:06:02,01/04/2025 02:06,01/04/2025 02:06,-,0.0 dias,-,-,-,-
1600969,Contrato Ativo,2,carlos@zapform.com.br,-,2025-04-01 02:06:36,01/04/2025 02:06,30/04/2025 12:00,-,29.41 dias,-,-,-,-
1600969,Aguardando Verificação/Aprovação (NAVA),0,integracao-projetoisp,-,2025-04-30 12:00:59,30/04/2025 12:00,30/04/2025 12:01,-,0.0 dias,-,-,-,-
1600969,Contratos Encerrados,5,gabriels.santos@nava.com.br,-,2025-04-30 12:01:04,30/04/2025 12:01,-,-,-,-,-,-,-
1600967,Aguardando Verificação/Aprovação (NAVA),0,-,-,2025-03-31 21:13:02,31/03/2025 21:13,01/04/2025 02:05,-,0.2 dias,-,-,-,-
1600967,Enviado para o RM (Integração),1,carlos@zapform.com.br,-,2025-04-01 02:05:19,01/04/2025 02:05,01/04/2025 02:05,-,0.0 dias,-,-,-,-
1600967,Erro de Importação,E,carlos@zapform.com.br,-,2025-04-01 02:05:36,01/04/2025 02:05,01/04/2025 11:56,-,0.41 dias,-,-,-,-
1600967,Aguardando Verificação/Aprovação (NAVA),0,carlos@zapform.com.br,-,2025-04-01 11:56:31,01/04/2025 11:56,01/04/2025 16:25,-,0.19 dias,-,-,-,-
1600967,Enviado para o RM (Integração),1,carlos@zapform.com.br,-,2025-04-01 16:25:06,01/04/2025 16:25,01/04/2025 16:25,-,0.0 dias,-,-,-,-
1600967,Contrato Ativo,2,carlos@zapform.com.br,-,2025-04-01 16:25:48,01/04/2025 16:25,02/04/2025 16:45,-,1.01 dias,-,-,-,-
1600967,Aguardando Verificação/Aprovação (NAVA),0,carlos@zapform.com.br,-,2025-04-02 16:45:53,02/04/2025 16:45,03/04/2025 15:12,-,0.94 dias,-,-,-,-
1600967,Enviado para o RM (Integração),1,carlos@zapform.com.br,-,2025-04-03 15:12:32,03/04/2025 15:12,03/04/2025 15:13,-,0.0 dias,-,-,-,-
1600967,Contrato Ativo,2,carlos@zapform.com.br,-,2025-04-03 15:13:12,03/04/2025 15:13,-,-,-,-,-,-,-
1600965,Aguardando Verificação/Aprovação (NAVA),0,-,-,2025-03-31 21:12:39,31/03/2025 21:12,01/04/2025 02:04,-,0.2 dias,-,-,-,-
1600965,Enviado para o RM (Integração),1,carlos@zapform.com.br,-,2025-04-01 02:04:37,01/04/2025 02:04,01/04/2025 02:05,-,0.0 dias,-,-,-,-
1600965,Contrato Ativo,2,carlos@zapform.com.br,-,2025-04-01 02:05:18,01/04/2025 02:05,-,-,-,-,-,-,-
1600963,Aguardando Verificação/Aprovação (NAVA),0,-,-,2025-03-31 21:12:17,31/03/2025 21:12,01/04/2025 02:03,-,0.2 dias,-,-,-,-
1600963,Enviado para o RM (Integração),1,carlos@zapform.com.br,-,2025-04-01 02:03:53,01/04/2025 02:03,01/04/2025 02:04,-,0.0 dias,-,-,-,-
1600963,Contrato Ativo,2,carlos@zapform.com.br,-,2025-04-01 02:04:41,01/04/2025 02:04,26/08/2025 08:10,-,147.25 dias,-,-,-,-
1600963,Aguardando Verificação/Aprovação (NAVA),0,integracao-projetoisp,-,2025-08-26 08:10:02,26/08/2025 08:10,26/08/2025 08:20,-,0.01 dias,-,-,-,-
1600963,Contratos Encerrados,5,gabriels.santos@nava.com.br,-,2025-08-26 08:20:22,26/08/2025 08:20,-,-,-,-,-,-,-
1600961,Aguardando Verificação/Aprovação (NAVA),0,-,-,2025-03-31 21:11:56,31/03/2025 21:11,01/04/2025 02:03,-,0.2 dias,-,-,-,-
1600961,Enviado para o RM (Integração),1,carlos@zapform.com.br,-,2025-04-01 02:03:09,01/04/2025 02:03,01/04/2025 02:03,-,0.0 dias,-,-,-,-
1600961,Contrato Ativo,2,carlos@zapform.com.br,-,2025-04-01 02:03:44,01/04/2025 02:03,-,-,-,-,-,-,-
1600959,Aguardando Verificação/Aprovação (NAVA),0,-,-,2025-03-31 21:11:34,31/03/2025 21:11,01/04/2025 02:02,-,0.2 dias,-,-,-,-
1600959,Enviado para o RM (Integração),1,carlos@zapform.com.br,-,2025-04-01 02:02:26,01/04/2025 02:02,01/04/2025 02:03,-,0.0 dias,-,-,-,-
1600959,Contrato Ativo,2,carlos@zapform.com.br,-,2025-04-01 02:03:00,01/04/2025 02:03,11/06/2025 11:07,-,71.38 dias,-,-,-,-
1600959,Aguardando Verificação/Aprovação (NAVA),0,integracao-projetoisp,-,2025-06-11 11:07:22,11/06/2025 11:07,11/06/2025 11:22,-,0.01 dias,-,-,-,-
1600959,Contratos Encerrados,5,thais.roberta@nava.com.br,-,2025-06-11 11:22:57,11/06/2025 11:22,-,-,-,-,-,-,-
1600957,Aguardando Verificação/Aprovação (NAVA),0,-,-,2025-03-31 21:11:13,31/03/2025 21:11,01/04/2025 02:01,-,0.2 dias,-,-,-,-
1600957,Enviado para o RM (Integração),1,carlos@zapform.com.br,-,2025-04-01 02:01:43,01/04/2025 02:01,01/04/2025 02:02,-,0.0 dias,-,-,-,-
1600957,Contrato Ativo,2,carlos@zapform.com.br,-,2025-04-01 02:02:21,01/04/2025 02:02,-,-,-,-,-,-,-
1600956,Aguardando Verificação/Aprovação (NAVA),0,-,-,2025-03-31 21:10:51,31/03/2025 21:10,01/04/2025 02:00,-,0.2 dias,-,-,-,-
1600956,Enviado para o RM (Integração),1,carlos@zapform.com.br,-,2025-04-01 02:00:25,01/04/2025 02:00,01/04/2025 02:00,-,0.0 dias,-,-,-,-
1600956,Erro de Importação,E,carlos@zapform.com.br,-,2025-04-01 02:00:40,01/04/2025 02:00,01/04/2025 11:56,-,0.41 dias,-,-,-,-
1600956,Aguardando Verificação/Aprovação (NAVA),0,carlos@zapform.com.br,-,2025-04-01 11:56:31,01/04/2025 11:56,01/04/2025 16:24,-,0.19 dias,-,-,-,-
1600956,Enviado para o RM (Integração),1,carlos@zapform.com.br,-,2025-04-01 16:24:10,01/04/2025 16:24,01/04/2025 16:24,-,0.0 dias,-,-,-,-
1600956,Contrato Ativo,2,carlos@zapform.com.br,-,2025-04-01 16:24:46,01/04/2025 16:24,02/04/2025 16:45,-,1.01 dias,-,-,-,-
1600956,Aguardando Verificação/Aprovação (NAVA),0,carlos@zapform.com.br,-,2025-04-02 16:45:53,02/04/2025 16:45,03/04/2025 15:11,-,0.93 dias,-,-,-,-
1600956,Enviado para o RM (Integração),1,carlos@zapform.com.br,-,2025-04-03 15:11:48,03/04/2025 15:11,03/04/2025 15:12,-,0.0 dias,-,-,-,-
1600956,Contrato Ativo,2,carlos@zapform.com.br,-,2025-04-03 15:12:40,03/04/2025 15:12,12/08/2025 10:49,-,130.82 dias,-,-,-,-
1600956,Aguardando Verificação/Aprovação (NAVA),0,integracao-projetoisp,-,2025-08-12 10:49:28,12/08/2025 10:49,12/08/2025 10:50,-,0.0 dias,-,-,-,-
1600956,Contratos Encerrados,5,gabriels.santos@nava.com.br,-,2025-08-12 10:50:09,12/08/2025 10:50,-,-,-,-,-,-,-
1600954,Aguardando Verificação/Aprovação (NAVA),0,-,-,2025-03-31 21:10:29,31/03/2025 21:10,01/04/2025 01:59,-,0.2 dias,-,-,-,-
1600954,Enviado para o RM (Integração),1,carlos@zapform.com.br,-,2025-04-01 01:59:42,01/04/2025 01:59,01/04/2025 02:00,-,0.0 dias,-,-,-,-
1600954,Contrato Ativo,2,carlos@zapform.com.br,-,2025-04-01 02:00:24,01/04/2025 02:00,-,-,-,-,-,-,-
1600952,Aguardando Verificação/Aprovação (NAVA),0,-,-,2025-03-31 21:10:06,31/03/2025 21:10,01/04/2025 01:58,-,0.2 dias,-,-,-,-
1600952,Enviado para o RM (Integração),1,carlos@zapform.com.br,-,2025-04-01 01:58:59,01/04/2025 01:58,01/04/2025 01:59,-,0.0 dias,-,-,-,-
1600952,Erro de Importação,E,carlos@zapform.com.br,-,2025-04-01 01:59:14,01/04/2025 01:59,01/04/2025 11:56,-,0.41 dias,-,-,-,-
1600952,Aguardando Verificação/Aprovação (NAVA),0,carlos@zapform.com.br,-,2025-04-01 11:56:31,01/04/2025 11:56,01/04/2025 16:23,-,0.19 dias,-,-,-,-
1600952,Enviado para o RM (Integração),1,carlos@zapform.com.br,-,2025-04-01 16:23:23,01/04/2025 16:23,01/04/2025 16:23,-,0.0 dias,-,-,-,-
1600952,Contrato Ativo,2,carlos@zapform.com.br,-,2025-04-01 16:23:59,01/04/2025 16:23,02/04/2025 16:45,-,1.02 dias,-,-,-,-
1600952,Aguardando Verificação/Aprovação (NAVA),0,carlos@zapform.com.br,-,2025-04-02 16:45:53,02/04/2025 16:45,03/04/2025 15:11,-,0.93 dias,-,-,-,-
1600952,Enviado para o RM (Integração),1,carlos@zapform.com.br,-,2025-04-03 15:11:05,03/04/2025 15:11,03/04/2025 15:12,-,0.0 dias,-,-,-,-
1600952,Contrato Ativo,2,carlos@zapform.com.br,-,2025-04-03 15:12:03,03/04/2025 15:12,30/07/2025 14:13,-,117.96 dias,-,-,-,-
1600952,Aguardando Verificação/Aprovação (NAVA),0,integracao-projetoisp,-,2025-07-30 14:13:01,30/07/2025 14:13,30/07/2025 14:13,-,0.0 dias,-,-,-,-
1600952,Contratos Encerrados,5,gabriels.santos@nava.com.br,-,2025-07-30 14:13:06,30/07/2025 14:13,-,-,-,-,-,-,-
1600950,Aguardando Verificação/Aprovação (NAVA),0,-,-,2025-03-31 21:09:44,31/03/2025 21:09,01/04/2025 01:58,-,0.2 dias,-,-,-,-
1600950,Enviado para o RM (Integração),1,carlos@zapform.com.br,-,2025-04-01 01:58:16,01/04/2025 01:58,01/04/2025 01:58,-,0.0 dias,-,-,-,-
1600950,Erro de Importação,E,carlos@zapform.com.br,-,2025-04-01 01:58:30,01/04/2025 01:58,01/04/2025 11:56,-,0.42 dias,-,-,-,-
1600950,Aguardando Verificação/Aprovação (NAVA),0,carlos@zapform.com.br,-,2025-04-01 11:56:31,01/04/2025 11:56,01/04/2025 16:22,-,0.18 dias,-,-,-,-
1600950,Enviado para o RM (Integração),1,carlos@zapform.com.br,-,2025-04-01 16:22:38,01/04/2025 16:22,01/04/2025 16:23,-,0.0 dias,-,-,-,-
1600950,Contrato Ativo,2,carlos@zapform.com.br,-,2025-04-01 16:23:11,01/04/2025 16:23,02/04/2025 16:45,-,1.02 dias,-,-,-,-
1600950,Aguardando Verificação/Aprovação (NAVA),0,carlos@zapform.com.br,-,2025-04-02 16:45:53,02/04/2025 16:45,03/04/2025 15:10,-,0.93 dias,-,-,-,-
1600950,Enviado para o RM (Integração),1,carlos@zapform.com.br,-,2025-04-03 15:10:19,03/04/2025 15:10,03/04/2025 15:11,-,0.0 dias,-,-,-,-
1600950,Contrato Ativo,2,carlos@zapform.com.br,-,2025-04-03 15:11:13,03/04/2025 15:11,30/04/2025 11:36,-,26.85 dias,-,-,-,-
1600950,Contratos Encerrados,5,thais.roberta@nava.com.br,-,2025-04-30 11:36:26,30/04/2025 11:36,-,-,-,-,-,-,-
1600948,Aguardando Verificação/Aprovação (NAVA),0,-,-,2025-03-31 21:09:24,31/03/2025 21:09,01/04/2025 01:57,-,0.2 dias,-,-,-,-
1600948,Enviado para o RM (Integração),1,carlos@zapform.com.br,-,2025-04-01 01:57:33,01/04/2025 01:57,01/04/2025 01:58,-,0.0 dias,-,-,-,-
1600948,Contrato Ativo,2,carlos@zapform.com.br,-,2025-04-01 01:58:06,01/04/2025 01:58,-,-,-,-,-,-,-
1600946,Aguardando Verificação/Aprovação (NAVA),0,-,-,2025-03-31 21:09:00,31/03/2025 21:09,01/04/2025 01:56,-,0.2 dias,-,-,-,-
1600946,Enviado para o RM (Integração),1,carlos@zapform.com.br,-,2025-04-01 01:56:50,01/04/2025 01:56,01/04/2025 01:57,-,0.0 dias,-,-,-,-
1600946,Contrato Ativo,2,carlos@zapform.com.br,-,2025-04-01 01:57:24,01/04/2025 01:57,-,-,-,-,-,-,-
1600944,Aguardando Verificação/Aprovação (NAVA),0,-,-,2025-03-31 21:08:38,31/03/2025 21:08,01/04/2025 01:56,-,0.2 dias,-,-,-,-
1600944,Enviado para o RM (Integração),1,carlos@zapform.com.br,-,2025-04-01 01:56:07,01/04/2025 01:56,01/04/2025 01:56,-,0.0 dias,-,-,-,-
1600944,Contrato Ativo,2,carlos@zapform.com.br,-,2025-04-01 01:56:39,01/04/2025 01:56,23/04/2025 13:39,-,22.49 dias,-,-,-,-
1600944,Aguardando Verificação/Aprovação (NAVA),0,integracao-projetoisp,-,2025-04-23 13:39:55,23/04/2025 13:39,23/04/2025 13:41,-,0.0 dias,-,-,-,-
1600944,Enviado para o RM (Integração),1,integracao-projetoisp,-,2025-04-23 13:41:39,23/04/2025 13:41,23/04/2025 13:42,-,0.0 dias,-,-,-,-
1600944,Contrato Ativo,2,integracao-projetoisp,-,2025-04-23 13:42:16,23/04/2025 13:42,30/04/2025 10:44,-,6.88 dias,-,-,-,-
1600944,Contratos Encerrados,5,thais.roberta@nava.com.br,-,2025-04-30 10:44:35,30/04/2025 10:44,-,-,-,-,-,-,-
1600942,Aguardando Verificação/Aprovação (NAVA),0,-,-,2025-03-31 21:08:16,31/03/2025 21:08,01/04/2025 01:55,-,0.2 dias,-,-,-,-
1600942,Enviado para o RM (Integração),1,carlos@zapform.com.br,-,2025-04-01 01:55:24,01/04/2025 01:55,01/04/2025 01:55,-,0.0 dias,-,-,-,-
1600942,Erro de Importação,E,carlos@zapform.com.br,-,2025-04-01 01:55:38,01/04/2025 01:55,01/04/2025 11:56,-,0.42 dias,-,-,-,-
1600942,Aguardando Verificação/Aprovação (NAVA),0,carlos@zapform.com.br,-,2025-04-01 11:56:31,01/04/2025 11:56,01/04/2025 16:21,-,0.18 dias,-,-,-,-
1600942,Enviado para o RM (Integração),1,carlos@zapform.com.br,-,2025-04-01 16:21:48,01/04/2025 16:21,01/04/2025 16:22,-,0.0 dias,-,-,-,-
1600942,Contrato Ativo,2,carlos@zapform.com.br,-,2025-04-01 16:22:22,01/04/2025 16:22,02/04/2025 16:45,-,1.02 dias,-,-,-,-
1600942,Aguardando Verificação/Aprovação (NAVA),0,carlos@zapform.com.br,-,2025-04-02 16:45:53,02/04/2025 16:45,03/04/2025 15:09,-,0.93 dias,-,-,-,-
1600942,Enviado para o RM (Integração),1,carlos@zapform.com.br,-,2025-04-03 15:09:41,03/04/2025 15:09,03/04/2025 15:10,-,0.0 dias,-,-,-,-
1600942,Contrato Ativo,2,carlos@zapform.com.br,-,2025-04-03 15:10:17,03/04/2025 15:10,27/05/2025 09:19,-,53.76 dias,-,-,-,-
1600942,Aguardando Verificação/Aprovação (NAVA),0,integracao-projetoisp,-,2025-05-27 09:19:26,27/05/2025 09:19,28/05/2025 11:29,-,1.09 dias,-,-,-,-
1600942,Enviado para o RM (Integração),1,integracao-projetoisp,-,2025-05-28 11:29:55,28/05/2025 11:29,28/05/2025 11:30,-,0.0 dias,-,-,-,-
1600942,Contrato Ativo,2,integracao-projetoisp,-,2025-05-28 11:30:26,28/05/2025 11:30,-,-,-,-,-,-,-
1600940,Aguardando Verificação/Aprovação (NAVA),0,-,-,2025-03-31 21:07:54,31/03/2025 21:07,01/04/2025 01:54,-,0.2 dias,-,-,-,-
1600940,Enviado para o RM (Integração),1,carlos@zapform.com.br,-,2025-04-01 01:54:41,01/04/2025 01:54,01/04/2025 01:54,-,0.0 dias,-,-,-,-
1600940,Erro de Importação,E,carlos@zapform.com.br,-,2025-04-01 01:54:56,01/04/2025 01:54,01/04/2025 11:56,-,0.42 dias,-,-,-,-
1600940,Aguardando Verificação/Aprovação (NAVA),0,carlos@zapform.com.br,-,2025-04-01 11:56:32,01/04/2025 11:56,01/04/2025 16:21,-,0.18 dias,-,-,-,-
1600940,Enviado para o RM (Integração),1,carlos@zapform.com.br,-,2025-04-01 16:21:03,01/04/2025 16:21,01/04/2025 16:21,-,0.0 dias,-,-,-,-
1600940,Contrato Ativo,2,carlos@zapform.com.br,-,2025-04-01 16:21:42,01/04/2025 16:21,02/04/2025 16:45,-,1.02 dias,-,-,-,-
1600940,Aguardando Verificação/Aprovação (NAVA),0,carlos@zapform.com.br,-,2025-04-02 16:45:52,02/04/2025 16:45,03/04/2025 15:08,-,0.93 dias,-,-,-,-
1600940,Enviado para o RM (Integração),1,carlos@zapform.com.br,-,2025-04-03 15:08:50,03/04/2025 15:08,03/04/2025 15:09,-,0.0 dias,-,-,-,-
1600940,Contrato Ativo,2,carlos@zapform.com.br,-,2025-04-03 15:09:26,03/04/2025 15:09,-,-,-,-,-,-,-
1600938,Aguardando Verificação/Aprovação (NAVA),0,-,-,2025-03-31 21:07:33,31/03/2025 21:07,01/04/2025 01:53,-,0.2 dias,-,-,-,-
1600938,Enviado para o RM (Integração),1,carlos@zapform.com.br,-,2025-04-01 01:53:58,01/04/2025 01:53,01/04/2025 01:54,-,0.0 dias,-,-,-,-
1600938,Erro de Importação,E,carlos@zapform.com.br,-,2025-04-01 01:54:14,01/04/2025 01:54,01/04/2025 11:56,-,0.42 dias,-,-,-,-
1600938,Aguardando Verificação/Aprovação (NAVA),0,carlos@zapform.com.br,-,2025-04-01 11:56:31,01/04/2025 11:56,01/04/2025 16:20,-,0.18 dias,-,-,-,-
1600938,Enviado para o RM (Integração),1,carlos@zapform.com.br,-,2025-04-01 16:20:23,01/04/2025 16:20,01/04/2025 16:20,-,0.0 dias,-,-,-,-
1600938,Erro de Importação,E,carlos@zapform.com.br,-,2025-04-01 16:20:42,01/04/2025 16:20,01/04/2025 18:15,-,0.08 dias,-,-,-,-
1600938,Aguardando Verificação/Aprovação (NAVA),0,carlos@zapform.com.br,-,2025-04-01 18:15:09,01/04/2025 18:15,02/04/2025 13:42,-,0.81 dias,-,-,-,-
1600938,Enviado para o RM (Integração),1,carlos@zapform.com.br,-,2025-04-02 13:42:47,02/04/2025 13:42,02/04/2025 13:43,-,0.0 dias,-,-,-,-
1600938,Contrato Ativo,2,carlos@zapform.com.br,-,2025-04-02 13:43:23,02/04/2025 13:43,02/04/2025 16:45,-,0.13 dias,-,-,-,-
1600938,Aguardando Verificação/Aprovação (NAVA),0,carlos@zapform.com.br,-,2025-04-02 16:45:52,02/04/2025 16:45,03/04/2025 15:08,-,0.93 dias,-,-,-,-
1600938,Enviado para o RM (Integração),1,carlos@zapform.com.br,-,2025-04-03 15:08:06,03/04/2025 15:08,03/04/2025 15:08,-,0.0 dias,-,-,-,-
1600938,Contrato Ativo,2,carlos@zapform.com.br,-,2025-04-03 15:08:44,03/04/2025 15:08,16/07/2025 14:27,-,103.97 dias,-,-,-,-
1600938,Aguardando Verificação/Aprovação (NAVA),0,integracao-projetoisp,-,2025-07-16 14:27:10,16/07/2025 14:27,16/07/2025 14:27,-,0.0 dias,-,-,-,-
1600938,Enviado para o RM (Integração),1,integracao-projetoisp,-,2025-07-16 14:27:58,16/07/2025 14:27,16/07/2025 14:28,-,0.0 dias,-,-,-,-
1600938,Contrato Ativo,2,integracao-projetoisp,-,2025-07-16 14:28:16,16/07/2025 14:28,-,-,-,-,-,-,-
1600936,Aguardando Verificação/Aprovação (NAVA),0,-,-,2025-03-31 21:07:11,31/03/2025 21:07,01/04/2025 01:53,-,0.2 dias,-,-,-,-
1600936,Enviado para o RM (Integração),1,carlos@zapform.com.br,-,2025-04-01 01:53:15,01/04/2025 01:53,01/04/2025 01:53,-,0.0 dias,-,-,-,-
1600936,Erro de Importação,E,carlos@zapform.com.br,-,2025-04-01 01:53:33,01/04/2025 01:53,01/04/2025 11:56,-,0.42 dias,-,-,-,-
1600936,Aguardando Verificação/Aprovação (NAVA),0,carlos@zapform.com.br,-,2025-04-01 11:56:31,01/04/2025 11:56,01/04/2025 16:19,-,0.18 dias,-,-,-,-
1600936,Enviado para o RM (Integração),1,carlos@zapform.com.br,-,2025-04-01 16:19:34,01/04/2025 16:19,01/04/2025 16:20,-,0.0 dias,-,-,-,-
1600936,Contrato Ativo,2,carlos@zapform.com.br,-,2025-04-01 16:20:15,01/04/2025 16:20,02/04/2025 16:45,-,1.02 dias,-,-,-,-
1600936,Aguardando Verificação/Aprovação (NAVA),0,carlos@zapform.com.br,-,2025-04-02 16:45:52,02/04/2025 16:45,03/04/2025 15:07,-,0.93 dias,-,-,-,-
1600936,Enviado para o RM (Integração),1,carlos@zapform.com.br,-,2025-04-03 15:07:22,03/04/2025 15:07,03/04/2025 15:07,-,0.0 dias,-,-,-,-
1600936,Contrato Ativo,2,carlos@zapform.com.br,-,2025-04-03 15:07:55,03/04/2025 15:07,-,-,-,-,-,-,-
1600934,Aguardando Verificação/Aprovação (NAVA),0,-,-,2025-03-31 21:06:50,31/03/2025 21:06,01/04/2025 01:52,-,0.2 dias,-,-,-,-
1600934,Enviado para o RM (Integração),1,carlos@zapform.com.br,-,2025-04-01 01:52:32,01/04/2025 01:52,01/04/2025 01:52,-,0.0 dias,-,-,-,-
1600934,Erro de Importação,E,carlos@zapform.com.br,-,2025-04-01 01:52:48,01/04/2025 01:52,01/04/2025 11:56,-,0.42 dias,-,-,-,-
1600934,Aguardando Verificação/Aprovação (NAVA),0,carlos@zapform.com.br,-,2025-04-01 11:56:31,01/04/2025 11:56,01/04/2025 16:18,-,0.18 dias,-,-,-,-
1600934,Enviado para o RM (Integração),1,carlos@zapform.com.br,-,2025-04-01 16:18:49,01/04/2025 16:18,01/04/2025 16:19,-,0.0 dias,-,-,-,-
1600934,Contrato Ativo,2,carlos@zapform.com.br,-,2025-04-01 16:19:24,01/04/2025 16:19,02/04/2025 16:45,-,1.02 dias,-,-,-,-
1600934,Aguardando Verificação/Aprovação (NAVA),0,carlos@zapform.com.br,-,2025-04-02 16:45:52,02/04/2025 16:45,03/04/2025 15:06,-,0.93 dias,-,-,-,-
1600934,Enviado para o RM (Integração),1,carlos@zapform.com.br,-,2025-04-03 15:06:42,03/04/2025 15:06,03/04/2025 15:07,-,0.0 dias,-,-,-,-
1600934,Contrato Ativo,2,carlos@zapform.com.br,-,2025-04-03 15:07:17,03/04/2025 15:07,-,-,-,-,-,-,-
1600932,Aguardando Verificação/Aprovação (NAVA),0,-,-,2025-03-31 21:06:29,31/03/2025 21:06,01/04/2025 01:51,-,0.2 dias,-,-,-,-
1600932,Enviado para o RM (Integração),1,carlos@zapform.com.br,-,2025-04-01 01:51:49,01/04/2025 01:51,01/04/2025 01:52,-,0.0 dias,-,-,-,-
1600932,Erro de Importação,E,carlos@zapform.com.br,-,2025-04-01 01:52:03,01/04/2025 01:52,01/04/2025 11:56,-,0.42 dias,-,-,-,-
1600932,Aguardando Verificação/Aprovação (NAVA),0,carlos@zapform.com.br,-,2025-04-01 11:56:31,01/04/2025 11:56,01/04/2025 16:18,-,0.18 dias,-,-,-,-
1600932,Enviado para o RM (Integração),1,carlos@zapform.com.br,-,2025-04-01 16:18:05,01/04/2025 16:18,01/04/2025 16:18,-,0.0 dias,-,-,-,-
1600932,Contrato Ativo,2,carlos@zapform.com.br,-,2025-04-01 16:18:41,01/04/2025 16:18,02/04/2025 16:45,-,1.02 dias,-,-,-,-
1600932,Aguardando Verificação/Aprovação (NAVA),0,carlos@zapform.com.br,-,2025-04-02 16:45:52,02/04/2025 16:45,03/04/2025 15:05,-,0.93 dias,-,-,-,-
1600932,Enviado para o RM (Integração),1,carlos@zapform.com.br,-,2025-04-03 15:05:52,03/04/2025 15:05,03/04/2025 15:06,-,0.0 dias,-,-,-,-
1600932,Contrato Ativo,2,carlos@zapform.com.br,-,2025-04-03 15:06:31,03/04/2025 15:06,29/04/2025 11:46,-,25.86 dias,-,-,-,-
1600932,Contratos Encerrados,5,thais.roberta@nava.com.br,-,2025-04-29 11:46:18,29/04/2025 11:46,-,-,-,-,-,-,-
1600930,Aguardando Verificação/Aprovação (NAVA),0,-,-,2025-03-31 21:06:08,31/03/2025 21:06,01/04/2025 01:51,-,0.2 dias,-,-,-,-
1600930,Enviado para o RM (Integração),1,carlos@zapform.com.br,-,2025-04-01 01:51:06,01/04/2025 01:51,01/04/2025 01:51,-,0.0 dias,-,-,-,-
1600930,Erro de Importação,E,carlos@zapform.com.br,-,2025-04-01 01:51:29,01/04/2025 01:51,01/04/2025 11:56,-,0.42 dias,-,-,-,-
1600930,Aguardando Verificação/Aprovação (NAVA),0,carlos@zapform.com.br,-,2025-04-01 11:56:31,01/04/2025 11:56,01/04/2025 16:17,-,0.18 dias,-,-,-,-
1600930,Enviado para o RM (Integração),1,carlos@zapform.com.br,-,2025-04-01 16:17:20,01/04/2025 16:17,01/04/2025 16:18,-,0.0 dias,-,-,-,-
1600930,Contrato Ativo,2,carlos@zapform.com.br,-,2025-04-01 16:18:20,01/04/2025 16:18,02/04/2025 16:45,-,1.02 dias,-,-,-,-
1600930,Aguardando Verificação/Aprovação (NAVA),0,carlos@zapform.com.br,-,2025-04-02 16:45:52,02/04/2025 16:45,03/04/2025 17:18,-,1.02 dias,-,-,-,-
1600930,Enviado para o RM (Integração),1,carlos@zapform.com.br,-,2025-04-03 17:18:24,03/04/2025 17:18,03/04/2025 17:19,-,0.0 dias,-,-,-,-
1600930,Contrato Ativo,2,carlos@zapform.com.br,-,2025-04-03 17:19:19,03/04/2025 17:19,11/04/2025 15:32,-,7.93 dias,-,-,-,-
1600930,Aguardando Verificação/Aprovação (NAVA),0,carlos@zapform.com.br,-,2025-04-11 15:32:55,11/04/2025 15:32,11/04/2025 15:34,-,0.0 dias,-,-,-,-
1600930,Cancelado,X,carlos@zapform.com.br,-,2025-04-11 15:34:47,11/04/2025 15:34,-,-,-,-,-,-,-
1600929,Aguardando Verificação/Aprovação (NAVA),0,-,-,2025-03-31 21:05:46,31/03/2025 21:05,01/04/2025 01:50,-,0.2 dias,-,-,-,-
1600929,Enviado para o RM (Integração),1,carlos@zapform.com.br,-,2025-04-01 01:50:22,01/04/2025 01:50,01/04/2025 01:50,-,0.0 dias,-,-,-,-
1600929,Erro de Importação,E,carlos@zapform.com.br,-,2025-04-01 01:50:37,01/04/2025 01:50,01/04/2025 11:56,-,0.42 dias,-,-,-,-
1600929,Aguardando Verificação/Aprovação (NAVA),0,carlos@zapform.com.br,-,2025-04-01 11:56:31,01/04/2025 11:56,01/04/2025 16:16,-,0.18 dias,-,-,-,-
1600929,Enviado para o RM (Integração),1,carlos@zapform.com.br,-,2025-04-01 16:16:36,01/04/2025 16:16,01/04/2025 16:17,-,0.0 dias,-,-,-,-
1600929,Contrato Ativo,2,carlos@zapform.com.br,-,2025-04-01 16:17:10,01/04/2025 16:17,02/04/2025 16:45,-,1.02 dias,-,-,-,-
1600929,Aguardando Verificação/Aprovação (NAVA),0,carlos@zapform.com.br,-,2025-04-02 16:45:52,02/04/2025 16:45,03/04/2025 14:58,-,0.93 dias,-,-,-,-
1600929,Enviado para o RM (Integração),1,carlos@zapform.com.br,-,2025-04-03 14:58:55,03/04/2025 14:58,03/04/2025 14:59,-,0.0 dias,-,-,-,-
1600929,Contrato Ativo,2,carlos@zapform.com.br,-,2025-04-03 14:59:28,03/04/2025 14:59,26/05/2025 18:11,-,53.13 dias,-,-,-,-
1600929,Aguardando Verificação/Aprovação (NAVA),0,integracao-projetoisp,-,2025-05-26 18:11:10,26/05/2025 18:11,26/05/2025 18:11,-,0.0 dias,-,-,-,-
1600929,Contratos Encerrados,5,celiene.pinho@nava.com.br,-,2025-05-26 18:11:27,26/05/2025 18:11,-,-,-,-,-,-,-
1600927,Aguardando Verificação/Aprovação (NAVA),0,-,-,2025-03-31 21:05:25,31/03/2025 21:05,01/04/2025 01:49,-,0.2 dias,-,-,-,-
1600927,Enviado para o RM (Integração),1,carlos@zapform.com.br,-,2025-04-01 01:49:40,01/04/2025 01:49,01/04/2025 01:50,-,0.0 dias,-,-,-,-
1600927,Contrato Ativo,2,carlos@zapform.com.br,-,2025-04-01 01:50:18,01/04/2025 01:50,-,-,-,-,-,-,-
1600925,Aguardando Verificação/Aprovação (NAVA),0,-,-,2025-03-31 21:05:02,31/03/2025 21:05,01/04/2025 01:48,-,0.2 dias,-,-,-,-
1600925,Enviado para o RM (Integração),1,carlos@zapform.com.br,-,2025-04-01 01:48:57,01/04/2025 01:48,01/04/2025 01:49,-,0.0 dias,-,-,-,-
1600925,Erro de Importação,E,carlos@zapform.com.br,-,2025-04-01 01:49:12,01/04/2025 01:49,01/04/2025 11:56,-,0.42 dias,-,-,-,-
1600925,Aguardando Verificação/Aprovação (NAVA),0,carlos@zapform.com.br,-,2025-04-01 11:56:31,01/04/2025 11:56,01/04/2025 16:15,-,0.18 dias,-,-,-,-
1600925,Enviado para o RM (Integração),1,carlos@zapform.com.br,-,2025-04-01 16:15:49,01/04/2025 16:15,01/04/2025 16:16,-,0.0 dias,-,-,-,-
1600925,Contrato Ativo,2,carlos@zapform.com.br,-,2025-04-01 16:16:24,01/04/2025 16:16,02/04/2025 16:45,-,1.02 dias,-,-,-,-
1600925,Aguardando Verificação/Aprovação (NAVA),0,carlos@zapform.com.br,-,2025-04-02 16:45:52,02/04/2025 16:45,03/04/2025 14:57,-,0.92 dias,-,-,-,-
1600925,Enviado para o RM (Integração),1,carlos@zapform.com.br,-,2025-04-03 14:57:51,03/04/2025 14:57,03/04/2025 14:58,-,0.0 dias,-,-,-,-
1600925,Contrato Ativo,2,carlos@zapform.com.br,-,2025-04-03 14:58:28,03/04/2025 14:58,-,-,-,-,-,-,-
1600923,Aguardando Verificação/Aprovação (NAVA),0,-,-,2025-03-31 21:04:40,31/03/2025 21:04,01/04/2025 01:48,-,0.2 dias,-,-,-,-
1600923,Enviado para o RM (Integração),1,carlos@zapform.com.br,-,2025-04-01 01:48:14,01/04/2025 01:48,01/04/2025 01:48,-,0.0 dias,-,-,-,-
1600923,Erro de Importação,E,carlos@zapform.com.br,-,2025-04-01 01:48:28,01/04/2025 01:48,01/04/2025 11:56,-,0.42 dias,-,-,-,-
1600923,Aguardando Verificação/Aprovação (NAVA),0,carlos@zapform.com.br,-,2025-04-01 11:56:31,01/04/2025 11:56,01/04/2025 16:15,-,0.18 dias,-,-,-,-
1600923,Enviado para o RM (Integração),1,carlos@zapform.com.br,-,2025-04-01 16:15:05,01/04/2025 16:15,01/04/2025 16:15,-,0.0 dias,-,-,-,-
1600923,Contrato Ativo,2,carlos@zapform.com.br,-,2025-04-01 16:15:39,01/04/2025 16:15,02/04/2025 16:45,-,1.02 dias,-,-,-,-
1600923,Aguardando Verificação/Aprovação (NAVA),0,carlos@zapform.com.br,-,2025-04-02 16:45:52,02/04/2025 16:45,03/04/2025 14:56,-,0.92 dias,-,-,-,-
1600923,Enviado para o RM (Integração),1,carlos@zapform.com.br,-,2025-04-03 14:56:47,03/04/2025 14:56,03/04/2025 14:57,-,0.0 dias,-,-,-,-
1600923,Contrato Ativo,2,carlos@zapform.com.br,-,2025-04-03 14:57:21,03/04/2025 14:57,-,-,-,-,-,-,-
1600921,Aguardando Verificação/Aprovação (NAVA),0,-,-,2025-03-31 21:04:18,31/03/2025 21:04,01/04/2025 01:47,-,0.2 dias,-,-,-,-
1600921,Enviado para o RM (Integração),1,carlos@zapform.com.br,-,2025-04-01 01:47:31,01/04/2025 01:47,01/04/2025 01:47,-,0.0 dias,-,-,-,-
1600921,Erro de Importação,E,carlos@zapform.com.br,-,2025-04-01 01:47:44,01/04/2025 01:47,01/04/2025 11:56,-,0.42 dias,-,-,-,-
1600921,Aguardando Verificação/Aprovação (NAVA),0,carlos@zapform.com.br,-,2025-04-01 11:56:31,01/04/2025 11:56,01/04/2025 16:14,-,0.18 dias,-,-,-,-
1600921,Enviado para o RM (Integração),1,carlos@zapform.com.br,-,2025-04-01 16:14:21,01/04/2025 16:14,01/04/2025 16:15,-,0.0 dias,-,-,-,-
1600921,Contrato Ativo,2,carlos@zapform.com.br,-,2025-04-01 16:15:08,01/04/2025 16:15,02/04/2025 16:45,-,1.02 dias,-,-,-,-
1600921,Aguardando Verificação/Aprovação (NAVA),0,carlos@zapform.com.br,-,2025-04-02 16:45:52,02/04/2025 16:45,03/04/2025 14:55,-,0.92 dias,-,-,-,-
1600921,Enviado para o RM (Integração),1,carlos@zapform.com.br,-,2025-04-03 14:55:42,03/04/2025 14:55,03/04/2025 14:56,-,0.0 dias,-,-,-,-
1600921,Contrato Ativo,2,carlos@zapform.com.br,-,2025-04-03 14:56:16,03/04/2025 14:56,-,-,-,-,-,-,-
1600920,Aguardando Verificação/Aprovação (NAVA),0,-,-,2025-03-31 21:03:56,31/03/2025 21:03,01/04/2025 01:46,-,0.2 dias,-,-,-,-
1600920,Enviado para o RM (Integração),1,carlos@zapform.com.br,-,2025-04-01 01:46:49,01/04/2025 01:46,01/04/2025 01:47,-,0.0 dias,-,-,-,-
1600920,Erro de Importação,E,carlos@zapform.com.br,-,2025-04-01 01:47:02,01/04/2025 01:47,01/04/2025 11:56,-,0.42 dias,-,-,-,-
1600920,Aguardando Verificação/Aprovação (NAVA),0,carlos@zapform.com.br,-,2025-04-01 11:56:31,01/04/2025 11:56,01/04/2025 16:13,-,0.18 dias,-,-,-,-
1600920,Enviado para o RM (Integração),1,carlos@zapform.com.br,-,2025-04-01 16:13:37,01/04/2025 16:13,01/04/2025 16:14,-,0.0 dias,-,-,-,-
1600920,Contrato Ativo,2,carlos@zapform.com.br,-,2025-04-01 16:14:13,01/04/2025 16:14,02/04/2025 16:45,-,1.02 dias,-,-,-,-
1600920,Aguardando Verificação/Aprovação (NAVA),0,carlos@zapform.com.br,-,2025-04-02 16:45:52,02/04/2025 16:45,03/04/2025 14:54,-,0.92 dias,-,-,-,-
1600920,Enviado para o RM (Integração),1,carlos@zapform.com.br,-,2025-04-03 14:54:38,03/04/2025 14:54,03/04/2025 14:55,-,0.0 dias,-,-,-,-
1600920,Contrato Ativo,2,carlos@zapform.com.br,-,2025-04-03 14:55:12,03/04/2025 14:55,-,-,-,-,-,-,-
1600918,Aguardando Verificação/Aprovação (NAVA),0,-,-,2025-03-31 21:03:34,31/03/2025 21:03,01/04/2025 01:46,-,0.2 dias,-,-,-,-
1600918,Enviado para o RM (Integração),1,carlos@zapform.com.br,-,2025-04-01 01:46:06,01/04/2025 01:46,01/04/2025 01:46,-,0.0 dias,-,-,-,-
1600918,Contrato Ativo,2,carlos@zapform.com.br,-,2025-04-01 01:46:38,01/04/2025 01:46,-,-,-,-,-,-,-
1600916,Aguardando Verificação/Aprovação (NAVA),0,-,-,2025-03-31 21:03:13,31/03/2025 21:03,01/04/2025 01:45,-,0.2 dias,-,-,-,-
1600916,Enviado para o RM (Integração),1,carlos@zapform.com.br,-,2025-04-01 01:45:24,01/04/2025 01:45,01/04/2025 01:45,-,0.0 dias,-,-,-,-
1600916,Contrato Ativo,2,carlos@zapform.com.br,-,2025-04-01 01:45:56,01/04/2025 01:45,03/06/2025 17:33,-,63.66 dias,-,-,-,-
1600916,Aguardando Verificação/Aprovação (NAVA),0,integracao-projetoisp,-,2025-06-03 17:33:39,03/06/2025 17:33,03/06/2025 17:34,-,0.0 dias,-,-,-,-
1600916,Cancelado,X,thais.roberta@nava.com.br,-,2025-06-03 17:34:05,03/06/2025 17:34,-,-,-,-,-,-,-
1600913,Aguardando Verificação/Aprovação (NAVA),0,-,-,2025-03-31 21:02:50,31/03/2025 21:02,01/04/2025 01:44,-,0.2 dias,-,-,-,-
1600913,Enviado para o RM (Integração),1,carlos@zapform.com.br,-,2025-04-01 01:44:41,01/04/2025 01:44,01/04/2025 01:45,-,0.0 dias,-,-,-,-
1600913,Contrato Ativo,2,carlos@zapform.com.br,-,2025-04-01 01:45:15,01/04/2025 01:45,-,-,-,-,-,-,-
1600911,Aguardando Verificação/Aprovação (NAVA),0,-,-,2025-03-31 21:02:28,31/03/2025 21:02,01/04/2025 01:43,-,0.2 dias,-,-,-,-
1600911,Enviado para o RM (Integração),1,carlos@zapform.com.br,-,2025-04-01 01:43:22,01/04/2025 01:43,01/04/2025 01:44,-,0.0 dias,-,-,-,-
1600911,Contrato Ativo,2,carlos@zapform.com.br,-,2025-04-01 01:44:07,01/04/2025 01:44,14/05/2025 11:34,-,43.41 dias,-,-,-,-
1600911,Aguardando Verificação/Aprovação (NAVA),0,integracao-projetoisp,-,2025-05-14 11:34:56,14/05/2025 11:34,14/05/2025 11:35,-,0.0 dias,-,-,-,-
1600911,Enviado para o RM (Integração),1,integracao-projetoisp,-,2025-05-14 11:35:01,14/05/2025 11:35,14/05/2025 11:35,-,0.0 dias,-,-,-,-
1600911,Contrato Ativo,2,integracao-projetoisp,-,2025-05-14 11:35:28,14/05/2025 11:35,-,-,-,-,-,-,-
1600909,Aguardando Verificação/Aprovação (NAVA),0,-,-,2025-03-31 21:02:07,31/03/2025 21:02,01/04/2025 01:42,-,0.19 dias,-,-,-,-
1600909,Enviado para o RM (Integração),1,carlos@zapform.com.br,-,2025-04-01 01:42:38,01/04/2025 01:42,01/04/2025 01:43,-,0.0 dias,-,-,-,-
1600909,Contrato Ativo,2,carlos@zapform.com.br,-,2025-04-01 01:43:14,01/04/2025 01:43,-,-,-,-,-,-,-
1600907,Aguardando Verificação/Aprovação (NAVA),0,-,-,2025-03-31 21:01:45,31/03/2025 21:01,01/04/2025 01:41,-,0.19 dias,-,-,-,-
1600907,Enviado para o RM (Integração),1,carlos@zapform.com.br,-,2025-04-01 01:41:56,01/04/2025 01:41,01/04/2025 01:42,-,0.0 dias,-,-,-,-
1600907,Contrato Ativo,2,carlos@zapform.com.br,-,2025-04-01 01:42:30,01/04/2025 01:42,14/04/2025 15:26,-,13.57 dias,-,-,-,-
1600907,Aguardando Verificação/Aprovação (NAVA),0,carlos@zapform.com.br,-,2025-04-14 15:26:40,14/04/2025 15:26,14/04/2025 15:28,-,0.0 dias,-,-,-,-
1600907,Enviado para o RM (Integração),1,carlos@zapform.com.br,-,2025-04-14 15:28:10,14/04/2025 15:28,14/04/2025 15:28,-,0.0 dias,-,-,-,-
1600907,Contrato Ativo,2,carlos@zapform.com.br,-,2025-04-14 15:28:52,14/04/2025 15:28,26/08/2025 12:28,-,133.87 dias,-,-,-,-
1600907,Aguardando Verificação/Aprovação (NAVA),0,integracao-projetoisp,-,2025-08-26 12:28:08,26/08/2025 12:28,26/08/2025 12:28,-,0.0 dias,-,-,-,-
1600907,Contratos Encerrados,5,gabriels.santos@nava.com.br,-,2025-08-26 12:28:26,26/08/2025 12:28,-,-,-,-,-,-,-
1600905,Aguardando Verificação/Aprovação (NAVA),0,-,-,2025-03-31 21:01:23,31/03/2025 21:01,01/04/2025 01:41,-,0.19 dias,-,-,-,-
1600905,Enviado para o RM (Integração),1,carlos@zapform.com.br,-,2025-04-01 01:41:12,01/04/2025 01:41,01/04/2025 01:41,-,0.0 dias,-,-,-,-
1600905,Erro de Importação,E,carlos@zapform.com.br,-,2025-04-01 01:41:28,01/04/2025 01:41,01/04/2025 11:56,-,0.43 dias,-,-,-,-
1600905,Aguardando Verificação/Aprovação (NAVA),0,carlos@zapform.com.br,-,2025-04-01 11:56:31,01/04/2025 11:56,01/04/2025 16:12,-,0.18 dias,-,-,-,-
1600905,Enviado para o RM (Integração),1,carlos@zapform.com.br,-,2025-04-01 16:12:39,01/04/2025 16:12,01/04/2025 16:13,-,0.0 dias,-,-,-,-
1600905,Contrato Ativo,2,carlos@zapform.com.br,-,2025-04-01 16:13:21,01/04/2025 16:13,02/04/2025 16:45,-,1.02 dias,-,-,-,-
1600905,Aguardando Verificação/Aprovação (NAVA),0,carlos@zapform.com.br,-,2025-04-02 16:45:52,02/04/2025 16:45,03/04/2025 14:53,-,0.92 dias,-,-,-,-
1600905,Enviado para o RM (Integração),1,carlos@zapform.com.br,-,2025-04-03 14:53:34,03/04/2025 14:53,03/04/2025 14:54,-,0.0 dias,-,-,-,-
1600905,Contrato Ativo,2,carlos@zapform.com.br,-,2025-04-03 14:54:12,03/04/2025 14:54,-,-,-,-,-,-,-
1600903,Aguardando Verificação/Aprovação (NAVA),0,-,-,2025-03-31 21:00:58,31/03/2025 21:00,01/04/2025 01:40,-,0.19 dias,-,-,-,-
1600903,Enviado para o RM (Integração),1,carlos@zapform.com.br,-,2025-04-01 01:40:29,01/04/2025 01:40,01/04/2025 01:41,-,0.0 dias,-,-,-,-
1600903,Contrato Ativo,2,carlos@zapform.com.br,-,2025-04-01 01:41:02,01/04/2025 01:41,19/08/2025 10:11,-,140.35 dias,-,-,-,-
1600903,Aguardando Verificação/Aprovação (NAVA),0,integracao-projetoisp,-,2025-08-19 10:11:41,19/08/2025 10:11,19/08/2025 10:11,-,0.0 dias,-,-,-,-
1600903,Contratos Encerrados,5,gabriels.santos@nava.com.br,-,2025-08-19 10:11:53,19/08/2025 10:11,19/08/2025 11:42,-,0.06 dias,-,-,-,-
1600903,Aguardando Verificação/Aprovação (NAVA),0,celiene.pinho@nava.com.br,-,2025-08-19 11:42:03,19/08/2025 11:42,19/08/2025 11:42,-,0.0 dias,-,-,-,-
1600903,Enviado para o RM (Integração),1,integracao-projetoisp,-,2025-08-19 11:42:54,19/08/2025 11:42,19/08/2025 11:43,-,0.0 dias,-,-,-,-
1600903,Contrato Ativo,2,integracao-projetoisp,-,2025-08-19 11:43:16,19/08/2025 11:43,-,-,-,-,-,-,-
1600901,Aguardando Verificação/Aprovação (NAVA),0,-,-,2025-03-31 21:00:37,31/03/2025 21:00,01/04/2025 01:39,-,0.19 dias,-,-,-,-
1600901,Enviado para o RM (Integração),1,carlos@zapform.com.br,-,2025-04-01 01:39:47,01/04/2025 01:39,01/04/2025 01:40,-,0.0 dias,-,-,-,-
1600901,Erro de Importação,E,carlos@zapform.com.br,-,2025-04-01 01:40:00,01/04/2025 01:40,01/04/2025 11:56,-,0.43 dias,-,-,-,-
1600901,Aguardando Verificação/Aprovação (NAVA),0,carlos@zapform.com.br,-,2025-04-01 11:56:31,01/04/2025 11:56,01/04/2025 16:11,-,0.18 dias,-,-,-,-
1600901,Enviado para o RM (Integração),1,carlos@zapform.com.br,-,2025-04-01 16:11:53,01/04/2025 16:11,01/04/2025 16:12,-,0.0 dias,-,-,-,-
1600901,Contrato Ativo,2,carlos@zapform.com.br,-,2025-04-01 16:12:26,01/04/2025 16:12,02/04/2025 16:45,-,1.02 dias,-,-,-,-
1600901,Aguardando Verificação/Aprovação (NAVA),0,carlos@zapform.com.br,-,2025-04-02 16:45:52,02/04/2025 16:45,03/04/2025 14:52,-,0.92 dias,-,-,-,-
1600901,Enviado para o RM (Integração),1,carlos@zapform.com.br,-,2025-04-03 14:52:30,03/04/2025 14:52,03/04/2025 14:53,-,0.0 dias,-,-,-,-
1600901,Contrato Ativo,2,carlos@zapform.com.br,-,2025-04-03 14:53:04,03/04/2025 14:53,-,-,-,-,-,-,-
1600899,Aguardando Verificação/Aprovação (NAVA),0,-,-,2025-03-31 21:00:15,31/03/2025 21:00,01/04/2025 01:39,-,0.19 dias,-,-,-,-
1600899,Enviado para o RM (Integração),1,carlos@zapform.com.br,-,2025-04-01 01:39:04,01/04/2025 01:39,01/04/2025 01:39,-,0.0 dias,-,-,-,-
1600899,Erro de Importação,E,carlos@zapform.com.br,-,2025-04-01 01:39:22,01/04/2025 01:39,01/04/2025 11:56,-,0.43 dias,-,-,-,-
1600899,Aguardando Verificação/Aprovação (NAVA),0,carlos@zapform.com.br,-,2025-04-01 11:56:31,01/04/2025 11:56,01/04/2025 16:11,-,0.18 dias,-,-,-,-
1600899,Enviado para o RM (Integração),1,carlos@zapform.com.br,-,2025-04-01 16:11:09,01/04/2025 16:11,01/04/2025 16:11,-,0.0 dias,-,-,-,-
1600899,Contrato Ativo,2,carlos@zapform.com.br,-,2025-04-01 16:11:51,01/04/2025 16:11,02/04/2025 16:45,-,1.02 dias,-,-,-,-
1600899,Aguardando Verificação/Aprovação (NAVA),0,carlos@zapform.com.br,-,2025-04-02 16:45:52,02/04/2025 16:45,03/04/2025 14:51,-,0.92 dias,-,-,-,-
1600899,Enviado para o RM (Integração),1,carlos@zapform.com.br,-,2025-04-03 14:51:26,03/04/2025 14:51,03/04/2025 14:52,-,0.0 dias,-,-,-,-
1600899,Contrato Ativo,2,carlos@zapform.com.br,-,2025-04-03 14:52:09,03/04/2025 14:52,-,-,-,-,-,-,-
1600894,Aguardando Verificação/Aprovação (NAVA),0,-,-,2025-03-31 20:59:52,31/03/2025 20:59,01/04/2025 01:38,-,0.19 dias,-,-,-,-
1600894,Enviado para o RM (Integração),1,carlos@zapform.com.br,-,2025-04-01 01:38:21,01/04/2025 01:38,01/04/2025 01:38,-,0.0 dias,-,-,-,-
1600894,Erro de Importação,E,carlos@zapform.com.br,-,2025-04-01 01:38:35,01/04/2025 01:38,01/04/2025 11:56,-,0.43 dias,-,-,-,-
1600894,Aguardando Verificação/Aprovação (NAVA),0,carlos@zapform.com.br,-,2025-04-01 11:56:31,01/04/2025 11:56,01/04/2025 16:10,-,0.18 dias,-,-,-,-
1600894,Enviado para o RM (Integração),1,carlos@zapform.com.br,-,2025-04-01 16:10:25,01/04/2025 16:10,01/04/2025 16:10,-,0.0 dias,-,-,-,-
1600894,Contrato Ativo,2,carlos@zapform.com.br,-,2025-04-01 16:10:58,01/04/2025 16:10,02/04/2025 16:45,-,1.02 dias,-,-,-,-
1600894,Aguardando Verificação/Aprovação (NAVA),0,carlos@zapform.com.br,-,2025-04-02 16:45:52,02/04/2025 16:45,03/04/2025 14:50,-,0.92 dias,-,-,-,-
1600894,Enviado para o RM (Integração),1,carlos@zapform.com.br,-,2025-04-03 14:50:21,03/04/2025 14:50,03/04/2025 14:50,-,0.0 dias,-,-,-,-
1600894,Contrato Ativo,2,carlos@zapform.com.br,-,2025-04-03 14:50:58,03/04/2025 14:50,-,-,-,-,-,-,-
1600891,Aguardando Verificação/Aprovação (NAVA),0,-,-,2025-03-31 20:59:30,31/03/2025 20:59,01/04/2025 01:37,-,0.19 dias,-,-,-,-
1600891,Enviado para o RM (Integração),1,carlos@zapform.com.br,-,2025-04-01 01:37:38,01/04/2025 01:37,01/04/2025 01:38,-,0.0 dias,-,-,-,-
1600891,Contrato Ativo,2,carlos@zapform.com.br,-,2025-04-01 01:38:11,01/04/2025 01:38,03/06/2025 17:26,-,63.66 dias,-,-,-,-
1600891,Aguardando Verificação/Aprovação (NAVA),0,integracao-projetoisp,-,2025-06-03 17:26:23,03/06/2025 17:26,03/06/2025 17:27,-,0.0 dias,-,-,-,-
1600891,Cancelado,X,thais.roberta@nava.com.br,-,2025-06-03 17:27:21,03/06/2025 17:27,-,-,-,-,-,-,-
1600889,Aguardando Verificação/Aprovação (NAVA),0,-,-,2025-03-31 20:59:08,31/03/2025 20:59,01/04/2025 01:36,-,0.19 dias,-,-,-,-
1600889,Enviado para o RM (Integração),1,carlos@zapform.com.br,-,2025-04-01 01:36:55,01/04/2025 01:36,01/04/2025 01:37,-,0.0 dias,-,-,-,-
1600889,Contrato Ativo,2,carlos@zapform.com.br,-,2025-04-01 01:37:28,01/04/2025 01:37,-,-,-,-,-,-,-
1600887,Aguardando Verificação/Aprovação (NAVA),0,-,-,2025-03-31 20:58:46,31/03/2025 20:58,01/04/2025 01:36,-,0.19 dias,-,-,-,-
1600887,Enviado para o RM (Integração),1,carlos@zapform.com.br,-,2025-04-01 01:36:13,01/04/2025 01:36,01/04/2025 01:36,-,0.0 dias,-,-,-,-
1600887,Erro de Importação,E,carlos@zapform.com.br,-,2025-04-01 01:36:27,01/04/2025 01:36,01/04/2025 11:56,-,0.43 dias,-,-,-,-
1600887,Aguardando Verificação/Aprovação (NAVA),0,carlos@zapform.com.br,-,2025-04-01 11:56:31,01/04/2025 11:56,01/04/2025 16:09,-,0.18 dias,-,-,-,-
1600887,Enviado para o RM (Integração),1,carlos@zapform.com.br,-,2025-04-01 16:09:36,01/04/2025 16:09,01/04/2025 16:10,-,0.0 dias,-,-,-,-
1600887,Contrato Ativo,2,carlos@zapform.com.br,-,2025-04-01 16:10:17,01/04/2025 16:10,02/04/2025 16:45,-,1.02 dias,-,-,-,-
1600887,Aguardando Verificação/Aprovação (NAVA),0,carlos@zapform.com.br,-,2025-04-02 16:45:52,02/04/2025 16:45,03/04/2025 14:49,-,0.92 dias,-,-,-,-
1600887,Enviado para o RM (Integração),1,carlos@zapform.com.br,-,2025-04-03 14:49:17,03/04/2025 14:49,03/04/2025 14:49,-,0.0 dias,-,-,-,-
1600887,Contrato Ativo,2,carlos@zapform.com.br,-,2025-04-03 14:49:52,03/04/2025 14:49,-,-,-,-,-,-,-
1600884,Aguardando Verificação/Aprovação (NAVA),0,-,-,2025-03-31 20:58:24,31/03/2025 20:58,01/04/2025 01:35,-,0.19 dias,-,-,-,-
1600884,Enviado para o RM (Integração),1,carlos@zapform.com.br,-,2025-04-01 01:35:29,01/04/2025 01:35,01/04/2025 01:35,-,0.0 dias,-,-,-,-
1600884,Erro de Importação,E,carlos@zapform.com.br,-,2025-04-01 01:35:43,01/04/2025 01:35,01/04/2025 11:56,-,0.43 dias,-,-,-,-
1600884,Aguardando Verificação/Aprovação (NAVA),0,carlos@zapform.com.br,-,2025-04-01 11:56:31,01/04/2025 11:56,01/04/2025 16:08,-,0.18 dias,-,-,-,-
1600884,Enviado para o RM (Integração),1,carlos@zapform.com.br,-,2025-04-01 16:08:52,01/04/2025 16:08,01/04/2025 16:09,-,0.0 dias,-,-,-,-
1600884,Contrato Ativo,2,carlos@zapform.com.br,-,2025-04-01 16:09:28,01/04/2025 16:09,02/04/2025 16:45,-,1.03 dias,-,-,-,-
1600884,Aguardando Verificação/Aprovação (NAVA),0,carlos@zapform.com.br,-,2025-04-02 16:45:52,02/04/2025 16:45,03/04/2025 14:48,-,0.92 dias,-,-,-,-
1600884,Enviado para o RM (Integração),1,carlos@zapform.com.br,-,2025-04-03 14:48:13,03/04/2025 14:48,03/04/2025 14:48,-,0.0 dias,-,-,-,-
1600884,Contrato Ativo,2,carlos@zapform.com.br,-,2025-04-03 14:48:49,03/04/2025 14:48,25/06/2025 17:24,-,83.11 dias,-,-,-,-
1600884,Aguardando Verificação/Aprovação (NAVA),0,integracao-projetoisp,-,2025-06-25 17:24:47,25/06/2025 17:24,12/08/2025 10:58,-,47.73 dias,-,-,-,-
1600884,Contratos Encerrados,5,gabriels.santos@nava.com.br,-,2025-08-12 10:58:47,12/08/2025 10:58,-,-,-,-,-,-,-
1600882,Aguardando Verificação/Aprovação (NAVA),0,-,-,2025-03-31 20:58:02,31/03/2025 20:58,01/04/2025 01:34,-,0.19 dias,-,-,-,-
1600882,Enviado para o RM (Integração),1,carlos@zapform.com.br,-,2025-04-01 01:34:47,01/04/2025 01:34,01/04/2025 01:35,-,0.0 dias,-,-,-,-
1600882,Erro de Importação,E,carlos@zapform.com.br,-,2025-04-01 01:35:01,01/04/2025 01:35,01/04/2025 11:56,-,0.43 dias,-,-,-,-
1600882,Aguardando Verificação/Aprovação (NAVA),0,carlos@zapform.com.br,-,2025-04-01 11:56:31,01/04/2025 11:56,01/04/2025 16:08,-,0.17 dias,-,-,-,-
1600882,Enviado para o RM (Integração),1,carlos@zapform.com.br,-,2025-04-01 16:08:08,01/04/2025 16:08,01/04/2025 16:08,-,0.0 dias,-,-,-,-
1600882,Contrato Ativo,2,carlos@zapform.com.br,-,2025-04-01 16:08:47,01/04/2025 16:08,02/04/2025 16:45,-,1.03 dias,-,-,-,-
1600882,Aguardando Verificação/Aprovação (NAVA),0,carlos@zapform.com.br,-,2025-04-02 16:45:52,02/04/2025 16:45,03/04/2025 14:47,-,0.92 dias,-,-,-,-
1600882,Enviado para o RM (Integração),1,carlos@zapform.com.br,-,2025-04-03 14:47:08,03/04/2025 14:47,03/04/2025 14:47,-,0.0 dias,-,-,-,-
1600882,Contrato Ativo,2,carlos@zapform.com.br,-,2025-04-03 14:47:43,03/04/2025 14:47,-,-,-,-,-,-,-
1600880,Aguardando Verificação/Aprovação (NAVA),0,-,-,2025-03-31 20:57:40,31/03/2025 20:57,01/04/2025 01:34,-,0.19 dias,-,-,-,-
1600880,Enviado para o RM (Integração),1,carlos@zapform.com.br,-,2025-04-01 01:34:03,01/04/2025 01:34,01/04/2025 01:34,-,0.0 dias,-,-,-,-
1600880,Erro de Importação,E,carlos@zapform.com.br,-,2025-04-01 01:34:23,01/04/2025 01:34,01/04/2025 11:56,-,0.43 dias,-,-,-,-
1600880,Aguardando Verificação/Aprovação (NAVA),0,carlos@zapform.com.br,-,2025-04-01 11:56:31,01/04/2025 11:56,01/04/2025 16:07,-,0.17 dias,-,-,-,-
1600880,Enviado para o RM (Integração),1,carlos@zapform.com.br,-,2025-04-01 16:07:23,01/04/2025 16:07,01/04/2025 16:08,-,0.0 dias,-,-,-,-
1600880,Contrato Ativo,2,carlos@zapform.com.br,-,2025-04-01 16:08:13,01/04/2025 16:08,02/04/2025 16:45,-,1.03 dias,-,-,-,-
1600880,Aguardando Verificação/Aprovação (NAVA),0,carlos@zapform.com.br,-,2025-04-02 16:45:52,02/04/2025 16:45,03/04/2025 14:46,-,0.92 dias,-,-,-,-
1600880,Enviado para o RM (Integração),1,carlos@zapform.com.br,-,2025-04-03 14:46:04,03/04/2025 14:46,03/04/2025 14:46,-,0.0 dias,-,-,-,-
1600880,Contrato Ativo,2,carlos@zapform.com.br,-,2025-04-03 14:46:50,03/04/2025 14:46,-,-,-,-,-,-,-
1600876,Aguardando Verificação/Aprovação (NAVA),0,-,-,2025-03-31 20:57:18,31/03/2025 20:57,01/04/2025 01:33,-,0.19 dias,-,-,-,-
1600876,Enviado para o RM (Integração),1,carlos@zapform.com.br,-,2025-04-01 01:33:21,01/04/2025 01:33,01/04/2025 01:33,-,0.0 dias,-,-,-,-
1600876,Contrato Ativo,2,carlos@zapform.com.br,-,2025-04-01 01:33:52,01/04/2025 01:33,-,-,-,-,-,-,-
1600874,Aguardando Verificação/Aprovação (NAVA),0,-,-,2025-03-31 20:56:55,31/03/2025 20:56,01/04/2025 01:32,-,0.19 dias,-,-,-,-
1600874,Enviado para o RM (Integração),1,carlos@zapform.com.br,-,2025-04-01 01:32:37,01/04/2025 01:32,01/04/2025 01:32,-,0.0 dias,-,-,-,-
1600874,Erro de Importação,E,carlos@zapform.com.br,-,2025-04-01 01:32:52,01/04/2025 01:32,01/04/2025 11:56,-,0.43 dias,-,-,-,-
1600874,Aguardando Verificação/Aprovação (NAVA),0,carlos@zapform.com.br,-,2025-04-01 11:56:31,01/04/2025 11:56,01/04/2025 16:06,-,0.17 dias,-,-,-,-
1600874,Enviado para o RM (Integração),1,carlos@zapform.com.br,-,2025-04-01 16:06:37,01/04/2025 16:06,01/04/2025 16:07,-,0.0 dias,-,-,-,-
1600874,Contrato Ativo,2,carlos@zapform.com.br,-,2025-04-01 16:07:12,01/04/2025 16:07,02/04/2025 16:45,-,1.03 dias,-,-,-,-
1600874,Aguardando Verificação/Aprovação (NAVA),0,carlos@zapform.com.br,-,2025-04-02 16:45:52,02/04/2025 16:45,03/04/2025 14:44,-,0.92 dias,-,-,-,-
1600874,Enviado para o RM (Integração),1,carlos@zapform.com.br,-,2025-04-03 14:44:59,03/04/2025 14:44,03/04/2025 14:45,-,0.0 dias,-,-,-,-
1600874,Contrato Ativo,2,carlos@zapform.com.br,-,2025-04-03 14:45:34,03/04/2025 14:45,14/04/2025 14:41,-,11.0 dias,-,-,-,-
1600874,Aguardando Verificação/Aprovação (NAVA),0,carlos@zapform.com.br,-,2025-04-14 14:41:19,14/04/2025 14:41,14/04/2025 14:43,-,0.0 dias,-,-,-,-
1600874,Enviado para o RM (Integração),1,carlos@zapform.com.br,-,2025-04-14 14:43:15,14/04/2025 14:43,14/04/2025 14:43,-,0.0 dias,-,-,-,-
1600874,Contrato Ativo,2,carlos@zapform.com.br,-,2025-04-14 14:43:57,14/04/2025 14:43,-,-,-,-,-,-,-
1600872,Aguardando Verificação/Aprovação (NAVA),0,-,-,2025-03-31 20:56:33,31/03/2025 20:56,01/04/2025 01:31,-,0.19 dias,-,-,-,-
1600872,Enviado para o RM (Integração),1,carlos@zapform.com.br,-,2025-04-01 01:31:54,01/04/2025 01:31,01/04/2025 01:32,-,0.0 dias,-,-,-,-
1600872,Erro de Importação,E,carlos@zapform.com.br,-,2025-04-01 01:32:16,01/04/2025 01:32,01/04/2025 11:56,-,0.43 dias,-,-,-,-
1600872,Aguardando Verificação/Aprovação (NAVA),0,carlos@zapform.com.br,-,2025-04-01 11:56:31,01/04/2025 11:56,01/04/2025 16:05,-,0.17 dias,-,-,-,-
1600872,Enviado para o RM (Integração),1,carlos@zapform.com.br,-,2025-04-01 16:05:53,01/04/2025 16:05,01/04/2025 16:06,-,0.0 dias,-,-,-,-
1600872,Contrato Ativo,2,carlos@zapform.com.br,-,2025-04-01 16:06:43,01/04/2025 16:06,02/04/2025 16:45,-,1.03 dias,-,-,-,-
1600872,Aguardando Verificação/Aprovação (NAVA),0,carlos@zapform.com.br,-,2025-04-02 16:45:52,02/04/2025 16:45,03/04/2025 14:43,-,0.92 dias,-,-,-,-
1600872,Enviado para o RM (Integração),1,carlos@zapform.com.br,-,2025-04-03 14:43:55,03/04/2025 14:43,03/04/2025 14:44,-,0.0 dias,-,-,-,-
1600872,Contrato Ativo,2,carlos@zapform.com.br,-,2025-04-03 14:44:46,03/04/2025 14:44,-,-,-,-,-,-,-
1600869,Aguardando Verificação/Aprovação (NAVA),0,-,-,2025-03-31 20:56:11,31/03/2025 20:56,01/04/2025 01:31,-,0.19 dias,-,-,-,-
1600869,Enviado para o RM (Integração),1,carlos@zapform.com.br,-,2025-04-01 01:31:11,01/04/2025 01:31,01/04/2025 01:31,-,0.0 dias,-,-,-,-
1600869,Contrato Ativo,2,carlos@zapform.com.br,-,2025-04-01 01:31:45,01/04/2025 01:31,30/05/2025 12:58,-,59.48 dias,-,-,-,-
1600869,Aguardando Verificação/Aprovação (NAVA),0,integracao-projetoisp,-,2025-05-30 12:58:29,30/05/2025 12:58,30/05/2025 12:58,-,0.0 dias,-,-,-,-
1600869,Contratos Encerrados,5,celiene.pinho@nava.com.br,-,2025-05-30 12:58:50,30/05/2025 12:58,-,-,-,-,-,-,-
1600866,Aguardando Verificação/Aprovação (NAVA),0,-,-,2025-03-31 20:55:49,31/03/2025 20:55,01/04/2025 01:30,-,0.19 dias,-,-,-,-
1600866,Enviado para o RM (Integração),1,carlos@zapform.com.br,-,2025-04-01 01:30:28,01/04/2025 01:30,01/04/2025 01:30,-,0.0 dias,-,-,-,-
1600866,Erro de Importação,E,carlos@zapform.com.br,-,2025-04-01 01:30:46,01/04/2025 01:30,01/04/2025 11:56,-,0.43 dias,-,-,-,-
1600866,Aguardando Verificação/Aprovação (NAVA),0,carlos@zapform.com.br,-,2025-04-01 11:56:31,01/04/2025 11:56,01/04/2025 16:05,-,0.17 dias,-,-,-,-
1600866,Enviado para o RM (Integração),1,carlos@zapform.com.br,-,2025-04-01 16:05:06,01/04/2025 16:05,01/04/2025 16:05,-,0.0 dias,-,-,-,-
1600866,Contrato Ativo,2,carlos@zapform.com.br,-,2025-04-01 16:05:38,01/04/2025 16:05,02/04/2025 16:45,-,1.03 dias,-,-,-,-
1600866,Aguardando Verificação/Aprovação (NAVA),0,carlos@zapform.com.br,-,2025-04-02 16:45:52,02/04/2025 16:45,03/04/2025 14:42,-,0.91 dias,-,-,-,-
1600866,Enviado para o RM (Integração),1,carlos@zapform.com.br,-,2025-04-03 14:42:51,03/04/2025 14:42,03/04/2025 14:43,-,0.0 dias,-,-,-,-
1600866,Contrato Ativo,2,carlos@zapform.com.br,-,2025-04-03 14:43:25,03/04/2025 14:43,-,-,-,-,-,-,-
1600864,Aguardando Verificação/Aprovação (NAVA),0,-,-,2025-03-31 20:55:26,31/03/2025 20:55,01/04/2025 01:29,-,0.19 dias,-,-,-,-
1600864,Enviado para o RM (Integração),1,carlos@zapform.com.br,-,2025-04-01 01:29:45,01/04/2025 01:29,01/04/2025 01:30,-,0.0 dias,-,-,-,-
1600864,Contrato Ativo,2,carlos@zapform.com.br,-,2025-04-01 01:30:44,01/04/2025 01:30,-,-,-,-,-,-,-
1600862,Aguardando Verificação/Aprovação (NAVA),0,-,-,2025-03-31 20:55:03,31/03/2025 20:55,01/04/2025 01:29,-,0.19 dias,-,-,-,-
1600862,Enviado para o RM (Integração),1,carlos@zapform.com.br,-,2025-04-01 01:29:02,01/04/2025 01:29,01/04/2025 01:29,-,0.0 dias,-,-,-,-
1600862,Contrato Ativo,2,carlos@zapform.com.br,-,2025-04-01 01:29:36,01/04/2025 01:29,-,-,-,-,-,-,-
1600861,Aguardando Verificação/Aprovação (NAVA),0,-,-,2025-03-31 20:54:41,31/03/2025 20:54,01/04/2025 01:28,-,0.19 dias,-,-,-,-
1600861,Enviado para o RM (Integração),1,carlos@zapform.com.br,-,2025-04-01 01:28:19,01/04/2025 01:28,01/04/2025 01:28,-,0.0 dias,-,-,-,-
1600861,Contrato Ativo,2,carlos@zapform.com.br,-,2025-04-01 01:28:51,01/04/2025 01:28,-,-,-,-,-,-,-
1600858,Aguardando Verificação/Aprovação (NAVA),0,-,-,2025-03-31 20:54:20,31/03/2025 20:54,01/04/2025 01:27,-,0.19 dias,-,-,-,-
1600858,Enviado para o RM (Integração),1,carlos@zapform.com.br,-,2025-04-01 01:27:36,01/04/2025 01:27,01/04/2025 01:27,-,0.0 dias,-,-,-,-
1600858,Erro de Importação,E,carlos@zapform.com.br,-,2025-04-01 01:27:50,01/04/2025 01:27,01/04/2025 11:56,-,0.44 dias,-,-,-,-
1600858,Aguardando Verificação/Aprovação (NAVA),0,carlos@zapform.com.br,-,2025-04-01 11:56:32,01/04/2025 11:56,01/04/2025 16:04,-,0.17 dias,-,-,-,-
1600858,Enviado para o RM (Integração),1,carlos@zapform.com.br,-,2025-04-01 16:04:15,01/04/2025 16:04,01/04/2025 16:04,-,0.0 dias,-,-,-,-
1600858,Contrato Ativo,2,carlos@zapform.com.br,-,2025-04-01 16:04:47,01/04/2025 16:04,02/04/2025 16:45,-,1.03 dias,-,-,-,-
1600858,Aguardando Verificação/Aprovação (NAVA),0,carlos@zapform.com.br,-,2025-04-02 16:45:52,02/04/2025 16:45,03/04/2025 14:41,-,0.91 dias,-,-,-,-
1600858,Enviado para o RM (Integração),1,carlos@zapform.com.br,-,2025-04-03 14:41:47,03/04/2025 14:41,03/04/2025 14:42,-,0.0 dias,-,-,-,-
1600858,Contrato Ativo,2,carlos@zapform.com.br,-,2025-04-03 14:42:23,03/04/2025 14:42,-,-,-,-,-,-,-
1600856,Aguardando Verificação/Aprovação (NAVA),0,-,-,2025-03-31 20:53:59,31/03/2025 20:53,01/04/2025 01:26,-,0.19 dias,-,-,-,-
1600856,Enviado para o RM (Integração),1,carlos@zapform.com.br,-,2025-04-01 01:26:53,01/04/2025 01:26,01/04/2025 01:27,-,0.0 dias,-,-,-,-
1600856,Contrato Ativo,2,carlos@zapform.com.br,-,2025-04-01 01:27:35,01/04/2025 01:27,-,-,-,-,-,-,-
1600854,Aguardando Verificação/Aprovação (NAVA),0,-,-,2025-03-31 20:53:36,31/03/2025 20:53,01/04/2025 01:26,-,0.19 dias,-,-,-,-
1600854,Enviado para o RM (Integração),1,carlos@zapform.com.br,-,2025-04-01 01:26:10,01/04/2025 01:26,01/04/2025 01:26,-,0.0 dias,-,-,-,-
1600854,Erro de Importação,E,carlos@zapform.com.br,-,2025-04-01 01:26:23,01/04/2025 01:26,01/04/2025 11:56,-,0.44 dias,-,-,-,-
1600854,Aguardando Verificação/Aprovação (NAVA),0,carlos@zapform.com.br,-,2025-04-01 11:56:31,01/04/2025 11:56,01/04/2025 16:03,-,0.17 dias,-,-,-,-
1600854,Enviado para o RM (Integração),1,carlos@zapform.com.br,-,2025-04-01 16:03:29,01/04/2025 16:03,01/04/2025 16:04,-,0.0 dias,-,-,-,-
1600854,Contrato Ativo,2,carlos@zapform.com.br,-,2025-04-01 16:04:02,01/04/2025 16:04,02/04/2025 16:45,-,1.03 dias,-,-,-,-
1600854,Aguardando Verificação/Aprovação (NAVA),0,carlos@zapform.com.br,-,2025-04-02 16:45:52,02/04/2025 16:45,03/04/2025 14:40,-,0.91 dias,-,-,-,-
1600854,Enviado para o RM (Integração),1,carlos@zapform.com.br,-,2025-04-03 14:40:42,03/04/2025 14:40,03/04/2025 14:41,-,0.0 dias,-,-,-,-
1600854,Contrato Ativo,2,carlos@zapform.com.br,-,2025-04-03 14:41:15,03/04/2025 14:41,-,-,-,-,-,-,-
1600851,Aguardando Verificação/Aprovação (NAVA),0,-,-,2025-03-31 20:53:13,31/03/2025 20:53,01/04/2025 01:25,-,0.19 dias,-,-,-,-
1600851,Enviado para o RM (Integração),1,carlos@zapform.com.br,-,2025-04-01 01:25:27,01/04/2025 01:25,01/04/2025 01:25,-,0.0 dias,-,-,-,-
1600851,Erro de Importação,E,carlos@zapform.com.br,-,2025-04-01 01:25:41,01/04/2025 01:25,01/04/2025 11:56,-,0.44 dias,-,-,-,-
1600851,Aguardando Verificação/Aprovação (NAVA),0,carlos@zapform.com.br,-,2025-04-01 11:56:31,01/04/2025 11:56,01/04/2025 16:02,-,0.17 dias,-,-,-,-
1600851,Enviado para o RM (Integração),1,carlos@zapform.com.br,-,2025-04-01 16:02:45,01/04/2025 16:02,01/04/2025 16:03,-,0.0 dias,-,-,-,-
1600851,Contrato Ativo,2,carlos@zapform.com.br,-,2025-04-01 16:03:19,01/04/2025 16:03,02/04/2025 16:45,-,1.03 dias,-,-,-,-
1600851,Aguardando Verificação/Aprovação (NAVA),0,carlos@zapform.com.br,-,2025-04-02 16:45:52,02/04/2025 16:45,03/04/2025 14:39,-,0.91 dias,-,-,-,-
1600851,Enviado para o RM (Integração),1,carlos@zapform.com.br,-,2025-04-03 14:39:37,03/04/2025 14:39,03/04/2025 14:40,-,0.0 dias,-,-,-,-
1600851,Contrato Ativo,2,carlos@zapform.com.br,-,2025-04-03 14:40:16,03/04/2025 14:40,09/09/2025 12:59,-,158.93 dias,-,-,-,-
1600851,Aguardando Verificação/Aprovação (NAVA),0,integracao-projetoisp,-,2025-09-09 12:59:53,09/09/2025 12:59,09/09/2025 13:00,-,0.0 dias,-,-,-,-
1600851,Contratos Encerrados,5,celiene.pinho@nava.com.br,-,2025-09-09 13:00:09,09/09/2025 13:00,-,-,-,-,-,-,-
1600849,Aguardando Verificação/Aprovação (NAVA),0,-,-,2025-03-31 20:52:51,31/03/2025 20:52,01/04/2025 01:24,-,0.19 dias,-,-,-,-
1600849,Enviado para o RM (Integração),1,carlos@zapform.com.br,-,2025-04-01 01:24:44,01/04/2025 01:24,01/04/2025 01:25,-,0.0 dias,-,-,-,-
1600849,Contrato Ativo,2,carlos@zapform.com.br,-,2025-04-01 01:25:34,01/04/2025 01:25,-,-,-,-,-,-,-
1600846,Aguardando Verificação/Aprovação (NAVA),0,-,-,2025-03-31 20:52:28,31/03/2025 20:52,01/04/2025 01:24,-,0.19 dias,-,-,-,-
1600846,Enviado para o RM (Integração),1,carlos@zapform.com.br,-,2025-04-01 01:24:01,01/04/2025 01:24,01/04/2025 01:24,-,0.0 dias,-,-,-,-
1600846,Erro de Importação,E,carlos@zapform.com.br,-,2025-04-01 01:24:24,01/04/2025 01:24,01/04/2025 11:57,-,0.44 dias,-,-,-,-
1600846,Aguardando Verificação/Aprovação (NAVA),0,carlos@zapform.com.br,-,2025-04-01 11:57:15,01/04/2025 11:57,01/04/2025 16:01,-,0.17 dias,-,-,-,-
1600846,Enviado para o RM (Integração),1,carlos@zapform.com.br,-,2025-04-01 16:01:59,01/04/2025 16:01,01/04/2025 16:02,-,0.0 dias,-,-,-,-
1600846,Contrato Ativo,2,carlos@zapform.com.br,-,2025-04-01 16:02:56,01/04/2025 16:02,02/04/2025 16:45,-,1.03 dias,-,-,-,-
1600846,Aguardando Verificação/Aprovação (NAVA),0,carlos@zapform.com.br,-,2025-04-02 16:45:52,02/04/2025 16:45,03/04/2025 14:38,-,0.91 dias,-,-,-,-
1600846,Enviado para o RM (Integração),1,carlos@zapform.com.br,-,2025-04-03 14:38:32,03/04/2025 14:38,03/04/2025 14:39,-,0.0 dias,-,-,-,-
1600846,Contrato Ativo,2,carlos@zapform.com.br,-,2025-04-03 14:39:30,03/04/2025 14:39,-,-,-,-,-,-,-
1600844,Aguardando Verificação/Aprovação (NAVA),0,-,-,2025-03-31 20:52:07,31/03/2025 20:52,01/04/2025 01:23,-,0.19 dias,-,-,-,-
1600844,Enviado para o RM (Integração),1,carlos@zapform.com.br,-,2025-04-01 01:23:18,01/04/2025 01:23,01/04/2025 01:23,-,0.0 dias,-,-,-,-
1600844,Erro de Importação,E,carlos@zapform.com.br,-,2025-04-01 01:23:43,01/04/2025 01:23,01/04/2025 11:57,-,0.44 dias,-,-,-,-
1600844,Aguardando Verificação/Aprovação (NAVA),0,carlos@zapform.com.br,-,2025-04-01 11:57:15,01/04/2025 11:57,01/04/2025 16:01,-,0.17 dias,-,-,-,-
1600844,Enviado para o RM (Integração),1,carlos@zapform.com.br,-,2025-04-01 16:01:15,01/04/2025 16:01,01/04/2025 16:02,-,0.0 dias,-,-,-,-
1600844,Contrato Ativo,2,carlos@zapform.com.br,-,2025-04-01 16:02:16,01/04/2025 16:02,02/04/2025 16:45,-,1.03 dias,-,-,-,-
1600844,Aguardando Verificação/Aprovação (NAVA),0,carlos@zapform.com.br,-,2025-04-02 16:45:52,02/04/2025 16:45,03/04/2025 14:37,-,0.91 dias,-,-,-,-
1600844,Enviado para o RM (Integração),1,carlos@zapform.com.br,-,2025-04-03 14:37:28,03/04/2025 14:37,03/04/2025 14:38,-,0.0 dias,-,-,-,-
1600844,Contrato Ativo,2,carlos@zapform.com.br,-,2025-04-03 14:38:23,03/04/2025 14:38,30/04/2025 10:45,-,26.84 dias,-,-,-,-
1600844,Contratos Encerrados,5,thais.roberta@nava.com.br,-,2025-04-30 10:45:56,30/04/2025 10:45,-,-,-,-,-,-,-
1600842,Aguardando Verificação/Aprovação (NAVA),0,-,-,2025-03-31 20:51:44,31/03/2025 20:51,01/04/2025 01:22,-,0.19 dias,-,-,-,-
1600842,Enviado para o RM (Integração),1,carlos@zapform.com.br,-,2025-04-01 01:22:35,01/04/2025 01:22,01/04/2025 01:23,-,0.0 dias,-,-,-,-
1600842,Contrato Ativo,2,carlos@zapform.com.br,-,2025-04-01 01:23:20,01/04/2025 01:23,30/04/2025 12:15,-,29.45 dias,-,-,-,-
1600842,Contratos Encerrados,5,thais.roberta@nava.com.br,-,2025-04-30 12:15:23,30/04/2025 12:15,-,-,-,-,-,-,-
1600840,Aguardando Verificação/Aprovação (NAVA),0,-,-,2025-03-31 20:51:22,31/03/2025 20:51,01/04/2025 01:21,-,0.19 dias,-,-,-,-
1600840,Enviado para o RM (Integração),1,carlos@zapform.com.br,-,2025-04-01 01:21:52,01/04/2025 01:21,01/04/2025 01:22,-,0.0 dias,-,-,-,-
1600840,Erro de Importação,E,carlos@zapform.com.br,-,2025-04-01 01:22:06,01/04/2025 01:22,01/04/2025 11:57,-,0.44 dias,-,-,-,-
1600840,Aguardando Verificação/Aprovação (NAVA),0,carlos@zapform.com.br,-,2025-04-01 11:57:15,01/04/2025 11:57,01/04/2025 16:00,-,0.17 dias,-,-,-,-
1600840,Enviado para o RM (Integração),1,carlos@zapform.com.br,-,2025-04-01 16:00:29,01/04/2025 16:00,01/04/2025 16:01,-,0.0 dias,-,-,-,-
1600840,Contrato Ativo,2,carlos@zapform.com.br,-,2025-04-01 16:01:03,01/04/2025 16:01,02/04/2025 16:45,-,1.03 dias,-,-,-,-
1600840,Aguardando Verificação/Aprovação (NAVA),0,carlos@zapform.com.br,-,2025-04-02 16:45:52,02/04/2025 16:45,03/04/2025 14:36,-,0.91 dias,-,-,-,-
1600840,Enviado para o RM (Integração),1,carlos@zapform.com.br,-,2025-04-03 14:36:23,03/04/2025 14:36,03/04/2025 14:36,-,0.0 dias,-,-,-,-
1600840,Contrato Ativo,2,carlos@zapform.com.br,-,2025-04-03 14:36:57,03/04/2025 14:36,15/05/2025 12:28,-,41.91 dias,-,-,-,-
1600840,Aguardando Verificação/Aprovação (NAVA),0,integracao-projetoisp,-,2025-05-15 12:28:56,15/05/2025 12:28,15/05/2025 12:35,-,0.0 dias,-,-,-,-
1600840,Enviado para o RM (Integração),1,integracao-projetoisp,-,2025-05-15 12:35:29,15/05/2025 12:35,15/05/2025 12:35,-,0.0 dias,-,-,-,-
1600840,Contrato Ativo,2,integracao-projetoisp,-,2025-05-15 12:35:51,15/05/2025 12:35,-,-,-,-,-,-,-
1600838,Aguardando Verificação/Aprovação (NAVA),0,-,-,2025-03-31 20:51:01,31/03/2025 20:51,01/04/2025 01:21,-,0.19 dias,-,-,-,-
1600838,Enviado para o RM (Integração),1,carlos@zapform.com.br,-,2025-04-01 01:21:09,01/04/2025 01:21,01/04/2025 01:21,-,0.0 dias,-,-,-,-
1600838,Contrato Ativo,2,carlos@zapform.com.br,-,2025-04-01 01:21:57,01/04/2025 01:21,14/04/2025 15:20,-,13.58 dias,-,-,-,-
1600838,Aguardando Verificação/Aprovação (NAVA),0,carlos@zapform.com.br,-,2025-04-14 15:20:49,14/04/2025 15:20,14/04/2025 15:22,-,0.0 dias,-,-,-,-
1600838,Cancelado,X,carlos@zapform.com.br,-,2025-04-14 15:22:39,14/04/2025 15:22,-,-,-,-,-,-,-
1600837,Aguardando Verificação/Aprovação (NAVA),0,-,-,2025-03-31 20:50:39,31/03/2025 20:50,01/04/2025 01:20,-,0.19 dias,-,-,-,-
1600837,Enviado para o RM (Integração),1,carlos@zapform.com.br,-,2025-04-01 01:20:26,01/04/2025 01:20,01/04/2025 01:20,-,0.0 dias,-,-,-,-
1600837,Contrato Ativo,2,carlos@zapform.com.br,-,2025-04-01 01:20:57,01/04/2025 01:20,-,-,-,-,-,-,-
1600835,Aguardando Verificação/Aprovação (NAVA),0,-,-,2025-03-31 20:50:17,31/03/2025 20:50,01/04/2025 01:19,-,0.19 dias,-,-,-,-
1600835,Enviado para o RM (Integração),1,carlos@zapform.com.br,-,2025-04-01 01:19:43,01/04/2025 01:19,01/04/2025 01:20,-,0.0 dias,-,-,-,-
1600835,Contrato Ativo,2,carlos@zapform.com.br,-,2025-04-01 01:20:38,01/04/2025 01:20,-,-,-,-,-,-,-
1600833,Aguardando Verificação/Aprovação (NAVA),0,-,-,2025-03-31 20:49:55,31/03/2025 20:49,01/04/2025 01:19,-,0.19 dias,-,-,-,-
1600833,Enviado para o RM (Integração),1,carlos@zapform.com.br,-,2025-04-01 01:19:00,01/04/2025 01:19,01/04/2025 01:19,-,0.0 dias,-,-,-,-
1600833,Contrato Ativo,2,carlos@zapform.com.br,-,2025-04-01 01:19:57,01/04/2025 01:19,15/09/2025 10:30,-,167.38 dias,-,-,-,-
1600833,Aguardando Verificação/Aprovação (NAVA),0,integracao-projetoisp,-,2025-09-15 10:30:32,15/09/2025 10:30,15/09/2025 10:30,-,0.0 dias,-,-,-,-
1600833,Contratos Encerrados,5,gabriels.santos@nava.com.br,-,2025-09-15 10:30:41,15/09/2025 10:30,-,-,-,-,-,-,-
1600831,Aguardando Verificação/Aprovação (NAVA),0,-,-,2025-03-31 20:49:34,31/03/2025 20:49,01/04/2025 01:18,-,0.19 dias,-,-,-,-
1600831,Enviado para o RM (Integração),1,carlos@zapform.com.br,-,2025-04-01 01:18:18,01/04/2025 01:18,01/04/2025 01:18,-,0.0 dias,-,-,-,-
1600831,Contrato Ativo,2,carlos@zapform.com.br,-,2025-04-01 01:18:52,01/04/2025 01:18,-,-,-,-,-,-,-
1600829,Aguardando Verificação/Aprovação (NAVA),0,-,-,2025-03-31 20:49:12,31/03/2025 20:49,01/04/2025 01:17,-,0.19 dias,-,-,-,-
1600829,Enviado para o RM (Integração),1,carlos@zapform.com.br,-,2025-04-01 01:17:35,01/04/2025 01:17,01/04/2025 01:17,-,0.0 dias,-,-,-,-
1600829,Erro de Importação,E,carlos@zapform.com.br,-,2025-04-01 01:17:59,01/04/2025 01:17,01/04/2025 11:57,-,0.44 dias,-,-,-,-
1600829,Aguardando Verificação/Aprovação (NAVA),0,carlos@zapform.com.br,-,2025-04-01 11:57:15,01/04/2025 11:57,01/04/2025 15:59,-,0.17 dias,-,-,-,-
1600829,Enviado para o RM (Integração),1,carlos@zapform.com.br,-,2025-04-01 15:59:34,01/04/2025 15:59,01/04/2025 16:00,-,0.0 dias,-,-,-,-
1600829,Contrato Ativo,2,carlos@zapform.com.br,-,2025-04-01 16:00:31,01/04/2025 16:00,02/04/2025 16:45,-,1.03 dias,-,-,-,-
1600829,Aguardando Verificação/Aprovação (NAVA),0,carlos@zapform.com.br,-,2025-04-02 16:45:52,02/04/2025 16:45,03/04/2025 14:35,-,0.91 dias,-,-,-,-
1600829,Enviado para o RM (Integração),1,carlos@zapform.com.br,-,2025-04-03 14:35:19,03/04/2025 14:35,03/04/2025 14:36,-,0.0 dias,-,-,-,-
1600829,Contrato Ativo,2,carlos@zapform.com.br,-,2025-04-03 14:36:16,03/04/2025 14:36,14/04/2025 14:17,-,10.99 dias,-,-,-,-
1600829,Aguardando Verificação/Aprovação (NAVA),0,carlos@zapform.com.br,-,2025-04-14 14:17:03,14/04/2025 14:17,14/04/2025 14:18,-,0.0 dias,-,-,-,-
1600829,Cancelado,X,carlos@zapform.com.br,-,2025-04-14 14:18:18,14/04/2025 14:18,-,-,-,-,-,-,-
1600827,Aguardando Verificação/Aprovação (NAVA),0,-,-,2025-03-31 20:48:49,31/03/2025 20:48,01/04/2025 01:16,-,0.19 dias,-,-,-,-
1600827,Enviado para o RM (Integração),1,carlos@zapform.com.br,-,2025-04-01 01:16:52,01/04/2025 01:16,01/04/2025 01:17,-,0.0 dias,-,-,-,-
1600827,Contrato Ativo,2,carlos@zapform.com.br,-,2025-04-01 01:17:46,01/04/2025 01:17,26/08/2025 11:04,-,147.41 dias,-,-,-,-
1600827,Aguardando Verificação/Aprovação (NAVA),0,integracao-projetoisp,-,2025-08-26 11:04:01,26/08/2025 11:04,26/08/2025 13:31,-,0.1 dias,-,-,-,-
1600827,Cancelado,X,celiene.pinho@nava.com.br,-,2025-08-26 13:31:22,26/08/2025 13:31,-,-,-,-,-,-,-
1600825,Aguardando Verificação/Aprovação (NAVA),0,-,-,2025-03-31 20:48:28,31/03/2025 20:48,01/04/2025 01:16,-,0.19 dias,-,-,-,-
1600825,Enviado para o RM (Integração),1,carlos@zapform.com.br,-,2025-04-01 01:16:37,01/04/2025 01:16,01/04/2025 01:17,-,0.0 dias,-,-,-,-
1600825,Erro de Importação,E,carlos@zapform.com.br,-,2025-04-01 01:17:11,01/04/2025 01:17,01/04/2025 11:57,-,0.44 dias,-,-,-,-
1600825,Aguardando Verificação/Aprovação (NAVA),0,carlos@zapform.com.br,-,2025-04-01 11:57:15,01/04/2025 11:57,01/04/2025 15:58,-,0.17 dias,-,-,-,-
1600825,Enviado para o RM (Integração),1,carlos@zapform.com.br,-,2025-04-01 15:58:47,01/04/2025 15:58,01/04/2025 15:59,-,0.0 dias,-,-,-,-
1600825,Contrato Ativo,2,carlos@zapform.com.br,-,2025-04-01 15:59:40,01/04/2025 15:59,02/04/2025 16:45,-,1.03 dias,-,-,-,-
1600825,Aguardando Verificação/Aprovação (NAVA),0,carlos@zapform.com.br,-,2025-04-02 16:45:52,02/04/2025 16:45,03/04/2025 14:34,-,0.91 dias,-,-,-,-
1600825,Enviado para o RM (Integração),1,carlos@zapform.com.br,-,2025-04-03 14:34:15,03/04/2025 14:34,03/04/2025 14:35,-,0.0 dias,-,-,-,-
1600825,Contrato Ativo,2,carlos@zapform.com.br,-,2025-04-03 14:35:08,03/04/2025 14:35,-,-,-,-,-,-,-
1600823,Aguardando Verificação/Aprovação (NAVA),0,-,-,2025-03-31 20:48:06,31/03/2025 20:48,01/04/2025 01:15,-,0.19 dias,-,-,-,-
1600823,Enviado para o RM (Integração),1,carlos@zapform.com.br,-,2025-04-01 01:15:26,01/04/2025 01:15,01/04/2025 01:15,-,0.0 dias,-,-,-,-
1600823,Erro de Importação,E,carlos@zapform.com.br,-,2025-04-01 01:15:41,01/04/2025 01:15,01/04/2025 11:57,-,0.45 dias,-,-,-,-
1600823,Aguardando Verificação/Aprovação (NAVA),0,carlos@zapform.com.br,-,2025-04-01 11:57:15,01/04/2025 11:57,01/04/2025 15:58,-,0.17 dias,-,-,-,-
1600823,Enviado para o RM (Integração),1,carlos@zapform.com.br,-,2025-04-01 15:58:03,01/04/2025 15:58,01/04/2025 15:58,-,0.0 dias,-,-,-,-
1600823,Contrato Ativo,2,carlos@zapform.com.br,-,2025-04-01 15:58:38,01/04/2025 15:58,02/04/2025 16:45,-,1.03 dias,-,-,-,-
1600823,Aguardando Verificação/Aprovação (NAVA),0,carlos@zapform.com.br,-,2025-04-02 16:45:52,02/04/2025 16:45,03/04/2025 14:33,-,0.91 dias,-,-,-,-
1600823,Enviado para o RM (Integração),1,carlos@zapform.com.br,-,2025-04-03 14:33:10,03/04/2025 14:33,03/04/2025 14:33,-,0.0 dias,-,-,-,-
1600823,Contrato Ativo,2,carlos@zapform.com.br,-,2025-04-03 14:33:49,03/04/2025 14:33,-,-,-,-,-,-,-
1600821,Aguardando Verificação/Aprovação (NAVA),0,-,-,2025-03-31 20:47:44,31/03/2025 20:47,01/04/2025 01:14,-,0.19 dias,-,-,-,-
1600821,Enviado para o RM (Integração),1,carlos@zapform.com.br,-,2025-04-01 01:14:43,01/04/2025 01:14,01/04/2025 01:15,-,0.0 dias,-,-,-,-
1600821,Contrato Ativo,2,carlos@zapform.com.br,-,2025-04-01 01:15:38,01/04/2025 01:15,13/06/2025 17:34,-,73.68 dias,-,-,-,-
1600821,Aguardando Verificação/Aprovação (NAVA),0,integracao-projetoisp,-,2025-06-13 17:34:20,13/06/2025 17:34,13/06/2025 17:39,-,0.0 dias,-,-,-,-
1600821,Enviado para o RM (Integração),1,integracao-projetoisp,-,2025-06-13 17:39:02,13/06/2025 17:39,13/06/2025 17:39,-,0.0 dias,-,-,-,-
1600821,Contrato Ativo,2,integracao-projetoisp,-,2025-06-13 17:39:29,13/06/2025 17:39,20/08/2025 15:05,-,67.89 dias,-,-,-,-
1600821,Aguardando Verificação/Aprovação (NAVA),0,integracao-projetoisp,-,2025-08-20 15:05:33,20/08/2025 15:05,20/08/2025 15:05,-,0.0 dias,-,-,-,-
1600821,Contratos Encerrados,5,gabriels.santos@nava.com.br,-,2025-08-20 15:05:46,20/08/2025 15:05,-,-,-,-,-,-,-
1600818,Aguardando Verificação/Aprovação (NAVA),0,-,-,2025-03-31 20:47:22,31/03/2025 20:47,01/04/2025 01:14,-,0.19 dias,-,-,-,-
1600818,Enviado para o RM (Integração),1,carlos@zapform.com.br,-,2025-04-01 01:14:00,01/04/2025 01:14,01/04/2025 01:14,-,0.0 dias,-,-,-,-
1600818,Erro de Importação,E,carlos@zapform.com.br,-,2025-04-01 01:14:24,01/04/2025 01:14,01/04/2025 11:57,-,0.45 dias,-,-,-,-
1600818,Aguardando Verificação/Aprovação (NAVA),0,carlos@zapform.com.br,-,2025-04-01 11:57:15,01/04/2025 11:57,01/04/2025 15:57,-,0.17 dias,-,-,-,-
1600818,Enviado para o RM (Integração),1,carlos@zapform.com.br,-,2025-04-01 15:57:17,01/04/2025 15:57,01/04/2025 15:58,-,0.0 dias,-,-,-,-
1600818,Contrato Ativo,2,carlos@zapform.com.br,-,2025-04-01 15:58:09,01/04/2025 15:58,02/04/2025 16:45,-,1.03 dias,-,-,-,-
1600818,Aguardando Verificação/Aprovação (NAVA),0,carlos@zapform.com.br,-,2025-04-02 16:45:52,02/04/2025 16:45,03/04/2025 14:32,-,0.91 dias,-,-,-,-
1600818,Enviado para o RM (Integração),1,carlos@zapform.com.br,-,2025-04-03 14:32:06,03/04/2025 14:32,03/04/2025 14:33,-,0.0 dias,-,-,-,-
1600818,Contrato Ativo,2,carlos@zapform.com.br,-,2025-04-03 14:33:00,03/04/2025 14:33,-,-,-,-,-,-,-
1600816,Aguardando Verificação/Aprovação (NAVA),0,-,-,2025-03-31 20:47:01,31/03/2025 20:47,01/04/2025 01:13,-,0.18 dias,-,-,-,-
1600816,Enviado para o RM (Integração),1,carlos@zapform.com.br,-,2025-04-01 01:13:17,01/04/2025 01:13,01/04/2025 01:13,-,0.0 dias,-,-,-,-
1600816,Contrato Ativo,2,carlos@zapform.com.br,-,2025-04-01 01:13:49,01/04/2025 01:13,14/04/2025 15:43,-,13.6 dias,-,-,-,-
1600816,Aguardando Verificação/Aprovação (NAVA),0,carlos@zapform.com.br,-,2025-04-14 15:43:38,14/04/2025 15:43,14/04/2025 15:46,-,0.0 dias,-,-,-,-
1600816,Enviado para o RM (Integração),1,carlos@zapform.com.br,-,2025-04-14 15:46:56,14/04/2025 15:46,14/04/2025 15:47,-,0.0 dias,-,-,-,-
1600816,Contrato Ativo,2,carlos@zapform.com.br,-,2025-04-14 15:47:55,14/04/2025 15:47,23/07/2025 10:27,-,99.78 dias,-,-,-,-
1600816,Aguardando Verificação/Aprovação (NAVA),0,integracao-projetoisp,-,2025-07-23 10:27:29,23/07/2025 10:27,23/07/2025 10:28,-,0.0 dias,-,-,-,-
1600816,Enviado para o RM (Integração),1,integracao-projetoisp,-,2025-07-23 10:28:13,23/07/2025 10:28,23/07/2025 10:28,-,0.0 dias,-,-,-,-
1600816,Contrato Ativo,2,integracao-projetoisp,-,2025-07-23 10:28:40,23/07/2025 10:28,-,-,-,-,-,-,-
1600813,Aguardando Verificação/Aprovação (NAVA),0,-,-,2025-03-31 20:46:38,31/03/2025 20:46,01/04/2025 01:12,-,0.18 dias,-,-,-,-
1600813,Enviado para o RM (Integração),1,carlos@zapform.com.br,-,2025-04-01 01:12:34,01/04/2025 01:12,01/04/2025 01:13,-,0.0 dias,-,-,-,-
1600813,Contrato Ativo,2,carlos@zapform.com.br,-,2025-04-01 01:13:06,01/04/2025 01:13,-,-,-,-,-,-,-
1600811,Aguardando Verificação/Aprovação (NAVA),0,-,-,2025-03-31 20:46:16,31/03/2025 20:46,01/04/2025 01:11,-,0.18 dias,-,-,-,-
1600811,Enviado para o RM (Integração),1,carlos@zapform.com.br,-,2025-04-01 01:11:51,01/04/2025 01:11,01/04/2025 01:12,-,0.0 dias,-,-,-,-
1600811,Erro de Importação,E,carlos@zapform.com.br,-,2025-04-01 01:12:07,01/04/2025 01:12,01/04/2025 11:57,-,0.45 dias,-,-,-,-
1600811,Aguardando Verificação/Aprovação (NAVA),0,carlos@zapform.com.br,-,2025-04-01 11:57:15,01/04/2025 11:57,01/04/2025 15:56,-,0.17 dias,-,-,-,-
1600811,Enviado para o RM (Integração),1,carlos@zapform.com.br,-,2025-04-01 15:56:28,01/04/2025 15:56,01/04/2025 15:57,-,0.0 dias,-,-,-,-
1600811,Contrato Ativo,2,carlos@zapform.com.br,-,2025-04-01 15:57:06,01/04/2025 15:57,02/04/2025 16:45,-,1.03 dias,-,-,-,-
1600811,Aguardando Verificação/Aprovação (NAVA),0,carlos@zapform.com.br,-,2025-04-02 16:45:52,02/04/2025 16:45,03/04/2025 14:31,-,0.91 dias,-,-,-,-
1600811,Enviado para o RM (Integração),1,carlos@zapform.com.br,-,2025-04-03 14:31:01,03/04/2025 14:31,03/04/2025 14:31,-,0.0 dias,-,-,-,-
1600811,Contrato Ativo,2,carlos@zapform.com.br,-,2025-04-03 14:31:36,03/04/2025 14:31,-,-,-,-,-,-,-
1600808,Aguardando Verificação/Aprovação (NAVA),0,-,-,2025-03-31 20:45:54,31/03/2025 20:45,01/04/2025 01:11,-,0.18 dias,-,-,-,-
1600808,Enviado para o RM (Integração),1,carlos@zapform.com.br,-,2025-04-01 01:11:08,01/04/2025 01:11,01/04/2025 01:11,-,0.0 dias,-,-,-,-
1600808,Erro de Importação,E,carlos@zapform.com.br,-,2025-04-01 01:11:23,01/04/2025 01:11,01/04/2025 11:57,-,0.45 dias,-,-,-,-
1600808,Aguardando Verificação/Aprovação (NAVA),0,carlos@zapform.com.br,-,2025-04-01 11:57:15,01/04/2025 11:57,01/04/2025 15:55,-,0.17 dias,-,-,-,-
1600808,Enviado para o RM (Integração),1,carlos@zapform.com.br,-,2025-04-01 15:55:44,01/04/2025 15:55,01/04/2025 15:56,-,0.0 dias,-,-,-,-
1600808,Contrato Ativo,2,carlos@zapform.com.br,-,2025-04-01 15:56:22,01/04/2025 15:56,02/04/2025 16:45,-,1.03 dias,-,-,-,-
1600808,Aguardando Verificação/Aprovação (NAVA),0,carlos@zapform.com.br,-,2025-04-02 16:45:52,02/04/2025 16:45,03/04/2025 14:29,-,0.91 dias,-,-,-,-
1600808,Enviado para o RM (Integração),1,carlos@zapform.com.br,-,2025-04-03 14:29:57,03/04/2025 14:29,03/04/2025 14:30,-,0.0 dias,-,-,-,-
1600808,Contrato Ativo,2,carlos@zapform.com.br,-,2025-04-03 14:30:39,03/04/2025 14:30,27/05/2025 11:19,-,53.87 dias,-,-,-,-
1600808,Aguardando Verificação/Aprovação (NAVA),0,integracao-projetoisp,-,2025-05-27 11:19:14,27/05/2025 11:19,27/05/2025 11:19,-,0.0 dias,-,-,-,-
1600808,Contratos Encerrados,5,celiene.pinho@nava.com.br,-,2025-05-27 11:19:34,27/05/2025 11:19,-,-,-,-,-,-,-
1600805,Aguardando Verificação/Aprovação (NAVA),0,-,-,2025-03-31 20:45:33,31/03/2025 20:45,01/04/2025 01:10,-,0.18 dias,-,-,-,-
1600805,Enviado para o RM (Integração),1,carlos@zapform.com.br,-,2025-04-01 01:10:25,01/04/2025 01:10,01/04/2025 01:10,-,0.0 dias,-,-,-,-
1600805,Erro de Importação,E,carlos@zapform.com.br,-,2025-04-01 01:10:42,01/04/2025 01:10,01/04/2025 11:57,-,0.45 dias,-,-,-,-
1600805,Aguardando Verificação/Aprovação (NAVA),0,carlos@zapform.com.br,-,2025-04-01 11:57:15,01/04/2025 11:57,01/04/2025 15:55,-,0.17 dias,-,-,-,-
1600805,Enviado para o RM (Integração),1,carlos@zapform.com.br,-,2025-04-01 15:55:00,01/04/2025 15:55,01/04/2025 15:55,-,0.0 dias,-,-,-,-
1600805,Contrato Ativo,2,carlos@zapform.com.br,-,2025-04-01 15:55:38,01/04/2025 15:55,02/04/2025 16:45,-,1.03 dias,-,-,-,-
1600805,Aguardando Verificação/Aprovação (NAVA),0,carlos@zapform.com.br,-,2025-04-02 16:45:52,02/04/2025 16:45,03/04/2025 14:28,-,0.9 dias,-,-,-,-
1600805,Enviado para o RM (Integração),1,carlos@zapform.com.br,-,2025-04-03 14:28:52,03/04/2025 14:28,03/04/2025 14:29,-,0.0 dias,-,-,-,-
1600805,Contrato Ativo,2,carlos@zapform.com.br,-,2025-04-03 14:29:27,03/04/2025 14:29,-,-,-,-,-,-,-
1600804,Aguardando Verificação/Aprovação (NAVA),0,-,-,2025-03-31 20:45:11,31/03/2025 20:45,01/04/2025 01:09,-,0.18 dias,-,-,-,-
1600804,Enviado para o RM (Integração),1,carlos@zapform.com.br,-,2025-04-01 01:09:42,01/04/2025 01:09,01/04/2025 01:09,-,0.0 dias,-,-,-,-
1600804,Erro de Importação,E,carlos@zapform.com.br,-,2025-04-01 01:09:59,01/04/2025 01:09,01/04/2025 11:57,-,0.45 dias,-,-,-,-
1600804,Aguardando Verificação/Aprovação (NAVA),0,carlos@zapform.com.br,-,2025-04-01 11:57:15,01/04/2025 11:57,01/04/2025 15:54,-,0.16 dias,-,-,-,-
1600804,Enviado para o RM (Integração),1,carlos@zapform.com.br,-,2025-04-01 15:54:16,01/04/2025 15:54,01/04/2025 15:54,-,0.0 dias,-,-,-,-
1600804,Contrato Ativo,2,carlos@zapform.com.br,-,2025-04-01 15:54:50,01/04/2025 15:54,02/04/2025 16:45,-,1.04 dias,-,-,-,-
1600804,Aguardando Verificação/Aprovação (NAVA),0,carlos@zapform.com.br,-,2025-04-02 16:45:52,02/04/2025 16:45,03/04/2025 14:27,-,0.9 dias,-,-,-,-
1600804,Enviado para o RM (Integração),1,carlos@zapform.com.br,-,2025-04-03 14:27:48,03/04/2025 14:27,03/04/2025 14:28,-,0.0 dias,-,-,-,-
1600804,Contrato Ativo,2,carlos@zapform.com.br,-,2025-04-03 14:28:32,03/04/2025 14:28,14/04/2025 15:51,-,11.06 dias,-,-,-,-
1600804,Aguardando Verificação/Aprovação (NAVA),0,carlos@zapform.com.br,-,2025-04-14 15:51:00,14/04/2025 15:51,14/04/2025 15:52,-,0.0 dias,-,-,-,-
1600804,Enviado para o RM (Integração),1,carlos@zapform.com.br,-,2025-04-14 15:52:33,14/04/2025 15:52,14/04/2025 15:53,-,0.0 dias,-,-,-,-
1600804,Contrato Ativo,2,carlos@zapform.com.br,-,2025-04-14 15:53:31,14/04/2025 15:53,28/05/2025 17:58,-,44.09 dias,-,-,-,-
1600804,Aguardando Verificação/Aprovação (NAVA),0,integracao-projetoisp,-,2025-05-28 17:58:24,28/05/2025 17:58,28/05/2025 17:59,-,0.0 dias,-,-,-,-
1600804,Enviado para o RM (Integração),1,integracao-projetoisp,-,2025-05-28 17:59:34,28/05/2025 17:59,28/05/2025 17:59,-,0.0 dias,-,-,-,-
1600804,Contrato Ativo,2,integracao-projetoisp,-,2025-05-28 17:59:58,28/05/2025 17:59,-,-,-,-,-,-,-
1600802,Aguardando Verificação/Aprovação (NAVA),0,-,-,2025-03-31 20:44:48,31/03/2025 20:44,01/04/2025 01:08,-,0.18 dias,-,-,-,-
1600802,Enviado para o RM (Integração),1,carlos@zapform.com.br,-,2025-04-01 01:08:59,01/04/2025 01:08,01/04/2025 01:09,-,0.0 dias,-,-,-,-
1600802,Erro de Importação,E,carlos@zapform.com.br,-,2025-04-01 01:09:25,01/04/2025 01:09,01/04/2025 11:57,-,0.45 dias,-,-,-,-
1600802,Aguardando Verificação/Aprovação (NAVA),0,carlos@zapform.com.br,-,2025-04-01 11:57:15,01/04/2025 11:57,01/04/2025 15:53,-,0.16 dias,-,-,-,-
1600802,Enviado para o RM (Integração),1,carlos@zapform.com.br,-,2025-04-01 15:53:32,01/04/2025 15:53,01/04/2025 15:54,-,0.0 dias,-,-,-,-
1600802,Contrato Ativo,2,carlos@zapform.com.br,-,2025-04-01 15:54:33,01/04/2025 15:54,02/04/2025 16:45,-,1.04 dias,-,-,-,-
1600802,Aguardando Verificação/Aprovação (NAVA),0,carlos@zapform.com.br,-,2025-04-02 16:45:52,02/04/2025 16:45,03/04/2025 14:26,-,0.9 dias,-,-,-,-
1600802,Enviado para o RM (Integração),1,carlos@zapform.com.br,-,2025-04-03 14:26:44,03/04/2025 14:26,03/04/2025 14:27,-,0.0 dias,-,-,-,-
1600802,Contrato Ativo,2,carlos@zapform.com.br,-,2025-04-03 14:27:39,03/04/2025 14:27,-,-,-,-,-,-,-
1600799,Aguardando Verificação/Aprovação (NAVA),0,-,-,2025-03-31 20:44:26,31/03/2025 20:44,01/04/2025 01:08,-,0.18 dias,-,-,-,-
1600799,Enviado para o RM (Integração),1,carlos@zapform.com.br,-,2025-04-01 01:08:16,01/04/2025 01:08,01/04/2025 01:09,-,0.0 dias,-,-,-,-
1600799,Contrato Ativo,2,carlos@zapform.com.br,-,2025-04-01 01:09:17,01/04/2025 01:09,-,-,-,-,-,-,-
1600797,Aguardando Verificação/Aprovação (NAVA),0,-,-,2025-03-31 20:44:05,31/03/2025 20:44,01/04/2025 01:07,-,0.18 dias,-,-,-,-
1600797,Enviado para o RM (Integração),1,carlos@zapform.com.br,-,2025-04-01 01:07:34,01/04/2025 01:07,01/04/2025 01:07,-,0.0 dias,-,-,-,-
1600797,Erro de Importação,E,carlos@zapform.com.br,-,2025-04-01 01:07:49,01/04/2025 01:07,01/04/2025 11:57,-,0.45 dias,-,-,-,-
1600797,Aguardando Verificação/Aprovação (NAVA),0,carlos@zapform.com.br,-,2025-04-01 11:57:15,01/04/2025 11:57,01/04/2025 15:52,-,0.16 dias,-,-,-,-
1600797,Enviado para o RM (Integração),1,carlos@zapform.com.br,-,2025-04-01 15:52:46,01/04/2025 15:52,01/04/2025 15:53,-,0.0 dias,-,-,-,-
1600797,Contrato Ativo,2,carlos@zapform.com.br,-,2025-04-01 15:53:18,01/04/2025 15:53,02/04/2025 16:45,-,1.04 dias,-,-,-,-
1600797,Aguardando Verificação/Aprovação (NAVA),0,carlos@zapform.com.br,-,2025-04-02 16:45:52,02/04/2025 16:45,03/04/2025 14:25,-,0.9 dias,-,-,-,-
1600797,Enviado para o RM (Integração),1,carlos@zapform.com.br,-,2025-04-03 14:25:39,03/04/2025 14:25,03/04/2025 14:26,-,0.0 dias,-,-,-,-
1600797,Contrato Ativo,2,carlos@zapform.com.br,-,2025-04-03 14:26:15,03/04/2025 14:26,-,-,-,-,-,-,-
1600795,Aguardando Verificação/Aprovação (NAVA),0,-,-,2025-03-31 20:43:43,31/03/2025 20:43,01/04/2025 01:06,-,0.18 dias,-,-,-,-
1600795,Enviado para o RM (Integração),1,carlos@zapform.com.br,-,2025-04-01 01:06:53,01/04/2025 01:06,01/04/2025 01:07,-,0.0 dias,-,-,-,-
1600795,Contrato Ativo,2,carlos@zapform.com.br,-,2025-04-01 01:07:42,01/04/2025 01:07,-,-,-,-,-,-,-
1600793,Aguardando Verificação/Aprovação (NAVA),0,-,-,2025-03-31 20:43:22,31/03/2025 20:43,01/04/2025 01:06,-,0.18 dias,-,-,-,-
1600793,Enviado para o RM (Integração),1,carlos@zapform.com.br,-,2025-04-01 01:06:08,01/04/2025 01:06,01/04/2025 01:06,-,0.0 dias,-,-,-,-
1600793,Contrato Ativo,2,carlos@zapform.com.br,-,2025-04-01 01:06:52,01/04/2025 01:06,-,-,-,-,-,-,-
1600791,Aguardando Verificação/Aprovação (NAVA),0,-,-,2025-03-31 20:43:00,31/03/2025 20:43,01/04/2025 01:05,-,0.18 dias,-,-,-,-
1600791,Enviado para o RM (Integração),1,carlos@zapform.com.br,-,2025-04-01 01:05:25,01/04/2025 01:05,01/04/2025 01:05,-,0.0 dias,-,-,-,-
1600791,Erro de Importação,E,carlos@zapform.com.br,-,2025-04-01 01:05:42,01/04/2025 01:05,01/04/2025 11:57,-,0.45 dias,-,-,-,-
1600791,Aguardando Verificação/Aprovação (NAVA),0,carlos@zapform.com.br,-,2025-04-01 11:57:15,01/04/2025 11:57,01/04/2025 15:51,-,0.16 dias,-,-,-,-
1600791,Enviado para o RM (Integração),1,carlos@zapform.com.br,-,2025-04-01 15:51:57,01/04/2025 15:51,01/04/2025 15:52,-,0.0 dias,-,-,-,-
1600791,Contrato Ativo,2,carlos@zapform.com.br,-,2025-04-01 15:52:34,01/04/2025 15:52,02/04/2025 16:45,-,1.04 dias,-,-,-,-
1600791,Aguardando Verificação/Aprovação (NAVA),0,carlos@zapform.com.br,-,2025-04-02 16:45:52,02/04/2025 16:45,03/04/2025 17:19,-,1.02 dias,-,-,-,-
1600791,Enviado para o RM (Integração),1,carlos@zapform.com.br,-,2025-04-03 17:19:03,03/04/2025 17:19,03/04/2025 17:19,-,0.0 dias,-,-,-,-
1600791,Contrato Ativo,2,carlos@zapform.com.br,-,2025-04-03 17:19:39,03/04/2025 17:19,-,-,-,-,-,-,-
1600789,Aguardando Verificação/Aprovação (NAVA),0,-,-,2025-03-31 20:42:39,31/03/2025 20:42,01/04/2025 01:04,-,0.18 dias,-,-,-,-
1600789,Enviado para o RM (Integração),1,carlos@zapform.com.br,-,2025-04-01 01:04:43,01/04/2025 01:04,01/04/2025 01:05,-,0.0 dias,-,-,-,-
1600789,Contrato Ativo,2,carlos@zapform.com.br,-,2025-04-01 01:05:41,01/04/2025 01:05,-,-,-,-,-,-,-
1600787,Aguardando Verificação/Aprovação (NAVA),0,-,-,2025-03-31 20:42:16,31/03/2025 20:42,01/04/2025 01:04,-,0.18 dias,-,-,-,-
1600787,Enviado para o RM (Integração),1,carlos@zapform.com.br,-,2025-04-01 01:04:00,01/04/2025 01:04,01/04/2025 01:04,-,0.0 dias,-,-,-,-
1600787,Contrato Ativo,2,carlos@zapform.com.br,-,2025-04-01 01:04:34,01/04/2025 01:04,-,-,-,-,-,-,-
1600782,Aguardando Verificação/Aprovação (NAVA),0,-,-,2025-03-31 20:41:54,31/03/2025 20:41,01/04/2025 01:03,-,0.18 dias,-,-,-,-
1600782,Enviado para o RM (Integração),1,carlos@zapform.com.br,-,2025-04-01 01:03:17,01/04/2025 01:03,01/04/2025 01:04,-,0.0 dias,-,-,-,-
1600782,Contrato Ativo,2,carlos@zapform.com.br,-,2025-04-01 01:04:06,01/04/2025 01:04,-,-,-,-,-,-,-
1600780,Aguardando Verificação/Aprovação (NAVA),0,-,-,2025-03-31 20:41:31,31/03/2025 20:41,01/04/2025 01:02,-,0.18 dias,-,-,-,-
1600780,Enviado para o RM (Integração),1,carlos@zapform.com.br,-,2025-04-01 01:02:34,01/04/2025 01:02,01/04/2025 01:03,-,0.0 dias,-,-,-,-
1600780,Contrato Ativo,2,carlos@zapform.com.br,-,2025-04-01 01:03:24,01/04/2025 01:03,-,-,-,-,-,-,-
1600778,Aguardando Verificação/Aprovação (NAVA),0,-,-,2025-03-31 20:41:07,31/03/2025 20:41,01/04/2025 01:01,-,0.18 dias,-,-,-,-
1600778,Enviado para o RM (Integração),1,carlos@zapform.com.br,-,2025-04-01 01:01:52,01/04/2025 01:01,01/04/2025 01:02,-,0.0 dias,-,-,-,-
1600778,Erro de Importação,E,carlos@zapform.com.br,-,2025-04-01 01:02:16,01/04/2025 01:02,01/04/2025 11:57,-,0.45 dias,-,-,-,-
1600778,Aguardando Verificação/Aprovação (NAVA),0,carlos@zapform.com.br,-,2025-04-01 11:57:15,01/04/2025 11:57,01/04/2025 15:51,-,0.16 dias,-,-,-,-
1600778,Enviado para o RM (Integração),1,carlos@zapform.com.br,-,2025-04-01 15:51:04,01/04/2025 15:51,01/04/2025 15:52,-,0.0 dias,-,-,-,-
1600778,Contrato Ativo,2,carlos@zapform.com.br,-,2025-04-01 15:52:00,01/04/2025 15:52,02/04/2025 16:45,-,1.04 dias,-,-,-,-
1600778,Aguardando Verificação/Aprovação (NAVA),0,carlos@zapform.com.br,-,2025-04-02 16:45:52,02/04/2025 16:45,03/04/2025 14:24,-,0.9 dias,-,-,-,-
1600778,Enviado para o RM (Integração),1,carlos@zapform.com.br,-,2025-04-03 14:24:28,03/04/2025 14:24,03/04/2025 14:25,-,0.0 dias,-,-,-,-
1600778,Contrato Ativo,2,carlos@zapform.com.br,-,2025-04-03 14:25:28,03/04/2025 14:25,05/06/2025 17:01,-,63.11 dias,-,-,-,-
1600778,Aguardando Verificação/Aprovação (NAVA),0,integracao-projetoisp,-,2025-06-05 17:01:44,05/06/2025 17:01,05/06/2025 17:01,-,0.0 dias,-,-,-,-
1600778,Cancelado,X,thais.roberta@nava.com.br,-,2025-06-05 17:01:58,05/06/2025 17:01,-,-,-,-,-,-,-
1600776,Aguardando Verificação/Aprovação (NAVA),0,-,-,2025-03-31 20:40:46,31/03/2025 20:40,01/04/2025 01:01,-,0.18 dias,-,-,-,-
1600776,Enviado para o RM (Integração),1,carlos@zapform.com.br,-,2025-04-01 01:01:09,01/04/2025 01:01,01/04/2025 01:01,-,0.0 dias,-,-,-,-
1600776,Contrato Ativo,2,carlos@zapform.com.br,-,2025-04-01 01:01:48,01/04/2025 01:01,15/05/2025 11:48,-,44.45 dias,-,-,-,-
1600776,Aguardando Verificação/Aprovação (NAVA),0,integracao-projetoisp,-,2025-05-15 11:48:54,15/05/2025 11:48,15/05/2025 11:49,-,0.0 dias,-,-,-,-
1600776,Contratos Encerrados,5,thais.roberta@nava.com.br,-,2025-05-15 11:49:26,15/05/2025 11:49,15/05/2025 11:49,-,0.0 dias,-,-,-,-
1600776,Cancelado,X,thais.roberta@nava.com.br,-,2025-05-15 11:49:41,15/05/2025 11:49,-,-,-,-,-,-,-
1600773,Aguardando Verificação/Aprovação (NAVA),0,-,-,2025-03-31 20:40:25,31/03/2025 20:40,01/04/2025 01:00,-,0.18 dias,-,-,-,-
1600773,Enviado para o RM (Integração),1,carlos@zapform.com.br,-,2025-04-01 01:00:26,01/04/2025 01:00,01/04/2025 01:00,-,0.0 dias,-,-,-,-
1600773,Erro de Importação,E,carlos@zapform.com.br,-,2025-04-01 01:00:44,01/04/2025 01:00,01/04/2025 11:57,-,0.46 dias,-,-,-,-
1600773,Aguardando Verificação/Aprovação (NAVA),0,carlos@zapform.com.br,-,2025-04-01 11:57:16,01/04/2025 11:57,01/04/2025 15:50,-,0.16 dias,-,-,-,-
1600773,Enviado para o RM (Integração),1,carlos@zapform.com.br,-,2025-04-01 15:50:18,01/04/2025 15:50,01/04/2025 15:50,-,0.0 dias,-,-,-,-
1600773,Contrato Ativo,2,carlos@zapform.com.br,-,2025-04-01 15:50:53,01/04/2025 15:50,02/04/2025 16:45,-,1.04 dias,-,-,-,-
1600773,Aguardando Verificação/Aprovação (NAVA),0,carlos@zapform.com.br,-,2025-04-02 16:45:52,02/04/2025 16:45,03/04/2025 14:23,-,0.9 dias,-,-,-,-
1600773,Enviado para o RM (Integração),1,carlos@zapform.com.br,-,2025-04-03 14:23:23,03/04/2025 14:23,03/04/2025 14:24,-,0.0 dias,-,-,-,-
1600773,Contrato Ativo,2,carlos@zapform.com.br,-,2025-04-03 14:24:00,03/04/2025 14:24,14/04/2025 15:37,-,11.05 dias,-,-,-,-
1600773,Aguardando Verificação/Aprovação (NAVA),0,carlos@zapform.com.br,-,2025-04-14 15:37:58,14/04/2025 15:37,14/04/2025 15:39,-,0.0 dias,-,-,-,-
1600773,Enviado para o RM (Integração),1,carlos@zapform.com.br,-,2025-04-14 15:39:00,14/04/2025 15:39,14/04/2025 15:39,-,0.0 dias,-,-,-,-
1600773,Contrato Ativo,2,carlos@zapform.com.br,-,2025-04-14 15:39:49,14/04/2025 15:39,-,-,-,-,-,-,-
1600770,Aguardando Verificação/Aprovação (NAVA),0,-,-,2025-03-31 20:40:03,31/03/2025 20:40,01/04/2025 00:59,-,0.18 dias,-,-,-,-
1600770,Enviado para o RM (Integração),1,carlos@zapform.com.br,-,2025-04-01 00:59:43,01/04/2025 00:59,01/04/2025 01:00,-,0.0 dias,-,-,-,-
1600770,Erro de Importação,E,carlos@zapform.com.br,-,2025-04-01 01:00:16,01/04/2025 01:00,01/04/2025 11:57,-,0.46 dias,-,-,-,-
1600770,Aguardando Verificação/Aprovação (NAVA),0,carlos@zapform.com.br,-,2025-04-01 11:57:15,01/04/2025 11:57,01/04/2025 15:49,-,0.16 dias,-,-,-,-
1600770,Enviado para o RM (Integração),1,carlos@zapform.com.br,-,2025-04-01 15:49:33,01/04/2025 15:49,01/04/2025 15:50,-,0.0 dias,-,-,-,-
1600770,Contrato Ativo,2,carlos@zapform.com.br,-,2025-04-01 15:50:34,01/04/2025 15:50,02/04/2025 16:45,-,1.04 dias,-,-,-,-
1600770,Aguardando Verificação/Aprovação (NAVA),0,carlos@zapform.com.br,-,2025-04-02 16:45:52,02/04/2025 16:45,03/04/2025 14:22,-,0.9 dias,-,-,-,-
1600770,Enviado para o RM (Integração),1,carlos@zapform.com.br,-,2025-04-03 14:22:18,03/04/2025 14:22,03/04/2025 14:23,-,0.0 dias,-,-,-,-
1600770,Contrato Ativo,2,carlos@zapform.com.br,-,2025-04-03 14:23:12,03/04/2025 14:23,-,-,-,-,-,-,-
1600768,Aguardando Verificação/Aprovação (NAVA),0,-,-,2025-03-31 20:39:40,31/03/2025 20:39,01/04/2025 00:59,-,0.18 dias,-,-,-,-
1600768,Enviado para o RM (Integração),1,carlos@zapform.com.br,-,2025-04-01 00:59:00,01/04/2025 00:59,01/04/2025 00:59,-,0.0 dias,-,-,-,-
1600768,Erro de Importação,E,carlos@zapform.com.br,-,2025-04-01 00:59:15,01/04/2025 00:59,01/04/2025 11:57,-,0.46 dias,-,-,-,-
1600768,Aguardando Verificação/Aprovação (NAVA),0,carlos@zapform.com.br,-,2025-04-01 11:57:15,01/04/2025 11:57,01/04/2025 15:48,-,0.16 dias,-,-,-,-
1600768,Enviado para o RM (Integração),1,carlos@zapform.com.br,-,2025-04-01 15:48:50,01/04/2025 15:48,01/04/2025 15:49,-,0.0 dias,-,-,-,-
1600768,Contrato Ativo,2,carlos@zapform.com.br,-,2025-04-01 15:49:26,01/04/2025 15:49,02/04/2025 16:45,-,1.04 dias,-,-,-,-
1600768,Aguardando Verificação/Aprovação (NAVA),0,carlos@zapform.com.br,-,2025-04-02 16:45:52,02/04/2025 16:45,03/04/2025 14:21,-,0.9 dias,-,-,-,-
1600768,Enviado para o RM (Integração),1,carlos@zapform.com.br,-,2025-04-03 14:21:14,03/04/2025 14:21,03/04/2025 14:21,-,0.0 dias,-,-,-,-
1600768,Contrato Ativo,2,carlos@zapform.com.br,-,2025-04-03 14:21:47,03/04/2025 14:21,-,-,-,-,-,-,-
1600766,Aguardando Verificação/Aprovação (NAVA),0,-,-,2025-03-31 20:39:17,31/03/2025 20:39,01/04/2025 00:58,-,0.18 dias,-,-,-,-
1600766,Enviado para o RM (Integração),1,carlos@zapform.com.br,-,2025-04-01 00:58:18,01/04/2025 00:58,01/04/2025 00:58,-,0.0 dias,-,-,-,-
1600766,Erro de Importação,E,carlos@zapform.com.br,-,2025-04-01 00:58:33,01/04/2025 00:58,01/04/2025 11:57,-,0.46 dias,-,-,-,-
1600766,Aguardando Verificação/Aprovação (NAVA),0,carlos@zapform.com.br,-,2025-04-01 11:57:15,01/04/2025 11:57,01/04/2025 15:48,-,0.16 dias,-,-,-,-
1600766,Enviado para o RM (Integração),1,carlos@zapform.com.br,-,2025-04-01 15:48:06,01/04/2025 15:48,01/04/2025 15:48,-,0.0 dias,-,-,-,-
1600766,Contrato Ativo,2,carlos@zapform.com.br,-,2025-04-01 15:48:43,01/04/2025 15:48,02/04/2025 16:45,-,1.04 dias,-,-,-,-
1600766,Aguardando Verificação/Aprovação (NAVA),0,carlos@zapform.com.br,-,2025-04-02 16:45:52,02/04/2025 16:45,03/04/2025 14:20,-,0.9 dias,-,-,-,-
1600766,Enviado para o RM (Integração),1,carlos@zapform.com.br,-,2025-04-03 14:20:10,03/04/2025 14:20,03/04/2025 14:20,-,0.0 dias,-,-,-,-
1600766,Contrato Ativo,2,carlos@zapform.com.br,-,2025-04-03 14:20:44,03/04/2025 14:20,-,-,-,-,-,-,-
1600763,Aguardando Verificação/Aprovação (NAVA),0,-,-,2025-03-31 20:38:55,31/03/2025 20:38,01/04/2025 00:57,-,0.18 dias,-,-,-,-
1600763,Enviado para o RM (Integração),1,carlos@zapform.com.br,-,2025-04-01 00:57:35,01/04/2025 00:57,01/04/2025 00:58,-,0.0 dias,-,-,-,-
1600763,Contrato Ativo,2,carlos@zapform.com.br,-,2025-04-01 00:58:27,01/04/2025 00:58,-,-,-,-,-,-,-
1600761,Aguardando Verificação/Aprovação (NAVA),0,-,-,2025-03-31 20:38:34,31/03/2025 20:38,01/04/2025 00:56,-,0.18 dias,-,-,-,-
1600761,Enviado para o RM (Integração),1,carlos@zapform.com.br,-,2025-04-01 00:56:53,01/04/2025 00:56,01/04/2025 00:57,-,0.0 dias,-,-,-,-
1600761,Erro de Importação,E,carlos@zapform.com.br,-,2025-04-01 00:57:14,01/04/2025 00:57,01/04/2025 11:57,-,0.46 dias,-,-,-,-
1600761,Aguardando Verificação/Aprovação (NAVA),0,carlos@zapform.com.br,-,2025-04-01 11:57:15,01/04/2025 11:57,01/04/2025 15:47,-,0.16 dias,-,-,-,-
1600761,Enviado para o RM (Integração),1,carlos@zapform.com.br,-,2025-04-01 15:47:21,01/04/2025 15:47,01/04/2025 15:48,-,0.0 dias,-,-,-,-
1600761,Contrato Ativo,2,carlos@zapform.com.br,-,2025-04-01 15:48:12,01/04/2025 15:48,02/04/2025 16:45,-,1.04 dias,-,-,-,-
1600761,Aguardando Verificação/Aprovação (NAVA),0,carlos@zapform.com.br,-,2025-04-02 16:45:52,02/04/2025 16:45,03/04/2025 14:19,-,0.9 dias,-,-,-,-
1600761,Enviado para o RM (Integração),1,carlos@zapform.com.br,-,2025-04-03 14:19:06,03/04/2025 14:19,03/04/2025 14:20,-,0.0 dias,-,-,-,-
1600761,Contrato Ativo,2,carlos@zapform.com.br,-,2025-04-03 14:20:00,03/04/2025 14:20,29/04/2025 09:10,-,25.79 dias,-,-,-,-
1600761,Aguardando Verificação/Aprovação (NAVA),0,integracao-projetoisp,-,2025-04-29 09:10:34,29/04/2025 09:10,29/04/2025 09:10,-,0.0 dias,-,-,-,-
1600761,Cancelado,X,gabriels.santos@nava.com.br,-,2025-04-29 09:10:48,29/04/2025 09:10,29/04/2025 09:12,-,0.0 dias,-,-,-,-
1600761,Contratos Encerrados,5,gabriels.santos@nava.com.br,-,2025-04-29 09:12:16,29/04/2025 09:12,-,-,-,-,-,-,-
1600759,Aguardando Verificação/Aprovação (NAVA),0,-,-,2025-03-31 20:38:13,31/03/2025 20:38,01/04/2025 00:56,-,0.18 dias,-,-,-,-
1600759,Enviado para o RM (Integração),1,carlos@zapform.com.br,-,2025-04-01 00:56:09,01/04/2025 00:56,01/04/2025 00:56,-,0.0 dias,-,-,-,-
1600759,Erro de Importação,E,carlos@zapform.com.br,-,2025-04-01 00:56:27,01/04/2025 00:56,01/04/2025 11:57,-,0.46 dias,-,-,-,-
1600759,Aguardando Verificação/Aprovação (NAVA),0,carlos@zapform.com.br,-,2025-04-01 11:57:15,01/04/2025 11:57,01/04/2025 15:46,-,0.16 dias,-,-,-,-
1600759,Enviado para o RM (Integração),1,carlos@zapform.com.br,-,2025-04-01 15:46:36,01/04/2025 15:46,01/04/2025 15:47,-,0.0 dias,-,-,-,-
1600759,Contrato Ativo,2,carlos@zapform.com.br,-,2025-04-01 15:47:20,01/04/2025 15:47,02/04/2025 16:45,-,1.04 dias,-,-,-,-
1600759,Aguardando Verificação/Aprovação (NAVA),0,carlos@zapform.com.br,-,2025-04-02 16:45:52,02/04/2025 16:45,03/04/2025 14:18,-,0.9 dias,-,-,-,-
1600759,Enviado para o RM (Integração),1,carlos@zapform.com.br,-,2025-04-03 14:18:01,03/04/2025 14:18,03/04/2025 14:18,-,0.0 dias,-,-,-,-
1600759,Contrato Ativo,2,carlos@zapform.com.br,-,2025-04-03 14:18:48,03/04/2025 14:18,-,-,-,-,-,-,-
1600757,Aguardando Verificação/Aprovação (NAVA),0,-,-,2025-03-31 20:37:51,31/03/2025 20:37,01/04/2025 00:55,-,0.18 dias,-,-,-,-
1600757,Enviado para o RM (Integração),1,carlos@zapform.com.br,-,2025-04-01 00:55:27,01/04/2025 00:55,01/04/2025 00:55,-,0.0 dias,-,-,-,-
1600757,Contrato Ativo,2,carlos@zapform.com.br,-,2025-04-01 00:55:59,01/04/2025 00:55,-,-,-,-,-,-,-
1600755,Aguardando Verificação/Aprovação (NAVA),0,-,-,2025-03-31 20:37:29,31/03/2025 20:37,01/04/2025 00:54,-,0.18 dias,-,-,-,-
1600755,Enviado para o RM (Integração),1,carlos@zapform.com.br,-,2025-04-01 00:54:44,01/04/2025 00:54,01/04/2025 00:55,-,0.0 dias,-,-,-,-
1600755,Erro de Importação,E,carlos@zapform.com.br,-,2025-04-01 00:55:09,01/04/2025 00:55,01/04/2025 11:57,-,0.46 dias,-,-,-,-
1600755,Aguardando Verificação/Aprovação (NAVA),0,carlos@zapform.com.br,-,2025-04-01 11:57:15,01/04/2025 11:57,01/04/2025 15:45,-,0.16 dias,-,-,-,-
1600755,Enviado para o RM (Integração),1,carlos@zapform.com.br,-,2025-04-01 15:45:48,01/04/2025 15:45,01/04/2025 15:46,-,0.0 dias,-,-,-,-
1600755,Contrato Ativo,2,carlos@zapform.com.br,-,2025-04-01 15:46:38,01/04/2025 15:46,02/04/2025 16:45,-,1.04 dias,-,-,-,-
1600755,Aguardando Verificação/Aprovação (NAVA),0,carlos@zapform.com.br,-,2025-04-02 16:45:52,02/04/2025 16:45,03/04/2025 14:16,-,0.9 dias,-,-,-,-
1600755,Enviado para o RM (Integração),1,carlos@zapform.com.br,-,2025-04-03 14:16:57,03/04/2025 14:16,03/04/2025 14:17,-,0.0 dias,-,-,-,-
1600755,Contrato Ativo,2,carlos@zapform.com.br,-,2025-04-03 14:17:48,03/04/2025 14:17,-,-,-,-,-,-,-
1600753,Aguardando Verificação/Aprovação (NAVA),0,-,-,2025-03-31 20:37:06,31/03/2025 20:37,01/04/2025 00:54,-,0.18 dias,-,-,-,-
1600753,Enviado para o RM (Integração),1,carlos@zapform.com.br,-,2025-04-01 00:54:01,01/04/2025 00:54,01/04/2025 00:54,-,0.0 dias,-,-,-,-
1600753,Erro de Importação,E,carlos@zapform.com.br,-,2025-04-01 00:54:16,01/04/2025 00:54,01/04/2025 11:57,-,0.46 dias,-,-,-,-
1600753,Aguardando Verificação/Aprovação (NAVA),0,carlos@zapform.com.br,-,2025-04-01 11:57:15,01/04/2025 11:57,01/04/2025 15:45,-,0.16 dias,-,-,-,-
1600753,Enviado para o RM (Integração),1,carlos@zapform.com.br,-,2025-04-01 15:45:04,01/04/2025 15:45,01/04/2025 15:45,-,0.0 dias,-,-,-,-
1600753,Contrato Ativo,2,carlos@zapform.com.br,-,2025-04-01 15:45:39,01/04/2025 15:45,02/04/2025 16:45,-,1.04 dias,-,-,-,-
1600753,Aguardando Verificação/Aprovação (NAVA),0,carlos@zapform.com.br,-,2025-04-02 16:45:52,02/04/2025 16:45,03/04/2025 14:15,-,0.9 dias,-,-,-,-
1600753,Enviado para o RM (Integração),1,carlos@zapform.com.br,-,2025-04-03 14:15:52,03/04/2025 14:15,03/04/2025 14:16,-,0.0 dias,-,-,-,-
1600753,Contrato Ativo,2,carlos@zapform.com.br,-,2025-04-03 14:16:25,03/04/2025 14:16,-,-,-,-,-,-,-
1600751,Aguardando Verificação/Aprovação (NAVA),0,-,-,2025-03-31 20:36:44,31/03/2025 20:36,01/04/2025 00:53,-,0.18 dias,-,-,-,-
1600751,Enviado para o RM (Integração),1,carlos@zapform.com.br,-,2025-04-01 00:53:18,01/04/2025 00:53,01/04/2025 00:53,-,0.0 dias,-,-,-,-
1600751,Erro de Importação,E,carlos@zapform.com.br,-,2025-04-01 00:53:37,01/04/2025 00:53,01/04/2025 11:57,-,0.46 dias,-,-,-,-
1600751,Aguardando Verificação/Aprovação (NAVA),0,carlos@zapform.com.br,-,2025-04-01 11:57:15,01/04/2025 11:57,01/04/2025 15:44,-,0.16 dias,-,-,-,-
1600751,Enviado para o RM (Integração),1,carlos@zapform.com.br,-,2025-04-01 15:44:20,01/04/2025 15:44,01/04/2025 15:44,-,0.0 dias,-,-,-,-
1600751,Contrato Ativo,2,carlos@zapform.com.br,-,2025-04-01 15:44:52,01/04/2025 15:44,02/04/2025 16:45,-,1.04 dias,-,-,-,-
1600751,Aguardando Verificação/Aprovação (NAVA),0,carlos@zapform.com.br,-,2025-04-02 16:45:52,02/04/2025 16:45,03/04/2025 14:14,-,0.9 dias,-,-,-,-
1600751,Enviado para o RM (Integração),1,carlos@zapform.com.br,-,2025-04-03 14:14:49,03/04/2025 14:14,03/04/2025 14:15,-,0.0 dias,-,-,-,-
1600751,Contrato Ativo,2,carlos@zapform.com.br,-,2025-04-03 14:15:24,03/04/2025 14:15,21/07/2025 15:49,-,109.07 dias,-,-,-,-
1600751,Aguardando Verificação/Aprovação (NAVA),0,integracao-projetoisp,-,2025-07-21 15:49:11,21/07/2025 15:49,22/07/2025 09:44,-,0.75 dias,-,-,-,-
1600751,Contratos Encerrados,5,celiene.pinho@nava.com.br,-,2025-07-22 09:44:05,22/07/2025 09:44,-,-,-,-,-,-,-
1600749,Aguardando Verificação/Aprovação (NAVA),0,-,-,2025-03-31 20:36:21,31/03/2025 20:36,01/04/2025 00:52,-,0.18 dias,-,-,-,-
1600749,Enviado para o RM (Integração),1,carlos@zapform.com.br,-,2025-04-01 00:52:35,01/04/2025 00:52,01/04/2025 00:53,-,0.0 dias,-,-,-,-
1600749,Contrato Ativo,2,carlos@zapform.com.br,-,2025-04-01 00:53:25,01/04/2025 00:53,-,-,-,-,-,-,-
1600747,Aguardando Verificação/Aprovação (NAVA),0,-,-,2025-03-31 20:35:59,31/03/2025 20:35,01/04/2025 00:51,-,0.18 dias,-,-,-,-
1600747,Enviado para o RM (Integração),1,carlos@zapform.com.br,-,2025-04-01 00:51:52,01/04/2025 00:51,01/04/2025 00:52,-,0.0 dias,-,-,-,-
1600747,Contrato Ativo,2,carlos@zapform.com.br,-,2025-04-01 00:52:29,01/04/2025 00:52,08/09/2025 10:33,-,160.4 dias,-,-,-,-
1600747,Aguardando Verificação/Aprovação (NAVA),0,integracao-projetoisp,-,2025-09-08 10:33:34,08/09/2025 10:33,08/09/2025 10:33,-,0.0 dias,-,-,-,-
1600747,Contratos Encerrados,5,gabriels.santos@nava.com.br,-,2025-09-08 10:33:47,08/09/2025 10:33,-,-,-,-,-,-,-
1600745,Aguardando Verificação/Aprovação (NAVA),0,-,-,2025-03-31 20:35:38,31/03/2025 20:35,01/04/2025 00:51,-,0.18 dias,-,-,-,-
1600745,Enviado para o RM (Integração),1,carlos@zapform.com.br,-,2025-04-01 00:51:09,01/04/2025 00:51,01/04/2025 00:51,-,0.0 dias,-,-,-,-
1600745,Erro de Importação,E,carlos@zapform.com.br,-,2025-04-01 00:51:27,01/04/2025 00:51,01/04/2025 11:57,-,0.46 dias,-,-,-,-
1600745,Aguardando Verificação/Aprovação (NAVA),0,carlos@zapform.com.br,-,2025-04-01 11:57:15,01/04/2025 11:57,01/04/2025 15:43,-,0.16 dias,-,-,-,-
1600745,Enviado para o RM (Integração),1,carlos@zapform.com.br,-,2025-04-01 15:43:30,01/04/2025 15:43,01/04/2025 15:44,-,0.0 dias,-,-,-,-
1600745,Contrato Ativo,2,carlos@zapform.com.br,-,2025-04-01 15:44:03,01/04/2025 15:44,02/04/2025 16:45,-,1.04 dias,-,-,-,-
1600745,Aguardando Verificação/Aprovação (NAVA),0,carlos@zapform.com.br,-,2025-04-02 16:45:52,02/04/2025 16:45,03/04/2025 14:13,-,0.89 dias,-,-,-,-
1600745,Enviado para o RM (Integração),1,carlos@zapform.com.br,-,2025-04-03 14:13:44,03/04/2025 14:13,03/04/2025 14:14,-,0.0 dias,-,-,-,-
1600745,Contrato Ativo,2,carlos@zapform.com.br,-,2025-04-03 14:14:17,03/04/2025 14:14,-,-,-,-,-,-,-
1600743,Aguardando Verificação/Aprovação (NAVA),0,-,-,2025-03-31 20:35:15,31/03/2025 20:35,01/04/2025 00:50,-,0.18 dias,-,-,-,-
1600743,Enviado para o RM (Integração),1,carlos@zapform.com.br,-,2025-04-01 00:50:27,01/04/2025 00:50,01/04/2025 00:50,-,0.0 dias,-,-,-,-
1600743,Erro de Importação,E,carlos@zapform.com.br,-,2025-04-01 00:50:43,01/04/2025 00:50,01/04/2025 11:57,-,0.46 dias,-,-,-,-
1600743,Aguardando Verificação/Aprovação (NAVA),0,carlos@zapform.com.br,-,2025-04-01 11:57:15,01/04/2025 11:57,01/04/2025 15:42,-,0.16 dias,-,-,-,-
1600743,Enviado para o RM (Integração),1,carlos@zapform.com.br,-,2025-04-01 15:42:46,01/04/2025 15:42,01/04/2025 15:43,-,0.0 dias,-,-,-,-
1600743,Contrato Ativo,2,carlos@zapform.com.br,-,2025-04-01 15:43:24,01/04/2025 15:43,02/04/2025 16:45,-,1.04 dias,-,-,-,-
1600743,Aguardando Verificação/Aprovação (NAVA),0,carlos@zapform.com.br,-,2025-04-02 16:45:52,02/04/2025 16:45,03/04/2025 14:12,-,0.89 dias,-,-,-,-
1600743,Enviado para o RM (Integração),1,carlos@zapform.com.br,-,2025-04-03 14:12:39,03/04/2025 14:12,03/04/2025 14:13,-,0.0 dias,-,-,-,-
1600743,Contrato Ativo,2,carlos@zapform.com.br,-,2025-04-03 14:13:15,03/04/2025 14:13,14/04/2025 13:51,-,10.98 dias,-,-,-,-
1600743,Aguardando Verificação/Aprovação (NAVA),0,carlos@zapform.com.br,-,2025-04-14 13:51:16,14/04/2025 13:51,14/04/2025 14:13,-,0.02 dias,-,-,-,-
1600743,Enviado para o RM (Integração),1,carlos@zapform.com.br,-,2025-04-14 14:13:07,14/04/2025 14:13,14/04/2025 14:13,-,0.0 dias,-,-,-,-
1600743,Contrato Ativo,2,carlos@zapform.com.br,-,2025-04-14 14:13:46,14/04/2025 14:13,-,-,-,-,-,-,-
1600741,Aguardando Verificação/Aprovação (NAVA),0,-,-,2025-03-31 20:34:52,31/03/2025 20:34,01/04/2025 00:49,-,0.18 dias,-,-,-,-
1600741,Enviado para o RM (Integração),1,carlos@zapform.com.br,-,2025-04-01 00:49:44,01/04/2025 00:49,01/04/2025 00:50,-,0.0 dias,-,-,-,-
1600741,Erro de Importação,E,carlos@zapform.com.br,-,2025-04-01 00:50:15,01/04/2025 00:50,01/04/2025 11:57,-,0.46 dias,-,-,-,-
1600741,Aguardando Verificação/Aprovação (NAVA),0,carlos@zapform.com.br,-,2025-04-01 11:57:15,01/04/2025 11:57,01/04/2025 15:42,-,0.16 dias,-,-,-,-
1600741,Enviado para o RM (Integração),1,carlos@zapform.com.br,-,2025-04-01 15:42:01,01/04/2025 15:42,01/04/2025 15:43,-,0.0 dias,-,-,-,-
1600741,Contrato Ativo,2,carlos@zapform.com.br,-,2025-04-01 15:43:04,01/04/2025 15:43,02/04/2025 16:45,-,1.04 dias,-,-,-,-
1600741,Aguardando Verificação/Aprovação (NAVA),0,carlos@zapform.com.br,-,2025-04-02 16:45:52,02/04/2025 16:45,03/04/2025 14:11,-,0.89 dias,-,-,-,-
1600741,Enviado para o RM (Integração),1,carlos@zapform.com.br,-,2025-04-03 14:11:34,03/04/2025 14:11,03/04/2025 14:12,-,0.0 dias,-,-,-,-
1600741,Contrato Ativo,2,carlos@zapform.com.br,-,2025-04-03 14:12:32,03/04/2025 14:12,-,-,-,-,-,-,-
1600739,Aguardando Verificação/Aprovação (NAVA),0,-,-,2025-03-31 20:34:30,31/03/2025 20:34,01/04/2025 00:49,-,0.18 dias,-,-,-,-
1600739,Enviado para o RM (Integração),1,carlos@zapform.com.br,-,2025-04-01 00:49:01,01/04/2025 00:49,01/04/2025 00:49,-,0.0 dias,-,-,-,-
1600739,Erro de Importação,E,carlos@zapform.com.br,-,2025-04-01 00:49:21,01/04/2025 00:49,01/04/2025 11:57,-,0.46 dias,-,-,-,-
1600739,Aguardando Verificação/Aprovação (NAVA),0,carlos@zapform.com.br,-,2025-04-01 11:57:15,01/04/2025 11:57,01/04/2025 15:41,-,0.16 dias,-,-,-,-
1600739,Enviado para o RM (Integração),1,carlos@zapform.com.br,-,2025-04-01 15:41:17,01/04/2025 15:41,01/04/2025 15:42,-,0.0 dias,-,-,-,-
1600739,Contrato Ativo,2,carlos@zapform.com.br,-,2025-04-01 15:42:08,01/04/2025 15:42,02/04/2025 16:45,-,1.04 dias,-,-,-,-
1600739,Aguardando Verificação/Aprovação (NAVA),0,carlos@zapform.com.br,-,2025-04-02 16:45:52,02/04/2025 16:45,03/04/2025 14:10,-,0.89 dias,-,-,-,-
1600739,Enviado para o RM (Integração),1,carlos@zapform.com.br,-,2025-04-03 14:10:30,03/04/2025 14:10,03/04/2025 14:11,-,0.0 dias,-,-,-,-
1600739,Contrato Ativo,2,carlos@zapform.com.br,-,2025-04-03 14:11:14,03/04/2025 14:11,-,-,-,-,-,-,-
1600737,Aguardando Verificação/Aprovação (NAVA),0,-,-,2025-03-31 20:34:08,31/03/2025 20:34,01/04/2025 00:48,-,0.18 dias,-,-,-,-
1600737,Enviado para o RM (Integração),1,carlos@zapform.com.br,-,2025-04-01 00:48:18,01/04/2025 00:48,01/04/2025 00:48,-,0.0 dias,-,-,-,-
1600737,Erro de Importação,E,carlos@zapform.com.br,-,2025-04-01 00:48:40,01/04/2025 00:48,01/04/2025 11:57,-,0.46 dias,-,-,-,-
1600737,Aguardando Verificação/Aprovação (NAVA),0,carlos@zapform.com.br,-,2025-04-01 11:57:15,01/04/2025 11:57,01/04/2025 15:40,-,0.16 dias,-,-,-,-
1600737,Enviado para o RM (Integração),1,carlos@zapform.com.br,-,2025-04-01 15:40:33,01/04/2025 15:40,01/04/2025 15:41,-,0.0 dias,-,-,-,-
1600737,Contrato Ativo,2,carlos@zapform.com.br,-,2025-04-01 15:41:32,01/04/2025 15:41,02/04/2025 16:45,-,1.04 dias,-,-,-,-
1600737,Aguardando Verificação/Aprovação (NAVA),0,carlos@zapform.com.br,-,2025-04-02 16:45:52,02/04/2025 16:45,03/04/2025 14:09,-,0.89 dias,-,-,-,-
1600737,Enviado para o RM (Integração),1,carlos@zapform.com.br,-,2025-04-03 14:09:26,03/04/2025 14:09,03/04/2025 14:10,-,0.0 dias,-,-,-,-
1600737,Contrato Ativo,2,carlos@zapform.com.br,-,2025-04-03 14:10:24,03/04/2025 14:10,10/09/2025 15:47,-,160.07 dias,-,-,-,-
1600737,Aguardando Verificação/Aprovação (NAVA),0,integracao-projetoisp,-,2025-09-10 15:47:51,10/09/2025 15:47,10/09/2025 15:50,-,0.0 dias,-,-,-,-
1600737,Contratos Encerrados,5,celiene.pinho@nava.com.br,-,2025-09-10 15:50:31,10/09/2025 15:50,-,-,-,-,-,-,-
1600734,Aguardando Verificação/Aprovação (NAVA),0,-,-,2025-03-31 20:33:45,31/03/2025 20:33,01/04/2025 00:47,-,0.18 dias,-,-,-,-
1600734,Enviado para o RM (Integração),1,carlos@zapform.com.br,-,2025-04-01 00:47:36,01/04/2025 00:47,01/04/2025 00:48,-,0.0 dias,-,-,-,-
1600734,Erro de Importação,E,carlos@zapform.com.br,-,2025-04-01 00:48:00,01/04/2025 00:48,01/04/2025 11:57,-,0.46 dias,-,-,-,-
1600734,Aguardando Verificação/Aprovação (NAVA),0,carlos@zapform.com.br,-,2025-04-01 11:57:15,01/04/2025 11:57,01/04/2025 15:39,-,0.15 dias,-,-,-,-
1600734,Enviado para o RM (Integração),1,carlos@zapform.com.br,-,2025-04-01 15:39:49,01/04/2025 15:39,01/04/2025 15:40,-,0.0 dias,-,-,-,-
1600734,Contrato Ativo,2,carlos@zapform.com.br,-,2025-04-01 15:40:47,01/04/2025 15:40,02/04/2025 16:45,-,1.05 dias,-,-,-,-
1600734,Aguardando Verificação/Aprovação (NAVA),0,carlos@zapform.com.br,-,2025-04-02 16:45:37,02/04/2025 16:45,03/04/2025 14:05,-,0.89 dias,-,-,-,-
1600734,Enviado para o RM (Integração),1,carlos@zapform.com.br,-,2025-04-03 14:05:39,03/04/2025 14:05,03/04/2025 14:06,-,0.0 dias,-,-,-,-
1600734,Contrato Ativo,2,carlos@zapform.com.br,-,2025-04-03 14:06:32,03/04/2025 14:06,-,-,-,-,-,-,-
1600731,Aguardando Verificação/Aprovação (NAVA),0,-,-,2025-03-31 20:33:24,31/03/2025 20:33,01/04/2025 00:46,-,0.18 dias,-,-,-,-
1600731,Enviado para o RM (Integração),1,carlos@zapform.com.br,-,2025-04-01 00:46:53,01/04/2025 00:46,01/04/2025 00:47,-,0.0 dias,-,-,-,-
1600731,Contrato Ativo,2,carlos@zapform.com.br,-,2025-04-01 00:47:44,01/04/2025 00:47,-,-,-,-,-,-,-
1600729,Aguardando Verificação/Aprovação (NAVA),0,-,-,2025-03-31 20:33:02,31/03/2025 20:33,01/04/2025 00:46,-,0.18 dias,-,-,-,-
1600729,Enviado para o RM (Integração),1,carlos@zapform.com.br,-,2025-04-01 00:46:10,01/04/2025 00:46,01/04/2025 00:46,-,0.0 dias,-,-,-,-
1600729,Contrato Ativo,2,carlos@zapform.com.br,-,2025-04-01 00:46:45,01/04/2025 00:46,20/08/2025 14:59,-,141.59 dias,-,-,-,-
1600729,Aguardando Verificação/Aprovação (NAVA),0,integracao-projetoisp,-,2025-08-20 14:59:28,20/08/2025 14:59,20/08/2025 14:59,-,0.0 dias,-,-,-,-
1600729,Contratos Encerrados,5,gabriels.santos@nava.com.br,-,2025-08-20 14:59:38,20/08/2025 14:59,-,-,-,-,-,-,-
1600727,Aguardando Verificação/Aprovação (NAVA),0,-,-,2025-03-31 20:32:40,31/03/2025 20:32,01/04/2025 00:45,-,0.18 dias,-,-,-,-
1600727,Enviado para o RM (Integração),1,carlos@zapform.com.br,-,2025-04-01 00:45:27,01/04/2025 00:45,01/04/2025 00:46,-,0.0 dias,-,-,-,-
1600727,Contrato Ativo,2,carlos@zapform.com.br,-,2025-04-01 00:46:00,01/04/2025 00:46,-,-,-,-,-,-,-
1600725,Aguardando Verificação/Aprovação (NAVA),0,-,-,2025-03-31 20:32:19,31/03/2025 20:32,01/04/2025 00:44,-,0.18 dias,-,-,-,-
1600725,Enviado para o RM (Integração),1,carlos@zapform.com.br,-,2025-04-01 00:44:44,01/04/2025 00:44,01/04/2025 00:45,-,0.0 dias,-,-,-,-
1600725,Contrato Ativo,2,carlos@zapform.com.br,-,2025-04-01 00:45:21,01/04/2025 00:45,-,-,-,-,-,-,-
1600723,Aguardando Verificação/Aprovação (NAVA),0,-,-,2025-03-31 20:31:54,31/03/2025 20:31,01/04/2025 00:44,-,0.18 dias,-,-,-,-
1600723,Enviado para o RM (Integração),1,carlos@zapform.com.br,-,2025-04-01 00:44:01,01/04/2025 00:44,01/04/2025 00:44,-,0.0 dias,-,-,-,-
1600723,Contrato Ativo,2,carlos@zapform.com.br,-,2025-04-01 00:44:37,01/04/2025 00:44,-,-,-,-,-,-,-
1600721,Aguardando Verificação/Aprovação (NAVA),0,-,-,2025-03-31 20:31:32,31/03/2025 20:31,01/04/2025 00:43,-,0.17 dias,-,-,-,-
1600721,Enviado para o RM (Integração),1,carlos@zapform.com.br,-,2025-04-01 00:43:18,01/04/2025 00:43,01/04/2025 00:43,-,0.0 dias,-,-,-,-
1600721,Contrato Ativo,2,carlos@zapform.com.br,-,2025-04-01 00:43:51,01/04/2025 00:43,-,-,-,-,-,-,-
1600717,Aguardando Verificação/Aprovação (NAVA),0,-,-,2025-03-31 20:31:04,31/03/2025 20:31,01/04/2025 00:39,-,0.17 dias,-,-,-,-
1600717,Enviado para o RM (Integração),1,carlos@zapform.com.br,-,2025-04-01 00:39:47,01/04/2025 00:39,01/04/2025 00:40,-,0.0 dias,-,-,-,-
1600717,Contrato Ativo,2,carlos@zapform.com.br,-,2025-04-01 00:40:24,01/04/2025 00:40,-,-,-,-,-,-,-
1600712,Aguardando Verificação/Aprovação (NAVA),0,-,-,2025-03-31 20:16:03,31/03/2025 20:16,02/04/2025 13:52,-,1.73 dias,-,-,-,-
1600712,Enviado para o RM (Integração),1,carlos@zapform.com.br,-,2025-04-02 13:52:39,02/04/2025 13:52,02/04/2025 13:53,-,0.0 dias,-,-,-,-
1600712,Contrato Ativo,2,carlos@zapform.com.br,-,2025-04-02 13:53:11,02/04/2025 13:53,10/05/2025 20:19,-,38.27 dias,-,-,-,-
1600712,Aguardando Verificação/Aprovação (NAVA),0,integracao-projetoisp,-,2025-05-10 20:19:02,10/05/2025 20:19,10/05/2025 20:19,-,0.0 dias,-,-,-,-
1600712,Enviado para o RM (Integração),1,integracao-projetoisp,-,2025-05-10 20:19:26,10/05/2025 20:19,10/05/2025 20:19,-,0.0 dias,-,-,-,-
1600712,Contrato Ativo,2,integracao-projetoisp,-,2025-05-10 20:19:50,10/05/2025 20:19,-,-,-,-,-,-,-
1600710,Aguardando Verificação/Aprovação (NAVA),0,-,-,2025-03-31 20:15:41,31/03/2025 20:15,02/04/2025 13:53,-,1.73 dias,-,-,-,-
1600710,Enviado para o RM (Integração),1,carlos@zapform.com.br,-,2025-04-02 13:53:23,02/04/2025 13:53,02/04/2025 13:53,-,0.0 dias,-,-,-,-
1600710,Contrato Ativo,2,carlos@zapform.com.br,-,2025-04-02 13:53:55,02/04/2025 13:53,23/05/2025 16:14,-,51.1 dias,-,-,-,-
1600710,Aguardando Verificação/Aprovação (NAVA),0,integracao-projetoisp,-,2025-05-23 16:14:49,23/05/2025 16:14,23/05/2025 16:15,-,0.0 dias,-,-,-,-
1600710,Cancelado,X,thais.roberta@nava.com.br,-,2025-05-23 16:15:08,23/05/2025 16:15,-,-,-,-,-,-,-
1600709,Aguardando Verificação/Aprovação (NAVA),0,-,-,2025-03-31 20:15:17,31/03/2025 20:15,02/04/2025 13:54,-,1.74 dias,-,-,-,-
1600709,Enviado para o RM (Integração),1,carlos@zapform.com.br,-,2025-04-02 13:54:08,02/04/2025 13:54,02/04/2025 13:54,-,0.0 dias,-,-,-,-
1600709,Contrato Ativo,2,carlos@zapform.com.br,-,2025-04-02 13:54:41,02/04/2025 13:54,03/04/2025 13:52,-,1.0 dias,-,-,-,-
1600709,Aguardando Verificação/Aprovação (NAVA),0,carlos@zapform.com.br,-,2025-04-03 13:52:47,03/04/2025 13:52,03/04/2025 16:59,-,0.13 dias,-,-,-,-
1600709,Enviado para o RM (Integração),1,carlos@zapform.com.br,-,2025-04-03 16:59:18,03/04/2025 16:59,03/04/2025 16:59,-,0.0 dias,-,-,-,-
1600709,Contrato Ativo,2,carlos@zapform.com.br,-,2025-04-03 16:59:49,03/04/2025 16:59,-,-,-,-,-,-,-
1600707,Aguardando Verificação/Aprovação (NAVA),0,-,-,2025-03-31 20:14:54,31/03/2025 20:14,02/04/2025 13:54,-,1.74 dias,-,-,-,-
1600707,Enviado para o RM (Integração),1,carlos@zapform.com.br,-,2025-04-02 13:54:51,02/04/2025 13:54,02/04/2025 13:55,-,0.0 dias,-,-,-,-
1600707,Contrato Ativo,2,carlos@zapform.com.br,-,2025-04-02 13:55:23,02/04/2025 13:55,03/04/2025 13:52,-,1.0 dias,-,-,-,-
1600707,Aguardando Verificação/Aprovação (NAVA),0,carlos@zapform.com.br,-,2025-04-03 13:52:47,03/04/2025 13:52,03/04/2025 16:59,-,0.13 dias,-,-,-,-
1600707,Enviado para o RM (Integração),1,carlos@zapform.com.br,-,2025-04-03 16:59:58,03/04/2025 16:59,03/04/2025 17:00,-,0.0 dias,-,-,-,-
1600707,Contrato Ativo,2,carlos@zapform.com.br,-,2025-04-03 17:00:48,03/04/2025 17:00,-,-,-,-,-,-,-
1600705,Aguardando Verificação/Aprovação (NAVA),0,-,-,2025-03-31 20:14:33,31/03/2025 20:14,02/04/2025 13:55,-,1.74 dias,-,-,-,-
1600705,Enviado para o RM (Integração),1,carlos@zapform.com.br,-,2025-04-02 13:55:36,02/04/2025 13:55,02/04/2025 13:56,-,0.0 dias,-,-,-,-
1600705,Contrato Ativo,2,carlos@zapform.com.br,-,2025-04-02 13:56:09,02/04/2025 13:56,03/04/2025 13:52,-,1.0 dias,-,-,-,-
1600705,Aguardando Verificação/Aprovação (NAVA),0,carlos@zapform.com.br,-,2025-04-03 13:52:47,03/04/2025 13:52,03/04/2025 16:58,-,0.13 dias,-,-,-,-
1600705,Enviado para o RM (Integração),1,carlos@zapform.com.br,-,2025-04-03 16:58:39,03/04/2025 16:58,03/04/2025 16:59,-,0.0 dias,-,-,-,-
1600705,Contrato Ativo,2,carlos@zapform.com.br,-,2025-04-03 16:59:11,03/04/2025 16:59,31/07/2025 10:36,-,118.73 dias,-,-,-,-
1600705,Aguardando Verificação/Aprovação (NAVA),0,integracao-projetoisp,-,2025-07-31 10:36:00,31/07/2025 10:36,31/07/2025 10:37,-,0.0 dias,-,-,-,-
1600705,Enviado para o RM (Integração),1,integracao-projetoisp,-,2025-07-31 10:37:02,31/07/2025 10:37,31/07/2025 10:37,-,0.0 dias,-,-,-,-
1600705,Contrato Ativo,2,integracao-projetoisp,-,2025-07-31 10:37:43,31/07/2025 10:37,31/07/2025 10:58,-,0.01 dias,-,-,-,-
1600705,Aguardando Verificação/Aprovação (NAVA),0,integracao-projetoisp,-,2025-07-31 10:58:59,31/07/2025 10:58,31/07/2025 11:02,-,0.0 dias,-,-,-,-
1600705,Enviado para o RM (Integração),1,integracao-projetoisp,-,2025-07-31 11:02:04,31/07/2025 11:02,31/07/2025 11:02,-,0.0 dias,-,-,-,-
1600705,Contrato Ativo,2,integracao-projetoisp,-,2025-07-31 11:02:26,31/07/2025 11:02,-,-,-,-,-,-,-
1600703,Aguardando Verificação/Aprovação (NAVA),0,-,-,2025-03-31 20:14:08,31/03/2025 20:14,02/04/2025 13:56,-,1.74 dias,-,-,-,-
1600703,Enviado para o RM (Integração),1,carlos@zapform.com.br,-,2025-04-02 13:56:20,02/04/2025 13:56,02/04/2025 13:56,-,0.0 dias,-,-,-,-
1600703,Contrato Ativo,2,carlos@zapform.com.br,-,2025-04-02 13:56:52,02/04/2025 13:56,-,-,-,-,-,-,-
1600701,Aguardando Verificação/Aprovação (NAVA),0,-,-,2025-03-31 20:13:46,31/03/2025 20:13,02/04/2025 13:57,-,1.74 dias,-,-,-,-
1600701,Enviado para o RM (Integração),1,carlos@zapform.com.br,-,2025-04-02 13:57:05,02/04/2025 13:57,02/04/2025 13:57,-,0.0 dias,-,-,-,-
1600701,Contrato Ativo,2,carlos@zapform.com.br,-,2025-04-02 13:57:37,02/04/2025 13:57,03/04/2025 13:49,-,0.99 dias,-,-,-,-
1600701,Aguardando Verificação/Aprovação (NAVA),0,carlos@zapform.com.br,-,2025-04-03 13:49:33,03/04/2025 13:49,03/04/2025 17:00,-,0.13 dias,-,-,-,-
1600701,Enviado para o RM (Integração),1,carlos@zapform.com.br,-,2025-04-03 17:00:37,03/04/2025 17:00,03/04/2025 17:01,-,0.0 dias,-,-,-,-
1600699,Aguardando Verificação/Aprovação (NAVA),0,-,-,2025-03-31 20:13:22,31/03/2025 20:13,02/04/2025 13:57,-,1.74 dias,-,-,-,-
1600699,Enviado para o RM (Integração),1,carlos@zapform.com.br,-,2025-04-02 13:57:48,02/04/2025 13:57,02/04/2025 13:58,-,0.0 dias,-,-,-,-
1600699,Contrato Ativo,2,carlos@zapform.com.br,-,2025-04-02 13:58:20,02/04/2025 13:58,03/04/2025 13:49,-,0.99 dias,-,-,-,-
1600699,Aguardando Verificação/Aprovação (NAVA),0,carlos@zapform.com.br,-,2025-04-03 13:49:33,03/04/2025 13:49,03/04/2025 17:01,-,0.13 dias,-,-,-,-
1600699,Enviado para o RM (Integração),1,carlos@zapform.com.br,-,2025-04-03 17:01:16,03/04/2025 17:01,03/04/2025 17:01,-,0.0 dias,-,-,-,-
1600699,Contrato Ativo,2,carlos@zapform.com.br,-,2025-04-03 17:01:51,03/04/2025 17:01,-,-,-,-,-,-,-
1600697,Aguardando Verificação/Aprovação (NAVA),0,-,-,2025-03-31 20:13:00,31/03/2025 20:13,02/04/2025 13:58,-,1.74 dias,-,-,-,-
1600697,Enviado para o RM (Integração),1,carlos@zapform.com.br,-,2025-04-02 13:58:33,02/04/2025 13:58,02/04/2025 13:59,-,0.0 dias,-,-,-,-
1600697,Contrato Ativo,2,carlos@zapform.com.br,-,2025-04-02 13:59:17,02/04/2025 13:59,03/04/2025 13:49,-,0.99 dias,-,-,-,-
1600697,Aguardando Verificação/Aprovação (NAVA),0,carlos@zapform.com.br,-,2025-04-03 13:49:33,03/04/2025 13:49,03/04/2025 17:01,-,0.13 dias,-,-,-,-
1600697,Enviado para o RM (Integração),1,carlos@zapform.com.br,-,2025-04-03 17:01:55,03/04/2025 17:01,03/04/2025 17:02,-,0.0 dias,-,-,-,-
1600697,Contrato Ativo,2,carlos@zapform.com.br,-,2025-04-03 17:02:42,03/04/2025 17:02,19/09/2025 12:21,-,168.81 dias,-,-,-,-
1600697,Aguardando Verificação/Aprovação (NAVA),0,integracao-projetoisp,-,2025-09-19 12:21:58,19/09/2025 12:21,19/09/2025 12:22,-,0.0 dias,-,-,-,-
1600697,Cancelado,X,anny.araujo@nava.com.br,-,2025-09-19 12:22:18,19/09/2025 12:22,-,-,-,-,-,-,-
1600695,Aguardando Verificação/Aprovação (NAVA),0,-,-,2025-03-31 20:12:37,31/03/2025 20:12,02/04/2025 14:04,-,1.74 dias,-,-,-,-
1600695,Enviado para o RM (Integração),1,carlos@zapform.com.br,-,2025-04-02 14:04:47,02/04/2025 14:04,02/04/2025 14:05,-,0.0 dias,-,-,-,-
1600695,Contrato Ativo,2,carlos@zapform.com.br,-,2025-04-02 14:05:19,02/04/2025 14:05,03/04/2025 13:49,-,0.99 dias,-,-,-,-
1600695,Aguardando Verificação/Aprovação (NAVA),0,carlos@zapform.com.br,-,2025-04-03 13:49:33,03/04/2025 13:49,03/04/2025 17:03,-,0.13 dias,-,-,-,-
1600695,Enviado para o RM (Integração),1,carlos@zapform.com.br,-,2025-04-03 17:03:53,03/04/2025 17:03,03/04/2025 17:04,-,0.0 dias,-,-,-,-
1600695,Contrato Ativo,2,carlos@zapform.com.br,-,2025-04-03 17:04:29,03/04/2025 17:04,-,-,-,-,-,-,-
1600693,Aguardando Verificação/Aprovação (NAVA),0,-,-,2025-03-31 20:12:15,31/03/2025 20:12,02/04/2025 14:01,-,1.74 dias,-,-,-,-
1600693,Enviado para o RM (Integração),1,carlos@zapform.com.br,-,2025-04-02 14:01:10,02/04/2025 14:01,02/04/2025 14:02,-,0.0 dias,-,-,-,-
1600693,Contrato Ativo,2,carlos@zapform.com.br,-,2025-04-02 14:02:00,02/04/2025 14:02,10/06/2025 19:09,-,69.21 dias,-,-,-,-
1600693,Aguardando Verificação/Aprovação (NAVA),0,integracao-projetoisp,-,2025-06-10 19:09:07,10/06/2025 19:09,11/06/2025 10:00,-,0.62 dias,-,-,-,-
1600693,Contratos Encerrados,5,celiene.pinho@nava.com.br,-,2025-06-11 10:00:03,11/06/2025 10:00,-,-,-,-,-,-,-
1600691,Aguardando Verificação/Aprovação (NAVA),0,-,-,2025-03-31 20:11:52,31/03/2025 20:11,02/04/2025 14:01,-,1.74 dias,-,-,-,-
1600691,Enviado para o RM (Integração),1,carlos@zapform.com.br,-,2025-04-02 14:01:06,02/04/2025 14:01,02/04/2025 14:01,-,0.0 dias,-,-,-,-
1600691,Contrato Ativo,2,carlos@zapform.com.br,-,2025-04-02 14:01:41,02/04/2025 14:01,03/04/2025 13:49,-,0.99 dias,-,-,-,-
1600691,Aguardando Verificação/Aprovação (NAVA),0,carlos@zapform.com.br,-,2025-04-03 13:49:33,03/04/2025 13:49,03/04/2025 17:02,-,0.13 dias,-,-,-,-
1600691,Enviado para o RM (Integração),1,carlos@zapform.com.br,-,2025-04-03 17:02:34,03/04/2025 17:02,03/04/2025 17:03,-,0.0 dias,-,-,-,-
1600691,Contrato Ativo,2,carlos@zapform.com.br,-,2025-04-03 17:03:08,03/04/2025 17:03,-,-,-,-,-,-,-
1600689,Aguardando Verificação/Aprovação (NAVA),0,-,-,2025-03-31 20:11:26,31/03/2025 20:11,02/04/2025 14:01,-,1.74 dias,-,-,-,-
1600689,Enviado para o RM (Integração),1,carlos@zapform.com.br,-,2025-04-02 14:01:30,02/04/2025 14:01,02/04/2025 14:02,-,0.0 dias,-,-,-,-
1600689,Contrato Ativo,2,carlos@zapform.com.br,-,2025-04-02 14:02:05,02/04/2025 14:02,03/04/2025 13:49,-,0.99 dias,-,-,-,-
1600689,Aguardando Verificação/Aprovação (NAVA),0,carlos@zapform.com.br,-,2025-04-03 13:49:33,03/04/2025 13:49,03/04/2025 17:03,-,0.13 dias,-,-,-,-
1600689,Enviado para o RM (Integração),1,carlos@zapform.com.br,-,2025-04-03 17:03:14,03/04/2025 17:03,03/04/2025 17:03,-,0.0 dias,-,-,-,-
1600689,Contrato Ativo,2,carlos@zapform.com.br,-,2025-04-03 17:03:47,03/04/2025 17:03,-,-,-,-,-,-,-
1600687,Aguardando Verificação/Aprovação (NAVA),0,-,-,2025-03-31 20:11:03,31/03/2025 20:11,02/04/2025 14:05,-,1.75 dias,-,-,-,-
1600687,Enviado para o RM (Integração),1,carlos@zapform.com.br,-,2025-04-02 14:05:38,02/04/2025 14:05,02/04/2025 14:06,-,0.0 dias,-,-,-,-
1600687,Contrato Ativo,2,carlos@zapform.com.br,-,2025-04-02 14:06:25,02/04/2025 14:06,14/08/2025 10:45,-,133.86 dias,-,-,-,-
1600687,Aguardando Verificação/Aprovação (NAVA),0,integracao-projetoisp,-,2025-08-14 10:45:52,14/08/2025 10:45,14/08/2025 10:46,-,0.0 dias,-,-,-,-
1600687,Contratos Encerrados,5,gabriels.santos@nava.com.br,-,2025-08-14 10:46:05,14/08/2025 10:46,-,-,-,-,-,-,-
1600685,Aguardando Verificação/Aprovação (NAVA),0,-,-,2025-03-31 20:10:37,31/03/2025 20:10,02/04/2025 14:42,-,1.77 dias,-,-,-,-
1600685,Enviado para o RM (Integração),1,carlos@zapform.com.br,-,2025-04-02 14:42:46,02/04/2025 14:42,02/04/2025 14:43,-,0.0 dias,-,-,-,-
1600685,Contrato Ativo,2,carlos@zapform.com.br,-,2025-04-02 14:43:37,02/04/2025 14:43,15/09/2025 16:46,-,166.09 dias,-,-,-,-
1600685,Aguardando Verificação/Aprovação (NAVA),0,integracao-projetoisp,-,2025-09-15 16:46:21,15/09/2025 16:46,15/09/2025 16:46,-,0.0 dias,-,-,-,-
1600685,Contratos Encerrados,5,gabriels.santos@nava.com.br,-,2025-09-15 16:46:32,15/09/2025 16:46,-,-,-,-,-,-,-
1600683,Aguardando Verificação/Aprovação (NAVA),0,-,-,2025-03-31 20:10:14,31/03/2025 20:10,02/04/2025 14:42,-,1.77 dias,-,-,-,-
1600683,Enviado para o RM (Integração),1,carlos@zapform.com.br,-,2025-04-02 14:42:02,02/04/2025 14:42,02/04/2025 14:42,-,0.0 dias,-,-,-,-
1600683,Contrato Ativo,2,carlos@zapform.com.br,-,2025-04-02 14:42:35,02/04/2025 14:42,-,-,-,-,-,-,-
1600681,Aguardando Verificação/Aprovação (NAVA),0,-,-,2025-03-31 20:09:52,31/03/2025 20:09,02/04/2025 14:41,-,1.77 dias,-,-,-,-
1600681,Enviado para o RM (Integração),1,carlos@zapform.com.br,-,2025-04-02 14:41:18,02/04/2025 14:41,02/04/2025 14:41,-,0.0 dias,-,-,-,-
1600681,Contrato Ativo,2,carlos@zapform.com.br,-,2025-04-02 14:41:50,02/04/2025 14:41,03/04/2025 13:42,-,0.96 dias,-,-,-,-
1600681,Aguardando Verificação/Aprovação (NAVA),0,carlos@zapform.com.br,-,2025-04-03 13:42:27,03/04/2025 13:42,03/04/2025 17:11,-,0.14 dias,-,-,-,-
1600681,Enviado para o RM (Integração),1,carlos@zapform.com.br,-,2025-04-03 17:11:03,03/04/2025 17:11,03/04/2025 17:11,-,0.0 dias,-,-,-,-
1600681,Contrato Ativo,2,carlos@zapform.com.br,-,2025-04-03 17:11:36,03/04/2025 17:11,-,-,-,-,-,-,-
1600679,Aguardando Verificação/Aprovação (NAVA),0,-,-,2025-03-31 20:09:29,31/03/2025 20:09,02/04/2025 14:40,-,1.77 dias,-,-,-,-
1600679,Enviado para o RM (Integração),1,carlos@zapform.com.br,-,2025-04-02 14:40:34,02/04/2025 14:40,02/04/2025 14:41,-,0.0 dias,-,-,-,-
1600679,Contrato Ativo,2,carlos@zapform.com.br,-,2025-04-02 14:41:25,02/04/2025 14:41,03/04/2025 13:42,-,0.96 dias,-,-,-,-
1600679,Aguardando Verificação/Aprovação (NAVA),0,carlos@zapform.com.br,-,2025-04-03 13:42:27,03/04/2025 13:42,03/04/2025 17:10,-,0.14 dias,-,-,-,-
1600679,Enviado para o RM (Integração),1,carlos@zapform.com.br,-,2025-04-03 17:10:24,03/04/2025 17:10,03/04/2025 17:11,-,0.0 dias,-,-,-,-
1600679,Contrato Ativo,2,carlos@zapform.com.br,-,2025-04-03 17:11:06,03/04/2025 17:11,-,-,-,-,-,-,-
1600677,Aguardando Verificação/Aprovação (NAVA),0,-,-,2025-03-31 20:09:04,31/03/2025 20:09,02/04/2025 14:39,-,1.77 dias,-,-,-,-
1600677,Enviado para o RM (Integração),1,carlos@zapform.com.br,-,2025-04-02 14:39:49,02/04/2025 14:39,02/04/2025 14:40,-,0.0 dias,-,-,-,-
1600677,Contrato Ativo,2,carlos@zapform.com.br,-,2025-04-02 14:40:54,02/04/2025 14:40,30/05/2025 15:31,-,58.04 dias,-,-,-,-
1600677,Aguardando Verificação/Aprovação (NAVA),0,integracao-projetoisp,-,2025-05-30 15:31:51,30/05/2025 15:31,30/05/2025 15:37,-,0.0 dias,-,-,-,-
1600677,Enviado para o RM (Integração),1,integracao-projetoisp,-,2025-05-30 15:37:44,30/05/2025 15:37,30/05/2025 15:38,-,0.0 dias,-,-,-,-
1600677,Contrato Ativo,2,integracao-projetoisp,-,2025-05-30 15:38:08,30/05/2025 15:38,17/09/2025 09:53,-,109.76 dias,-,-,-,-
1600677,Aguardando Verificação/Aprovação (NAVA),0,integracao-projetoisp,-,2025-09-17 09:53:17,17/09/2025 09:53,17/09/2025 09:53,-,0.0 dias,-,-,-,-
1600677,Cancelado,X,thais.roberta@nava.com.br,-,2025-09-17 09:53:35,17/09/2025 09:53,-,-,-,-,-,-,-
1600675,Aguardando Verificação/Aprovação (NAVA),0,-,-,2025-03-31 20:08:41,31/03/2025 20:08,02/04/2025 14:39,-,1.77 dias,-,-,-,-
1600675,Enviado para o RM (Integração),1,carlos@zapform.com.br,-,2025-04-02 14:39:05,02/04/2025 14:39,02/04/2025 14:39,-,0.0 dias,-,-,-,-
1600675,Contrato Ativo,2,carlos@zapform.com.br,-,2025-04-02 14:39:43,02/04/2025 14:39,03/04/2025 13:42,-,0.96 dias,-,-,-,-
1600675,Aguardando Verificação/Aprovação (NAVA),0,carlos@zapform.com.br,-,2025-04-03 13:42:27,03/04/2025 13:42,03/04/2025 17:09,-,0.14 dias,-,-,-,-
1600675,Enviado para o RM (Integração),1,carlos@zapform.com.br,-,2025-04-03 17:09:45,03/04/2025 17:09,03/04/2025 17:10,-,0.0 dias,-,-,-,-
1600675,Contrato Ativo,2,carlos@zapform.com.br,-,2025-04-03 17:10:22,03/04/2025 17:10,-,-,-,-,-,-,-
1600673,Aguardando Verificação/Aprovação (NAVA),0,-,-,2025-03-31 20:08:18,31/03/2025 20:08,02/04/2025 14:38,-,1.77 dias,-,-,-,-
1600673,Enviado para o RM (Integração),1,carlos@zapform.com.br,-,2025-04-02 14:38:20,02/04/2025 14:38,02/04/2025 14:39,-,0.0 dias,-,-,-,-
1600673,Contrato Ativo,2,carlos@zapform.com.br,-,2025-04-02 14:39:02,02/04/2025 14:39,06/08/2025 12:18,-,125.9 dias,-,-,-,-
1600673,Contratos Encerrados,5,gabriels.santos@nava.com.br,-,2025-08-06 12:18:47,06/08/2025 12:18,-,-,-,-,-,-,-
1600671,Aguardando Verificação/Aprovação (NAVA),0,-,-,2025-03-31 20:07:52,31/03/2025 20:07,02/04/2025 14:37,-,1.77 dias,-,-,-,-
1600671,Enviado para o RM (Integração),1,carlos@zapform.com.br,-,2025-04-02 14:37:35,02/04/2025 14:37,02/04/2025 14:38,-,0.0 dias,-,-,-,-
1600671,Contrato Ativo,2,carlos@zapform.com.br,-,2025-04-02 14:38:32,02/04/2025 14:38,03/04/2025 13:42,-,0.96 dias,-,-,-,-
1600671,Aguardando Verificação/Aprovação (NAVA),0,carlos@zapform.com.br,-,2025-04-03 13:42:27,03/04/2025 13:42,03/04/2025 17:09,-,0.14 dias,-,-,-,-
1600671,Enviado para o RM (Integração),1,carlos@zapform.com.br,-,2025-04-03 17:09:07,03/04/2025 17:09,03/04/2025 17:10,-,0.0 dias,-,-,-,-
1600671,Contrato Ativo,2,carlos@zapform.com.br,-,2025-04-03 17:10:00,03/04/2025 17:10,-,-,-,-,-,-,-
1600668,Aguardando Verificação/Aprovação (NAVA),0,-,-,2025-03-31 20:07:29,31/03/2025 20:07,02/04/2025 14:36,-,1.77 dias,-,-,-,-
1600668,Enviado para o RM (Integração),1,carlos@zapform.com.br,-,2025-04-02 14:36:51,02/04/2025 14:36,02/04/2025 14:37,-,0.0 dias,-,-,-,-
1600668,Contrato Ativo,2,carlos@zapform.com.br,-,2025-04-02 14:37:25,02/04/2025 14:37,-,-,-,-,-,-,-
1600666,Aguardando Verificação/Aprovação (NAVA),0,-,-,2025-03-31 20:07:05,31/03/2025 20:07,02/04/2025 14:36,-,1.77 dias,-,-,-,-
1600666,Enviado para o RM (Integração),1,carlos@zapform.com.br,-,2025-04-02 14:36:06,02/04/2025 14:36,02/04/2025 14:36,-,0.0 dias,-,-,-,-
1600666,Contrato Ativo,2,carlos@zapform.com.br,-,2025-04-02 14:36:40,02/04/2025 14:36,03/09/2025 14:51,-,154.01 dias,-,-,-,-
1600666,Aguardando Verificação/Aprovação (NAVA),0,integracao-projetoisp,-,2025-09-03 14:51:35,03/09/2025 14:51,03/09/2025 14:51,-,0.0 dias,-,-,-,-
1600666,Contratos Encerrados,5,gabriels.santos@nava.com.br,-,2025-09-03 14:51:41,03/09/2025 14:51,-,-,-,-,-,-,-
1600664,Aguardando Verificação/Aprovação (NAVA),0,-,-,2025-03-31 20:06:41,31/03/2025 20:06,02/04/2025 14:35,-,1.77 dias,-,-,-,-
1600664,Enviado para o RM (Integração),1,carlos@zapform.com.br,-,2025-04-02 14:35:22,02/04/2025 14:35,02/04/2025 14:36,-,0.0 dias,-,-,-,-
1600664,Contrato Ativo,2,carlos@zapform.com.br,-,2025-04-02 14:36:02,02/04/2025 14:36,03/04/2025 13:42,-,0.96 dias,-,-,-,-
1600664,Aguardando Verificação/Aprovação (NAVA),0,carlos@zapform.com.br,-,2025-04-03 13:42:27,03/04/2025 13:42,03/04/2025 17:08,-,0.14 dias,-,-,-,-
1600664,Enviado para o RM (Integração),1,carlos@zapform.com.br,-,2025-04-03 17:08:26,03/04/2025 17:08,03/04/2025 17:09,-,0.0 dias,-,-,-,-
1600664,Contrato Ativo,2,carlos@zapform.com.br,-,2025-04-03 17:09:06,03/04/2025 17:09,-,-,-,-,-,-,-
1600662,Aguardando Verificação/Aprovação (NAVA),0,-,-,2025-03-31 20:06:18,31/03/2025 20:06,02/04/2025 14:34,-,1.77 dias,-,-,-,-
1600662,Enviado para o RM (Integração),1,carlos@zapform.com.br,-,2025-04-02 14:34:38,02/04/2025 14:34,02/04/2025 14:35,-,0.0 dias,-,-,-,-
1600662,Contrato Ativo,2,carlos@zapform.com.br,-,2025-04-02 14:35:11,02/04/2025 14:35,-,-,-,-,-,-,-
1600660,Aguardando Verificação/Aprovação (NAVA),0,-,-,2025-03-31 20:05:53,31/03/2025 20:05,02/04/2025 14:33,-,1.77 dias,-,-,-,-
1600660,Enviado para o RM (Integração),1,carlos@zapform.com.br,-,2025-04-02 14:33:54,02/04/2025 14:33,02/04/2025 14:34,-,0.0 dias,-,-,-,-
1600660,Contrato Ativo,2,carlos@zapform.com.br,-,2025-04-02 14:34:36,02/04/2025 14:34,13/06/2025 09:43,-,71.8 dias,-,-,-,-
1600660,Aguardando Verificação/Aprovação (NAVA),0,integracao-projetoisp,-,2025-06-13 09:43:56,13/06/2025 09:43,13/06/2025 09:44,-,0.0 dias,-,-,-,-
1600660,Contratos Encerrados,5,vinicius.alexandre@nava.com.br,-,2025-06-13 09:44:24,13/06/2025 09:44,-,-,-,-,-,-,-
1600658,Aguardando Verificação/Aprovação (NAVA),0,-,-,2025-03-31 20:05:11,31/03/2025 20:05,02/04/2025 14:33,-,1.77 dias,-,-,-,-
1600658,Enviado para o RM (Integração),1,carlos@zapform.com.br,-,2025-04-02 14:33:11,02/04/2025 14:33,02/04/2025 14:33,-,0.0 dias,-,-,-,-
1600658,Aguardando Verificação/Aprovação (NAVA),0,carlos@zapform.com.br,-,2025-04-02 14:33:11,02/04/2025 14:33,02/04/2025 14:33,-,0.0 dias,-,-,-,-
1600658,Erro de Importação,E,carlos@zapform.com.br,-,2025-04-02 14:33:31,02/04/2025 14:33,02/04/2025 16:15,-,0.07 dias,-,-,-,-
1600658,Aguardando Verificação/Aprovação (NAVA),0,carlos@zapform.com.br,-,2025-04-02 16:15:41,02/04/2025 16:15,02/04/2025 16:16,-,0.0 dias,-,-,-,-
1600658,Enviado para o RM (Integração),1,carlos@zapform.com.br,-,2025-04-02 16:16:03,02/04/2025 16:16,02/04/2025 16:16,-,0.0 dias,-,-,-,-
1600658,Contrato Ativo,2,carlos@zapform.com.br,-,2025-04-02 16:16:43,02/04/2025 16:16,-,-,-,-,-,-,-
1600656,Aguardando Verificação/Aprovação (NAVA),0,-,-,2025-03-31 20:04:46,31/03/2025 20:04,02/04/2025 14:32,-,1.77 dias,-,-,-,-
1600656,Enviado para o RM (Integração),1,carlos@zapform.com.br,-,2025-04-02 14:32:24,02/04/2025 14:32,02/04/2025 14:33,-,0.0 dias,-,-,-,-
1600656,Contrato Ativo,2,carlos@zapform.com.br,-,2025-04-02 14:33:22,02/04/2025 14:33,-,-,-,-,-,-,-
1600654,Aguardando Verificação/Aprovação (NAVA),0,-,-,2025-03-31 20:04:23,31/03/2025 20:04,02/04/2025 14:31,-,1.77 dias,-,-,-,-
1600654,Enviado para o RM (Integração),1,carlos@zapform.com.br,-,2025-04-02 14:31:41,02/04/2025 14:31,02/04/2025 14:32,-,0.0 dias,-,-,-,-
1600654,Contrato Ativo,2,carlos@zapform.com.br,-,2025-04-02 14:32:35,02/04/2025 14:32,-,-,-,-,-,-,-
1600652,Aguardando Verificação/Aprovação (NAVA),0,-,-,2025-03-31 20:03:58,31/03/2025 20:03,02/04/2025 14:30,-,1.77 dias,-,-,-,-
1600652,Enviado para o RM (Integração),1,carlos@zapform.com.br,-,2025-04-02 14:30:54,02/04/2025 14:30,02/04/2025 14:31,-,0.0 dias,-,-,-,-
1600652,Contrato Ativo,2,carlos@zapform.com.br,-,2025-04-02 14:31:51,02/04/2025 14:31,03/04/2025 13:49,-,0.97 dias,-,-,-,-
1600652,Aguardando Verificação/Aprovação (NAVA),0,carlos@zapform.com.br,-,2025-04-03 13:49:33,03/04/2025 13:49,03/04/2025 17:07,-,0.14 dias,-,-,-,-
1600652,Enviado para o RM (Integração),1,carlos@zapform.com.br,-,2025-04-03 17:07:47,03/04/2025 17:07,03/04/2025 17:08,-,0.0 dias,-,-,-,-
1600652,Contrato Ativo,2,carlos@zapform.com.br,-,2025-04-03 17:08:49,03/04/2025 17:08,-,-,-,-,-,-,-
1600649,Aguardando Verificação/Aprovação (NAVA),0,-,-,2025-03-31 20:03:33,31/03/2025 20:03,02/04/2025 14:30,-,1.77 dias,-,-,-,-
1600649,Enviado para o RM (Integração),1,carlos@zapform.com.br,-,2025-04-02 14:30:09,02/04/2025 14:30,02/04/2025 14:30,-,0.0 dias,-,-,-,-
1600649,Contrato Ativo,2,carlos@zapform.com.br,-,2025-04-02 14:30:45,02/04/2025 14:30,14/05/2025 14:29,-,42.0 dias,-,-,-,-
1600649,Aguardando Verificação/Aprovação (NAVA),0,integracao-projetoisp,-,2025-05-14 14:29:07,14/05/2025 14:29,09/06/2025 13:08,-,25.94 dias,-,-,-,-
1600649,Contratos Encerrados,5,celiene.pinho@nava.com.br,-,2025-06-09 13:08:15,09/06/2025 13:08,-,-,-,-,-,-,-
1600643,Aguardando Verificação/Aprovação (NAVA),0,-,-,2025-03-31 20:03:09,31/03/2025 20:03,02/04/2025 14:29,-,1.77 dias,-,-,-,-
1600643,Enviado para o RM (Integração),1,carlos@zapform.com.br,-,2025-04-02 14:29:25,02/04/2025 14:29,02/04/2025 14:30,-,0.0 dias,-,-,-,-
1600643,Contrato Ativo,2,carlos@zapform.com.br,-,2025-04-02 14:30:04,02/04/2025 14:30,-,-,-,-,-,-,-
1600641,Aguardando Verificação/Aprovação (NAVA),0,-,-,2025-03-31 20:02:46,31/03/2025 20:02,02/04/2025 14:28,-,1.77 dias,-,-,-,-
1600641,Enviado para o RM (Integração),1,carlos@zapform.com.br,-,2025-04-02 14:28:41,02/04/2025 14:28,02/04/2025 14:29,-,0.0 dias,-,-,-,-
1600641,Contrato Ativo,2,carlos@zapform.com.br,-,2025-04-02 14:29:14,02/04/2025 14:29,25/08/2025 14:30,-,145.0 dias,-,-,-,-
1600641,Aguardando Verificação/Aprovação (NAVA),0,integracao-projetoisp,-,2025-08-25 14:30:56,25/08/2025 14:30,25/08/2025 14:31,-,0.0 dias,-,-,-,-
1600641,Contratos Encerrados,5,gabriels.santos@nava.com.br,-,2025-08-25 14:31:10,25/08/2025 14:31,-,-,-,-,-,-,-
1600639,Aguardando Verificação/Aprovação (NAVA),0,-,-,2025-03-31 20:02:23,31/03/2025 20:02,02/04/2025 14:27,-,1.77 dias,-,-,-,-
1600639,Enviado para o RM (Integração),1,carlos@zapform.com.br,-,2025-04-02 14:27:54,02/04/2025 14:27,02/04/2025 14:28,-,0.0 dias,-,-,-,-
1600639,Contrato Ativo,2,carlos@zapform.com.br,-,2025-04-02 14:28:42,02/04/2025 14:28,03/04/2025 13:49,-,0.97 dias,-,-,-,-
1600639,Aguardando Verificação/Aprovação (NAVA),0,carlos@zapform.com.br,-,2025-04-03 13:49:33,03/04/2025 13:49,03/04/2025 17:07,-,0.14 dias,-,-,-,-
1600639,Enviado para o RM (Integração),1,carlos@zapform.com.br,-,2025-04-03 17:07:08,03/04/2025 17:07,03/04/2025 17:07,-,0.0 dias,-,-,-,-
1600639,Contrato Ativo,2,carlos@zapform.com.br,-,2025-04-03 17:07:52,03/04/2025 17:07,-,-,-,-,-,-,-
1600637,Aguardando Verificação/Aprovação (NAVA),0,-,-,2025-03-31 20:01:59,31/03/2025 20:01,02/04/2025 14:27,-,1.77 dias,-,-,-,-
1600637,Enviado para o RM (Integração),1,carlos@zapform.com.br,-,2025-04-02 14:27:09,02/04/2025 14:27,02/04/2025 14:28,-,0.0 dias,-,-,-,-
1600637,Contrato Ativo,2,carlos@zapform.com.br,-,2025-04-02 14:28:04,02/04/2025 14:28,17/07/2025 14:47,-,106.01 dias,-,-,-,-
1600637,Aguardando Verificação/Aprovação (NAVA),0,integracao-projetoisp,-,2025-07-17 14:47:52,17/07/2025 14:47,17/07/2025 14:48,-,0.0 dias,-,-,-,-
1600637,Contratos Encerrados,5,thais.roberta@nava.com.br,-,2025-07-17 14:48:06,17/07/2025 14:48,-,-,-,-,-,-,-
1600635,Aguardando Verificação/Aprovação (NAVA),0,-,-,2025-03-31 20:01:36,31/03/2025 20:01,02/04/2025 14:26,-,1.77 dias,-,-,-,-
1600635,Enviado para o RM (Integração),1,carlos@zapform.com.br,-,2025-04-02 14:26:22,02/04/2025 14:26,02/04/2025 14:26,-,0.0 dias,-,-,-,-
1600635,Contrato Ativo,2,carlos@zapform.com.br,-,2025-04-02 14:26:53,02/04/2025 14:26,03/04/2025 13:49,-,0.97 dias,-,-,-,-
1600635,Aguardando Verificação/Aprovação (NAVA),0,carlos@zapform.com.br,-,2025-04-03 13:49:33,03/04/2025 13:49,03/04/2025 17:06,-,0.14 dias,-,-,-,-
1600635,Enviado para o RM (Integração),1,carlos@zapform.com.br,-,2025-04-03 17:06:29,03/04/2025 17:06,03/04/2025 17:07,-,0.0 dias,-,-,-,-
1600635,Contrato Ativo,2,carlos@zapform.com.br,-,2025-04-03 17:07:04,03/04/2025 17:07,-,-,-,-,-,-,-
1600633,Aguardando Verificação/Aprovação (NAVA),0,-,-,2025-03-31 20:01:14,31/03/2025 20:01,02/04/2025 14:25,-,1.77 dias,-,-,-,-
1600633,Enviado para o RM (Integração),1,carlos@zapform.com.br,-,2025-04-02 14:25:38,02/04/2025 14:25,02/04/2025 14:26,-,0.0 dias,-,-,-,-
1600633,Contrato Ativo,2,carlos@zapform.com.br,-,2025-04-02 14:26:27,02/04/2025 14:26,-,-,-,-,-,-,-
1600630,Aguardando Verificação/Aprovação (NAVA),0,-,-,2025-03-31 20:00:51,31/03/2025 20:00,02/04/2025 14:24,-,1.77 dias,-,-,-,-
1600630,Enviado para o RM (Integração),1,carlos@zapform.com.br,-,2025-04-02 14:24:52,02/04/2025 14:24,02/04/2025 14:25,-,0.0 dias,-,-,-,-
1600630,Contrato Ativo,2,carlos@zapform.com.br,-,2025-04-02 14:25:47,02/04/2025 14:25,-,-,-,-,-,-,-
1600628,Aguardando Verificação/Aprovação (NAVA),0,-,-,2025-03-31 20:00:29,31/03/2025 20:00,02/04/2025 14:24,-,1.77 dias,-,-,-,-
1600628,Enviado para o RM (Integração),1,carlos@zapform.com.br,-,2025-04-02 14:24:08,02/04/2025 14:24,02/04/2025 14:24,-,0.0 dias,-,-,-,-
1600628,Contrato Ativo,2,carlos@zapform.com.br,-,2025-04-02 14:24:46,02/04/2025 14:24,09/06/2025 17:23,-,68.12 dias,-,-,-,-
1600628,Aguardando Verificação/Aprovação (NAVA),0,integracao-projetoisp,-,2025-06-09 17:23:10,09/06/2025 17:23,09/06/2025 17:23,-,0.0 dias,-,-,-,-
1600628,Enviado para o RM (Integração),1,integracao-projetoisp,-,2025-06-09 17:23:58,09/06/2025 17:23,09/06/2025 17:24,-,0.0 dias,-,-,-,-
1600628,Contrato Ativo,2,integracao-projetoisp,-,2025-06-09 17:24:25,09/06/2025 17:24,-,-,-,-,-,-,-
1600626,Aguardando Verificação/Aprovação (NAVA),0,-,-,2025-03-31 20:00:06,31/03/2025 20:00,02/04/2025 14:23,-,1.77 dias,-,-,-,-
1600626,Enviado para o RM (Integração),1,carlos@zapform.com.br,-,2025-04-02 14:23:24,02/04/2025 14:23,02/04/2025 14:23,-,0.0 dias,-,-,-,-
1600626,Contrato Ativo,2,carlos@zapform.com.br,-,2025-04-02 14:23:56,02/04/2025 14:23,-,-,-,-,-,-,-
1600624,Aguardando Verificação/Aprovação (NAVA),0,-,-,2025-03-31 19:59:43,31/03/2025 19:59,02/04/2025 14:22,-,1.77 dias,-,-,-,-
1600624,Enviado para o RM (Integração),1,carlos@zapform.com.br,-,2025-04-02 14:22:38,02/04/2025 14:22,02/04/2025 14:23,-,0.0 dias,-,-,-,-
1600624,Contrato Ativo,2,carlos@zapform.com.br,-,2025-04-02 14:23:34,02/04/2025 14:23,30/05/2025 14:37,-,58.01 dias,-,-,-,-
1600624,Aguardando Verificação/Aprovação (NAVA),0,integracao-projetoisp,-,2025-05-30 14:37:20,30/05/2025 14:37,30/05/2025 14:37,-,0.0 dias,-,-,-,-
1600624,Contratos Encerrados,5,celiene.pinho@nava.com.br,-,2025-05-30 14:37:55,30/05/2025 14:37,-,-,-,-,-,-,-
1600622,Aguardando Verificação/Aprovação (NAVA),0,-,-,2025-03-31 19:59:20,31/03/2025 19:59,02/04/2025 14:21,-,1.77 dias,-,-,-,-
1600622,Enviado para o RM (Integração),1,carlos@zapform.com.br,-,2025-04-02 14:21:54,02/04/2025 14:21,02/04/2025 14:22,-,0.0 dias,-,-,-,-
1600622,Contrato Ativo,2,carlos@zapform.com.br,-,2025-04-02 14:22:45,02/04/2025 14:22,-,-,-,-,-,-,-
1600618,Aguardando Verificação/Aprovação (NAVA),0,-,-,2025-03-31 19:58:55,31/03/2025 19:58,02/04/2025 14:21,-,1.77 dias,-,-,-,-
1600618,Enviado para o RM (Integração),1,carlos@zapform.com.br,-,2025-04-02 14:21:09,02/04/2025 14:21,02/04/2025 14:21,-,0.0 dias,-,-,-,-
1600618,Contrato Ativo,2,carlos@zapform.com.br,-,2025-04-02 14:21:44,02/04/2025 14:21,-,-,-,-,-,-,-
1600616,Aguardando Verificação/Aprovação (NAVA),0,-,-,2025-03-31 19:58:31,31/03/2025 19:58,02/04/2025 14:20,-,1.77 dias,-,-,-,-
1600616,Enviado para o RM (Integração),1,carlos@zapform.com.br,-,2025-04-02 14:20:24,02/04/2025 14:20,02/04/2025 14:21,-,0.0 dias,-,-,-,-
1600616,Contrato Ativo,2,carlos@zapform.com.br,-,2025-04-02 14:21:03,02/04/2025 14:21,-,-,-,-,-,-,-
1600614,Aguardando Verificação/Aprovação (NAVA),0,-,-,2025-03-31 19:58:09,31/03/2025 19:58,02/04/2025 14:19,-,1.76 dias,-,-,-,-
1600614,Enviado para o RM (Integração),1,carlos@zapform.com.br,-,2025-04-02 14:19:36,02/04/2025 14:19,02/04/2025 14:20,-,0.0 dias,-,-,-,-
1600614,Contrato Ativo,2,carlos@zapform.com.br,-,2025-04-02 14:20:32,02/04/2025 14:20,-,-,-,-,-,-,-
1600613,Aguardando Verificação/Aprovação (NAVA),0,-,-,2025-03-31 19:57:45,31/03/2025 19:57,02/04/2025 14:18,-,1.76 dias,-,-,-,-
1600613,Enviado para o RM (Integração),1,carlos@zapform.com.br,-,2025-04-02 14:18:53,02/04/2025 14:18,02/04/2025 14:19,-,0.0 dias,-,-,-,-
1600613,Contrato Ativo,2,carlos@zapform.com.br,-,2025-04-02 14:19:30,02/04/2025 14:19,03/04/2025 13:49,-,0.98 dias,-,-,-,-
1600613,Aguardando Verificação/Aprovação (NAVA),0,carlos@zapform.com.br,-,2025-04-03 13:49:33,03/04/2025 13:49,03/04/2025 17:05,-,0.14 dias,-,-,-,-
1600613,Enviado para o RM (Integração),1,carlos@zapform.com.br,-,2025-04-03 17:05:50,03/04/2025 17:05,03/04/2025 17:06,-,0.0 dias,-,-,-,-
1600613,Contrato Ativo,2,carlos@zapform.com.br,-,2025-04-03 17:06:26,03/04/2025 17:06,15/05/2025 10:09,-,41.71 dias,-,-,-,-
1600613,Aguardando Verificação/Aprovação (NAVA),0,integracao-projetoisp,-,2025-05-15 10:09:09,15/05/2025 10:09,15/05/2025 10:12,-,0.0 dias,-,-,-,-
1600613,Enviado para o RM (Integração),1,integracao-projetoisp,-,2025-05-15 10:12:18,15/05/2025 10:12,15/05/2025 10:12,-,0.0 dias,-,-,-,-
1600613,Contrato Ativo,2,integracao-projetoisp,-,2025-05-15 10:12:38,15/05/2025 10:12,-,-,-,-,-,-,-
1600611,Aguardando Verificação/Aprovação (NAVA),0,-,-,2025-03-31 19:57:24,31/03/2025 19:57,02/04/2025 14:18,-,1.76 dias,-,-,-,-
1600611,Enviado para o RM (Integração),1,carlos@zapform.com.br,-,2025-04-02 14:18:02,02/04/2025 14:18,02/04/2025 14:18,-,0.0 dias,-,-,-,-
1600611,Contrato Ativo,2,carlos@zapform.com.br,-,2025-04-02 14:18:37,02/04/2025 14:18,01/08/2025 14:09,-,120.99 dias,-,-,-,-
1600611,Aguardando Verificação/Aprovação (NAVA),0,integracao-projetoisp,-,2025-08-01 14:09:15,01/08/2025 14:09,01/08/2025 14:09,-,0.0 dias,-,-,-,-
1600611,Contratos Encerrados,5,gabriels.santos@nava.com.br,-,2025-08-01 14:09:26,01/08/2025 14:09,-,-,-,-,-,-,-
1600609,Aguardando Verificação/Aprovação (NAVA),0,-,-,2025-03-31 19:57:03,31/03/2025 19:57,02/04/2025 14:17,-,1.76 dias,-,-,-,-
1600609,Enviado para o RM (Integração),1,carlos@zapform.com.br,-,2025-04-02 14:17:18,02/04/2025 14:17,02/04/2025 14:17,-,0.0 dias,-,-,-,-
1600609,Contrato Ativo,2,carlos@zapform.com.br,-,2025-04-02 14:17:53,02/04/2025 14:17,25/07/2025 16:00,-,114.07 dias,-,-,-,-
1600609,Aguardando Verificação/Aprovação (NAVA),0,integracao-projetoisp,-,2025-07-25 16:00:38,25/07/2025 16:00,25/07/2025 16:00,-,0.0 dias,-,-,-,-
1600609,Contratos Encerrados,5,gabriels.santos@nava.com.br,-,2025-07-25 16:00:46,25/07/2025 16:00,-,-,-,-,-,-,-
1600607,Aguardando Verificação/Aprovação (NAVA),0,-,-,2025-03-31 19:56:42,31/03/2025 19:56,02/04/2025 14:16,-,1.76 dias,-,-,-,-
1600607,Enviado para o RM (Integração),1,carlos@zapform.com.br,-,2025-04-02 14:16:33,02/04/2025 14:16,02/04/2025 14:17,-,0.0 dias,-,-,-,-
1600607,Contrato Ativo,2,carlos@zapform.com.br,-,2025-04-02 14:17:33,02/04/2025 14:17,-,-,-,-,-,-,-
1600605,Aguardando Verificação/Aprovação (NAVA),0,-,-,2025-03-31 19:56:20,31/03/2025 19:56,02/04/2025 14:15,-,1.76 dias,-,-,-,-
1600605,Enviado para o RM (Integração),1,carlos@zapform.com.br,-,2025-04-02 14:15:40,02/04/2025 14:15,02/04/2025 14:16,-,0.0 dias,-,-,-,-
1600605,Contrato Ativo,2,carlos@zapform.com.br,-,2025-04-02 14:16:16,02/04/2025 14:16,-,-,-,-,-,-,-
1600603,Aguardando Verificação/Aprovação (NAVA),0,-,-,2025-03-31 19:55:59,31/03/2025 19:55,02/04/2025 14:14,-,1.76 dias,-,-,-,-
1600603,Enviado para o RM (Integração),1,carlos@zapform.com.br,-,2025-04-02 14:14:56,02/04/2025 14:14,02/04/2025 14:15,-,0.0 dias,-,-,-,-
1600603,Contrato Ativo,2,carlos@zapform.com.br,-,2025-04-02 14:15:31,02/04/2025 14:15,03/04/2025 13:49,-,0.98 dias,-,-,-,-
1600603,Aguardando Verificação/Aprovação (NAVA),0,carlos@zapform.com.br,-,2025-04-03 13:49:33,03/04/2025 13:49,03/04/2025 17:05,-,0.14 dias,-,-,-,-
1600603,Enviado para o RM (Integração),1,carlos@zapform.com.br,-,2025-04-03 17:05:12,03/04/2025 17:05,03/04/2025 17:05,-,0.0 dias,-,-,-,-
1600603,Contrato Ativo,2,carlos@zapform.com.br,-,2025-04-03 17:05:46,03/04/2025 17:05,-,-,-,-,-,-,-
1600601,Aguardando Verificação/Aprovação (NAVA),0,-,-,2025-03-31 19:55:38,31/03/2025 19:55,02/04/2025 14:14,-,1.76 dias,-,-,-,-
1600601,Enviado para o RM (Integração),1,carlos@zapform.com.br,-,2025-04-02 14:14:11,02/04/2025 14:14,02/04/2025 14:14,-,0.0 dias,-,-,-,-
1600601,Contrato Ativo,2,carlos@zapform.com.br,-,2025-04-02 14:14:57,02/04/2025 14:14,-,-,-,-,-,-,-
1600599,Aguardando Verificação/Aprovação (NAVA),0,-,-,2025-03-31 19:55:17,31/03/2025 19:55,02/04/2025 14:13,-,1.76 dias,-,-,-,-
1600599,Enviado para o RM (Integração),1,carlos@zapform.com.br,-,2025-04-02 14:13:22,02/04/2025 14:13,02/04/2025 14:13,-,0.0 dias,-,-,-,-
1600599,Contrato Ativo,2,carlos@zapform.com.br,-,2025-04-02 14:13:54,02/04/2025 14:13,-,-,-,-,-,-,-
1600597,Aguardando Verificação/Aprovação (NAVA),0,-,-,2025-03-31 19:54:55,31/03/2025 19:54,02/04/2025 14:12,-,1.76 dias,-,-,-,-
1600597,Enviado para o RM (Integração),1,carlos@zapform.com.br,-,2025-04-02 14:12:37,02/04/2025 14:12,02/04/2025 14:13,-,0.0 dias,-,-,-,-
1600597,Contrato Ativo,2,carlos@zapform.com.br,-,2025-04-02 14:13:10,02/04/2025 14:13,03/04/2025 13:49,-,0.98 dias,-,-,-,-
1600597,Aguardando Verificação/Aprovação (NAVA),0,carlos@zapform.com.br,-,2025-04-03 13:49:33,03/04/2025 13:49,03/04/2025 17:04,-,0.14 dias,-,-,-,-
1600597,Enviado para o RM (Integração),1,carlos@zapform.com.br,-,2025-04-03 17:04:32,03/04/2025 17:04,03/04/2025 17:05,-,0.0 dias,-,-,-,-
1600597,Contrato Ativo,2,carlos@zapform.com.br,-,2025-04-03 17:05:06,03/04/2025 17:05,25/06/2025 17:16,-,83.01 dias,-,-,-,-
1600597,Contratos Encerrados,5,celiene.pinho@nava.com.br,-,2025-06-25 17:16:37,25/06/2025 17:16,-,-,-,-,-,-,-
1600595,Aguardando Verificação/Aprovação (NAVA),0,-,-,2025-03-31 19:54:35,31/03/2025 19:54,02/04/2025 14:11,-,1.76 dias,-,-,-,-
1600595,Enviado para o RM (Integração),1,carlos@zapform.com.br,-,2025-04-02 14:11:53,02/04/2025 14:11,02/04/2025 14:12,-,0.0 dias,-,-,-,-
1600595,Contrato Ativo,2,carlos@zapform.com.br,-,2025-04-02 14:12:25,02/04/2025 14:12,23/05/2025 13:11,-,50.96 dias,-,-,-,-
1600595,Aguardando Verificação/Aprovação (NAVA),0,integracao-projetoisp,-,2025-05-23 13:11:13,23/05/2025 13:11,23/05/2025 13:11,-,0.0 dias,-,-,-,-
1600595,Contratos Encerrados,5,celiene.pinho@nava.com.br,-,2025-05-23 13:11:46,23/05/2025 13:11,-,-,-,-,-,-,-
1600593,Aguardando Verificação/Aprovação (NAVA),0,-,-,2025-03-31 19:54:14,31/03/2025 19:54,02/04/2025 14:10,-,1.76 dias,-,-,-,-
1600593,Enviado para o RM (Integração),1,carlos@zapform.com.br,-,2025-04-02 14:10:52,02/04/2025 14:10,02/04/2025 14:11,-,0.0 dias,-,-,-,-
1600593,Contrato Ativo,2,carlos@zapform.com.br,-,2025-04-02 14:11:26,02/04/2025 14:11,23/05/2025 13:57,-,50.99 dias,-,-,-,-
1600593,Aguardando Verificação/Aprovação (NAVA),0,integracao-projetoisp,-,2025-05-23 13:57:27,23/05/2025 13:57,23/05/2025 13:57,-,0.0 dias,-,-,-,-
1600593,Contratos Encerrados,5,celiene.pinho@nava.com.br,-,2025-05-23 13:57:34,23/05/2025 13:57,-,-,-,-,-,-,-
1600464,Aguardando Verificação/Aprovação (NAVA),0,-,-,2025-03-31 19:12:31,31/03/2025 19:12,31/03/2025 19:13,-,0.0 dias,-,-,-,-
1600464,Enviado para o RM (Integração),1,carlos@zapform.com.br,-,2025-03-31 19:13:41,31/03/2025 19:13,31/03/2025 19:14,-,0.0 dias,-,-,-,-
1600464,Contrato Ativo,2,carlos@zapform.com.br,-,2025-03-31 19:14:17,31/03/2025 19:14,07/08/2025 15:11,-,128.83 dias,-,-,-,-
1600464,Aguardando Verificação/Aprovação (NAVA),0,integracao-projetoisp,-,2025-08-07 15:11:03,07/08/2025 15:11,-,-,-,-,-,-,-
1600463,Aguardando Verificação/Aprovação (NAVA),0,-,-,2025-03-31 19:12:09,31/03/2025 19:12,31/03/2025 19:13,-,0.0 dias,-,-,-,-
1600463,Enviado para o RM (Integração),1,carlos@zapform.com.br,-,2025-03-31 19:13:31,31/03/2025 19:13,31/03/2025 19:14,-,0.0 dias,-,-,-,-
1600463,Contrato Ativo,2,carlos@zapform.com.br,-,2025-03-31 19:14:04,31/03/2025 19:14,12/05/2025 17:18,-,41.92 dias,-,-,-,-
1600463,Aguardando Verificação/Aprovação (NAVA),0,integracao-projetoisp,-,2025-05-12 17:18:15,12/05/2025 17:18,12/05/2025 17:18,-,0.0 dias,-,-,-,-
1600463,Cancelado,X,celiene.pinho@nava.com.br,-,2025-05-12 17:18:27,12/05/2025 17:18,-,-,-,-,-,-,-
1600462,Aguardando Verificação/Aprovação (NAVA),0,-,-,2025-03-31 19:11:48,31/03/2025 19:11,31/03/2025 19:13,-,0.0 dias,-,-,-,-
1600462,Enviado para o RM (Integração),1,carlos@zapform.com.br,-,2025-03-31 19:13:22,31/03/2025 19:13,31/03/2025 19:13,-,0.0 dias,-,-,-,-
1600462,Contrato Ativo,2,carlos@zapform.com.br,-,2025-03-31 19:13:56,31/03/2025 19:13,23/05/2025 13:56,-,52.78 dias,-,-,-,-
1600462,Aguardando Verificação/Aprovação (NAVA),0,integracao-projetoisp,-,2025-05-23 13:56:19,23/05/2025 13:56,23/05/2025 13:57,-,0.0 dias,-,-,-,-
1600462,Contratos Encerrados,5,celiene.pinho@nava.com.br,-,2025-05-23 13:57:08,23/05/2025 13:57,-,-,-,-,-,-,-
1581124,Aguardando Verificação/Aprovação (NAVA),0,-,-,2025-03-24 16:28:28,24/03/2025 16:28,24/03/2025 18:01,-,0.06 dias,-,-,-,-
1581124,Enviado para o RM (Integração),1,carlos@zapform.com.br,-,2025-03-24 18:01:10,24/03/2025 18:01,24/03/2025 18:03,-,0.0 dias,-,-,-,-
1581124,Aguardando Verificação/Aprovação (NAVA),0,carlos@zapform.com.br,-,2025-03-24 18:03:15,24/03/2025 18:03,24/03/2025 18:03,-,0.0 dias,-,-,-,-
1581124,Enviado para o RM (Integração),1,carlos@zapform.com.br,-,2025-03-24 18:03:25,24/03/2025 18:03,24/03/2025 18:07,-,0.0 dias,-,-,-,-
1581124,Aguardando Verificação/Aprovação (NAVA),0,carlos@zapform.com.br,-,2025-03-24 18:07:12,24/03/2025 18:07,24/03/2025 18:07,-,0.0 dias,-,-,-,-
1581124,Enviado para o RM (Integração),1,carlos@zapform.com.br,-,2025-03-24 18:07:23,24/03/2025 18:07,24/03/2025 18:08,-,0.0 dias,-,-,-,-
1581124,Aguardando Verificação/Aprovação (NAVA),0,carlos@zapform.com.br,-,2025-03-24 18:08:26,24/03/2025 18:08,24/03/2025 18:08,-,0.0 dias,-,-,-,-
1581124,Enviado para o RM (Integração),1,carlos@zapform.com.br,-,2025-03-24 18:08:32,24/03/2025 18:08,24/03/2025 18:09,-,0.0 dias,-,-,-,-
1581124,Aguardando Verificação/Aprovação (NAVA),0,carlos@zapform.com.br,-,2025-03-24 18:09:44,24/03/2025 18:09,24/03/2025 18:10,-,0.0 dias,-,-,-,-
1581124,Enviado para o RM (Integração),1,carlos@zapform.com.br,-,2025-03-24 18:10:23,24/03/2025 18:10,24/03/2025 18:11,-,0.0 dias,-,-,-,-
1581124,Aguardando Verificação/Aprovação (NAVA),0,carlos@zapform.com.br,-,2025-03-24 18:11:22,24/03/2025 18:11,24/03/2025 18:12,-,0.0 dias,-,-,-,-
1581124,Enviado para o RM (Integração),1,carlos@zapform.com.br,-,2025-03-24 18:12:07,24/03/2025 18:12,24/03/2025 18:12,-,0.0 dias,-,-,-,-
1581124,Contrato Ativo,2,carlos@zapform.com.br,-,2025-03-24 18:12:20,24/03/2025 18:12,31/03/2025 17:48,-,6.98 dias,-,-,-,-
1581124,Cancelado,X,carlos@zapform.com.br,-,2025-03-31 17:48:13,31/03/2025 17:48,-,-,-,-,-,-,-
1581110,Aguardando Verificação/Aprovação (NAVA),0,-,-,2025-03-24 16:20:27,24/03/2025 16:20,24/03/2025 16:22,-,0.0 dias,-,-,-,-
1581110,Cancelado,X,carlos@zapform.com.br,-,2025-03-24 16:22:10,24/03/2025 16:22,-,-,-,-,-,-,-
1581074,Aguardando Verificação/Aprovação (NAVA),0,-,-,2025-03-24 16:07:51,24/03/2025 16:07,24/03/2025 16:11,-,0.0 dias,-,-,-,-
1581074,Cancelado,X,carlos@zapform.com.br,-,2025-03-24 16:11:03,24/03/2025 16:11,-,-,-,-,-,-,-
1581055,Aguardando Verificação/Aprovação (NAVA),0,-,-,2025-03-24 15:57:17,24/03/2025 15:57,24/03/2025 15:59,-,0.0 dias,-,-,-,-
1581055,Cancelado,X,carlos@zapform.com.br,-,2025-03-24 15:59:30,24/03/2025 15:59,-,-,-,-,-,-,-
1581048,Aguardando Verificação/Aprovação (NAVA),0,-,-,2025-03-24 15:54:24,24/03/2025 15:54,24/03/2025 15:59,-,0.0 dias,-,-,-,-
1581048,Cancelado,X,carlos@zapform.com.br,-,2025-03-24 15:59:30,24/03/2025 15:59,-,-,-,-,-,-,-
1563324,Aguardando Verificação/Aprovação (NAVA),0,-,-,2025-03-17 16:27:21,17/03/2025 16:27,17/03/2025 16:29,-,0.0 dias,-,-,-,-
1563324,Enviado para o RM (Integração),1,carlos@zapform.com.br,-,2025-03-17 16:29:43,17/03/2025 16:29,17/03/2025 16:30,-,0.0 dias,-,-,-,-
1563324,Contrato Ativo,2,carlos@zapform.com.br,-,2025-03-17 16:30:48,17/03/2025 16:30,19/05/2025 17:05,-,63.02 dias,-,-,-,-
1563324,Aguardando Verificação/Aprovação (NAVA),0,integracao-projetoisp,-,2025-05-19 17:05:25,19/05/2025 17:05,-,-,-,-,-,-,-
1563073,Aguardando Verificação/Aprovação (NAVA),0,-,-,2025-03-17 14:53:35,17/03/2025 14:53,17/03/2025 14:54,-,0.0 dias,-,-,-,-
1563073,Enviado para o RM (Integração),1,carlos@zapform.com.br,-,2025-03-17 14:54:04,17/03/2025 14:54,17/03/2025 14:54,-,0.0 dias,-,-,-,-
1563073,Contrato Ativo,2,carlos@zapform.com.br,-,2025-03-17 14:54:50,17/03/2025 14:54,-,-,-,-,-,-,-
1562958,Aguardando Verificação/Aprovação (NAVA),0,-,-,2025-03-17 14:12:24,17/03/2025 14:12,17/03/2025 14:12,-,0.0 dias,-,-,-,-
1562958,Enviado para o RM (Integração),1,carlos@zapform.com.br,-,2025-03-17 14:12:40,17/03/2025 14:12,17/03/2025 14:13,-,0.0 dias,-,-,-,-
1562958,Contrato Ativo,2,carlos@zapform.com.br,-,2025-03-17 14:13:29,17/03/2025 14:13,26/05/2025 13:39,-,69.98 dias,-,-,-,-
1562958,Aguardando Verificação/Aprovação (NAVA),0,integracao-projetoisp,-,2025-05-26 13:39:58,26/05/2025 13:39,26/05/2025 13:40,-,0.0 dias,-,-,-,-
1562958,Cancelado,X,celiene.pinho@nava.com.br,-,2025-05-26 13:40:13,26/05/2025 13:40,-,-,-,-,-,-,-
1562929,Aguardando Verificação/Aprovação (NAVA),0,-,-,2025-03-17 14:08:16,17/03/2025 14:08,17/03/2025 14:08,-,0.0 dias,-,-,-,-
1562929,Enviado para o RM (Integração),1,carlos@zapform.com.br,-,2025-03-17 14:08:42,17/03/2025 14:08,17/03/2025 14:09,-,0.0 dias,-,-,-,-
1562929,Contrato Ativo,2,carlos@zapform.com.br,-,2025-03-17 14:09:36,17/03/2025 14:09,30/07/2025 15:06,-,135.04 dias,-,-,-,-
1562929,Aguardando Verificação/Aprovação (NAVA),0,integracao-projetoisp,-,2025-07-30 15:06:04,30/07/2025 15:06,30/07/2025 15:06,-,0.0 dias,-,-,-,-
1562929,Cancelado,X,anny.araujo@nava.com.br,-,2025-07-30 15:06:58,30/07/2025 15:06,-,-,-,-,-,-,-
1562893,Aguardando Verificação/Aprovação (NAVA),0,-,-,2025-03-17 14:02:44,17/03/2025 14:02,17/03/2025 14:03,-,0.0 dias,-,-,-,-
1562893,Enviado para o RM (Integração),1,carlos@zapform.com.br,-,2025-03-17 14:03:09,17/03/2025 14:03,17/03/2025 14:04,-,0.0 dias,-,-,-,-
1562852,Aguardando Verificação/Aprovação (NAVA),0,-,-,2025-03-17 13:47:08,17/03/2025 13:47,17/03/2025 13:47,-,0.0 dias,-,-,-,-
1562852,Enviado para o RM (Integração),1,carlos@zapform.com.br,-,2025-03-17 13:47:55,17/03/2025 13:47,17/03/2025 13:48,-,0.0 dias,-,-,-,-
1562852,Contrato Ativo,2,carlos@zapform.com.br,-,2025-03-17 13:48:39,17/03/2025 13:48,09/05/2025 08:52,-,52.79 dias,-,-,-,-
1562852,Aguardando Verificação/Aprovação (NAVA),0,integracao-projetoisp,-,2025-05-09 08:52:20,09/05/2025 08:52,09/05/2025 08:52,-,0.0 dias,-,-,-,-
1562852,Contratos Encerrados,5,thais.roberta@nava.com.br,-,2025-05-09 08:52:54,09/05/2025 08:52,-,-,-,-,-,-,-
1562822,Aguardando Verificação/Aprovação (NAVA),0,-,-,2025-03-17 13:41:49,17/03/2025 13:41,17/03/2025 13:42,-,0.0 dias,-,-,-,-
1562822,Enviado para o RM (Integração),1,carlos@zapform.com.br,-,2025-03-17 13:42:27,17/03/2025 13:42,17/03/2025 13:43,-,0.0 dias,-,-,-,-
1562822,Contrato Ativo,2,carlos@zapform.com.br,-,2025-03-17 13:43:03,17/03/2025 13:43,23/04/2025 16:47,-,37.13 dias,-,-,-,-
1562822,Cancelado,X,celiene.pinho@nava.com.br,-,2025-04-23 16:47:02,23/04/2025 16:47,-,-,-,-,-,-,-
1562781,Aguardando Verificação/Aprovação (NAVA),0,-,-,2025-03-17 13:30:44,17/03/2025 13:30,17/03/2025 13:31,-,0.0 dias,-,-,-,-
1562781,Enviado para o RM (Integração),1,carlos@zapform.com.br,-,2025-03-17 13:31:19,17/03/2025 13:31,17/03/2025 13:32,-,0.0 dias,-,-,-,-
1562781,Contrato Ativo,2,carlos@zapform.com.br,-,2025-03-17 13:32:19,17/03/2025 13:32,26/05/2025 17:28,-,70.16 dias,-,-,-,-
1562781,Aguardando Verificação/Aprovação (NAVA),0,integracao-projetoisp,-,2025-05-26 17:28:02,26/05/2025 17:28,26/05/2025 17:28,-,0.0 dias,-,-,-,-
1562781,Contratos Encerrados,5,celiene.pinho@nava.com.br,-,2025-05-26 17:28:28,26/05/2025 17:28,-,-,-,-,-,-,-
1559461,Aguardando Verificação/Aprovação (NAVA),0,-,-,2025-03-14 18:29:34,14/03/2025 18:29,14/03/2025 18:29,-,0.0 dias,-,-,-,-
1559461,Enviado para o RM (Integração),1,carlos@zapform.com.br,-,2025-03-14 18:29:52,14/03/2025 18:29,14/03/2025 18:29,-,0.0 dias,-,-,-,-
1559461,Contrato Ativo,2,carlos@zapform.com.br,-,2025-03-14 18:29:58,14/03/2025 18:29,17/03/2025 16:10,-,2.9 dias,-,-,-,-
1559461,Cancelado,X,carlos@zapform.com.br,-,2025-03-17 16:10:45,17/03/2025 16:10,-,-,-,-,-,-,-
1559408,Aguardando Verificação/Aprovação (NAVA),0,-,-,2025-03-14 18:07:51,14/03/2025 18:07,14/03/2025 18:08,-,0.0 dias,-,-,-,-
1559408,Enviado para o RM (Integração),1,carlos@zapform.com.br,-,2025-03-14 18:08:18,14/03/2025 18:08,14/03/2025 18:08,-,0.0 dias,-,-,-,-
1559408,Contrato Ativo,2,carlos@zapform.com.br,-,2025-03-14 18:08:32,14/03/2025 18:08,14/03/2025 18:11,-,0.0 dias,-,-,-,-
1559408,Aguardando Verificação/Aprovação (NAVA),0,carlos@zapform.com.br,-,2025-03-14 18:11:35,14/03/2025 18:11,14/03/2025 18:12,-,0.0 dias,-,-,-,-
1559408,Enviado para o RM (Integração),1,carlos@zapform.com.br,-,2025-03-14 18:12:07,14/03/2025 18:12,14/03/2025 18:12,-,0.0 dias,-,-,-,-
1559408,Contrato Ativo,2,carlos@zapform.com.br,-,2025-03-14 18:12:20,14/03/2025 18:12,17/03/2025 16:10,-,2.92 dias,-,-,-,-
1559408,Cancelado,X,carlos@zapform.com.br,-,2025-03-17 16:10:37,17/03/2025 16:10,-,-,-,-,-,-,-
1559280,Aguardando Verificação/Aprovação (NAVA),0,-,-,2025-03-14 17:18:57,14/03/2025 17:18,14/03/2025 17:19,-,0.0 dias,-,-,-,-
1559280,Enviado para o RM (Integração),1,carlos@zapform.com.br,-,2025-03-14 17:19:19,14/03/2025 17:19,14/03/2025 17:19,-,0.0 dias,-,-,-,-
1559280,Contrato Ativo,2,carlos@zapform.com.br,-,2025-03-14 17:19:33,14/03/2025 17:19,14/03/2025 17:29,-,0.01 dias,-,-,-,-
1559280,Aguardando Verificação/Aprovação (NAVA),0,carlos@zapform.com.br,-,2025-03-14 17:29:03,14/03/2025 17:29,14/03/2025 17:29,-,0.0 dias,-,-,-,-
1559280,Enviado para o RM (Integração),1,carlos@zapform.com.br,-,2025-03-14 17:29:17,14/03/2025 17:29,14/03/2025 17:29,-,0.0 dias,-,-,-,-
1559280,Contrato Ativo,2,carlos@zapform.com.br,-,2025-03-14 17:29:30,14/03/2025 17:29,14/03/2025 17:32,-,0.0 dias,-,-,-,-
1559280,Aguardando Verificação/Aprovação (NAVA),0,carlos@zapform.com.br,-,2025-03-14 17:32:44,14/03/2025 17:32,14/03/2025 17:32,-,0.0 dias,-,-,-,-
1559280,Enviado para o RM (Integração),1,carlos@zapform.com.br,-,2025-03-14 17:32:49,14/03/2025 17:32,14/03/2025 17:34,-,0.0 dias,-,-,-,-
1559280,Aguardando Verificação/Aprovação (NAVA),0,carlos@zapform.com.br,-,2025-03-14 17:34:09,14/03/2025 17:34,14/03/2025 17:35,-,0.0 dias,-,-,-,-
1559280,Enviado para o RM (Integração),1,carlos@zapform.com.br,-,2025-03-14 17:35:44,14/03/2025 17:35,14/03/2025 17:35,-,0.0 dias,-,-,-,-
1559280,Contrato Ativo,2,carlos@zapform.com.br,-,2025-03-14 17:35:59,14/03/2025 17:35,14/03/2025 17:37,-,0.0 dias,-,-,-,-
1559280,Aguardando Verificação/Aprovação (NAVA),0,carlos@zapform.com.br,-,2025-03-14 17:37:46,14/03/2025 17:37,14/03/2025 17:37,-,0.0 dias,-,-,-,-
1559280,Enviado para o RM (Integração),1,carlos@zapform.com.br,-,2025-03-14 17:37:53,14/03/2025 17:37,14/03/2025 17:38,-,0.0 dias,-,-,-,-
1559280,Contrato Ativo,2,carlos@zapform.com.br,-,2025-03-14 17:38:07,14/03/2025 17:38,14/03/2025 17:41,-,0.0 dias,-,-,-,-
1559280,Aguardando Verificação/Aprovação (NAVA),0,carlos@zapform.com.br,-,2025-03-14 17:41:10,14/03/2025 17:41,14/03/2025 17:41,-,0.0 dias,-,-,-,-
1559280,Enviado para o RM (Integração),1,carlos@zapform.com.br,-,2025-03-14 17:41:15,14/03/2025 17:41,14/03/2025 17:41,-,0.0 dias,-,-,-,-
1559280,Contrato Ativo,2,carlos@zapform.com.br,-,2025-03-14 17:41:30,14/03/2025 17:41,14/03/2025 17:46,-,0.0 dias,-,-,-,-
1559280,Aguardando Verificação/Aprovação (NAVA),0,carlos@zapform.com.br,-,2025-03-14 17:46:09,14/03/2025 17:46,14/03/2025 17:46,-,0.0 dias,-,-,-,-
1559280,Enviado para o RM (Integração),1,carlos@zapform.com.br,-,2025-03-14 17:46:19,14/03/2025 17:46,14/03/2025 17:46,-,0.0 dias,-,-,-,-
1559280,Contrato Ativo,2,carlos@zapform.com.br,-,2025-03-14 17:46:34,14/03/2025 17:46,14/03/2025 17:50,-,0.0 dias,-,-,-,-
1559280,Aguardando Verificação/Aprovação (NAVA),0,carlos@zapform.com.br,-,2025-03-14 17:50:17,14/03/2025 17:50,14/03/2025 17:50,-,0.0 dias,-,-,-,-
1559280,Enviado para o RM (Integração),1,carlos@zapform.com.br,-,2025-03-14 17:50:32,14/03/2025 17:50,14/03/2025 17:50,-,0.0 dias,-,-,-,-
1559280,Contrato Ativo,2,carlos@zapform.com.br,-,2025-03-14 17:50:47,14/03/2025 17:50,14/03/2025 18:05,-,0.01 dias,-,-,-,-
1559280,Aguardando Verificação/Aprovação (NAVA),0,carlos@zapform.com.br,-,2025-03-14 18:05:01,14/03/2025 18:05,14/03/2025 18:05,-,0.0 dias,-,-,-,-
1559280,Enviado para o RM (Integração),1,carlos@zapform.com.br,-,2025-03-14 18:05:17,14/03/2025 18:05,14/03/2025 18:05,-,0.0 dias,-,-,-,-
1559280,Contrato Ativo,2,carlos@zapform.com.br,-,2025-03-14 18:05:31,14/03/2025 18:05,14/03/2025 18:08,-,0.0 dias,-,-,-,-
1559280,Cancelado,X,carlos@zapform.com.br,-,2025-03-14 18:08:34,14/03/2025 18:08,25/04/2025 17:06,-,41.96 dias,-,-,-,-
1559280,Contrato Ativo,2,admin-ale,-,2025-04-25 17:06:06,25/04/2025 17:06,25/04/2025 17:06,-,0.0 dias,-,-,-,-
1559280,Aguardando Verificação/Aprovação (NAVA),0,integracao-projetoisp,-,2025-04-25 17:06:49,25/04/2025 17:06,25/04/2025 17:06,-,0.0 dias,-,-,-,-
1559280,Cancelado,X,admin-ale,-,2025-04-25 17:06:56,25/04/2025 17:06,-,-,-,-,-,-,-
1559277,Aguardando Verificação/Aprovação (NAVA),0,-,-,2025-03-14 17:18:03,14/03/2025 17:18,14/03/2025 17:18,-,0.0 dias,-,-,-,-
1559277,Cancelado,X,carlos@zapform.com.br,-,2025-03-14 17:18:26,14/03/2025 17:18,-,-,-,-,-,-,-
1559235,Aguardando Verificação/Aprovação (NAVA),0,-,-,2025-03-14 16:58:43,14/03/2025 16:58,14/03/2025 16:58,-,0.0 dias,-,-,-,-
1559235,Enviado para o RM (Integração),1,carlos@zapform.com.br,-,2025-03-14 16:58:58,14/03/2025 16:58,14/03/2025 16:59,-,0.0 dias,-,-,-,-
1559235,Contrato Ativo,2,carlos@zapform.com.br,-,2025-03-14 16:59:31,14/03/2025 16:59,14/03/2025 17:12,-,0.01 dias,-,-,-,-
1559235,Aguardando Verificação/Aprovação (NAVA),0,celiene.pinho@nava.com.br,-,2025-03-14 17:12:44,14/03/2025 17:12,14/03/2025 17:18,-,0.0 dias,-,-,-,-
1559235,Cancelado,X,carlos@zapform.com.br,-,2025-03-14 17:18:26,14/03/2025 17:18,-,-,-,-,-,-,-
1559194,Aguardando Verificação/Aprovação (NAVA),0,-,-,2025-03-14 16:40:04,14/03/2025 16:40,14/03/2025 16:40,-,0.0 dias,-,-,-,-
1559194,Enviado para o RM (Integração),1,carlos@zapform.com.br,-,2025-03-14 16:40:50,14/03/2025 16:40,14/03/2025 16:40,-,0.0 dias,-,-,-,-
1559194,Erro de Importação,E,carlos@zapform.com.br,-,2025-03-14 16:40:54,14/03/2025 16:40,01/04/2025 14:13,-,17.9 dias,-,-,-,-
1559194,Cancelado,X,carlos@zapform.com.br,-,2025-04-01 14:13:14,01/04/2025 14:13,-,-,-,-,-,-,-
1559154,Aguardando Verificação/Aprovação (NAVA),0,-,-,2025-03-14 16:12:40,14/03/2025 16:12,14/03/2025 16:14,-,0.0 dias,-,-,-,-
1559154,Enviado para o RM (Integração),1,carlos@zapform.com.br,-,2025-03-14 16:14:12,14/03/2025 16:14,14/03/2025 16:48,-,0.02 dias,-,-,-,-
1559154,Aguardando Verificação/Aprovação (NAVA),0,carlos@zapform.com.br,-,2025-03-14 16:48:00,14/03/2025 16:48,14/03/2025 16:48,-,0.0 dias,-,-,-,-
1559154,Enviado para o RM (Integração),1,carlos@zapform.com.br,-,2025-03-14 16:48:19,14/03/2025 16:48,14/03/2025 16:48,-,0.0 dias,-,-,-,-
1559154,Erro de Importação,E,carlos@zapform.com.br,-,2025-03-14 16:48:24,14/03/2025 16:48,17/03/2025 13:23,-,2.86 dias,-,-,-,-
1559154,Aguardando Verificação/Aprovação (NAVA),0,carlos@zapform.com.br,-,2025-03-17 13:23:05,17/03/2025 13:23,17/03/2025 13:23,-,0.0 dias,-,-,-,-
1559154,Enviado para o RM (Integração),1,carlos@zapform.com.br,-,2025-03-17 13:23:11,17/03/2025 13:23,17/03/2025 13:24,-,0.0 dias,-,-,-,-
1559154,Contrato Ativo,2,carlos@zapform.com.br,-,2025-03-17 13:24:07,17/03/2025 13:24,-,-,-,-,-,-,-
1555741,Aguardando Verificação/Aprovação (NAVA),0,-,-,2025-03-12 16:30:37,12/03/2025 16:30,12/03/2025 16:58,-,0.02 dias,-,-,-,-
1555741,Enviado para o RM (Integração),1,carlos@zapform.com.br,-,2025-03-12 16:58:43,12/03/2025 16:58,12/03/2025 16:58,-,0.0 dias,-,-,-,-
1555741,Contrato Ativo,2,carlos@zapform.com.br,-,2025-03-12 16:58:48,12/03/2025 16:58,12/03/2025 17:00,-,0.0 dias,-,-,-,-
1555741,Aguardando Verificação/Aprovação (NAVA),0,carlos@zapform.com.br,-,2025-03-12 17:00:04,12/03/2025 17:00,12/03/2025 17:03,-,0.0 dias,-,-,-,-
1555741,Enviado para o RM (Integração),1,carlos@zapform.com.br,-,2025-03-12 17:03:22,12/03/2025 17:03,12/03/2025 17:03,-,0.0 dias,-,-,-,-
1555741,Contrato Ativo,2,carlos@zapform.com.br,-,2025-03-12 17:03:26,12/03/2025 17:03,12/03/2025 17:05,-,0.0 dias,-,-,-,-
1555741,Aguardando Verificação/Aprovação (NAVA),0,carlos@zapform.com.br,-,2025-03-12 17:05:34,12/03/2025 17:05,12/03/2025 17:30,-,0.02 dias,-,-,-,-
1555741,Enviado para o RM (Integração),1,carlos@zapform.com.br,-,2025-03-12 17:30:04,12/03/2025 17:30,12/03/2025 17:31,-,0.0 dias,-,-,-,-
1555741,Aguardando Verificação/Aprovação (NAVA),0,carlos@zapform.com.br,-,2025-03-12 17:31:35,12/03/2025 17:31,12/03/2025 17:31,-,0.0 dias,-,-,-,-
1555741,Enviado para o RM (Integração),1,carlos@zapform.com.br,-,2025-03-12 17:31:56,12/03/2025 17:31,12/03/2025 17:32,-,0.0 dias,-,-,-,-
1555741,Contrato Ativo,2,carlos@zapform.com.br,-,2025-03-12 17:32:00,12/03/2025 17:32,13/03/2025 15:53,-,0.93 dias,-,-,-,-
1555741,Aguardando Verificação/Aprovação (NAVA),0,carlos@zapform.com.br,-,2025-03-13 15:53:24,13/03/2025 15:53,13/03/2025 15:53,-,0.0 dias,-,-,-,-
1555741,Enviado para o RM (Integração),1,carlos@zapform.com.br,-,2025-03-13 15:53:38,13/03/2025 15:53,13/03/2025 15:53,-,0.0 dias,-,-,-,-
1555741,Contrato Ativo,2,carlos@zapform.com.br,-,2025-03-13 15:53:43,13/03/2025 15:53,13/03/2025 15:55,-,0.0 dias,-,-,-,-
1555741,Aguardando Verificação/Aprovação (NAVA),0,carlos@zapform.com.br,-,2025-03-13 15:55:00,13/03/2025 15:55,13/03/2025 15:55,-,0.0 dias,-,-,-,-
1555741,Enviado para o RM (Integração),1,carlos@zapform.com.br,-,2025-03-13 15:55:07,13/03/2025 15:55,13/03/2025 15:55,-,0.0 dias,-,-,-,-
1555741,Contrato Ativo,2,carlos@zapform.com.br,-,2025-03-13 15:55:11,13/03/2025 15:55,13/03/2025 15:56,-,0.0 dias,-,-,-,-
1555741,Aguardando Verificação/Aprovação (NAVA),0,carlos@zapform.com.br,-,2025-03-13 15:56:15,13/03/2025 15:56,13/03/2025 15:56,-,0.0 dias,-,-,-,-
1555741,Enviado para o RM (Integração),1,carlos@zapform.com.br,-,2025-03-13 15:56:21,13/03/2025 15:56,13/03/2025 15:56,-,0.0 dias,-,-,-,-
1555741,Contrato Ativo,2,carlos@zapform.com.br,-,2025-03-13 15:56:25,13/03/2025 15:56,13/03/2025 16:51,-,0.04 dias,-,-,-,-
1555741,Aguardando Verificação/Aprovação (NAVA),0,carlos@zapform.com.br,-,2025-03-13 16:51:49,13/03/2025 16:51,13/03/2025 16:52,-,0.0 dias,-,-,-,-
1555741,Enviado para o RM (Integração),1,carlos@zapform.com.br,-,2025-03-13 16:52:06,13/03/2025 16:52,13/03/2025 16:52,-,0.0 dias,-,-,-,-
1555741,Contrato Ativo,2,carlos@zapform.com.br,-,2025-03-13 16:52:10,13/03/2025 16:52,14/03/2025 16:14,-,0.97 dias,-,-,-,-
1555741,Cancelado,X,carlos@zapform.com.br,-,2025-03-14 16:14:40,14/03/2025 16:14,-,-,-,-,-,-,-
1555736,Aguardando Verificação/Aprovação (NAVA),0,-,-,2025-03-12 16:27:19,12/03/2025 16:27,12/03/2025 16:30,-,0.0 dias,-,-,-,-
1555736,Cancelado,X,carlos@zapform.com.br,-,2025-03-12 16:30:16,12/03/2025 16:30,-,-,-,-,-,-,-
1555734,Aguardando Verificação/Aprovação (NAVA),0,-,-,2025-03-12 16:26:55,12/03/2025 16:26,12/03/2025 16:30,-,0.0 dias,-,-,-,-
1555734,Cancelado,X,carlos@zapform.com.br,-,2025-03-12 16:30:16,12/03/2025 16:30,-,-,-,-,-,-,-
1555729,Aguardando Verificação/Aprovação (NAVA),0,-,-,2025-03-12 16:24:17,12/03/2025 16:24,12/03/2025 16:30,-,0.0 dias,-,-,-,-
1555729,Cancelado,X,carlos@zapform.com.br,-,2025-03-12 16:30:17,12/03/2025 16:30,-,-,-,-,-,-,-
1555713,Aguardando Verificação/Aprovação (NAVA),0,-,-,2025-03-12 16:17:07,12/03/2025 16:17,12/03/2025 16:23,-,0.0 dias,-,-,-,-
1555713,Cancelado,X,carlos@zapform.com.br,-,2025-03-12 16:23:15,12/03/2025 16:23,-,-,-,-,-,-,-
1555703,Aguardando Verificação/Aprovação (NAVA),0,-,-,2025-03-12 16:06:38,12/03/2025 16:06,12/03/2025 16:23,-,0.01 dias,-,-,-,-
1555703,Cancelado,X,carlos@zapform.com.br,-,2025-03-12 16:23:15,12/03/2025 16:23,-,-,-,-,-,-,-
1555702,Aguardando Verificação/Aprovação (NAVA),0,-,-,2025-03-12 16:04:58,12/03/2025 16:04,12/03/2025 16:23,-,0.01 dias,-,-,-,-
1555702,Cancelado,X,carlos@zapform.com.br,-,2025-03-12 16:23:15,12/03/2025 16:23,-,-,-,-,-,-,-
1555688,Aguardando Verificação/Aprovação (NAVA),0,-,-,2025-03-12 15:58:22,12/03/2025 15:58,12/03/2025 16:23,-,0.02 dias,-,-,-,-
1555688,Cancelado,X,carlos@zapform.com.br,-,2025-03-12 16:23:15,12/03/2025 16:23,-,-,-,-,-,-,-
1550055,Aguardando Verificação/Aprovação (NAVA),0,-,-,2025-03-10 17:51:57,10/03/2025 17:51,12/03/2025 16:23,-,1.94 dias,-,-,-,-
1550055,Cancelado,X,carlos@zapform.com.br,-,2025-03-12 16:23:15,12/03/2025 16:23,-,-,-,-,-,-,-
1550009,Aguardando Verificação/Aprovação (NAVA),0,-,-,2025-03-10 17:40:06,10/03/2025 17:40,10/03/2025 17:40,-,0.0 dias,-,-,-,-
1550009,Enviado para o RM (Integração),1,carlos@zapform.com.br,-,2025-03-10 17:40:26,10/03/2025 17:40,10/03/2025 17:40,-,0.0 dias,-,-,-,-
1550009,Contrato Ativo,2,carlos@zapform.com.br,-,2025-03-10 17:40:55,10/03/2025 17:40,14/03/2025 16:14,-,3.94 dias,-,-,-,-
1550009,Cancelado,X,carlos@zapform.com.br,-,2025-03-14 16:14:39,14/03/2025 16:14,-,-,-,-,-,-,-
1549940,Aguardando Verificação/Aprovação (NAVA),0,-,-,2025-03-10 17:00:10,10/03/2025 17:00,10/03/2025 17:00,-,0.0 dias,-,-,-,-
1549940,Enviado para o RM (Integração),1,carlos@zapform.com.br,-,2025-03-10 17:00:40,10/03/2025 17:00,10/03/2025 17:00,-,0.0 dias,-,-,-,-
1549940,Erro de Importação,E,carlos@zapform.com.br,-,2025-03-10 17:00:51,10/03/2025 17:00,10/03/2025 17:04,-,0.0 dias,-,-,-,-
1549940,Aguardando Verificação/Aprovação (NAVA),0,carlos@zapform.com.br,-,2025-03-10 17:04:49,10/03/2025 17:04,10/03/2025 17:06,-,0.0 dias,-,-,-,-
1549940,Erro de Importação,E,carlos@zapform.com.br,-,2025-03-10 17:06:08,10/03/2025 17:06,01/04/2025 14:13,-,21.88 dias,-,-,-,-
1549940,Cancelado,X,carlos@zapform.com.br,-,2025-04-01 14:13:14,01/04/2025 14:13,-,-,-,-,-,-,-
1549913,Aguardando Verificação/Aprovação (NAVA),0,-,-,2025-03-10 16:51:10,10/03/2025 16:51,10/03/2025 16:51,-,0.0 dias,-,-,-,-
1549913,Enviado para o RM (Integração),1,carlos@zapform.com.br,-,2025-03-10 16:51:55,10/03/2025 16:51,10/03/2025 16:53,-,0.0 dias,-,-,-,-
1549913,Contrato Ativo,2,carlos@zapform.com.br,-,2025-03-10 16:53:09,10/03/2025 16:53,14/03/2025 16:14,-,3.97 dias,-,-,-,-
1549913,Cancelado,X,carlos@zapform.com.br,-,2025-03-14 16:14:39,14/03/2025 16:14,-,-,-,-,-,-,-
1549868,Aguardando Verificação/Aprovação (NAVA),0,-,-,2025-03-10 16:31:36,10/03/2025 16:31,10/03/2025 16:39,-,0.01 dias,-,-,-,-
1549868,Enviado para o RM (Integração),1,carlos@zapform.com.br,-,2025-03-10 16:39:20,10/03/2025 16:39,10/03/2025 16:39,-,0.0 dias,-,-,-,-
1549868,Erro de Importação,E,carlos@zapform.com.br,-,2025-03-10 16:39:32,10/03/2025 16:39,01/04/2025 14:13,-,21.9 dias,-,-,-,-
1549868,Cancelado,X,carlos@zapform.com.br,-,2025-04-01 14:13:14,01/04/2025 14:13,-,-,-,-,-,-,-
1549520,Aguardando Verificação/Aprovação (NAVA),0,-,-,2025-03-10 14:07:27,10/03/2025 14:07,10/03/2025 14:10,-,0.0 dias,-,-,-,-
1549520,Enviado para o RM (Integração),1,carlos@zapform.com.br,-,2025-03-10 14:10:17,10/03/2025 14:10,10/03/2025 14:10,-,0.0 dias,-,-,-,-
1549520,Erro de Importação,E,carlos@zapform.com.br,-,2025-03-10 14:10:31,10/03/2025 14:10,01/04/2025 14:13,-,22.0 dias,-,-,-,-
1549520,Cancelado,X,carlos@zapform.com.br,-,2025-04-01 14:13:14,01/04/2025 14:13,-,-,-,-,-,-,-
1544953,Aguardando Verificação/Aprovação (NAVA),0,-,-,2025-03-06 14:34:24,06/03/2025 14:34,06/03/2025 14:34,-,0.0 dias,-,-,-,-
1544953,Enviado para o RM (Integração),1,carlos@zapform.com.br,-,2025-03-06 14:34:46,06/03/2025 14:34,06/03/2025 16:55,-,0.1 dias,-,-,-,-
1544953,Aguardando Verificação/Aprovação (NAVA),0,carlos@zapform.com.br,-,2025-03-06 16:55:26,06/03/2025 16:55,06/03/2025 16:55,-,0.0 dias,-,-,-,-
1544953,Enviado para o RM (Integração),1,carlos@zapform.com.br,-,2025-03-06 16:55:32,06/03/2025 16:55,06/03/2025 16:55,-,0.0 dias,-,-,-,-
1544953,Erro de Importação,E,carlos@zapform.com.br,-,2025-03-06 16:55:42,06/03/2025 16:55,06/03/2025 18:04,-,0.05 dias,-,-,-,-
1544953,Contrato Ativo,2,carlos@zapform.com.br,-,2025-03-06 18:04:25,06/03/2025 18:04,14/03/2025 16:14,-,7.92 dias,-,-,-,-
1544953,Cancelado,X,carlos@zapform.com.br,-,2025-03-14 16:14:39,14/03/2025 16:14,-,-,-,-,-,-,-
1544943,Aguardando Verificação/Aprovação (NAVA),0,-,-,2025-03-06 14:26:37,06/03/2025 14:26,06/03/2025 14:34,-,0.01 dias,-,-,-,-
1544943,Cancelado,X,carlos@zapform.com.br,-,2025-03-06 14:34:32,06/03/2025 14:34,-,-,-,-,-,-,-
1544941,Aguardando Verificação/Aprovação (NAVA),0,-,-,2025-03-06 14:26:06,06/03/2025 14:26,06/03/2025 14:26,-,0.0 dias,-,-,-,-
1544941,Cancelado,X,carlos@zapform.com.br,-,2025-03-06 14:26:46,06/03/2025 14:26,-,-,-,-,-,-,-
1544938,Aguardando Verificação/Aprovação (NAVA),0,-,-,2025-03-06 14:24:27,06/03/2025 14:24,06/03/2025 14:26,-,0.0 dias,-,-,-,-
1544938,Cancelado,X,carlos@zapform.com.br,-,2025-03-06 14:26:46,06/03/2025 14:26,-,-,-,-,-,-,-
1544928,Aguardando Verificação/Aprovação (NAVA),0,-,-,2025-03-06 14:19:36,06/03/2025 14:19,06/03/2025 14:24,-,0.0 dias,-,-,-,-
1544928,Cancelado,X,carlos@zapform.com.br,-,2025-03-06 14:24:33,06/03/2025 14:24,-,-,-,-,-,-,-
1544922,Aguardando Verificação/Aprovação (NAVA),0,-,-,2025-03-06 14:17:27,06/03/2025 14:17,06/03/2025 14:19,-,0.0 dias,-,-,-,-
1544922,Cancelado,X,carlos@zapform.com.br,-,2025-03-06 14:19:43,06/03/2025 14:19,-,-,-,-,-,-,-
1544653,Aguardando Verificação/Aprovação (NAVA),0,-,-,2025-03-06 11:23:41,06/03/2025 11:23,06/03/2025 11:24,-,0.0 dias,-,-,-,-
1544653,Enviado para o RM (Integração),1,admin-ale,-,2025-03-06 11:24:12,06/03/2025 11:24,06/03/2025 11:25,-,0.0 dias,-,-,-,-
1544653,Contrato Ativo,2,carlos@zapform.com.br,-,2025-03-06 11:25:37,06/03/2025 11:25,06/03/2025 11:54,-,0.02 dias,-,-,-,-
1544653,Enviado para o RM (Integração),1,carlos@zapform.com.br,-,2025-03-06 11:54:28,06/03/2025 11:54,06/03/2025 11:55,-,0.0 dias,-,-,-,-
1544653,Contrato Ativo,2,carlos@zapform.com.br,-,2025-03-06 11:55:34,06/03/2025 11:55,06/03/2025 13:06,-,0.05 dias,-,-,-,-
1544653,Enviado para o RM (Integração),1,carlos@zapform.com.br,-,2025-03-06 13:06:54,06/03/2025 13:06,06/03/2025 13:08,-,0.0 dias,-,-,-,-
1544653,Aguardando Verificação/Aprovação (NAVA),0,carlos@zapform.com.br,-,2025-03-06 13:08:32,06/03/2025 13:08,06/03/2025 13:10,-,0.0 dias,-,-,-,-
1544653,Enviado para o RM (Integração),1,carlos@zapform.com.br,-,2025-03-06 13:10:34,06/03/2025 13:10,06/03/2025 13:11,-,0.0 dias,-,-,-,-
1544653,Aguardando Verificação/Aprovação (NAVA),0,carlos@zapform.com.br,-,2025-03-06 13:11:20,06/03/2025 13:11,06/03/2025 13:11,-,0.0 dias,-,-,-,-
1544653,Enviado para o RM (Integração),1,carlos@zapform.com.br,-,2025-03-06 13:11:29,06/03/2025 13:11,06/03/2025 13:12,-,0.0 dias,-,-,-,-
1544653,Aguardando Verificação/Aprovação (NAVA),0,carlos@zapform.com.br,-,2025-03-06 13:12:28,06/03/2025 13:12,06/03/2025 13:12,-,0.0 dias,-,-,-,-
1544653,Enviado para o RM (Integração),1,carlos@zapform.com.br,-,2025-03-06 13:12:32,06/03/2025 13:12,06/03/2025 13:20,-,0.01 dias,-,-,-,-
1544653,Aguardando Verificação/Aprovação (NAVA),0,carlos@zapform.com.br,-,2025-03-06 13:20:44,06/03/2025 13:20,06/03/2025 13:21,-,0.0 dias,-,-,-,-
1544653,Enviado para o RM (Integração),1,carlos@zapform.com.br,-,2025-03-06 13:21:40,06/03/2025 13:21,06/03/2025 13:27,-,0.0 dias,-,-,-,-
1544653,Aguardando Verificação/Aprovação (NAVA),0,carlos@zapform.com.br,-,2025-03-06 13:27:44,06/03/2025 13:27,06/03/2025 13:27,-,0.0 dias,-,-,-,-
1544653,Enviado para o RM (Integração),1,carlos@zapform.com.br,-,2025-03-06 13:27:49,06/03/2025 13:27,06/03/2025 13:28,-,0.0 dias,-,-,-,-
1544653,Aguardando Verificação/Aprovação (NAVA),0,carlos@zapform.com.br,-,2025-03-06 13:28:25,06/03/2025 13:28,06/03/2025 13:29,-,0.0 dias,-,-,-,-
1544653,Enviado para o RM (Integração),1,carlos@zapform.com.br,-,2025-03-06 13:29:34,06/03/2025 13:29,06/03/2025 13:30,-,0.0 dias,-,-,-,-
1544653,Aguardando Verificação/Aprovação (NAVA),0,carlos@zapform.com.br,-,2025-03-06 13:30:52,06/03/2025 13:30,06/03/2025 13:32,-,0.0 dias,-,-,-,-
1544653,Enviado para o RM (Integração),1,carlos@zapform.com.br,-,2025-03-06 13:32:26,06/03/2025 13:32,06/03/2025 13:35,-,0.0 dias,-,-,-,-
1544653,Aguardando Verificação/Aprovação (NAVA),0,carlos@zapform.com.br,-,2025-03-06 13:35:17,06/03/2025 13:35,06/03/2025 13:35,-,0.0 dias,-,-,-,-
1544653,Enviado para o RM (Integração),1,carlos@zapform.com.br,-,2025-03-06 13:35:20,06/03/2025 13:35,06/03/2025 13:35,-,0.0 dias,-,-,-,-
1544653,Aguardando Verificação/Aprovação (NAVA),0,carlos@zapform.com.br,-,2025-03-06 13:35:46,06/03/2025 13:35,06/03/2025 13:35,-,0.0 dias,-,-,-,-
1544653,Enviado para o RM (Integração),1,carlos@zapform.com.br,-,2025-03-06 13:35:54,06/03/2025 13:35,06/03/2025 13:36,-,0.0 dias,-,-,-,-
1544653,Aguardando Verificação/Aprovação (NAVA),0,carlos@zapform.com.br,-,2025-03-06 13:36:32,06/03/2025 13:36,06/03/2025 13:36,-,0.0 dias,-,-,-,-
1544653,Enviado para o RM (Integração),1,carlos@zapform.com.br,-,2025-03-06 13:36:42,06/03/2025 13:36,06/03/2025 13:37,-,0.0 dias,-,-,-,-
1544653,Aguardando Verificação/Aprovação (NAVA),0,carlos@zapform.com.br,-,2025-03-06 13:37:07,06/03/2025 13:37,06/03/2025 13:37,-,0.0 dias,-,-,-,-
1544653,Enviado para o RM (Integração),1,carlos@zapform.com.br,-,2025-03-06 13:37:09,06/03/2025 13:37,06/03/2025 13:40,-,0.0 dias,-,-,-,-
1544653,Aguardando Verificação/Aprovação (NAVA),0,carlos@zapform.com.br,-,2025-03-06 13:40:26,06/03/2025 13:40,06/03/2025 13:41,-,0.0 dias,-,-,-,-
1544653,Enviado para o RM (Integração),1,carlos@zapform.com.br,-,2025-03-06 13:41:05,06/03/2025 13:41,06/03/2025 13:42,-,0.0 dias,-,-,-,-
1544653,Aguardando Verificação/Aprovação (NAVA),0,carlos@zapform.com.br,-,2025-03-06 13:42:36,06/03/2025 13:42,06/03/2025 13:42,-,0.0 dias,-,-,-,-
1544653,Enviado para o RM (Integração),1,carlos@zapform.com.br,-,2025-03-06 13:42:40,06/03/2025 13:42,06/03/2025 14:15,-,0.02 dias,-,-,-,-
1544653,Cancelado,X,carlos@zapform.com.br,-,2025-03-06 14:15:25,06/03/2025 14:15,-,-,-,-,-,-,-
1534987,Aguardando Verificação/Aprovação (NAVA),0,-,-,2025-03-02 20:07:50,02/03/2025 20:07,02/03/2025 20:10,-,0.0 dias,-,-,-,-
1534987,Enviado para o RM (Integração),1,admin-ale,-,2025-03-02 20:10:34,02/03/2025 20:10,02/03/2025 20:11,-,0.0 dias,-,-,-,-
1534987,Erro de Importação,E,carlos@zapform.com.br,-,2025-03-02 20:11:04,02/03/2025 20:11,06/03/2025 10:22,-,3.59 dias,-,-,-,-
1534987,Enviado para o RM (Integração),1,carlos@zapform.com.br,-,2025-03-06 10:22:24,06/03/2025 10:22,06/03/2025 10:23,-,0.0 dias,-,-,-,-
1534987,Contrato Ativo,2,carlos@zapform.com.br,-,2025-03-06 10:23:41,06/03/2025 10:23,06/03/2025 14:15,-,0.16 dias,-,-,-,-
1534987,Cancelado,X,carlos@zapform.com.br,-,2025-03-06 14:15:33,06/03/2025 14:15,-,-,-,-,-,-,-
1533486,Aguardando Verificação/Aprovação (NAVA),0,-,-,2025-02-28 16:24:35,28/02/2025 16:24,28/02/2025 16:25,-,0.0 dias,-,-,-,-
1533486,Enviado para o RM (Integração),1,admin-ale,-,2025-02-28 16:25:55,28/02/2025 16:25,28/02/2025 16:26,-,0.0 dias,-,-,-,-
1533486,Erro de Importação,E,carlos@zapform.com.br,-,2025-02-28 16:26:03,28/02/2025 16:26,28/02/2025 16:26,-,0.0 dias,-,-,-,-
1533486,Contrato Ativo,2,admin-ale,-,2025-02-28 16:26:13,28/02/2025 16:26,28/02/2025 16:31,-,0.0 dias,-,-,-,-
1533486,Enviado para o RM (Integração),1,carlos@zapform.com.br,-,2025-02-28 16:31:31,28/02/2025 16:31,28/02/2025 16:32,-,0.0 dias,-,-,-,-
1533486,Erro de Importação,E,carlos@zapform.com.br,-,2025-02-28 16:32:04,28/02/2025 16:32,01/04/2025 14:13,-,31.9 dias,-,-,-,-
1533486,Cancelado,X,carlos@zapform.com.br,-,2025-04-01 14:13:14,01/04/2025 14:13,-,-,-,-,-,-,-
1526480,Aguardando Verificação/Aprovação (NAVA),0,-,-,2025-02-26 14:25:27,26/02/2025 14:25,26/02/2025 14:27,-,0.0 dias,-,-,-,-
1526480,Enviado para o RM (Integração),1,carlos@zapform.com.br,-,2025-02-26 14:27:24,26/02/2025 14:27,27/02/2025 14:00,-,0.98 dias,-,-,-,-
1526480,Contrato Ativo,2,carlos@zapform.com.br,-,2025-02-27 14:00:18,27/02/2025 14:00,28/02/2025 15:12,-,1.05 dias,-,-,-,-
1526480,Cancelado,X,carlos@zapform.com.br,-,2025-02-28 15:12:37,28/02/2025 15:12,06/03/2025 09:42,-,5.77 dias,-,-,-,-
1526480,Enviado para o RM (Integração),1,carlos@zapform.com.br,-,2025-03-06 09:42:52,06/03/2025 09:42,06/03/2025 09:43,-,0.0 dias,-,-,-,-
1526480,Erro de Importação,E,carlos@zapform.com.br,-,2025-03-06 09:43:01,06/03/2025 09:43,01/04/2025 14:13,-,26.19 dias,-,-,-,-
1526480,Cancelado,X,carlos@zapform.com.br,-,2025-04-01 14:13:14,01/04/2025 14:13,-,-,-,-,-,-,-
1526437,Aguardando Verificação/Aprovação (NAVA),0,-,-,2025-02-26 14:04:34,26/02/2025 14:04,27/02/2025 14:00,-,1.0 dias,-,-,-,-
1526437,Cancelado,X,carlos@zapform.com.br,-,2025-02-27 14:00:28,27/02/2025 14:00,-,-,-,-,-,-,-
1526237,Aguardando Verificação/Aprovação (NAVA),0,-,-,2025-02-26 12:01:38,26/02/2025 12:01,26/02/2025 12:02,-,0.0 dias,-,-,-,-
1526237,Enviado para o RM (Integração),1,carlos@zapform.com.br,-,2025-02-26 12:02:14,26/02/2025 12:02,26/02/2025 12:02,-,0.0 dias,-,-,-,-
1526237,Contrato Ativo,2,carlos@zapform.com.br,-,2025-02-26 12:02:36,26/02/2025 12:02,28/02/2025 15:12,-,2.13 dias,-,-,-,-
1526237,Cancelado,X,carlos@zapform.com.br,-,2025-02-28 15:12:37,28/02/2025 15:12,-,-,-,-,-,-,-
1526206,Aguardando Verificação/Aprovação (NAVA),0,-,-,2025-02-26 11:54:22,26/02/2025 11:54,26/02/2025 11:56,-,0.0 dias,-,-,-,-
1526206,Enviado para o RM (Integração),1,carlos@zapform.com.br,-,2025-02-26 11:56:09,26/02/2025 11:56,26/02/2025 11:57,-,0.0 dias,-,-,-,-
1526206,Contrato Ativo,2,carlos@zapform.com.br,-,2025-02-26 11:57:12,26/02/2025 11:57,28/02/2025 15:12,-,2.14 dias,-,-,-,-
1526206,Cancelado,X,carlos@zapform.com.br,-,2025-02-28 15:12:37,28/02/2025 15:12,-,-,-,-,-,-,-
1523917,Aguardando Verificação/Aprovação (NAVA),0,-,-,2025-02-24 18:37:05,24/02/2025 18:37,25/02/2025 14:28,-,0.83 dias,-,-,-,-
1523917,Enviado para o RM (Integração),1,carlos@zapform.com.br,-,2025-02-25 14:28:51,25/02/2025 14:28,25/02/2025 15:43,-,0.05 dias,-,-,-,-
1523917,Contrato Ativo,2,carlos@zapform.com.br,-,2025-02-25 15:43:33,25/02/2025 15:43,25/02/2025 16:03,-,0.01 dias,-,-,-,-
1523917,Aguardando Verificação/Aprovação (NAVA),0,carlos@zapform.com.br,-,2025-02-25 16:03:06,25/02/2025 16:03,25/02/2025 16:18,-,0.01 dias,-,-,-,-
1523917,Enviado para o RM (Integração),1,carlos@zapform.com.br,-,2025-02-25 16:18:31,25/02/2025 16:18,25/02/2025 16:18,-,0.0 dias,-,-,-,-
1523917,Aguardando Verificação/Aprovação (NAVA),0,carlos@zapform.com.br,-,2025-02-25 16:18:51,25/02/2025 16:18,25/02/2025 16:23,-,0.0 dias,-,-,-,-
1523917,Enviado para o RM (Integração),1,carlos@zapform.com.br,-,2025-02-25 16:23:39,25/02/2025 16:23,25/02/2025 16:27,-,0.0 dias,-,-,-,-
1523917,Aguardando Verificação/Aprovação (NAVA),0,carlos@zapform.com.br,-,2025-02-25 16:27:43,25/02/2025 16:27,27/02/2025 14:00,-,1.9 dias,-,-,-,-
1523917,Cancelado,X,carlos@zapform.com.br,-,2025-02-27 14:00:28,27/02/2025 14:00,-,-,-,-,-,-,-
1523872,Aguardando Verificação/Aprovação (NAVA),0,-,-,2025-02-24 18:00:24,24/02/2025 18:00,25/02/2025 14:29,-,0.85 dias,-,-,-,-
1523872,Cancelado,X,carlos@zapform.com.br,-,2025-02-25 14:29:24,25/02/2025 14:29,-,-,-,-,-,-,-
1523865,Aguardando Verificação/Aprovação (NAVA),0,-,-,2025-02-24 17:56:03,24/02/2025 17:56,25/02/2025 14:29,-,0.86 dias,-,-,-,-
1523865,Cancelado,X,carlos@zapform.com.br,-,2025-02-25 14:29:24,25/02/2025 14:29,-,-,-,-,-,-,-
1523860,Aguardando Verificação/Aprovação (NAVA),0,-,-,2025-02-24 17:52:51,24/02/2025 17:52,25/02/2025 14:29,-,0.86 dias,-,-,-,-
1523860,Cancelado,X,carlos@zapform.com.br,-,2025-02-25 14:29:24,25/02/2025 14:29,-,-,-,-,-,-,-
1489022,Aguardando Verificação/Aprovação (NAVA),0,-,-,2025-01-31 11:38:55,31/01/2025 11:38,25/02/2025 16:02,-,25.18 dias,-,-,-,-
1489022,Cancelado,X,carlos@zapform.com.br,-,2025-02-25 16:02:48,25/02/2025 16:02,-,-,-,-,-,-,-
1486302,Aguardando Verificação/Aprovação (NAVA),0,-,-,2025-01-31 09:45:54,31/01/2025 09:45,25/02/2025 16:02,-,25.26 dias,-,-,-,-
1486302,Cancelado,X,carlos@zapform.com.br,-,2025-02-25 16:02:48,25/02/2025 16:02,-,-,-,-,-,-,-
1465322,Aguardando Verificação/Aprovação (NAVA),0,-,-,2025-01-24 15:22:36,24/01/2025 15:22,25/02/2025 16:02,-,32.03 dias,-,-,-,-
1465322,Cancelado,X,carlos@zapform.com.br,-,2025-02-25 16:02:48,25/02/2025 16:02,-,-,-,-,-,-,-
1434553,Aguardando Verificação/Aprovação (NAVA),0,-,-,2025-01-16 11:47:10,16/01/2025 11:47,16/01/2025 11:56,-,0.01 dias,-,-,-,-
1434553,Cancelado,X,carlos@zapform.com.br,-,2025-01-16 11:56:12,16/01/2025 11:56,10/03/2025 11:58,-,53.0 dias,-,-,-,-
1434553,Aguardando Verificação/Aprovação (NAVA),0,celiene.pinho@nava.com.br,-,2025-03-10 11:58:35,10/03/2025 11:58,10/03/2025 12:03,-,0.0 dias,-,-,-,-
1434553,Enviado para o RM (Integração),1,carlos@zapform.com.br,-,2025-03-10 12:03:42,10/03/2025 12:03,10/03/2025 12:07,-,0.0 dias,-,-,-,-
1434553,Aguardando Verificação/Aprovação (NAVA),0,celiene.pinho@nava.com.br,-,2025-03-10 12:07:03,10/03/2025 12:07,10/03/2025 14:12,-,0.09 dias,-,-,-,-
1434553,Enviado para o RM (Integração),1,carlos@zapform.com.br,-,2025-03-10 14:12:16,10/03/2025 14:12,12/03/2025 17:00,-,2.12 dias,-,-,-,-
1434553,Cancelado,X,carlos@zapform.com.br,-,2025-03-12 17:00:10,12/03/2025 17:00,20/05/2025 16:40,-,68.99 dias,-,-,-,-
1434553,Contrato Ativo,2,thais.roberta@nava.com.br,-,2025-05-20 16:40:26,20/05/2025 16:40,20/05/2025 16:43,-,0.0 dias,-,-,-,-
1434553,Cancelado,X,thais.roberta@nava.com.br,-,2025-05-20 16:43:25,20/05/2025 16:43,-,-,-,-,-,-,-
1434511,Aguardando Verificação/Aprovação (NAVA),0,-,-,2025-01-16 11:43:56,16/01/2025 11:43,16/01/2025 16:41,-,0.21 dias,-,-,-,-
1434511,Enviado para o RM (Integração),1,carlos@zapform.com.br,-,2025-01-16 16:41:47,16/01/2025 16:41,16/01/2025 16:42,-,0.0 dias,-,-,-,-
1434511,Contrato Ativo,2,carlos@zapform.com.br,-,2025-01-16 16:42:36,16/01/2025 16:42,17/03/2025 16:10,-,59.98 dias,-,-,-,-
1434511,Cancelado,X,carlos@zapform.com.br,-,2025-03-17 16:10:37,17/03/2025 16:10,-,-,-,-,-,-,-
1382131,Aguardando Verificação/Aprovação (NAVA),0,-,-,2024-12-19 11:16:29,19/12/2024 11:16,25/02/2025 16:02,-,68.2 dias,-,-,-,-
1382131,Cancelado,X,carlos@zapform.com.br,-,2025-02-25 16:02:48,25/02/2025 16:02,-,-,-,-,-,-,-
1364207,Aguardando Verificação/Aprovação (NAVA),0,-,-,2024-12-10 14:16:35,10/12/2024 14:16,10/12/2024 14:16,-,0.0 dias,-,-,-,-
1364207,Cancelado,X,carlos@zapform.com.br,-,2024-12-10 14:16:47,10/12/2024 14:16,-,-,-,-,-,-,-
1358080,Aguardando Verificação/Aprovação (NAVA),0,-,-,2024-12-09 15:35:09,09/12/2024 15:35,17/12/2024 16:59,-,8.06 dias,-,-,-,-
1358080,Enviado para o RM (Integração),1,celiene.pinho@nava.com.br,-,2024-12-17 16:59:28,17/12/2024 16:59,19/12/2024 11:40,-,1.78 dias,-,-,-,-
1358080,Aguardando Verificação/Aprovação (NAVA),0,admin-ale,-,2024-12-19 11:40:58,19/12/2024 11:40,19/12/2024 11:41,-,0.0 dias,-,-,-,-
1358080,Enviado para o RM (Integração),1,admin-ale,-,2024-12-19 11:41:12,19/12/2024 11:41,13/01/2025 14:05,-,25.1 dias,-,-,-,-
1358080,Erro de Importação,E,carlos@zapform.com.br,-,2025-01-13 14:05:12,13/01/2025 14:05,28/02/2025 15:12,-,46.05 dias,-,-,-,-
1358080,Cancelado,X,carlos@zapform.com.br,-,2025-02-28 15:12:45,28/02/2025 15:12,-,-,-,-,-,-,-
1353319,Aguardando Verificação/Aprovação (NAVA),0,-,-,2024-12-05 12:53:59,05/12/2024 12:53,25/02/2025 16:02,-,82.13 dias,-,-,-,-
1353319,Cancelado,X,carlos@zapform.com.br,-,2025-02-25 16:02:48,25/02/2025 16:02,-,-,-,-,-,-,-
1352278,Aguardando Verificação/Aprovação (NAVA),0,-,-,2024-12-04 15:31:05,04/12/2024 15:31,04/12/2024 15:36,-,0.0 dias,-,-,-,-
1352278,Enviado para o RM (Integração),1,carlos@zapform.com.br,-,2024-12-04 15:36:22,04/12/2024 15:36,04/12/2024 15:40,-,0.0 dias,-,-,-,-
1352278,Contrato Ativo,2,carlos@zapform.com.br,-,2024-12-04 15:40:08,04/12/2024 15:40,11/12/2024 11:41,-,6.83 dias,-,-,-,-
1352278,Aguardando Verificação/Aprovação (NAVA),0,carlos@zapform.com.br,-,2024-12-11 11:41:44,11/12/2024 11:41,11/12/2024 11:42,-,0.0 dias,-,-,-,-
1352278,Enviado para o RM (Integração),1,carlos@zapform.com.br,-,2024-12-11 11:42:52,11/12/2024 11:42,11/12/2024 11:53,-,0.01 dias,-,-,-,-
1352278,Contrato Ativo,2,carlos@zapform.com.br,-,2024-12-11 11:53:06,11/12/2024 11:53,25/02/2025 14:29,-,76.11 dias,-,-,-,-
1352278,Cancelado,X,carlos@zapform.com.br,-,2025-02-25 14:29:06,25/02/2025 14:29,-,-,-,-,-,-,-
1351932,Aguardando Verificação/Aprovação (NAVA),0,-,-,2024-12-04 13:21:48,04/12/2024 13:21,25/02/2025 16:02,-,83.11 dias,-,-,-,-
1351932,Cancelado,X,carlos@zapform.com.br,-,2025-02-25 16:02:48,25/02/2025 16:02,-,-,-,-,-,-,-
1351925,Aguardando Verificação/Aprovação (NAVA),0,-,-,2024-12-04 13:20:11,04/12/2024 13:20,25/02/2025 16:02,-,83.11 dias,-,-,-,-
1351925,Cancelado,X,carlos@zapform.com.br,-,2025-02-25 16:02:49,25/02/2025 16:02,-,-,-,-,-,-,-
1351919,Aguardando Verificação/Aprovação (NAVA),0,-,-,2024-12-04 13:15:29,04/12/2024 13:15,25/02/2025 16:02,-,83.12 dias,-,-,-,-
1351919,Cancelado,X,carlos@zapform.com.br,-,2025-02-25 16:02:48,25/02/2025 16:02,-,-,-,-,-,-,-
1351917,Aguardando Verificação/Aprovação (NAVA),0,-,-,2024-12-04 13:13:35,04/12/2024 13:13,25/02/2025 16:03,-,83.12 dias,-,-,-,-
1351917,Cancelado,X,carlos@zapform.com.br,-,2025-02-25 16:03:00,25/02/2025 16:03,-,-,-,-,-,-,-
1351912,Aguardando Verificação/Aprovação (NAVA),0,-,-,2024-12-04 13:11:22,04/12/2024 13:11,25/02/2025 16:02,-,83.12 dias,-,-,-,-
1351912,Cancelado,X,carlos@zapform.com.br,-,2025-02-25 16:02:49,25/02/2025 16:02,-,-,-,-,-,-,-
1351907,Aguardando Verificação/Aprovação (NAVA),0,-,-,2024-12-04 13:07:44,04/12/2024 13:07,25/02/2025 16:02,-,83.12 dias,-,-,-,-
1351907,Cancelado,X,carlos@zapform.com.br,-,2025-02-25 16:02:48,25/02/2025 16:02,-,-,-,-,-,-,-
1351905,Aguardando Verificação/Aprovação (NAVA),0,-,-,2024-12-04 13:05:15,04/12/2024 13:05,25/02/2025 16:03,-,83.12 dias,-,-,-,-
1351905,Cancelado,X,carlos@zapform.com.br,-,2025-02-25 16:03:00,25/02/2025 16:03,-,-,-,-,-,-,-
1351173,Aguardando Verificação/Aprovação (NAVA),0,-,-,2024-12-03 16:29:07,03/12/2024 16:29,03/12/2024 16:32,-,0.0 dias,-,-,-,-
1351173,Enviado para o RM (Integração),1,admin,-,2024-12-03 16:32:13,03/12/2024 16:32,03/12/2024 16:33,-,0.0 dias,-,-,-,-
1351173,Contrato Ativo,2,carlos@zapform.com.br,-,2024-12-03 16:33:03,03/12/2024 16:33,28/02/2025 15:12,-,86.94 dias,-,-,-,-
1351173,Cancelado,X,carlos@zapform.com.br,-,2025-02-28 15:12:37,28/02/2025 15:12,-,-,-,-,-,-,-
1350987,Aguardando Verificação/Aprovação (NAVA),0,-,-,2024-12-03 14:59:42,03/12/2024 14:59,03/12/2024 15:15,-,0.01 dias,-,-,-,-
1350987,Enviado para o RM (Integração),1,admin,-,2024-12-03 15:15:47,03/12/2024 15:15,03/12/2024 15:34,-,0.01 dias,-,-,-,-
1350987,Contrato Ativo,2,carlos@zapform.com.br,-,2024-12-03 15:34:32,03/12/2024 15:34,28/02/2025 15:12,-,86.98 dias,-,-,-,-
1350987,Cancelado,X,carlos@zapform.com.br,-,2025-02-28 15:12:37,28/02/2025 15:12,-,-,-,-,-,-,-
1350102,Aguardando Verificação/Aprovação (NAVA),0,-,-,2024-12-03 08:23:16,03/12/2024 08:23,25/02/2025 16:02,-,84.32 dias,-,-,-,-
1350102,Cancelado,X,carlos@zapform.com.br,-,2025-02-25 16:02:48,25/02/2025 16:02,-,-,-,-,-,-,-
1349592,Aguardando Verificação/Aprovação (NAVA),0,-,-,2024-12-02 15:36:54,02/12/2024 15:36,25/02/2025 16:02,-,85.02 dias,-,-,-,-
1349592,Cancelado,X,carlos@zapform.com.br,-,2025-02-25 16:02:48,25/02/2025 16:02,-,-,-,-,-,-,-
1347831,Aguardando Verificação/Aprovação (NAVA),0,-,-,2024-12-02 10:54:39,02/12/2024 10:54,02/12/2024 11:09,-,0.01 dias,-,-,-,-
1347831,Enviado para o RM (Integração),1,carlos@zapform.com.br,-,2024-12-02 11:09:49,02/12/2024 11:09,03/12/2024 11:07,-,1.0 dias,-,-,-,-
1347831,Contrato Ativo,2,carlos@zapform.com.br,-,2024-12-03 11:07:47,03/12/2024 11:07,25/02/2025 14:29,-,84.14 dias,-,-,-,-
1347831,Cancelado,X,carlos@zapform.com.br,-,2025-02-25 14:29:06,25/02/2025 14:29,-,-,-,-,-,-,-
1346193,Aguardando Verificação/Aprovação (NAVA),0,-,-,2024-11-29 15:01:44,29/11/2024 15:01,29/11/2024 18:16,-,0.14 dias,-,-,-,-
1346193,Enviado para o RM (Integração),1,carlos@zapform.com.br,-,2024-11-29 18:16:38,29/11/2024 18:16,29/11/2024 18:16,-,0.0 dias,-,-,-,-
1346193,Contrato Ativo,2,carlos@zapform.com.br,-,2024-11-29 18:16:43,29/11/2024 18:16,29/11/2024 18:16,-,0.0 dias,-,-,-,-
1346193,Em Revisão (NAVA),3,carlos@zapform.com.br,-,2024-11-29 18:16:47,29/11/2024 18:16,25/02/2025 14:29,-,87.84 dias,-,-,-,-
1346193,Cancelado,X,carlos@zapform.com.br,-,2025-02-25 14:29:39,25/02/2025 14:29,-,-,-,-,-,-,-
1346065,Aguardando Verificação/Aprovação (NAVA),0,-,-,2024-11-29 13:32:57,29/11/2024 13:32,29/11/2024 13:42,-,0.01 dias,-,-,-,-
1346065,Enviado para o RM (Integração),1,carlos@zapform.com.br,-,2024-11-29 13:42:36,29/11/2024 13:42,29/11/2024 18:26,-,0.2 dias,-,-,-,-
1346065,Contrato Ativo,2,carlos@zapform.com.br,-,2024-11-29 18:26:24,29/11/2024 18:26,02/12/2024 10:54,-,2.69 dias,-,-,-,-
1346065,Em Revisão (NAVA),3,carlos@zapform.com.br,-,2024-12-02 10:54:01,02/12/2024 10:54,25/02/2025 14:29,-,85.15 dias,-,-,-,-
1346065,Cancelado,X,carlos@zapform.com.br,-,2025-02-25 14:29:16,25/02/2025 14:29,-,-,-,-,-,-,-
1344981,Aguardando Verificação/Aprovação (NAVA),0,-,-,2024-11-28 13:48:07,28/11/2024 13:48,28/11/2024 14:01,-,0.01 dias,-,-,-,-
1344981,Enviado para o RM (Integração),1,carlos@zapform.com.br,-,2024-11-28 14:01:06,28/11/2024 14:01,29/11/2024 10:51,-,0.87 dias,-,-,-,-
1344981,Contrato Ativo,2,carlos@zapform.com.br,-,2024-11-29 10:51:59,29/11/2024 10:51,29/11/2024 10:52,-,0.0 dias,-,-,-,-
1344981,Em Revisão (NAVA),3,carlos@zapform.com.br,-,2024-11-29 10:52:04,29/11/2024 10:52,25/02/2025 14:29,-,88.15 dias,-,-,-,-
1344981,Cancelado,X,carlos@zapform.com.br,-,2025-02-25 14:29:16,25/02/2025 14:29,-,-,-,-,-,-,-
1344340,Aguardando Verificação/Aprovação (NAVA),0,-,-,2024-11-28 12:12:38,28/11/2024 12:12,28/11/2024 13:21,-,0.05 dias,-,-,-,-
1344340,Enviado para o RM (Integração),1,carlos@zapform.com.br,-,2024-11-28 13:21:40,28/11/2024 13:21,29/11/2024 13:28,-,1.0 dias,-,-,-,-
1344340,Contrato Ativo,2,carlos@zapform.com.br,-,2024-11-29 13:28:28,29/11/2024 13:28,29/11/2024 13:28,-,0.0 dias,-,-,-,-
1344340,Em Revisão (NAVA),3,carlos@zapform.com.br,-,2024-11-29 13:28:32,29/11/2024 13:28,25/02/2025 14:29,-,88.04 dias,-,-,-,-
1344340,Cancelado,X,carlos@zapform.com.br,-,2025-02-25 14:29:16,25/02/2025 14:29,-,-,-,-,-,-,-
1344320,Aguardando Verificação/Aprovação (NAVA),0,-,-,2024-11-28 12:04:52,28/11/2024 12:04,28/11/2024 12:12,-,0.01 dias,-,-,-,-
1344320,Cancelado,X,carlos@zapform.com.br,-,2024-11-28 12:12:24,28/11/2024 12:12,-,-,-,-,-,-,-
1343224,Aguardando Verificação/Aprovação (NAVA),0,-,-,2024-11-28 11:24:55,28/11/2024 11:24,28/11/2024 12:04,-,0.03 dias,-,-,-,-
1343224,Cancelado,X,carlos@zapform.com.br,-,2024-11-28 12:04:22,28/11/2024 12:04,-,-,-,-,-,-,-
1341530,Aguardando Verificação/Aprovação (NAVA),0,-,-,2024-11-27 16:05:46,27/11/2024 16:05,27/11/2024 16:27,-,0.01 dias,-,-,-,-
1341530,Enviado para o RM (Integração),1,carlos@zapform.com.br,-,2024-11-27 16:27:01,27/11/2024 16:27,28/11/2024 13:20,-,0.87 dias,-,-,-,-
1341530,Contrato Ativo,2,carlos@zapform.com.br,-,2024-11-28 13:20:56,28/11/2024 13:20,28/11/2024 13:21,-,0.0 dias,-,-,-,-
1341530,Em Revisão (NAVA),3,carlos@zapform.com.br,-,2024-11-28 13:21:07,28/11/2024 13:21,28/11/2024 15:27,-,0.09 dias,-,-,-,-
1341530,Aguardando Verificação/Aprovação (NAVA),0,admin,-,2024-11-28 15:27:36,28/11/2024 15:27,29/11/2024 13:30,-,0.92 dias,-,-,-,-
1341530,Enviado para o RM (Integração),1,carlos@zapform.com.br,-,2024-11-29 13:30:35,29/11/2024 13:30,29/11/2024 13:30,-,0.0 dias,-,-,-,-
1341530,Contrato Ativo,2,carlos@zapform.com.br,-,2024-11-29 13:30:39,29/11/2024 13:30,29/11/2024 13:30,-,0.0 dias,-,-,-,-
1341530,Em Revisão (NAVA),3,carlos@zapform.com.br,-,2024-11-29 13:30:43,29/11/2024 13:30,25/02/2025 14:29,-,88.04 dias,-,-,-,-
1341530,Cancelado,X,carlos@zapform.com.br,-,2025-02-25 14:29:16,25/02/2025 14:29,-,-,-,-,-,-,-
1340337,Aguardando Verificação/Aprovação (NAVA),0,-,-,2024-11-26 18:02:03,26/11/2024 18:02,27/11/2024 16:05,-,0.92 dias,-,-,-,-
1340337,Cancelado,X,carlos@zapform.com.br,-,2024-11-27 16:05:32,27/11/2024 16:05,-,-,-,-,-,-,-
1340331,Aguardando Verificação/Aprovação (NAVA),0,-,-,2024-11-26 18:00:11,26/11/2024 18:00,27/11/2024 16:05,-,0.92 dias,-,-,-,-
1340331,Cancelado,X,carlos@zapform.com.br,-,2024-11-27 16:05:32,27/11/2024 16:05,-,-,-,-,-,-,-
1340254,Aguardando Verificação/Aprovação (NAVA),0,-,-,2024-11-26 17:05:06,26/11/2024 17:05,27/11/2024 16:05,-,0.96 dias,-,-,-,-
1340254,Cancelado,X,carlos@zapform.com.br,-,2024-11-27 16:05:32,27/11/2024 16:05,-,-,-,-,-,-,-
1340247,Aguardando Verificação/Aprovação (NAVA),0,-,-,2024-11-26 17:03:58,26/11/2024 17:03,27/11/2024 16:05,-,0.96 dias,-,-,-,-
1340247,Cancelado,X,carlos@zapform.com.br,-,2024-11-27 16:05:32,27/11/2024 16:05,-,-,-,-,-,-,-
1340234,Aguardando Verificação/Aprovação (NAVA),0,-,-,2024-11-26 16:59:01,26/11/2024 16:59,27/11/2024 16:05,-,0.96 dias,-,-,-,-
1340234,Cancelado,X,carlos@zapform.com.br,-,2024-11-27 16:05:32,27/11/2024 16:05,-,-,-,-,-,-,-
1193400,Aguardando Verificação/Aprovação (NAVA),0,-,-,2024-08-21 15:37:05,21/08/2024 15:37,21/08/2024 15:37,-,0.0 dias,-,-,-,-
1193400,Cancelado,X,admin,-,2024-08-21 15:37:05,21/08/2024 15:37,-,-,-,-,-,-,-
1952135,Aguardando Verificação/Aprovação (NAVA),0,-,-,2025-09-22 11:09:30,22/09/2025 11:09,22/09/2025 11:10,-,0.0 dias,-,-,-,-
1952135,Enviado para o RM (Integração),1,integracao-projetoisp,-,2025-09-22 11:10:02,22/09/2025 11:10,22/09/2025 11:10,-,0.0 dias,-,-,-,-
1952135,Contrato Ativo,2,integracao-projetoisp,-,2025-09-22 11:10:41,22/09/2025 11:10,-,-,-,-,-,-,-
1632781,Aguardando Verificação/Aprovação (NAVA),0,integracao-projetoisp,-,2025-09-02 13:23:42,02/09/2025 13:23,22/09/2025 12:35,-,19.97 dias,-,-,-,-
1632781,Contratos Encerrados,5,gabriels.santos@nava.com.br,-,2025-09-22 12:35:01,22/09/2025 12:35,-,-,-,-,-,-,-
1619601,Contrato Ativo,2,carlos@zapform.com.br,-,2025-04-04 20:06:09,04/04/2025 20:06,22/09/2025 10:17,-,170.59 dias,-,-,-,-
1619601,Aguardando Verificação/Aprovação (NAVA),0,integracao-projetoisp,-,2025-09-22 10:17:55,22/09/2025 10:17,22/09/2025 10:59,-,0.03 dias,-,-,-,-
1619601,Contratos Encerrados,5,gabriels.santos@nava.com.br,-,2025-09-22 10:59:25,22/09/2025 10:59,-,-,-,-,-,-,-
1617023,Contrato Ativo,2,carlos@zapform.com.br,-,2025-04-03 18:58:40,03/04/2025 18:58,22/09/2025 12:10,-,171.72 dias,-,-,-,-
1617023,Aguardando Verificação/Aprovação (NAVA),0,integracao-projetoisp,-,2025-09-22 12:10:05,22/09/2025 12:10,22/09/2025 12:10,-,0.0 dias,-,-,-,-
1617023,Contratos Encerrados,5,gabriels.santos@nava.com.br,-,2025-09-22 12:10:24,22/09/2025 12:10,-,-,-,-,-,-,-
1617019,Contrato Ativo,2,carlos@zapform.com.br,-,2025-04-03 18:57:59,03/04/2025 18:57,22/09/2025 16:04,-,171.88 dias,-,-,-,-
1617019,Aguardando Verificação/Aprovação (NAVA),0,integracao-projetoisp,-,2025-09-22 16:04:28,22/09/2025 16:04,22/09/2025 16:04,-,0.0 dias,-,-,-,-
1600701,Contrato Ativo,2,carlos@zapform.com.br,-,2025-04-03 17:01:14,03/04/2025 17:01,22/09/2025 08:19,-,171.64 dias,-,-,-,-
1600701,Aguardando Verificação/Aprovação (NAVA),0,integracao-projetoisp,-,2025-09-22 08:19:50,22/09/2025 08:19,22/09/2025 08:19,-,0.0 dias,-,-,-,-
1600701,Contratos Encerrados,5,gabriels.santos@nava.com.br,-,2025-09-22 08:19:59,22/09/2025 08:19,-,-,-,-,-,-,-
1617019,Contratos Encerrados,5,gabriels.santos@nava.com.br,-,2025-09-22 16:04:47,22/09/2025 16:04,-,-,-,-,-,-,-
1562893,Contrato Ativo,2,carlos@zapform.com.br,-,2025-03-17 14:04:08,17/03/2025 14:04,23/09/2025 09:13,-,189.8 dias,-,-,-,-
1562893,Aguardando Verificação/Aprovação (NAVA),0,integracao-projetoisp,-,2025-09-23 09:13:18,23/09/2025 09:13,23/09/2025 09:13,-,0.0 dias,-,-,-,-
1562893,Contratos Encerrados,5,gabriels.santos@nava.com.br,-,2025-09-23 09:13:38,23/09/2025 09:13,-,-,-,-,-,-,-
